system:index,NDII,NDVI,NDWI,date,point_id,.geo
71_0,0.0273752,0.5164898,-0.01380082,2024-04-21,71,"{""type"":""MultiPoint"",""coordinates"":[]}"
72_0,0.41734248,0.71900827,0.42023587,2024-04-21,72,"{""type"":""MultiPoint"",""coordinates"":[]}"
77_0,0.26584297,0.7023766,0.25515568,2024-04-21,77,"{""type"":""MultiPoint"",""coordinates"":[]}"
78_0,0.18225904,0.07683073,-0.060117878,2024-04-21,78,"{""type"":""MultiPoint"",""coordinates"":[]}"
80_0,0.07506157,0.29155672,-0.048937462,2024-04-21,80,"{""type"":""MultiPoint"",""coordinates"":[]}"
84_0,0.019172113,0.530303,-0.0064833444,2024-04-21,84,"{""type"":""MultiPoint"",""coordinates"":[]}"
86_0,0.14414024,0.015439857,0.17704594,2024-04-21,86,"{""type"":""MultiPoint"",""coordinates"":[]}"
91_0,-0.023758806,0.4906194,-0.037184596,2024-04-21,91,"{""type"":""MultiPoint"",""coordinates"":[]}"
92_0,0.3483387,0.67833984,0.36067298,2024-04-21,92,"{""type"":""MultiPoint"",""coordinates"":[]}"
93_0,0.1131874,0.07056264,0.1604751,2024-04-21,93,"{""type"":""MultiPoint"",""coordinates"":[]}"
94_0,0.13008937,0.65135896,0.0028457597,2024-04-21,94,"{""type"":""MultiPoint"",""coordinates"":[]}"
95_0,0.17400666,0.7262093,0.12809917,2024-04-21,95,"{""type"":""MultiPoint"",""coordinates"":[]}"
96_0,0.24476361,0.4741573,0.01942502,2024-04-21,96,"{""type"":""MultiPoint"",""coordinates"":[]}"
97_0,0.038197096,0.635312,0.03228286,2024-04-21,97,"{""type"":""MultiPoint"",""coordinates"":[]}"
99_0,0.14851485,0.3115578,-0.28882834,2024-04-21,99,"{""type"":""MultiPoint"",""coordinates"":[]}"
100_0,0.12319951,0.34669894,0.15317449,2024-04-21,100,"{""type"":""MultiPoint"",""coordinates"":[]}"
101_0,0.23491798,0.66348153,0.18531676,2024-04-21,101,"{""type"":""MultiPoint"",""coordinates"":[]}"
103_0,0.03340318,0.20418848,0.07968548,2024-04-21,103,"{""type"":""MultiPoint"",""coordinates"":[]}"
105_0,0.25524965,0.7235851,0.19421071,2024-04-21,105,"{""type"":""MultiPoint"",""coordinates"":[]}"
108_0,0.27526692,-0.09648332,0.19226573,2024-04-21,108,"{""type"":""MultiPoint"",""coordinates"":[]}"
113_0,0.34679878,0.51160634,0.31026158,2024-04-21,113,"{""type"":""MultiPoint"",""coordinates"":[]}"
114_0,0.07503631,0.48841202,0.09504262,2024-04-21,114,"{""type"":""MultiPoint"",""coordinates"":[]}"
117_0,0.05666012,0.06440498,0.14464872,2024-04-21,117,"{""type"":""MultiPoint"",""coordinates"":[]}"
118_0,0.27668846,0.5343915,0.27192983,2024-04-21,118,"{""type"":""MultiPoint"",""coordinates"":[]}"
120_0,0.28017405,-0.009850419,0.24260287,2024-04-21,120,"{""type"":""MultiPoint"",""coordinates"":[]}"
122_0,0.05314619,0.63828146,0.029421274,2024-04-21,122,"{""type"":""MultiPoint"",""coordinates"":[]}"
123_0,0.21561772,0.5003762,0.19401197,2024-04-21,123,"{""type"":""MultiPoint"",""coordinates"":[]}"
124_0,0.27339283,0.6996424,0.2846847,2024-04-21,124,"{""type"":""MultiPoint"",""coordinates"":[]}"
128_0,0.0960912,0.5515528,0.058923274,2024-04-21,128,"{""type"":""MultiPoint"",""coordinates"":[]}"
129_0,0.0041184044,0.17605217,0.012632385,2024-04-21,129,"{""type"":""MultiPoint"",""coordinates"":[]}"
130_0,0.09758989,0.6062425,0.07903226,2024-04-21,130,"{""type"":""MultiPoint"",""coordinates"":[]}"
132_0,0.002610461,0.08455285,0.016962074,2024-04-21,132,"{""type"":""MultiPoint"",""coordinates"":[]}"
133_0,-0.012013316,0.20440505,0.123809524,2024-04-21,133,"{""type"":""MultiPoint"",""coordinates"":[]}"
134_0,0.22589977,0.037906136,0.33827916,2024-04-21,134,"{""type"":""MultiPoint"",""coordinates"":[]}"
135_0,0.120490946,0.19489723,0.068779714,2024-04-21,135,"{""type"":""MultiPoint"",""coordinates"":[]}"
137_0,-0.02306805,0.17600897,0.22385883,2024-04-21,137,"{""type"":""MultiPoint"",""coordinates"":[]}"
138_0,0.049412496,0.06463642,0.05740741,2024-04-21,138,"{""type"":""MultiPoint"",""coordinates"":[]}"
140_0,0.1363814,0.5554252,0.09090909,2024-04-21,140,"{""type"":""MultiPoint"",""coordinates"":[]}"
149_0,0.095328525,0.6722365,0.04414125,2024-04-21,149,"{""type"":""MultiPoint"",""coordinates"":[]}"
150_0,0.114116654,0.39104024,0.27222222,2024-04-21,150,"{""type"":""MultiPoint"",""coordinates"":[]}"
151_0,0.06632277,0.5650665,0.032824427,2024-04-21,151,"{""type"":""MultiPoint"",""coordinates"":[]}"
155_0,0.2338919,0.740369,0.24704245,2024-04-21,155,"{""type"":""MultiPoint"",""coordinates"":[]}"
156_0,0.22774225,0.69225377,0.2118474,2024-04-21,156,"{""type"":""MultiPoint"",""coordinates"":[]}"
157_0,0.12566313,0.5522098,0.09583405,2024-04-21,157,"{""type"":""MultiPoint"",""coordinates"":[]}"
158_0,0.15653622,0.6066746,0.14188904,2024-04-21,158,"{""type"":""MultiPoint"",""coordinates"":[]}"
160_0,0.1736274,0.6689506,0.13570552,2024-04-21,160,"{""type"":""MultiPoint"",""coordinates"":[]}"
163_0,0.057589382,0.5377861,0.053943694,2024-04-21,163,"{""type"":""MultiPoint"",""coordinates"":[]}"
169_0,0.24314345,0.7692615,0.21391399,2024-04-21,169,"{""type"":""MultiPoint"",""coordinates"":[]}"
175_0,0.03734917,0.5472044,0.003766105,2024-04-21,175,"{""type"":""MultiPoint"",""coordinates"":[]}"
298_0,0.25052193,0.73099416,0.24500526,2024-04-21,298,"{""type"":""MultiPoint"",""coordinates"":[]}"
299_0,0.18571429,0.73256487,0.21601942,2024-04-21,299,"{""type"":""MultiPoint"",""coordinates"":[]}"
300_0,0.059964728,0.6074637,0.043517273,2024-04-21,300,"{""type"":""MultiPoint"",""coordinates"":[]}"
301_0,0.010721944,0.26877132,0.035876002,2024-04-21,301,"{""type"":""MultiPoint"",""coordinates"":[]}"
302_0,0.23421183,0.6811393,0.22222222,2024-04-21,302,"{""type"":""MultiPoint"",""coordinates"":[]}"
303_0,0.3106397,0.519774,0.21262209,2024-04-21,303,"{""type"":""MultiPoint"",""coordinates"":[]}"
304_0,0.24865215,0.74223894,0.22920354,2024-04-21,304,"{""type"":""MultiPoint"",""coordinates"":[]}"
305_0,0.3741535,0.80139244,0.37818897,2024-04-21,305,"{""type"":""MultiPoint"",""coordinates"":[]}"
306_0,0.24363309,0.6430669,0.20019066,2024-04-21,306,"{""type"":""MultiPoint"",""coordinates"":[]}"
307_0,0.013100437,0.3964497,-5.774783E-4,2024-04-21,307,"{""type"":""MultiPoint"",""coordinates"":[]}"
308_0,0.15968116,0.6820744,0.15599173,2024-04-21,308,"{""type"":""MultiPoint"",""coordinates"":[]}"
309_0,0.16399106,0.67143834,0.08760257,2024-04-21,309,"{""type"":""MultiPoint"",""coordinates"":[]}"
310_0,0.23906083,0.71624714,0.2241567,2024-04-21,310,"{""type"":""MultiPoint"",""coordinates"":[]}"
311_0,0.14504988,0.64625853,0.13172252,2024-04-21,311,"{""type"":""MultiPoint"",""coordinates"":[]}"
326_0,0.3204023,0.61517614,0.30797365,2024-04-21,326,"{""type"":""MultiPoint"",""coordinates"":[]}"
328_0,0.053470254,0.59562844,0.018542318,2024-04-21,328,"{""type"":""MultiPoint"",""coordinates"":[]}"
331_0,0.09629255,0.10948905,0.05064469,2024-04-21,331,"{""type"":""MultiPoint"",""coordinates"":[]}"
335_0,0.16654773,0.53155243,0.150669,2024-04-21,335,"{""type"":""MultiPoint"",""coordinates"":[]}"
336_0,0.26778466,0.67288226,0.20444956,2024-04-21,336,"{""type"":""MultiPoint"",""coordinates"":[]}"
337_0,0.15667075,0.096674874,0.2655889,2024-04-21,337,"{""type"":""MultiPoint"",""coordinates"":[]}"
338_0,0.15002367,0.39063004,0.09017224,2024-04-21,338,"{""type"":""MultiPoint"",""coordinates"":[]}"
339_0,0.17172061,0.2670157,-0.0022675737,2024-04-21,339,"{""type"":""MultiPoint"",""coordinates"":[]}"
340_0,0.12947845,0.07139291,0.055712704,2024-04-21,340,"{""type"":""MultiPoint"",""coordinates"":[]}"
342_0,0.14352573,0.65077543,0.1337278,2024-04-21,342,"{""type"":""MultiPoint"",""coordinates"":[]}"
344_0,0.026415095,0.5643275,0.018078022,2024-04-21,344,"{""type"":""MultiPoint"",""coordinates"":[]}"
345_0,0.09321831,0.36593735,0.25453112,2024-04-21,345,"{""type"":""MultiPoint"",""coordinates"":[]}"
347_0,0.05683802,0.123420075,0.108380705,2024-04-21,347,"{""type"":""MultiPoint"",""coordinates"":[]}"
348_0,0.08062355,0.049486462,0.087237775,2024-04-21,348,"{""type"":""MultiPoint"",""coordinates"":[]}"
349_0,0.15825771,0.67480123,0.13679509,2024-04-21,349,"{""type"":""MultiPoint"",""coordinates"":[]}"
350_0,0.14957266,0.5234591,0.16210526,2024-04-21,350,"{""type"":""MultiPoint"",""coordinates"":[]}"
351_0,0.20897833,0.736275,0.24686809,2024-04-21,351,"{""type"":""MultiPoint"",""coordinates"":[]}"
352_0,0.061467774,0.17624703,0.13434887,2024-04-21,352,"{""type"":""MultiPoint"",""coordinates"":[]}"
353_0,0.026449373,0.26933703,0.004371585,2024-04-21,353,"{""type"":""MultiPoint"",""coordinates"":[]}"
354_0,0.12633587,0.6186675,0.070456855,2024-04-21,354,"{""type"":""MultiPoint"",""coordinates"":[]}"
356_0,0.32690623,0.54969573,0.33101046,2024-04-21,356,"{""type"":""MultiPoint"",""coordinates"":[]}"
357_0,0.019410497,0.55797935,-0.0025725835,2024-04-21,357,"{""type"":""MultiPoint"",""coordinates"":[]}"
359_0,0.1416681,0.009893154,0.15110509,2024-04-21,359,"{""type"":""MultiPoint"",""coordinates"":[]}"
360_0,0.1057207,0.2667272,0.13495184,2024-04-21,360,"{""type"":""MultiPoint"",""coordinates"":[]}"
363_0,0.43536857,0.84869325,0.47223136,2024-04-21,363,"{""type"":""MultiPoint"",""coordinates"":[]}"
364_0,0.08500536,0.5404651,0.05159549,2024-04-21,364,"{""type"":""MultiPoint"",""coordinates"":[]}"
365_0,0.1920694,0.6900433,0.1990172,2024-04-21,365,"{""type"":""MultiPoint"",""coordinates"":[]}"
367_0,0.18599562,0.4715447,0.18688525,2024-04-21,367,"{""type"":""MultiPoint"",""coordinates"":[]}"
370_0,0.26993066,0.025566107,0.35750544,2024-04-21,370,"{""type"":""MultiPoint"",""coordinates"":[]}"
371_0,0.20879121,0.49947423,0.17173377,2024-04-21,371,"{""type"":""MultiPoint"",""coordinates"":[]}"
372_0,0.23093371,0.6880548,0.21327014,2024-04-21,372,"{""type"":""MultiPoint"",""coordinates"":[]}"
374_0,-0.11131113,0.5133276,0.3104989,2024-04-21,374,"{""type"":""MultiPoint"",""coordinates"":[]}"
376_0,0.15353805,0.47130436,0.14324324,2024-04-21,376,"{""type"":""MultiPoint"",""coordinates"":[]}"
378_0,0.17296124,0.019201228,0.22841935,2024-04-21,378,"{""type"":""MultiPoint"",""coordinates"":[]}"
379_0,0.057967376,0.15822454,0.083272286,2024-04-21,379,"{""type"":""MultiPoint"",""coordinates"":[]}"
381_0,-0.0064155287,0.6020997,-0.0011454754,2024-04-21,381,"{""type"":""MultiPoint"",""coordinates"":[]}"
382_0,0.02247407,0.07398568,0.029650109,2024-04-21,382,"{""type"":""MultiPoint"",""coordinates"":[]}"
384_0,0.022380468,0.26397145,0.050395258,2024-04-21,384,"{""type"":""MultiPoint"",""coordinates"":[]}"
385_0,0.13743845,-0.0034188034,0.13596785,2024-04-21,385,"{""type"":""MultiPoint"",""coordinates"":[]}"
388_0,0.0762503,0.036225267,0.079178885,2024-04-21,388,"{""type"":""MultiPoint"",""coordinates"":[]}"
389_0,0.1474613,0.0262484,0.22764695,2024-04-21,389,"{""type"":""MultiPoint"",""coordinates"":[]}"
390_0,0.046631403,0.043521266,0.104061745,2024-04-21,390,"{""type"":""MultiPoint"",""coordinates"":[]}"
391_0,0.004832474,0.0645259,0.06436468,2024-04-21,391,"{""type"":""MultiPoint"",""coordinates"":[]}"
399_0,0.17622377,0.44434705,0.16631281,2024-04-21,399,"{""type"":""MultiPoint"",""coordinates"":[]}"
401_0,-0.014918726,0.035652176,0.022098262,2024-04-21,401,"{""type"":""MultiPoint"",""coordinates"":[]}"
403_0,0.18520676,0.55767816,0.20488775,2024-04-21,403,"{""type"":""MultiPoint"",""coordinates"":[]}"
407_0,0.22560686,0.70628417,0.21115151,2024-04-21,407,"{""type"":""MultiPoint"",""coordinates"":[]}"
409_0,0.24252641,0.65695405,0.24150349,2024-04-21,409,"{""type"":""MultiPoint"",""coordinates"":[]}"
410_0,0.1842281,0.69673204,0.17280325,2024-04-21,410,"{""type"":""MultiPoint"",""coordinates"":[]}"
412_0,0.15425904,0.63110805,0.13342898,2024-04-21,412,"{""type"":""MultiPoint"",""coordinates"":[]}"
413_0,0.2547652,0.7193793,0.23793676,2024-04-21,413,"{""type"":""MultiPoint"",""coordinates"":[]}"
414_0,0.11535897,0.5933291,0.110415734,2024-04-21,414,"{""type"":""MultiPoint"",""coordinates"":[]}"
416_0,0.19856887,0.6535433,0.19133574,2024-04-21,416,"{""type"":""MultiPoint"",""coordinates"":[]}"
420_0,0.27671233,0.76447105,0.29239765,2024-04-21,420,"{""type"":""MultiPoint"",""coordinates"":[]}"
425_0,0.12681387,0.6212584,0.12219873,2024-04-21,425,"{""type"":""MultiPoint"",""coordinates"":[]}"
426_0,0.20739427,0.69171077,0.2101943,2024-04-21,426,"{""type"":""MultiPoint"",""coordinates"":[]}"
549_0,0.34847644,0.753051,0.34991708,2024-04-21,549,"{""type"":""MultiPoint"",""coordinates"":[]}"
550_0,0.32967818,0.78982157,0.3164803,2024-04-21,550,"{""type"":""MultiPoint"",""coordinates"":[]}"
551_0,0.16414954,0.679608,0.13789581,2024-04-21,551,"{""type"":""MultiPoint"",""coordinates"":[]}"
552_0,0.27397653,0.7605985,0.25103366,2024-04-21,552,"{""type"":""MultiPoint"",""coordinates"":[]}"
553_0,0.25022292,0.681563,0.2808758,2024-04-21,553,"{""type"":""MultiPoint"",""coordinates"":[]}"
554_0,0.30349395,0.63625866,0.30029824,2024-04-21,554,"{""type"":""MultiPoint"",""coordinates"":[]}"
555_0,0.26929578,0.8062992,0.27763855,2024-04-21,555,"{""type"":""MultiPoint"",""coordinates"":[]}"
556_0,0.38612837,0.8219938,0.4271454,2024-04-21,556,"{""type"":""MultiPoint"",""coordinates"":[]}"
557_0,0.30942896,0.7260982,0.29457363,2024-04-21,557,"{""type"":""MultiPoint"",""coordinates"":[]}"
558_0,0.26546535,0.7160752,0.24900284,2024-04-21,558,"{""type"":""MultiPoint"",""coordinates"":[]}"
559_0,0.12203229,0.6339636,0.106547475,2024-04-21,559,"{""type"":""MultiPoint"",""coordinates"":[]}"
560_0,0.31869403,0.78707224,0.33182204,2024-04-21,560,"{""type"":""MultiPoint"",""coordinates"":[]}"
561_0,0.12570621,0.51232165,0.11339222,2024-04-21,561,"{""type"":""MultiPoint"",""coordinates"":[]}"
562_0,0.04873027,0.52016985,0.016323633,2024-04-21,562,"{""type"":""MultiPoint"",""coordinates"":[]}"
563_0,0.25685364,0.7111305,0.25116873,2024-04-21,563,"{""type"":""MultiPoint"",""coordinates"":[]}"
585_0,0.15612382,0.6587927,0.11503176,2024-04-21,585,"{""type"":""MultiPoint"",""coordinates"":[]}"
586_0,0.17965072,0.58947366,0.22037812,2024-04-21,586,"{""type"":""MultiPoint"",""coordinates"":[]}"
587_0,0.14299265,0.60312945,0.11007141,2024-04-21,587,"{""type"":""MultiPoint"",""coordinates"":[]}"
593_0,0.15541166,0.64314246,0.14951095,2024-04-21,593,"{""type"":""MultiPoint"",""coordinates"":[]}"
595_0,0.09974169,0.070358306,0.09771171,2024-04-21,595,"{""type"":""MultiPoint"",""coordinates"":[]}"
596_0,0.11925158,0.07650862,0.011261546,2024-04-21,596,"{""type"":""MultiPoint"",""coordinates"":[]}"
598_0,0.18322685,0.010536399,0.20562817,2024-04-21,598,"{""type"":""MultiPoint"",""coordinates"":[]}"
599_0,0.13406302,0.019524617,0.19095135,2024-04-21,599,"{""type"":""MultiPoint"",""coordinates"":[]}"
600_0,0.17197925,0.18390805,-0.04052166,2024-04-21,600,"{""type"":""MultiPoint"",""coordinates"":[]}"
601_0,0.072507344,0.050129198,0.08998257,2024-04-21,601,"{""type"":""MultiPoint"",""coordinates"":[]}"
604_0,0.16479321,0.64864,0.13355336,2024-04-21,604,"{""type"":""MultiPoint"",""coordinates"":[]}"
609_0,0.28386337,0.60720414,0.34529793,2024-04-21,609,"{""type"":""MultiPoint"",""coordinates"":[]}"
610_0,0.15645921,0.42362827,0.25736737,2024-04-21,610,"{""type"":""MultiPoint"",""coordinates"":[]}"
612_0,0.43396226,0.6828543,0.42211056,2024-04-21,612,"{""type"":""MultiPoint"",""coordinates"":[]}"
613_0,0.025965428,0.08032956,0.11796443,2024-04-21,613,"{""type"":""MultiPoint"",""coordinates"":[]}"
614_0,0.27500847,0.78858495,0.42480496,2024-04-21,614,"{""type"":""MultiPoint"",""coordinates"":[]}"
615_0,0.031325303,0.17335473,0.116989784,2024-04-21,615,"{""type"":""MultiPoint"",""coordinates"":[]}"
616_0,-0.026746636,0.51654214,-0.054085538,2024-04-21,616,"{""type"":""MultiPoint"",""coordinates"":[]}"
617_0,0.088419095,0.24901186,0.006952491,2024-04-21,617,"{""type"":""MultiPoint"",""coordinates"":[]}"
618_0,0.15939243,0.75195146,0.16180982,2024-04-21,618,"{""type"":""MultiPoint"",""coordinates"":[]}"
619_0,0.25338647,0.7338355,0.19154443,2024-04-21,619,"{""type"":""MultiPoint"",""coordinates"":[]}"
621_0,0.38673234,0.8085885,0.37854102,2024-04-21,621,"{""type"":""MultiPoint"",""coordinates"":[]}"
624_0,0.07070994,0.19578409,0.06621102,2024-04-21,624,"{""type"":""MultiPoint"",""coordinates"":[]}"
625_0,0.18767454,0.013927577,0.21671309,2024-04-21,625,"{""type"":""MultiPoint"",""coordinates"":[]}"
626_0,0.123402104,0.27474973,0.13930658,2024-04-21,626,"{""type"":""MultiPoint"",""coordinates"":[]}"
628_0,0.26509982,0.3512582,0.14821324,2024-04-21,628,"{""type"":""MultiPoint"",""coordinates"":[]}"
629_0,0.021937225,0.56526375,0.00685401,2024-04-21,629,"{""type"":""MultiPoint"",""coordinates"":[]}"
632_0,0.25187406,0.7079318,0.21231255,2024-04-21,632,"{""type"":""MultiPoint"",""coordinates"":[]}"
635_0,0.01887396,0.4148845,0.03780392,2024-04-21,635,"{""type"":""MultiPoint"",""coordinates"":[]}"
636_0,0.2130809,0.7158552,0.20097868,2024-04-21,636,"{""type"":""MultiPoint"",""coordinates"":[]}"
637_0,0.21782966,0.3345164,0.010073875,2024-04-21,637,"{""type"":""MultiPoint"",""coordinates"":[]}"
640_0,0.19083346,0.012650779,0.16234699,2024-04-21,640,"{""type"":""MultiPoint"",""coordinates"":[]}"
642_0,0.2403698,0.55510205,0.21434262,2024-04-21,642,"{""type"":""MultiPoint"",""coordinates"":[]}"
645_0,0.16687217,0.01911961,0.2024395,2024-04-21,645,"{""type"":""MultiPoint"",""coordinates"":[]}"
648_0,0.12261047,0.014236001,0.13026617,2024-04-21,648,"{""type"":""MultiPoint"",""coordinates"":[]}"
649_0,0.027922733,0.082340196,0.20171416,2024-04-21,649,"{""type"":""MultiPoint"",""coordinates"":[]}"
651_0,0.2151247,0.507837,0.22411326,2024-04-21,651,"{""type"":""MultiPoint"",""coordinates"":[]}"
653_0,0.14486419,0.587212,0.10417008,2024-04-21,653,"{""type"":""MultiPoint"",""coordinates"":[]}"
654_0,0.045787845,0.268332,0.03620803,2024-04-21,654,"{""type"":""MultiPoint"",""coordinates"":[]}"
656_0,0.08734846,0.04403591,0.14192191,2024-04-21,656,"{""type"":""MultiPoint"",""coordinates"":[]}"
657_0,0.089499876,0.07102742,0.074933685,2024-04-21,657,"{""type"":""MultiPoint"",""coordinates"":[]}"
658_0,0.14521767,0.51724136,0.108385816,2024-04-21,658,"{""type"":""MultiPoint"",""coordinates"":[]}"
659_0,0.025816485,0.48314607,0.026119404,2024-04-21,659,"{""type"":""MultiPoint"",""coordinates"":[]}"
662_0,0.19564739,0.018998273,0.23443875,2024-04-21,662,"{""type"":""MultiPoint"",""coordinates"":[]}"
664_0,-0.015237351,0.070583746,0.03839393,2024-04-21,664,"{""type"":""MultiPoint"",""coordinates"":[]}"
665_0,0.033142217,0.15051797,0.044103414,2024-04-21,665,"{""type"":""MultiPoint"",""coordinates"":[]}"
673_0,0.13443565,0.28340518,0.13753581,2024-04-21,673,"{""type"":""MultiPoint"",""coordinates"":[]}"
674_0,0.23780015,0.55516016,0.2796486,2024-04-21,674,"{""type"":""MultiPoint"",""coordinates"":[]}"
681_0,0.122784264,0.6946617,0.10241097,2024-04-21,681,"{""type"":""MultiPoint"",""coordinates"":[]}"
682_0,0.07326131,0.5758218,0.03970614,2024-04-21,682,"{""type"":""MultiPoint"",""coordinates"":[]}"
683_0,0.31298316,0.77826566,0.3030364,2024-04-21,683,"{""type"":""MultiPoint"",""coordinates"":[]}"
684_0,0.29119548,0.7516833,0.29898143,2024-04-21,684,"{""type"":""MultiPoint"",""coordinates"":[]}"
687_0,0.101385266,0.57411504,0.11959087,2024-04-21,687,"{""type"":""MultiPoint"",""coordinates"":[]}"
688_0,0.12924252,0.68385345,0.12333107,2024-04-21,688,"{""type"":""MultiPoint"",""coordinates"":[]}"
689_0,0.07860886,0.5842204,0.13351254,2024-04-21,689,"{""type"":""MultiPoint"",""coordinates"":[]}"
692_0,0.22739726,0.6741016,0.2706325,2024-04-21,692,"{""type"":""MultiPoint"",""coordinates"":[]}"
696_0,0.21209303,0.7977087,0.23693694,2024-04-21,696,"{""type"":""MultiPoint"",""coordinates"":[]}"
709_0,0.10879121,0.51894736,0.08516639,2024-04-21,709,"{""type"":""MultiPoint"",""coordinates"":[]}"
834_0,0.29378927,0.7279793,0.2747253,2024-04-21,834,"{""type"":""MultiPoint"",""coordinates"":[]}"
835_0,0.28597957,0.77897215,0.26516962,2024-04-21,835,"{""type"":""MultiPoint"",""coordinates"":[]}"
836_0,0.31125247,0.74415886,0.31079894,2024-04-21,836,"{""type"":""MultiPoint"",""coordinates"":[]}"
837_0,0.22922032,0.75500304,0.27488986,2024-04-21,837,"{""type"":""MultiPoint"",""coordinates"":[]}"
838_0,0.3425086,0.7759267,0.33961672,2024-04-21,838,"{""type"":""MultiPoint"",""coordinates"":[]}"
839_0,0.22378717,0.6229563,0.24081632,2024-04-21,839,"{""type"":""MultiPoint"",""coordinates"":[]}"
840_0,0.1792476,0.6129944,0.15557805,2024-04-21,840,"{""type"":""MultiPoint"",""coordinates"":[]}"
841_0,0.30811104,0.7565084,0.28695652,2024-04-21,841,"{""type"":""MultiPoint"",""coordinates"":[]}"
842_0,0.26269865,0.7397959,0.2672654,2024-04-21,842,"{""type"":""MultiPoint"",""coordinates"":[]}"
843_0,0.24170338,0.7375566,0.24125771,2024-04-21,843,"{""type"":""MultiPoint"",""coordinates"":[]}"
844_0,0.2447267,0.65217394,0.24335378,2024-04-21,844,"{""type"":""MultiPoint"",""coordinates"":[]}"
845_0,0.17948718,0.657277,0.1695196,2024-04-21,845,"{""type"":""MultiPoint"",""coordinates"":[]}"
846_0,-0.03250542,0.45278725,-0.096089184,2024-04-21,846,"{""type"":""MultiPoint"",""coordinates"":[]}"
847_0,0.37445754,0.7447729,0.41149023,2024-04-21,847,"{""type"":""MultiPoint"",""coordinates"":[]}"
848_0,0.2183187,0.6371868,0.18402095,2024-04-21,848,"{""type"":""MultiPoint"",""coordinates"":[]}"
849_0,0.12552026,0.5604876,0.11130899,2024-04-21,849,"{""type"":""MultiPoint"",""coordinates"":[]}"
858_0,0.18709342,0.30279002,0.17354497,2024-04-21,858,"{""type"":""MultiPoint"",""coordinates"":[]}"
875_0,0.043917213,0.14577425,0.03219213,2024-04-21,875,"{""type"":""MultiPoint"",""coordinates"":[]}"
877_0,0.15464744,0.35897437,0.18595679,2024-04-21,877,"{""type"":""MultiPoint"",""coordinates"":[]}"
878_0,0.18602261,0.51604277,0.17757009,2024-04-21,878,"{""type"":""MultiPoint"",""coordinates"":[]}"
881_0,0.09524173,0.058760107,0.14028594,2024-04-21,881,"{""type"":""MultiPoint"",""coordinates"":[]}"
882_0,0.28993738,0.74189603,0.2733234,2024-04-21,882,"{""type"":""MultiPoint"",""coordinates"":[]}"
884_0,0.1969112,0.41741252,0.16521738,2024-04-21,884,"{""type"":""MultiPoint"",""coordinates"":[]}"
885_0,0.15083334,0.66021234,0.13202725,2024-04-21,885,"{""type"":""MultiPoint"",""coordinates"":[]}"
887_0,0.08078603,0.04396216,0.08604096,2024-04-21,887,"{""type"":""MultiPoint"",""coordinates"":[]}"
889_0,0.23763481,0.6968326,0.18811882,2024-04-21,889,"{""type"":""MultiPoint"",""coordinates"":[]}"
890_0,-0.05458154,0.46738544,-0.078849405,2024-04-21,890,"{""type"":""MultiPoint"",""coordinates"":[]}"
891_0,0.16775885,0.63797855,0.1679406,2024-04-21,891,"{""type"":""MultiPoint"",""coordinates"":[]}"
892_0,0.17359638,0.009237875,0.18555361,2024-04-21,892,"{""type"":""MultiPoint"",""coordinates"":[]}"
895_0,0.24559246,0.7565012,0.23524521,2024-04-21,895,"{""type"":""MultiPoint"",""coordinates"":[]}"
898_0,0.11162449,0.02180937,0.08934338,2024-04-21,898,"{""type"":""MultiPoint"",""coordinates"":[]}"
901_0,0.16620825,0.55683607,0.16686298,2024-04-21,901,"{""type"":""MultiPoint"",""coordinates"":[]}"
902_0,0.35458636,0.7141085,0.2523788,2024-04-21,902,"{""type"":""MultiPoint"",""coordinates"":[]}"
903_0,0.32650447,0.62074554,0.310616,2024-04-21,903,"{""type"":""MultiPoint"",""coordinates"":[]}"
905_0,0.1332298,0.36082473,0.08356592,2024-04-21,905,"{""type"":""MultiPoint"",""coordinates"":[]}"
906_0,0.10724638,0.08846014,0.16206762,2024-04-21,906,"{""type"":""MultiPoint"",""coordinates"":[]}"
909_0,0.21455224,0.39365453,0.16962525,2024-04-21,909,"{""type"":""MultiPoint"",""coordinates"":[]}"
912_0,0.202489,0.046317894,0.2852392,2024-04-21,912,"{""type"":""MultiPoint"",""coordinates"":[]}"
914_0,0.15519431,0.44023323,0.2811757,2024-04-21,914,"{""type"":""MultiPoint"",""coordinates"":[]}"
917_0,0.23025134,0.7002584,0.21095008,2024-04-21,917,"{""type"":""MultiPoint"",""coordinates"":[]}"
918_0,0.18701988,-0.00880853,0.20332067,2024-04-21,918,"{""type"":""MultiPoint"",""coordinates"":[]}"
919_0,0.15383084,0.6405868,0.11600832,2024-04-21,919,"{""type"":""MultiPoint"",""coordinates"":[]}"
920_0,0.22393963,-0.009915014,0.2,2024-04-21,920,"{""type"":""MultiPoint"",""coordinates"":[]}"
926_0,0.22615987,0.03292181,0.07422763,2024-04-21,926,"{""type"":""MultiPoint"",""coordinates"":[]}"
927_0,0.03404885,0.55617976,0.029739777,2024-04-21,927,"{""type"":""MultiPoint"",""coordinates"":[]}"
929_0,0.1763711,0.031578947,0.23367427,2024-04-21,929,"{""type"":""MultiPoint"",""coordinates"":[]}"
931_0,0.090112515,0.0495835,0.07331914,2024-04-21,931,"{""type"":""MultiPoint"",""coordinates"":[]}"
932_0,0.17285156,0.4986226,0.1245478,2024-04-21,932,"{""type"":""MultiPoint"",""coordinates"":[]}"
939_0,0.14669926,0.46786922,0.10855683,2024-04-21,939,"{""type"":""MultiPoint"",""coordinates"":[]}"
940_0,0.0018783752,0.1294686,0.04760838,2024-04-21,940,"{""type"":""MultiPoint"",""coordinates"":[]}"
941_0,0.066909164,0.038970325,0.087778404,2024-04-21,941,"{""type"":""MultiPoint"",""coordinates"":[]}"
942_0,0.18282567,0.0051238257,0.20927246,2024-04-21,942,"{""type"":""MultiPoint"",""coordinates"":[]}"
943_0,0.003003003,0.18419524,0.032683052,2024-04-21,943,"{""type"":""MultiPoint"",""coordinates"":[]}"
944_0,0.09859155,0.20032181,0.017735334,2024-04-21,944,"{""type"":""MultiPoint"",""coordinates"":[]}"
947_0,0.12538226,0.1802935,-0.007929515,2024-04-21,947,"{""type"":""MultiPoint"",""coordinates"":[]}"
950_0,-0.025618568,0.092396535,-0.015611448,2024-04-21,950,"{""type"":""MultiPoint"",""coordinates"":[]}"
961_0,0.001916583,0.05017668,0.04171048,2024-04-21,961,"{""type"":""MultiPoint"",""coordinates"":[]}"
962_0,0.070690654,0.028085107,0.09383135,2024-04-21,962,"{""type"":""MultiPoint"",""coordinates"":[]}"
963_0,0.099557005,0.018240344,0.13440418,2024-04-21,963,"{""type"":""MultiPoint"",""coordinates"":[]}"
967_0,0.12106072,0.67076164,0.086478926,2024-04-21,967,"{""type"":""MultiPoint"",""coordinates"":[]}"
968_0,0.23433563,0.71788657,0.21724197,2024-04-21,968,"{""type"":""MultiPoint"",""coordinates"":[]}"
969_0,0.16771406,0.587251,0.17015861,2024-04-21,969,"{""type"":""MultiPoint"",""coordinates"":[]}"
970_0,0.21518987,0.75359344,0.20963173,2024-04-21,970,"{""type"":""MultiPoint"",""coordinates"":[]}"
972_0,0.12842105,0.6427586,0.12226149,2024-04-21,972,"{""type"":""MultiPoint"",""coordinates"":[]}"
973_0,0.15555556,0.6933333,0.14414415,2024-04-21,973,"{""type"":""MultiPoint"",""coordinates"":[]}"
976_0,0.031960096,0.55068034,0.031781226,2024-04-21,976,"{""type"":""MultiPoint"",""coordinates"":[]}"
987_0,0.26045528,0.7869732,0.25073746,2024-04-21,987,"{""type"":""MultiPoint"",""coordinates"":[]}"
989_0,0.10872027,0.6706302,0.0868304,2024-04-21,989,"{""type"":""MultiPoint"",""coordinates"":[]}"
1121_0,0.19589141,0.7521024,0.18613862,2024-04-21,1121,"{""type"":""MultiPoint"",""coordinates"":[]}"
1122_0,0.11325642,0.6845152,0.10567561,2024-04-21,1122,"{""type"":""MultiPoint"",""coordinates"":[]}"
1123_0,0.33804595,0.7621326,0.3257907,2024-04-21,1123,"{""type"":""MultiPoint"",""coordinates"":[]}"
1124_0,0.22949657,0.68184906,0.20565303,2024-04-21,1124,"{""type"":""MultiPoint"",""coordinates"":[]}"
1125_0,0.22929597,0.6201859,0.25492886,2024-04-21,1125,"{""type"":""MultiPoint"",""coordinates"":[]}"
1126_0,0.10319878,0.5163599,0.11482804,2024-04-21,1126,"{""type"":""MultiPoint"",""coordinates"":[]}"
1127_0,0.2046729,0.66494846,0.20578629,2024-04-21,1127,"{""type"":""MultiPoint"",""coordinates"":[]}"
1128_0,0.27165064,0.72879,0.25492176,2024-04-21,1128,"{""type"":""MultiPoint"",""coordinates"":[]}"
1129_0,0.08724244,0.6734034,-0.0028901733,2024-04-21,1129,"{""type"":""MultiPoint"",""coordinates"":[]}"
1130_0,0.21987067,0.7216055,0.2061023,2024-04-21,1130,"{""type"":""MultiPoint"",""coordinates"":[]}"
1131_0,0.26333427,0.6864375,0.2571107,2024-04-21,1131,"{""type"":""MultiPoint"",""coordinates"":[]}"
1132_0,0.33881485,0.78485435,0.32678983,2024-04-21,1132,"{""type"":""MultiPoint"",""coordinates"":[]}"
1133_0,0.10138477,0.629398,0.06844399,2024-04-21,1133,"{""type"":""MultiPoint"",""coordinates"":[]}"
1134_0,0.049747974,0.5453943,0.036444444,2024-04-21,1134,"{""type"":""MultiPoint"",""coordinates"":[]}"
1135_0,0.1908506,0.6870844,0.17332035,2024-04-21,1135,"{""type"":""MultiPoint"",""coordinates"":[]}"
1151_0,0.2991564,0.69251335,0.079283886,2024-04-21,1151,"{""type"":""MultiPoint"",""coordinates"":[]}"
1153_0,0.2532374,0.7140115,0.26487252,2024-04-21,1153,"{""type"":""MultiPoint"",""coordinates"":[]}"
1154_0,0.23450586,0.39901477,0.2167952,2024-04-21,1154,"{""type"":""MultiPoint"",""coordinates"":[]}"
1155_0,0.2777778,0.73753095,0.29655537,2024-04-21,1155,"{""type"":""MultiPoint"",""coordinates"":[]}"
1158_0,0.14436619,0.21806854,0.07843475,2024-04-21,1158,"{""type"":""MultiPoint"",""coordinates"":[]}"
1159_0,0.20739098,0.6693632,0.20029828,2024-04-21,1159,"{""type"":""MultiPoint"",""coordinates"":[]}"
1160_0,0.17748386,0.6573235,0.19043294,2024-04-21,1160,"{""type"":""MultiPoint"",""coordinates"":[]}"
1163_0,0.09090909,0.08047337,0.080953084,2024-04-21,1163,"{""type"":""MultiPoint"",""coordinates"":[]}"
1164_0,0.21109068,0.6392229,0.15835921,2024-04-21,1164,"{""type"":""MultiPoint"",""coordinates"":[]}"
1168_0,0.17262036,0.009708738,0.2134176,2024-04-21,1168,"{""type"":""MultiPoint"",""coordinates"":[]}"
1169_0,0.48603353,0.63821137,0.48983365,2024-04-21,1169,"{""type"":""MultiPoint"",""coordinates"":[]}"
1170_0,0.048892602,0.56265986,0.03559322,2024-04-21,1170,"{""type"":""MultiPoint"",""coordinates"":[]}"
1171_0,0.06740058,0.1707039,-0.0052064415,2024-04-21,1171,"{""type"":""MultiPoint"",""coordinates"":[]}"
1173_0,0.15819964,0.7222039,0.16025783,2024-04-21,1173,"{""type"":""MultiPoint"",""coordinates"":[]}"
1174_0,0.006365471,0.44242424,-0.016841436,2024-04-21,1174,"{""type"":""MultiPoint"",""coordinates"":[]}"
1176_0,0.057952754,0.06564616,0.09514446,2024-04-21,1176,"{""type"":""MultiPoint"",""coordinates"":[]}"
1177_0,0.014744146,0.6068134,-0.0017636684,2024-04-21,1177,"{""type"":""MultiPoint"",""coordinates"":[]}"
1178_0,0.071809456,0.15741391,0.11566469,2024-04-21,1178,"{""type"":""MultiPoint"",""coordinates"":[]}"
1179_0,0.047981195,0.09876543,0.10752479,2024-04-21,1179,"{""type"":""MultiPoint"",""coordinates"":[]}"
1180_0,0.052928418,0.11412813,0.09211894,2024-04-21,1180,"{""type"":""MultiPoint"",""coordinates"":[]}"
1184_0,0.40968943,0.82153064,0.41420117,2024-04-21,1184,"{""type"":""MultiPoint"",""coordinates"":[]}"
1186_0,0.16904812,0.038041104,0.2241057,2024-04-21,1186,"{""type"":""MultiPoint"",""coordinates"":[]}"
1191_0,0.16186135,-0.029906543,0.14112958,2024-04-21,1191,"{""type"":""MultiPoint"",""coordinates"":[]}"
1193_0,0.1307267,-0.001694341,0.14474452,2024-04-21,1193,"{""type"":""MultiPoint"",""coordinates"":[]}"
1194_0,0.16146056,0.0038461538,0.17377555,2024-04-21,1194,"{""type"":""MultiPoint"",""coordinates"":[]}"
1195_0,0.2299134,0.03711559,0.3166545,2024-04-21,1195,"{""type"":""MultiPoint"",""coordinates"":[]}"
1196_0,0.13167109,0.03070761,0.061898213,2024-04-21,1196,"{""type"":""MultiPoint"",""coordinates"":[]}"
1197_0,0.20365019,0.06698003,0.16224,2024-04-21,1197,"{""type"":""MultiPoint"",""coordinates"":[]}"
1198_0,0.10912526,0.037073653,0.15568408,2024-04-21,1198,"{""type"":""MultiPoint"",""coordinates"":[]}"
1201_0,0.11631285,0.026671821,0.14649545,2024-04-21,1201,"{""type"":""MultiPoint"",""coordinates"":[]}"
1202_0,0.0809638,0.105099775,0.106571935,2024-04-21,1202,"{""type"":""MultiPoint"",""coordinates"":[]}"
1203_0,0.01998734,0.06041598,0.08495186,2024-04-21,1203,"{""type"":""MultiPoint"",""coordinates"":[]}"
1204_0,0.03927387,0.065465465,0.12634921,2024-04-21,1204,"{""type"":""MultiPoint"",""coordinates"":[]}"
1207_0,0.060060892,0.1736811,0.07667211,2024-04-21,1207,"{""type"":""MultiPoint"",""coordinates"":[]}"
1208_0,0.189747,0.51321787,0.15397984,2024-04-21,1208,"{""type"":""MultiPoint"",""coordinates"":[]}"
1209_0,0.030534351,0.10289794,0.055572305,2024-04-21,1209,"{""type"":""MultiPoint"",""coordinates"":[]}"
1211_0,-5.8377115E-4,0.18489066,0.021130782,2024-04-21,1211,"{""type"":""MultiPoint"",""coordinates"":[]}"
1213_0,-0.027752176,0.09866667,-0.0074282275,2024-04-21,1213,"{""type"":""MultiPoint"",""coordinates"":[]}"
1215_0,0.061323393,0.5493643,0.06428837,2024-04-21,1215,"{""type"":""MultiPoint"",""coordinates"":[]}"
1217_0,0.11799392,0.03493789,0.18042949,2024-04-21,1217,"{""type"":""MultiPoint"",""coordinates"":[]}"
1218_0,0.12141593,0.4766547,0.0738806,2024-04-21,1218,"{""type"":""MultiPoint"",""coordinates"":[]}"
1234_0,0.18874812,0.7003942,0.15613134,2024-04-21,1234,"{""type"":""MultiPoint"",""coordinates"":[]}"
1235_0,0.17478731,0.61653924,0.14434643,2024-04-21,1235,"{""type"":""MultiPoint"",""coordinates"":[]}"
1236_0,0.2538164,0.7746988,0.23289391,2024-04-21,1236,"{""type"":""MultiPoint"",""coordinates"":[]}"
1237_0,0.224,0.63243246,0.18464556,2024-04-21,1237,"{""type"":""MultiPoint"",""coordinates"":[]}"
1238_0,0.23843758,0.69932884,0.22882795,2024-04-21,1238,"{""type"":""MultiPoint"",""coordinates"":[]}"
1239_0,0.045919392,0.44205558,0.07233379,2024-04-21,1239,"{""type"":""MultiPoint"",""coordinates"":[]}"
1241_0,0.19422151,0.7581338,0.17569786,2024-04-21,1241,"{""type"":""MultiPoint"",""coordinates"":[]}"
1245_0,0.12354503,0.6126021,0.12586558,2024-04-21,1245,"{""type"":""MultiPoint"",""coordinates"":[]}"
1246_0,0.17960088,0.74374527,0.21693122,2024-04-21,1246,"{""type"":""MultiPoint"",""coordinates"":[]}"
1253_0,0.29979035,0.7516902,0.26106194,2024-04-21,1253,"{""type"":""MultiPoint"",""coordinates"":[]}"
1259_0,0.14271457,0.63555557,0.08177445,2024-04-21,1259,"{""type"":""MultiPoint"",""coordinates"":[]}"
1338_0,0.01770891,0.48116645,0.15737005,2024-04-21,1338,"{""type"":""MultiPoint"",""coordinates"":[]}"
1373_0,0.14538419,0.62068963,0.12159091,2024-04-21,1373,"{""type"":""MultiPoint"",""coordinates"":[]}"
1374_0,0.330033,0.7682165,0.28395063,2024-04-21,1374,"{""type"":""MultiPoint"",""coordinates"":[]}"
1375_0,0.1268749,0.53677386,0.109431244,2024-04-21,1375,"{""type"":""MultiPoint"",""coordinates"":[]}"
1376_0,0.23315535,0.6394791,0.22666667,2024-04-21,1376,"{""type"":""MultiPoint"",""coordinates"":[]}"
1377_0,0.038650736,0.542379,0.016299138,2024-04-21,1377,"{""type"":""MultiPoint"",""coordinates"":[]}"
1378_0,-0.03994927,0.3546001,-0.056360707,2024-04-21,1378,"{""type"":""MultiPoint"",""coordinates"":[]}"
1379_0,0.423475,0.8321678,0.41208175,2024-04-21,1379,"{""type"":""MultiPoint"",""coordinates"":[]}"
1380_0,0.26087928,0.7554859,0.2567325,2024-04-21,1380,"{""type"":""MultiPoint"",""coordinates"":[]}"
1381_0,0.16132076,0.62169224,0.16525821,2024-04-21,1381,"{""type"":""MultiPoint"",""coordinates"":[]}"
1382_0,0.31116906,0.75275683,0.31161782,2024-04-21,1382,"{""type"":""MultiPoint"",""coordinates"":[]}"
1383_0,0.35016912,0.6928658,0.3204433,2024-04-21,1383,"{""type"":""MultiPoint"",""coordinates"":[]}"
1384_0,0.17631784,0.6079785,0.13851167,2024-04-21,1384,"{""type"":""MultiPoint"",""coordinates"":[]}"
1385_0,0.3883102,0.78776145,0.3717682,2024-04-21,1385,"{""type"":""MultiPoint"",""coordinates"":[]}"
1409_0,0.07526882,0.2,0.0748061,2024-04-21,1409,"{""type"":""MultiPoint"",""coordinates"":[]}"
1411_0,0.31723675,0.51193225,0.31723675,2024-04-21,1411,"{""type"":""MultiPoint"",""coordinates"":[]}"
1412_0,0.09510961,0.10171821,0.08880965,2024-04-21,1412,"{""type"":""MultiPoint"",""coordinates"":[]}"
1419_0,0.35714287,0.58271605,0.3284974,2024-04-21,1419,"{""type"":""MultiPoint"",""coordinates"":[]}"
1422_0,0.08342401,0.15903166,0.103741795,2024-04-21,1422,"{""type"":""MultiPoint"",""coordinates"":[]}"
1426_0,0.27488464,0.77560973,0.19649379,2024-04-21,1426,"{""type"":""MultiPoint"",""coordinates"":[]}"
1427_0,0.0907659,0.59608924,0.06157285,2024-04-21,1427,"{""type"":""MultiPoint"",""coordinates"":[]}"
1428_0,0.03285776,0.5648506,-0.0024647098,2024-04-21,1428,"{""type"":""MultiPoint"",""coordinates"":[]}"
1429_0,0.24725275,0.39621183,0.24465886,2024-04-21,1429,"{""type"":""MultiPoint"",""coordinates"":[]}"
1434_0,0.1334852,0.44061303,0.085137084,2024-04-21,1434,"{""type"":""MultiPoint"",""coordinates"":[]}"
1437_0,0.21422005,0.56026185,0.2249093,2024-04-21,1437,"{""type"":""MultiPoint"",""coordinates"":[]}"
1438_0,0.11183268,0.10415842,0.09055349,2024-04-21,1438,"{""type"":""MultiPoint"",""coordinates"":[]}"
1439_0,0.14157833,0.029635902,0.14339446,2024-04-21,1439,"{""type"":""MultiPoint"",""coordinates"":[]}"
1441_0,0.090256795,0.10526316,0.099270895,2024-04-21,1441,"{""type"":""MultiPoint"",""coordinates"":[]}"
1445_0,0.22496802,-0.016903915,0.21137376,2024-04-21,1445,"{""type"":""MultiPoint"",""coordinates"":[]}"
1446_0,0.09761114,0.5717017,0.07100977,2024-04-21,1446,"{""type"":""MultiPoint"",""coordinates"":[]}"
1448_0,0.10539216,0.6873869,0.121540315,2024-04-21,1448,"{""type"":""MultiPoint"",""coordinates"":[]}"
1454_0,-0.049440753,0.5149316,-0.08788439,2024-04-21,1454,"{""type"":""MultiPoint"",""coordinates"":[]}"
1455_0,0.13554743,0.015523933,0.07167236,2024-04-21,1455,"{""type"":""MultiPoint"",""coordinates"":[]}"
1458_0,0.26805696,0.7278782,0.30867162,2024-04-21,1458,"{""type"":""MultiPoint"",""coordinates"":[]}"
1460_0,0.374761,0.66117644,0.36689255,2024-04-21,1460,"{""type"":""MultiPoint"",""coordinates"":[]}"
1463_0,0.054215893,0.42363638,0.03468781,2024-04-21,1463,"{""type"":""MultiPoint"",""coordinates"":[]}"
1464_0,0.048196334,0.2761021,0.012425219,2024-04-21,1464,"{""type"":""MultiPoint"",""coordinates"":[]}"
1465_0,0.28930366,0.6,0.2693727,2024-04-21,1465,"{""type"":""MultiPoint"",""coordinates"":[]}"
1466_0,0.14505997,0.3553398,0.16624896,2024-04-21,1466,"{""type"":""MultiPoint"",""coordinates"":[]}"
1468_0,0.05444541,0.03723987,0.07415284,2024-04-21,1468,"{""type"":""MultiPoint"",""coordinates"":[]}"
1472_0,0.0155134965,0.069711536,0.057478093,2024-04-21,1472,"{""type"":""MultiPoint"",""coordinates"":[]}"
1474_0,0.15514426,0.371134,0.15652174,2024-04-21,1474,"{""type"":""MultiPoint"",""coordinates"":[]}"
1475_0,0.12511715,0.30144745,0.05108005,2024-04-21,1475,"{""type"":""MultiPoint"",""coordinates"":[]}"
1477_0,0.266656,0.7807309,0.24094592,2024-04-21,1477,"{""type"":""MultiPoint"",""coordinates"":[]}"
1478_0,0.022644266,0.09128631,0.13435411,2024-04-21,1478,"{""type"":""MultiPoint"",""coordinates"":[]}"
1479_0,0.12321755,0.6028586,0.13398339,2024-04-21,1479,"{""type"":""MultiPoint"",""coordinates"":[]}"
1480_0,0.06908865,0.1935368,0.05156596,2024-04-21,1480,"{""type"":""MultiPoint"",""coordinates"":[]}"
1481_0,0.04784689,0.041059602,0.014957495,2024-04-21,1481,"{""type"":""MultiPoint"",""coordinates"":[]}"
1482_0,0.055275388,0.043715846,0.05639506,2024-04-21,1482,"{""type"":""MultiPoint"",""coordinates"":[]}"
1483_0,0.15112941,0.01686747,0.196456,2024-04-21,1483,"{""type"":""MultiPoint"",""coordinates"":[]}"
1485_0,0.014832162,0.08945589,-0.033015005,2024-04-21,1485,"{""type"":""MultiPoint"",""coordinates"":[]}"
1486_0,-0.056396868,0.1691023,0.05090312,2024-04-21,1486,"{""type"":""MultiPoint"",""coordinates"":[]}"
1495_0,0.011597715,0.31569508,0.013646571,2024-04-21,1495,"{""type"":""MultiPoint"",""coordinates"":[]}"
1499_0,0.11655932,0.6745636,0.11637573,2024-04-21,1499,"{""type"":""MultiPoint"",""coordinates"":[]}"
1504_0,0.22088526,0.66548884,0.21870287,2024-04-21,1504,"{""type"":""MultiPoint"",""coordinates"":[]}"
1505_0,0.23163553,0.75453883,0.23359714,2024-04-21,1505,"{""type"":""MultiPoint"",""coordinates"":[]}"
1506_0,0.16007036,0.70907986,0.19136325,2024-04-21,1506,"{""type"":""MultiPoint"",""coordinates"":[]}"
1509_0,0.2086331,0.66459626,0.17565344,2024-04-21,1509,"{""type"":""MultiPoint"",""coordinates"":[]}"
1510_0,0.115333036,0.6522587,0.12452997,2024-04-21,1510,"{""type"":""MultiPoint"",""coordinates"":[]}"
1512_0,0.14873838,0.63380283,0.14055866,2024-04-21,1512,"{""type"":""MultiPoint"",""coordinates"":[]}"
1513_0,0.18436407,0.6301676,0.16370888,2024-04-21,1513,"{""type"":""MultiPoint"",""coordinates"":[]}"
1521_0,0.22036837,0.73478,0.23070344,2024-04-21,1521,"{""type"":""MultiPoint"",""coordinates"":[]}"
1528_0,0.23256391,0.6887372,0.23084576,2024-04-21,1528,"{""type"":""MultiPoint"",""coordinates"":[]}"
1533_0,0.21389496,0.7353298,0.19743088,2024-04-21,1533,"{""type"":""MultiPoint"",""coordinates"":[]}"
1664_0,0.41029724,0.82164824,0.45445618,2024-04-21,1664,"{""type"":""MultiPoint"",""coordinates"":[]}"
1665_0,0.3301676,0.7491369,0.31072146,2024-04-21,1665,"{""type"":""MultiPoint"",""coordinates"":[]}"
1666_0,0.3831727,0.81951874,0.3937532,2024-04-21,1666,"{""type"":""MultiPoint"",""coordinates"":[]}"
1667_0,0.325013,0.76121676,0.28168234,2024-04-21,1667,"{""type"":""MultiPoint"",""coordinates"":[]}"
1668_0,0.256996,0.7087049,0.21460912,2024-04-21,1668,"{""type"":""MultiPoint"",""coordinates"":[]}"
1669_0,0.32799083,0.7826618,0.3020214,2024-04-21,1669,"{""type"":""MultiPoint"",""coordinates"":[]}"
1670_0,0.31686196,0.78152394,0.32663822,2024-04-21,1670,"{""type"":""MultiPoint"",""coordinates"":[]}"
1671_0,0.14946212,0.57575756,0.12026515,2024-04-21,1671,"{""type"":""MultiPoint"",""coordinates"":[]}"
1672_0,0.17039868,0.65830344,0.15634546,2024-04-21,1672,"{""type"":""MultiPoint"",""coordinates"":[]}"
1673_0,0.1953074,0.6914146,0.1982684,2024-04-21,1673,"{""type"":""MultiPoint"",""coordinates"":[]}"
1674_0,0.29986358,0.74825174,0.27370507,2024-04-21,1674,"{""type"":""MultiPoint"",""coordinates"":[]}"
1675_0,0.13121939,0.6139535,0.1053889,2024-04-21,1675,"{""type"":""MultiPoint"",""coordinates"":[]}"
1676_0,0.037936267,0.5886947,-0.019058554,2024-04-21,1676,"{""type"":""MultiPoint"",""coordinates"":[]}"
1677_0,0.13726462,0.67207456,0.16358395,2024-04-21,1677,"{""type"":""MultiPoint"",""coordinates"":[]}"
1678_0,0.1004717,0.61785847,0.05710754,2024-04-21,1678,"{""type"":""MultiPoint"",""coordinates"":[]}"
1679_0,0.16563787,0.6217407,0.1530026,2024-04-21,1679,"{""type"":""MultiPoint"",""coordinates"":[]}"
1680_0,0.13723198,0.65212333,0.1240847,2024-04-21,1680,"{""type"":""MultiPoint"",""coordinates"":[]}"
1692_0,0.14405595,0.4858812,0.10981818,2024-04-21,1692,"{""type"":""MultiPoint"",""coordinates"":[]}"
1705_0,0.34566545,0.867458,0.3868077,2024-04-21,1705,"{""type"":""MultiPoint"",""coordinates"":[]}"
1708_0,0.17779869,0.46213478,0.16761905,2024-04-21,1708,"{""type"":""MultiPoint"",""coordinates"":[]}"
1710_0,0.2866091,0.81456953,0.2909305,2024-04-21,1710,"{""type"":""MultiPoint"",""coordinates"":[]}"
1714_0,0.29982728,0.76341414,0.35476685,2024-04-21,1714,"{""type"":""MultiPoint"",""coordinates"":[]}"
1716_0,0.06523316,0.05860465,0.124644846,2024-04-21,1716,"{""type"":""MultiPoint"",""coordinates"":[]}"
1718_0,0.16243057,0.68810916,0.16397849,2024-04-21,1718,"{""type"":""MultiPoint"",""coordinates"":[]}"
1720_0,0.15731463,0.63883495,0.14460078,2024-04-21,1720,"{""type"":""MultiPoint"",""coordinates"":[]}"
1721_0,0.2632656,0.7763461,0.21003135,2024-04-21,1721,"{""type"":""MultiPoint"",""coordinates"":[]}"
1722_0,0.12770458,0.5283582,0.14413407,2024-04-21,1722,"{""type"":""MultiPoint"",""coordinates"":[]}"
1724_0,0.26482213,0.74146736,0.22587968,2024-04-21,1724,"{""type"":""MultiPoint"",""coordinates"":[]}"
1725_0,0.09229985,0.298395,0.19505577,2024-04-21,1725,"{""type"":""MultiPoint"",""coordinates"":[]}"
1726_0,0.24581797,0.77117383,0.22131148,2024-04-21,1726,"{""type"":""MultiPoint"",""coordinates"":[]}"
1727_0,0.2615205,0.79679143,0.2539776,2024-04-21,1727,"{""type"":""MultiPoint"",""coordinates"":[]}"
1729_0,0.15296198,0.7060561,0.09323237,2024-04-21,1729,"{""type"":""MultiPoint"",""coordinates"":[]}"
1732_0,0.17103845,0.570516,0.16154824,2024-04-21,1732,"{""type"":""MultiPoint"",""coordinates"":[]}"
1734_0,0.19293621,0.6830957,0.14873506,2024-04-21,1734,"{""type"":""MultiPoint"",""coordinates"":[]}"
1735_0,0.23510218,0.74328357,0.2605014,2024-04-21,1735,"{""type"":""MultiPoint"",""coordinates"":[]}"
1736_0,0.28941357,0.72073925,0.28478345,2024-04-21,1736,"{""type"":""MultiPoint"",""coordinates"":[]}"
1737_0,0.047358334,0.23978035,0.077412516,2024-04-21,1737,"{""type"":""MultiPoint"",""coordinates"":[]}"
1742_0,0.030422535,0.29386893,0.032330617,2024-04-21,1742,"{""type"":""MultiPoint"",""coordinates"":[]}"
1743_0,0.0072687627,0.082439475,0.12780394,2024-04-21,1743,"{""type"":""MultiPoint"",""coordinates"":[]}"
1744_0,0.22084865,0.17075068,0.12691876,2024-04-21,1744,"{""type"":""MultiPoint"",""coordinates"":[]}"
1747_0,0.17140637,0.13534635,0.090412825,2024-04-21,1747,"{""type"":""MultiPoint"",""coordinates"":[]}"
1749_0,0.08857292,0.03418392,0.1030233,2024-04-21,1749,"{""type"":""MultiPoint"",""coordinates"":[]}"
1752_0,0.098955214,0.047887325,0.13746974,2024-04-21,1752,"{""type"":""MultiPoint"",""coordinates"":[]}"
1753_0,0.20986538,-0.020061728,0.18525432,2024-04-21,1753,"{""type"":""MultiPoint"",""coordinates"":[]}"
1756_0,0.18156365,0.66531163,0.12804039,2024-04-21,1756,"{""type"":""MultiPoint"",""coordinates"":[]}"
1757_0,0.13540511,0.67444414,0.13235568,2024-04-21,1757,"{""type"":""MultiPoint"",""coordinates"":[]}"
1763_0,0.14629948,0.38004246,0.13438046,2024-04-21,1763,"{""type"":""MultiPoint"",""coordinates"":[]}"
1765_0,0.13056013,0.010843942,0.15044604,2024-04-21,1765,"{""type"":""MultiPoint"",""coordinates"":[]}"
1766_0,0.21726047,-0.002118003,0.24130793,2024-04-21,1766,"{""type"":""MultiPoint"",""coordinates"":[]}"
1768_0,0.060812455,0.10261569,0.17332192,2024-04-21,1768,"{""type"":""MultiPoint"",""coordinates"":[]}"
1772_0,0.15400994,0.4770318,0.16759777,2024-04-21,1772,"{""type"":""MultiPoint"",""coordinates"":[]}"
1773_0,0.024115251,0.037237644,-0.00841424,2024-04-21,1773,"{""type"":""MultiPoint"",""coordinates"":[]}"
1774_0,0.1038936,-0.03241491,0.013474801,2024-04-21,1774,"{""type"":""MultiPoint"",""coordinates"":[]}"
1775_0,0.030797578,0.29258353,0.26550967,2024-04-21,1775,"{""type"":""MultiPoint"",""coordinates"":[]}"
1779_0,0.018271066,0.2548404,0.14244878,2024-04-21,1779,"{""type"":""MultiPoint"",""coordinates"":[]}"
1781_0,-0.0041921963,0.25787106,0.0374034,2024-04-21,1781,"{""type"":""MultiPoint"",""coordinates"":[]}"
1783_0,0.06790865,0.2881145,0.14333057,2024-04-21,1783,"{""type"":""MultiPoint"",""coordinates"":[]}"
1785_0,0.08359348,0.23318778,0.033296745,2024-04-21,1785,"{""type"":""MultiPoint"",""coordinates"":[]}"
1786_0,0.13309234,0.62126863,0.13706248,2024-04-21,1786,"{""type"":""MultiPoint"",""coordinates"":[]}"
1787_0,0.1631753,0.57894737,0.10124334,2024-04-21,1787,"{""type"":""MultiPoint"",""coordinates"":[]}"
1788_0,0.11216698,0.28063872,0.10164835,2024-04-21,1788,"{""type"":""MultiPoint"",""coordinates"":[]}"
1790_0,-0.0053475937,0.10377359,-0.0021321962,2024-04-21,1790,"{""type"":""MultiPoint"",""coordinates"":[]}"
1792_0,0.090763375,0.06409529,0.2463046,2024-04-21,1792,"{""type"":""MultiPoint"",""coordinates"":[]}"
1800_0,0.27445316,0.72864324,0.27564895,2024-04-21,1800,"{""type"":""MultiPoint"",""coordinates"":[]}"
1811_0,0.23787947,0.7235023,0.21767442,2024-04-21,1811,"{""type"":""MultiPoint"",""coordinates"":[]}"
1812_0,0.17791148,0.50859106,0.15856609,2024-04-21,1812,"{""type"":""MultiPoint"",""coordinates"":[]}"
1813_0,0.21741071,0.67792207,0.1916071,2024-04-21,1813,"{""type"":""MultiPoint"",""coordinates"":[]}"
1814_0,0.11846485,0.6053241,0.104079604,2024-04-21,1814,"{""type"":""MultiPoint"",""coordinates"":[]}"
1816_0,0.20574163,0.6962789,0.18417974,2024-04-21,1816,"{""type"":""MultiPoint"",""coordinates"":[]}"
1818_0,0.38228396,0.84853166,0.35396227,2024-04-21,1818,"{""type"":""MultiPoint"",""coordinates"":[]}"
1821_0,0.29541084,0.7533454,0.30814895,2024-04-21,1821,"{""type"":""MultiPoint"",""coordinates"":[]}"
1822_0,0.08466312,0.6069813,0.09250714,2024-04-21,1822,"{""type"":""MultiPoint"",""coordinates"":[]}"
1823_0,0.009531071,0.4954264,-0.012470772,2024-04-21,1823,"{""type"":""MultiPoint"",""coordinates"":[]}"
1829_0,0.066226624,0.5610398,0.05562973,2024-04-21,1829,"{""type"":""MultiPoint"",""coordinates"":[]}"
1839_0,0.16887529,0.6,0.11601012,2024-04-21,1839,"{""type"":""MultiPoint"",""coordinates"":[]}"
1841_0,0.1810176,0.7303727,0.13174275,2024-04-21,1841,"{""type"":""MultiPoint"",""coordinates"":[]}"
1978_0,0.216885,0.7567746,0.24438202,2024-04-21,1978,"{""type"":""MultiPoint"",""coordinates"":[]}"
1979_0,0.16409746,0.78533095,0.08566766,2024-04-21,1979,"{""type"":""MultiPoint"",""coordinates"":[]}"
1980_0,0.3451927,0.75795454,0.3336207,2024-04-21,1980,"{""type"":""MultiPoint"",""coordinates"":[]}"
1981_0,-0.059356593,0.34537247,-0.13330102,2024-04-21,1981,"{""type"":""MultiPoint"",""coordinates"":[]}"
1982_0,0.32712272,0.7198276,0.30891198,2024-04-21,1982,"{""type"":""MultiPoint"",""coordinates"":[]}"
1983_0,0.25446877,0.7460143,0.26232114,2024-04-21,1983,"{""type"":""MultiPoint"",""coordinates"":[]}"
1984_0,0.21260583,0.64350456,0.23805189,2024-04-21,1984,"{""type"":""MultiPoint"",""coordinates"":[]}"
1985_0,0.05809025,0.55468136,0.022509702,2024-04-21,1985,"{""type"":""MultiPoint"",""coordinates"":[]}"
1986_0,0.30454674,0.7087087,0.303551,2024-04-21,1986,"{""type"":""MultiPoint"",""coordinates"":[]}"
1987_0,0.29669127,0.77198696,0.25707683,2024-04-21,1987,"{""type"":""MultiPoint"",""coordinates"":[]}"
1988_0,0.031725336,0.5353251,-0.009972801,2024-04-21,1988,"{""type"":""MultiPoint"",""coordinates"":[]}"
1989_0,0.027380321,0.24341086,0.07632948,2024-04-21,1989,"{""type"":""MultiPoint"",""coordinates"":[]}"
1990_0,0.20513369,0.6785244,0.15660463,2024-04-21,1990,"{""type"":""MultiPoint"",""coordinates"":[]}"
1991_0,0.1417004,0.6352023,0.094017096,2024-04-21,1991,"{""type"":""MultiPoint"",""coordinates"":[]}"
1992_0,0.26666668,0.7256236,0.2615002,2024-04-21,1992,"{""type"":""MultiPoint"",""coordinates"":[]}"
1993_0,0.27795085,0.47393364,0.2829151,2024-04-21,1993,"{""type"":""MultiPoint"",""coordinates"":[]}"
1994_0,0.08475347,0.5328084,0.074022986,2024-04-21,1994,"{""type"":""MultiPoint"",""coordinates"":[]}"
1995_0,0.18873098,0.59786236,0.19034585,2024-04-21,1995,"{""type"":""MultiPoint"",""coordinates"":[]}"
2024_0,0.12496218,0.3248024,0.09794136,2024-04-21,2024,"{""type"":""MultiPoint"",""coordinates"":[]}"
2026_0,0.15321058,0.06866197,0.15030202,2024-04-21,2026,"{""type"":""MultiPoint"",""coordinates"":[]}"
2027_0,0.3774179,0.6364589,0.3859805,2024-04-21,2027,"{""type"":""MultiPoint"",""coordinates"":[]}"
2028_0,0.094791606,0.015192136,0.09692215,2024-04-21,2028,"{""type"":""MultiPoint"",""coordinates"":[]}"
2030_0,0.05082592,0.6151294,0.04128342,2024-04-21,2030,"{""type"":""MultiPoint"",""coordinates"":[]}"
2031_0,0.25767204,0.7609806,0.25564456,2024-04-21,2031,"{""type"":""MultiPoint"",""coordinates"":[]}"
2032_0,0.079491556,0.67216295,0.031923383,2024-04-21,2032,"{""type"":""MultiPoint"",""coordinates"":[]}"
2033_0,0.05227195,0.5312423,0.05549881,2024-04-21,2033,"{""type"":""MultiPoint"",""coordinates"":[]}"
2036_0,0.35426268,0.6905158,0.2889312,2024-04-21,2036,"{""type"":""MultiPoint"",""coordinates"":[]}"
2037_0,0.31157124,0.74932617,0.29508606,2024-04-21,2037,"{""type"":""MultiPoint"",""coordinates"":[]}"
2039_0,0.11798407,0.03462185,0.15092312,2024-04-21,2039,"{""type"":""MultiPoint"",""coordinates"":[]}"
2040_0,0.13657065,-0.018787362,0.11478989,2024-04-21,2040,"{""type"":""MultiPoint"",""coordinates"":[]}"
2041_0,0.05051469,0.06673258,0.1069505,2024-04-21,2041,"{""type"":""MultiPoint"",""coordinates"":[]}"
2043_0,0.09279004,0.08265139,0.10376473,2024-04-21,2043,"{""type"":""MultiPoint"",""coordinates"":[]}"
2044_0,0.072068565,0.18881522,0.07158633,2024-04-21,2044,"{""type"":""MultiPoint"",""coordinates"":[]}"
2045_0,0.19575857,0.70317173,0.18140307,2024-04-21,2045,"{""type"":""MultiPoint"",""coordinates"":[]}"
2046_0,0.3172738,0.64200085,0.2617535,2024-04-21,2046,"{""type"":""MultiPoint"",""coordinates"":[]}"
2047_0,0.04775023,0.5274376,0.039666615,2024-04-21,2047,"{""type"":""MultiPoint"",""coordinates"":[]}"
2048_0,-0.0075910147,0.49874434,-0.042976268,2024-04-21,2048,"{""type"":""MultiPoint"",""coordinates"":[]}"
2050_0,0.18433201,-0.0024434943,0.2077844,2024-04-21,2050,"{""type"":""MultiPoint"",""coordinates"":[]}"
2051_0,0.025803054,0.24422167,0.23374292,2024-04-21,2051,"{""type"":""MultiPoint"",""coordinates"":[]}"
2053_0,0.008573655,0.5424443,0.0035252643,2024-04-21,2053,"{""type"":""MultiPoint"",""coordinates"":[]}"
2056_0,0.2780121,0.03826169,0.38141254,2024-04-21,2056,"{""type"":""MultiPoint"",""coordinates"":[]}"
2059_0,0.20012887,0.017649017,0.24278162,2024-04-21,2059,"{""type"":""MultiPoint"",""coordinates"":[]}"
2061_0,0.12309956,0.03145282,0.13813524,2024-04-21,2061,"{""type"":""MultiPoint"",""coordinates"":[]}"
2062_0,0.169788,0.011647254,0.18316711,2024-04-21,2062,"{""type"":""MultiPoint"",""coordinates"":[]}"
2064_0,-0.029566744,0.48789808,-0.0018515881,2024-04-21,2064,"{""type"":""MultiPoint"",""coordinates"":[]}"
2065_0,0.19550562,0.54722637,0.18077803,2024-04-21,2065,"{""type"":""MultiPoint"",""coordinates"":[]}"
2066_0,0.06692721,0.572734,0.052735988,2024-04-21,2066,"{""type"":""MultiPoint"",""coordinates"":[]}"
2068_0,0.18347895,0.4959811,0.21226053,2024-04-21,2068,"{""type"":""MultiPoint"",""coordinates"":[]}"
2071_0,0.10814304,0.018977163,0.100860044,2024-04-21,2071,"{""type"":""MultiPoint"",""coordinates"":[]}"
2072_0,0.048412643,0.047666833,0.094554745,2024-04-21,2072,"{""type"":""MultiPoint"",""coordinates"":[]}"
2073_0,0.059410207,0.033393502,0.0905411,2024-04-21,2073,"{""type"":""MultiPoint"",""coordinates"":[]}"
2075_0,0.20174691,0.00409074,0.180715,2024-04-21,2075,"{""type"":""MultiPoint"",""coordinates"":[]}"
2076_0,-0.012591241,0.08609795,-0.0044347905,2024-04-21,2076,"{""type"":""MultiPoint"",""coordinates"":[]}"
2077_0,0.19294494,0.46684352,0.18860827,2024-04-21,2077,"{""type"":""MultiPoint"",""coordinates"":[]}"
2079_0,0.13193248,0.101231925,0.24004824,2024-04-21,2079,"{""type"":""MultiPoint"",""coordinates"":[]}"
2080_0,0.038252532,0.11772099,0.083561786,2024-04-21,2080,"{""type"":""MultiPoint"",""coordinates"":[]}"
2081_0,0.37855786,0.5455594,0.3433584,2024-04-21,2081,"{""type"":""MultiPoint"",""coordinates"":[]}"
2084_0,0.1829473,0.528613,0.12853563,2024-04-21,2084,"{""type"":""MultiPoint"",""coordinates"":[]}"
2087_0,0.14690909,0.43931624,0.17885894,2024-04-21,2087,"{""type"":""MultiPoint"",""coordinates"":[]}"
2104_0,0.30764207,0.73137695,0.31730357,2024-04-21,2104,"{""type"":""MultiPoint"",""coordinates"":[]}"
2106_0,0.09404164,0.610951,0.08307096,2024-04-21,2106,"{""type"":""MultiPoint"",""coordinates"":[]}"
2107_0,0.3016266,0.7583726,0.28429064,2024-04-21,2107,"{""type"":""MultiPoint"",""coordinates"":[]}"
2109_0,0.18263608,0.6017533,0.16937143,2024-04-21,2109,"{""type"":""MultiPoint"",""coordinates"":[]}"
2112_0,0.2359932,0.75344354,0.23562242,2024-04-21,2112,"{""type"":""MultiPoint"",""coordinates"":[]}"
2113_0,0.044983875,0.485831,0.016949153,2024-04-21,2113,"{""type"":""MultiPoint"",""coordinates"":[]}"
2114_0,0.26701847,0.72839504,0.2893323,2024-04-21,2114,"{""type"":""MultiPoint"",""coordinates"":[]}"
2117_0,0.017125515,0.4775561,0.022212638,2024-04-21,2117,"{""type"":""MultiPoint"",""coordinates"":[]}"
2126_0,0.14940771,0.70537263,0.14020857,2024-04-21,2126,"{""type"":""MultiPoint"",""coordinates"":[]}"
2263_0,0.27768785,0.7725348,0.3045414,2024-04-21,2263,"{""type"":""MultiPoint"",""coordinates"":[]}"
2264_0,0.24265754,0.7405791,0.24588302,2024-04-21,2264,"{""type"":""MultiPoint"",""coordinates"":[]}"
2265_0,0.2498733,0.7503607,0.2421915,2024-04-21,2265,"{""type"":""MultiPoint"",""coordinates"":[]}"
2266_0,0.14108142,0.6033156,0.1328174,2024-04-21,2266,"{""type"":""MultiPoint"",""coordinates"":[]}"
2267_0,0.20529236,0.7754665,0.21830395,2024-04-21,2267,"{""type"":""MultiPoint"",""coordinates"":[]}"
2268_0,0.17488323,0.6741313,0.15380521,2024-04-21,2268,"{""type"":""MultiPoint"",""coordinates"":[]}"
2269_0,0.082091115,0.583169,0.0483239,2024-04-21,2269,"{""type"":""MultiPoint"",""coordinates"":[]}"
2270_0,0.054907046,0.5028754,0.036579993,2024-04-21,2270,"{""type"":""MultiPoint"",""coordinates"":[]}"
2271_0,0.26939654,0.74105495,0.270183,2024-04-21,2271,"{""type"":""MultiPoint"",""coordinates"":[]}"
2272_0,0.22114347,0.6394231,0.17249283,2024-04-21,2272,"{""type"":""MultiPoint"",""coordinates"":[]}"
2273_0,0.19313063,0.66763365,0.16806966,2024-04-21,2273,"{""type"":""MultiPoint"",""coordinates"":[]}"
2274_0,0.1149635,0.5956001,0.11938266,2024-04-21,2274,"{""type"":""MultiPoint"",""coordinates"":[]}"
2275_0,0.2527822,0.7153748,0.24280782,2024-04-21,2275,"{""type"":""MultiPoint"",""coordinates"":[]}"
2276_0,0.23181938,0.6553271,0.20424259,2024-04-21,2276,"{""type"":""MultiPoint"",""coordinates"":[]}"
2277_0,0.30602747,0.76596946,0.35384616,2024-04-21,2277,"{""type"":""MultiPoint"",""coordinates"":[]}"
2278_0,0.23020643,0.72159517,0.2166977,2024-04-21,2278,"{""type"":""MultiPoint"",""coordinates"":[]}"
2279_0,0.24686809,0.66139024,0.2232075,2024-04-21,2279,"{""type"":""MultiPoint"",""coordinates"":[]}"
2283_0,-0.005362744,0.087214224,0.016627079,2024-04-21,2283,"{""type"":""MultiPoint"",""coordinates"":[]}"
2284_0,0.14277989,0.4516129,-0.1142355,2024-04-21,2284,"{""type"":""MultiPoint"",""coordinates"":[]}"
2285_0,0.21224087,0.5588235,0.14101183,2024-04-21,2285,"{""type"":""MultiPoint"",""coordinates"":[]}"
2287_0,0.0718232,0.40953946,0.25936812,2024-04-21,2287,"{""type"":""MultiPoint"",""coordinates"":[]}"
2288_0,0.022837888,0.22413033,0.031539887,2024-04-21,2288,"{""type"":""MultiPoint"",""coordinates"":[]}"
2290_0,0.015185068,0.038927887,0.022452503,2024-04-21,2290,"{""type"":""MultiPoint"",""coordinates"":[]}"
2342_0,0.052214146,0.53611666,0.03736854,2024-04-21,2342,"{""type"":""MultiPoint"",""coordinates"":[]}"
2343_0,0.33182845,0.72465175,0.3329995,2024-04-21,2343,"{""type"":""MultiPoint"",""coordinates"":[]}"
2344_0,0.017108774,0.52399325,0.00460976,2024-04-21,2344,"{""type"":""MultiPoint"",""coordinates"":[]}"
2345_0,0.17772914,0.1996904,-0.04350509,2024-04-21,2345,"{""type"":""MultiPoint"",""coordinates"":[]}"
2346_0,0.1252753,0.29049972,0.16394255,2024-04-21,2346,"{""type"":""MultiPoint"",""coordinates"":[]}"
2347_0,0.23455057,0.59695816,0.2129964,2024-04-21,2347,"{""type"":""MultiPoint"",""coordinates"":[]}"
2348_0,0.2699632,0.6669442,0.2741448,2024-04-21,2348,"{""type"":""MultiPoint"",""coordinates"":[]}"
2349_0,0.20794263,0.52422905,0.18223235,2024-04-21,2349,"{""type"":""MultiPoint"",""coordinates"":[]}"
2350_0,0.034246575,0.07176709,0.021702299,2024-04-21,2350,"{""type"":""MultiPoint"",""coordinates"":[]}"
2351_0,0.013854482,0.1269217,0.079636924,2024-04-21,2351,"{""type"":""MultiPoint"",""coordinates"":[]}"
2352_0,0.0133716995,0.074512534,0.028580952,2024-04-21,2352,"{""type"":""MultiPoint"",""coordinates"":[]}"
2353_0,0.030916246,0.5903166,-0.0046620048,2024-04-21,2353,"{""type"":""MultiPoint"",""coordinates"":[]}"
2354_0,0.20408164,0.68378377,0.18441065,2024-04-21,2354,"{""type"":""MultiPoint"",""coordinates"":[]}"
2355_0,0.21802394,0.75613123,0.2081749,2024-04-21,2355,"{""type"":""MultiPoint"",""coordinates"":[]}"
2373_0,0.28816795,0.6957606,0.29154795,2024-04-21,2373,"{""type"":""MultiPoint"",""coordinates"":[]}"
2375_0,0.14138733,0.5660704,0.023957744,2024-04-21,2375,"{""type"":""MultiPoint"",""coordinates"":[]}"
2385_0,0.08826763,0.06800211,0.16528866,2024-04-21,2385,"{""type"":""MultiPoint"",""coordinates"":[]}"
2387_0,0.043772243,0.5460674,0.011950727,2024-04-21,2387,"{""type"":""MultiPoint"",""coordinates"":[]}"
2388_0,-0.0061448575,0.11407662,0.017895771,2024-04-21,2388,"{""type"":""MultiPoint"",""coordinates"":[]}"
2389_0,0.072994985,0.049889136,0.122869425,2024-04-21,2389,"{""type"":""MultiPoint"",""coordinates"":[]}"
2390_0,0.00910824,0.073657125,0.17597322,2024-04-21,2390,"{""type"":""MultiPoint"",""coordinates"":[]}"
2392_0,0.11063051,0.60201514,0.086622246,2024-04-21,2392,"{""type"":""MultiPoint"",""coordinates"":[]}"
2395_0,0.16296679,0.6347739,0.14726508,2024-04-21,2395,"{""type"":""MultiPoint"",""coordinates"":[]}"
2398_0,0.22284184,0.7073331,0.19686492,2024-04-21,2398,"{""type"":""MultiPoint"",""coordinates"":[]}"
2399_0,0.2327791,0.75475687,0.21315469,2024-04-21,2399,"{""type"":""MultiPoint"",""coordinates"":[]}"
2400_0,0.09170125,0.6283073,0.07695551,2024-04-21,2400,"{""type"":""MultiPoint"",""coordinates"":[]}"
2401_0,0.21091445,0.7823721,0.2097489,2024-04-21,2401,"{""type"":""MultiPoint"",""coordinates"":[]}"
2402_0,0.24521422,0.6906475,0.2600536,2024-04-21,2402,"{""type"":""MultiPoint"",""coordinates"":[]}"
2403_0,0.020388504,0.37239915,0.028807893,2024-04-21,2403,"{""type"":""MultiPoint"",""coordinates"":[]}"
2409_0,0.26732674,0.71820754,0.2300578,2024-04-21,2409,"{""type"":""MultiPoint"",""coordinates"":[]}"
2497_0,-0.013622975,0.5020996,-0.047365416,2024-04-21,2497,"{""type"":""MultiPoint"",""coordinates"":[]}"
2499_0,0.09146342,0.42737722,0.06802189,2024-04-21,2499,"{""type"":""MultiPoint"",""coordinates"":[]}"
2501_0,0.32843137,0.41820496,0.23846582,2024-04-21,2501,"{""type"":""MultiPoint"",""coordinates"":[]}"
2507_0,0.030054646,0.16791782,0.12320699,2024-04-21,2507,"{""type"":""MultiPoint"",""coordinates"":[]}"
2508_0,0.045378152,0.10350019,0.096894875,2024-04-21,2508,"{""type"":""MultiPoint"",""coordinates"":[]}"
2509_0,0.124741964,0.606075,0.065491185,2024-04-21,2509,"{""type"":""MultiPoint"",""coordinates"":[]}"
2510_0,0.23287672,0.6176239,0.22966507,2024-04-21,2510,"{""type"":""MultiPoint"",""coordinates"":[]}"
2516_0,0.12823741,0.02882096,-0.014122816,2024-04-21,2516,"{""type"":""MultiPoint"",""coordinates"":[]}"
2518_0,0.04426123,0.17193308,0.0676262,2024-04-21,2518,"{""type"":""MultiPoint"",""coordinates"":[]}"
2520_0,0.06990227,0.06146572,0.1225877,2024-04-21,2520,"{""type"":""MultiPoint"",""coordinates"":[]}"
2527_0,0.11208791,0.166759,0.10175255,2024-04-21,2527,"{""type"":""MultiPoint"",""coordinates"":[]}"
2529_0,0.027892392,0.06135402,0.010915197,2024-04-21,2529,"{""type"":""MultiPoint"",""coordinates"":[]}"
2530_0,0.12978104,0.119857945,0.24085915,2024-04-21,2530,"{""type"":""MultiPoint"",""coordinates"":[]}"
2532_0,0.05061172,0.07527926,0.091446884,2024-04-21,2532,"{""type"":""MultiPoint"",""coordinates"":[]}"
2544_0,0.2305089,0.006391138,0.2122923,2024-04-21,2544,"{""type"":""MultiPoint"",""coordinates"":[]}"
2550_0,0.14003862,0.020072993,0.17862555,2024-04-21,2550,"{""type"":""MultiPoint"",""coordinates"":[]}"
2557_0,0.094883,0.29526123,0.095580675,2024-04-21,2557,"{""type"":""MultiPoint"",""coordinates"":[]}"
2558_0,0.12960778,0.039014373,0.15665404,2024-04-21,2558,"{""type"":""MultiPoint"",""coordinates"":[]}"
2563_0,-0.006013878,0.26465365,0.043682206,2024-04-21,2563,"{""type"":""MultiPoint"",""coordinates"":[]}"
2564_0,0.04443679,0.2515528,0.07502501,2024-04-21,2564,"{""type"":""MultiPoint"",""coordinates"":[]}"
2567_0,-0.010966058,0.108561344,0.01865369,2024-04-21,2567,"{""type"":""MultiPoint"",""coordinates"":[]}"
2569_0,0.24193548,0.3802817,0.18575554,2024-04-21,2569,"{""type"":""MultiPoint"",""coordinates"":[]}"
2570_0,0.049697865,0.041719344,-0.077912994,2024-04-21,2570,"{""type"":""MultiPoint"",""coordinates"":[]}"
2571_0,0.20339668,0.7117712,0.22471468,2024-04-21,2571,"{""type"":""MultiPoint"",""coordinates"":[]}"
2572_0,0.11389779,0.056311883,0.1846968,2024-04-21,2572,"{""type"":""MultiPoint"",""coordinates"":[]}"
2573_0,-0.0066367714,0.39063427,-0.08928572,2024-04-21,2573,"{""type"":""MultiPoint"",""coordinates"":[]}"
2589_0,0.077959925,0.5567867,0.05223741,2024-04-21,2589,"{""type"":""MultiPoint"",""coordinates"":[]}"
2597_0,-0.033880904,0.4249234,-0.039752193,2024-04-21,2597,"{""type"":""MultiPoint"",""coordinates"":[]}"
2599_0,0.23994127,0.7215816,0.23522459,2024-04-21,2599,"{""type"":""MultiPoint"",""coordinates"":[]}"
2601_0,0.24247065,0.7690015,0.23068948,2024-04-21,2601,"{""type"":""MultiPoint"",""coordinates"":[]}"
2602_0,0.31260228,0.7700405,0.26871735,2024-04-21,2602,"{""type"":""MultiPoint"",""coordinates"":[]}"
2611_0,0.066308245,0.5619147,0.07080435,2024-04-21,2611,"{""type"":""MultiPoint"",""coordinates"":[]}"
2615_0,0.23871547,0.77592295,0.2400807,2024-04-21,2615,"{""type"":""MultiPoint"",""coordinates"":[]}"
2712_0,0.15804195,0.6720867,0.15489003,2024-04-21,2712,"{""type"":""MultiPoint"",""coordinates"":[]}"
2713_0,0.21218899,0.7216534,0.23403099,2024-04-21,2713,"{""type"":""MultiPoint"",""coordinates"":[]}"
2714_0,0.13566312,0.58045065,0.111359075,2024-04-21,2714,"{""type"":""MultiPoint"",""coordinates"":[]}"
2715_0,0.13330102,0.70735526,0.099244334,2024-04-21,2715,"{""type"":""MultiPoint"",""coordinates"":[]}"
2716_0,0.17839196,0.7796226,0.18106687,2024-04-21,2716,"{""type"":""MultiPoint"",""coordinates"":[]}"
2717_0,0.28055698,0.7331461,0.2777634,2024-04-21,2717,"{""type"":""MultiPoint"",""coordinates"":[]}"
2718_0,0.35730338,0.8410104,0.36830482,2024-04-21,2718,"{""type"":""MultiPoint"",""coordinates"":[]}"
2719_0,0.20509322,0.6737219,0.19036591,2024-04-21,2719,"{""type"":""MultiPoint"",""coordinates"":[]}"
2720_0,0.1408971,0.64979917,0.11569799,2024-04-21,2720,"{""type"":""MultiPoint"",""coordinates"":[]}"
2721_0,0.2316554,0.76241267,0.21933842,2024-04-21,2721,"{""type"":""MultiPoint"",""coordinates"":[]}"
2722_0,0.25586542,0.74733096,0.2733953,2024-04-21,2722,"{""type"":""MultiPoint"",""coordinates"":[]}"
2723_0,0.19630484,0.70542634,0.19195047,2024-04-21,2723,"{""type"":""MultiPoint"",""coordinates"":[]}"
2724_0,0.18060315,0.44768158,0.19209325,2024-04-21,2724,"{""type"":""MultiPoint"",""coordinates"":[]}"
2725_0,0.30247578,0.70197487,0.32217574,2024-04-21,2725,"{""type"":""MultiPoint"",""coordinates"":[]}"
2726_0,0.25460455,0.7163324,0.27041358,2024-04-21,2726,"{""type"":""MultiPoint"",""coordinates"":[]}"
2727_0,-0.079177834,0.44701582,-0.11918443,2024-04-21,2727,"{""type"":""MultiPoint"",""coordinates"":[]}"
2728_0,0.19149952,0.663216,0.17475018,2024-04-21,2728,"{""type"":""MultiPoint"",""coordinates"":[]}"
2729_0,0.16762474,0.6301836,0.13973384,2024-04-21,2729,"{""type"":""MultiPoint"",""coordinates"":[]}"
2773_0,0.10422825,0.32047912,0.12929419,2024-04-21,2773,"{""type"":""MultiPoint"",""coordinates"":[]}"
2774_0,0.044841416,0.07854985,0.13348326,2024-04-21,2774,"{""type"":""MultiPoint"",""coordinates"":[]}"
2776_0,0.09300184,0.33986288,0.16277093,2024-04-21,2776,"{""type"":""MultiPoint"",""coordinates"":[]}"
2779_0,0.048257813,0.28121895,0.14150804,2024-04-21,2779,"{""type"":""MultiPoint"",""coordinates"":[]}"
2781_0,0.2942837,0.5809524,0.3315508,2024-04-21,2781,"{""type"":""MultiPoint"",""coordinates"":[]}"
2783_0,0.03500454,0.094449855,0.17012233,2024-04-21,2783,"{""type"":""MultiPoint"",""coordinates"":[]}"
2788_0,0.0378161,0.080091536,0.09663835,2024-04-21,2788,"{""type"":""MultiPoint"",""coordinates"":[]}"
2790_0,0.29372495,0.6421435,0.26168877,2024-04-21,2790,"{""type"":""MultiPoint"",""coordinates"":[]}"
2793_0,0.3236838,0.7567568,0.3235762,2024-04-21,2793,"{""type"":""MultiPoint"",""coordinates"":[]}"
2797_0,0.12168593,0.27437186,0.19098309,2024-04-21,2797,"{""type"":""MultiPoint"",""coordinates"":[]}"
2802_0,0.23492008,0.5885292,0.24311459,2024-04-21,2802,"{""type"":""MultiPoint"",""coordinates"":[]}"
2804_0,0.15491998,0.36121124,0.20677532,2024-04-21,2804,"{""type"":""MultiPoint"",""coordinates"":[]}"
2809_0,0.11415419,0.03529412,0.14638665,2024-04-21,2809,"{""type"":""MultiPoint"",""coordinates"":[]}"
2810_0,0.25456542,-0.0017996401,0.28110865,2024-04-21,2810,"{""type"":""MultiPoint"",""coordinates"":[]}"
2814_0,0.057291668,0.17628866,0.09121339,2024-04-21,2814,"{""type"":""MultiPoint"",""coordinates"":[]}"
2815_0,0.17364492,-0.019736841,0.16824567,2024-04-21,2815,"{""type"":""MultiPoint"",""coordinates"":[]}"
2818_0,0.27640536,0.0292701,0.33141625,2024-04-21,2818,"{""type"":""MultiPoint"",""coordinates"":[]}"
2819_0,0.24977528,0.05047216,0.31801236,2024-04-21,2819,"{""type"":""MultiPoint"",""coordinates"":[]}"
2821_0,0.049831506,0.04092976,0.10856989,2024-04-21,2821,"{""type"":""MultiPoint"",""coordinates"":[]}"
2826_0,0.22346851,-0.018608414,0.21269682,2024-04-21,2826,"{""type"":""MultiPoint"",""coordinates"":[]}"
2828_0,0.03299622,0.08625337,0.0107639255,2024-04-21,2828,"{""type"":""MultiPoint"",""coordinates"":[]}"
2829_0,0.19370142,-0.015468608,0.17170897,2024-04-21,2829,"{""type"":""MultiPoint"",""coordinates"":[]}"
2831_0,0.15295288,0.5374215,0.109987795,2024-04-21,2831,"{""type"":""MultiPoint"",""coordinates"":[]}"
2855_0,0.2089448,0.72695285,0.18208092,2024-04-21,2855,"{""type"":""MultiPoint"",""coordinates"":[]}"
2856_0,0.17411545,0.45496535,0.17373079,2024-04-21,2856,"{""type"":""MultiPoint"",""coordinates"":[]}"
2857_0,0.18089315,0.66239816,0.19298245,2024-04-21,2857,"{""type"":""MultiPoint"",""coordinates"":[]}"
2860_0,0.14948684,0.64866626,0.14144143,2024-04-21,2860,"{""type"":""MultiPoint"",""coordinates"":[]}"
2862_0,0.25533935,0.74044794,0.25480884,2024-04-21,2862,"{""type"":""MultiPoint"",""coordinates"":[]}"
2863_0,0.22104827,0.789911,0.23202614,2024-04-21,2863,"{""type"":""MultiPoint"",""coordinates"":[]}"
2874_0,0.11142022,0.36141303,0.11302416,2024-04-21,2874,"{""type"":""MultiPoint"",""coordinates"":[]}"
2876_0,0.29045752,0.75793356,0.27413747,2024-04-21,2876,"{""type"":""MultiPoint"",""coordinates"":[]}"
2959_0,0.21179093,0.6798847,0.18847233,2024-04-21,2959,"{""type"":""MultiPoint"",""coordinates"":[]}"
2999_0,0.29217306,0.7544329,0.28592446,2024-04-21,2999,"{""type"":""MultiPoint"",""coordinates"":[]}"
3000_0,0.3246199,0.7422158,0.31045753,2024-04-21,3000,"{""type"":""MultiPoint"",""coordinates"":[]}"
3001_0,0.34194216,0.7765876,0.2914349,2024-04-21,3001,"{""type"":""MultiPoint"",""coordinates"":[]}"
3002_0,0.2509983,0.7672931,0.25461254,2024-04-21,3002,"{""type"":""MultiPoint"",""coordinates"":[]}"
3003_0,0.16172507,0.6462141,0.14949863,2024-04-21,3003,"{""type"":""MultiPoint"",""coordinates"":[]}"
3004_0,0.12619995,0.6755283,0.13691027,2024-04-21,3004,"{""type"":""MultiPoint"",""coordinates"":[]}"
3005_0,0.2692753,0.6717502,0.18659794,2024-04-21,3005,"{""type"":""MultiPoint"",""coordinates"":[]}"
3006_0,0.19208899,0.66714907,0.17013712,2024-04-21,3006,"{""type"":""MultiPoint"",""coordinates"":[]}"
3007_0,0.29572836,0.74825686,0.29880044,2024-04-21,3007,"{""type"":""MultiPoint"",""coordinates"":[]}"
3008_0,0.044346783,0.5737463,-0.05700398,2024-04-21,3008,"{""type"":""MultiPoint"",""coordinates"":[]}"
3009_0,0.11275964,0.6128049,0.08235294,2024-04-21,3009,"{""type"":""MultiPoint"",""coordinates"":[]}"
3010_0,0.24980216,0.6313331,0.22968581,2024-04-21,3010,"{""type"":""MultiPoint"",""coordinates"":[]}"
3011_0,0.16847938,0.6648385,0.14838168,2024-04-21,3011,"{""type"":""MultiPoint"",""coordinates"":[]}"
3012_0,0.20729515,0.67099565,0.20031096,2024-04-21,3012,"{""type"":""MultiPoint"",""coordinates"":[]}"
3013_0,0.2748503,0.71955717,0.21235773,2024-04-21,3013,"{""type"":""MultiPoint"",""coordinates"":[]}"
3014_0,-0.020322887,0.4417788,-0.043106794,2024-04-21,3014,"{""type"":""MultiPoint"",""coordinates"":[]}"
3015_0,0.33650085,0.74424744,0.32152045,2024-04-21,3015,"{""type"":""MultiPoint"",""coordinates"":[]}"
3016_0,0.22886512,0.636153,0.21149722,2024-04-21,3016,"{""type"":""MultiPoint"",""coordinates"":[]}"
3077_0,0.2676158,0.79807204,0.27116212,2024-04-21,3077,"{""type"":""MultiPoint"",""coordinates"":[]}"
3082_0,0.1156851,0.60704845,0.106964044,2024-04-21,3082,"{""type"":""MultiPoint"",""coordinates"":[]}"
3118_0,0.047550432,0.50792325,0.044935703,2024-04-21,3118,"{""type"":""MultiPoint"",""coordinates"":[]}"
3132_0,0.29555896,0.6530806,0.3093093,2024-04-21,3132,"{""type"":""MultiPoint"",""coordinates"":[]}"
3152_0,0.28676966,0.63139933,0.28581035,2024-04-21,3152,"{""type"":""MultiPoint"",""coordinates"":[]}"
3164_0,0.2554184,0.71005917,0.2602889,2024-04-21,3164,"{""type"":""MultiPoint"",""coordinates"":[]}"
3165_0,0.13814756,0.6294948,0.13201581,2024-04-21,3165,"{""type"":""MultiPoint"",""coordinates"":[]}"
3168_0,0.3127148,0.5895611,0.25233644,2024-04-21,3168,"{""type"":""MultiPoint"",""coordinates"":[]}"
3169_0,0.15431571,0.045436267,0.20043862,2024-04-21,3169,"{""type"":""MultiPoint"",""coordinates"":[]}"
3173_0,0.35274652,0.7294606,0.36120182,2024-04-21,3173,"{""type"":""MultiPoint"",""coordinates"":[]}"
3176_0,0.1108847,0.64429355,0.09191814,2024-04-21,3176,"{""type"":""MultiPoint"",""coordinates"":[]}"
3184_0,0.20997162,0.11396344,0.19011012,2024-04-21,3184,"{""type"":""MultiPoint"",""coordinates"":[]}"
3187_0,0.08870104,0.1580776,0.022102976,2024-04-21,3187,"{""type"":""MultiPoint"",""coordinates"":[]}"
3189_0,0.1618775,0.04416404,0.18260482,2024-04-21,3189,"{""type"":""MultiPoint"",""coordinates"":[]}"
3190_0,0.23233074,0.7004968,0.21424046,2024-04-21,3190,"{""type"":""MultiPoint"",""coordinates"":[]}"
3196_0,0.18815075,0.78707576,0.16273442,2024-04-21,3196,"{""type"":""MultiPoint"",""coordinates"":[]}"
3199_0,-0.054849606,0.49157733,-0.05757136,2024-04-21,3199,"{""type"":""MultiPoint"",""coordinates"":[]}"
3203_0,0.2575387,0.54213035,0.031366296,2024-04-21,3203,"{""type"":""MultiPoint"",""coordinates"":[]}"
3205_0,0.14249812,0.70392305,0.14870259,2024-04-21,3205,"{""type"":""MultiPoint"",""coordinates"":[]}"
3208_0,0.090968214,0.03590384,0.08546659,2024-04-21,3208,"{""type"":""MultiPoint"",""coordinates"":[]}"
3209_0,0.18305719,0.7190216,0.16349706,2024-04-21,3209,"{""type"":""MultiPoint"",""coordinates"":[]}"
3211_0,0.10430343,0.24024872,0.28229105,2024-04-21,3211,"{""type"":""MultiPoint"",""coordinates"":[]}"
3213_0,0.12963268,0.628671,0.10652689,2024-04-21,3213,"{""type"":""MultiPoint"",""coordinates"":[]}"
3214_0,0.3450248,0.5420642,0.3485021,2024-04-21,3214,"{""type"":""MultiPoint"",""coordinates"":[]}"
3218_0,0.022110105,0.43897995,-0.02091402,2024-04-21,3218,"{""type"":""MultiPoint"",""coordinates"":[]}"
3221_0,0.13037612,0.35840368,0.15724093,2024-04-21,3221,"{""type"":""MultiPoint"",""coordinates"":[]}"
3222_0,0.09953721,0.037705448,0.024743415,2024-04-21,3222,"{""type"":""MultiPoint"",""coordinates"":[]}"
3229_0,0.14910941,0.021262458,0.19054995,2024-04-21,3229,"{""type"":""MultiPoint"",""coordinates"":[]}"
3230_0,-0.021056265,0.5066744,-0.06517825,2024-04-21,3230,"{""type"":""MultiPoint"",""coordinates"":[]}"
3232_0,0.1321897,0.19415645,0.08198121,2024-04-21,3232,"{""type"":""MultiPoint"",""coordinates"":[]}"
3234_0,0.16894977,0.017496636,0.19612367,2024-04-21,3234,"{""type"":""MultiPoint"",""coordinates"":[]}"
3239_0,0.4997538,0.7638554,0.48478702,2024-04-21,3239,"{""type"":""MultiPoint"",""coordinates"":[]}"
3240_0,-0.01266256,0.4613956,-0.035883073,2024-04-21,3240,"{""type"":""MultiPoint"",""coordinates"":[]}"
3241_0,0.353139,0.6886314,0.3379231,2024-04-21,3241,"{""type"":""MultiPoint"",""coordinates"":[]}"
3245_0,0.020122088,0.19001701,-0.016178194,2024-04-21,3245,"{""type"":""MultiPoint"",""coordinates"":[]}"
3261_0,0.07903737,0.062237173,0.16305035,2024-04-21,3261,"{""type"":""MultiPoint"",""coordinates"":[]}"
3270_0,0.13367175,0.42857143,0.17419355,2024-04-21,3270,"{""type"":""MultiPoint"",""coordinates"":[]}"
3274_0,0.15502916,0.77151483,0.19120136,2024-04-21,3274,"{""type"":""MultiPoint"",""coordinates"":[]}"
3278_0,0.12849404,0.62768817,0.092713736,2024-04-21,3278,"{""type"":""MultiPoint"",""coordinates"":[]}"
3281_0,0.09919283,0.29443207,0.07291859,2024-04-21,3281,"{""type"":""MultiPoint"",""coordinates"":[]}"
3282_0,0.13131128,-0.05192802,-0.12482202,2024-04-21,3282,"{""type"":""MultiPoint"",""coordinates"":[]}"
3285_0,0.15318416,0.6356325,0.08851379,2024-04-21,3285,"{""type"":""MultiPoint"",""coordinates"":[]}"
3289_0,0.06464114,0.59834796,0.012923278,2024-04-21,3289,"{""type"":""MultiPoint"",""coordinates"":[]}"
3298_0,0.09532235,0.053874537,0.16541699,2024-04-21,3298,"{""type"":""MultiPoint"",""coordinates"":[]}"
3301_0,0.40294957,0.020826858,0.44701475,2024-04-21,3301,"{""type"":""MultiPoint"",""coordinates"":[]}"
3307_0,0.05131015,0.03872809,0.033986,2024-04-21,3307,"{""type"":""MultiPoint"",""coordinates"":[]}"
3312_0,0.27852762,0.7890533,0.29832935,2024-04-21,3312,"{""type"":""MultiPoint"",""coordinates"":[]}"
3314_0,0.3006869,0.005489743,0.30075222,2024-04-21,3314,"{""type"":""MultiPoint"",""coordinates"":[]}"
3316_0,0.09149952,0.5771554,0.09409524,2024-04-21,3316,"{""type"":""MultiPoint"",""coordinates"":[]}"
3318_0,0.20717543,0.015849613,0.25679758,2024-04-21,3318,"{""type"":""MultiPoint"",""coordinates"":[]}"
3341_0,0.006308429,0.07964602,0.0886023,2024-04-21,3341,"{""type"":""MultiPoint"",""coordinates"":[]}"
3342_0,0.120619245,0.04627451,0.19333556,2024-04-21,3342,"{""type"":""MultiPoint"",""coordinates"":[]}"
3352_0,0.16356674,0.14301075,0.16333789,2024-04-21,3352,"{""type"":""MultiPoint"",""coordinates"":[]}"
3357_0,0.17270489,0.6383808,0.0747443,2024-04-21,3357,"{""type"":""MultiPoint"",""coordinates"":[]}"
3358_0,0.07458803,0.28421053,-0.04454234,2024-04-21,3358,"{""type"":""MultiPoint"",""coordinates"":[]}"
3360_0,0.1363082,0.0059726965,0.16747122,2024-04-21,3360,"{""type"":""MultiPoint"",""coordinates"":[]}"
3363_0,0.041533545,0.13197705,0.053398058,2024-04-21,3363,"{""type"":""MultiPoint"",""coordinates"":[]}"
3430_0,0.17417088,0.69325155,0.110269755,2024-04-21,3430,"{""type"":""MultiPoint"",""coordinates"":[]}"
3432_0,0.17358625,0.613851,0.14243269,2024-04-21,3432,"{""type"":""MultiPoint"",""coordinates"":[]}"
3435_0,0.3591889,0.87102044,0.3943726,2024-04-21,3435,"{""type"":""MultiPoint"",""coordinates"":[]}"
3436_0,0.0967069,0.49914238,0.07124253,2024-04-21,3436,"{""type"":""MultiPoint"",""coordinates"":[]}"
3438_0,0.1510319,0.6168478,0.13603818,2024-04-21,3438,"{""type"":""MultiPoint"",""coordinates"":[]}"
3626_0,0.24874172,0.592643,0.24494143,2024-04-21,3626,"{""type"":""MultiPoint"",""coordinates"":[]}"
3656_0,0.38128385,0.74747473,0.36758894,2024-04-21,3656,"{""type"":""MultiPoint"",""coordinates"":[]}"
3660_0,0.31690836,0.82774544,0.30467182,2024-04-21,3660,"{""type"":""MultiPoint"",""coordinates"":[]}"
3662_0,0.08108108,0.21654816,0.12274422,2024-04-21,3662,"{""type"":""MultiPoint"",""coordinates"":[]}"
3667_0,0.2353995,0.78601694,0.22484562,2024-04-21,3667,"{""type"":""MultiPoint"",""coordinates"":[]}"
3671_0,0.21072088,0.6707589,0.16747904,2024-04-21,3671,"{""type"":""MultiPoint"",""coordinates"":[]}"
3673_0,0.17618376,0.5655058,0.08101918,2024-04-21,3673,"{""type"":""MultiPoint"",""coordinates"":[]}"
3674_0,0.106420405,0.65769,0.0433145,2024-04-21,3674,"{""type"":""MultiPoint"",""coordinates"":[]}"
3675_0,0.16708152,0.025504783,0.18096986,2024-04-21,3675,"{""type"":""MultiPoint"",""coordinates"":[]}"
3676_0,0.24981017,0.7835951,0.24672157,2024-04-21,3676,"{""type"":""MultiPoint"",""coordinates"":[]}"
3681_0,0.18618308,0.7020408,0.17217147,2024-04-21,3681,"{""type"":""MultiPoint"",""coordinates"":[]}"
3682_0,0.16547717,0.67510355,0.18297042,2024-04-21,3682,"{""type"":""MultiPoint"",""coordinates"":[]}"
3685_0,0.3011734,0.6468591,0.28818062,2024-04-21,3685,"{""type"":""MultiPoint"",""coordinates"":[]}"
3687_0,0.24728726,0.6370171,0.16050956,2024-04-21,3687,"{""type"":""MultiPoint"",""coordinates"":[]}"
3690_0,0.04976701,0.5164319,0.0068186247,2024-04-21,3690,"{""type"":""MultiPoint"",""coordinates"":[]}"
3695_0,0.38865516,0.87621117,0.3849073,2024-04-21,3695,"{""type"":""MultiPoint"",""coordinates"":[]}"
3697_0,0.08888889,0.2844558,0.095624775,2024-04-21,3697,"{""type"":""MultiPoint"",""coordinates"":[]}"
3699_0,0.1903871,0.49833414,0.056198623,2024-04-21,3699,"{""type"":""MultiPoint"",""coordinates"":[]}"
3705_0,0.022534762,0.068008326,0.0032594525,2024-04-21,3705,"{""type"":""MultiPoint"",""coordinates"":[]}"
3711_0,0.017185058,0.19727273,0.2071494,2024-04-21,3711,"{""type"":""MultiPoint"",""coordinates"":[]}"
3714_0,0.22781336,0.0764095,0.15802075,2024-04-21,3714,"{""type"":""MultiPoint"",""coordinates"":[]}"
3716_0,0.35641026,0.7655678,0.12288876,2024-04-21,3716,"{""type"":""MultiPoint"",""coordinates"":[]}"
3719_0,0.090098575,0.04385965,0.13563164,2024-04-21,3719,"{""type"":""MultiPoint"",""coordinates"":[]}"
3721_0,0.4348936,0.68139774,0.4226087,2024-04-21,3721,"{""type"":""MultiPoint"",""coordinates"":[]}"
3726_0,0.1595286,0.5104641,0.26012146,2024-04-21,3726,"{""type"":""MultiPoint"",""coordinates"":[]}"
3730_0,0.04908836,0.64715314,0.04836034,2024-04-21,3730,"{""type"":""MultiPoint"",""coordinates"":[]}"
3735_0,0.19418287,0.015114236,0.23004845,2024-04-21,3735,"{""type"":""MultiPoint"",""coordinates"":[]}"
3736_0,0.21194564,0.00138217,0.21554029,2024-04-21,3736,"{""type"":""MultiPoint"",""coordinates"":[]}"
3739_0,0.3466762,0.8365079,0.33892667,2024-04-21,3739,"{""type"":""MultiPoint"",""coordinates"":[]}"
3741_0,0.09572818,0.21789998,0.12983313,2024-04-21,3741,"{""type"":""MultiPoint"",""coordinates"":[]}"
3744_0,0.12659888,0.586986,0.13748989,2024-04-21,3744,"{""type"":""MultiPoint"",""coordinates"":[]}"
3746_0,0.15170279,0.5,0.15562403,2024-04-21,3746,"{""type"":""MultiPoint"",""coordinates"":[]}"
3747_0,0.13911206,0.6365308,0.13472164,2024-04-21,3747,"{""type"":""MultiPoint"",""coordinates"":[]}"
3748_0,0.20443301,0.63060373,0.15154074,2024-04-21,3748,"{""type"":""MultiPoint"",""coordinates"":[]}"
3753_0,0.25237697,0.77560496,0.23684658,2024-04-21,3753,"{""type"":""MultiPoint"",""coordinates"":[]}"
3759_0,0.43636364,0.69279,0.40747178,2024-04-21,3759,"{""type"":""MultiPoint"",""coordinates"":[]}"
3760_0,0.24227902,0.7027439,0.22176647,2024-04-21,3760,"{""type"":""MultiPoint"",""coordinates"":[]}"
3763_0,0.1329895,0.07470079,0.22138837,2024-04-21,3763,"{""type"":""MultiPoint"",""coordinates"":[]}"
3764_0,0.04768111,0.09481077,0.12284914,2024-04-21,3764,"{""type"":""MultiPoint"",""coordinates"":[]}"
3765_0,0.13649593,0.33123228,0.17480184,2024-04-21,3765,"{""type"":""MultiPoint"",""coordinates"":[]}"
3766_0,0.026198566,0.0628346,0.07825341,2024-04-21,3766,"{""type"":""MultiPoint"",""coordinates"":[]}"
3767_0,0.12742433,0.03551532,0.10537075,2024-04-21,3767,"{""type"":""MultiPoint"",""coordinates"":[]}"
3768_0,0.09752166,0.022434719,0.107680045,2024-04-21,3768,"{""type"":""MultiPoint"",""coordinates"":[]}"
3769_0,0.2112112,0.39636365,0.18762887,2024-04-21,3769,"{""type"":""MultiPoint"",""coordinates"":[]}"
3770_0,0.066819064,0.21995094,0.058625277,2024-04-21,3770,"{""type"":""MultiPoint"",""coordinates"":[]}"
3771_0,0.2384,0.54158217,0.22977346,2024-04-21,3771,"{""type"":""MultiPoint"",""coordinates"":[]}"
3774_0,0.10254836,0.5514184,0.08983341,2024-04-21,3774,"{""type"":""MultiPoint"",""coordinates"":[]}"
3778_0,-0.037683822,0.42705825,-0.06660368,2024-04-21,3778,"{""type"":""MultiPoint"",""coordinates"":[]}"
3781_0,0.3172043,0.5463451,0.07154047,2024-04-21,3781,"{""type"":""MultiPoint"",""coordinates"":[]}"
3785_0,0.2191977,0.70225567,0.21807748,2024-04-21,3785,"{""type"":""MultiPoint"",""coordinates"":[]}"
3786_0,0.20014812,0.7134784,0.16795069,2024-04-21,3786,"{""type"":""MultiPoint"",""coordinates"":[]}"
3789_0,0.12849769,0.61896837,0.096338026,2024-04-21,3789,"{""type"":""MultiPoint"",""coordinates"":[]}"
3792_0,0.10340439,0.59367275,0.067196295,2024-04-21,3792,"{""type"":""MultiPoint"",""coordinates"":[]}"
3795_0,0.06291016,0.084686264,0.08838745,2024-04-21,3795,"{""type"":""MultiPoint"",""coordinates"":[]}"
3799_0,0.09427513,0.4564302,0.17144346,2024-04-21,3799,"{""type"":""MultiPoint"",""coordinates"":[]}"
3801_0,0.22879957,0.043375395,0.30779687,2024-04-21,3801,"{""type"":""MultiPoint"",""coordinates"":[]}"
3803_0,0.12590541,0.050687622,0.13173209,2024-04-21,3803,"{""type"":""MultiPoint"",""coordinates"":[]}"
3808_0,0.085376665,0.045024376,0.08130564,2024-04-21,3808,"{""type"":""MultiPoint"",""coordinates"":[]}"
3811_0,0.025686923,0.06170135,0.03312905,2024-04-21,3811,"{""type"":""MultiPoint"",""coordinates"":[]}"
3820_0,0.1650655,0.33333334,0.15248227,2024-04-21,3820,"{""type"":""MultiPoint"",""coordinates"":[]}"
3822_0,0.16079958,0.65195334,0.15707178,2024-04-21,3822,"{""type"":""MultiPoint"",""coordinates"":[]}"
3825_0,0.20101413,0.7826911,0.12251392,2024-04-21,3825,"{""type"":""MultiPoint"",""coordinates"":[]}"
3851_0,0.08857636,0.02933004,0.09230895,2024-04-21,3851,"{""type"":""MultiPoint"",""coordinates"":[]}"
3852_0,0.07542396,0.03902919,0.12440106,2024-04-21,3852,"{""type"":""MultiPoint"",""coordinates"":[]}"
3855_0,0.042522497,0.014659686,0.053189322,2024-04-21,3855,"{""type"":""MultiPoint"",""coordinates"":[]}"
3861_0,0.28883904,0.51956815,0.27954546,2024-04-21,3861,"{""type"":""MultiPoint"",""coordinates"":[]}"
3867_0,0.1597826,0.016470589,0.19688311,2024-04-21,3867,"{""type"":""MultiPoint"",""coordinates"":[]}"
3871_0,0.3048072,0.7103348,0.2820513,2024-04-21,3871,"{""type"":""MultiPoint"",""coordinates"":[]}"
3874_0,0.2933526,0.47333333,0.28769118,2024-04-21,3874,"{""type"":""MultiPoint"",""coordinates"":[]}"
3941_0,0.2203806,0.67487687,0.2326284,2024-04-21,3941,"{""type"":""MultiPoint"",""coordinates"":[]}"
3945_0,0.18558626,0.57575756,0.16898456,2024-04-21,3945,"{""type"":""MultiPoint"",""coordinates"":[]}"
3946_0,0.19660679,0.73338175,0.1941942,2024-04-21,3946,"{""type"":""MultiPoint"",""coordinates"":[]}"
3948_0,0.2523191,0.72740597,0.18777293,2024-04-21,3948,"{""type"":""MultiPoint"",""coordinates"":[]}"
3949_0,0.15603584,0.69403255,0.18792798,2024-04-21,3949,"{""type"":""MultiPoint"",""coordinates"":[]}"
3954_0,0.25723222,0.74647886,0.27016646,2024-04-21,3954,"{""type"":""MultiPoint"",""coordinates"":[]}"
3956_0,0.27451858,0.76706827,0.23943663,2024-04-21,3956,"{""type"":""MultiPoint"",""coordinates"":[]}"
3957_0,0.2690977,0.6893401,0.29025587,2024-04-21,3957,"{""type"":""MultiPoint"",""coordinates"":[]}"
3978_0,0.2858908,0.7574893,0.26068047,2024-04-21,3978,"{""type"":""MultiPoint"",""coordinates"":[]}"
4175_0,0.1727208,0.7351167,0.17492452,2024-04-21,4175,"{""type"":""MultiPoint"",""coordinates"":[]}"
4176_0,0.09330494,0.16140777,0.058335636,2024-04-21,4176,"{""type"":""MultiPoint"",""coordinates"":[]}"
4177_0,0.17513482,0.016628874,0.19389737,2024-04-21,4177,"{""type"":""MultiPoint"",""coordinates"":[]}"
4178_0,0.13990147,0.68431276,0.13947758,2024-04-21,4178,"{""type"":""MultiPoint"",""coordinates"":[]}"
4179_0,0.052117262,0.08819277,0.06957191,2024-04-21,4179,"{""type"":""MultiPoint"",""coordinates"":[]}"
4180_0,0.37718463,0.807462,0.33378655,2024-04-21,4180,"{""type"":""MultiPoint"",""coordinates"":[]}"
4181_0,0.07632782,0.67763156,0.07632782,2024-04-21,4181,"{""type"":""MultiPoint"",""coordinates"":[]}"
4182_0,-0.007730365,0.39363638,-0.030513834,2024-04-21,4182,"{""type"":""MultiPoint"",""coordinates"":[]}"
4183_0,0.21835116,0.72480816,0.19616885,2024-04-21,4183,"{""type"":""MultiPoint"",""coordinates"":[]}"
4184_0,0.105029814,0.47152805,0.10200951,2024-04-21,4184,"{""type"":""MultiPoint"",""coordinates"":[]}"
4185_0,0.10080285,0.6087235,0.108753316,2024-04-21,4185,"{""type"":""MultiPoint"",""coordinates"":[]}"
4208_0,0.30518618,0.66754156,0.2917655,2024-04-21,4208,"{""type"":""MultiPoint"",""coordinates"":[]}"
4314_0,0.327958,0.837169,0.3488372,2024-04-21,4314,"{""type"":""MultiPoint"",""coordinates"":[]}"
4318_0,0.20815916,0.7651557,0.15428571,2024-04-21,4318,"{""type"":""MultiPoint"",""coordinates"":[]}"
4319_0,0.2564671,0.8118812,0.27175328,2024-04-21,4319,"{""type"":""MultiPoint"",""coordinates"":[]}"
4328_0,0.17422664,0.65403926,0.16903226,2024-04-21,4328,"{""type"":""MultiPoint"",""coordinates"":[]}"
4338_0,0.3878109,0.71355337,0.4095941,2024-04-21,4338,"{""type"":""MultiPoint"",""coordinates"":[]}"
4339_0,0.3300171,0.84151596,0.32980874,2024-04-21,4339,"{""type"":""MultiPoint"",""coordinates"":[]}"
4351_0,0.26410416,0.7631258,0.29197735,2024-04-21,4351,"{""type"":""MultiPoint"",""coordinates"":[]}"
4355_0,0.27981338,0.8197787,0.32752433,2024-04-21,4355,"{""type"":""MultiPoint"",""coordinates"":[]}"
4358_0,0.24675325,0.76747966,0.27638337,2024-04-21,4358,"{""type"":""MultiPoint"",""coordinates"":[]}"
4361_0,-0.0049933423,0.6151221,0.009351928,2024-04-21,4361,"{""type"":""MultiPoint"",""coordinates"":[]}"
4365_0,0.3044898,0.82533437,0.28960535,2024-04-21,4365,"{""type"":""MultiPoint"",""coordinates"":[]}"
4366_0,0.17448857,0.8276091,0.20093186,2024-04-21,4366,"{""type"":""MultiPoint"",""coordinates"":[]}"
4367_0,-0.02979767,0.431853,-0.057815846,2024-04-21,4367,"{""type"":""MultiPoint"",""coordinates"":[]}"
4369_0,0.1945382,0.6545454,0.16201118,2024-04-21,4369,"{""type"":""MultiPoint"",""coordinates"":[]}"
4370_0,0.2093254,0.7082282,0.17194805,2024-04-21,4370,"{""type"":""MultiPoint"",""coordinates"":[]}"
4374_0,0.081643835,0.6699611,0.051678613,2024-04-21,4374,"{""type"":""MultiPoint"",""coordinates"":[]}"
4375_0,0.0861796,0.672209,0.09901873,2024-04-21,4375,"{""type"":""MultiPoint"",""coordinates"":[]}"
4385_0,0.026271893,0.49272612,0.0053248135,2024-04-21,4385,"{""type"":""MultiPoint"",""coordinates"":[]}"
4392_0,0.12741165,0.69910485,0.12590891,2024-04-21,4392,"{""type"":""MultiPoint"",""coordinates"":[]}"
4393_0,0.31449503,0.776868,0.27717492,2024-04-21,4393,"{""type"":""MultiPoint"",""coordinates"":[]}"
4394_0,0.21250923,0.6869504,0.19989993,2024-04-21,4394,"{""type"":""MultiPoint"",""coordinates"":[]}"
4395_0,0.0905826,0.6568502,0.063488804,2024-04-21,4395,"{""type"":""MultiPoint"",""coordinates"":[]}"
4396_0,0.14681648,0.6915777,0.11189084,2024-04-21,4396,"{""type"":""MultiPoint"",""coordinates"":[]}"
4397_0,0.22396313,0.6215656,0.19549015,2024-04-21,4397,"{""type"":""MultiPoint"",""coordinates"":[]}"
4399_0,0.2537247,0.6695652,0.26371217,2024-04-21,4399,"{""type"":""MultiPoint"",""coordinates"":[]}"
4402_0,0.008264462,0.5647208,0.0012180269,2024-04-21,4402,"{""type"":""MultiPoint"",""coordinates"":[]}"
4406_0,0.047780924,0.60024226,0.023435988,2024-04-21,4406,"{""type"":""MultiPoint"",""coordinates"":[]}"
4409_0,0.11375981,0.47232947,0.07772021,2024-04-21,4409,"{""type"":""MultiPoint"",""coordinates"":[]}"
4415_0,0.072875194,0.6136489,0.04527629,2024-04-21,4415,"{""type"":""MultiPoint"",""coordinates"":[]}"
4417_0,0.051671732,0.5556775,0.0335277,2024-04-21,4417,"{""type"":""MultiPoint"",""coordinates"":[]}"
4420_0,-0.044886462,0.49716875,-0.057733428,2024-04-21,4420,"{""type"":""MultiPoint"",""coordinates"":[]}"
4426_0,0.197065,0.6293622,0.17153363,2024-04-21,4426,"{""type"":""MultiPoint"",""coordinates"":[]}"
4429_0,0.3814745,0.7576899,0.39061335,2024-04-21,4429,"{""type"":""MultiPoint"",""coordinates"":[]}"
4438_0,0.2665542,0.6628308,0.24864982,2024-04-21,4438,"{""type"":""MultiPoint"",""coordinates"":[]}"
4441_0,0.037684653,0.5262913,0.013597033,2024-04-21,4441,"{""type"":""MultiPoint"",""coordinates"":[]}"
4442_0,-0.008527756,0.46871796,-0.045015004,2024-04-21,4442,"{""type"":""MultiPoint"",""coordinates"":[]}"
4443_0,0.024126617,0.5249191,-0.035217036,2024-04-21,4443,"{""type"":""MultiPoint"",""coordinates"":[]}"
4447_0,0.036100347,0.55149937,0.0035842294,2024-04-21,4447,"{""type"":""MultiPoint"",""coordinates"":[]}"
4453_0,0.060580913,0.54350567,0.039049234,2024-04-21,4453,"{""type"":""MultiPoint"",""coordinates"":[]}"
4454_0,0.18410744,0.6660682,0.1952162,2024-04-21,4454,"{""type"":""MultiPoint"",""coordinates"":[]}"
4460_0,0.18387553,0.7322946,0.17117548,2024-04-21,4460,"{""type"":""MultiPoint"",""coordinates"":[]}"
4461_0,0.19504328,0.6392805,0.17429915,2024-04-21,4461,"{""type"":""MultiPoint"",""coordinates"":[]}"
4462_0,0.24187154,0.6699029,0.22308005,2024-04-21,4462,"{""type"":""MultiPoint"",""coordinates"":[]}"
4464_0,0.17146906,0.65692675,0.15754083,2024-04-21,4464,"{""type"":""MultiPoint"",""coordinates"":[]}"
4466_0,0.11800948,0.6060398,0.114020474,2024-04-21,4466,"{""type"":""MultiPoint"",""coordinates"":[]}"
4467_0,0.31114718,0.7274415,0.29258126,2024-04-21,4467,"{""type"":""MultiPoint"",""coordinates"":[]}"
4469_0,0.27882823,0.7321572,0.22936824,2024-04-21,4469,"{""type"":""MultiPoint"",""coordinates"":[]}"
4470_0,0.117772005,0.73000735,0.11568488,2024-04-21,4470,"{""type"":""MultiPoint"",""coordinates"":[]}"
4471_0,0.2670112,0.7066369,0.2851743,2024-04-21,4471,"{""type"":""MultiPoint"",""coordinates"":[]}"
4477_0,0.27931538,0.7788771,0.29004484,2024-04-21,4477,"{""type"":""MultiPoint"",""coordinates"":[]}"
4482_0,0.11191961,0.6074583,0.12210995,2024-04-21,4482,"{""type"":""MultiPoint"",""coordinates"":[]}"
4546_0,0.24837075,0.72858125,0.23657759,2024-04-21,4546,"{""type"":""MultiPoint"",""coordinates"":[]}"
4547_0,0.18826869,0.56284827,0.19056603,2024-04-21,4547,"{""type"":""MultiPoint"",""coordinates"":[]}"
4548_0,0.3429435,0.7568681,0.28834048,2024-04-21,4548,"{""type"":""MultiPoint"",""coordinates"":[]}"
4549_0,0.2121466,0.69711256,0.20982987,2024-04-21,4549,"{""type"":""MultiPoint"",""coordinates"":[]}"
4550_0,0.2867036,0.7741117,0.28818244,2024-04-21,4550,"{""type"":""MultiPoint"",""coordinates"":[]}"
4551_0,0.37742418,0.81254214,0.364467,2024-04-21,4551,"{""type"":""MultiPoint"",""coordinates"":[]}"
4552_0,0.21996161,0.68898976,0.18849841,2024-04-21,4552,"{""type"":""MultiPoint"",""coordinates"":[]}"
4553_0,0.32387447,0.7467249,0.27944168,2024-04-21,4553,"{""type"":""MultiPoint"",""coordinates"":[]}"
4554_0,0.31970158,0.78359646,0.3058923,2024-04-21,4554,"{""type"":""MultiPoint"",""coordinates"":[]}"
4555_0,0.2865552,0.8021837,0.29877344,2024-04-21,4555,"{""type"":""MultiPoint"",""coordinates"":[]}"
4556_0,0.35681185,0.7554304,0.354018,2024-04-21,4556,"{""type"":""MultiPoint"",""coordinates"":[]}"
4557_0,0.033818495,0.50436956,0.032783374,2024-04-21,4557,"{""type"":""MultiPoint"",""coordinates"":[]}"
4558_0,0.24061255,0.5828152,0.21475054,2024-04-21,4558,"{""type"":""MultiPoint"",""coordinates"":[]}"
4559_0,0.27801725,0.7046819,0.22766571,2024-04-21,4559,"{""type"":""MultiPoint"",""coordinates"":[]}"
4560_0,0.25711894,0.6652568,0.21677704,2024-04-21,4560,"{""type"":""MultiPoint"",""coordinates"":[]}"
4561_0,0.3478261,0.79404145,0.3446602,2024-04-21,4561,"{""type"":""MultiPoint"",""coordinates"":[]}"
4562_0,0.21077655,0.65901184,0.15531863,2024-04-21,4562,"{""type"":""MultiPoint"",""coordinates"":[]}"
4564_0,0.041658953,0.5336966,0.016343595,2024-04-21,4564,"{""type"":""MultiPoint"",""coordinates"":[]}"
4573_0,0.2462441,0.80482507,0.22369584,2024-04-21,4573,"{""type"":""MultiPoint"",""coordinates"":[]}"
4574_0,0.24424909,0.7757968,0.21407893,2024-04-21,4574,"{""type"":""MultiPoint"",""coordinates"":[]}"
4578_0,0.2780338,0.6227273,0.33895922,2024-04-21,4578,"{""type"":""MultiPoint"",""coordinates"":[]}"
4584_0,0.18236233,0.33515283,0.08832036,2024-04-21,4584,"{""type"":""MultiPoint"",""coordinates"":[]}"
4590_0,0.13496742,0.08757909,0.21933918,2024-04-21,4590,"{""type"":""MultiPoint"",""coordinates"":[]}"
4593_0,0.05943775,0.046291687,0.08954257,2024-04-21,4593,"{""type"":""MultiPoint"",""coordinates"":[]}"
4765_0,0.30262274,0.80342096,0.2600785,2024-04-21,4765,"{""type"":""MultiPoint"",""coordinates"":[]}"
4766_0,0.07742602,0.6302434,0.08011666,2024-04-21,4766,"{""type"":""MultiPoint"",""coordinates"":[]}"
4779_0,0.05031949,0.47037914,0.021399178,2024-04-21,4779,"{""type"":""MultiPoint"",""coordinates"":[]}"
4830_0,0.2807154,0.7701468,0.26674592,2024-04-21,4830,"{""type"":""MultiPoint"",""coordinates"":[]}"
4831_0,0.21615276,0.7414482,0.22042342,2024-04-21,4831,"{""type"":""MultiPoint"",""coordinates"":[]}"
4833_0,0.06514084,0.2031496,0.122394636,2024-04-21,4833,"{""type"":""MultiPoint"",""coordinates"":[]}"
4836_0,0.03575644,0.099162385,0.079045095,2024-04-21,4836,"{""type"":""MultiPoint"",""coordinates"":[]}"
4844_0,0.032603405,0.63579607,0.026444662,2024-04-21,4844,"{""type"":""MultiPoint"",""coordinates"":[]}"
4846_0,0.045817424,0.5017686,0.0389792,2024-04-21,4846,"{""type"":""MultiPoint"",""coordinates"":[]}"
4847_0,0.06730948,0.08411215,0.1271907,2024-04-21,4847,"{""type"":""MultiPoint"",""coordinates"":[]}"
4850_0,0.049423892,0.08800568,-0.011127237,2024-04-21,4850,"{""type"":""MultiPoint"",""coordinates"":[]}"
4852_0,0.11714801,0.08904549,0.163288,2024-04-21,4852,"{""type"":""MultiPoint"",""coordinates"":[]}"
4853_0,0.14526978,0.4415124,0.10141438,2024-04-21,4853,"{""type"":""MultiPoint"",""coordinates"":[]}"
4860_0,0.114634536,0.020990765,0.13291925,2024-04-21,4860,"{""type"":""MultiPoint"",""coordinates"":[]}"
4861_0,0.24771151,0.22517635,0.24958494,2024-04-21,4861,"{""type"":""MultiPoint"",""coordinates"":[]}"
4862_0,0.044160683,0.4245245,-0.010262899,2024-04-21,4862,"{""type"":""MultiPoint"",""coordinates"":[]}"
4864_0,0.12143153,0.0518732,0.15792604,2024-04-21,4864,"{""type"":""MultiPoint"",""coordinates"":[]}"
4868_0,0.13230482,-0.019379845,0.10964912,2024-04-21,4868,"{""type"":""MultiPoint"",""coordinates"":[]}"
4869_0,0.15757312,0.7229497,0.12866817,2024-04-21,4869,"{""type"":""MultiPoint"",""coordinates"":[]}"
4877_0,0.073068894,0.60456276,0.051619794,2024-04-21,4877,"{""type"":""MultiPoint"",""coordinates"":[]}"
4887_0,0.052530676,0.6117851,0.06063486,2024-04-21,4887,"{""type"":""MultiPoint"",""coordinates"":[]}"
4889_0,0.084469475,0.088474974,0.09532875,2024-04-21,4889,"{""type"":""MultiPoint"",""coordinates"":[]}"
4891_0,0.2156682,0.8567592,0.23802418,2024-04-21,4891,"{""type"":""MultiPoint"",""coordinates"":[]}"
4893_0,0.15112263,0.0077469335,0.17065854,2024-04-21,4893,"{""type"":""MultiPoint"",""coordinates"":[]}"
4894_0,-0.07121981,0.33365664,-0.11745828,2024-04-21,4894,"{""type"":""MultiPoint"",""coordinates"":[]}"
4895_0,0.10259067,0.59759456,0.10197027,2024-04-21,4895,"{""type"":""MultiPoint"",""coordinates"":[]}"
4898_0,0.061751153,0.6805897,0.036167394,2024-04-21,4898,"{""type"":""MultiPoint"",""coordinates"":[]}"
4899_0,0.07931249,0.11841584,0.11908064,2024-04-21,4899,"{""type"":""MultiPoint"",""coordinates"":[]}"
4901_0,0.032458458,0.61382115,0.009696391,2024-04-21,4901,"{""type"":""MultiPoint"",""coordinates"":[]}"
4902_0,0.2851161,0.69468266,0.22428748,2024-04-21,4902,"{""type"":""MultiPoint"",""coordinates"":[]}"
4904_0,0.45704058,0.77111715,0.4814815,2024-04-21,4904,"{""type"":""MultiPoint"",""coordinates"":[]}"
4905_0,0.13663654,0.045962732,0.17338288,2024-04-21,4905,"{""type"":""MultiPoint"",""coordinates"":[]}"
4906_0,0.029710146,0.6,3.7327362E-4,2024-04-21,4906,"{""type"":""MultiPoint"",""coordinates"":[]}"
4908_0,0.060866546,0.14741705,0.005150846,2024-04-21,4908,"{""type"":""MultiPoint"",""coordinates"":[]}"
4911_0,0.064970225,0.13825503,-0.009056384,2024-04-21,4911,"{""type"":""MultiPoint"",""coordinates"":[]}"
4912_0,0.15886162,0.36570087,0.11065117,2024-04-21,4912,"{""type"":""MultiPoint"",""coordinates"":[]}"
4914_0,0.09570159,0.016764838,0.09097539,2024-04-21,4914,"{""type"":""MultiPoint"",""coordinates"":[]}"
4915_0,0.023799755,0.44793928,0.057635177,2024-04-21,4915,"{""type"":""MultiPoint"",""coordinates"":[]}"
4917_0,0.39497945,0.77827215,0.38432676,2024-04-21,4917,"{""type"":""MultiPoint"",""coordinates"":[]}"
4918_0,0.19407745,0.72124493,0.17968932,2024-04-21,4918,"{""type"":""MultiPoint"",""coordinates"":[]}"
4920_0,0.08086498,0.037037037,0.118764155,2024-04-21,4920,"{""type"":""MultiPoint"",""coordinates"":[]}"
4921_0,0.2060387,0.62595654,0.17444174,2024-04-21,4921,"{""type"":""MultiPoint"",""coordinates"":[]}"
4922_0,-0.02765186,0.43930635,0.046878286,2024-04-21,4922,"{""type"":""MultiPoint"",""coordinates"":[]}"
4923_0,0.123854965,0.03196347,-0.060399584,2024-04-21,4923,"{""type"":""MultiPoint"",""coordinates"":[]}"
4924_0,0.2539543,0.44046468,0.27342746,2024-04-21,4924,"{""type"":""MultiPoint"",""coordinates"":[]}"
4925_0,0.2974102,0.5475,0.19095719,2024-04-21,4925,"{""type"":""MultiPoint"",""coordinates"":[]}"
4931_0,0.1780566,0.55727553,0.13304238,2024-04-21,4931,"{""type"":""MultiPoint"",""coordinates"":[]}"
4933_0,0.30094466,0.6185567,0.29041097,2024-04-21,4933,"{""type"":""MultiPoint"",""coordinates"":[]}"
4934_0,0.25245443,0.46147737,0.2663455,2024-04-21,4934,"{""type"":""MultiPoint"",""coordinates"":[]}"
4940_0,0.24171752,-0.0535316,0.18819274,2024-04-21,4940,"{""type"":""MultiPoint"",""coordinates"":[]}"
4949_0,0.037343256,0.51950717,0.02877798,2024-04-21,4949,"{""type"":""MultiPoint"",""coordinates"":[]}"
4951_0,0.21854796,-0.015178257,0.20433821,2024-04-21,4951,"{""type"":""MultiPoint"",""coordinates"":[]}"
4955_0,0.24741602,0.0073439414,0.30647883,2024-04-21,4955,"{""type"":""MultiPoint"",""coordinates"":[]}"
4958_0,0.27083334,0.4419753,0.25053534,2024-04-21,4958,"{""type"":""MultiPoint"",""coordinates"":[]}"
4959_0,0.1863844,-0.009966778,0.031141868,2024-04-21,4959,"{""type"":""MultiPoint"",""coordinates"":[]}"
4962_0,0.14618108,0.39276487,0.12174818,2024-04-21,4962,"{""type"":""MultiPoint"",""coordinates"":[]}"
4966_0,0.19558454,0.016564127,0.22559018,2024-04-21,4966,"{""type"":""MultiPoint"",""coordinates"":[]}"
4967_0,0.11179898,0.024284475,0.12711005,2024-04-21,4967,"{""type"":""MultiPoint"",""coordinates"":[]}"
4983_0,0.06264099,0.57618403,0.037591305,2024-04-21,4983,"{""type"":""MultiPoint"",""coordinates"":[]}"
4985_0,0.1629005,0.36356002,0.13368237,2024-04-21,4985,"{""type"":""MultiPoint"",""coordinates"":[]}"
4987_0,0.08146528,0.34289128,0.14460285,2024-04-21,4987,"{""type"":""MultiPoint"",""coordinates"":[]}"
4992_0,0.07186174,0.21548575,0.04179058,2024-04-21,4992,"{""type"":""MultiPoint"",""coordinates"":[]}"
5002_0,0.06786385,0.6062176,0.05263158,2024-04-21,5002,"{""type"":""MultiPoint"",""coordinates"":[]}"
5129_0,0.28797853,0.74355495,0.27543426,2024-04-21,5129,"{""type"":""MultiPoint"",""coordinates"":[]}"
5130_0,0.29139072,0.77415854,0.3412682,2024-04-21,5130,"{""type"":""MultiPoint"",""coordinates"":[]}"
5131_0,0.29365274,0.72585464,0.29032257,2024-04-21,5131,"{""type"":""MultiPoint"",""coordinates"":[]}"
5132_0,0.25098902,0.67583734,0.2436751,2024-04-21,5132,"{""type"":""MultiPoint"",""coordinates"":[]}"
5133_0,0.118224055,0.6387533,0.1218509,2024-04-21,5133,"{""type"":""MultiPoint"",""coordinates"":[]}"
5134_0,0.22362468,0.7163493,0.23185673,2024-04-21,5134,"{""type"":""MultiPoint"",""coordinates"":[]}"
5135_0,0.31685394,0.79332566,0.32697546,2024-04-21,5135,"{""type"":""MultiPoint"",""coordinates"":[]}"
5136_0,0.31005496,0.69070375,0.2917358,2024-04-21,5136,"{""type"":""MultiPoint"",""coordinates"":[]}"
5137_0,0.27731934,0.73611605,0.2587843,2024-04-21,5137,"{""type"":""MultiPoint"",""coordinates"":[]}"
5138_0,0.16522598,0.62413317,0.16170634,2024-04-21,5138,"{""type"":""MultiPoint"",""coordinates"":[]}"
5139_0,0.029156465,0.6080247,-0.022743259,2024-04-21,5139,"{""type"":""MultiPoint"",""coordinates"":[]}"
5140_0,0.07303501,0.58605975,0.054622844,2024-04-21,5140,"{""type"":""MultiPoint"",""coordinates"":[]}"
5141_0,0.4401566,0.7906977,0.42222223,2024-04-21,5141,"{""type"":""MultiPoint"",""coordinates"":[]}"
5142_0,0.21806997,0.74800134,0.23595959,2024-04-21,5142,"{""type"":""MultiPoint"",""coordinates"":[]}"
5143_0,0.19021857,0.65667576,0.18775776,2024-04-21,5143,"{""type"":""MultiPoint"",""coordinates"":[]}"
5144_0,0.26591563,0.7361008,0.25140262,2024-04-21,5144,"{""type"":""MultiPoint"",""coordinates"":[]}"
5145_0,0.3169919,0.7763158,0.30592504,2024-04-21,5145,"{""type"":""MultiPoint"",""coordinates"":[]}"
5146_0,0.22269991,0.7289562,0.20469208,2024-04-21,5146,"{""type"":""MultiPoint"",""coordinates"":[]}"
5147_0,0.30454674,0.7458985,0.30593607,2024-04-21,5147,"{""type"":""MultiPoint"",""coordinates"":[]}"
5148_0,0.15837361,0.6708229,0.15186246,2024-04-21,5148,"{""type"":""MultiPoint"",""coordinates"":[]}"
5149_0,0.39922616,0.8043625,0.4027972,2024-04-21,5149,"{""type"":""MultiPoint"",""coordinates"":[]}"
5150_0,0.31719127,0.73865837,0.33056378,2024-04-21,5150,"{""type"":""MultiPoint"",""coordinates"":[]}"
5151_0,0.24877518,0.6537428,0.21901529,2024-04-21,5151,"{""type"":""MultiPoint"",""coordinates"":[]}"
5159_0,0.25256258,0.7954701,0.27651268,2024-04-21,5159,"{""type"":""MultiPoint"",""coordinates"":[]}"
5162_0,0.2573887,0.75841147,0.23255365,2024-04-21,5162,"{""type"":""MultiPoint"",""coordinates"":[]}"
5242_0,0.31533015,0.8384864,0.31420088,2024-04-21,5242,"{""type"":""MultiPoint"",""coordinates"":[]}"
5243_0,-0.05334408,0.5871505,-0.10107817,2024-04-21,5243,"{""type"":""MultiPoint"",""coordinates"":[]}"
5261_0,0.08657451,0.035744682,0.11059146,2024-04-21,5261,"{""type"":""MultiPoint"",""coordinates"":[]}"
5267_0,0.23276635,0.47047618,0.2861308,2024-04-21,5267,"{""type"":""MultiPoint"",""coordinates"":[]}"
5274_0,0.04156924,0.11790393,0.052280027,2024-04-21,5274,"{""type"":""MultiPoint"",""coordinates"":[]}"
5275_0,-0.0675453,0.44752583,-0.097932905,2024-04-21,5275,"{""type"":""MultiPoint"",""coordinates"":[]}"
5279_0,0.033589087,0.5638191,0.04675412,2024-04-21,5279,"{""type"":""MultiPoint"",""coordinates"":[]}"
5280_0,0.099103995,0.43115708,0.14329977,2024-04-21,5280,"{""type"":""MultiPoint"",""coordinates"":[]}"
5284_0,0.06139613,0.57373136,0.08299096,2024-04-21,5284,"{""type"":""MultiPoint"",""coordinates"":[]}"
5285_0,0.11226736,0.6513639,0.056170214,2024-04-21,5285,"{""type"":""MultiPoint"",""coordinates"":[]}"
5298_0,0.10123457,0.42145178,0.09151414,2024-04-21,5298,"{""type"":""MultiPoint"",""coordinates"":[]}"
5300_0,0.08213506,0.064382136,0.14717403,2024-04-21,5300,"{""type"":""MultiPoint"",""coordinates"":[]}"
5302_0,0.0696783,0.12089136,0.08434384,2024-04-21,5302,"{""type"":""MultiPoint"",""coordinates"":[]}"
5303_0,0.16330275,0.51787776,0.18132855,2024-04-21,5303,"{""type"":""MultiPoint"",""coordinates"":[]}"
5309_0,0.09789157,0.46153846,0.09311128,2024-04-21,5309,"{""type"":""MultiPoint"",""coordinates"":[]}"
5312_0,0.029007971,0.1042065,0.026096612,2024-04-21,5312,"{""type"":""MultiPoint"",""coordinates"":[]}"
5328_0,-0.005297771,0.105735466,0.014770388,2024-04-21,5328,"{""type"":""MultiPoint"",""coordinates"":[]}"
5329_0,0.030339442,0.064772725,0.074541286,2024-04-21,5329,"{""type"":""MultiPoint"",""coordinates"":[]}"
5333_0,0.042325057,0.19926426,0.07090063,2024-04-21,5333,"{""type"":""MultiPoint"",""coordinates"":[]}"
5337_0,0.16426513,0.17255718,0.12912913,2024-04-21,5337,"{""type"":""MultiPoint"",""coordinates"":[]}"
5339_0,0.19646208,0.2800913,0.19903821,2024-04-21,5339,"{""type"":""MultiPoint"",""coordinates"":[]}"
5341_0,0.15447155,0.44921467,0.14191419,2024-04-21,5341,"{""type"":""MultiPoint"",""coordinates"":[]}"
5345_0,0.2460733,0.4394619,0.23699422,2024-04-21,5345,"{""type"":""MultiPoint"",""coordinates"":[]}"
5356_0,0.006663782,0.082011476,0.055386387,2024-04-21,5356,"{""type"":""MultiPoint"",""coordinates"":[]}"
5357_0,0.075336434,0.014265992,0.09054923,2024-04-21,5357,"{""type"":""MultiPoint"",""coordinates"":[]}"
5359_0,0.15661946,-0.013821138,0.14779112,2024-04-21,5359,"{""type"":""MultiPoint"",""coordinates"":[]}"
5365_0,-0.019812305,0.13285159,0.020530796,2024-04-21,5365,"{""type"":""MultiPoint"",""coordinates"":[]}"
5634_0,0.1753122,0.6937729,0.14767933,2024-04-21,5634,"{""type"":""MultiPoint"",""coordinates"":[]}"
5635_0,0.20360526,0.64806867,0.21877125,2024-04-21,5635,"{""type"":""MultiPoint"",""coordinates"":[]}"
5636_0,0.36326346,0.81322014,0.3631183,2024-04-21,5636,"{""type"":""MultiPoint"",""coordinates"":[]}"
5637_0,0.13637254,0.597254,0.1170234,2024-04-21,5637,"{""type"":""MultiPoint"",""coordinates"":[]}"
5638_0,0.119772844,0.63038373,0.0995511,2024-04-21,5638,"{""type"":""MultiPoint"",""coordinates"":[]}"
5639_0,0.19089958,0.7162524,0.1838565,2024-04-21,5639,"{""type"":""MultiPoint"",""coordinates"":[]}"
5640_0,0.19794689,0.6376989,0.1965124,2024-04-21,5640,"{""type"":""MultiPoint"",""coordinates"":[]}"
5641_0,0.037980147,0.5026178,0.01480663,2024-04-21,5641,"{""type"":""MultiPoint"",""coordinates"":[]}"
5642_0,0.2367895,0.7092308,0.2490163,2024-04-21,5642,"{""type"":""MultiPoint"",""coordinates"":[]}"
5643_0,0.27914724,0.7445753,0.2684246,2024-04-21,5643,"{""type"":""MultiPoint"",""coordinates"":[]}"
5644_0,0.038024165,0.42120343,0.047334153,2024-04-21,5644,"{""type"":""MultiPoint"",""coordinates"":[]}"
5645_0,0.05595043,0.4561774,0.03141361,2024-04-21,5645,"{""type"":""MultiPoint"",""coordinates"":[]}"
5646_0,0.2395159,0.7318901,0.2124745,2024-04-21,5646,"{""type"":""MultiPoint"",""coordinates"":[]}"
5647_0,0.31110004,0.7390733,0.31315136,2024-04-21,5647,"{""type"":""MultiPoint"",""coordinates"":[]}"
5648_0,0.33580598,0.71428573,0.32871974,2024-04-21,5648,"{""type"":""MultiPoint"",""coordinates"":[]}"
5649_0,0.34576067,0.74068326,0.34654656,2024-04-21,5649,"{""type"":""MultiPoint"",""coordinates"":[]}"
5650_0,0.26928896,0.7335423,0.208413,2024-04-21,5650,"{""type"":""MultiPoint"",""coordinates"":[]}"
5659_0,0.16145737,0.59956825,0.13324413,2024-04-21,5659,"{""type"":""MultiPoint"",""coordinates"":[]}"
5662_0,-0.0040034815,0.46242172,-0.014421386,2024-04-21,5662,"{""type"":""MultiPoint"",""coordinates"":[]}"
5668_0,-0.009767359,0.46693158,-0.04772434,2024-04-21,5668,"{""type"":""MultiPoint"",""coordinates"":[]}"
5707_0,-0.0027422304,0.39123866,-0.087215066,2024-04-21,5707,"{""type"":""MultiPoint"",""coordinates"":[]}"
5727_0,0.27338016,0.81306714,0.263957,2024-04-21,5727,"{""type"":""MultiPoint"",""coordinates"":[]}"
5766_0,0.29585665,0.76131254,0.35836735,2024-04-21,5766,"{""type"":""MultiPoint"",""coordinates"":[]}"
5769_0,0.35171667,0.7869871,0.2852459,2024-04-21,5769,"{""type"":""MultiPoint"",""coordinates"":[]}"
5771_0,-0.014751286,0.54741377,-0.014751286,2024-04-21,5771,"{""type"":""MultiPoint"",""coordinates"":[]}"
5773_0,0.0870653,0.039041705,0.12420497,2024-04-21,5773,"{""type"":""MultiPoint"",""coordinates"":[]}"
5775_0,0.23591273,0.83456624,0.2540607,2024-04-21,5775,"{""type"":""MultiPoint"",""coordinates"":[]}"
5779_0,0.020375928,0.5881188,0.016959898,2024-04-21,5779,"{""type"":""MultiPoint"",""coordinates"":[]}"
5784_0,0.22294173,0.5131397,0.13133402,2024-04-21,5784,"{""type"":""MultiPoint"",""coordinates"":[]}"
5785_0,0.06833594,0.5166094,0.19440685,2024-04-21,5785,"{""type"":""MultiPoint"",""coordinates"":[]}"
5789_0,0.18764244,0.5771144,0.08499715,2024-04-21,5789,"{""type"":""MultiPoint"",""coordinates"":[]}"
5790_0,0.016949153,0.13248946,0.07585931,2024-04-21,5790,"{""type"":""MultiPoint"",""coordinates"":[]}"
5791_0,0.22059566,0.58760107,0.20820513,2024-04-21,5791,"{""type"":""MultiPoint"",""coordinates"":[]}"
5792_0,-0.025525525,0.52825016,0.34200385,2024-04-21,5792,"{""type"":""MultiPoint"",""coordinates"":[]}"
5803_0,0.26967743,0.5822785,0.27713922,2024-04-21,5803,"{""type"":""MultiPoint"",""coordinates"":[]}"
5807_0,-0.07465512,0.42319474,-0.09979239,2024-04-21,5807,"{""type"":""MultiPoint"",""coordinates"":[]}"
5811_0,0.0427066,0.12302839,0.02948028,2024-04-21,5811,"{""type"":""MultiPoint"",""coordinates"":[]}"
5815_0,0.4391829,0.7507246,0.42857143,2024-04-21,5815,"{""type"":""MultiPoint"",""coordinates"":[]}"
5820_0,0.09563037,0.34263438,0.12885976,2024-04-21,5820,"{""type"":""MultiPoint"",""coordinates"":[]}"
5827_0,0.1394942,0.67940354,0.14249484,2024-04-21,5827,"{""type"":""MultiPoint"",""coordinates"":[]}"
5828_0,0.12916812,0.054830287,0.06536071,2024-04-21,5828,"{""type"":""MultiPoint"",""coordinates"":[]}"
5829_0,0.17015813,0.7608257,0.12210466,2024-04-21,5829,"{""type"":""MultiPoint"",""coordinates"":[]}"
5830_0,0.2073808,0.69089234,0.20465344,2024-04-21,5830,"{""type"":""MultiPoint"",""coordinates"":[]}"
5836_0,0.17300026,0.33229086,0.04539877,2024-04-21,5836,"{""type"":""MultiPoint"",""coordinates"":[]}"
5837_0,0.07686993,0.56,0.051809795,2024-04-21,5837,"{""type"":""MultiPoint"",""coordinates"":[]}"
5843_0,0.200719,0.65592784,0.12448042,2024-04-21,5843,"{""type"":""MultiPoint"",""coordinates"":[]}"
5844_0,-0.08964605,0.29700273,-0.07121951,2024-04-21,5844,"{""type"":""MultiPoint"",""coordinates"":[]}"
5845_0,0.2550384,0.77547497,0.23095345,2024-04-21,5845,"{""type"":""MultiPoint"",""coordinates"":[]}"
5846_0,0.05258639,0.07601078,0.09332421,2024-04-21,5846,"{""type"":""MultiPoint"",""coordinates"":[]}"
5847_0,0.16070475,0.5996879,0.13197128,2024-04-21,5847,"{""type"":""MultiPoint"",""coordinates"":[]}"
5848_0,0.07921359,0.5367561,0.043995243,2024-04-21,5848,"{""type"":""MultiPoint"",""coordinates"":[]}"
5851_0,0.07343608,0.04328622,0.1041898,2024-04-21,5851,"{""type"":""MultiPoint"",""coordinates"":[]}"
5855_0,0.107978724,0.20582648,0.06339011,2024-04-21,5855,"{""type"":""MultiPoint"",""coordinates"":[]}"
5862_0,0.14035408,0.61334085,0.095795736,2024-04-21,5862,"{""type"":""MultiPoint"",""coordinates"":[]}"
5863_0,0.20461,0.020323804,0.23874745,2024-04-21,5863,"{""type"":""MultiPoint"",""coordinates"":[]}"
5867_0,0.31571877,0.61348313,0.30545455,2024-04-21,5867,"{""type"":""MultiPoint"",""coordinates"":[]}"
5870_0,0.016806724,0.3872,0.17063291,2024-04-21,5870,"{""type"":""MultiPoint"",""coordinates"":[]}"
5874_0,-0.11489971,0.5239544,-0.12831666,2024-04-21,5874,"{""type"":""MultiPoint"",""coordinates"":[]}"
5875_0,0.46650124,0.7602682,0.4189189,2024-04-21,5875,"{""type"":""MultiPoint"",""coordinates"":[]}"
5876_0,0.4375,0.7405925,0.45272303,2024-04-21,5876,"{""type"":""MultiPoint"",""coordinates"":[]}"
5877_0,0.043161616,0.13528703,0.117455296,2024-04-21,5877,"{""type"":""MultiPoint"",""coordinates"":[]}"
5878_0,0.1376708,0.02638701,0.16261914,2024-04-21,5878,"{""type"":""MultiPoint"",""coordinates"":[]}"
5883_0,0.19839908,0.737798,0.1856728,2024-04-21,5883,"{""type"":""MultiPoint"",""coordinates"":[]}"
5884_0,0.089741305,0.56461865,0.07320618,2024-04-21,5884,"{""type"":""MultiPoint"",""coordinates"":[]}"
5885_0,0.19745223,0.6754608,0.15352078,2024-04-21,5885,"{""type"":""MultiPoint"",""coordinates"":[]}"
5886_0,0.23677582,0.6221837,0.21400778,2024-04-21,5886,"{""type"":""MultiPoint"",""coordinates"":[]}"
5892_0,0.10174305,0.026031237,0.11920494,2024-04-21,5892,"{""type"":""MultiPoint"",""coordinates"":[]}"
5893_0,0.21434782,0.71709114,0.21520087,2024-04-21,5893,"{""type"":""MultiPoint"",""coordinates"":[]}"
5896_0,0.15435411,0.23660263,0.08832036,2024-04-21,5896,"{""type"":""MultiPoint"",""coordinates"":[]}"
5900_0,-0.037791774,0.5547074,-0.068064824,2024-04-21,5900,"{""type"":""MultiPoint"",""coordinates"":[]}"
5903_0,0.053339366,0.042857144,0.12139214,2024-04-21,5903,"{""type"":""MultiPoint"",""coordinates"":[]}"
5907_0,0.062579356,0.35930735,-0.014128729,2024-04-21,5907,"{""type"":""MultiPoint"",""coordinates"":[]}"
5908_0,0.05929345,0.10966482,0.1255054,2024-04-21,5908,"{""type"":""MultiPoint"",""coordinates"":[]}"
5911_0,0.065128505,0.017819706,-0.24479875,2024-04-21,5911,"{""type"":""MultiPoint"",""coordinates"":[]}"
5913_0,0.052967694,0.6006865,0.052077457,2024-04-21,5913,"{""type"":""MultiPoint"",""coordinates"":[]}"
5916_0,0.14797164,0.33825338,0.19494782,2024-04-21,5916,"{""type"":""MultiPoint"",""coordinates"":[]}"
5920_0,0.18505044,0.6600278,0.18518518,2024-04-21,5920,"{""type"":""MultiPoint"",""coordinates"":[]}"
5923_0,0.2173913,0.7154513,0.22998172,2024-04-21,5923,"{""type"":""MultiPoint"",""coordinates"":[]}"
5930_0,0.06969905,0.09453953,0.061974894,2024-04-21,5930,"{""type"":""MultiPoint"",""coordinates"":[]}"
5938_0,0.10025105,0.14762302,0.011764706,2024-04-21,5938,"{""type"":""MultiPoint"",""coordinates"":[]}"
5941_0,0.30932772,0.030204613,0.40222135,2024-04-21,5941,"{""type"":""MultiPoint"",""coordinates"":[]}"
5943_0,0.3268336,0.7767594,0.2823057,2024-04-21,5943,"{""type"":""MultiPoint"",""coordinates"":[]}"
5945_0,0.11408888,0.025775908,0.14277342,2024-04-21,5945,"{""type"":""MultiPoint"",""coordinates"":[]}"
5955_0,0.24692738,0.46091643,0.23321956,2024-04-21,5955,"{""type"":""MultiPoint"",""coordinates"":[]}"
5956_0,0.25726807,0.005678233,0.29455358,2024-04-21,5956,"{""type"":""MultiPoint"",""coordinates"":[]}"
5957_0,0.21555725,0.0028797695,0.25072953,2024-04-21,5957,"{""type"":""MultiPoint"",""coordinates"":[]}"
5960_0,-0.018019507,0.50878114,-0.033741817,2024-04-21,5960,"{""type"":""MultiPoint"",""coordinates"":[]}"
5963_0,0.11380813,-0.005586592,0.14151347,2024-04-21,5963,"{""type"":""MultiPoint"",""coordinates"":[]}"
5965_0,0.08216677,0.11342662,0.24625126,2024-04-21,5965,"{""type"":""MultiPoint"",""coordinates"":[]}"
5967_0,0.06633436,0.6325781,0.04528524,2024-04-21,5967,"{""type"":""MultiPoint"",""coordinates"":[]}"
5972_0,0.12607336,0.016367888,0.15168911,2024-04-21,5972,"{""type"":""MultiPoint"",""coordinates"":[]}"
5997_0,0.1294968,0.020149253,0.15816785,2024-04-21,5997,"{""type"":""MultiPoint"",""coordinates"":[]}"
6000_0,0.2248954,0.51152074,0.21545792,2024-04-21,6000,"{""type"":""MultiPoint"",""coordinates"":[]}"
6002_0,0.09667632,0.028571429,0.16909806,2024-04-21,6002,"{""type"":""MultiPoint"",""coordinates"":[]}"
6006_0,0.013130615,0.05875371,0.11083437,2024-04-21,6006,"{""type"":""MultiPoint"",""coordinates"":[]}"
6009_0,-0.001826484,0.1448965,0.18770826,2024-04-21,6009,"{""type"":""MultiPoint"",""coordinates"":[]}"
6014_0,0.1058954,0.61946416,0.10091061,2024-04-21,6014,"{""type"":""MultiPoint"",""coordinates"":[]}"
6015_0,0.14976263,0.28353497,0.106575966,2024-04-21,6015,"{""type"":""MultiPoint"",""coordinates"":[]}"
6021_0,0.12504584,0.29375276,0.10064078,2024-04-21,6021,"{""type"":""MultiPoint"",""coordinates"":[]}"
6023_0,0.17644463,0.52380955,0.11495615,2024-04-21,6023,"{""type"":""MultiPoint"",""coordinates"":[]}"
6026_0,0.06245141,0.17450097,0.0041288193,2024-04-21,6026,"{""type"":""MultiPoint"",""coordinates"":[]}"
6062_0,0.04375667,0.05903399,-0.11553785,2024-04-21,6062,"{""type"":""MultiPoint"",""coordinates"":[]}"
6069_0,0.12873949,0.25112513,0.03499628,2024-04-21,6069,"{""type"":""MultiPoint"",""coordinates"":[]}"
6100_0,0.24515697,0.70414203,0.23493569,2024-04-21,6100,"{""type"":""MultiPoint"",""coordinates"":[]}"
6101_0,0.30334684,0.74095684,0.29233435,2024-04-21,6101,"{""type"":""MultiPoint"",""coordinates"":[]}"
6109_0,0.08826866,0.6320687,0.063184895,2024-04-21,6109,"{""type"":""MultiPoint"",""coordinates"":[]}"
6113_0,0.22602585,0.68042195,0.22672707,2024-04-21,6113,"{""type"":""MultiPoint"",""coordinates"":[]}"
6117_0,0.2785146,0.75974023,0.28863528,2024-04-21,6117,"{""type"":""MultiPoint"",""coordinates"":[]}"
6125_0,0.24073663,0.71862614,0.20658474,2024-04-21,6125,"{""type"":""MultiPoint"",""coordinates"":[]}"
6133_0,0.15939887,0.7157816,0.147,2024-04-21,6133,"{""type"":""MultiPoint"",""coordinates"":[]}"
6138_0,0.09404078,0.5912654,0.1079922,2024-04-21,6138,"{""type"":""MultiPoint"",""coordinates"":[]}"
6148_0,0.12347354,0.6122955,0.11446196,2024-04-21,6148,"{""type"":""MultiPoint"",""coordinates"":[]}"
6340_0,0.2920686,0.72801185,0.2779448,2024-04-21,6340,"{""type"":""MultiPoint"",""coordinates"":[]}"
6341_0,0.32064247,0.72954047,0.26747915,2024-04-21,6341,"{""type"":""MultiPoint"",""coordinates"":[]}"
6342_0,0.1890203,0.6956078,0.15625726,2024-04-21,6342,"{""type"":""MultiPoint"",""coordinates"":[]}"
6343_0,0.0066571566,0.5777439,-0.004568406,2024-04-21,6343,"{""type"":""MultiPoint"",""coordinates"":[]}"
6344_0,0.07797594,0.65633076,0.07123459,2024-04-21,6344,"{""type"":""MultiPoint"",""coordinates"":[]}"
6345_0,0.34243903,0.81577206,0.34050882,2024-04-21,6345,"{""type"":""MultiPoint"",""coordinates"":[]}"
6346_0,0.22510502,0.7692308,0.21717423,2024-04-21,6346,"{""type"":""MultiPoint"",""coordinates"":[]}"
6347_0,0.33469138,0.7427293,0.31227627,2024-04-21,6347,"{""type"":""MultiPoint"",""coordinates"":[]}"
6348_0,0.23244266,0.7229321,0.22437276,2024-04-21,6348,"{""type"":""MultiPoint"",""coordinates"":[]}"
6349_0,0.31448203,0.7848195,0.30250067,2024-04-21,6349,"{""type"":""MultiPoint"",""coordinates"":[]}"
6350_0,0.15488419,0.55987245,0.12364244,2024-04-21,6350,"{""type"":""MultiPoint"",""coordinates"":[]}"
6351_0,0.14371258,0.6521398,0.10157068,2024-04-21,6351,"{""type"":""MultiPoint"",""coordinates"":[]}"
6352_0,0.25803447,0.75236654,0.18454057,2024-04-21,6352,"{""type"":""MultiPoint"",""coordinates"":[]}"
6353_0,0.17108911,0.6082251,0.17354393,2024-04-21,6353,"{""type"":""MultiPoint"",""coordinates"":[]}"
6354_0,0.1651561,0.6692001,0.16347124,2024-04-21,6354,"{""type"":""MultiPoint"",""coordinates"":[]}"
6355_0,0.27891505,0.6724689,0.25112942,2024-04-21,6355,"{""type"":""MultiPoint"",""coordinates"":[]}"
6356_0,0.1816166,0.5145839,0.16460906,2024-04-21,6356,"{""type"":""MultiPoint"",""coordinates"":[]}"
6357_0,0.2645951,0.6937542,0.23506366,2024-04-21,6357,"{""type"":""MultiPoint"",""coordinates"":[]}"
6379_0,0.09267033,0.64729065,0.08677283,2024-04-21,6379,"{""type"":""MultiPoint"",""coordinates"":[]}"
6392_0,0.08037061,0.6643454,0.056587093,2024-04-21,6392,"{""type"":""MultiPoint"",""coordinates"":[]}"
6475_0,0.29599535,0.82453114,0.27125263,2024-04-21,6475,"{""type"":""MultiPoint"",""coordinates"":[]}"
6479_0,0.3090053,0.84615386,0.29952267,2024-04-21,6479,"{""type"":""MultiPoint"",""coordinates"":[]}"
6516_0,0.100033015,0.5817259,0.06675796,2024-04-21,6516,"{""type"":""MultiPoint"",""coordinates"":[]}"
6517_0,0.4125099,0.730659,0.41895068,2024-04-21,6517,"{""type"":""MultiPoint"",""coordinates"":[]}"
6523_0,0.05233531,0.05072886,0.07285853,2024-04-21,6523,"{""type"":""MultiPoint"",""coordinates"":[]}"
6532_0,0.17424484,0.68650615,0.17673165,2024-04-21,6532,"{""type"":""MultiPoint"",""coordinates"":[]}"
6538_0,0.37199616,0.7715019,0.35737705,2024-04-21,6538,"{""type"":""MultiPoint"",""coordinates"":[]}"
6541_0,0.29435483,0.8098361,0.28633848,2024-04-21,6541,"{""type"":""MultiPoint"",""coordinates"":[]}"
6545_0,0.072589226,0.052576236,0.101285845,2024-04-21,6545,"{""type"":""MultiPoint"",""coordinates"":[]}"
6549_0,0.31662592,0.647651,0.2744971,2024-04-21,6549,"{""type"":""MultiPoint"",""coordinates"":[]}"
6550_0,0.020572875,0.11254434,0.05432042,2024-04-21,6550,"{""type"":""MultiPoint"",""coordinates"":[]}"
6551_0,0.18056865,0.03837861,0.22599122,2024-04-21,6551,"{""type"":""MultiPoint"",""coordinates"":[]}"
6574_0,0.1374077,0.33333334,0.19533193,2024-04-21,6574,"{""type"":""MultiPoint"",""coordinates"":[]}"
6575_0,0.13927247,0.058100216,0.11590209,2024-04-21,6575,"{""type"":""MultiPoint"",""coordinates"":[]}"
6581_0,0.21489757,0.55172414,0.21166791,2024-04-21,6581,"{""type"":""MultiPoint"",""coordinates"":[]}"
6586_0,0.06452022,0.5590371,0.05019305,2024-04-21,6586,"{""type"":""MultiPoint"",""coordinates"":[]}"
6589_0,0.19939025,0.38505337,0.19423136,2024-04-21,6589,"{""type"":""MultiPoint"",""coordinates"":[]}"
6594_0,0.22772567,0.5139819,0.18660288,2024-04-21,6594,"{""type"":""MultiPoint"",""coordinates"":[]}"
6596_0,-0.03379131,0.42857143,-0.111229375,2024-04-21,6596,"{""type"":""MultiPoint"",""coordinates"":[]}"
6598_0,0.13628145,0.6609597,0.1345742,2024-04-21,6598,"{""type"":""MultiPoint"",""coordinates"":[]}"
6603_0,0.1841858,0.063119166,0.22255675,2024-04-21,6603,"{""type"":""MultiPoint"",""coordinates"":[]}"
6605_0,0.1386645,0.015938303,0.15260664,2024-04-21,6605,"{""type"":""MultiPoint"",""coordinates"":[]}"
6607_0,0.29094738,0.8542939,0.2866422,2024-04-21,6607,"{""type"":""MultiPoint"",""coordinates"":[]}"
6609_0,0.29375342,0.8183663,0.29784536,2024-04-21,6609,"{""type"":""MultiPoint"",""coordinates"":[]}"
6611_0,0.32527724,0.87602687,0.35838854,2024-04-21,6611,"{""type"":""MultiPoint"",""coordinates"":[]}"
6616_0,0.32304117,0.8454221,0.31103227,2024-04-21,6616,"{""type"":""MultiPoint"",""coordinates"":[]}"
6618_0,-0.0013175231,0.46853146,-0.05372617,2024-04-21,6618,"{""type"":""MultiPoint"",""coordinates"":[]}"
6621_0,0.176209,0.7963824,0.21986313,2024-04-21,6621,"{""type"":""MultiPoint"",""coordinates"":[]}"
6625_0,0.26975286,0.75982994,0.22439925,2024-04-21,6625,"{""type"":""MultiPoint"",""coordinates"":[]}"
6626_0,0.16571884,0.029001074,0.22096543,2024-04-21,6626,"{""type"":""MultiPoint"",""coordinates"":[]}"
6635_0,0.051436435,0.5314407,0.02286018,2024-04-21,6635,"{""type"":""MultiPoint"",""coordinates"":[]}"
6636_0,0.06135607,0.22149411,0.10677882,2024-04-21,6636,"{""type"":""MultiPoint"",""coordinates"":[]}"
6637_0,0.18747717,0.029401088,0.18599059,2024-04-21,6637,"{""type"":""MultiPoint"",""coordinates"":[]}"
6654_0,0.13715121,0.03583815,0.16736333,2024-04-21,6654,"{""type"":""MultiPoint"",""coordinates"":[]}"
6655_0,0.14138074,0.35146442,0.10877494,2024-04-21,6655,"{""type"":""MultiPoint"",""coordinates"":[]}"
6656_0,0.24832,0.6566562,0.22282879,2024-04-21,6656,"{""type"":""MultiPoint"",""coordinates"":[]}"
6657_0,0.056392595,0.63923705,0.15692307,2024-04-21,6657,"{""type"":""MultiPoint"",""coordinates"":[]}"
6659_0,0.17114094,0.5282392,0.13181019,2024-04-21,6659,"{""type"":""MultiPoint"",""coordinates"":[]}"
6660_0,0.12486971,0.63419235,0.10661843,2024-04-21,6660,"{""type"":""MultiPoint"",""coordinates"":[]}"
6661_0,0.07836258,0.63100773,0.067297935,2024-04-21,6661,"{""type"":""MultiPoint"",""coordinates"":[]}"
6662_0,0.25842696,0.6473214,0.23,2024-04-21,6662,"{""type"":""MultiPoint"",""coordinates"":[]}"
6669_0,0.080722444,0.38899726,0.17608193,2024-04-21,6669,"{""type"":""MultiPoint"",""coordinates"":[]}"
6673_0,0.13732852,0.35621598,0.040629517,2024-04-21,6673,"{""type"":""MultiPoint"",""coordinates"":[]}"
6678_0,0.03761022,0.08102564,0.08361892,2024-04-21,6678,"{""type"":""MultiPoint"",""coordinates"":[]}"
6682_0,0.076359764,0.037672866,0.11297232,2024-04-21,6682,"{""type"":""MultiPoint"",""coordinates"":[]}"
6685_0,0.25676665,0.5173642,0.2529412,2024-04-21,6685,"{""type"":""MultiPoint"",""coordinates"":[]}"
6690_0,0.34222677,0.65884197,0.4253698,2024-04-21,6690,"{""type"":""MultiPoint"",""coordinates"":[]}"
6694_0,0.1274164,0.42225552,0.10220674,2024-04-21,6694,"{""type"":""MultiPoint"",""coordinates"":[]}"
6697_0,0.0891701,0.29041487,0.07653289,2024-04-21,6697,"{""type"":""MultiPoint"",""coordinates"":[]}"
6700_0,0.0043428573,0.32851464,0.2558934,2024-04-21,6700,"{""type"":""MultiPoint"",""coordinates"":[]}"
6705_0,0.18495779,0.5162374,0.12086093,2024-04-21,6705,"{""type"":""MultiPoint"",""coordinates"":[]}"
6712_0,0.2780924,0.39095744,-0.073105894,2024-04-21,6712,"{""type"":""MultiPoint"",""coordinates"":[]}"
6715_0,0.05385596,0.57746476,0.027354628,2024-04-21,6715,"{""type"":""MultiPoint"",""coordinates"":[]}"
6718_0,0.08804412,0.081203006,0.10807166,2024-04-21,6718,"{""type"":""MultiPoint"",""coordinates"":[]}"
6728_0,-0.0026790497,0.5756894,-0.0012484394,2024-04-21,6728,"{""type"":""MultiPoint"",""coordinates"":[]}"
6729_0,0.20767717,0.02153846,0.24519455,2024-04-21,6729,"{""type"":""MultiPoint"",""coordinates"":[]}"
6732_0,-0.004488618,0.4879607,-0.017042687,2024-04-21,6732,"{""type"":""MultiPoint"",""coordinates"":[]}"
6736_0,0.18213557,0.0024855013,0.2185297,2024-04-21,6736,"{""type"":""MultiPoint"",""coordinates"":[]}"
6741_0,0.060177833,0.033857316,0.07218434,2024-04-21,6741,"{""type"":""MultiPoint"",""coordinates"":[]}"
6744_0,0.23543827,0.7121047,0.21517028,2024-04-21,6744,"{""type"":""MultiPoint"",""coordinates"":[]}"
6752_0,0.104742624,0.014147018,0.11975498,2024-04-21,6752,"{""type"":""MultiPoint"",""coordinates"":[]}"
6753_0,0.07652943,0.47033897,0.023850504,2024-04-21,6753,"{""type"":""MultiPoint"",""coordinates"":[]}"
6761_0,0.053304903,0.571231,0.031976745,2024-04-21,6761,"{""type"":""MultiPoint"",""coordinates"":[]}"
6765_0,0.12754342,0.43556282,5.6850485E-4,2024-04-21,6765,"{""type"":""MultiPoint"",""coordinates"":[]}"
6768_0,-0.043629345,0.296957,0.15676181,2024-04-21,6768,"{""type"":""MultiPoint"",""coordinates"":[]}"
6771_0,0.09463585,0.24309392,0.13065326,2024-04-21,6771,"{""type"":""MultiPoint"",""coordinates"":[]}"
6774_0,0.049159486,0.050474763,0.1107735,2024-04-21,6774,"{""type"":""MultiPoint"",""coordinates"":[]}"
6783_0,0.1742992,0.6081237,0.07880477,2024-04-21,6783,"{""type"":""MultiPoint"",""coordinates"":[]}"
6788_0,-0.00751503,0.123873875,-0.003743449,2024-04-21,6788,"{""type"":""MultiPoint"",""coordinates"":[]}"
6791_0,0.09571938,0.5151515,0.009443178,2024-04-21,6791,"{""type"":""MultiPoint"",""coordinates"":[]}"
6797_0,0.20873787,0.59322035,0.26741573,2024-04-21,6797,"{""type"":""MultiPoint"",""coordinates"":[]}"
6800_0,0.0036201614,0.45808384,0.24050096,2024-04-21,6800,"{""type"":""MultiPoint"",""coordinates"":[]}"
6809_0,0.03424751,0.27687687,0.091515854,2024-04-21,6809,"{""type"":""MultiPoint"",""coordinates"":[]}"
6859_0,0.14804311,0.28849557,0.18502441,2024-04-21,6859,"{""type"":""MultiPoint"",""coordinates"":[]}"
6860_0,0.020591538,0.5436751,0.004944846,2024-04-21,6860,"{""type"":""MultiPoint"",""coordinates"":[]}"
6861_0,0.050793014,0.5932626,0.038633592,2024-04-21,6861,"{""type"":""MultiPoint"",""coordinates"":[]}"
6863_0,0.053865053,0.5618497,0.038232468,2024-04-21,6863,"{""type"":""MultiPoint"",""coordinates"":[]}"
6876_0,0.12654576,0.6359401,0.07406598,2024-04-21,6876,"{""type"":""MultiPoint"",""coordinates"":[]}"
6894_0,0.21859671,0.6919459,0.22208068,2024-04-21,6894,"{""type"":""MultiPoint"",""coordinates"":[]}"
6896_0,0.21884868,0.7128886,0.20788178,2024-04-21,6896,"{""type"":""MultiPoint"",""coordinates"":[]}"
6899_0,0.14856192,0.6782704,0.12227395,2024-04-21,6899,"{""type"":""MultiPoint"",""coordinates"":[]}"
6901_0,0.16497147,0.66080225,0.1674499,2024-04-21,6901,"{""type"":""MultiPoint"",""coordinates"":[]}"
6902_0,0.20599666,0.71168184,0.1819222,2024-04-21,6902,"{""type"":""MultiPoint"",""coordinates"":[]}"
6903_0,0.1691279,0.64600325,0.15018524,2024-04-21,6903,"{""type"":""MultiPoint"",""coordinates"":[]}"
6909_0,0.22027783,0.4981862,0.06833369,2024-04-21,6909,"{""type"":""MultiPoint"",""coordinates"":[]}"
6911_0,0.22782682,0.70879614,0.21546018,2024-04-21,6911,"{""type"":""MultiPoint"",""coordinates"":[]}"
6931_0,0.30983606,0.7974787,0.27267492,2024-04-21,6931,"{""type"":""MultiPoint"",""coordinates"":[]}"
6936_0,0.18630849,0.75787264,0.14441913,2024-04-21,6936,"{""type"":""MultiPoint"",""coordinates"":[]}"
6946_0,0.1809899,0.6678153,0.18540289,2024-04-21,6946,"{""type"":""MultiPoint"",""coordinates"":[]}"
6949_0,0.058777735,0.5014006,0.051392704,2024-04-21,6949,"{""type"":""MultiPoint"",""coordinates"":[]}"
7138_0,0.20998201,0.6502732,0.15791996,2024-04-21,7138,"{""type"":""MultiPoint"",""coordinates"":[]}"
7139_0,0.28853565,0.7366451,0.26681557,2024-04-21,7139,"{""type"":""MultiPoint"",""coordinates"":[]}"
7140_0,0.42408603,0.80323935,0.3836594,2024-04-21,7140,"{""type"":""MultiPoint"",""coordinates"":[]}"
7141_0,0.33333334,0.7893951,0.34380257,2024-04-21,7141,"{""type"":""MultiPoint"",""coordinates"":[]}"
7142_0,0.37177402,0.8194533,0.3586518,2024-04-21,7142,"{""type"":""MultiPoint"",""coordinates"":[]}"
7143_0,0.34996063,0.71681416,0.3056646,2024-04-21,7143,"{""type"":""MultiPoint"",""coordinates"":[]}"
7144_0,0.27539504,0.7855402,0.2624928,2024-04-21,7144,"{""type"":""MultiPoint"",""coordinates"":[]}"
7145_0,0.29804206,0.75145346,0.248058,2024-04-21,7145,"{""type"":""MultiPoint"",""coordinates"":[]}"
7146_0,0.23845531,0.73170733,0.2625523,2024-04-21,7146,"{""type"":""MultiPoint"",""coordinates"":[]}"
7147_0,0.19296403,0.7335835,0.2009358,2024-04-21,7147,"{""type"":""MultiPoint"",""coordinates"":[]}"
7148_0,0.30351555,0.73229975,0.27841341,2024-04-21,7148,"{""type"":""MultiPoint"",""coordinates"":[]}"
7149_0,0.20020096,0.67114335,0.18233179,2024-04-21,7149,"{""type"":""MultiPoint"",""coordinates"":[]}"
7150_0,0.009170208,0.4996573,-0.0061321827,2024-04-21,7150,"{""type"":""MultiPoint"",""coordinates"":[]}"
7151_0,0.26666668,0.6768348,0.27018988,2024-04-21,7151,"{""type"":""MultiPoint"",""coordinates"":[]}"
7152_0,0.079799205,0.40118578,0.03239898,2024-04-21,7152,"{""type"":""MultiPoint"",""coordinates"":[]}"
7153_0,0.24600811,0.6522702,0.23271826,2024-04-21,7153,"{""type"":""MultiPoint"",""coordinates"":[]}"
7154_0,0.104017854,0.6659276,0.057967614,2024-04-21,7154,"{""type"":""MultiPoint"",""coordinates"":[]}"
7155_0,0.10872211,0.59461045,0.10672901,2024-04-21,7155,"{""type"":""MultiPoint"",""coordinates"":[]}"
7172_0,0.16009365,0.6617143,0.10992366,2024-04-21,7172,"{""type"":""MultiPoint"",""coordinates"":[]}"
7298_0,0.17707363,0.5727914,0.36451963,2024-04-21,7298,"{""type"":""MultiPoint"",""coordinates"":[]}"
7321_0,0.09425494,0.42732558,-0.013561024,2024-04-21,7321,"{""type"":""MultiPoint"",""coordinates"":[]}"
7328_0,0.14354034,-0.0055193175,0.116934344,2024-04-21,7328,"{""type"":""MultiPoint"",""coordinates"":[]}"
7329_0,-0.08656433,0.4142132,-0.10403602,2024-04-21,7329,"{""type"":""MultiPoint"",""coordinates"":[]}"
7332_0,0.073608056,0.47864768,0.060456213,2024-04-21,7332,"{""type"":""MultiPoint"",""coordinates"":[]}"
7337_0,0.16204691,0.42857143,0.14379086,2024-04-21,7337,"{""type"":""MultiPoint"",""coordinates"":[]}"
7340_0,0.121996306,0.473424,0.112978525,2024-04-21,7340,"{""type"":""MultiPoint"",""coordinates"":[]}"
7343_0,0.10519645,0.42175066,0.06490066,2024-04-21,7343,"{""type"":""MultiPoint"",""coordinates"":[]}"
7348_0,0.12349206,0.5600707,0.12251708,2024-04-21,7348,"{""type"":""MultiPoint"",""coordinates"":[]}"
7349_0,0.086291,0.5135135,0.13004485,2024-04-21,7349,"{""type"":""MultiPoint"",""coordinates"":[]}"
7350_0,0.23507462,0.42828077,-0.13573407,2024-04-21,7350,"{""type"":""MultiPoint"",""coordinates"":[]}"
7375_0,0.1776425,0.43742824,0.25513783,2024-04-21,7375,"{""type"":""MultiPoint"",""coordinates"":[]}"
7376_0,0.062437776,0.6570669,0.06310403,2024-04-21,7376,"{""type"":""MultiPoint"",""coordinates"":[]}"
7382_0,0.076988876,0.23066103,0.039038148,2024-04-21,7382,"{""type"":""MultiPoint"",""coordinates"":[]}"
7388_0,0.20781033,0.45808384,0.06681271,2024-04-21,7388,"{""type"":""MultiPoint"",""coordinates"":[]}"
7393_0,0.2781766,0.75975674,0.26645997,2024-04-21,7393,"{""type"":""MultiPoint"",""coordinates"":[]}"
7395_0,0.06818182,0.6693976,0.12285251,2024-04-21,7395,"{""type"":""MultiPoint"",""coordinates"":[]}"
7404_0,0.18181819,0.18424396,0.14919852,2024-04-21,7404,"{""type"":""MultiPoint"",""coordinates"":[]}"
7406_0,-0.070760645,0.4130241,-0.09537407,2024-04-21,7406,"{""type"":""MultiPoint"",""coordinates"":[]}"
7408_0,0.10475267,0.077162415,0.1112181,2024-04-21,7408,"{""type"":""MultiPoint"",""coordinates"":[]}"
7411_0,0.2353216,0.7731492,0.22932036,2024-04-21,7411,"{""type"":""MultiPoint"",""coordinates"":[]}"
7417_0,0.03068151,0.49930653,0.09551558,2024-04-21,7417,"{""type"":""MultiPoint"",""coordinates"":[]}"
7420_0,-0.006213324,0.4850983,-0.108997524,2024-04-21,7420,"{""type"":""MultiPoint"",""coordinates"":[]}"
7421_0,0.057359952,0.0691567,0.07330648,2024-04-21,7421,"{""type"":""MultiPoint"",""coordinates"":[]}"
7425_0,0.14078999,0.6482472,0.11607323,2024-04-21,7425,"{""type"":""MultiPoint"",""coordinates"":[]}"
7426_0,0.10291739,0.018714402,0.109375864,2024-04-21,7426,"{""type"":""MultiPoint"",""coordinates"":[]}"
7434_0,0.20421903,0.7231183,0.18238413,2024-04-21,7434,"{""type"":""MultiPoint"",""coordinates"":[]}"
7435_0,-0.067626715,0.38689408,-0.1005676,2024-04-21,7435,"{""type"":""MultiPoint"",""coordinates"":[]}"
7436_0,0.21434614,0.7077986,0.19681771,2024-04-21,7436,"{""type"":""MultiPoint"",""coordinates"":[]}"
7437_0,0.1404749,0.16898608,-0.004022867,2024-04-21,7437,"{""type"":""MultiPoint"",""coordinates"":[]}"
7438_0,0.40834388,0.76653063,0.39612904,2024-04-21,7438,"{""type"":""MultiPoint"",""coordinates"":[]}"
7439_0,0.31057563,0.585348,0.3550407,2024-04-21,7439,"{""type"":""MultiPoint"",""coordinates"":[]}"
7440_0,0.056076907,0.08163819,0.12639457,2024-04-21,7440,"{""type"":""MultiPoint"",""coordinates"":[]}"
7441_0,-0.014459225,0.12171661,0.07081053,2024-04-21,7441,"{""type"":""MultiPoint"",""coordinates"":[]}"
7442_0,0.12453999,0.33867735,0.19285715,2024-04-21,7442,"{""type"":""MultiPoint"",""coordinates"":[]}"
7443_0,0.12259419,0.25213787,0.12463633,2024-04-21,7443,"{""type"":""MultiPoint"",""coordinates"":[]}"
7444_0,0.07664909,0.058002148,0.09741662,2024-04-21,7444,"{""type"":""MultiPoint"",""coordinates"":[]}"
7446_0,0.18021424,0.023841962,0.21270801,2024-04-21,7446,"{""type"":""MultiPoint"",""coordinates"":[]}"
7447_0,0.106519684,0.04453441,0.13406594,2024-04-21,7447,"{""type"":""MultiPoint"",""coordinates"":[]}"
7450_0,0.13093352,0.031814896,0.17866914,2024-04-21,7450,"{""type"":""MultiPoint"",""coordinates"":[]}"
7451_0,0.038530942,0.19446845,0.0993338,2024-04-21,7451,"{""type"":""MultiPoint"",""coordinates"":[]}"
7452_0,0.15704489,0.011883541,0.16773807,2024-04-21,7452,"{""type"":""MultiPoint"",""coordinates"":[]}"
7453_0,-0.05137881,0.4355275,-0.06435498,2024-04-21,7453,"{""type"":""MultiPoint"",""coordinates"":[]}"
7454_0,0.12275188,0.6766719,0.11797753,2024-04-21,7454,"{""type"":""MultiPoint"",""coordinates"":[]}"
7456_0,0.11326624,0.59352314,0.081675194,2024-04-21,7456,"{""type"":""MultiPoint"",""coordinates"":[]}"
7457_0,0.07837111,0.6207303,0.06853038,2024-04-21,7457,"{""type"":""MultiPoint"",""coordinates"":[]}"
7458_0,0.19603568,0.4946581,0.15955243,2024-04-21,7458,"{""type"":""MultiPoint"",""coordinates"":[]}"
7459_0,0.15138121,0.6459695,0.13481036,2024-04-21,7459,"{""type"":""MultiPoint"",""coordinates"":[]}"
7460_0,0.049711246,0.1371308,0.013634226,2024-04-21,7460,"{""type"":""MultiPoint"",""coordinates"":[]}"
7466_0,0.04916274,0.07005758,0.055746242,2024-04-21,7466,"{""type"":""MultiPoint"",""coordinates"":[]}"
7467_0,0.12615792,0.35869566,0.11582236,2024-04-21,7467,"{""type"":""MultiPoint"",""coordinates"":[]}"
7471_0,0.06735019,0.2791798,0.10302618,2024-04-21,7471,"{""type"":""MultiPoint"",""coordinates"":[]}"
7476_0,0.1028835,0.17035699,0.14235307,2024-04-21,7476,"{""type"":""MultiPoint"",""coordinates"":[]}"
7477_0,0.2037422,0.5242967,0.21756895,2024-04-21,7477,"{""type"":""MultiPoint"",""coordinates"":[]}"
7486_0,0.18913613,0.4726841,0.20038722,2024-04-21,7486,"{""type"":""MultiPoint"",""coordinates"":[]}"
7490_0,0.07608034,0.31576908,0.05597015,2024-04-21,7490,"{""type"":""MultiPoint"",""coordinates"":[]}"
7493_0,0.22123894,0.48707342,0.21761219,2024-04-21,7493,"{""type"":""MultiPoint"",""coordinates"":[]}"
7497_0,0.22013219,0.7621313,0.23363863,2024-04-21,7497,"{""type"":""MultiPoint"",""coordinates"":[]}"
7502_0,0.2501475,0.23238206,-0.091455564,2024-04-21,7502,"{""type"":""MultiPoint"",""coordinates"":[]}"
7505_0,0.16902314,0.78760606,0.14681624,2024-04-21,7505,"{""type"":""MultiPoint"",""coordinates"":[]}"
7506_0,0.11282844,0.6450168,0.06429995,2024-04-21,7506,"{""type"":""MultiPoint"",""coordinates"":[]}"
7507_0,0.16833667,0.5483029,0.31158417,2024-04-21,7507,"{""type"":""MultiPoint"",""coordinates"":[]}"
7508_0,0.08322981,0.14437984,0.12289042,2024-04-21,7508,"{""type"":""MultiPoint"",""coordinates"":[]}"
7511_0,0.25634968,0.78025275,0.24543002,2024-04-21,7511,"{""type"":""MultiPoint"",""coordinates"":[]}"
7513_0,0.38762215,0.52638036,0.3761062,2024-04-21,7513,"{""type"":""MultiPoint"",""coordinates"":[]}"
7526_0,0.06710762,0.11198569,-0.042661328,2024-04-21,7526,"{""type"":""MultiPoint"",""coordinates"":[]}"
7529_0,0.0691689,0.11930406,0.018469658,2024-04-21,7529,"{""type"":""MultiPoint"",""coordinates"":[]}"
7532_0,0.185296,0.023448275,0.21789084,2024-04-21,7532,"{""type"":""MultiPoint"",""coordinates"":[]}"
7535_0,0.13984169,0.027741084,0.16561583,2024-04-21,7535,"{""type"":""MultiPoint"",""coordinates"":[]}"
7540_0,0.42708334,0.5650118,0.41302028,2024-04-21,7540,"{""type"":""MultiPoint"",""coordinates"":[]}"
7543_0,0.28056562,0.74067163,0.2829151,2024-04-21,7543,"{""type"":""MultiPoint"",""coordinates"":[]}"
7548_0,0.23271991,0.007705987,0.2724551,2024-04-21,7548,"{""type"":""MultiPoint"",""coordinates"":[]}"
7558_0,0.28191,0.67,0.2615675,2024-04-21,7558,"{""type"":""MultiPoint"",""coordinates"":[]}"
7562_0,0.1438933,0.025777103,0.19325322,2024-04-21,7562,"{""type"":""MultiPoint"",""coordinates"":[]}"
7569_0,0.11312465,0.019911505,0.15617326,2024-04-21,7569,"{""type"":""MultiPoint"",""coordinates"":[]}"
7576_0,0.026503105,0.21825397,0.06813569,2024-04-21,7576,"{""type"":""MultiPoint"",""coordinates"":[]}"
7577_0,0.016297534,0.11809524,-0.0012760528,2024-04-21,7577,"{""type"":""MultiPoint"",""coordinates"":[]}"
7582_0,0.14683266,0.42682353,0.1309213,2024-04-21,7582,"{""type"":""MultiPoint"",""coordinates"":[]}"
7590_0,0.23748925,0.72988236,0.24758187,2024-04-21,7590,"{""type"":""MultiPoint"",""coordinates"":[]}"
7593_0,0.12616056,0.22338204,-0.15440115,2024-04-21,7593,"{""type"":""MultiPoint"",""coordinates"":[]}"
7600_0,0.13822894,0.61899847,0.13417721,2024-04-21,7600,"{""type"":""MultiPoint"",""coordinates"":[]}"
7607_0,0.1645197,0.010420168,0.20426661,2024-04-21,7607,"{""type"":""MultiPoint"",""coordinates"":[]}"
7622_0,-0.016001377,0.0464077,0.015258901,2024-04-21,7622,"{""type"":""MultiPoint"",""coordinates"":[]}"
7668_0,0.15180723,0.6100629,0.13385826,2024-04-21,7668,"{""type"":""MultiPoint"",""coordinates"":[]}"
7671_0,0.15473233,0.6832943,0.14663626,2024-04-21,7671,"{""type"":""MultiPoint"",""coordinates"":[]}"
7696_0,0.34158665,0.74394464,0.3183364,2024-04-21,7696,"{""type"":""MultiPoint"",""coordinates"":[]}"
7706_0,0.27102804,0.77701545,0.29694542,2024-04-21,7706,"{""type"":""MultiPoint"",""coordinates"":[]}"
7709_0,0.15674418,0.6863824,0.14982416,2024-04-21,7709,"{""type"":""MultiPoint"",""coordinates"":[]}"
7712_0,0.1539158,0.64597094,0.14285715,2024-04-21,7712,"{""type"":""MultiPoint"",""coordinates"":[]}"
7713_0,0.24827188,0.76283187,0.20837125,2024-04-21,7713,"{""type"":""MultiPoint"",""coordinates"":[]}"
7726_0,0.12496919,0.5991517,0.12063413,2024-04-21,7726,"{""type"":""MultiPoint"",""coordinates"":[]}"
7932_0,0.3528476,0.7676856,0.33114108,2024-04-21,7932,"{""type"":""MultiPoint"",""coordinates"":[]}"
7933_0,0.23929337,0.6996644,0.17551494,2024-04-21,7933,"{""type"":""MultiPoint"",""coordinates"":[]}"
7934_0,0.31705004,0.7279047,0.2888889,2024-04-21,7934,"{""type"":""MultiPoint"",""coordinates"":[]}"
7935_0,0.27619913,0.7397078,0.24406458,2024-04-21,7935,"{""type"":""MultiPoint"",""coordinates"":[]}"
7936_0,0.31161886,0.7185285,0.28520948,2024-04-21,7936,"{""type"":""MultiPoint"",""coordinates"":[]}"
7937_0,0.3429844,0.7842324,0.3723404,2024-04-21,7937,"{""type"":""MultiPoint"",""coordinates"":[]}"
7938_0,0.21615668,0.6606702,0.19039191,2024-04-21,7938,"{""type"":""MultiPoint"",""coordinates"":[]}"
7939_0,0.035149384,0.55570745,0.017889088,2024-04-21,7939,"{""type"":""MultiPoint"",""coordinates"":[]}"
7940_0,0.19447288,0.7602297,0.21808246,2024-04-21,7940,"{""type"":""MultiPoint"",""coordinates"":[]}"
7941_0,0.20214236,0.68710154,0.19672987,2024-04-21,7941,"{""type"":""MultiPoint"",""coordinates"":[]}"
7942_0,0.085519925,0.57646203,0.07107601,2024-04-21,7942,"{""type"":""MultiPoint"",""coordinates"":[]}"
7943_0,0.19608335,0.659854,0.17367741,2024-04-21,7943,"{""type"":""MultiPoint"",""coordinates"":[]}"
7944_0,0.29918835,0.7165109,0.27546296,2024-04-21,7944,"{""type"":""MultiPoint"",""coordinates"":[]}"
7945_0,0.3468578,0.78679585,0.33152786,2024-04-21,7945,"{""type"":""MultiPoint"",""coordinates"":[]}"
7946_0,0.19101124,0.34660766,0.18340895,2024-04-21,7946,"{""type"":""MultiPoint"",""coordinates"":[]}"
7947_0,0.27172276,0.72483706,0.24321502,2024-04-21,7947,"{""type"":""MultiPoint"",""coordinates"":[]}"
7948_0,0.22738387,0.6218035,0.20802005,2024-04-21,7948,"{""type"":""MultiPoint"",""coordinates"":[]}"
7976_0,0.10709635,0.6023222,0.09397192,2024-04-21,7976,"{""type"":""MultiPoint"",""coordinates"":[]}"
8069_0,0.30335122,0.81321776,0.27076688,2024-04-21,8069,"{""type"":""MultiPoint"",""coordinates"":[]}"
8108_0,0.11537465,0.052937377,0.12076963,2024-04-21,8108,"{""type"":""MultiPoint"",""coordinates"":[]}"
8109_0,0.11971943,0.6309751,0.10545926,2024-04-21,8109,"{""type"":""MultiPoint"",""coordinates"":[]}"
8112_0,0.3440703,0.7353522,0.3246231,2024-04-21,8112,"{""type"":""MultiPoint"",""coordinates"":[]}"
8113_0,0.29924387,0.8268956,0.3027289,2024-04-21,8113,"{""type"":""MultiPoint"",""coordinates"":[]}"
8121_0,0.17431015,0.07588076,0.1983775,2024-04-21,8121,"{""type"":""MultiPoint"",""coordinates"":[]}"
8126_0,0.32094595,0.68790394,0.38905776,2024-04-21,8126,"{""type"":""MultiPoint"",""coordinates"":[]}"
8128_0,0.11043241,0.7294538,0.10089358,2024-04-21,8128,"{""type"":""MultiPoint"",""coordinates"":[]}"
8132_0,0.044931304,0.62090683,3.886514E-4,2024-04-21,8132,"{""type"":""MultiPoint"",""coordinates"":[]}"
8139_0,0.42857143,0.70121133,0.36796537,2024-04-21,8139,"{""type"":""MultiPoint"",""coordinates"":[]}"
8143_0,0.043760832,0.086123034,0.06831773,2024-04-21,8143,"{""type"":""MultiPoint"",""coordinates"":[]}"
8147_0,0.27592054,0.82155114,0.2794986,2024-04-21,8147,"{""type"":""MultiPoint"",""coordinates"":[]}"
8157_0,-0.0050109616,0.49537385,-0.03532828,2024-04-21,8157,"{""type"":""MultiPoint"",""coordinates"":[]}"
8158_0,0.0930354,0.049068086,0.118977584,2024-04-21,8158,"{""type"":""MultiPoint"",""coordinates"":[]}"
8160_0,0.15919845,0.61366725,0.15814407,2024-04-21,8160,"{""type"":""MultiPoint"",""coordinates"":[]}"
8167_0,0.06010032,0.10984308,0.094137296,2024-04-21,8167,"{""type"":""MultiPoint"",""coordinates"":[]}"
8172_0,0.2723234,0.83299387,0.29366106,2024-04-21,8172,"{""type"":""MultiPoint"",""coordinates"":[]}"
8175_0,0.23456407,0.80115914,0.24173966,2024-04-21,8175,"{""type"":""MultiPoint"",""coordinates"":[]}"
8179_0,0.15276833,0.020972354,0.15815085,2024-04-21,8179,"{""type"":""MultiPoint"",""coordinates"":[]}"
8181_0,0.09264565,0.15258309,0.14764231,2024-04-21,8181,"{""type"":""MultiPoint"",""coordinates"":[]}"
8186_0,0.36129034,0.6603774,0.4,2024-04-21,8186,"{""type"":""MultiPoint"",""coordinates"":[]}"
8192_0,0.077564046,0.08411215,0.07378727,2024-04-21,8192,"{""type"":""MultiPoint"",""coordinates"":[]}"
8195_0,0.08454587,0.024813896,0.050139055,2024-04-21,8195,"{""type"":""MultiPoint"",""coordinates"":[]}"
8198_0,0.031305376,0.32790697,0.2512783,2024-04-21,8198,"{""type"":""MultiPoint"",""coordinates"":[]}"
8201_0,0.12172573,0.37263158,0.06710311,2024-04-21,8201,"{""type"":""MultiPoint"",""coordinates"":[]}"
8203_0,-0.022398345,0.4596796,-0.04933687,2024-04-21,8203,"{""type"":""MultiPoint"",""coordinates"":[]}"
8206_0,0.069691725,0.10026286,0.12346626,2024-04-21,8206,"{""type"":""MultiPoint"",""coordinates"":[]}"
8207_0,0.0013717421,0.6967593,-0.19671233,2024-04-21,8207,"{""type"":""MultiPoint"",""coordinates"":[]}"
8210_0,0.036990855,0.48621553,0.011729579,2024-04-21,8210,"{""type"":""MultiPoint"",""coordinates"":[]}"
8213_0,0.28429425,0.55825245,0.28143713,2024-04-21,8213,"{""type"":""MultiPoint"",""coordinates"":[]}"
8218_0,-0.0469847,0.51502275,-0.076239824,2024-04-21,8218,"{""type"":""MultiPoint"",""coordinates"":[]}"
8219_0,0.15215133,0.04005573,0.21271195,2024-04-21,8219,"{""type"":""MultiPoint"",""coordinates"":[]}"
8222_0,0.06789649,0.037328094,0.07453574,2024-04-21,8222,"{""type"":""MultiPoint"",""coordinates"":[]}"
8227_0,0.5055884,0.7976879,0.5358025,2024-04-21,8227,"{""type"":""MultiPoint"",""coordinates"":[]}"
8231_0,0.22551253,0.5119617,0.16461916,2024-04-21,8231,"{""type"":""MultiPoint"",""coordinates"":[]}"
8232_0,0.06259169,0.13344426,0.08445435,2024-04-21,8232,"{""type"":""MultiPoint"",""coordinates"":[]}"
8240_0,0.012638718,0.43916267,0.014916193,2024-04-21,8240,"{""type"":""MultiPoint"",""coordinates"":[]}"
8241_0,0.06319379,0.058958214,0.06812933,2024-04-21,8241,"{""type"":""MultiPoint"",""coordinates"":[]}"
8244_0,0.07998793,0.0442035,0.13585848,2024-04-21,8244,"{""type"":""MultiPoint"",""coordinates"":[]}"
8247_0,0.38235295,0.60313314,0.29263157,2024-04-21,8247,"{""type"":""MultiPoint"",""coordinates"":[]}"
8251_0,0.06425281,0.18462048,0.10504754,2024-04-21,8251,"{""type"":""MultiPoint"",""coordinates"":[]}"
8254_0,0.1594203,0.13362701,0.2741026,2024-04-21,8254,"{""type"":""MultiPoint"",""coordinates"":[]}"
8256_0,0.15506451,0.03404669,0.21729173,2024-04-21,8256,"{""type"":""MultiPoint"",""coordinates"":[]}"
8259_0,0.17296062,0.625,0.16169459,2024-04-21,8259,"{""type"":""MultiPoint"",""coordinates"":[]}"
8265_0,0.18233083,0.48868778,0.38818565,2024-04-21,8265,"{""type"":""MultiPoint"",""coordinates"":[]}"
8276_0,0.23462476,0.7172149,0.17457998,2024-04-21,8276,"{""type"":""MultiPoint"",""coordinates"":[]}"
8278_0,0.24288107,0.72890484,0.2604712,2024-04-21,8278,"{""type"":""MultiPoint"",""coordinates"":[]}"
8279_0,0.072113894,0.05148116,0.09888789,2024-04-21,8279,"{""type"":""MultiPoint"",""coordinates"":[]}"
8282_0,0.057842046,0.648855,0.049915873,2024-04-21,8282,"{""type"":""MultiPoint"",""coordinates"":[]}"
8284_0,-0.01992528,0.42449355,-0.028571429,2024-04-21,8284,"{""type"":""MultiPoint"",""coordinates"":[]}"
8286_0,0.4133037,0.018170426,0.4644587,2024-04-21,8286,"{""type"":""MultiPoint"",""coordinates"":[]}"
8296_0,0.15844701,0.37559646,0.11430149,2024-04-21,8296,"{""type"":""MultiPoint"",""coordinates"":[]}"
8298_0,0.28467155,0.5372907,0.2640801,2024-04-21,8298,"{""type"":""MultiPoint"",""coordinates"":[]}"
8308_0,0.15596525,0.0013908206,0.18238735,2024-04-21,8308,"{""type"":""MultiPoint"",""coordinates"":[]}"
8337_0,0.121433035,0.5246801,0.08523097,2024-04-21,8337,"{""type"":""MultiPoint"",""coordinates"":[]}"
8338_0,0.02417795,0.22317933,0.015769793,2024-04-21,8338,"{""type"":""MultiPoint"",""coordinates"":[]}"
8341_0,0.027667252,0.06013986,0.071567416,2024-04-21,8341,"{""type"":""MultiPoint"",""coordinates"":[]}"
8350_0,0.08890607,0.016143497,0.1235203,2024-04-21,8350,"{""type"":""MultiPoint"",""coordinates"":[]}"
8351_0,0.19593468,0.6003416,0.21668561,2024-04-21,8351,"{""type"":""MultiPoint"",""coordinates"":[]}"
8352_0,0.30413625,0.42731276,0.25906736,2024-04-21,8352,"{""type"":""MultiPoint"",""coordinates"":[]}"
8353_0,-0.02782498,0.0038528896,0.0844764,2024-04-21,8353,"{""type"":""MultiPoint"",""coordinates"":[]}"
8367_0,0.123925656,0.014340344,0.1747284,2024-04-21,8367,"{""type"":""MultiPoint"",""coordinates"":[]}"
8393_0,-6.9444446E-4,0.055244196,0.09890568,2024-04-21,8393,"{""type"":""MultiPoint"",""coordinates"":[]}"
8442_0,0.25197494,0.767642,0.19871607,2024-04-21,8442,"{""type"":""MultiPoint"",""coordinates"":[]}"
8443_0,0.39372823,0.8713568,0.36310396,2024-04-21,8443,"{""type"":""MultiPoint"",""coordinates"":[]}"
8448_0,0.18859164,0.6942551,0.17435321,2024-04-21,8448,"{""type"":""MultiPoint"",""coordinates"":[]}"
8453_0,0.08487617,0.58717436,0.110539846,2024-04-21,8453,"{""type"":""MultiPoint"",""coordinates"":[]}"
8454_0,0.29275972,0.7769376,0.27095726,2024-04-21,8454,"{""type"":""MultiPoint"",""coordinates"":[]}"
8455_0,0.056529447,0.5676497,0.036798712,2024-04-21,8455,"{""type"":""MultiPoint"",""coordinates"":[]}"
8621_0,0.10621242,0.76677525,0.09753136,2024-04-21,8621,"{""type"":""MultiPoint"",""coordinates"":[]}"
8622_0,0.25,0.6668487,0.22104421,2024-04-21,8622,"{""type"":""MultiPoint"",""coordinates"":[]}"
8623_0,0.28363454,0.72293717,0.22927356,2024-04-21,8623,"{""type"":""MultiPoint"",""coordinates"":[]}"
8624_0,0.051141553,0.6677116,0.011887779,2024-04-21,8624,"{""type"":""MultiPoint"",""coordinates"":[]}"
8625_0,0.19459116,0.7221542,0.19237289,2024-04-21,8625,"{""type"":""MultiPoint"",""coordinates"":[]}"
8626_0,0.26103967,0.7518827,0.25141564,2024-04-21,8626,"{""type"":""MultiPoint"",""coordinates"":[]}"
8627_0,0.27079356,0.7385621,0.28330207,2024-04-21,8627,"{""type"":""MultiPoint"",""coordinates"":[]}"
8628_0,0.21053965,0.71514016,0.19106957,2024-04-21,8628,"{""type"":""MultiPoint"",""coordinates"":[]}"
8629_0,0.21681997,0.75702417,0.1967655,2024-04-21,8629,"{""type"":""MultiPoint"",""coordinates"":[]}"
8630_0,0.14053148,0.602122,0.1474709,2024-04-21,8630,"{""type"":""MultiPoint"",""coordinates"":[]}"
8631_0,0.3794054,0.7652486,0.37211156,2024-04-21,8631,"{""type"":""MultiPoint"",""coordinates"":[]}"
8749_0,0.038174637,0.5613793,0.016157988,2024-04-21,8749,"{""type"":""MultiPoint"",""coordinates"":[]}"
8758_0,0.37066245,0.71311474,0.35384616,2024-04-21,8758,"{""type"":""MultiPoint"",""coordinates"":[]}"
8787_0,0.084728904,0.51573604,0.039331708,2024-04-21,8787,"{""type"":""MultiPoint"",""coordinates"":[]}"
8792_0,0.38354036,0.7116788,0.40524346,2024-04-21,8792,"{""type"":""MultiPoint"",""coordinates"":[]}"
8798_0,0.05595601,0.058928043,0.059241705,2024-04-21,8798,"{""type"":""MultiPoint"",""coordinates"":[]}"
8807_0,0.047978792,0.09658818,0.11924468,2024-04-21,8807,"{""type"":""MultiPoint"",""coordinates"":[]}"
8810_0,0.1875,0.8053339,0.20018184,2024-04-21,8810,"{""type"":""MultiPoint"",""coordinates"":[]}"
8812_0,0.01268201,0.5345725,-0.009121459,2024-04-21,8812,"{""type"":""MultiPoint"",""coordinates"":[]}"
8814_0,0.0642799,0.6100629,0.033125944,2024-04-21,8814,"{""type"":""MultiPoint"",""coordinates"":[]}"
8817_0,0.3911517,0.64821917,0.26866302,2024-04-21,8817,"{""type"":""MultiPoint"",""coordinates"":[]}"
8819_0,0.2516796,0.12513071,0.05421293,2024-04-21,8819,"{""type"":""MultiPoint"",""coordinates"":[]}"
8822_0,0.2814136,0.608156,0.24587911,2024-04-21,8822,"{""type"":""MultiPoint"",""coordinates"":[]}"
8827_0,0.065184936,0.5562798,0.048294496,2024-04-21,8827,"{""type"":""MultiPoint"",""coordinates"":[]}"
8835_0,0.05175661,0.061136547,0.03813978,2024-04-21,8835,"{""type"":""MultiPoint"",""coordinates"":[]}"
8836_0,0.12986156,0.52570254,0.25549915,2024-04-21,8836,"{""type"":""MultiPoint"",""coordinates"":[]}"
8837_0,0.14694697,0.07781537,0.1823966,2024-04-21,8837,"{""type"":""MultiPoint"",""coordinates"":[]}"
8841_0,0.376067,0.8259555,0.37161395,2024-04-21,8841,"{""type"":""MultiPoint"",""coordinates"":[]}"
8845_0,-0.043248013,0.4729664,-0.07945205,2024-04-21,8845,"{""type"":""MultiPoint"",""coordinates"":[]}"
8846_0,0.2901734,0.7357513,0.2415071,2024-04-21,8846,"{""type"":""MultiPoint"",""coordinates"":[]}"
8852_0,-0.06090547,0.4339972,-0.07485432,2024-04-21,8852,"{""type"":""MultiPoint"",""coordinates"":[]}"
8853_0,0.18635023,0.57086754,0.20597506,2024-04-21,8853,"{""type"":""MultiPoint"",""coordinates"":[]}"
8864_0,0.19186203,0.6443769,0.18138392,2024-04-21,8864,"{""type"":""MultiPoint"",""coordinates"":[]}"
8868_0,0.22713089,0.7434163,0.21053514,2024-04-21,8868,"{""type"":""MultiPoint"",""coordinates"":[]}"
8873_0,0.16160274,0.007106599,0.1482589,2024-04-21,8873,"{""type"":""MultiPoint"",""coordinates"":[]}"
8875_0,0.070854194,0.10975963,0.111691326,2024-04-21,8875,"{""type"":""MultiPoint"",""coordinates"":[]}"
8877_0,0.14205298,0.0045351475,0.15533823,2024-04-21,8877,"{""type"":""MultiPoint"",""coordinates"":[]}"
8880_0,0.24969293,0.7689567,0.23833273,2024-04-21,8880,"{""type"":""MultiPoint"",""coordinates"":[]}"
8888_0,0.055864725,0.18151261,0.12087693,2024-04-21,8888,"{""type"":""MultiPoint"",""coordinates"":[]}"
8891_0,0.28111938,0.79610026,0.23952326,2024-04-21,8891,"{""type"":""MultiPoint"",""coordinates"":[]}"
8894_0,0.100981764,0.043010753,0.13475816,2024-04-21,8894,"{""type"":""MultiPoint"",""coordinates"":[]}"
8897_0,0.05942941,0.07534489,0.027634582,2024-04-21,8897,"{""type"":""MultiPoint"",""coordinates"":[]}"
8900_0,0.09334912,0.6344444,0.1231151,2024-04-21,8900,"{""type"":""MultiPoint"",""coordinates"":[]}"
8904_0,0.17397043,0.63921136,0.17407945,2024-04-21,8904,"{""type"":""MultiPoint"",""coordinates"":[]}"
8909_0,0.17427456,0.7207859,0.15535498,2024-04-21,8909,"{""type"":""MultiPoint"",""coordinates"":[]}"
8913_0,0.21112159,0.6422535,0.16425362,2024-04-21,8913,"{""type"":""MultiPoint"",""coordinates"":[]}"
8916_0,0.089173265,0.6112198,0.048387095,2024-04-21,8916,"{""type"":""MultiPoint"",""coordinates"":[]}"
8921_0,0.15470679,0.6929461,0.16549228,2024-04-21,8921,"{""type"":""MultiPoint"",""coordinates"":[]}"
8922_0,0.15766078,0.12957998,0.11137163,2024-04-21,8922,"{""type"":""MultiPoint"",""coordinates"":[]}"
8929_0,0.27514124,0.7149739,0.24948816,2024-04-21,8929,"{""type"":""MultiPoint"",""coordinates"":[]}"
8930_0,0.079278596,0.053333335,0.119574845,2024-04-21,8930,"{""type"":""MultiPoint"",""coordinates"":[]}"
8936_0,0.3008658,0.5957728,0.30312836,2024-04-21,8936,"{""type"":""MultiPoint"",""coordinates"":[]}"
8937_0,0.15600932,0.27979496,0.11958147,2024-04-21,8937,"{""type"":""MultiPoint"",""coordinates"":[]}"
8938_0,0.07674228,0.2176259,0.15924658,2024-04-21,8938,"{""type"":""MultiPoint"",""coordinates"":[]}"
8939_0,0.06551571,0.5963415,0.10721083,2024-04-21,8939,"{""type"":""MultiPoint"",""coordinates"":[]}"
8956_0,0.1220109,0.30448383,0.118087366,2024-04-21,8956,"{""type"":""MultiPoint"",""coordinates"":[]}"
8957_0,0.10511425,0.62063336,0.093873955,2024-04-21,8957,"{""type"":""MultiPoint"",""coordinates"":[]}"
8971_0,0.17375132,0.47257385,0.14771171,2024-04-21,8971,"{""type"":""MultiPoint"",""coordinates"":[]}"
8977_0,0.09489255,0.032258064,0.13875979,2024-04-21,8977,"{""type"":""MultiPoint"",""coordinates"":[]}"
8979_0,0.17826502,0.23770492,0.10161542,2024-04-21,8979,"{""type"":""MultiPoint"",""coordinates"":[]}"
8985_0,0.108555496,0.18281718,-0.038570847,2024-04-21,8985,"{""type"":""MultiPoint"",""coordinates"":[]}"
8987_0,0.056904804,0.6193182,0.03448276,2024-04-21,8987,"{""type"":""MultiPoint"",""coordinates"":[]}"
9003_0,0.25109056,0.73128206,0.22274539,2024-04-21,9003,"{""type"":""MultiPoint"",""coordinates"":[]}"
9005_0,0.09928898,-0.013782542,0.042774256,2024-04-21,9005,"{""type"":""MultiPoint"",""coordinates"":[]}"
9007_0,0.23746452,0.47785547,0.22275795,2024-04-21,9007,"{""type"":""MultiPoint"",""coordinates"":[]}"
9011_0,0.25409836,0.48409894,0.26760563,2024-04-21,9011,"{""type"":""MultiPoint"",""coordinates"":[]}"
9015_0,0.15645278,0.5681592,0.14785142,2024-04-21,9015,"{""type"":""MultiPoint"",""coordinates"":[]}"
9019_0,0.17158836,0.017377567,0.2381639,2024-04-21,9019,"{""type"":""MultiPoint"",""coordinates"":[]}"
9022_0,0.018567083,0.0844387,0.17800035,2024-04-21,9022,"{""type"":""MultiPoint"",""coordinates"":[]}"
9025_0,0.048543688,0.54805195,0.041229907,2024-04-21,9025,"{""type"":""MultiPoint"",""coordinates"":[]}"
9026_0,0.24182244,0.6041359,0.2518732,2024-04-21,9026,"{""type"":""MultiPoint"",""coordinates"":[]}"
9027_0,0.34700665,0.64014685,0.38932088,2024-04-21,9027,"{""type"":""MultiPoint"",""coordinates"":[]}"
9028_0,0.13994415,0.008924378,0.129486,2024-04-21,9028,"{""type"":""MultiPoint"",""coordinates"":[]}"
9034_0,0.057681702,0.09750567,0.062335383,2024-04-21,9034,"{""type"":""MultiPoint"",""coordinates"":[]}"
9040_0,0.17729472,0.009214568,0.23523094,2024-04-21,9040,"{""type"":""MultiPoint"",""coordinates"":[]}"
9049_0,2.642706E-4,0.20603634,0.01727497,2024-04-21,9049,"{""type"":""MultiPoint"",""coordinates"":[]}"
9052_0,-0.0010475592,0.11852803,0.044973016,2024-04-21,9052,"{""type"":""MultiPoint"",""coordinates"":[]}"
9055_0,0.10237219,0.046364594,0.057789613,2024-04-21,9055,"{""type"":""MultiPoint"",""coordinates"":[]}"
9056_0,-0.033690393,0.07686782,0.0010852325,2024-04-21,9056,"{""type"":""MultiPoint"",""coordinates"":[]}"
9060_0,0.046774194,0.41227126,0.0521251,2024-04-21,9060,"{""type"":""MultiPoint"",""coordinates"":[]}"
9066_0,0.048362464,0.58311623,0.040054776,2024-04-21,9066,"{""type"":""MultiPoint"",""coordinates"":[]}"
9071_0,0.091175035,0.35829568,0.06048387,2024-04-21,9071,"{""type"":""MultiPoint"",""coordinates"":[]}"
9072_0,0.15317073,0.6080957,0.1462295,2024-04-21,9072,"{""type"":""MultiPoint"",""coordinates"":[]}"
9073_0,0.27685124,0.4984985,0.2961039,2024-04-21,9073,"{""type"":""MultiPoint"",""coordinates"":[]}"
9076_0,0.051436108,0.042564955,0.07640722,2024-04-21,9076,"{""type"":""MultiPoint"",""coordinates"":[]}"
9152_0,0.17925347,0.715415,0.15862069,2024-04-21,9152,"{""type"":""MultiPoint"",""coordinates"":[]}"
9154_0,0.16915192,0.67150086,0.16310725,2024-04-21,9154,"{""type"":""MultiPoint"",""coordinates"":[]}"
9161_0,0.27837738,0.6555102,0.22144148,2024-04-21,9161,"{""type"":""MultiPoint"",""coordinates"":[]}"
9173_0,0.1764706,0.6886898,0.14560649,2024-04-21,9173,"{""type"":""MultiPoint"",""coordinates"":[]}"
9175_0,0.27711406,0.77481765,0.2891039,2024-04-21,9175,"{""type"":""MultiPoint"",""coordinates"":[]}"
9179_0,0.20615996,0.7122093,0.1917046,2024-04-21,9179,"{""type"":""MultiPoint"",""coordinates"":[]}"
9188_0,0.28046703,0.80794704,0.29722023,2024-04-21,9188,"{""type"":""MultiPoint"",""coordinates"":[]}"
9197_0,0.27671233,0.7109098,0.24398625,2024-04-21,9197,"{""type"":""MultiPoint"",""coordinates"":[]}"
9384_0,0.37322834,0.79773694,0.3608137,2024-04-21,9384,"{""type"":""MultiPoint"",""coordinates"":[]}"
9385_0,0.13440861,0.6142938,0.11607843,2024-04-21,9385,"{""type"":""MultiPoint"",""coordinates"":[]}"
9386_0,0.104961835,0.55898875,0.083984375,2024-04-21,9386,"{""type"":""MultiPoint"",""coordinates"":[]}"
9387_0,0.23633352,0.7051914,0.23864575,2024-04-21,9387,"{""type"":""MultiPoint"",""coordinates"":[]}"
9388_0,0.19027424,0.71405625,0.19685923,2024-04-21,9388,"{""type"":""MultiPoint"",""coordinates"":[]}"
9389_0,0.19643694,0.6389074,0.17872544,2024-04-21,9389,"{""type"":""MultiPoint"",""coordinates"":[]}"
9390_0,0.23020361,0.7205021,0.20339479,2024-04-21,9390,"{""type"":""MultiPoint"",""coordinates"":[]}"
9391_0,0.31442463,0.7645283,0.29636818,2024-04-21,9391,"{""type"":""MultiPoint"",""coordinates"":[]}"
9392_0,0.42788965,0.8329271,0.36636934,2024-04-21,9392,"{""type"":""MultiPoint"",""coordinates"":[]}"
9393_0,0.39772728,0.8174317,0.37817755,2024-04-21,9393,"{""type"":""MultiPoint"",""coordinates"":[]}"
9394_0,0.19447288,0.6971098,0.16631356,2024-04-21,9394,"{""type"":""MultiPoint"",""coordinates"":[]}"
9395_0,0.32571748,0.78299123,0.33552992,2024-04-21,9395,"{""type"":""MultiPoint"",""coordinates"":[]}"
9396_0,0.27400595,0.6851595,0.28844115,2024-04-21,9396,"{""type"":""MultiPoint"",""coordinates"":[]}"
9397_0,0.26997042,0.41666666,0.26535168,2024-04-21,9397,"{""type"":""MultiPoint"",""coordinates"":[]}"
9398_0,0.1673699,0.63031423,0.12166172,2024-04-21,9398,"{""type"":""MultiPoint"",""coordinates"":[]}"
9399_0,0.103286386,0.57187307,0.09185217,2024-04-21,9399,"{""type"":""MultiPoint"",""coordinates"":[]}"
9488_0,0.05546104,0.38809898,-0.02586844,2024-04-21,9488,"{""type"":""MultiPoint"",""coordinates"":[]}"
9558_0,0.21910305,0.72127956,0.15125582,2024-04-21,9558,"{""type"":""MultiPoint"",""coordinates"":[]}"
9574_0,0.1817269,0.54902846,0.16737613,2024-04-21,9574,"{""type"":""MultiPoint"",""coordinates"":[]}"
9579_0,-0.007552199,0.48331046,-0.023773698,2024-04-21,9579,"{""type"":""MultiPoint"",""coordinates"":[]}"
9581_0,0.32116118,0.8509864,0.30312836,2024-04-21,9581,"{""type"":""MultiPoint"",""coordinates"":[]}"
9583_0,0.3273632,0.7769608,0.36406398,2024-04-21,9583,"{""type"":""MultiPoint"",""coordinates"":[]}"
9585_0,0.14200832,0.4670487,0.17296678,2024-04-21,9585,"{""type"":""MultiPoint"",""coordinates"":[]}"
9590_0,0.15563199,0.32517296,0.11809609,2024-04-21,9590,"{""type"":""MultiPoint"",""coordinates"":[]}"
9593_0,0.10354025,0.61275965,0.080919825,2024-04-21,9593,"{""type"":""MultiPoint"",""coordinates"":[]}"
9600_0,0.0746371,0.20010382,0.06642067,2024-04-21,9600,"{""type"":""MultiPoint"",""coordinates"":[]}"
9604_0,0.13996112,0.45003647,0.124275416,2024-04-21,9604,"{""type"":""MultiPoint"",""coordinates"":[]}"
9606_0,0.20963082,0.7699284,0.20194489,2024-04-21,9606,"{""type"":""MultiPoint"",""coordinates"":[]}"
9608_0,0.16054158,0.55733335,0.14734773,2024-04-21,9608,"{""type"":""MultiPoint"",""coordinates"":[]}"
9611_0,0.020490304,0.13732788,0.066108495,2024-04-21,9611,"{""type"":""MultiPoint"",""coordinates"":[]}"
9615_0,0.28362113,0.72689325,0.2267721,2024-04-21,9615,"{""type"":""MultiPoint"",""coordinates"":[]}"
9618_0,0.088650964,0.5807315,0.052256532,2024-04-21,9618,"{""type"":""MultiPoint"",""coordinates"":[]}"
9622_0,0.23443224,0.5354201,0.19563822,2024-04-21,9622,"{""type"":""MultiPoint"",""coordinates"":[]}"
9631_0,0.06980071,0.07479862,0.10369276,2024-04-21,9631,"{""type"":""MultiPoint"",""coordinates"":[]}"
9632_0,0.032347824,0.6713187,0.026592022,2024-04-21,9632,"{""type"":""MultiPoint"",""coordinates"":[]}"
9639_0,0.2128402,0.7788945,0.22153209,2024-04-21,9639,"{""type"":""MultiPoint"",""coordinates"":[]}"
9641_0,0.18344827,0.20637329,-0.055258468,2024-04-21,9641,"{""type"":""MultiPoint"",""coordinates"":[]}"
9644_0,0.18349455,0.7356396,0.2014782,2024-04-21,9644,"{""type"":""MultiPoint"",""coordinates"":[]}"
9650_0,0.09142948,0.67233837,0.09258377,2024-04-21,9650,"{""type"":""MultiPoint"",""coordinates"":[]}"
9656_0,0.43292102,0.7101796,0.4110672,2024-04-21,9656,"{""type"":""MultiPoint"",""coordinates"":[]}"
9664_0,0.16105418,0.4860681,0.113689095,2024-04-21,9664,"{""type"":""MultiPoint"",""coordinates"":[]}"
9667_0,0.13979799,0.054006968,0.20495425,2024-04-21,9667,"{""type"":""MultiPoint"",""coordinates"":[]}"
9674_0,0.088595666,0.25511017,0.10004653,2024-04-21,9674,"{""type"":""MultiPoint"",""coordinates"":[]}"
9676_0,0.1534998,0.5613603,0.21008404,2024-04-21,9676,"{""type"":""MultiPoint"",""coordinates"":[]}"
9679_0,0.39311567,0.83787996,0.3932053,2024-04-21,9679,"{""type"":""MultiPoint"",""coordinates"":[]}"
9681_0,0.3316611,0.7939778,0.3075368,2024-04-21,9681,"{""type"":""MultiPoint"",""coordinates"":[]}"
9682_0,0.20986585,0.39274794,0.2716394,2024-04-21,9682,"{""type"":""MultiPoint"",""coordinates"":[]}"
9685_0,0.39130434,0.5833333,0.38686132,2024-04-21,9685,"{""type"":""MultiPoint"",""coordinates"":[]}"
9686_0,0.1354746,0.017365523,0.14143154,2024-04-21,9686,"{""type"":""MultiPoint"",""coordinates"":[]}"
9689_0,0.27623126,0.80476415,0.2750371,2024-04-21,9689,"{""type"":""MultiPoint"",""coordinates"":[]}"
9690_0,0.06540671,0.21607454,0.24693939,2024-04-21,9690,"{""type"":""MultiPoint"",""coordinates"":[]}"
9691_0,0.069880374,0.02741573,0.07595458,2024-04-21,9691,"{""type"":""MultiPoint"",""coordinates"":[]}"
9696_0,0.22019868,0.51975685,0.22850123,2024-04-21,9696,"{""type"":""MultiPoint"",""coordinates"":[]}"
9697_0,0.098521836,0.045161292,0.1475555,2024-04-21,9697,"{""type"":""MultiPoint"",""coordinates"":[]}"
9716_0,-0.10471087,0.21601105,-0.1680831,2024-04-21,9716,"{""type"":""MultiPoint"",""coordinates"":[]}"
9723_0,0.20396218,0.41567695,0.25526538,2024-04-21,9723,"{""type"":""MultiPoint"",""coordinates"":[]}"
9724_0,0.12660651,0.25312296,0.088210106,2024-04-21,9724,"{""type"":""MultiPoint"",""coordinates"":[]}"
9726_0,0.38940728,0.8027796,0.40213615,2024-04-21,9726,"{""type"":""MultiPoint"",""coordinates"":[]}"
9727_0,0.21872967,0.4723093,0.21991342,2024-04-21,9727,"{""type"":""MultiPoint"",""coordinates"":[]}"
9728_0,0.17893593,0.037714284,0.23160394,2024-04-21,9728,"{""type"":""MultiPoint"",""coordinates"":[]}"
9729_0,0.11166165,0.57563454,0.10580691,2024-04-21,9729,"{""type"":""MultiPoint"",""coordinates"":[]}"
9730_0,0.34932053,0.64028776,0.38286582,2024-04-21,9730,"{""type"":""MultiPoint"",""coordinates"":[]}"
9731_0,0.08617234,0.19265144,0.07858105,2024-04-21,9731,"{""type"":""MultiPoint"",""coordinates"":[]}"
9733_0,0.08952939,0.03546798,0.10290549,2024-04-21,9733,"{""type"":""MultiPoint"",""coordinates"":[]}"
9737_0,-0.070866145,0.5112575,-0.09533202,2024-04-21,9737,"{""type"":""MultiPoint"",""coordinates"":[]}"
9740_0,-0.06839827,0.52714175,-0.11004498,2024-04-21,9740,"{""type"":""MultiPoint"",""coordinates"":[]}"
9742_0,0.049111176,0.5944056,0.0056710774,2024-04-21,9742,"{""type"":""MultiPoint"",""coordinates"":[]}"
9744_0,0.10405364,0.011274935,0.118666425,2024-04-21,9744,"{""type"":""MultiPoint"",""coordinates"":[]}"
9750_0,0.27725655,0.44454303,0.18615665,2024-04-21,9750,"{""type"":""MultiPoint"",""coordinates"":[]}"
9755_0,0.11039484,0.10359589,0.14323725,2024-04-21,9755,"{""type"":""MultiPoint"",""coordinates"":[]}"
9759_0,0.2674316,0.054288816,0.35060418,2024-04-21,9759,"{""type"":""MultiPoint"",""coordinates"":[]}"
9764_0,0.15385474,0.014001474,0.18486626,2024-04-21,9764,"{""type"":""MultiPoint"",""coordinates"":[]}"
9776_0,0.15253466,0.6241135,-0.008658009,2024-04-21,9776,"{""type"":""MultiPoint"",""coordinates"":[]}"
9779_0,0.13233523,0.013535032,0.14768693,2024-04-21,9779,"{""type"":""MultiPoint"",""coordinates"":[]}"
9781_0,0.014813426,0.5368782,0.011476952,2024-04-21,9781,"{""type"":""MultiPoint"",""coordinates"":[]}"
9782_0,0.20255841,0.03045217,0.27966386,2024-04-21,9782,"{""type"":""MultiPoint"",""coordinates"":[]}"
9786_0,0.113879,0.46902654,0.07692308,2024-04-21,9786,"{""type"":""MultiPoint"",""coordinates"":[]}"
9790_0,0.095028065,0.5688787,0.20598064,2024-04-21,9790,"{""type"":""MultiPoint"",""coordinates"":[]}"
9791_0,0.054207373,0.5714983,0.035203345,2024-04-21,9791,"{""type"":""MultiPoint"",""coordinates"":[]}"
9793_0,0.05217925,0.5250515,-0.02071397,2024-04-21,9793,"{""type"":""MultiPoint"",""coordinates"":[]}"
9800_0,0.17301643,0.2837607,0.118808195,2024-04-21,9800,"{""type"":""MultiPoint"",""coordinates"":[]}"
9804_0,0.13036884,0.016809862,0.15119475,2024-04-21,9804,"{""type"":""MultiPoint"",""coordinates"":[]}"
9806_0,0.25163743,0.70166415,0.2271438,2024-04-21,9806,"{""type"":""MultiPoint"",""coordinates"":[]}"
9810_0,0.1138976,0.027757486,0.14065666,2024-04-21,9810,"{""type"":""MultiPoint"",""coordinates"":[]}"
9811_0,0.03666702,0.078297876,0.055833332,2024-04-21,9811,"{""type"":""MultiPoint"",""coordinates"":[]}"
9814_0,0.22218442,0.68552256,0.21199587,2024-04-21,9814,"{""type"":""MultiPoint"",""coordinates"":[]}"
9821_0,0.07390543,0.061728396,0.059966817,2024-04-21,9821,"{""type"":""MultiPoint"",""coordinates"":[]}"
9825_0,-0.03814453,0.08742715,-0.018045112,2024-04-21,9825,"{""type"":""MultiPoint"",""coordinates"":[]}"
9828_0,0.29124054,0.5044832,0.33333334,2024-04-21,9828,"{""type"":""MultiPoint"",""coordinates"":[]}"
9833_0,0.109729655,0.29330572,0.09799326,2024-04-21,9833,"{""type"":""MultiPoint"",""coordinates"":[]}"
9916_0,0.28552338,0.7443325,0.26657522,2024-04-21,9916,"{""type"":""MultiPoint"",""coordinates"":[]}"
9924_0,0.13223457,0.61489236,0.1015873,2024-04-21,9924,"{""type"":""MultiPoint"",""coordinates"":[]}"
9926_0,0.19714221,0.6802817,0.14053537,2024-04-21,9926,"{""type"":""MultiPoint"",""coordinates"":[]}"
9936_0,0.23260923,0.75687915,0.2320469,2024-04-21,9936,"{""type"":""MultiPoint"",""coordinates"":[]}"
9938_0,0.17637947,0.67891234,0.15410618,2024-04-21,9938,"{""type"":""MultiPoint"",""coordinates"":[]}"
9940_0,0.25551602,0.71926296,0.24111246,2024-04-21,9940,"{""type"":""MultiPoint"",""coordinates"":[]}"
9947_0,0.06622407,0.52407616,-0.016440831,2024-04-21,9947,"{""type"":""MultiPoint"",""coordinates"":[]}"
10151_0,0.33727542,0.74246234,0.31127393,2024-04-21,10151,"{""type"":""MultiPoint"",""coordinates"":[]}"
10152_0,0.3834965,0.8185808,0.3857302,2024-04-21,10152,"{""type"":""MultiPoint"",""coordinates"":[]}"
10153_0,0.3330472,0.80112994,0.34458035,2024-04-21,10153,"{""type"":""MultiPoint"",""coordinates"":[]}"
10154_0,0.25859937,0.7034786,0.25472638,2024-04-21,10154,"{""type"":""MultiPoint"",""coordinates"":[]}"
10155_0,0.25980672,0.72542775,0.24956772,2024-04-21,10155,"{""type"":""MultiPoint"",""coordinates"":[]}"
10156_0,0.17480999,0.72924334,0.16345625,2024-04-21,10156,"{""type"":""MultiPoint"",""coordinates"":[]}"
10157_0,0.4021933,0.8096552,0.3825079,2024-04-21,10157,"{""type"":""MultiPoint"",""coordinates"":[]}"
10158_0,0.13608794,0.5995883,0.15388899,2024-04-21,10158,"{""type"":""MultiPoint"",""coordinates"":[]}"
10159_0,0.34942743,0.777969,0.32563362,2024-04-21,10159,"{""type"":""MultiPoint"",""coordinates"":[]}"
10160_0,0.15876517,0.6530945,0.14173229,2024-04-21,10160,"{""type"":""MultiPoint"",""coordinates"":[]}"
10161_0,-0.16224413,0.2702381,-0.17923076,2024-04-21,10161,"{""type"":""MultiPoint"",""coordinates"":[]}"
10162_0,0.057093427,0.5293351,0.036676977,2024-04-21,10162,"{""type"":""MultiPoint"",""coordinates"":[]}"
10163_0,0.20544554,0.7301349,0.17965755,2024-04-21,10163,"{""type"":""MultiPoint"",""coordinates"":[]}"
10164_0,0.31735706,0.75131017,0.29664904,2024-04-21,10164,"{""type"":""MultiPoint"",""coordinates"":[]}"
10165_0,0.2063768,0.6246453,0.1882597,2024-04-21,10165,"{""type"":""MultiPoint"",""coordinates"":[]}"
10166_0,0.12059817,0.66955215,0.097748086,2024-04-21,10166,"{""type"":""MultiPoint"",""coordinates"":[]}"
10167_0,0.34363982,0.7892068,0.3423913,2024-04-21,10167,"{""type"":""MultiPoint"",""coordinates"":[]}"
10182_0,0.25488803,0.7708277,0.22081785,2024-04-21,10182,"{""type"":""MultiPoint"",""coordinates"":[]}"
10185_0,0.19513981,0.7299959,0.21062455,2024-04-21,10185,"{""type"":""MultiPoint"",""coordinates"":[]}"
10187_0,-0.0408467,0.47310206,-0.03570841,2024-04-21,10187,"{""type"":""MultiPoint"",""coordinates"":[]}"
10192_0,0.07986111,0.5006676,0.072689675,2024-04-21,10192,"{""type"":""MultiPoint"",""coordinates"":[]}"
10194_0,0.19247311,0.70600414,0.1879618,2024-04-21,10194,"{""type"":""MultiPoint"",""coordinates"":[]}"
10294_0,0.37275448,0.7305606,0.39098838,2024-04-21,10294,"{""type"":""MultiPoint"",""coordinates"":[]}"
10304_0,0.37110835,0.70400655,0.34712347,2024-04-21,10304,"{""type"":""MultiPoint"",""coordinates"":[]}"
10305_0,0.11605081,0.41066283,0.12238464,2024-04-21,10305,"{""type"":""MultiPoint"",""coordinates"":[]}"
10326_0,0.13275194,0.6994719,0.1373494,2024-04-21,10326,"{""type"":""MultiPoint"",""coordinates"":[]}"
10335_0,0.24349965,0.65140563,0.17777354,2024-04-21,10335,"{""type"":""MultiPoint"",""coordinates"":[]}"
10336_0,0.2921049,0.7583838,0.26585224,2024-04-21,10336,"{""type"":""MultiPoint"",""coordinates"":[]}"
10337_0,0.12717405,0.007874016,0.13135281,2024-04-21,10337,"{""type"":""MultiPoint"",""coordinates"":[]}"
10339_0,0.16495058,0.028588625,0.25534844,2024-04-21,10339,"{""type"":""MultiPoint"",""coordinates"":[]}"
10340_0,0.038055643,0.566787,0.004961958,2024-04-21,10340,"{""type"":""MultiPoint"",""coordinates"":[]}"
10343_0,0.08341057,0.06745362,0.12283814,2024-04-21,10343,"{""type"":""MultiPoint"",""coordinates"":[]}"
10344_0,0.14403778,0.35543278,0.0075290897,2024-04-21,10344,"{""type"":""MultiPoint"",""coordinates"":[]}"
10347_0,0.10344828,0.67769027,0.07863652,2024-04-21,10347,"{""type"":""MultiPoint"",""coordinates"":[]}"
10356_0,0.23832221,0.6798574,0.1917046,2024-04-21,10356,"{""type"":""MultiPoint"",""coordinates"":[]}"
10361_0,0.15475203,0.67874634,0.14725569,2024-04-21,10361,"{""type"":""MultiPoint"",""coordinates"":[]}"
10362_0,0.2870421,0.6560886,0.264938,2024-04-21,10362,"{""type"":""MultiPoint"",""coordinates"":[]}"
10365_0,0.11625404,0.6255319,0.107447,2024-04-21,10365,"{""type"":""MultiPoint"",""coordinates"":[]}"
10377_0,0.15640096,0.7116451,0.1400431,2024-04-21,10377,"{""type"":""MultiPoint"",""coordinates"":[]}"
10379_0,0.09825808,0.39430544,0.09596474,2024-04-21,10379,"{""type"":""MultiPoint"",""coordinates"":[]}"
10381_0,0.011624254,0.5083415,-0.011575563,2024-04-21,10381,"{""type"":""MultiPoint"",""coordinates"":[]}"
10383_0,0.1859588,0.7641026,0.19065474,2024-04-21,10383,"{""type"":""MultiPoint"",""coordinates"":[]}"
10387_0,0.3929138,0.66885835,0.4172589,2024-04-21,10387,"{""type"":""MultiPoint"",""coordinates"":[]}"
10390_0,0.0884376,0.4142132,5.3869636E-4,2024-04-21,10390,"{""type"":""MultiPoint"",""coordinates"":[]}"
10391_0,0.11297321,0.05050505,0.11627907,2024-04-21,10391,"{""type"":""MultiPoint"",""coordinates"":[]}"
10413_0,0.08080743,0.043148413,0.101928376,2024-04-21,10413,"{""type"":""MultiPoint"",""coordinates"":[]}"
10415_0,0.35421535,0.8538832,0.36246154,2024-04-21,10415,"{""type"":""MultiPoint"",""coordinates"":[]}"
10420_0,0.14556243,0.008084075,0.19159102,2024-04-21,10420,"{""type"":""MultiPoint"",""coordinates"":[]}"
10421_0,0.21687171,0.8191109,0.23013131,2024-04-21,10421,"{""type"":""MultiPoint"",""coordinates"":[]}"
10424_0,0.1651788,0.02520436,0.20750175,2024-04-21,10424,"{""type"":""MultiPoint"",""coordinates"":[]}"
10428_0,0.029214915,0.2016585,0.16509822,2024-04-21,10428,"{""type"":""MultiPoint"",""coordinates"":[]}"
10429_0,0.091688655,0.625857,0.09318406,2024-04-21,10429,"{""type"":""MultiPoint"",""coordinates"":[]}"
10436_0,0.10928512,0.37931034,0.1341853,2024-04-21,10436,"{""type"":""MultiPoint"",""coordinates"":[]}"
10437_0,0.1414161,0.70534396,0.13232699,2024-04-21,10437,"{""type"":""MultiPoint"",""coordinates"":[]}"
10440_0,0.37558815,0.72407234,0.23265307,2024-04-21,10440,"{""type"":""MultiPoint"",""coordinates"":[]}"
10441_0,-0.16164383,0.24179381,0.35725114,2024-04-21,10441,"{""type"":""MultiPoint"",""coordinates"":[]}"
10442_0,-0.120608576,0.32334048,-0.134575,2024-04-21,10442,"{""type"":""MultiPoint"",""coordinates"":[]}"
10445_0,0.042428423,0.58258504,0.023223082,2024-04-21,10445,"{""type"":""MultiPoint"",""coordinates"":[]}"
10447_0,0.16602711,0.61388886,0.17551847,2024-04-21,10447,"{""type"":""MultiPoint"",""coordinates"":[]}"
10449_0,0.2838743,0.728932,0.23119469,2024-04-21,10449,"{""type"":""MultiPoint"",""coordinates"":[]}"
10452_0,0.37361827,0.71322846,0.3708364,2024-04-21,10452,"{""type"":""MultiPoint"",""coordinates"":[]}"
10455_0,0.15266618,0.63336766,0.15513474,2024-04-21,10455,"{""type"":""MultiPoint"",""coordinates"":[]}"
10458_0,0.03419372,0.055868786,0.0632944,2024-04-21,10458,"{""type"":""MultiPoint"",""coordinates"":[]}"
10461_0,0.16850321,0.62113935,0.1320393,2024-04-21,10461,"{""type"":""MultiPoint"",""coordinates"":[]}"
10470_0,0.16918936,0.10582993,0.09324523,2024-04-21,10470,"{""type"":""MultiPoint"",""coordinates"":[]}"
10471_0,0.110717975,0.26230395,0.2149922,2024-04-21,10471,"{""type"":""MultiPoint"",""coordinates"":[]}"
10475_0,0.21225195,0.53927255,0.2305099,2024-04-21,10475,"{""type"":""MultiPoint"",""coordinates"":[]}"
10488_0,0.00811157,0.3733108,-0.034585126,2024-04-21,10488,"{""type"":""MultiPoint"",""coordinates"":[]}"
10489_0,0.069260925,0.28141782,0.19643976,2024-04-21,10489,"{""type"":""MultiPoint"",""coordinates"":[]}"
10490_0,0.22474508,0.0036737693,0.19412118,2024-04-21,10490,"{""type"":""MultiPoint"",""coordinates"":[]}"
10500_0,0.11149625,0.64410734,0.09970732,2024-04-21,10500,"{""type"":""MultiPoint"",""coordinates"":[]}"
10504_0,0.015090853,0.5924706,0.028258888,2024-04-21,10504,"{""type"":""MultiPoint"",""coordinates"":[]}"
10505_0,0.28274238,0.7684779,0.31311867,2024-04-21,10505,"{""type"":""MultiPoint"",""coordinates"":[]}"
10512_0,0.051038694,0.038728897,0.078559,2024-04-21,10512,"{""type"":""MultiPoint"",""coordinates"":[]}"
10513_0,0.030411448,0.58270895,0.0065982407,2024-04-21,10513,"{""type"":""MultiPoint"",""coordinates"":[]}"
10516_0,0.14213152,0.04387292,0.18668845,2024-04-21,10516,"{""type"":""MultiPoint"",""coordinates"":[]}"
10518_0,0.16820736,0.01366298,0.1518344,2024-04-21,10518,"{""type"":""MultiPoint"",""coordinates"":[]}"
10519_0,0.029411765,0.2160804,0.1,2024-04-21,10519,"{""type"":""MultiPoint"",""coordinates"":[]}"
10520_0,0.13018464,-0.006772009,0.15025161,2024-04-21,10520,"{""type"":""MultiPoint"",""coordinates"":[]}"
10528_0,0.03256607,0.5673948,0.018169234,2024-04-21,10528,"{""type"":""MultiPoint"",""coordinates"":[]}"
10533_0,0.28843337,0.7492301,0.2902807,2024-04-21,10533,"{""type"":""MultiPoint"",""coordinates"":[]}"
10536_0,0.21624982,0.64269143,0.19932242,2024-04-21,10536,"{""type"":""MultiPoint"",""coordinates"":[]}"
10541_0,0.17887482,0.051829267,0.23554428,2024-04-21,10541,"{""type"":""MultiPoint"",""coordinates"":[]}"
10542_0,0.08888631,0.07746479,0.16707279,2024-04-21,10542,"{""type"":""MultiPoint"",""coordinates"":[]}"
10553_0,0.14533424,0.24030173,0.10275449,2024-04-21,10553,"{""type"":""MultiPoint"",""coordinates"":[]}"
10555_0,0.1298751,0.009582215,0.13828868,2024-04-21,10555,"{""type"":""MultiPoint"",""coordinates"":[]}"
10557_0,0.273021,0.4519104,0.24029262,2024-04-21,10557,"{""type"":""MultiPoint"",""coordinates"":[]}"
10572_0,0.07221188,0.59786236,0.032369442,2024-04-21,10572,"{""type"":""MultiPoint"",""coordinates"":[]}"
10579_0,0.25833333,0.6712835,0.29795626,2024-04-21,10579,"{""type"":""MultiPoint"",""coordinates"":[]}"
10580_0,0.14988175,0.022190912,0.20066197,2024-04-21,10580,"{""type"":""MultiPoint"",""coordinates"":[]}"
10581_0,0.15465783,0.3194805,-0.049401198,2024-04-21,10581,"{""type"":""MultiPoint"",""coordinates"":[]}"
10582_0,0.0024338302,0.27453768,0.04444121,2024-04-21,10582,"{""type"":""MultiPoint"",""coordinates"":[]}"
10583_0,0.20341556,0.4473578,0.2618252,2024-04-21,10583,"{""type"":""MultiPoint"",""coordinates"":[]}"
10584_0,0.08814473,0.6511085,0.0886709,2024-04-21,10584,"{""type"":""MultiPoint"",""coordinates"":[]}"
10591_0,0.15982722,0.007120253,0.1851507,2024-04-21,10591,"{""type"":""MultiPoint"",""coordinates"":[]}"
10592_0,0.18290691,0.55308753,0.07602339,2024-04-21,10592,"{""type"":""MultiPoint"",""coordinates"":[]}"
10595_0,0.08404918,0.0048685493,0.06483233,2024-04-21,10595,"{""type"":""MultiPoint"",""coordinates"":[]}"
10602_0,0.120152354,0.5802966,0.1060686,2024-04-21,10602,"{""type"":""MultiPoint"",""coordinates"":[]}"
10606_0,0.05366653,0.5507956,0.046242774,2024-04-21,10606,"{""type"":""MultiPoint"",""coordinates"":[]}"
10681_0,0.21630277,0.7214977,0.20636792,2024-04-21,10681,"{""type"":""MultiPoint"",""coordinates"":[]}"
10685_0,0.16717875,0.5790554,0.14349443,2024-04-21,10685,"{""type"":""MultiPoint"",""coordinates"":[]}"
10690_0,0.20266075,0.7228367,0.19118309,2024-04-21,10690,"{""type"":""MultiPoint"",""coordinates"":[]}"
10700_0,0.18582612,0.7468532,0.11667412,2024-04-21,10700,"{""type"":""MultiPoint"",""coordinates"":[]}"
10713_0,0.20558572,0.61689293,0.16521738,2024-04-21,10713,"{""type"":""MultiPoint"",""coordinates"":[]}"
10898_0,0.2835249,0.74473685,0.27868852,2024-04-21,10898,"{""type"":""MultiPoint"",""coordinates"":[]}"
10899_0,0.28395063,0.7222642,0.17719887,2024-04-21,10899,"{""type"":""MultiPoint"",""coordinates"":[]}"
10900_0,0.19611979,0.6545682,0.1621978,2024-04-21,10900,"{""type"":""MultiPoint"",""coordinates"":[]}"
10901_0,0.048728812,0.6234888,0.022850925,2024-04-21,10901,"{""type"":""MultiPoint"",""coordinates"":[]}"
10902_0,0.25083745,0.6899832,0.22739281,2024-04-21,10902,"{""type"":""MultiPoint"",""coordinates"":[]}"
10903_0,0.22961956,0.671292,0.22874631,2024-04-21,10903,"{""type"":""MultiPoint"",""coordinates"":[]}"
10904_0,0.3611298,0.7902272,0.3373634,2024-04-21,10904,"{""type"":""MultiPoint"",""coordinates"":[]}"
10905_0,0.2125,0.55329686,0.2238193,2024-04-21,10905,"{""type"":""MultiPoint"",""coordinates"":[]}"
10906_0,0.13361838,0.60732114,0.08753166,2024-04-21,10906,"{""type"":""MultiPoint"",""coordinates"":[]}"
10907_0,0.1592719,0.7048924,0.19146608,2024-04-21,10907,"{""type"":""MultiPoint"",""coordinates"":[]}"
10908_0,0.17664377,0.6643059,0.16683218,2024-04-21,10908,"{""type"":""MultiPoint"",""coordinates"":[]}"
10909_0,0.36353752,0.847764,0.37730497,2024-04-21,10909,"{""type"":""MultiPoint"",""coordinates"":[]}"
10910_0,0.33996937,0.6671756,0.3104,2024-04-21,10910,"{""type"":""MultiPoint"",""coordinates"":[]}"
10911_0,0.1878705,0.7335244,0.15210664,2024-04-21,10911,"{""type"":""MultiPoint"",""coordinates"":[]}"
10912_0,0.31395927,0.7365152,0.3158286,2024-04-21,10912,"{""type"":""MultiPoint"",""coordinates"":[]}"
10913_0,0.22682548,0.6551724,0.2376819,2024-04-21,10913,"{""type"":""MultiPoint"",""coordinates"":[]}"
11041_0,0.36733288,0.64524424,0.35306555,2024-04-21,11041,"{""type"":""MultiPoint"",""coordinates"":[]}"
11053_0,0.18066818,0.538683,0.25727728,2024-04-21,11053,"{""type"":""MultiPoint"",""coordinates"":[]}"
11059_0,0.11808118,0.739481,0.13533959,2024-04-21,11059,"{""type"":""MultiPoint"",""coordinates"":[]}"
11060_0,0.17143255,0.68520105,0.14037627,2024-04-21,11060,"{""type"":""MultiPoint"",""coordinates"":[]}"
11061_0,0.2593656,0.82776177,0.23076923,2024-04-21,11061,"{""type"":""MultiPoint"",""coordinates"":[]}"
11062_0,0.35867205,0.85215694,0.34784666,2024-04-21,11062,"{""type"":""MultiPoint"",""coordinates"":[]}"
11073_0,0.20778807,0.05626851,0.26589766,2024-04-21,11073,"{""type"":""MultiPoint"",""coordinates"":[]}"
11077_0,0.05597917,0.20194647,0.07742639,2024-04-21,11077,"{""type"":""MultiPoint"",""coordinates"":[]}"
11079_0,0.18605664,0.7550401,0.1818978,2024-04-21,11079,"{""type"":""MultiPoint"",""coordinates"":[]}"
11092_0,0.076807514,0.5272353,0.0946593,2024-04-21,11092,"{""type"":""MultiPoint"",""coordinates"":[]}"
11096_0,0.095248684,0.032149848,0.09498035,2024-04-21,11096,"{""type"":""MultiPoint"",""coordinates"":[]}"
11097_0,0.17115921,0.6967456,0.19029705,2024-04-21,11097,"{""type"":""MultiPoint"",""coordinates"":[]}"
11098_0,0.099671416,0.5257829,0.22379604,2024-04-21,11098,"{""type"":""MultiPoint"",""coordinates"":[]}"
11099_0,0.4524353,0.74235904,0.45564592,2024-04-21,11099,"{""type"":""MultiPoint"",""coordinates"":[]}"
11102_0,0.10859301,0.23849373,0.1880734,2024-04-21,11102,"{""type"":""MultiPoint"",""coordinates"":[]}"
11112_0,0.16093786,0.5131906,0.24513619,2024-04-21,11112,"{""type"":""MultiPoint"",""coordinates"":[]}"
11115_0,0.21310309,0.72431654,0.15097964,2024-04-21,11115,"{""type"":""MultiPoint"",""coordinates"":[]}"
11118_0,0.17763382,0.58008456,0.16481994,2024-04-21,11118,"{""type"":""MultiPoint"",""coordinates"":[]}"
11120_0,0.3322373,0.8588589,0.34037083,2024-04-21,11120,"{""type"":""MultiPoint"",""coordinates"":[]}"
11123_0,0.100690655,0.4363401,0.45805037,2024-04-21,11123,"{""type"":""MultiPoint"",""coordinates"":[]}"
11126_0,0.074115835,0.14657329,0.0074725277,2024-04-21,11126,"{""type"":""MultiPoint"",""coordinates"":[]}"
11128_0,0.06868661,0.05945946,0.1292762,2024-04-21,11128,"{""type"":""MultiPoint"",""coordinates"":[]}"
11131_0,0.25165126,0.81346154,0.24942034,2024-04-21,11131,"{""type"":""MultiPoint"",""coordinates"":[]}"
11135_0,0.3093301,0.82098764,0.27913278,2024-04-21,11135,"{""type"":""MultiPoint"",""coordinates"":[]}"
11137_0,0.35039836,0.8436512,0.3609073,2024-04-21,11137,"{""type"":""MultiPoint"",""coordinates"":[]}"
11138_0,0.100348435,0.20763724,0.1328781,2024-04-21,11138,"{""type"":""MultiPoint"",""coordinates"":[]}"
11139_0,0.09196759,0.040363844,0.11832557,2024-04-21,11139,"{""type"":""MultiPoint"",""coordinates"":[]}"
11140_0,0.17162052,0.010631229,0.19846351,2024-04-21,11140,"{""type"":""MultiPoint"",""coordinates"":[]}"
11141_0,0.061833687,0.51122195,0.048442908,2024-04-21,11141,"{""type"":""MultiPoint"",""coordinates"":[]}"
11150_0,0.05533597,0.5005325,0.034698,2024-04-21,11150,"{""type"":""MultiPoint"",""coordinates"":[]}"
11152_0,0.16336396,0.026745398,0.20052797,2024-04-21,11152,"{""type"":""MultiPoint"",""coordinates"":[]}"
11156_0,0.12517194,0.03221431,0.17291205,2024-04-21,11156,"{""type"":""MultiPoint"",""coordinates"":[]}"
11157_0,0.2740047,0.46177003,0.22071393,2024-04-21,11157,"{""type"":""MultiPoint"",""coordinates"":[]}"
11162_0,0.26443925,0.510537,0.22020867,2024-04-21,11162,"{""type"":""MultiPoint"",""coordinates"":[]}"
11165_0,0.4486166,0.7954378,0.37232846,2024-04-21,11165,"{""type"":""MultiPoint"",""coordinates"":[]}"
11169_0,0.08804954,0.17628866,0.10696095,2024-04-21,11169,"{""type"":""MultiPoint"",""coordinates"":[]}"
11172_0,0.29026386,0.49673203,0.27576602,2024-04-21,11172,"{""type"":""MultiPoint"",""coordinates"":[]}"
11173_0,0.0040575434,0.41604277,-0.009723261,2024-04-21,11173,"{""type"":""MultiPoint"",""coordinates"":[]}"
11177_0,0.07333377,0.06099436,0.07882736,2024-04-21,11177,"{""type"":""MultiPoint"",""coordinates"":[]}"
11181_0,0.14513491,0.6348144,0.12455516,2024-04-21,11181,"{""type"":""MultiPoint"",""coordinates"":[]}"
11182_0,0.049493555,0.14385353,0.11933454,2024-04-21,11182,"{""type"":""MultiPoint"",""coordinates"":[]}"
11184_0,0.08048511,0.15524626,0.19308916,2024-04-21,11184,"{""type"":""MultiPoint"",""coordinates"":[]}"
11189_0,0.0659824,0.14015867,0.08444125,2024-04-21,11189,"{""type"":""MultiPoint"",""coordinates"":[]}"
11196_0,0.19666564,0.09031627,0.124789774,2024-04-21,11196,"{""type"":""MultiPoint"",""coordinates"":[]}"
11199_0,0.32940742,0.45634267,0.31989548,2024-04-21,11199,"{""type"":""MultiPoint"",""coordinates"":[]}"
11201_0,0.22227557,0.5627814,0.31703204,2024-04-21,11201,"{""type"":""MultiPoint"",""coordinates"":[]}"
11207_0,0.15078759,-0.014638609,0.16946048,2024-04-21,11207,"{""type"":""MultiPoint"",""coordinates"":[]}"
11208_0,0.098599404,0.032355916,0.11615195,2024-04-21,11208,"{""type"":""MultiPoint"",""coordinates"":[]}"
11213_0,0.15818983,0.58668816,0.16884144,2024-04-21,11213,"{""type"":""MultiPoint"",""coordinates"":[]}"
11227_0,0.2002436,0.041689828,0.06613568,2024-04-21,11227,"{""type"":""MultiPoint"",""coordinates"":[]}"
11232_0,0.23006834,0.5090361,0.19427891,2024-04-21,11232,"{""type"":""MultiPoint"",""coordinates"":[]}"
11236_0,0.3794872,0.60883284,0.35638297,2024-04-21,11236,"{""type"":""MultiPoint"",""coordinates"":[]}"
11239_0,0.28915662,0.58770806,0.2731006,2024-04-21,11239,"{""type"":""MultiPoint"",""coordinates"":[]}"
11242_0,0.16905612,0.014842301,0.21448725,2024-04-21,11242,"{""type"":""MultiPoint"",""coordinates"":[]}"
11248_0,0.17844173,0.020588236,0.26526892,2024-04-21,11248,"{""type"":""MultiPoint"",""coordinates"":[]}"
11261_0,0.06584557,0.17594983,0.037422713,2024-04-21,11261,"{""type"":""MultiPoint"",""coordinates"":[]}"
11262_0,0.021635758,0.14872263,0.10064474,2024-04-21,11262,"{""type"":""MultiPoint"",""coordinates"":[]}"
11263_0,0.18483461,0.019828156,0.22856432,2024-04-21,11263,"{""type"":""MultiPoint"",""coordinates"":[]}"
11271_0,0.033345964,0.22938144,0.057454277,2024-04-21,11271,"{""type"":""MultiPoint"",""coordinates"":[]}"
11280_0,0.006554798,0.15625952,9.228741E-4,2024-04-21,11280,"{""type"":""MultiPoint"",""coordinates"":[]}"
11284_0,0.01767421,0.045454547,0.108773366,2024-04-21,11284,"{""type"":""MultiPoint"",""coordinates"":[]}"
11294_0,0.08466744,0.4180633,0.046915278,2024-04-21,11294,"{""type"":""MultiPoint"",""coordinates"":[]}"
11297_0,0.041365463,0.38644987,0.034580383,2024-04-21,11297,"{""type"":""MultiPoint"",""coordinates"":[]}"
11329_0,0.17155287,0.61572534,0.14252153,2024-04-21,11329,"{""type"":""MultiPoint"",""coordinates"":[]}"
11369_0,0.17983767,0.6948506,0.16266899,2024-04-21,11369,"{""type"":""MultiPoint"",""coordinates"":[]}"
11371_0,0.15749526,0.67376876,0.14860977,2024-04-21,11371,"{""type"":""MultiPoint"",""coordinates"":[]}"
11375_0,0.22967742,0.69518554,0.21361141,2024-04-21,11375,"{""type"":""MultiPoint"",""coordinates"":[]}"
11377_0,0.22868663,0.6881188,0.20886263,2024-04-21,11377,"{""type"":""MultiPoint"",""coordinates"":[]}"
11378_0,0.21569595,0.7399562,0.1996978,2024-04-21,11378,"{""type"":""MultiPoint"",""coordinates"":[]}"
11379_0,0.2113022,0.73961604,0.21649988,2024-04-21,11379,"{""type"":""MultiPoint"",""coordinates"":[]}"
11381_0,0.20052196,0.6240876,0.18456078,2024-04-21,11381,"{""type"":""MultiPoint"",""coordinates"":[]}"
11385_0,0.17746048,0.74577636,0.14723764,2024-04-21,11385,"{""type"":""MultiPoint"",""coordinates"":[]}"
11405_0,0.046149824,0.6765329,-0.044737518,2024-04-21,11405,"{""type"":""MultiPoint"",""coordinates"":[]}"
11563_0,0.31000227,0.7175141,0.25680932,2024-04-21,11563,"{""type"":""MultiPoint"",""coordinates"":[]}"
11564_0,0.43983307,0.8164367,0.4296506,2024-04-21,11564,"{""type"":""MultiPoint"",""coordinates"":[]}"
11565_0,0.32584795,0.77832514,0.33425733,2024-04-21,11565,"{""type"":""MultiPoint"",""coordinates"":[]}"
11566_0,0.1738649,0.70414203,0.18291347,2024-04-21,11566,"{""type"":""MultiPoint"",""coordinates"":[]}"
11567_0,0.1691531,0.52878964,0.17951043,2024-04-21,11567,"{""type"":""MultiPoint"",""coordinates"":[]}"
11568_0,0.2905497,0.75449103,0.28297755,2024-04-21,11568,"{""type"":""MultiPoint"",""coordinates"":[]}"
11569_0,0.29387283,0.7323308,0.30701157,2024-04-21,11569,"{""type"":""MultiPoint"",""coordinates"":[]}"
11570_0,0.4073957,0.8590575,0.39271256,2024-04-21,11570,"{""type"":""MultiPoint"",""coordinates"":[]}"
11571_0,0.21534246,0.6458967,0.20400222,2024-04-21,11571,"{""type"":""MultiPoint"",""coordinates"":[]}"
11572_0,0.25875086,0.6501767,0.26729986,2024-04-21,11572,"{""type"":""MultiPoint"",""coordinates"":[]}"
11573_0,0.25603592,0.7217963,0.28047788,2024-04-21,11573,"{""type"":""MultiPoint"",""coordinates"":[]}"
11574_0,0.055531822,0.51926607,0.058146965,2024-04-21,11574,"{""type"":""MultiPoint"",""coordinates"":[]}"
11575_0,0.43962076,0.81517565,0.46485585,2024-04-21,11575,"{""type"":""MultiPoint"",""coordinates"":[]}"
11922_0,0.1290958,0.5850144,0.15143056,2024-04-21,11922,"{""type"":""MultiPoint"",""coordinates"":[]}"
11923_0,0.16703622,0.6362264,0.18125682,2024-04-21,11923,"{""type"":""MultiPoint"",""coordinates"":[]}"
11924_0,0.30264726,0.75958705,0.24012475,2024-04-21,11924,"{""type"":""MultiPoint"",""coordinates"":[]}"
11925_0,0.30144268,0.7892604,0.3149665,2024-04-21,11925,"{""type"":""MultiPoint"",""coordinates"":[]}"
11926_0,0.18046604,0.6435935,0.14903475,2024-04-21,11926,"{""type"":""MultiPoint"",""coordinates"":[]}"
11941_0,0.11719833,0.59933954,0.066030815,2024-04-21,11941,"{""type"":""MultiPoint"",""coordinates"":[]}"
11948_0,0.07608522,0.5763547,0.051939514,2024-04-21,11948,"{""type"":""MultiPoint"",""coordinates"":[]}"
11952_0,0.20618556,0.7528208,0.15093039,2024-04-21,11952,"{""type"":""MultiPoint"",""coordinates"":[]}"
12077_0,0.23994698,0.48802018,0.15686275,2024-04-21,12077,"{""type"":""MultiPoint"",""coordinates"":[]}"
12078_0,0.17421888,0.6707897,0.16368456,2024-04-21,12078,"{""type"":""MultiPoint"",""coordinates"":[]}"
12088_0,0.21525423,0.54229933,0.21124361,2024-04-21,12088,"{""type"":""MultiPoint"",""coordinates"":[]}"
12092_0,0.16348195,0.6266536,0.092464626,2024-04-21,12092,"{""type"":""MultiPoint"",""coordinates"":[]}"
12094_0,-0.026121635,0.5163908,-0.04827867,2024-04-21,12094,"{""type"":""MultiPoint"",""coordinates"":[]}"
12098_0,0.055081967,0.51976746,-0.048762735,2024-04-21,12098,"{""type"":""MultiPoint"",""coordinates"":[]}"
12102_0,0.13992776,0.03058104,0.18727292,2024-04-21,12102,"{""type"":""MultiPoint"",""coordinates"":[]}"
12103_0,0.15854982,0.035856575,0.17730296,2024-04-21,12103,"{""type"":""MultiPoint"",""coordinates"":[]}"
12104_0,0.12043534,0.18770875,0.07318545,2024-04-21,12104,"{""type"":""MultiPoint"",""coordinates"":[]}"
12105_0,0.41187647,0.6816431,0.3582167,2024-04-21,12105,"{""type"":""MultiPoint"",""coordinates"":[]}"
12106_0,0.1334071,0.025076991,0.13880743,2024-04-21,12106,"{""type"":""MultiPoint"",""coordinates"":[]}"
12108_0,0.20943569,0.7753763,0.2052928,2024-04-21,12108,"{""type"":""MultiPoint"",""coordinates"":[]}"
12109_0,0.04728699,0.11619167,0.0416484,2024-04-21,12109,"{""type"":""MultiPoint"",""coordinates"":[]}"
12113_0,0.16139662,0.010480349,0.16625717,2024-04-21,12113,"{""type"":""MultiPoint"",""coordinates"":[]}"
12120_0,-0.012404787,0.31329632,0.26693982,2024-04-21,12120,"{""type"":""MultiPoint"",""coordinates"":[]}"
12121_0,0.14260945,0.12379936,0.17342249,2024-04-21,12121,"{""type"":""MultiPoint"",""coordinates"":[]}"
12126_0,0.16265959,0.6745956,0.16459884,2024-04-21,12126,"{""type"":""MultiPoint"",""coordinates"":[]}"
12127_0,0.16891117,0.01427868,0.17370558,2024-04-21,12127,"{""type"":""MultiPoint"",""coordinates"":[]}"
12132_0,0.1669971,0.7811966,0.20829105,2024-04-21,12132,"{""type"":""MultiPoint"",""coordinates"":[]}"
12133_0,0.17483412,-0.036785513,0.13760547,2024-04-21,12133,"{""type"":""MultiPoint"",""coordinates"":[]}"
12139_0,0.12404548,0.19525066,0.025853936,2024-04-21,12139,"{""type"":""MultiPoint"",""coordinates"":[]}"
12140_0,0.38427266,0.8516058,0.41515023,2024-04-21,12140,"{""type"":""MultiPoint"",""coordinates"":[]}"
12141_0,0.19814043,0.7484806,0.19852588,2024-04-21,12141,"{""type"":""MultiPoint"",""coordinates"":[]}"
12151_0,0.38500476,0.71082515,0.39851484,2024-04-21,12151,"{""type"":""MultiPoint"",""coordinates"":[]}"
12156_0,0.033778626,0.15409055,0.06887356,2024-04-21,12156,"{""type"":""MultiPoint"",""coordinates"":[]}"
12162_0,0.13587488,0.04091778,0.18334964,2024-04-21,12162,"{""type"":""MultiPoint"",""coordinates"":[]}"
12163_0,0.35157526,0.8331858,0.33419254,2024-04-21,12163,"{""type"":""MultiPoint"",""coordinates"":[]}"
12166_0,0.11605792,0.64539915,0.11299068,2024-04-21,12166,"{""type"":""MultiPoint"",""coordinates"":[]}"
12169_0,0.13578565,0.60546076,0.105522916,2024-04-21,12169,"{""type"":""MultiPoint"",""coordinates"":[]}"
12171_0,0.17074275,0.69283277,0.15054512,2024-04-21,12171,"{""type"":""MultiPoint"",""coordinates"":[]}"
12180_0,0.2891892,0.48752078,0.25915492,2024-04-21,12180,"{""type"":""MultiPoint"",""coordinates"":[]}"
12183_0,0.2700886,0.70066226,0.23441756,2024-04-21,12183,"{""type"":""MultiPoint"",""coordinates"":[]}"
12185_0,0.31240657,0.46536797,0.08146965,2024-04-21,12185,"{""type"":""MultiPoint"",""coordinates"":[]}"
12188_0,0.41190866,0.7760838,0.44216636,2024-04-21,12188,"{""type"":""MultiPoint"",""coordinates"":[]}"
12192_0,0.17183098,0.3236715,-0.03521127,2024-04-21,12192,"{""type"":""MultiPoint"",""coordinates"":[]}"
12199_0,0.42790335,0.7245902,0.48273432,2024-04-21,12199,"{""type"":""MultiPoint"",""coordinates"":[]}"
12202_0,0.20406279,0.47024503,0.1875589,2024-04-21,12202,"{""type"":""MultiPoint"",""coordinates"":[]}"
12206_0,0.057805467,0.19571781,0.032349806,2024-04-21,12206,"{""type"":""MultiPoint"",""coordinates"":[]}"
12208_0,0.0815594,0.052031904,0.0035322888,2024-04-21,12208,"{""type"":""MultiPoint"",""coordinates"":[]}"
12210_0,0.11855292,0.3029001,0.14731616,2024-04-21,12210,"{""type"":""MultiPoint"",""coordinates"":[]}"
12213_0,0.15921518,-0.0024855013,0.102437906,2024-04-21,12213,"{""type"":""MultiPoint"",""coordinates"":[]}"
12215_0,0.06785365,0.19103414,0.04270264,2024-04-21,12215,"{""type"":""MultiPoint"",""coordinates"":[]}"
12221_0,0.12913273,0.30078125,0.18888766,2024-04-21,12221,"{""type"":""MultiPoint"",""coordinates"":[]}"
12230_0,0.022947475,0.26952764,0.035246726,2024-04-21,12230,"{""type"":""MultiPoint"",""coordinates"":[]}"
12236_0,-0.051136363,0.47428033,-0.08440797,2024-04-21,12236,"{""type"":""MultiPoint"",""coordinates"":[]}"
12239_0,0.11132927,0.68676156,0.10322964,2024-04-21,12239,"{""type"":""MultiPoint"",""coordinates"":[]}"
12247_0,0.06601676,0.04896043,0.067850135,2024-04-21,12247,"{""type"":""MultiPoint"",""coordinates"":[]}"
12251_0,0.19515604,-0.014044944,0.13043478,2024-04-21,12251,"{""type"":""MultiPoint"",""coordinates"":[]}"
12254_0,0.07188591,0.14862914,0.1992467,2024-04-21,12254,"{""type"":""MultiPoint"",""coordinates"":[]}"
12267_0,0.090014756,0.03814582,0.14096186,2024-04-21,12267,"{""type"":""MultiPoint"",""coordinates"":[]}"
12268_0,0.06319366,0.052358735,0.13376153,2024-04-21,12268,"{""type"":""MultiPoint"",""coordinates"":[]}"
12280_0,0.13540904,0.0035559067,0.13914116,2024-04-21,12280,"{""type"":""MultiPoint"",""coordinates"":[]}"
12286_0,0.16081624,0.02585034,0.20633969,2024-04-21,12286,"{""type"":""MultiPoint"",""coordinates"":[]}"
12287_0,0.18816763,0.54451346,0.2032258,2024-04-21,12287,"{""type"":""MultiPoint"",""coordinates"":[]}"
12288_0,0.17874396,0.4632353,0.121653356,2024-04-21,12288,"{""type"":""MultiPoint"",""coordinates"":[]}"
12289_0,0.21212122,0.57288134,0.19587629,2024-04-21,12289,"{""type"":""MultiPoint"",""coordinates"":[]}"
12300_0,0.11222848,0.62584615,0.089709215,2024-04-21,12300,"{""type"":""MultiPoint"",""coordinates"":[]}"
12304_0,0.21148825,0.5126999,0.24193859,2024-04-21,12304,"{""type"":""MultiPoint"",""coordinates"":[]}"
12307_0,0.06508048,0.16269997,-0.056962024,2024-04-21,12307,"{""type"":""MultiPoint"",""coordinates"":[]}"
12315_0,0.054766733,0.30083102,0.056467943,2024-04-21,12315,"{""type"":""MultiPoint"",""coordinates"":[]}"
12317_0,0.055050116,0.19520174,0.1772288,2024-04-21,12317,"{""type"":""MultiPoint"",""coordinates"":[]}"
12322_0,0.032737277,0.29712042,0.05989305,2024-04-21,12322,"{""type"":""MultiPoint"",""coordinates"":[]}"
12332_0,0.074287914,0.590796,0.030828128,2024-04-21,12332,"{""type"":""MultiPoint"",""coordinates"":[]}"
12373_0,0.03353509,0.125,-0.028551532,2024-04-21,12373,"{""type"":""MultiPoint"",""coordinates"":[]}"
12375_0,0.026437942,0.025365103,0.0503937,2024-04-21,12375,"{""type"":""MultiPoint"",""coordinates"":[]}"
12388_0,-0.026330745,0.5821186,-0.051834594,2024-04-21,12388,"{""type"":""MultiPoint"",""coordinates"":[]}"
12402_0,0.10247229,0.6841515,0.0656727,2024-04-21,12402,"{""type"":""MultiPoint"",""coordinates"":[]}"
12409_0,0.26706484,0.73049647,0.2604391,2024-04-21,12409,"{""type"":""MultiPoint"",""coordinates"":[]}"
12413_0,0.22201018,0.69991016,0.21476726,2024-04-21,12413,"{""type"":""MultiPoint"",""coordinates"":[]}"
12416_0,0.20493218,0.7129701,0.16129032,2024-04-21,12416,"{""type"":""MultiPoint"",""coordinates"":[]}"
12622_0,0.2220451,0.7217391,0.20224194,2024-04-21,12622,"{""type"":""MultiPoint"",""coordinates"":[]}"
12623_0,0.18756169,0.7177738,0.18474492,2024-04-21,12623,"{""type"":""MultiPoint"",""coordinates"":[]}"
12624_0,0.17438173,0.7101266,0.16090226,2024-04-21,12624,"{""type"":""MultiPoint"",""coordinates"":[]}"
12625_0,0.28489968,0.7052074,0.26247004,2024-04-21,12625,"{""type"":""MultiPoint"",""coordinates"":[]}"
12626_0,0.3360324,0.7528469,0.32188296,2024-04-21,12626,"{""type"":""MultiPoint"",""coordinates"":[]}"
12627_0,0.16166456,0.65912306,0.17065868,2024-04-21,12627,"{""type"":""MultiPoint"",""coordinates"":[]}"
12628_0,0.35877863,0.7722503,0.31944445,2024-04-21,12628,"{""type"":""MultiPoint"",""coordinates"":[]}"
12629_0,0.3676547,0.75044435,0.33877108,2024-04-21,12629,"{""type"":""MultiPoint"",""coordinates"":[]}"
12630_0,0.30643868,0.76552796,0.27323627,2024-04-21,12630,"{""type"":""MultiPoint"",""coordinates"":[]}"
12631_0,0.23291272,0.72564006,0.2149583,2024-04-21,12631,"{""type"":""MultiPoint"",""coordinates"":[]}"
12632_0,0.11907115,0.6333716,0.08960939,2024-04-21,12632,"{""type"":""MultiPoint"",""coordinates"":[]}"
12633_0,0.32165605,0.77481586,0.32878152,2024-04-21,12633,"{""type"":""MultiPoint"",""coordinates"":[]}"
12634_0,0.18219212,0.5577056,0.14300203,2024-04-21,12634,"{""type"":""MultiPoint"",""coordinates"":[]}"
12635_0,0.074376084,0.44373673,0.04267825,2024-04-21,12635,"{""type"":""MultiPoint"",""coordinates"":[]}"
12636_0,0.11400778,0.71637124,0.18225893,2024-04-21,12636,"{""type"":""MultiPoint"",""coordinates"":[]}"
12650_0,0.2767193,0.7945098,0.26525345,2024-04-21,12650,"{""type"":""MultiPoint"",""coordinates"":[]}"
12652_0,0.12519373,0.651736,0.10183875,2024-04-21,12652,"{""type"":""MultiPoint"",""coordinates"":[]}"
12656_0,0.29508197,0.7663158,0.22862896,2024-04-21,12656,"{""type"":""MultiPoint"",""coordinates"":[]}"
12657_0,0.05691944,0.5448755,0.014255845,2024-04-21,12657,"{""type"":""MultiPoint"",""coordinates"":[]}"
12666_0,0.043339197,0.416039,0.03313399,2024-04-21,12666,"{""type"":""MultiPoint"",""coordinates"":[]}"
12756_0,0.40398127,0.7730711,0.39440808,2024-04-21,12756,"{""type"":""MultiPoint"",""coordinates"":[]}"
12765_0,0.107545234,0.42741936,0.3684465,2024-04-21,12765,"{""type"":""MultiPoint"",""coordinates"":[]}"
12779_0,0.047085874,0.1319623,0.05154229,2024-04-21,12779,"{""type"":""MultiPoint"",""coordinates"":[]}"
12783_0,0.39182562,0.70181817,0.43119267,2024-04-21,12783,"{""type"":""MultiPoint"",""coordinates"":[]}"
12786_0,0.21621622,0.7846451,0.19980523,2024-04-21,12786,"{""type"":""MultiPoint"",""coordinates"":[]}"
12790_0,0.13594368,0.63303936,0.12607534,2024-04-21,12790,"{""type"":""MultiPoint"",""coordinates"":[]}"
12793_0,0.42416552,0.8606403,0.45642158,2024-04-21,12793,"{""type"":""MultiPoint"",""coordinates"":[]}"
12796_0,0.18949223,0.7352472,0.20164089,2024-04-21,12796,"{""type"":""MultiPoint"",""coordinates"":[]}"
12800_0,0.20083213,0.8445448,0.21687314,2024-04-21,12800,"{""type"":""MultiPoint"",""coordinates"":[]}"
12801_0,0.10286426,0.017418845,0.06611356,2024-04-21,12801,"{""type"":""MultiPoint"",""coordinates"":[]}"
12804_0,0.35506004,0.60932297,0.31698456,2024-04-21,12804,"{""type"":""MultiPoint"",""coordinates"":[]}"
12823_0,0.13762887,0.012915129,0.13517705,2024-04-21,12823,"{""type"":""MultiPoint"",""coordinates"":[]}"
12827_0,0.14681505,0.043995243,0.17746982,2024-04-21,12827,"{""type"":""MultiPoint"",""coordinates"":[]}"
12828_0,0.1846877,0.4442675,0.19815059,2024-04-21,12828,"{""type"":""MultiPoint"",""coordinates"":[]}"
12838_0,0.17211677,0.5726975,0.1290485,2024-04-21,12838,"{""type"":""MultiPoint"",""coordinates"":[]}"
12848_0,0.26136845,0.7046365,0.26293468,2024-04-21,12848,"{""type"":""MultiPoint"",""coordinates"":[]}"
12849_0,0.094656266,0.50329673,0.053117782,2024-04-21,12849,"{""type"":""MultiPoint"",""coordinates"":[]}"
12854_0,0.16532648,0.19652174,0.14001657,2024-04-21,12854,"{""type"":""MultiPoint"",""coordinates"":[]}"
12861_0,0.34047386,0.8217452,0.31536388,2024-04-21,12861,"{""type"":""MultiPoint"",""coordinates"":[]}"
12864_0,0.08901011,0.0478492,0.11759778,2024-04-21,12864,"{""type"":""MultiPoint"",""coordinates"":[]}"
12865_0,0.050172206,0.0967307,0.1211025,2024-04-21,12865,"{""type"":""MultiPoint"",""coordinates"":[]}"
12872_0,0.27056354,0.7843038,0.25677603,2024-04-21,12872,"{""type"":""MultiPoint"",""coordinates"":[]}"
12875_0,0.30365217,0.8089747,0.28627452,2024-04-21,12875,"{""type"":""MultiPoint"",""coordinates"":[]}"
12877_0,0.033267327,0.099668995,0.101086356,2024-04-21,12877,"{""type"":""MultiPoint"",""coordinates"":[]}"
12884_0,0.18109828,0.03473862,0.21607293,2024-04-21,12884,"{""type"":""MultiPoint"",""coordinates"":[]}"
12885_0,0.22939068,0.6827411,0.21317475,2024-04-21,12885,"{""type"":""MultiPoint"",""coordinates"":[]}"
12886_0,0.12612471,0.47963426,0.12515803,2024-04-21,12886,"{""type"":""MultiPoint"",""coordinates"":[]}"
12887_0,0.032650802,0.52089137,0.020179372,2024-04-21,12887,"{""type"":""MultiPoint"",""coordinates"":[]}"
12890_0,0.32695556,0.53262156,0.03858521,2024-04-21,12890,"{""type"":""MultiPoint"",""coordinates"":[]}"
12892_0,0.14091471,0.0048224465,0.13761012,2024-04-21,12892,"{""type"":""MultiPoint"",""coordinates"":[]}"
12893_0,-0.022666667,0.531961,-0.04070556,2024-04-21,12893,"{""type"":""MultiPoint"",""coordinates"":[]}"
12895_0,0.18193384,0.6878453,0.117768124,2024-04-21,12895,"{""type"":""MultiPoint"",""coordinates"":[]}"
12898_0,0.31472015,0.7661342,0.3578973,2024-04-21,12898,"{""type"":""MultiPoint"",""coordinates"":[]}"
12899_0,0.19597344,0.37823275,0.1535513,2024-04-21,12899,"{""type"":""MultiPoint"",""coordinates"":[]}"
12902_0,0.124196194,0.0512035,0.16080706,2024-04-21,12902,"{""type"":""MultiPoint"",""coordinates"":[]}"
12908_0,0.436564,0.83367985,0.4526489,2024-04-21,12908,"{""type"":""MultiPoint"",""coordinates"":[]}"
12911_0,0.088913046,0.108013935,-0.04683402,2024-04-21,12911,"{""type"":""MultiPoint"",""coordinates"":[]}"
12914_0,0.060032364,0.08394698,0.117776595,2024-04-21,12914,"{""type"":""MultiPoint"",""coordinates"":[]}"
12919_0,0.06860184,0.10990841,0.051158205,2024-04-21,12919,"{""type"":""MultiPoint"",""coordinates"":[]}"
12921_0,-0.0020181634,0.08049113,0.030746706,2024-04-21,12921,"{""type"":""MultiPoint"",""coordinates"":[]}"
12926_0,0.07394737,0.19703521,0.048275862,2024-04-21,12926,"{""type"":""MultiPoint"",""coordinates"":[]}"
12928_0,0.012960083,0.52934724,-0.012048192,2024-04-21,12928,"{""type"":""MultiPoint"",""coordinates"":[]}"
12930_0,0.060721405,0.556582,0.019860035,2024-04-21,12930,"{""type"":""MultiPoint"",""coordinates"":[]}"
12934_0,-0.053062417,0.49434334,-0.084939755,2024-04-21,12934,"{""type"":""MultiPoint"",""coordinates"":[]}"
12936_0,0.10769713,0.5400372,0.07507312,2024-04-21,12936,"{""type"":""MultiPoint"",""coordinates"":[]}"
12943_0,0.12367779,0.62751067,0.10770506,2024-04-21,12943,"{""type"":""MultiPoint"",""coordinates"":[]}"
12944_0,0.050792173,0.2308531,0.05145518,2024-04-21,12944,"{""type"":""MultiPoint"",""coordinates"":[]}"
12945_0,0.15065335,0.62445956,0.08677686,2024-04-21,12945,"{""type"":""MultiPoint"",""coordinates"":[]}"
12959_0,0.06210621,0.19408946,0.24233925,2024-04-21,12959,"{""type"":""MultiPoint"",""coordinates"":[]}"
12961_0,0.096174285,0.15569824,0.11888112,2024-04-21,12961,"{""type"":""MultiPoint"",""coordinates"":[]}"
12966_0,0.09756097,0.040413532,-0.0013531799,2024-04-21,12966,"{""type"":""MultiPoint"",""coordinates"":[]}"
12987_0,0.10424354,0.37142858,0.08525671,2024-04-21,12987,"{""type"":""MultiPoint"",""coordinates"":[]}"
12989_0,0.20935856,0.0059925094,0.24330267,2024-04-21,12989,"{""type"":""MultiPoint"",""coordinates"":[]}"
12992_0,0.088284105,0.5592233,0.078033224,2024-04-21,12992,"{""type"":""MultiPoint"",""coordinates"":[]}"
12995_0,0.14770798,0.5524297,0.09467989,2024-04-21,12995,"{""type"":""MultiPoint"",""coordinates"":[]}"
13006_0,0.024290888,0.059741817,0.043838248,2024-04-21,13006,"{""type"":""MultiPoint"",""coordinates"":[]}"
13018_0,0.018723492,0.0894874,0.027974177,2024-04-21,13018,"{""type"":""MultiPoint"",""coordinates"":[]}"
13020_0,0.20599689,0.6901734,0.17831956,2024-04-21,13020,"{""type"":""MultiPoint"",""coordinates"":[]}"
13025_0,0.17245589,0.007165605,0.19777489,2024-04-21,13025,"{""type"":""MultiPoint"",""coordinates"":[]}"
13027_0,0.12709677,0.56533766,0.11307768,2024-04-21,13027,"{""type"":""MultiPoint"",""coordinates"":[]}"
13031_0,0.068996415,0.34949496,-0.018128369,2024-04-21,13031,"{""type"":""MultiPoint"",""coordinates"":[]}"
13036_0,0.1699485,0.01453019,0.20915914,2024-04-21,13036,"{""type"":""MultiPoint"",""coordinates"":[]}"
13076_0,0.22715105,0.7826337,0.21070103,2024-04-21,13076,"{""type"":""MultiPoint"",""coordinates"":[]}"
13079_0,0.17938145,0.47306398,-0.06417112,2024-04-21,13079,"{""type"":""MultiPoint"",""coordinates"":[]}"
13085_0,0.115384616,0.42398024,0.0878187,2024-04-21,13085,"{""type"":""MultiPoint"",""coordinates"":[]}"
13111_0,0.26311228,0.7160804,0.23285198,2024-04-21,13111,"{""type"":""MultiPoint"",""coordinates"":[]}"
13113_0,0.051903114,0.58411705,0.05058905,2024-04-21,13113,"{""type"":""MultiPoint"",""coordinates"":[]}"
13119_0,0.1315265,0.6354385,0.11260436,2024-04-21,13119,"{""type"":""MultiPoint"",""coordinates"":[]}"
13122_0,0.252702,0.7467,0.25538462,2024-04-21,13122,"{""type"":""MultiPoint"",""coordinates"":[]}"
13126_0,0.086396,0.6107767,0.08410494,2024-04-21,13126,"{""type"":""MultiPoint"",""coordinates"":[]}"
13129_0,0.22733814,0.78107345,0.220421,2024-04-21,13129,"{""type"":""MultiPoint"",""coordinates"":[]}"
13131_0,0.17076771,0.682612,0.13611895,2024-04-21,13131,"{""type"":""MultiPoint"",""coordinates"":[]}"
13132_0,0.30469584,0.7737282,0.2838692,2024-04-21,13132,"{""type"":""MultiPoint"",""coordinates"":[]}"
13139_0,0.29349086,0.7780841,0.25700366,2024-04-21,13139,"{""type"":""MultiPoint"",""coordinates"":[]}"
13301_0,0.3505022,0.7777778,0.35482222,2024-04-21,13301,"{""type"":""MultiPoint"",""coordinates"":[]}"
13335_0,0.18010472,0.67865705,0.14566284,2024-04-21,13335,"{""type"":""MultiPoint"",""coordinates"":[]}"
13336_0,0.22353995,0.66032785,0.18678229,2024-04-21,13336,"{""type"":""MultiPoint"",""coordinates"":[]}"
13337_0,0.33968687,0.73699254,0.35232583,2024-04-21,13337,"{""type"":""MultiPoint"",""coordinates"":[]}"
13338_0,0.34550768,0.8023497,0.31983805,2024-04-21,13338,"{""type"":""MultiPoint"",""coordinates"":[]}"
13339_0,0.16698138,0.7102178,0.1388734,2024-04-21,13339,"{""type"":""MultiPoint"",""coordinates"":[]}"
13340_0,0.2895491,0.75578034,0.28130767,2024-04-21,13340,"{""type"":""MultiPoint"",""coordinates"":[]}"
13341_0,0.17147878,0.6794347,0.1555783,2024-04-21,13341,"{""type"":""MultiPoint"",""coordinates"":[]}"
13342_0,0.34453267,0.77607363,0.36677486,2024-04-21,13342,"{""type"":""MultiPoint"",""coordinates"":[]}"
13343_0,0.17547262,0.6417266,0.14586994,2024-04-21,13343,"{""type"":""MultiPoint"",""coordinates"":[]}"
13344_0,0.26826876,0.6981383,0.26248145,2024-04-21,13344,"{""type"":""MultiPoint"",""coordinates"":[]}"
13345_0,0.14363885,0.42886388,0.054380666,2024-04-21,13345,"{""type"":""MultiPoint"",""coordinates"":[]}"
13346_0,0.3529412,0.77436215,0.3651845,2024-04-21,13346,"{""type"":""MultiPoint"",""coordinates"":[]}"
13347_0,0.085414484,0.6074887,0.066609554,2024-04-21,13347,"{""type"":""MultiPoint"",""coordinates"":[]}"
13348_0,0.2192855,0.42935154,0.2181501,2024-04-21,13348,"{""type"":""MultiPoint"",""coordinates"":[]}"
13349_0,0.055096947,0.5235378,0.0407328,2024-04-21,13349,"{""type"":""MultiPoint"",""coordinates"":[]}"
13376_0,0.020836806,0.43251532,-0.023523262,2024-04-21,13376,"{""type"":""MultiPoint"",""coordinates"":[]}"
13460_0,0.2812543,0.7891322,0.2560854,2024-04-21,13460,"{""type"":""MultiPoint"",""coordinates"":[]}"
13471_0,0.1419989,0.6541978,0.11766358,2024-04-21,13471,"{""type"":""MultiPoint"",""coordinates"":[]}"
13490_0,0.3387151,0.72461754,0.30847695,2024-04-21,13490,"{""type"":""MultiPoint"",""coordinates"":[]}"
13492_0,0.349394,0.84350073,0.32589146,2024-04-21,13492,"{""type"":""MultiPoint"",""coordinates"":[]}"
13505_0,0.06527958,0.10269483,0.058093823,2024-04-21,13505,"{""type"":""MultiPoint"",""coordinates"":[]}"
13508_0,0.35313,0.6487907,0.32097724,2024-04-21,13508,"{""type"":""MultiPoint"",""coordinates"":[]}"
13512_0,0.13241379,0.6086956,0.10526316,2024-04-21,13512,"{""type"":""MultiPoint"",""coordinates"":[]}"
13514_0,0.1824417,0.71328056,0.18455458,2024-04-21,13514,"{""type"":""MultiPoint"",""coordinates"":[]}"
13518_0,0.2908733,0.42144176,0.1749427,2024-04-21,13518,"{""type"":""MultiPoint"",""coordinates"":[]}"
13521_0,0.3414791,0.6321839,0.32005313,2024-04-21,13521,"{""type"":""MultiPoint"",""coordinates"":[]}"
13529_0,0.07444444,0.3409786,0.1679707,2024-04-21,13529,"{""type"":""MultiPoint"",""coordinates"":[]}"
13533_0,0.41631973,0.69357497,0.37494427,2024-04-21,13533,"{""type"":""MultiPoint"",""coordinates"":[]}"
13544_0,0.022941971,0.17272319,0.05254681,2024-04-21,13544,"{""type"":""MultiPoint"",""coordinates"":[]}"
13551_0,0.10897974,0.11976631,0.10630111,2024-04-21,13551,"{""type"":""MultiPoint"",""coordinates"":[]}"
13552_0,0.16332094,0.040356085,0.16131169,2024-04-21,13552,"{""type"":""MultiPoint"",""coordinates"":[]}"
13557_0,0.21467446,0.2246326,-0.053542454,2024-04-21,13557,"{""type"":""MultiPoint"",""coordinates"":[]}"
13558_0,0.14549915,0.533245,0.12214036,2024-04-21,13558,"{""type"":""MultiPoint"",""coordinates"":[]}"
13559_0,0.17686526,0.5844995,0.18027529,2024-04-21,13559,"{""type"":""MultiPoint"",""coordinates"":[]}"
13566_0,0.16492772,0.0017937219,0.14718531,2024-04-21,13566,"{""type"":""MultiPoint"",""coordinates"":[]}"
13570_0,0.3283248,0.7731773,0.3044198,2024-04-21,13570,"{""type"":""MultiPoint"",""coordinates"":[]}"
13578_0,0.039026864,0.582846,-3.5174112E-4,2024-04-21,13578,"{""type"":""MultiPoint"",""coordinates"":[]}"
13579_0,0.19274221,0.7318919,0.15210356,2024-04-21,13579,"{""type"":""MultiPoint"",""coordinates"":[]}"
13583_0,0.3493014,0.85507244,0.33096182,2024-04-21,13583,"{""type"":""MultiPoint"",""coordinates"":[]}"
13588_0,0.10030948,0.58843535,0.06277262,2024-04-21,13588,"{""type"":""MultiPoint"",""coordinates"":[]}"
13592_0,0.31518623,0.67770034,0.3365718,2024-04-21,13592,"{""type"":""MultiPoint"",""coordinates"":[]}"
13598_0,0.20268758,0.54320985,0.1682243,2024-04-21,13598,"{""type"":""MultiPoint"",""coordinates"":[]}"
13600_0,0.32680723,0.6768559,0.36460555,2024-04-21,13600,"{""type"":""MultiPoint"",""coordinates"":[]}"
13606_0,0.49884704,0.8062157,0.50380516,2024-04-21,13606,"{""type"":""MultiPoint"",""coordinates"":[]}"
13612_0,0.07076188,0.23730469,0.084180124,2024-04-21,13612,"{""type"":""MultiPoint"",""coordinates"":[]}"
13617_0,0.036357626,0.12038427,0.12282813,2024-04-21,13617,"{""type"":""MultiPoint"",""coordinates"":[]}"
13618_0,0.24866596,0.5066313,0.2347826,2024-04-21,13618,"{""type"":""MultiPoint"",""coordinates"":[]}"
13621_0,0.25528514,0.70319873,0.21556886,2024-04-21,13621,"{""type"":""MultiPoint"",""coordinates"":[]}"
13623_0,0.043093346,0.087671235,0.12904373,2024-04-21,13623,"{""type"":""MultiPoint"",""coordinates"":[]}"
13625_0,0.2917495,0.5805433,0.27425516,2024-04-21,13625,"{""type"":""MultiPoint"",""coordinates"":[]}"
13631_0,0.015898,0.5432158,0.011072446,2024-04-21,13631,"{""type"":""MultiPoint"",""coordinates"":[]}"
13633_0,0.287538,0.614792,0.28274173,2024-04-21,13633,"{""type"":""MultiPoint"",""coordinates"":[]}"
13637_0,0.29891542,0.592719,0.26811594,2024-04-21,13637,"{""type"":""MultiPoint"",""coordinates"":[]}"
13639_0,0.18549512,0.3480315,0.18888889,2024-04-21,13639,"{""type"":""MultiPoint"",""coordinates"":[]}"
13641_0,-0.014612452,0.26042098,-0.02240717,2024-04-21,13641,"{""type"":""MultiPoint"",""coordinates"":[]}"
13646_0,0.1833375,0.35733333,0.108630545,2024-04-21,13646,"{""type"":""MultiPoint"",""coordinates"":[]}"
13648_0,0.097557686,0.23736076,0.12871288,2024-04-21,13648,"{""type"":""MultiPoint"",""coordinates"":[]}"
13652_0,0.10009398,0.23756906,0.12537108,2024-04-21,13652,"{""type"":""MultiPoint"",""coordinates"":[]}"
13657_0,0.07618386,0.026595745,0.074522994,2024-04-21,13657,"{""type"":""MultiPoint"",""coordinates"":[]}"
13659_0,0.29307115,0.44827586,0.027688345,2024-04-21,13659,"{""type"":""MultiPoint"",""coordinates"":[]}"
13661_0,0.11546321,0.55952656,0.1280846,2024-04-21,13661,"{""type"":""MultiPoint"",""coordinates"":[]}"
13670_0,-0.019899178,0.30515638,0.23273453,2024-04-21,13670,"{""type"":""MultiPoint"",""coordinates"":[]}"
13676_0,0.023397762,0.57733536,0.03517588,2024-04-21,13676,"{""type"":""MultiPoint"",""coordinates"":[]}"
13684_0,0.15598203,0.65445024,0.13023354,2024-04-21,13684,"{""type"":""MultiPoint"",""coordinates"":[]}"
13691_0,0.108144194,0.29895777,0.2786177,2024-04-21,13691,"{""type"":""MultiPoint"",""coordinates"":[]}"
13695_0,0.2417154,0.56510746,0.2281746,2024-04-21,13695,"{""type"":""MultiPoint"",""coordinates"":[]}"
13724_0,0.008281574,0.20888889,0.031344794,2024-04-21,13724,"{""type"":""MultiPoint"",""coordinates"":[]}"
13726_0,0.13583714,0.61723447,0.13462214,2024-04-21,13726,"{""type"":""MultiPoint"",""coordinates"":[]}"
13735_0,-0.02704333,0.10860485,0.019201228,2024-04-21,13735,"{""type"":""MultiPoint"",""coordinates"":[]}"
13743_0,0.17266515,0.6844993,0.14981273,2024-04-21,13743,"{""type"":""MultiPoint"",""coordinates"":[]}"
13752_0,0.10483871,0.2669352,0.1299804,2024-04-21,13752,"{""type"":""MultiPoint"",""coordinates"":[]}"
13793_0,0.2577757,0.7295082,0.2330168,2024-04-21,13793,"{""type"":""MultiPoint"",""coordinates"":[]}"
13795_0,0.039059218,0.01228696,0.054935977,2024-04-21,13795,"{""type"":""MultiPoint"",""coordinates"":[]}"
13799_0,0.024110636,0.034554973,0.050039854,2024-04-21,13799,"{""type"":""MultiPoint"",""coordinates"":[]}"
13801_0,0.09516381,0.57751936,0.0921288,2024-04-21,13801,"{""type"":""MultiPoint"",""coordinates"":[]}"
13823_0,0.26286766,0.72578764,0.19202095,2024-04-21,13823,"{""type"":""MultiPoint"",""coordinates"":[]}"
13837_0,0.24709561,0.78070176,0.25557765,2024-04-21,13837,"{""type"":""MultiPoint"",""coordinates"":[]}"
13845_0,0.11859714,0.69738865,0.07281554,2024-04-21,13845,"{""type"":""MultiPoint"",""coordinates"":[]}"
13856_0,0.2125798,0.6990553,0.20392063,2024-04-21,13856,"{""type"":""MultiPoint"",""coordinates"":[]}"
13859_0,0.25248325,0.8025974,0.2635412,2024-04-21,13859,"{""type"":""MultiPoint"",""coordinates"":[]}"
13860_0,0.07026675,0.32532832,0.10547731,2024-04-21,13860,"{""type"":""MultiPoint"",""coordinates"":[]}"
14004_0,0.24584104,0.68601483,0.20489977,2024-04-21,14004,"{""type"":""MultiPoint"",""coordinates"":[]}"
14041_0,0.29035273,0.7799672,0.28162685,2024-04-21,14041,"{""type"":""MultiPoint"",""coordinates"":[]}"
14042_0,0.1914675,0.6512141,0.1757925,2024-04-21,14042,"{""type"":""MultiPoint"",""coordinates"":[]}"
14043_0,0.108142726,0.58949625,0.09790857,2024-04-21,14043,"{""type"":""MultiPoint"",""coordinates"":[]}"
14044_0,0.29143137,0.7312221,0.19272727,2024-04-21,14044,"{""type"":""MultiPoint"",""coordinates"":[]}"
14045_0,0.116883114,0.6258627,0.0895813,2024-04-21,14045,"{""type"":""MultiPoint"",""coordinates"":[]}"
14046_0,0.28516525,0.7513172,0.2824074,2024-04-21,14046,"{""type"":""MultiPoint"",""coordinates"":[]}"
14047_0,0.16127509,0.68745714,0.16186881,2024-04-21,14047,"{""type"":""MultiPoint"",""coordinates"":[]}"
14048_0,0.30127043,0.72875535,0.27106342,2024-04-21,14048,"{""type"":""MultiPoint"",""coordinates"":[]}"
14049_0,0.32618374,0.80816525,0.37652126,2024-04-21,14049,"{""type"":""MultiPoint"",""coordinates"":[]}"
14050_0,0.3121693,0.8066208,0.3167702,2024-04-21,14050,"{""type"":""MultiPoint"",""coordinates"":[]}"
14051_0,0.32662353,0.75498927,0.34083977,2024-04-21,14051,"{""type"":""MultiPoint"",""coordinates"":[]}"
14052_0,0.06004415,0.6002692,0.055247393,2024-04-21,14052,"{""type"":""MultiPoint"",""coordinates"":[]}"
14053_0,0.29058278,0.6872928,0.26906297,2024-04-21,14053,"{""type"":""MultiPoint"",""coordinates"":[]}"
14054_0,0.013041453,0.56653994,-0.01411821,2024-04-21,14054,"{""type"":""MultiPoint"",""coordinates"":[]}"
14055_0,0.19327731,0.66581726,0.18181819,2024-04-21,14055,"{""type"":""MultiPoint"",""coordinates"":[]}"
14056_0,0.22111914,0.58410925,0.19308087,2024-04-21,14056,"{""type"":""MultiPoint"",""coordinates"":[]}"
14068_0,0.23109084,0.770247,0.20744368,2024-04-21,14068,"{""type"":""MultiPoint"",""coordinates"":[]}"
14086_0,0.03519494,0.56986475,0.03152105,2024-04-21,14086,"{""type"":""MultiPoint"",""coordinates"":[]}"
14162_0,0.10749582,0.6668188,0.10885077,2024-04-21,14162,"{""type"":""MultiPoint"",""coordinates"":[]}"
14199_0,0.16339193,0.66954756,0.15006128,2024-04-21,14199,"{""type"":""MultiPoint"",""coordinates"":[]}"
14202_0,0.06835813,0.060777385,0.08102269,2024-04-21,14202,"{""type"":""MultiPoint"",""coordinates"":[]}"
14207_0,0.10682607,0.37690356,0.11082672,2024-04-21,14207,"{""type"":""MultiPoint"",""coordinates"":[]}"
14213_0,0.09377383,0.6133434,0.088212736,2024-04-21,14213,"{""type"":""MultiPoint"",""coordinates"":[]}"
14217_0,0.16929394,0.068151444,0.25739005,2024-04-21,14217,"{""type"":""MultiPoint"",""coordinates"":[]}"
14219_0,0.16047928,0.69007677,0.16343707,2024-04-21,14219,"{""type"":""MultiPoint"",""coordinates"":[]}"
14221_0,0.044427764,0.068867385,0.035209812,2024-04-21,14221,"{""type"":""MultiPoint"",""coordinates"":[]}"
14224_0,0.49763033,0.81313866,0.4909964,2024-04-21,14224,"{""type"":""MultiPoint"",""coordinates"":[]}"
14239_0,0.052470706,0.22286026,0.091796875,2024-04-21,14239,"{""type"":""MultiPoint"",""coordinates"":[]}"
14246_0,0.3026155,0.8442623,0.30861506,2024-04-21,14246,"{""type"":""MultiPoint"",""coordinates"":[]}"
14252_0,0.22078243,0.72740114,0.21555473,2024-04-21,14252,"{""type"":""MultiPoint"",""coordinates"":[]}"
14253_0,0.24295397,0.45841035,0.19590755,2024-04-21,14253,"{""type"":""MultiPoint"",""coordinates"":[]}"
14255_0,0.020510674,0.4801605,-0.027818449,2024-04-21,14255,"{""type"":""MultiPoint"",""coordinates"":[]}"
14258_0,0.29188004,0.53984064,0.22991249,2024-04-21,14258,"{""type"":""MultiPoint"",""coordinates"":[]}"
14267_0,0.12219384,0.0040522288,0.15469256,2024-04-21,14267,"{""type"":""MultiPoint"",""coordinates"":[]}"
14268_0,0.12519376,0.08995058,0.15937966,2024-04-21,14268,"{""type"":""MultiPoint"",""coordinates"":[]}"
14269_0,0.21663731,0.6840417,0.1846002,2024-04-21,14269,"{""type"":""MultiPoint"",""coordinates"":[]}"
14270_0,0.06779882,0.26962456,0.11155379,2024-04-21,14270,"{""type"":""MultiPoint"",""coordinates"":[]}"
14271_0,0.08941395,0.27094164,0.056295764,2024-04-21,14271,"{""type"":""MultiPoint"",""coordinates"":[]}"
14272_0,0.28891316,0.5835173,0.24609149,2024-04-21,14272,"{""type"":""MultiPoint"",""coordinates"":[]}"
14277_0,0.32288402,0.5464321,0.35329342,2024-04-21,14277,"{""type"":""MultiPoint"",""coordinates"":[]}"
14278_0,0.092260286,0.61004853,0.05935387,2024-04-21,14278,"{""type"":""MultiPoint"",""coordinates"":[]}"
14279_0,0.25782126,0.77673763,0.24275659,2024-04-21,14279,"{""type"":""MultiPoint"",""coordinates"":[]}"
14280_0,0.285034,0.58617556,0.24794276,2024-04-21,14280,"{""type"":""MultiPoint"",""coordinates"":[]}"
14284_0,0.14757006,0.610998,0.1366984,2024-04-21,14284,"{""type"":""MultiPoint"",""coordinates"":[]}"
14285_0,0.06041743,0.55630887,0.035459217,2024-04-21,14285,"{""type"":""MultiPoint"",""coordinates"":[]}"
14290_0,0.082054704,0.1720482,0.081850536,2024-04-21,14290,"{""type"":""MultiPoint"",""coordinates"":[]}"
14303_0,0.118308246,0.040446304,0.12646282,2024-04-21,14303,"{""type"":""MultiPoint"",""coordinates"":[]}"
14304_0,0.02583423,0.38740662,0.17913832,2024-04-21,14304,"{""type"":""MultiPoint"",""coordinates"":[]}"
14306_0,0.15043382,0.054573406,0.22445337,2024-04-21,14306,"{""type"":""MultiPoint"",""coordinates"":[]}"
14307_0,0.08085809,0.5929648,0.06465156,2024-04-21,14307,"{""type"":""MultiPoint"",""coordinates"":[]}"
14309_0,0.4818653,0.80121994,0.47214076,2024-04-21,14309,"{""type"":""MultiPoint"",""coordinates"":[]}"
14311_0,0.19455606,0.43097863,0.17399973,2024-04-21,14311,"{""type"":""MultiPoint"",""coordinates"":[]}"
14314_0,0.2413793,0.7115526,0.23133934,2024-04-21,14314,"{""type"":""MultiPoint"",""coordinates"":[]}"
14315_0,0.27435806,0.704154,0.23972729,2024-04-21,14315,"{""type"":""MultiPoint"",""coordinates"":[]}"
14316_0,0.3484368,0.66589326,0.33271462,2024-04-21,14316,"{""type"":""MultiPoint"",""coordinates"":[]}"
14317_0,0.29299915,0.7590711,0.28005633,2024-04-21,14317,"{""type"":""MultiPoint"",""coordinates"":[]}"
14323_0,0.2067086,0.40658227,0.18972163,2024-04-21,14323,"{""type"":""MultiPoint"",""coordinates"":[]}"
14324_0,0.22332016,0.5617284,0.12569521,2024-04-21,14324,"{""type"":""MultiPoint"",""coordinates"":[]}"
14327_0,0.21708184,0.6727483,0.18652424,2024-04-21,14327,"{""type"":""MultiPoint"",""coordinates"":[]}"
14329_0,0.049326275,0.08721934,0.120729946,2024-04-21,14329,"{""type"":""MultiPoint"",""coordinates"":[]}"
14331_0,0.18102805,0.33738887,0.2682494,2024-04-21,14331,"{""type"":""MultiPoint"",""coordinates"":[]}"
14333_0,0.084826216,0.10625561,0.105841875,2024-04-21,14333,"{""type"":""MultiPoint"",""coordinates"":[]}"
14335_0,-0.017445132,0.6228686,-0.05545826,2024-04-21,14335,"{""type"":""MultiPoint"",""coordinates"":[]}"
14340_0,0.042822983,0.08761651,0.10580112,2024-04-21,14340,"{""type"":""MultiPoint"",""coordinates"":[]}"
14342_0,0.0072581517,0.14806958,0.08304983,2024-04-21,14342,"{""type"":""MultiPoint"",""coordinates"":[]}"
14344_0,0.19767442,0.5944056,0.22392638,2024-04-21,14344,"{""type"":""MultiPoint"",""coordinates"":[]}"
14346_0,0.38476515,0.7149574,0.39550453,2024-04-21,14346,"{""type"":""MultiPoint"",""coordinates"":[]}"
14349_0,0.29035294,0.71640563,0.29598507,2024-04-21,14349,"{""type"":""MultiPoint"",""coordinates"":[]}"
14352_0,0.046474073,0.107000366,0.069189,2024-04-21,14352,"{""type"":""MultiPoint"",""coordinates"":[]}"
14355_0,0.07509998,0.17623892,0.06889353,2024-04-21,14355,"{""type"":""MultiPoint"",""coordinates"":[]}"
14359_0,0.1924067,0.4159714,0.17352651,2024-04-21,14359,"{""type"":""MultiPoint"",""coordinates"":[]}"
14362_0,0.26941317,0.75957835,0.2755327,2024-04-21,14362,"{""type"":""MultiPoint"",""coordinates"":[]}"
14364_0,0.2632094,0.47716895,0.2642892,2024-04-21,14364,"{""type"":""MultiPoint"",""coordinates"":[]}"
14366_0,0.30436152,0.7091222,0.28522894,2024-04-21,14366,"{""type"":""MultiPoint"",""coordinates"":[]}"
14391_0,0.08364662,0.12414384,0.14772727,2024-04-21,14391,"{""type"":""MultiPoint"",""coordinates"":[]}"
14393_0,0.16068295,0.68874013,0.14638105,2024-04-21,14393,"{""type"":""MultiPoint"",""coordinates"":[]}"
14398_0,0.20612442,0.022855002,0.2494994,2024-04-21,14398,"{""type"":""MultiPoint"",""coordinates"":[]}"
14401_0,0.12331407,0.4680851,0.09632572,2024-04-21,14401,"{""type"":""MultiPoint"",""coordinates"":[]}"
14411_0,0.19025876,0.6062827,0.1809084,2024-04-21,14411,"{""type"":""MultiPoint"",""coordinates"":[]}"
14430_0,0.075052604,0.1853759,0.07570093,2024-04-21,14430,"{""type"":""MultiPoint"",""coordinates"":[]}"
14433_0,0.04923874,0.043250326,0.040692925,2024-04-21,14433,"{""type"":""MultiPoint"",""coordinates"":[]}"
14442_0,0.1134952,0.33490938,0.037990198,2024-04-21,14442,"{""type"":""MultiPoint"",""coordinates"":[]}"
14446_0,0.015205015,0.03081511,0.0967017,2024-04-21,14446,"{""type"":""MultiPoint"",""coordinates"":[]}"
14449_0,0.24894515,0.5081374,0.21929824,2024-04-21,14449,"{""type"":""MultiPoint"",""coordinates"":[]}"
14455_0,0.029215926,0.24264705,0.06345045,2024-04-21,14455,"{""type"":""MultiPoint"",""coordinates"":[]}"
14499_0,0.22378379,0.4008683,0.14827995,2024-04-21,14499,"{""type"":""MultiPoint"",""coordinates"":[]}"
14534_0,0.12882814,0.63789153,0.109443724,2024-04-21,14534,"{""type"":""MultiPoint"",""coordinates"":[]}"
14540_0,0.16813834,0.6238245,0.15775749,2024-04-21,14540,"{""type"":""MultiPoint"",""coordinates"":[]}"
14546_0,0.22818792,0.735686,0.23431498,2024-04-21,14546,"{""type"":""MultiPoint"",""coordinates"":[]}"
14563_0,0.1680498,0.741418,0.1502437,2024-04-21,14563,"{""type"":""MultiPoint"",""coordinates"":[]}"
14577_0,-0.017131455,0.25933003,0.03418475,2024-04-21,14577,"{""type"":""MultiPoint"",""coordinates"":[]}"
14708_0,0.2265758,0.73888695,0.21973975,2024-04-21,14708,"{""type"":""MultiPoint"",""coordinates"":[]}"
14742_0,0.17559153,0.6344239,0.16266127,2024-04-21,14742,"{""type"":""MultiPoint"",""coordinates"":[]}"
14743_0,0.19506517,0.7047817,0.17450465,2024-04-21,14743,"{""type"":""MultiPoint"",""coordinates"":[]}"
14744_0,0.12142857,0.58698726,0.09757887,2024-04-21,14744,"{""type"":""MultiPoint"",""coordinates"":[]}"
14745_0,0.37006983,0.8202197,0.41735032,2024-04-21,14745,"{""type"":""MultiPoint"",""coordinates"":[]}"
14746_0,0.16772392,0.69875777,0.1431557,2024-04-21,14746,"{""type"":""MultiPoint"",""coordinates"":[]}"
14747_0,0.037614066,0.5349481,0.012785388,2024-04-21,14747,"{""type"":""MultiPoint"",""coordinates"":[]}"
14748_0,0.30697775,0.74443144,0.29956332,2024-04-21,14748,"{""type"":""MultiPoint"",""coordinates"":[]}"
14749_0,0.37176073,0.8088846,0.37145627,2024-04-21,14749,"{""type"":""MultiPoint"",""coordinates"":[]}"
14750_0,0.25116873,0.6623832,0.23524305,2024-04-21,14750,"{""type"":""MultiPoint"",""coordinates"":[]}"
14751_0,0.24953213,0.76112413,0.2195913,2024-04-21,14751,"{""type"":""MultiPoint"",""coordinates"":[]}"
14752_0,0.25135905,0.7913176,0.23854661,2024-04-21,14752,"{""type"":""MultiPoint"",""coordinates"":[]}"
14753_0,0.054545455,0.47878128,0.058411215,2024-04-21,14753,"{""type"":""MultiPoint"",""coordinates"":[]}"
14754_0,0.20979357,0.6463576,0.20329139,2024-04-21,14754,"{""type"":""MultiPoint"",""coordinates"":[]}"
14755_0,0.3194805,0.47584188,0.31592688,2024-04-21,14755,"{""type"":""MultiPoint"",""coordinates"":[]}"
14756_0,0.3045587,0.6851658,0.25467774,2024-04-21,14756,"{""type"":""MultiPoint"",""coordinates"":[]}"
14768_0,0.22424494,0.7994429,0.15900426,2024-04-21,14768,"{""type"":""MultiPoint"",""coordinates"":[]}"
14771_0,0.2159601,0.6936488,0.18096562,2024-04-21,14771,"{""type"":""MultiPoint"",""coordinates"":[]}"
14783_0,0.019017134,0.39544514,0.017166572,2024-04-21,14783,"{""type"":""MultiPoint"",""coordinates"":[]}"
14841_0,0.061307903,0.43609023,0.051617343,2024-04-21,14841,"{""type"":""MultiPoint"",""coordinates"":[]}"
14842_0,0.31381893,0.8277778,0.32394367,2024-04-21,14842,"{""type"":""MultiPoint"",""coordinates"":[]}"
14852_0,0.3544377,0.85714287,0.31260583,2024-04-21,14852,"{""type"":""MultiPoint"",""coordinates"":[]}"
14884_0,0.1713989,0.6928683,0.15217006,2024-04-21,14884,"{""type"":""MultiPoint"",""coordinates"":[]}"
14886_0,0.33584195,0.64819276,0.31918997,2024-04-21,14886,"{""type"":""MultiPoint"",""coordinates"":[]}"
14898_0,0.05383834,0.5187905,0.0377804,2024-04-21,14898,"{""type"":""MultiPoint"",""coordinates"":[]}"
14904_0,0.07297167,0.0931677,0.14412351,2024-04-21,14904,"{""type"":""MultiPoint"",""coordinates"":[]}"
14908_0,0.26977688,0.79319316,0.24278846,2024-04-21,14908,"{""type"":""MultiPoint"",""coordinates"":[]}"
14909_0,0.065593086,0.5974026,0.016738996,2024-04-21,14909,"{""type"":""MultiPoint"",""coordinates"":[]}"
14910_0,0.28628388,0.692977,0.20691183,2024-04-21,14910,"{""type"":""MultiPoint"",""coordinates"":[]}"
14914_0,0.19527501,0.75772226,0.20029347,2024-04-21,14914,"{""type"":""MultiPoint"",""coordinates"":[]}"
14917_0,0.28094727,0.5526839,0.40089685,2024-04-21,14917,"{""type"":""MultiPoint"",""coordinates"":[]}"
14919_0,0.18344094,0.7094017,0.16504854,2024-04-21,14919,"{""type"":""MultiPoint"",""coordinates"":[]}"
14920_0,0.14472489,0.09332292,0.086323954,2024-04-21,14920,"{""type"":""MultiPoint"",""coordinates"":[]}"
14930_0,0.114311434,0.08690869,0.0020283975,2024-04-21,14930,"{""type"":""MultiPoint"",""coordinates"":[]}"
14933_0,0.1289895,0.03652968,0.16019805,2024-04-21,14933,"{""type"":""MultiPoint"",""coordinates"":[]}"
14934_0,0.026814545,0.5250432,0.009431266,2024-04-21,14934,"{""type"":""MultiPoint"",""coordinates"":[]}"
14941_0,0.03308754,0.5073281,0.02236666,2024-04-21,14941,"{""type"":""MultiPoint"",""coordinates"":[]}"
14944_0,0.21068703,0.6741028,0.14361438,2024-04-21,14944,"{""type"":""MultiPoint"",""coordinates"":[]}"
14951_0,0.32898173,0.86287194,0.37086904,2024-04-21,14951,"{""type"":""MultiPoint"",""coordinates"":[]}"
14952_0,0.19367589,0.006679389,0.21912466,2024-04-21,14952,"{""type"":""MultiPoint"",""coordinates"":[]}"
14959_0,0.19322783,0.646547,0.16015325,2024-04-21,14959,"{""type"":""MultiPoint"",""coordinates"":[]}"
14961_0,0.356894,0.62565595,0.36666667,2024-04-21,14961,"{""type"":""MultiPoint"",""coordinates"":[]}"
14963_0,0.26783016,0.76431537,0.2296125,2024-04-21,14963,"{""type"":""MultiPoint"",""coordinates"":[]}"
14970_0,-0.0068259384,0.5185862,-0.031668935,2024-04-21,14970,"{""type"":""MultiPoint"",""coordinates"":[]}"
14972_0,0.21941195,0.65574914,0.18150175,2024-04-21,14972,"{""type"":""MultiPoint"",""coordinates"":[]}"
14975_0,0.054592654,0.08266502,0.062750734,2024-04-21,14975,"{""type"":""MultiPoint"",""coordinates"":[]}"
14977_0,0.2657563,0.783452,0.26793507,2024-04-21,14977,"{""type"":""MultiPoint"",""coordinates"":[]}"
14981_0,0.03408021,0.53809804,0.00754498,2024-04-21,14981,"{""type"":""MultiPoint"",""coordinates"":[]}"
14985_0,0.44045174,0.7341615,0.4384338,2024-04-21,14985,"{""type"":""MultiPoint"",""coordinates"":[]}"
14987_0,0.029991128,0.61119384,-0.0049641477,2024-04-21,14987,"{""type"":""MultiPoint"",""coordinates"":[]}"
14988_0,0.11470565,0.0544506,0.06381579,2024-04-21,14988,"{""type"":""MultiPoint"",""coordinates"":[]}"
14989_0,0.35698026,0.8190114,0.35831913,2024-04-21,14989,"{""type"":""MultiPoint"",""coordinates"":[]}"
14995_0,0.27393815,0.67574155,0.2540672,2024-04-21,14995,"{""type"":""MultiPoint"",""coordinates"":[]}"
14998_0,0.09505703,0.2823095,0.12435614,2024-04-21,14998,"{""type"":""MultiPoint"",""coordinates"":[]}"
15002_0,0.077955395,0.05376344,0.103377685,2024-04-21,15002,"{""type"":""MultiPoint"",""coordinates"":[]}"
15004_0,0.27196652,0.5261324,0.2532189,2024-04-21,15004,"{""type"":""MultiPoint"",""coordinates"":[]}"
15011_0,0.15189107,0.37015122,0.19581121,2024-04-21,15011,"{""type"":""MultiPoint"",""coordinates"":[]}"
15014_0,0.14779426,0.11297071,-0.22358435,2024-04-21,15014,"{""type"":""MultiPoint"",""coordinates"":[]}"
15016_0,0.045727722,0.08835996,0.09856837,2024-04-21,15016,"{""type"":""MultiPoint"",""coordinates"":[]}"
15017_0,-0.035827186,0.51980793,-0.07608101,2024-04-21,15017,"{""type"":""MultiPoint"",""coordinates"":[]}"
15022_0,0.067689106,0.13928841,0.1001462,2024-04-21,15022,"{""type"":""MultiPoint"",""coordinates"":[]}"
15027_0,0.20844896,0.23727272,0.029306106,2024-04-21,15027,"{""type"":""MultiPoint"",""coordinates"":[]}"
15028_0,0.21255562,0.44215938,0.1696638,2024-04-21,15028,"{""type"":""MultiPoint"",""coordinates"":[]}"
15039_0,0.020009026,0.43611583,0.017348016,2024-04-21,15039,"{""type"":""MultiPoint"",""coordinates"":[]}"
15041_0,0.017567798,0.10120404,0.08045977,2024-04-21,15041,"{""type"":""MultiPoint"",""coordinates"":[]}"
15045_0,0.3266436,0.82887703,0.2746925,2024-04-21,15045,"{""type"":""MultiPoint"",""coordinates"":[]}"
15077_0,0.2811245,0.5775401,0.24472573,2024-04-21,15077,"{""type"":""MultiPoint"",""coordinates"":[]}"
15085_0,0.051877577,0.60754716,0.07848101,2024-04-21,15085,"{""type"":""MultiPoint"",""coordinates"":[]}"
15100_0,0.027505487,0.05762338,0.07158321,2024-04-21,15100,"{""type"":""MultiPoint"",""coordinates"":[]}"
15103_0,0.18679796,0.025543993,0.22572438,2024-04-21,15103,"{""type"":""MultiPoint"",""coordinates"":[]}"
15104_0,0.001330672,0.12649402,0.0023263544,2024-04-21,15104,"{""type"":""MultiPoint"",""coordinates"":[]}"
15105_0,0.0037041768,0.17341211,0.009146341,2024-04-21,15105,"{""type"":""MultiPoint"",""coordinates"":[]}"
15110_0,0.10217501,0.0057315235,0.11198199,2024-04-21,15110,"{""type"":""MultiPoint"",""coordinates"":[]}"
15114_0,0.14783253,0.5517071,0.15378955,2024-04-21,15114,"{""type"":""MultiPoint"",""coordinates"":[]}"
15119_0,-0.012444632,0.26528776,0.07940161,2024-04-21,15119,"{""type"":""MultiPoint"",""coordinates"":[]}"
15120_0,0.26348418,0.34668073,0.3653846,2024-04-21,15120,"{""type"":""MultiPoint"",""coordinates"":[]}"
15157_0,0.047655355,0.1295578,0.07652495,2024-04-21,15157,"{""type"":""MultiPoint"",""coordinates"":[]}"
15192_0,0.24334215,0.7061715,0.2533601,2024-04-21,15192,"{""type"":""MultiPoint"",""coordinates"":[]}"
15193_0,0.21967871,0.72281206,0.21415572,2024-04-21,15193,"{""type"":""MultiPoint"",""coordinates"":[]}"
15194_0,0.20925158,0.7231788,0.17897598,2024-04-21,15194,"{""type"":""MultiPoint"",""coordinates"":[]}"
15197_0,0.3173562,0.74557596,0.31787243,2024-04-21,15197,"{""type"":""MultiPoint"",""coordinates"":[]}"
15199_0,0.08383491,0.6133779,0.0618534,2024-04-21,15199,"{""type"":""MultiPoint"",""coordinates"":[]}"
15202_0,0.066580266,0.61559886,0.09416758,2024-04-21,15202,"{""type"":""MultiPoint"",""coordinates"":[]}"
15209_0,0.21653971,0.73511225,0.19390954,2024-04-21,15209,"{""type"":""MultiPoint"",""coordinates"":[]}"
15210_0,0.14346491,0.7301087,0.15327103,2024-04-21,15210,"{""type"":""MultiPoint"",""coordinates"":[]}"
15214_0,0.04260549,0.4776204,0.05480283,2024-04-21,15214,"{""type"":""MultiPoint"",""coordinates"":[]}"
15227_0,0.20884421,0.7424893,0.18170477,2024-04-21,15227,"{""type"":""MultiPoint"",""coordinates"":[]}"
15228_0,0.23811753,0.75813955,0.23847415,2024-04-21,15228,"{""type"":""MultiPoint"",""coordinates"":[]}"
15241_0,0.04252346,0.5555556,0.024806833,2024-04-21,15241,"{""type"":""MultiPoint"",""coordinates"":[]}"
15244_0,0.2752242,0.7464342,0.260509,2024-04-21,15244,"{""type"":""MultiPoint"",""coordinates"":[]}"
15410_0,0.17912276,0.6836844,0.16935284,2024-04-21,15410,"{""type"":""MultiPoint"",""coordinates"":[]}"
15411_0,0.22910382,0.7305906,0.28599605,2024-04-21,15411,"{""type"":""MultiPoint"",""coordinates"":[]}"
15412_0,0.34425566,0.74154186,0.3190506,2024-04-21,15412,"{""type"":""MultiPoint"",""coordinates"":[]}"
15413_0,0.28744015,0.7482728,0.3011402,2024-04-21,15413,"{""type"":""MultiPoint"",""coordinates"":[]}"
15414_0,0.16843404,0.64463395,0.157,2024-04-21,15414,"{""type"":""MultiPoint"",""coordinates"":[]}"
15415_0,0.3393765,0.77846724,0.3146789,2024-04-21,15415,"{""type"":""MultiPoint"",""coordinates"":[]}"
15416_0,0.20252499,0.7089202,0.18054055,2024-04-21,15416,"{""type"":""MultiPoint"",""coordinates"":[]}"
15417_0,0.3500124,0.76108724,0.30471647,2024-04-21,15417,"{""type"":""MultiPoint"",""coordinates"":[]}"
15418_0,0.17499429,0.54885405,0.17367458,2024-04-21,15418,"{""type"":""MultiPoint"",""coordinates"":[]}"
15419_0,0.3297456,0.7536478,0.30703086,2024-04-21,15419,"{""type"":""MultiPoint"",""coordinates"":[]}"
15420_0,0.2492376,0.6980545,0.2341629,2024-04-21,15420,"{""type"":""MultiPoint"",""coordinates"":[]}"
15421_0,0.2639725,0.73822826,0.25823224,2024-04-21,15421,"{""type"":""MultiPoint"",""coordinates"":[]}"
15422_0,0.18563412,0.6795995,0.1934193,2024-04-21,15422,"{""type"":""MultiPoint"",""coordinates"":[]}"
15423_0,0.32477188,0.5529226,0.3261383,2024-04-21,15423,"{""type"":""MultiPoint"",""coordinates"":[]}"
15424_0,0.37198308,0.7671809,0.33262825,2024-04-21,15424,"{""type"":""MultiPoint"",""coordinates"":[]}"
15425_0,0.15679288,0.6518115,0.15283062,2024-04-21,15425,"{""type"":""MultiPoint"",""coordinates"":[]}"
15448_0,0.14212053,0.6391378,0.119417794,2024-04-21,15448,"{""type"":""MultiPoint"",""coordinates"":[]}"
15510_0,0.3257074,0.74691355,0.33806145,2024-04-21,15510,"{""type"":""MultiPoint"",""coordinates"":[]}"
15553_0,0.33543506,0.5668491,0.31066057,2024-04-21,15553,"{""type"":""MultiPoint"",""coordinates"":[]}"
15572_0,0.32841328,0.6607774,0.16963916,2024-04-21,15572,"{""type"":""MultiPoint"",""coordinates"":[]}"
15578_0,0.16936803,0.66988504,0.13058366,2024-04-21,15578,"{""type"":""MultiPoint"",""coordinates"":[]}"
15582_0,0.11573871,0.2348653,-0.017402269,2024-04-21,15582,"{""type"":""MultiPoint"",""coordinates"":[]}"
15584_0,0.3538961,0.57380253,0.33832085,2024-04-21,15584,"{""type"":""MultiPoint"",""coordinates"":[]}"
15586_0,0.22020972,0.62724936,0.21497121,2024-04-21,15586,"{""type"":""MultiPoint"",""coordinates"":[]}"
15595_0,-0.09676504,0.64108616,-0.16328067,2024-04-21,15595,"{""type"":""MultiPoint"",""coordinates"":[]}"
15604_0,0.12184658,0.05366986,0.17341088,2024-04-21,15604,"{""type"":""MultiPoint"",""coordinates"":[]}"
15605_0,0.24382384,0.5655853,0.22381477,2024-04-21,15605,"{""type"":""MultiPoint"",""coordinates"":[]}"
15607_0,0.15625,0.4952251,0.118367344,2024-04-21,15607,"{""type"":""MultiPoint"",""coordinates"":[]}"
15608_0,0.07666256,0.5331786,0.048389655,2024-04-21,15608,"{""type"":""MultiPoint"",""coordinates"":[]}"
15624_0,0.17422566,0.008865248,0.20774741,2024-04-21,15624,"{""type"":""MultiPoint"",""coordinates"":[]}"
15625_0,0.14597759,-0.0062305294,0.12274527,2024-04-21,15625,"{""type"":""MultiPoint"",""coordinates"":[]}"
15626_0,0.11175766,0.6500134,0.086749956,2024-04-21,15626,"{""type"":""MultiPoint"",""coordinates"":[]}"
15631_0,0.06438612,0.09184891,0.07150522,2024-04-21,15631,"{""type"":""MultiPoint"",""coordinates"":[]}"
15640_0,-0.012956419,0.55201024,-0.02952913,2024-04-21,15640,"{""type"":""MultiPoint"",""coordinates"":[]}"
15641_0,-0.004429775,0.164859,0.0541469,2024-04-21,15641,"{""type"":""MultiPoint"",""coordinates"":[]}"
15642_0,0.09083045,0.055028465,0.09469021,2024-04-21,15642,"{""type"":""MultiPoint"",""coordinates"":[]}"
15643_0,0.21839572,0.04753363,0.26057336,2024-04-21,15643,"{""type"":""MultiPoint"",""coordinates"":[]}"
15648_0,0.2894903,0.855051,0.28094202,2024-04-21,15648,"{""type"":""MultiPoint"",""coordinates"":[]}"
15656_0,0.11940889,0.18176217,0.06956643,2024-04-21,15656,"{""type"":""MultiPoint"",""coordinates"":[]}"
15657_0,0.14838943,0.6248958,0.10820542,2024-04-21,15657,"{""type"":""MultiPoint"",""coordinates"":[]}"
15659_0,0.03657805,0.64881355,0.004543577,2024-04-21,15659,"{""type"":""MultiPoint"",""coordinates"":[]}"
15660_0,0.094612546,0.6,0.09300606,2024-04-21,15660,"{""type"":""MultiPoint"",""coordinates"":[]}"
15661_0,0.03157497,0.566787,0.008325267,2024-04-21,15661,"{""type"":""MultiPoint"",""coordinates"":[]}"
15662_0,0.022639425,0.50506186,0.0039392235,2024-04-21,15662,"{""type"":""MultiPoint"",""coordinates"":[]}"
15663_0,0.26659858,0.7154471,0.27620968,2024-04-21,15663,"{""type"":""MultiPoint"",""coordinates"":[]}"
15664_0,0.110707805,0.6044362,0.030470913,2024-04-21,15664,"{""type"":""MultiPoint"",""coordinates"":[]}"
15665_0,0.075669385,0.23733066,0.21657622,2024-04-21,15665,"{""type"":""MultiPoint"",""coordinates"":[]}"
15666_0,0.43191117,0.75533426,0.4348837,2024-04-21,15666,"{""type"":""MultiPoint"",""coordinates"":[]}"
15667_0,0.4513064,0.74263567,0.41740227,2024-04-21,15667,"{""type"":""MultiPoint"",""coordinates"":[]}"
15672_0,0.22063492,0.29674253,0.19342916,2024-04-21,15672,"{""type"":""MultiPoint"",""coordinates"":[]}"
15674_0,0.18289666,0.014608234,0.17478216,2024-04-21,15674,"{""type"":""MultiPoint"",""coordinates"":[]}"
15677_0,0.04357378,0.52955365,-0.014763014,2024-04-21,15677,"{""type"":""MultiPoint"",""coordinates"":[]}"
15678_0,0.48869836,0.73977697,0.48101267,2024-04-21,15678,"{""type"":""MultiPoint"",""coordinates"":[]}"
15679_0,0.091803275,0.22479564,0.08264338,2024-04-21,15679,"{""type"":""MultiPoint"",""coordinates"":[]}"
15680_0,0.08258353,0.033942558,0.08567512,2024-04-21,15680,"{""type"":""MultiPoint"",""coordinates"":[]}"
15681_0,0.43686503,0.74849266,0.4468995,2024-04-21,15681,"{""type"":""MultiPoint"",""coordinates"":[]}"
15688_0,0.06324151,0.17109965,0.1302682,2024-04-21,15688,"{""type"":""MultiPoint"",""coordinates"":[]}"
15692_0,0.13126323,0.6341604,0.06989044,2024-04-21,15692,"{""type"":""MultiPoint"",""coordinates"":[]}"
15694_0,0.08964822,0.47453415,0.13615698,2024-04-21,15694,"{""type"":""MultiPoint"",""coordinates"":[]}"
15696_0,0.19365472,0.21769297,0.17859392,2024-04-21,15696,"{""type"":""MultiPoint"",""coordinates"":[]}"
15698_0,0.0269628,0.13151751,0.04425891,2024-04-21,15698,"{""type"":""MultiPoint"",""coordinates"":[]}"
15701_0,0.10849474,0.04023719,0.16494723,2024-04-21,15701,"{""type"":""MultiPoint"",""coordinates"":[]}"
15704_0,0.019019177,0.07824976,0.03932887,2024-04-21,15704,"{""type"":""MultiPoint"",""coordinates"":[]}"
15706_0,0.1828176,0.4018127,0.29812905,2024-04-21,15706,"{""type"":""MultiPoint"",""coordinates"":[]}"
15708_0,0.042661447,0.15026227,0.098813646,2024-04-21,15708,"{""type"":""MultiPoint"",""coordinates"":[]}"
15711_0,0.14569536,0.2991014,-0.009784736,2024-04-21,15711,"{""type"":""MultiPoint"",""coordinates"":[]}"
15715_0,0.047894303,0.5504007,0.030413454,2024-04-21,15715,"{""type"":""MultiPoint"",""coordinates"":[]}"
15718_0,0.05799813,0.135436,0.0972658,2024-04-21,15718,"{""type"":""MultiPoint"",""coordinates"":[]}"
15719_0,0.21994561,0.6235619,0.24247226,2024-04-21,15719,"{""type"":""MultiPoint"",""coordinates"":[]}"
15722_0,0.07036384,0.06640368,0.055989582,2024-04-21,15722,"{""type"":""MultiPoint"",""coordinates"":[]}"
15724_0,0.046686485,0.57468075,0.019777058,2024-04-21,15724,"{""type"":""MultiPoint"",""coordinates"":[]}"
15726_0,0.060533967,0.4039855,0.27127331,2024-04-21,15726,"{""type"":""MultiPoint"",""coordinates"":[]}"
15729_0,0.10662323,0.3044316,0.13662119,2024-04-21,15729,"{""type"":""MultiPoint"",""coordinates"":[]}"
15734_0,0.089374244,0.1539197,0.17383905,2024-04-21,15734,"{""type"":""MultiPoint"",""coordinates"":[]}"
15744_0,0.19937485,0.004130335,0.23869507,2024-04-21,15744,"{""type"":""MultiPoint"",""coordinates"":[]}"
15746_0,0.08449462,0.7045521,0.055848643,2024-04-21,15746,"{""type"":""MultiPoint"",""coordinates"":[]}"
15750_0,0.21139705,0.420765,0.20481928,2024-04-21,15750,"{""type"":""MultiPoint"",""coordinates"":[]}"
15754_0,0.19273928,0.7128906,0.17836748,2024-04-21,15754,"{""type"":""MultiPoint"",""coordinates"":[]}"
15756_0,0.0018850141,0.07262189,0.08604471,2024-04-21,15756,"{""type"":""MultiPoint"",""coordinates"":[]}"
15761_0,0.32881355,0.6134122,0.3476112,2024-04-21,15761,"{""type"":""MultiPoint"",""coordinates"":[]}"
15763_0,0.13592091,0.09505309,0.17444444,2024-04-21,15763,"{""type"":""MultiPoint"",""coordinates"":[]}"
15774_0,0.07534374,0.04766069,0.12653542,2024-04-21,15774,"{""type"":""MultiPoint"",""coordinates"":[]}"
15776_0,0.17356828,0.27534562,0.08264059,2024-04-21,15776,"{""type"":""MultiPoint"",""coordinates"":[]}"
15778_0,0.03735345,0.064331666,0.058656238,2024-04-21,15778,"{""type"":""MultiPoint"",""coordinates"":[]}"
15782_0,0.12508102,0.5432781,0.10773298,2024-04-21,15782,"{""type"":""MultiPoint"",""coordinates"":[]}"
15785_0,0.11627054,0.025556471,0.15828678,2024-04-21,15785,"{""type"":""MultiPoint"",""coordinates"":[]}"
15794_0,-0.0058019063,0.56259614,0.02275015,2024-04-21,15794,"{""type"":""MultiPoint"",""coordinates"":[]}"
15795_0,0.1332033,0.015187849,0.14705051,2024-04-21,15795,"{""type"":""MultiPoint"",""coordinates"":[]}"
15808_0,0.24415714,0.682095,0.29005137,2024-04-21,15808,"{""type"":""MultiPoint"",""coordinates"":[]}"
15821_0,0.1450994,0.6134787,0.14105484,2024-04-21,15821,"{""type"":""MultiPoint"",""coordinates"":[]}"
15853_0,0.08167253,0.6150121,0.06337186,2024-04-21,15853,"{""type"":""MultiPoint"",""coordinates"":[]}"
15887_0,0.16761574,0.691676,0.14821383,2024-04-21,15887,"{""type"":""MultiPoint"",""coordinates"":[]}"
15890_0,0.052336853,0.607978,0.030409873,2024-04-21,15890,"{""type"":""MultiPoint"",""coordinates"":[]}"
15893_0,0.1891892,0.68393445,0.17582418,2024-04-21,15893,"{""type"":""MultiPoint"",""coordinates"":[]}"
15899_0,0.29594392,0.7902197,0.2848423,2024-04-21,15899,"{""type"":""MultiPoint"",""coordinates"":[]}"
15902_0,0.2472601,0.6854839,0.28089887,2024-04-21,15902,"{""type"":""MultiPoint"",""coordinates"":[]}"
15918_0,0.17233624,0.6987448,0.15933752,2024-04-21,15918,"{""type"":""MultiPoint"",""coordinates"":[]}"
16099_0,0.26429862,0.6852568,0.2495394,2024-04-21,16099,"{""type"":""MultiPoint"",""coordinates"":[]}"
16100_0,0.26325193,0.6871847,0.33938584,2024-04-21,16100,"{""type"":""MultiPoint"",""coordinates"":[]}"
16101_0,0.2523585,0.7273329,0.2443385,2024-04-21,16101,"{""type"":""MultiPoint"",""coordinates"":[]}"
16102_0,0.19314565,0.5887446,0.1438961,2024-04-21,16102,"{""type"":""MultiPoint"",""coordinates"":[]}"
16103_0,0.3139051,0.73715246,0.2504548,2024-04-21,16103,"{""type"":""MultiPoint"",""coordinates"":[]}"
16104_0,0.1961428,0.6980125,0.18730554,2024-04-21,16104,"{""type"":""MultiPoint"",""coordinates"":[]}"
16105_0,0.41361493,0.8215103,0.41857874,2024-04-21,16105,"{""type"":""MultiPoint"",""coordinates"":[]}"
16106_0,0.22999157,0.77339053,0.20221123,2024-04-21,16106,"{""type"":""MultiPoint"",""coordinates"":[]}"
16107_0,0.18986666,0.68602824,0.17152986,2024-04-21,16107,"{""type"":""MultiPoint"",""coordinates"":[]}"
16108_0,0.39085713,0.8595495,0.3946621,2024-04-21,16108,"{""type"":""MultiPoint"",""coordinates"":[]}"
16109_0,0.0624863,0.50877196,0.041255604,2024-04-21,16109,"{""type"":""MultiPoint"",""coordinates"":[]}"
16110_0,0.3089526,0.7292724,0.2675969,2024-04-21,16110,"{""type"":""MultiPoint"",""coordinates"":[]}"
16111_0,0.32452,0.7075232,0.30617523,2024-04-21,16111,"{""type"":""MultiPoint"",""coordinates"":[]}"
16112_0,0.13505387,0.61438847,0.13047859,2024-04-21,16112,"{""type"":""MultiPoint"",""coordinates"":[]}"
16113_0,0.116525844,0.33892775,0.121875,2024-04-21,16113,"{""type"":""MultiPoint"",""coordinates"":[]}"
16114_0,0.18144044,0.65873015,0.17168885,2024-04-21,16114,"{""type"":""MultiPoint"",""coordinates"":[]}"
16130_0,0.25613764,0.8115211,0.27886057,2024-04-21,16130,"{""type"":""MultiPoint"",""coordinates"":[]}"
16196_0,0.3002394,0.86121,0.3124216,2024-04-21,16196,"{""type"":""MultiPoint"",""coordinates"":[]}"
16204_0,0.11626533,0.6588629,0.07442364,2024-04-21,16204,"{""type"":""MultiPoint"",""coordinates"":[]}"
16219_0,0.30251142,0.7302185,0.3052871,2024-04-21,16219,"{""type"":""MultiPoint"",""coordinates"":[]}"
16236_0,0.3237868,0.6617954,0.3038493,2024-04-21,16236,"{""type"":""MultiPoint"",""coordinates"":[]}"
16242_0,0.32765245,0.8398279,0.3133106,2024-04-21,16242,"{""type"":""MultiPoint"",""coordinates"":[]}"
16255_0,0.054602183,0.6064096,0.028534787,2024-04-21,16255,"{""type"":""MultiPoint"",""coordinates"":[]}"
16257_0,0.037977915,0.07722772,0.071921185,2024-04-21,16257,"{""type"":""MultiPoint"",""coordinates"":[]}"
16259_0,0.36589405,0.68520266,0.40015662,2024-04-21,16259,"{""type"":""MultiPoint"",""coordinates"":[]}"
16276_0,0.13634802,-0.02071397,0.081791624,2024-04-21,16276,"{""type"":""MultiPoint"",""coordinates"":[]}"
16285_0,0.06495264,0.1587868,0.11239563,2024-04-21,16285,"{""type"":""MultiPoint"",""coordinates"":[]}"
16286_0,0.04536489,0.18079373,0.050566696,2024-04-21,16286,"{""type"":""MultiPoint"",""coordinates"":[]}"
16287_0,0.13505074,0.53690594,0.15677321,2024-04-21,16287,"{""type"":""MultiPoint"",""coordinates"":[]}"
16294_0,0.09025572,0.05732067,0.0851332,2024-04-21,16294,"{""type"":""MultiPoint"",""coordinates"":[]}"
16298_0,0.1564776,0.27948305,0.10846746,2024-04-21,16298,"{""type"":""MultiPoint"",""coordinates"":[]}"
16300_0,0.17356189,0.6338964,0.08118013,2024-04-21,16300,"{""type"":""MultiPoint"",""coordinates"":[]}"
16306_0,-0.027594563,0.46427006,-0.066648036,2024-04-21,16306,"{""type"":""MultiPoint"",""coordinates"":[]}"
16310_0,0.22331397,0.69552916,0.2654699,2024-04-21,16310,"{""type"":""MultiPoint"",""coordinates"":[]}"
16313_0,0.06724378,0.33333334,-0.014288115,2024-04-21,16313,"{""type"":""MultiPoint"",""coordinates"":[]}"
16314_0,0.07661722,0.5612602,-0.06022827,2024-04-21,16314,"{""type"":""MultiPoint"",""coordinates"":[]}"
16318_0,0.04337282,0.09947644,0.068313956,2024-04-21,16318,"{""type"":""MultiPoint"",""coordinates"":[]}"
16319_0,0.0059919027,0.5326923,0.019018698,2024-04-21,16319,"{""type"":""MultiPoint"",""coordinates"":[]}"
16320_0,0.21992145,0.78981584,0.20386226,2024-04-21,16320,"{""type"":""MultiPoint"",""coordinates"":[]}"
16321_0,0.25114733,0.76192683,0.2330632,2024-04-21,16321,"{""type"":""MultiPoint"",""coordinates"":[]}"
16322_0,0.08008537,0.2043935,0.10384069,2024-04-21,16322,"{""type"":""MultiPoint"",""coordinates"":[]}"
16323_0,0.05883609,0.16903226,0.1045413,2024-04-21,16323,"{""type"":""MultiPoint"",""coordinates"":[]}"
16327_0,0.08461214,0.27505463,0.1135651,2024-04-21,16327,"{""type"":""MultiPoint"",""coordinates"":[]}"
16331_0,0.1924038,0.62899053,0.07762557,2024-04-21,16331,"{""type"":""MultiPoint"",""coordinates"":[]}"
16337_0,0.24493217,0.7678645,0.2668344,2024-04-21,16337,"{""type"":""MultiPoint"",""coordinates"":[]}"
16339_0,0.18476728,0.5191956,0.17955998,2024-04-21,16339,"{""type"":""MultiPoint"",""coordinates"":[]}"
16341_0,-0.011113071,0.4922049,-0.033537686,2024-04-21,16341,"{""type"":""MultiPoint"",""coordinates"":[]}"
16343_0,0.38289577,0.7693079,0.3806418,2024-04-21,16343,"{""type"":""MultiPoint"",""coordinates"":[]}"
16345_0,0.19925825,0.5723457,0.14552978,2024-04-21,16345,"{""type"":""MultiPoint"",""coordinates"":[]}"
16348_0,0.19081602,0.34784186,0.17520557,2024-04-21,16348,"{""type"":""MultiPoint"",""coordinates"":[]}"
16350_0,0.32077625,0.82918423,0.33482394,2024-04-21,16350,"{""type"":""MultiPoint"",""coordinates"":[]}"
16359_0,0.09284898,0.19583222,0.11246427,2024-04-21,16359,"{""type"":""MultiPoint"",""coordinates"":[]}"
16360_0,0.19678715,0.7186113,0.19883467,2024-04-21,16360,"{""type"":""MultiPoint"",""coordinates"":[]}"
16366_0,0.4054054,0.697798,0.24986026,2024-04-21,16366,"{""type"":""MultiPoint"",""coordinates"":[]}"
16369_0,0.14957438,0.2780631,0.050821897,2024-04-21,16369,"{""type"":""MultiPoint"",""coordinates"":[]}"
16373_0,0.17453863,0.3199857,0.16632444,2024-04-21,16373,"{""type"":""MultiPoint"",""coordinates"":[]}"
16375_0,0.2942871,0.74822694,0.2828102,2024-04-21,16375,"{""type"":""MultiPoint"",""coordinates"":[]}"
16380_0,0.114039905,0.573734,0.0777439,2024-04-21,16380,"{""type"":""MultiPoint"",""coordinates"":[]}"
16382_0,0.24370879,0.6356877,0.2653595,2024-04-21,16382,"{""type"":""MultiPoint"",""coordinates"":[]}"
16387_0,0.14755684,0.36293164,0.18814315,2024-04-21,16387,"{""type"":""MultiPoint"",""coordinates"":[]}"
16388_0,0.25945413,0.8203704,0.27166882,2024-04-21,16388,"{""type"":""MultiPoint"",""coordinates"":[]}"
16393_0,0.2646839,0.476257,0.26435408,2024-04-21,16393,"{""type"":""MultiPoint"",""coordinates"":[]}"
16394_0,0.17683071,0.70535713,0.13465346,2024-04-21,16394,"{""type"":""MultiPoint"",""coordinates"":[]}"
16410_0,0.28627992,0.7250229,0.2897036,2024-04-21,16410,"{""type"":""MultiPoint"",""coordinates"":[]}"
16414_0,0.023076924,0.516685,0.04102693,2024-04-21,16414,"{""type"":""MultiPoint"",""coordinates"":[]}"
16416_0,0.08976852,0.047084235,0.1440033,2024-04-21,16416,"{""type"":""MultiPoint"",""coordinates"":[]}"
16419_0,5.6678633E-4,0.59261614,-0.027783174,2024-04-21,16419,"{""type"":""MultiPoint"",""coordinates"":[]}"
16422_0,0.0935305,0.59312636,0.079233944,2024-04-21,16422,"{""type"":""MultiPoint"",""coordinates"":[]}"
16426_0,0.13265704,0.5971395,0.09320824,2024-04-21,16426,"{""type"":""MultiPoint"",""coordinates"":[]}"
16432_0,0.16099356,0.44519016,0.1724138,2024-04-21,16432,"{""type"":""MultiPoint"",""coordinates"":[]}"
16435_0,0.23544155,0.6504931,0.23476465,2024-04-21,16435,"{""type"":""MultiPoint"",""coordinates"":[]}"
16437_0,0.19462864,0.703163,0.18063754,2024-04-21,16437,"{""type"":""MultiPoint"",""coordinates"":[]}"
16450_0,0.1059594,0.11515152,0.085109234,2024-04-21,16450,"{""type"":""MultiPoint"",""coordinates"":[]}"
16453_0,0.026485959,0.06926407,0.03790598,2024-04-21,16453,"{""type"":""MultiPoint"",""coordinates"":[]}"
16464_0,0.17719483,-0.011363637,0.16922387,2024-04-21,16464,"{""type"":""MultiPoint"",""coordinates"":[]}"
16465_0,0.17253228,0.026564885,0.22941902,2024-04-21,16465,"{""type"":""MultiPoint"",""coordinates"":[]}"
16469_0,0.19185914,0.53085047,0.21831453,2024-04-21,16469,"{""type"":""MultiPoint"",""coordinates"":[]}"
16477_0,0.14714286,0.42934293,0.14162473,2024-04-21,16477,"{""type"":""MultiPoint"",""coordinates"":[]}"
16482_0,0.047223378,0.14404762,0.05546403,2024-04-21,16482,"{""type"":""MultiPoint"",""coordinates"":[]}"
16487_0,0.10036511,0.006599713,0.117197454,2024-04-21,16487,"{""type"":""MultiPoint"",""coordinates"":[]}"
16489_0,0.0034833497,0.18249595,0.009966778,2024-04-21,16489,"{""type"":""MultiPoint"",""coordinates"":[]}"
16545_0,0.334776,0.7467096,0.3203626,2024-04-21,16545,"{""type"":""MultiPoint"",""coordinates"":[]}"
16547_0,0.31889838,0.7403871,0.3057115,2024-04-21,16547,"{""type"":""MultiPoint"",""coordinates"":[]}"
16556_0,0.25489333,0.75937724,0.18947369,2024-04-21,16556,"{""type"":""MultiPoint"",""coordinates"":[]}"
16559_0,0.21864538,0.649635,0.1455928,2024-04-21,16559,"{""type"":""MultiPoint"",""coordinates"":[]}"
16561_0,0.2538164,0.7480663,0.2663598,2024-04-21,16561,"{""type"":""MultiPoint"",""coordinates"":[]}"
16566_0,0.18403214,0.7006541,0.15254237,2024-04-21,16566,"{""type"":""MultiPoint"",""coordinates"":[]}"
16572_0,0.35669515,0.7806826,0.36944988,2024-04-21,16572,"{""type"":""MultiPoint"",""coordinates"":[]}"
16582_0,0.22981367,0.7283582,0.21766561,2024-04-21,16582,"{""type"":""MultiPoint"",""coordinates"":[]}"
16589_0,0.22988741,0.73482615,0.22031088,2024-04-21,16589,"{""type"":""MultiPoint"",""coordinates"":[]}"
16601_0,0.28705212,0.7708523,0.26899737,2024-04-21,16601,"{""type"":""MultiPoint"",""coordinates"":[]}"
16757_0,0.2947468,0.83245647,0.33766618,2024-04-21,16757,"{""type"":""MultiPoint"",""coordinates"":[]}"
16758_0,0.29094076,0.7870968,0.28949666,2024-04-21,16758,"{""type"":""MultiPoint"",""coordinates"":[]}"
16759_0,0.19224629,0.7795332,0.16639209,2024-04-21,16759,"{""type"":""MultiPoint"",""coordinates"":[]}"
16760_0,0.29827538,0.76982516,0.27363184,2024-04-21,16760,"{""type"":""MultiPoint"",""coordinates"":[]}"
16761_0,0.24143107,0.77178425,0.25649828,2024-04-21,16761,"{""type"":""MultiPoint"",""coordinates"":[]}"
16762_0,0.1591367,0.6575973,0.15082824,2024-04-21,16762,"{""type"":""MultiPoint"",""coordinates"":[]}"
16763_0,0.3126775,0.7809695,0.30149567,2024-04-21,16763,"{""type"":""MultiPoint"",""coordinates"":[]}"
16764_0,0.35737133,0.80307,0.37090805,2024-04-21,16764,"{""type"":""MultiPoint"",""coordinates"":[]}"
16765_0,0.3995715,0.8276104,0.39876643,2024-04-21,16765,"{""type"":""MultiPoint"",""coordinates"":[]}"
16766_0,0.26290283,0.6454849,0.23587039,2024-04-21,16766,"{""type"":""MultiPoint"",""coordinates"":[]}"
16767_0,0.179809,0.6637753,0.14529428,2024-04-21,16767,"{""type"":""MultiPoint"",""coordinates"":[]}"
16768_0,0.22575796,0.6318019,0.23684861,2024-04-21,16768,"{""type"":""MultiPoint"",""coordinates"":[]}"
16769_0,0.22139534,0.59125,0.20663507,2024-04-21,16769,"{""type"":""MultiPoint"",""coordinates"":[]}"
16770_0,0.20156863,0.68421054,0.21591784,2024-04-21,16770,"{""type"":""MultiPoint"",""coordinates"":[]}"
16771_0,0.27714428,0.65309864,0.21443966,2024-04-21,16771,"{""type"":""MultiPoint"",""coordinates"":[]}"
16793_0,0.14235732,0.5814276,0.075654015,2024-04-21,16793,"{""type"":""MultiPoint"",""coordinates"":[]}"
16829_0,-0.004740519,0.51118475,-0.049381107,2024-04-21,16829,"{""type"":""MultiPoint"",""coordinates"":[]}"
16843_0,0.37992495,0.747184,0.3573165,2024-04-21,16843,"{""type"":""MultiPoint"",""coordinates"":[]}"
16848_0,0.26519778,0.71854305,0.2,2024-04-21,16848,"{""type"":""MultiPoint"",""coordinates"":[]}"
16894_0,0.042968176,0.56873316,0.033900816,2024-04-21,16894,"{""type"":""MultiPoint"",""coordinates"":[]}"
16895_0,0.23872541,0.78998387,0.20653358,2024-04-21,16895,"{""type"":""MultiPoint"",""coordinates"":[]}"
16910_0,0.109686874,0.7278374,0.11455108,2024-04-21,16910,"{""type"":""MultiPoint"",""coordinates"":[]}"
16911_0,0.22280702,0.49358228,0.18190213,2024-04-21,16911,"{""type"":""MultiPoint"",""coordinates"":[]}"
16914_0,0.15457736,0.022513304,0.20255145,2024-04-21,16914,"{""type"":""MultiPoint"",""coordinates"":[]}"
16916_0,0.16171533,0.038527396,0.18914282,2024-04-21,16916,"{""type"":""MultiPoint"",""coordinates"":[]}"
16918_0,0.4479074,0.76,0.41398865,2024-04-21,16918,"{""type"":""MultiPoint"",""coordinates"":[]}"
16921_0,0.03126007,0.57287085,0.005294507,2024-04-21,16921,"{""type"":""MultiPoint"",""coordinates"":[]}"
16923_0,0.43193278,0.74181116,0.45571658,2024-04-21,16923,"{""type"":""MultiPoint"",""coordinates"":[]}"
16926_0,0.29356602,0.7174211,0.29740933,2024-04-21,16926,"{""type"":""MultiPoint"",""coordinates"":[]}"
16930_0,0.16123779,0.6942551,0.14946325,2024-04-21,16930,"{""type"":""MultiPoint"",""coordinates"":[]}"
16931_0,0.20497072,0.66898245,0.18945682,2024-04-21,16931,"{""type"":""MultiPoint"",""coordinates"":[]}"
16932_0,0.04232294,0.16197509,0.059652813,2024-04-21,16932,"{""type"":""MultiPoint"",""coordinates"":[]}"
16933_0,0.2503288,0.70977134,0.23169088,2024-04-21,16933,"{""type"":""MultiPoint"",""coordinates"":[]}"
16934_0,0.080208674,0.5854701,0.025392987,2024-04-21,16934,"{""type"":""MultiPoint"",""coordinates"":[]}"
16942_0,0.111268476,0.06647503,0.08360716,2024-04-21,16942,"{""type"":""MultiPoint"",""coordinates"":[]}"
16943_0,0.04807202,0.57309943,0.07064676,2024-04-21,16943,"{""type"":""MultiPoint"",""coordinates"":[]}"
16944_0,0.21984684,0.746585,0.20526573,2024-04-21,16944,"{""type"":""MultiPoint"",""coordinates"":[]}"
16949_0,0.19643147,0.5825708,0.1890653,2024-04-21,16949,"{""type"":""MultiPoint"",""coordinates"":[]}"
16956_0,0.26585522,0.64415157,0.27052832,2024-04-21,16956,"{""type"":""MultiPoint"",""coordinates"":[]}"
16962_0,0.12084681,0.5219721,0.17517242,2024-04-21,16962,"{""type"":""MultiPoint"",""coordinates"":[]}"
16969_0,0.10856303,0.023933403,0.12973593,2024-04-21,16969,"{""type"":""MultiPoint"",""coordinates"":[]}"
16970_0,0.063433975,0.42662632,0.10244045,2024-04-21,16970,"{""type"":""MultiPoint"",""coordinates"":[]}"
16973_0,0.31149477,0.66227347,0.2673889,2024-04-21,16973,"{""type"":""MultiPoint"",""coordinates"":[]}"
16976_0,0.17285822,0.76070255,0.1903525,2024-04-21,16976,"{""type"":""MultiPoint"",""coordinates"":[]}"
16981_0,-0.033068784,0.27686775,0.011392405,2024-04-21,16981,"{""type"":""MultiPoint"",""coordinates"":[]}"
16983_0,0.05688259,0.16835018,0.08745471,2024-04-21,16983,"{""type"":""MultiPoint"",""coordinates"":[]}"
16990_0,0.11090809,0.6730337,0.100720756,2024-04-21,16990,"{""type"":""MultiPoint"",""coordinates"":[]}"
16991_0,0.1580239,0.030420711,0.23488632,2024-04-21,16991,"{""type"":""MultiPoint"",""coordinates"":[]}"
16994_0,0.18398143,0.57894737,0.15453999,2024-04-21,16994,"{""type"":""MultiPoint"",""coordinates"":[]}"
16997_0,0.22472633,0.77376425,0.21563518,2024-04-21,16997,"{""type"":""MultiPoint"",""coordinates"":[]}"
17000_0,0.16942364,0.66522783,0.1855899,2024-04-21,17000,"{""type"":""MultiPoint"",""coordinates"":[]}"
17003_0,0.12662014,0.27800313,0.14381458,2024-04-21,17003,"{""type"":""MultiPoint"",""coordinates"":[]}"
17007_0,0.09928325,0.24798219,0.1385045,2024-04-21,17007,"{""type"":""MultiPoint"",""coordinates"":[]}"
17017_0,0.3275401,0.595082,0.3184282,2024-04-21,17017,"{""type"":""MultiPoint"",""coordinates"":[]}"
17023_0,0.067144886,0.09241706,0.1375694,2024-04-21,17023,"{""type"":""MultiPoint"",""coordinates"":[]}"
17026_0,0.24411508,0.4231258,0.12732764,2024-04-21,17026,"{""type"":""MultiPoint"",""coordinates"":[]}"
17032_0,0.24797548,0.71207154,0.25141612,2024-04-21,17032,"{""type"":""MultiPoint"",""coordinates"":[]}"
17036_0,0.18323952,0.477781,0.32155845,2024-04-21,17036,"{""type"":""MultiPoint"",""coordinates"":[]}"
17038_0,0.10489511,0.32168388,-0.00952381,2024-04-21,17038,"{""type"":""MultiPoint"",""coordinates"":[]}"
17040_0,0.23116799,0.33501258,-0.056309815,2024-04-21,17040,"{""type"":""MultiPoint"",""coordinates"":[]}"
17042_0,0.46073502,0.7189605,0.43858236,2024-04-21,17042,"{""type"":""MultiPoint"",""coordinates"":[]}"
17044_0,0.23939265,0.5934627,0.27173913,2024-04-21,17044,"{""type"":""MultiPoint"",""coordinates"":[]}"
17047_0,0.19294117,0.8186079,0.23547205,2024-04-21,17047,"{""type"":""MultiPoint"",""coordinates"":[]}"
17054_0,0.25336596,0.6368159,0.23606762,2024-04-21,17054,"{""type"":""MultiPoint"",""coordinates"":[]}"
17061_0,0.11779279,0.17920242,0.087903135,2024-04-21,17061,"{""type"":""MultiPoint"",""coordinates"":[]}"
17067_0,0.22026768,-0.07788516,0.2280901,2024-04-21,17067,"{""type"":""MultiPoint"",""coordinates"":[]}"
17069_0,0.13071232,0.627409,0.118304886,2024-04-21,17069,"{""type"":""MultiPoint"",""coordinates"":[]}"
17080_0,0.14213333,0.009252669,0.16522007,2024-04-21,17080,"{""type"":""MultiPoint"",""coordinates"":[]}"
17082_0,0.2155875,0.15839243,-0.038650185,2024-04-21,17082,"{""type"":""MultiPoint"",""coordinates"":[]}"
17084_0,0.15992647,0.011541072,0.18336146,2024-04-21,17084,"{""type"":""MultiPoint"",""coordinates"":[]}"
17086_0,0.023177696,0.39408174,0.010211028,2024-04-21,17086,"{""type"":""MultiPoint"",""coordinates"":[]}"
17095_0,0.15998223,0.595102,0.1586125,2024-04-21,17095,"{""type"":""MultiPoint"",""coordinates"":[]}"
17096_0,0.16101453,0.39295775,0.14666666,2024-04-21,17096,"{""type"":""MultiPoint"",""coordinates"":[]}"
17118_0,0.06517691,0.4379622,0.07493857,2024-04-21,17118,"{""type"":""MultiPoint"",""coordinates"":[]}"
17128_0,0.23676379,0.0022573364,0.23384744,2024-04-21,17128,"{""type"":""MultiPoint"",""coordinates"":[]}"
17136_0,0.10712969,0.033070866,0.130466,2024-04-21,17136,"{""type"":""MultiPoint"",""coordinates"":[]}"
17139_0,0.118653126,0.4768727,0.044888504,2024-04-21,17139,"{""type"":""MultiPoint"",""coordinates"":[]}"
17147_0,0.18873495,0.70313025,0.17238183,2024-04-21,17147,"{""type"":""MultiPoint"",""coordinates"":[]}"
17150_0,0.10107143,0.50780535,0.13221858,2024-04-21,17150,"{""type"":""MultiPoint"",""coordinates"":[]}"
17151_0,-0.076277114,0.31791908,-0.058499657,2024-04-21,17151,"{""type"":""MultiPoint"",""coordinates"":[]}"
17152_0,0.019344263,0.17768748,0.03188218,2024-04-21,17152,"{""type"":""MultiPoint"",""coordinates"":[]}"
17189_0,0.0018452187,0.032867707,0.044670682,2024-04-21,17189,"{""type"":""MultiPoint"",""coordinates"":[]}"
17217_0,0.17769131,0.72934973,0.12792297,2024-04-21,17217,"{""type"":""MultiPoint"",""coordinates"":[]}"
17219_0,0.25817075,0.7362146,0.22825514,2024-04-21,17219,"{""type"":""MultiPoint"",""coordinates"":[]}"
17221_0,0.23485076,0.7176471,0.23392695,2024-04-21,17221,"{""type"":""MultiPoint"",""coordinates"":[]}"
17223_0,0.27403623,0.7319462,0.28841338,2024-04-21,17223,"{""type"":""MultiPoint"",""coordinates"":[]}"
17228_0,0.32238805,0.7813998,0.34345627,2024-04-21,17228,"{""type"":""MultiPoint"",""coordinates"":[]}"
17247_0,0.3024721,0.7673469,0.28709438,2024-04-21,17247,"{""type"":""MultiPoint"",""coordinates"":[]}"
17410_0,0.21771038,0.65985453,0.19949937,2024-04-21,17410,"{""type"":""MultiPoint"",""coordinates"":[]}"
17411_0,0.26525822,0.7758571,0.24274194,2024-04-21,17411,"{""type"":""MultiPoint"",""coordinates"":[]}"
17412_0,0.37317702,0.79305077,0.36353078,2024-04-21,17412,"{""type"":""MultiPoint"",""coordinates"":[]}"
17413_0,0.29525733,0.7050261,0.28,2024-04-21,17413,"{""type"":""MultiPoint"",""coordinates"":[]}"
17414_0,0.3367282,0.8029851,0.31791404,2024-04-21,17414,"{""type"":""MultiPoint"",""coordinates"":[]}"
17415_0,0.20401174,0.6889764,0.22542252,2024-04-21,17415,"{""type"":""MultiPoint"",""coordinates"":[]}"
17416_0,0.3197279,0.7724452,0.3013366,2024-04-21,17416,"{""type"":""MultiPoint"",""coordinates"":[]}"
17417_0,0.30759728,0.75779164,0.27560583,2024-04-21,17417,"{""type"":""MultiPoint"",""coordinates"":[]}"
17418_0,0.17181098,0.7037037,0.17563893,2024-04-21,17418,"{""type"":""MultiPoint"",""coordinates"":[]}"
17419_0,0.29473075,0.7310687,0.33515283,2024-04-21,17419,"{""type"":""MultiPoint"",""coordinates"":[]}"
17420_0,0.25169683,0.7866109,0.3189189,2024-04-21,17420,"{""type"":""MultiPoint"",""coordinates"":[]}"
17421_0,0.30258793,0.76969695,0.287216,2024-04-21,17421,"{""type"":""MultiPoint"",""coordinates"":[]}"
17422_0,0.2658672,0.56806844,0.27351665,2024-04-21,17422,"{""type"":""MultiPoint"",""coordinates"":[]}"
17423_0,0.13946189,0.6413882,0.14196289,2024-04-21,17423,"{""type"":""MultiPoint"",""coordinates"":[]}"
17441_0,6.188119E-4,0.39518288,-0.01604278,2024-04-21,17441,"{""type"":""MultiPoint"",""coordinates"":[]}"
17688_0,0.17375495,0.67720467,0.14899853,2024-04-21,17688,"{""type"":""MultiPoint"",""coordinates"":[]}"
17691_0,-0.043589335,0.39330333,-0.07926024,2024-04-21,17691,"{""type"":""MultiPoint"",""coordinates"":[]}"
17695_0,0.094378196,0.23820662,0.08878985,2024-04-21,17695,"{""type"":""MultiPoint"",""coordinates"":[]}"
17769_0,0.10159453,0.5603558,0.10930443,2024-04-21,17769,"{""type"":""MultiPoint"",""coordinates"":[]}"
17810_0,0.20312749,0.79297423,0.21043478,2024-04-21,17810,"{""type"":""MultiPoint"",""coordinates"":[]}"
17815_0,0.06859206,0.59962183,0.044444446,2024-04-21,17815,"{""type"":""MultiPoint"",""coordinates"":[]}"
17816_0,0.28144917,0.79523695,0.26112452,2024-04-21,17816,"{""type"":""MultiPoint"",""coordinates"":[]}"
17824_0,-0.02334445,0.48380667,-0.03935484,2024-04-21,17824,"{""type"":""MultiPoint"",""coordinates"":[]}"
17825_0,0.032542516,0.5727554,-0.003921569,2024-04-21,17825,"{""type"":""MultiPoint"",""coordinates"":[]}"
17826_0,0.25533757,0.7597376,0.24894515,2024-04-21,17826,"{""type"":""MultiPoint"",""coordinates"":[]}"
17827_0,0.1291363,0.034243606,0.21155189,2024-04-21,17827,"{""type"":""MultiPoint"",""coordinates"":[]}"
17828_0,0.13749114,0.62941515,0.072408535,2024-04-21,17828,"{""type"":""MultiPoint"",""coordinates"":[]}"
17832_0,0.1509126,0.58094025,0.12999848,2024-04-21,17832,"{""type"":""MultiPoint"",""coordinates"":[]}"
17835_0,0.22235434,0.64218456,0.14285715,2024-04-21,17835,"{""type"":""MultiPoint"",""coordinates"":[]}"
17840_0,0.12900433,0.65925926,0.1438298,2024-04-21,17840,"{""type"":""MultiPoint"",""coordinates"":[]}"
17841_0,0.18374884,0.58850574,0.21977052,2024-04-21,17841,"{""type"":""MultiPoint"",""coordinates"":[]}"
17847_0,0.27475825,0.81652695,0.27099046,2024-04-21,17847,"{""type"":""MultiPoint"",""coordinates"":[]}"
17848_0,0.10354395,0.33759442,0.12870802,2024-04-21,17848,"{""type"":""MultiPoint"",""coordinates"":[]}"
17849_0,0.2505873,0.5457413,0.011874032,2024-04-21,17849,"{""type"":""MultiPoint"",""coordinates"":[]}"
17853_0,0.079589725,0.10860179,0.071245186,2024-04-21,17853,"{""type"":""MultiPoint"",""coordinates"":[]}"
17854_0,0.0389788,0.16400182,0.09450172,2024-04-21,17854,"{""type"":""MultiPoint"",""coordinates"":[]}"
17855_0,0.012460097,0.18090692,0.015703581,2024-04-21,17855,"{""type"":""MultiPoint"",""coordinates"":[]}"
17856_0,0.27751133,0.6503684,0.27751133,2024-04-21,17856,"{""type"":""MultiPoint"",""coordinates"":[]}"
17857_0,0.19843598,0.61685824,0.21380633,2024-04-21,17857,"{""type"":""MultiPoint"",""coordinates"":[]}"
17866_0,0.16930573,0.2926744,0.039165962,2024-04-21,17866,"{""type"":""MultiPoint"",""coordinates"":[]}"
17867_0,0.21353531,0.055729985,0.2513083,2024-04-21,17867,"{""type"":""MultiPoint"",""coordinates"":[]}"
17870_0,0.18176255,0.4852941,0.28901887,2024-04-21,17870,"{""type"":""MultiPoint"",""coordinates"":[]}"
17873_0,0.12942103,0.0031712474,0.15749352,2024-04-21,17873,"{""type"":""MultiPoint"",""coordinates"":[]}"
17879_0,0.16304575,0.018181818,0.19406588,2024-04-21,17879,"{""type"":""MultiPoint"",""coordinates"":[]}"
17880_0,-0.093226515,0.43327653,-0.08650018,2024-04-21,17880,"{""type"":""MultiPoint"",""coordinates"":[]}"
17883_0,-0.023610864,0.48069498,0.031087212,2024-04-21,17883,"{""type"":""MultiPoint"",""coordinates"":[]}"
17885_0,0.14550063,0.70469797,0.0932078,2024-04-21,17885,"{""type"":""MultiPoint"",""coordinates"":[]}"
17887_0,0.14545454,0.7022977,0.13732688,2024-04-21,17887,"{""type"":""MultiPoint"",""coordinates"":[]}"
17890_0,0.10556428,0.038446896,0.15562616,2024-04-21,17890,"{""type"":""MultiPoint"",""coordinates"":[]}"
17892_0,0.17953217,0.5332068,0.18025124,2024-04-21,17892,"{""type"":""MultiPoint"",""coordinates"":[]}"
17896_0,0.33852375,0.7874069,0.28383854,2024-04-21,17896,"{""type"":""MultiPoint"",""coordinates"":[]}"
17899_0,0.082054,0.05564924,0.092305005,2024-04-21,17899,"{""type"":""MultiPoint"",""coordinates"":[]}"
17901_0,0.34798995,0.828201,0.31075698,2024-04-21,17901,"{""type"":""MultiPoint"",""coordinates"":[]}"
17909_0,0.13889472,0.060844667,0.18252544,2024-04-21,17909,"{""type"":""MultiPoint"",""coordinates"":[]}"
17910_0,0.24110836,0.7741465,0.2471795,2024-04-21,17910,"{""type"":""MultiPoint"",""coordinates"":[]}"
17914_0,0.12707053,0.03514133,0.1848937,2024-04-21,17914,"{""type"":""MultiPoint"",""coordinates"":[]}"
17915_0,0.18312103,0.7423099,0.18796992,2024-04-21,17915,"{""type"":""MultiPoint"",""coordinates"":[]}"
17920_0,0.20510894,0.65634674,0.1483767,2024-04-21,17920,"{""type"":""MultiPoint"",""coordinates"":[]}"
17922_0,0.056410994,0.08596783,0.08860935,2024-04-21,17922,"{""type"":""MultiPoint"",""coordinates"":[]}"
17924_0,0.12619776,0.6442396,0.11060386,2024-04-21,17924,"{""type"":""MultiPoint"",""coordinates"":[]}"
17926_0,0.14044152,0.4661492,0.106590725,2024-04-21,17926,"{""type"":""MultiPoint"",""coordinates"":[]}"
17928_0,0.23041895,0.7625353,0.23123579,2024-04-21,17928,"{""type"":""MultiPoint"",""coordinates"":[]}"
17932_0,0.39230883,0.873805,0.40441388,2024-04-21,17932,"{""type"":""MultiPoint"",""coordinates"":[]}"
17936_0,0.11057077,0.17420484,0.07320976,2024-04-21,17936,"{""type"":""MultiPoint"",""coordinates"":[]}"
17939_0,0.23400673,0.5779141,0.1712204,2024-04-21,17939,"{""type"":""MultiPoint"",""coordinates"":[]}"
17940_0,0.3753718,0.7164557,0.4417863,2024-04-21,17940,"{""type"":""MultiPoint"",""coordinates"":[]}"
17941_0,0.103856266,0.03448276,0.13804004,2024-04-21,17941,"{""type"":""MultiPoint"",""coordinates"":[]}"
17944_0,0.21758242,0.3973799,0.05820106,2024-04-21,17944,"{""type"":""MultiPoint"",""coordinates"":[]}"
17949_0,0.15376186,0.6468591,0.113449395,2024-04-21,17949,"{""type"":""MultiPoint"",""coordinates"":[]}"
17950_0,0.04167278,0.070849106,0.09611791,2024-04-21,17950,"{""type"":""MultiPoint"",""coordinates"":[]}"
17951_0,0.10331064,0.26104784,0.18353821,2024-04-21,17951,"{""type"":""MultiPoint"",""coordinates"":[]}"
17952_0,0.1631929,0.48251078,0.24232082,2024-04-21,17952,"{""type"":""MultiPoint"",""coordinates"":[]}"
17953_0,0.112993136,0.12641567,-0.058462325,2024-04-21,17953,"{""type"":""MultiPoint"",""coordinates"":[]}"
17954_0,0.21273243,0.84260327,0.2302003,2024-04-21,17954,"{""type"":""MultiPoint"",""coordinates"":[]}"
17965_0,0.24635333,0.5389918,0.21146345,2024-04-21,17965,"{""type"":""MultiPoint"",""coordinates"":[]}"
17966_0,0.24838012,0.64396006,0.26839525,2024-04-21,17966,"{""type"":""MultiPoint"",""coordinates"":[]}"
17973_0,0.1753099,0.71210384,0.15805785,2024-04-21,17973,"{""type"":""MultiPoint"",""coordinates"":[]}"
17974_0,0.35289115,0.66172713,0.36237955,2024-04-21,17974,"{""type"":""MultiPoint"",""coordinates"":[]}"
17979_0,0.10471204,0.20214477,0.11058824,2024-04-21,17979,"{""type"":""MultiPoint"",""coordinates"":[]}"
17983_0,0.105129704,0.6749117,0.107045546,2024-04-21,17983,"{""type"":""MultiPoint"",""coordinates"":[]}"
17987_0,0.031734783,0.091090426,0.032724984,2024-04-21,17987,"{""type"":""MultiPoint"",""coordinates"":[]}"
17989_0,0.025991073,0.36343953,0.08598177,2024-04-21,17989,"{""type"":""MultiPoint"",""coordinates"":[]}"
17991_0,0.07804542,0.6307421,0.04871467,2024-04-21,17991,"{""type"":""MultiPoint"",""coordinates"":[]}"
17993_0,0.056010775,0.11773472,0.03388857,2024-04-21,17993,"{""type"":""MultiPoint"",""coordinates"":[]}"
18000_0,-0.04415855,0.5111876,-0.065460354,2024-04-21,18000,"{""type"":""MultiPoint"",""coordinates"":[]}"
18012_0,0.2795107,0.46147978,0.23852618,2024-04-21,18012,"{""type"":""MultiPoint"",""coordinates"":[]}"
18013_0,-0.07296525,0.47557002,-0.1349459,2024-04-21,18013,"{""type"":""MultiPoint"",""coordinates"":[]}"
18014_0,0.1640122,0.0070641423,0.18189356,2024-04-21,18014,"{""type"":""MultiPoint"",""coordinates"":[]}"
18015_0,0.19978489,-0.023290759,0.16591929,2024-04-21,18015,"{""type"":""MultiPoint"",""coordinates"":[]}"
18020_0,0.05114875,0.05766358,0.11163448,2024-04-21,18020,"{""type"":""MultiPoint"",""coordinates"":[]}"
18035_0,0.21112767,0.57031715,0.24596392,2024-04-21,18035,"{""type"":""MultiPoint"",""coordinates"":[]}"
18036_0,-0.032462392,0.48244473,0.44792548,2024-04-21,18036,"{""type"":""MultiPoint"",""coordinates"":[]}"
18037_0,0.027568921,0.38406658,0.0,2024-04-21,18037,"{""type"":""MultiPoint"",""coordinates"":[]}"
18040_0,0.08828702,0.07757256,0.024586052,2024-04-21,18040,"{""type"":""MultiPoint"",""coordinates"":[]}"
18057_0,0.08473963,0.027498908,0.107178554,2024-04-21,18057,"{""type"":""MultiPoint"",""coordinates"":[]}"
18069_0,0.027996501,0.2818792,0.015507311,2024-04-21,18069,"{""type"":""MultiPoint"",""coordinates"":[]}"
18078_0,0.013092666,0.49184638,-0.1557011,2024-04-21,18078,"{""type"":""MultiPoint"",""coordinates"":[]}"
18081_0,0.03152689,0.022275258,0.044715445,2024-04-21,18081,"{""type"":""MultiPoint"",""coordinates"":[]}"
18082_0,0.054451615,0.38724524,0.07052258,2024-04-21,18082,"{""type"":""MultiPoint"",""coordinates"":[]}"
18083_0,0.055369128,0.38400528,0.10705789,2024-04-21,18083,"{""type"":""MultiPoint"",""coordinates"":[]}"
18094_0,-0.02843944,0.16005962,0.044271532,2024-04-21,18094,"{""type"":""MultiPoint"",""coordinates"":[]}"
18128_0,0.1724138,0.5415573,0.12587859,2024-04-21,18128,"{""type"":""MultiPoint"",""coordinates"":[]}"
18131_0,0.00789564,0.5406547,0.004820937,2024-04-21,18131,"{""type"":""MultiPoint"",""coordinates"":[]}"
18161_0,0.16613835,0.55177444,0.1761238,2024-04-21,18161,"{""type"":""MultiPoint"",""coordinates"":[]}"
18168_0,0.1984966,0.6346705,0.1444333,2024-04-21,18168,"{""type"":""MultiPoint"",""coordinates"":[]}"
18170_0,0.33411136,0.7775801,0.33355582,2024-04-21,18170,"{""type"":""MultiPoint"",""coordinates"":[]}"
18176_0,0.2096093,0.6682746,0.20053405,2024-04-21,18176,"{""type"":""MultiPoint"",""coordinates"":[]}"
18194_0,0.26816303,0.7496774,0.24289642,2024-04-21,18194,"{""type"":""MultiPoint"",""coordinates"":[]}"
18195_0,0.054184686,0.5856269,0.05466565,2024-04-21,18195,"{""type"":""MultiPoint"",""coordinates"":[]}"
18393_0,0.18826869,0.68582374,0.17021276,2024-04-21,18393,"{""type"":""MultiPoint"",""coordinates"":[]}"
18394_0,0.18805818,0.65010214,0.20747198,2024-04-21,18394,"{""type"":""MultiPoint"",""coordinates"":[]}"
18395_0,0.30796033,0.74179107,0.28772414,2024-04-21,18395,"{""type"":""MultiPoint"",""coordinates"":[]}"
18396_0,0.26358557,0.66020674,0.27860695,2024-04-21,18396,"{""type"":""MultiPoint"",""coordinates"":[]}"
18397_0,0.11994059,0.3875598,0.10056926,2024-04-21,18397,"{""type"":""MultiPoint"",""coordinates"":[]}"
18411_0,-0.021107372,0.3793722,-0.040848143,2024-04-21,18411,"{""type"":""MultiPoint"",""coordinates"":[]}"
18420_0,0.37992936,0.7594816,0.37319648,2024-04-21,18420,"{""type"":""MultiPoint"",""coordinates"":[]}"
18479_0,0.16881639,0.64825255,0.143304,2024-04-21,18479,"{""type"":""MultiPoint"",""coordinates"":[]}"
18485_0,0.02358643,0.52582645,-0.011378849,2024-04-21,18485,"{""type"":""MultiPoint"",""coordinates"":[]}"
18488_0,0.32661718,0.7222222,0.32266667,2024-04-21,18488,"{""type"":""MultiPoint"",""coordinates"":[]}"
18491_0,0.19394922,0.48773006,0.13053612,2024-04-21,18491,"{""type"":""MultiPoint"",""coordinates"":[]}"
18494_0,0.25714287,0.53613806,0.23396881,2024-04-21,18494,"{""type"":""MultiPoint"",""coordinates"":[]}"
18503_0,0.050651807,0.1335446,0.024340356,2024-04-21,18503,"{""type"":""MultiPoint"",""coordinates"":[]}"
18506_0,0.054307807,0.22131541,-0.004792176,2024-04-21,18506,"{""type"":""MultiPoint"",""coordinates"":[]}"
18507_0,0.099398315,0.054880053,0.06706557,2024-04-21,18507,"{""type"":""MultiPoint"",""coordinates"":[]}"
18512_0,-0.0072842734,0.18245183,0.03359914,2024-04-21,18512,"{""type"":""MultiPoint"",""coordinates"":[]}"
18515_0,0.07376215,0.135,0.04247991,2024-04-21,18515,"{""type"":""MultiPoint"",""coordinates"":[]}"
18517_0,0.13668342,0.2908841,0.04467099,2024-04-21,18517,"{""type"":""MultiPoint"",""coordinates"":[]}"
18519_0,0.063136175,0.04200733,0.04090685,2024-04-21,18519,"{""type"":""MultiPoint"",""coordinates"":[]}"
18521_0,0.10892647,0.37722743,0.1458726,2024-04-21,18521,"{""type"":""MultiPoint"",""coordinates"":[]}"
18523_0,0.25239006,0.6516724,0.29358628,2024-04-21,18523,"{""type"":""MultiPoint"",""coordinates"":[]}"
18525_0,0.13106704,0.028229255,0.022000212,2024-04-21,18525,"{""type"":""MultiPoint"",""coordinates"":[]}"
18527_0,0.18044114,0.6646053,0.19477807,2024-04-21,18527,"{""type"":""MultiPoint"",""coordinates"":[]}"
18529_0,0.057611242,0.29517886,0.017098192,2024-04-21,18529,"{""type"":""MultiPoint"",""coordinates"":[]}"
18532_0,0.17391305,0.67232877,0.16979685,2024-04-21,18532,"{""type"":""MultiPoint"",""coordinates"":[]}"
18536_0,0.13166486,0.13145708,-0.06132703,2024-04-21,18536,"{""type"":""MultiPoint"",""coordinates"":[]}"
18539_0,0.057249535,0.5585859,0.009156311,2024-04-21,18539,"{""type"":""MultiPoint"",""coordinates"":[]}"
18541_0,-0.08135243,0.46413934,-0.12331288,2024-04-21,18541,"{""type"":""MultiPoint"",""coordinates"":[]}"
18543_0,0.09719647,0.1018711,0.012174743,2024-04-21,18543,"{""type"":""MultiPoint"",""coordinates"":[]}"
18544_0,0.38195777,0.87379193,0.40514424,2024-04-21,18544,"{""type"":""MultiPoint"",""coordinates"":[]}"
18545_0,0.18930715,0.3802817,0.026850034,2024-04-21,18545,"{""type"":""MultiPoint"",""coordinates"":[]}"
18549_0,0.31390688,0.79569143,0.27061138,2024-04-21,18549,"{""type"":""MultiPoint"",""coordinates"":[]}"
18552_0,0.099589825,0.62991744,0.10032787,2024-04-21,18552,"{""type"":""MultiPoint"",""coordinates"":[]}"
18553_0,0.15871108,0.025764896,0.18587469,2024-04-21,18553,"{""type"":""MultiPoint"",""coordinates"":[]}"
18554_0,0.081292264,0.07403315,0.119654424,2024-04-21,18554,"{""type"":""MultiPoint"",""coordinates"":[]}"
18555_0,0.106228955,0.043978155,0.15549193,2024-04-21,18555,"{""type"":""MultiPoint"",""coordinates"":[]}"
18557_0,0.49836186,0.8484596,0.5262977,2024-04-21,18557,"{""type"":""MultiPoint"",""coordinates"":[]}"
18558_0,0.11740996,0.48830715,0.113606684,2024-04-21,18558,"{""type"":""MultiPoint"",""coordinates"":[]}"
18562_0,0.33887607,0.8317319,0.290834,2024-04-21,18562,"{""type"":""MultiPoint"",""coordinates"":[]}"
18566_0,0.041026454,0.103615925,0.09085448,2024-04-21,18566,"{""type"":""MultiPoint"",""coordinates"":[]}"
18570_0,0.15103279,0.68811595,0.13043478,2024-04-21,18570,"{""type"":""MultiPoint"",""coordinates"":[]}"
18572_0,-0.0063106795,0.46115035,-0.17750639,2024-04-21,18572,"{""type"":""MultiPoint"",""coordinates"":[]}"
18573_0,0.121322945,0.17822243,-0.043626063,2024-04-21,18573,"{""type"":""MultiPoint"",""coordinates"":[]}"
18574_0,0.07234043,0.664794,0.39944905,2024-04-21,18574,"{""type"":""MultiPoint"",""coordinates"":[]}"
18575_0,0.33953142,0.66491646,0.32522798,2024-04-21,18575,"{""type"":""MultiPoint"",""coordinates"":[]}"
18585_0,0.20337258,0.49076423,0.20070012,2024-04-21,18585,"{""type"":""MultiPoint"",""coordinates"":[]}"
18587_0,0.1543915,0.70701426,0.12313662,2024-04-21,18587,"{""type"":""MultiPoint"",""coordinates"":[]}"
18592_0,0.30285713,0.5917603,0.27055305,2024-04-21,18592,"{""type"":""MultiPoint"",""coordinates"":[]}"
18595_0,0.15373816,0.5882946,0.1325778,2024-04-21,18595,"{""type"":""MultiPoint"",""coordinates"":[]}"
18596_0,0.1422733,0.3480392,0.13431297,2024-04-21,18596,"{""type"":""MultiPoint"",""coordinates"":[]}"
18597_0,0.23519264,0.47411445,0.2386949,2024-04-21,18597,"{""type"":""MultiPoint"",""coordinates"":[]}"
18598_0,0.052959908,0.028822668,0.07236968,2024-04-21,18598,"{""type"":""MultiPoint"",""coordinates"":[]}"
18599_0,0.124473386,0.23941432,0.15614618,2024-04-21,18599,"{""type"":""MultiPoint"",""coordinates"":[]}"
18600_0,0.24035399,0.65380996,0.24196397,2024-04-21,18600,"{""type"":""MultiPoint"",""coordinates"":[]}"
18601_0,0.069791555,0.1380753,-0.015050356,2024-04-21,18601,"{""type"":""MultiPoint"",""coordinates"":[]}"
18602_0,0.253639,0.54111063,0.2715326,2024-04-21,18602,"{""type"":""MultiPoint"",""coordinates"":[]}"
18603_0,0.07019774,0.106866285,0.13147305,2024-04-21,18603,"{""type"":""MultiPoint"",""coordinates"":[]}"
18604_0,0.110495225,0.011657663,0.0770395,2024-04-21,18604,"{""type"":""MultiPoint"",""coordinates"":[]}"
18605_0,0.03630651,0.07715931,0.008173898,2024-04-21,18605,"{""type"":""MultiPoint"",""coordinates"":[]}"
18609_0,0.1247034,0.32966208,0.23076923,2024-04-21,18609,"{""type"":""MultiPoint"",""coordinates"":[]}"
18615_0,0.03179305,0.16537468,0.049345613,2024-04-21,18615,"{""type"":""MultiPoint"",""coordinates"":[]}"
18623_0,0.0639181,0.61295825,0.055950888,2024-04-21,18623,"{""type"":""MultiPoint"",""coordinates"":[]}"
18625_0,0.0817232,0.54427564,0.13015184,2024-04-21,18625,"{""type"":""MultiPoint"",""coordinates"":[]}"
18636_0,0.3450796,0.723742,0.3408643,2024-04-21,18636,"{""type"":""MultiPoint"",""coordinates"":[]}"
18638_0,0.13794339,0.57209533,0.14163396,2024-04-21,18638,"{""type"":""MultiPoint"",""coordinates"":[]}"
18641_0,0.16086827,0.40455616,0.11784933,2024-04-21,18641,"{""type"":""MultiPoint"",""coordinates"":[]}"
18644_0,0.086568885,-0.0019357336,0.03951613,2024-04-21,18644,"{""type"":""MultiPoint"",""coordinates"":[]}"
18648_0,0.22409496,-0.038905516,0.1580913,2024-04-21,18648,"{""type"":""MultiPoint"",""coordinates"":[]}"
18651_0,0.1728807,0.014566181,0.20643885,2024-04-21,18651,"{""type"":""MultiPoint"",""coordinates"":[]}"
18666_0,0.10762138,0.34160635,0.11375018,2024-04-21,18666,"{""type"":""MultiPoint"",""coordinates"":[]}"
18675_0,0.06452098,0.5874299,0.06409871,2024-04-21,18675,"{""type"":""MultiPoint"",""coordinates"":[]}"
18689_0,0.23161094,0.5080906,0.19181585,2024-04-21,18689,"{""type"":""MultiPoint"",""coordinates"":[]}"
18692_0,0.023285568,0.16365513,0.083003,2024-04-21,18692,"{""type"":""MultiPoint"",""coordinates"":[]}"
18703_0,0.114762485,-0.0040089088,0.12737127,2024-04-21,18703,"{""type"":""MultiPoint"",""coordinates"":[]}"
18707_0,0.18038307,0.01955403,0.20837569,2024-04-21,18707,"{""type"":""MultiPoint"",""coordinates"":[]}"
18714_0,0.19386227,0.6556935,0.17502873,2024-04-21,18714,"{""type"":""MultiPoint"",""coordinates"":[]}"
18715_0,0.1478813,0.03171417,0.19133155,2024-04-21,18715,"{""type"":""MultiPoint"",""coordinates"":[]}"
18718_0,0.07619048,0.3080357,0.09430439,2024-04-21,18718,"{""type"":""MultiPoint"",""coordinates"":[]}"
18723_0,0.09508432,0.50584644,0.0802334,2024-04-21,18723,"{""type"":""MultiPoint"",""coordinates"":[]}"
18730_0,0.24635457,0.7185406,0.22084105,2024-04-21,18730,"{""type"":""MultiPoint"",""coordinates"":[]}"
18752_0,0.25192013,0.5042095,0.24554609,2024-04-21,18752,"{""type"":""MultiPoint"",""coordinates"":[]}"
18758_0,0.14631197,0.6025437,0.17619604,2024-04-21,18758,"{""type"":""MultiPoint"",""coordinates"":[]}"
18765_0,0.033024043,0.027711798,0.034469016,2024-04-21,18765,"{""type"":""MultiPoint"",""coordinates"":[]}"
18775_0,0.10589616,0.30599368,-0.10195228,2024-04-21,18775,"{""type"":""MultiPoint"",""coordinates"":[]}"
18790_0,0.2171925,0.6869291,0.22004555,2024-04-21,18790,"{""type"":""MultiPoint"",""coordinates"":[]}"
18795_0,0.1610789,0.64697194,0.14535183,2024-04-21,18795,"{""type"":""MultiPoint"",""coordinates"":[]}"
18796_0,0.30648375,0.73429954,0.29398513,2024-04-21,18796,"{""type"":""MultiPoint"",""coordinates"":[]}"
18802_0,0.16352497,0.65258855,0.1549631,2024-04-21,18802,"{""type"":""MultiPoint"",""coordinates"":[]}"
18803_0,0.12786362,0.63619405,0.034503095,2024-04-21,18803,"{""type"":""MultiPoint"",""coordinates"":[]}"
18804_0,0.10614525,0.43683085,0.055861525,2024-04-21,18804,"{""type"":""MultiPoint"",""coordinates"":[]}"
18809_0,0.22268118,0.75918597,0.20108066,2024-04-21,18809,"{""type"":""MultiPoint"",""coordinates"":[]}"
18834_0,0.07487725,0.64912283,0.07582261,2024-04-21,18834,"{""type"":""MultiPoint"",""coordinates"":[]}"
18841_0,0.12089401,0.5649241,0.11156742,2024-04-21,18841,"{""type"":""MultiPoint"",""coordinates"":[]}"
19008_0,0.25226668,0.7448747,0.24216217,2024-04-21,19008,"{""type"":""MultiPoint"",""coordinates"":[]}"
19009_0,0.22584207,0.76704323,0.23596731,2024-04-21,19009,"{""type"":""MultiPoint"",""coordinates"":[]}"
19010_0,0.1627338,0.54545456,0.1535607,2024-04-21,19010,"{""type"":""MultiPoint"",""coordinates"":[]}"
19011_0,0.2848448,0.7939394,0.276255,2024-04-21,19011,"{""type"":""MultiPoint"",""coordinates"":[]}"
19012_0,0.59559834,0.9110597,0.5944828,2024-04-21,19012,"{""type"":""MultiPoint"",""coordinates"":[]}"
19013_0,0.17359807,0.6496124,0.16030534,2024-04-21,19013,"{""type"":""MultiPoint"",""coordinates"":[]}"
19014_0,0.0887716,0.5757132,0.06291636,2024-04-21,19014,"{""type"":""MultiPoint"",""coordinates"":[]}"
19015_0,0.08168564,0.44875944,0.0776329,2024-04-21,19015,"{""type"":""MultiPoint"",""coordinates"":[]}"
19016_0,0.23783638,0.7546584,0.2342982,2024-04-21,19016,"{""type"":""MultiPoint"",""coordinates"":[]}"
19017_0,0.1826269,0.6919468,0.16156736,2024-04-21,19017,"{""type"":""MultiPoint"",""coordinates"":[]}"
19018_0,0.12474849,0.60478145,0.10493827,2024-04-21,19018,"{""type"":""MultiPoint"",""coordinates"":[]}"
19019_0,0.2128679,0.6646819,0.21250856,2024-04-21,19019,"{""type"":""MultiPoint"",""coordinates"":[]}"
19028_0,0.42752934,0.8393624,0.42743853,2024-04-21,19028,"{""type"":""MultiPoint"",""coordinates"":[]}"
19032_0,0.034027636,0.58732134,0.043300655,2024-04-21,19032,"{""type"":""MultiPoint"",""coordinates"":[]}"
19103_0,0.16204718,0.4417554,0.15781291,2024-04-21,19103,"{""type"":""MultiPoint"",""coordinates"":[]}"
19107_0,0.00944344,0.15022223,0.024341974,2024-04-21,19107,"{""type"":""MultiPoint"",""coordinates"":[]}"
19116_0,0.1022176,0.6373277,0.08751541,2024-04-21,19116,"{""type"":""MultiPoint"",""coordinates"":[]}"
19120_0,0.2252767,0.7335315,0.2345679,2024-04-21,19120,"{""type"":""MultiPoint"",""coordinates"":[]}"
19123_0,0.04723475,0.13033032,0.11122592,2024-04-21,19123,"{""type"":""MultiPoint"",""coordinates"":[]}"
19125_0,0.1644244,-0.07302231,-0.023243388,2024-04-21,19125,"{""type"":""MultiPoint"",""coordinates"":[]}"
19129_0,0.22638147,0.59372663,0.102842376,2024-04-21,19129,"{""type"":""MultiPoint"",""coordinates"":[]}"
19130_0,0.3083168,0.7319787,0.30252865,2024-04-21,19130,"{""type"":""MultiPoint"",""coordinates"":[]}"
19131_0,0.20993145,0.7573629,0.20802377,2024-04-21,19131,"{""type"":""MultiPoint"",""coordinates"":[]}"
19136_0,0.10313901,0.039215688,0.111212395,2024-04-21,19136,"{""type"":""MultiPoint"",""coordinates"":[]}"
19138_0,0.12409907,0.5680859,0.10040377,2024-04-21,19138,"{""type"":""MultiPoint"",""coordinates"":[]}"
19140_0,0.13040017,0.65287215,0.10123457,2024-04-21,19140,"{""type"":""MultiPoint"",""coordinates"":[]}"
19142_0,0.18735565,0.4768764,0.16107883,2024-04-21,19142,"{""type"":""MultiPoint"",""coordinates"":[]}"
19148_0,-0.019001218,0.40466183,-0.06451202,2024-04-21,19148,"{""type"":""MultiPoint"",""coordinates"":[]}"
19150_0,-0.03125,0.46805617,-0.08319185,2024-04-21,19150,"{""type"":""MultiPoint"",""coordinates"":[]}"
19152_0,0.25939572,0.52430737,0.18392205,2024-04-21,19152,"{""type"":""MultiPoint"",""coordinates"":[]}"
19154_0,0.07805879,0.20430107,0.15318935,2024-04-21,19154,"{""type"":""MultiPoint"",""coordinates"":[]}"
19156_0,0.07494338,0.04057971,-0.021020338,2024-04-21,19156,"{""type"":""MultiPoint"",""coordinates"":[]}"
19159_0,0.07638484,0.15023041,0.024630541,2024-04-21,19159,"{""type"":""MultiPoint"",""coordinates"":[]}"
19160_0,0.16684492,0.42579076,0.20143516,2024-04-21,19160,"{""type"":""MultiPoint"",""coordinates"":[]}"
19161_0,0.35745478,0.65957445,0.3263571,2024-04-21,19161,"{""type"":""MultiPoint"",""coordinates"":[]}"
19167_0,0.22666667,0.7029163,0.17267267,2024-04-21,19167,"{""type"":""MultiPoint"",""coordinates"":[]}"
19168_0,0.36524823,0.56178606,0.35495496,2024-04-21,19168,"{""type"":""MultiPoint"",""coordinates"":[]}"
19172_0,0.12321488,0.642875,0.10810811,2024-04-21,19172,"{""type"":""MultiPoint"",""coordinates"":[]}"
19173_0,0.13418078,0.058522,0.1902732,2024-04-21,19173,"{""type"":""MultiPoint"",""coordinates"":[]}"
19176_0,0.35271809,0.84451824,0.34063104,2024-04-21,19176,"{""type"":""MultiPoint"",""coordinates"":[]}"
19177_0,0.06627804,0.2955628,0.16764572,2024-04-21,19177,"{""type"":""MultiPoint"",""coordinates"":[]}"
19178_0,0.05950181,0.06643458,0.072189,2024-04-21,19178,"{""type"":""MultiPoint"",""coordinates"":[]}"
19179_0,0.102693975,0.052217856,0.10170488,2024-04-21,19179,"{""type"":""MultiPoint"",""coordinates"":[]}"
19180_0,0.10507569,0.16765755,-0.011575239,2024-04-21,19180,"{""type"":""MultiPoint"",""coordinates"":[]}"
19181_0,0.17609951,0.020833334,0.19107164,2024-04-21,19181,"{""type"":""MultiPoint"",""coordinates"":[]}"
19182_0,0.10932034,0.022261022,0.13572165,2024-04-21,19182,"{""type"":""MultiPoint"",""coordinates"":[]}"
19188_0,0.07463057,0.04822566,0.10583153,2024-04-21,19188,"{""type"":""MultiPoint"",""coordinates"":[]}"
19189_0,0.013189864,0.49150622,-0.038159575,2024-04-21,19189,"{""type"":""MultiPoint"",""coordinates"":[]}"
19193_0,0.05931559,0.110340044,0.12795207,2024-04-21,19193,"{""type"":""MultiPoint"",""coordinates"":[]}"
19195_0,0.12400118,0.6465243,0.100850545,2024-04-21,19195,"{""type"":""MultiPoint"",""coordinates"":[]}"
19198_0,0.1811652,0.4883721,0.17854284,2024-04-21,19198,"{""type"":""MultiPoint"",""coordinates"":[]}"
19201_0,0.06502094,0.6028572,0.028178694,2024-04-21,19201,"{""type"":""MultiPoint"",""coordinates"":[]}"
19202_0,0.035162095,0.5871314,0.03431923,2024-04-21,19202,"{""type"":""MultiPoint"",""coordinates"":[]}"
19206_0,0.043230016,0.6329923,0.04244898,2024-04-21,19206,"{""type"":""MultiPoint"",""coordinates"":[]}"
19210_0,0.28127098,0.78129953,0.27264494,2024-04-21,19210,"{""type"":""MultiPoint"",""coordinates"":[]}"
19211_0,0.08637259,0.029228557,0.0578024,2024-04-21,19211,"{""type"":""MultiPoint"",""coordinates"":[]}"
19212_0,0.08092056,0.3264534,0.21794061,2024-04-21,19212,"{""type"":""MultiPoint"",""coordinates"":[]}"
19217_0,0.28779396,0.7475547,0.32579505,2024-04-21,19217,"{""type"":""MultiPoint"",""coordinates"":[]}"
19220_0,0.003691172,0.5423198,-0.046357617,2024-04-21,19220,"{""type"":""MultiPoint"",""coordinates"":[]}"
19224_0,0.18176857,0.43500364,0.13726619,2024-04-21,19224,"{""type"":""MultiPoint"",""coordinates"":[]}"
19229_0,0.21713871,0.46801347,0.23600283,2024-04-21,19229,"{""type"":""MultiPoint"",""coordinates"":[]}"
19233_0,0.14910425,0.5664873,0.14946419,2024-04-21,19233,"{""type"":""MultiPoint"",""coordinates"":[]}"
19239_0,0.07073929,0.034439575,0.06289207,2024-04-21,19239,"{""type"":""MultiPoint"",""coordinates"":[]}"
19243_0,0.03848895,0.17411989,0.09896471,2024-04-21,19243,"{""type"":""MultiPoint"",""coordinates"":[]}"
19246_0,0.28611213,0.4891933,0.24795918,2024-04-21,19246,"{""type"":""MultiPoint"",""coordinates"":[]}"
19249_0,0.11054042,0.30508474,0.1060487,2024-04-21,19249,"{""type"":""MultiPoint"",""coordinates"":[]}"
19252_0,0.21141227,0.47394854,0.25898123,2024-04-21,19252,"{""type"":""MultiPoint"",""coordinates"":[]}"
19281_0,-0.027533684,0.5053364,-0.039099526,2024-04-21,19281,"{""type"":""MultiPoint"",""coordinates"":[]}"
19283_0,0.13482645,0.04320203,0.15066573,2024-04-21,19283,"{""type"":""MultiPoint"",""coordinates"":[]}"
19285_0,-0.009922042,0.5606707,-0.018584704,2024-04-21,19285,"{""type"":""MultiPoint"",""coordinates"":[]}"
19291_0,0.011251049,0.5167642,-0.01622368,2024-04-21,19291,"{""type"":""MultiPoint"",""coordinates"":[]}"
19303_0,0.16304798,0.5426136,0.17883311,2024-04-21,19303,"{""type"":""MultiPoint"",""coordinates"":[]}"
19305_0,0.24110672,0.5427136,0.23046093,2024-04-21,19305,"{""type"":""MultiPoint"",""coordinates"":[]}"
19311_0,0.26392427,-0.0026292726,0.25607064,2024-04-21,19311,"{""type"":""MultiPoint"",""coordinates"":[]}"
19315_0,0.25431034,0.6189069,0.25634044,2024-04-21,19315,"{""type"":""MultiPoint"",""coordinates"":[]}"
19317_0,0.30607736,0.633678,0.2756632,2024-04-21,19317,"{""type"":""MultiPoint"",""coordinates"":[]}"
19333_0,0.21312097,0.028506272,0.2697519,2024-04-21,19333,"{""type"":""MultiPoint"",""coordinates"":[]}"
19339_0,0.108732395,0.018480493,0.11273135,2024-04-21,19339,"{""type"":""MultiPoint"",""coordinates"":[]}"
19345_0,0.0049335863,0.175095,0.010939268,2024-04-21,19345,"{""type"":""MultiPoint"",""coordinates"":[]}"
19353_0,0.0015093463,0.20272905,0.06886098,2024-04-21,19353,"{""type"":""MultiPoint"",""coordinates"":[]}"
19356_0,0.22296558,0.523063,0.22532137,2024-04-21,19356,"{""type"":""MultiPoint"",""coordinates"":[]}"
19359_0,0.12336892,0.2886345,0.032089062,2024-04-21,19359,"{""type"":""MultiPoint"",""coordinates"":[]}"
19365_0,0.1152513,0.39711663,0.021562051,2024-04-21,19365,"{""type"":""MultiPoint"",""coordinates"":[]}"
19366_0,0.1533359,0.026647966,0.20531029,2024-04-21,19366,"{""type"":""MultiPoint"",""coordinates"":[]}"
19370_0,0.13572586,0.025270758,0.22958508,2024-04-21,19370,"{""type"":""MultiPoint"",""coordinates"":[]}"
19372_0,0.07369739,0.29243353,0.123222746,2024-04-21,19372,"{""type"":""MultiPoint"",""coordinates"":[]}"
19380_0,0.07379135,0.5652174,0.028963415,2024-04-21,19380,"{""type"":""MultiPoint"",""coordinates"":[]}"
19417_0,-0.02617438,0.49915206,-0.054882396,2024-04-21,19417,"{""type"":""MultiPoint"",""coordinates"":[]}"
19425_0,0.21354167,0.40279937,0.19787517,2024-04-21,19425,"{""type"":""MultiPoint"",""coordinates"":[]}"
19427_0,0.15377657,0.6759922,0.15853384,2024-04-21,19427,"{""type"":""MultiPoint"",""coordinates"":[]}"
19454_0,0.024752475,0.5240151,0.011823719,2024-04-21,19454,"{""type"":""MultiPoint"",""coordinates"":[]}"
19462_0,0.22969736,0.6461846,0.23897612,2024-04-21,19462,"{""type"":""MultiPoint"",""coordinates"":[]}"
19467_0,0.1612323,0.7131258,0.15169434,2024-04-21,19467,"{""type"":""MultiPoint"",""coordinates"":[]}"
19476_0,0.29871413,0.7853832,0.27689955,2024-04-21,19476,"{""type"":""MultiPoint"",""coordinates"":[]}"
19485_0,0.13200071,0.62849605,0.12299854,2024-04-21,19485,"{""type"":""MultiPoint"",""coordinates"":[]}"
19649_0,0.12874386,0.58449113,0.114292204,2024-04-21,19649,"{""type"":""MultiPoint"",""coordinates"":[]}"
19694_0,0.2513704,0.7055077,0.22695418,2024-04-21,19694,"{""type"":""MultiPoint"",""coordinates"":[]}"
19695_0,0.22268099,0.7627119,0.23675676,2024-04-21,19695,"{""type"":""MultiPoint"",""coordinates"":[]}"
19696_0,0.399361,0.8215589,0.38407257,2024-04-21,19696,"{""type"":""MultiPoint"",""coordinates"":[]}"
19697_0,0.21794872,0.7204461,0.22498676,2024-04-21,19697,"{""type"":""MultiPoint"",""coordinates"":[]}"
19698_0,0.25398773,0.7715458,0.26034063,2024-04-21,19698,"{""type"":""MultiPoint"",""coordinates"":[]}"
19699_0,0.09985667,0.49983215,0.084992714,2024-04-21,19699,"{""type"":""MultiPoint"",""coordinates"":[]}"
19700_0,0.2751479,0.6606724,0.26843834,2024-04-21,19700,"{""type"":""MultiPoint"",""coordinates"":[]}"
19701_0,0.39694288,0.77341515,0.3964573,2024-04-21,19701,"{""type"":""MultiPoint"",""coordinates"":[]}"
19702_0,0.28984353,0.77134794,0.30423486,2024-04-21,19702,"{""type"":""MultiPoint"",""coordinates"":[]}"
19703_0,0.28447276,0.76356274,0.27629653,2024-04-21,19703,"{""type"":""MultiPoint"",""coordinates"":[]}"
19704_0,0.22097987,0.6630197,0.22679581,2024-04-21,19704,"{""type"":""MultiPoint"",""coordinates"":[]}"
19705_0,0.2580904,0.6257884,0.251686,2024-04-21,19705,"{""type"":""MultiPoint"",""coordinates"":[]}"
19706_0,0.2294605,0.7715333,0.2551396,2024-04-21,19706,"{""type"":""MultiPoint"",""coordinates"":[]}"
19707_0,0.21424988,0.597089,0.21306533,2024-04-21,19707,"{""type"":""MultiPoint"",""coordinates"":[]}"
19708_0,0.3250304,0.7265239,0.30714062,2024-04-21,19708,"{""type"":""MultiPoint"",""coordinates"":[]}"
19709_0,0.21721892,0.68189234,0.19744483,2024-04-21,19709,"{""type"":""MultiPoint"",""coordinates"":[]}"
19710_0,0.10588716,0.45674932,0.09459739,2024-04-21,19710,"{""type"":""MultiPoint"",""coordinates"":[]}"
19780_0,0.1425282,0.17838542,-0.01416122,2024-04-21,19780,"{""type"":""MultiPoint"",""coordinates"":[]}"
19793_0,-0.014959396,0.5674891,-0.04733902,2024-04-21,19793,"{""type"":""MultiPoint"",""coordinates"":[]}"
19806_0,0.017291507,0.50913143,0.026822247,2024-04-21,19806,"{""type"":""MultiPoint"",""coordinates"":[]}"
19808_0,0.12900433,0.62986004,0.11115038,2024-04-21,19808,"{""type"":""MultiPoint"",""coordinates"":[]}"
19814_0,0.07928723,0.31239092,0.14355232,2024-04-21,19814,"{""type"":""MultiPoint"",""coordinates"":[]}"
19815_0,0.2681536,0.7851725,0.251458,2024-04-21,19815,"{""type"":""MultiPoint"",""coordinates"":[]}"
19823_0,0.013930021,0.13824227,0.031980187,2024-04-21,19823,"{""type"":""MultiPoint"",""coordinates"":[]}"
19826_0,-0.07410882,0.47740036,-0.10860094,2024-04-21,19826,"{""type"":""MultiPoint"",""coordinates"":[]}"
19830_0,0.14414555,0.6069114,0.14956737,2024-04-21,19830,"{""type"":""MultiPoint"",""coordinates"":[]}"
19833_0,0.11899313,0.43093923,0.14728682,2024-04-21,19833,"{""type"":""MultiPoint"",""coordinates"":[]}"
19838_0,0.18917988,0.6958817,0.1543576,2024-04-21,19838,"{""type"":""MultiPoint"",""coordinates"":[]}"
19842_0,0.14964467,0.6846626,0.13471074,2024-04-21,19842,"{""type"":""MultiPoint"",""coordinates"":[]}"
19845_0,0.24358104,0.7690418,0.21621622,2024-04-21,19845,"{""type"":""MultiPoint"",""coordinates"":[]}"
19854_0,0.29574597,0.8101372,0.30270052,2024-04-21,19854,"{""type"":""MultiPoint"",""coordinates"":[]}"
19858_0,0.17956205,0.5546376,0.19136691,2024-04-21,19858,"{""type"":""MultiPoint"",""coordinates"":[]}"
19860_0,0.22107863,0.68075114,0.20437342,2024-04-21,19860,"{""type"":""MultiPoint"",""coordinates"":[]}"
19864_0,0.060988657,0.6220807,0.021845743,2024-04-21,19864,"{""type"":""MultiPoint"",""coordinates"":[]}"
19865_0,0.12058212,0.6261438,0.08103411,2024-04-21,19865,"{""type"":""MultiPoint"",""coordinates"":[]}"
19876_0,0.06647984,0.60991037,0.00925314,2024-04-21,19876,"{""type"":""MultiPoint"",""coordinates"":[]}"
19879_0,0.24189526,0.44573236,0.20140105,2024-04-21,19879,"{""type"":""MultiPoint"",""coordinates"":[]}"
19882_0,0.21377285,0.6849282,0.17907651,2024-04-21,19882,"{""type"":""MultiPoint"",""coordinates"":[]}"
19885_0,0.2179845,0.4163541,0.19911084,2024-04-21,19885,"{""type"":""MultiPoint"",""coordinates"":[]}"
19888_0,0.077796705,0.113174185,0.10729991,2024-04-21,19888,"{""type"":""MultiPoint"",""coordinates"":[]}"
19892_0,0.13391985,0.40493828,0.12450593,2024-04-21,19892,"{""type"":""MultiPoint"",""coordinates"":[]}"
19894_0,0.19616242,0.6349925,0.16184351,2024-04-21,19894,"{""type"":""MultiPoint"",""coordinates"":[]}"
19897_0,0.26728973,0.19125684,0.100504816,2024-04-21,19897,"{""type"":""MultiPoint"",""coordinates"":[]}"
19902_0,0.20316102,0.63766444,0.18900804,2024-04-21,19902,"{""type"":""MultiPoint"",""coordinates"":[]}"
19907_0,0.26731026,0.72560114,0.24893363,2024-04-21,19907,"{""type"":""MultiPoint"",""coordinates"":[]}"
19910_0,0.093319006,0.66685486,0.076782785,2024-04-21,19910,"{""type"":""MultiPoint"",""coordinates"":[]}"
19912_0,0.2533742,0.044851903,0.31022286,2024-04-21,19912,"{""type"":""MultiPoint"",""coordinates"":[]}"
19913_0,0.1737897,0.020681946,0.23608056,2024-04-21,19913,"{""type"":""MultiPoint"",""coordinates"":[]}"
19914_0,0.460248,0.6238245,0.47368422,2024-04-21,19914,"{""type"":""MultiPoint"",""coordinates"":[]}"
19923_0,0.2682377,0.05019305,0.2523741,2024-04-21,19923,"{""type"":""MultiPoint"",""coordinates"":[]}"
19929_0,0.03392281,0.03744799,0.016419431,2024-04-21,19929,"{""type"":""MultiPoint"",""coordinates"":[]}"
19932_0,0.2636816,0.5745342,0.20714286,2024-04-21,19932,"{""type"":""MultiPoint"",""coordinates"":[]}"
19934_0,0.18688293,0.63706565,0.1905932,2024-04-21,19934,"{""type"":""MultiPoint"",""coordinates"":[]}"
19935_0,0.06178387,0.5805799,0.057761732,2024-04-21,19935,"{""type"":""MultiPoint"",""coordinates"":[]}"
19947_0,0.14655173,0.50109893,0.15959252,2024-04-21,19947,"{""type"":""MultiPoint"",""coordinates"":[]}"
19951_0,0.16273166,0.61634696,0.08056872,2024-04-21,19951,"{""type"":""MultiPoint"",""coordinates"":[]}"
19953_0,0.18117467,0.49628896,0.17118512,2024-04-21,19953,"{""type"":""MultiPoint"",""coordinates"":[]}"
19954_0,0.14693534,0.4965358,0.121107265,2024-04-21,19954,"{""type"":""MultiPoint"",""coordinates"":[]}"
19958_0,0.05998605,0.04669061,0.0045549674,2024-04-21,19958,"{""type"":""MultiPoint"",""coordinates"":[]}"
19967_0,-0.06472592,0.1302725,0.2757531,2024-04-21,19967,"{""type"":""MultiPoint"",""coordinates"":[]}"
19968_0,0.021021022,0.1790071,0.09671461,2024-04-21,19968,"{""type"":""MultiPoint"",""coordinates"":[]}"
19973_0,0.04702321,0.08462561,0.018091079,2024-04-21,19973,"{""type"":""MultiPoint"",""coordinates"":[]}"
19976_0,0.079658024,0.007736293,-0.06184437,2024-04-21,19976,"{""type"":""MultiPoint"",""coordinates"":[]}"
19983_0,0.07081297,0.078367874,0.12036336,2024-04-21,19983,"{""type"":""MultiPoint"",""coordinates"":[]}"
19987_0,0.08824017,0.04111451,0.05427957,2024-04-21,19987,"{""type"":""MultiPoint"",""coordinates"":[]}"
19993_0,0.040570665,0.34279704,0.40716255,2024-04-21,19993,"{""type"":""MultiPoint"",""coordinates"":[]}"
19994_0,0.03868175,0.4795445,0.009496403,2024-04-21,19994,"{""type"":""MultiPoint"",""coordinates"":[]}"
19995_0,0.07368119,0.23311259,0.07088426,2024-04-21,19995,"{""type"":""MultiPoint"",""coordinates"":[]}"
19996_0,-0.003859976,0.17399724,0.059014346,2024-04-21,19996,"{""type"":""MultiPoint"",""coordinates"":[]}"
19997_0,0.025691401,0.046068795,0.02752847,2024-04-21,19997,"{""type"":""MultiPoint"",""coordinates"":[]}"
20009_0,0.08983582,0.3832558,0.0931814,2024-04-21,20009,"{""type"":""MultiPoint"",""coordinates"":[]}"
20066_0,0.09948718,0.64136285,0.11151589,2024-04-21,20066,"{""type"":""MultiPoint"",""coordinates"":[]}"
20067_0,0.25449437,0.76,0.242796,2024-04-21,20067,"{""type"":""MultiPoint"",""coordinates"":[]}"
20070_0,0.22482148,0.65666103,0.21885855,2024-04-21,20070,"{""type"":""MultiPoint"",""coordinates"":[]}"
20072_0,0.1221984,0.6433157,0.13317937,2024-04-21,20072,"{""type"":""MultiPoint"",""coordinates"":[]}"
20073_0,0.36558577,0.7949045,0.3981642,2024-04-21,20073,"{""type"":""MultiPoint"",""coordinates"":[]}"
20076_0,0.17383905,0.6348315,0.15619569,2024-04-21,20076,"{""type"":""MultiPoint"",""coordinates"":[]}"
20080_0,0.195811,0.7057569,0.18489262,2024-04-21,20080,"{""type"":""MultiPoint"",""coordinates"":[]}"
20081_0,0.17929482,0.6637931,0.17058377,2024-04-21,20081,"{""type"":""MultiPoint"",""coordinates"":[]}"
20094_0,0.13596381,0.57765925,0.18781006,2024-04-21,20094,"{""type"":""MultiPoint"",""coordinates"":[]}"
20103_0,0.26364076,0.7156034,0.18818206,2024-04-21,20103,"{""type"":""MultiPoint"",""coordinates"":[]}"
20274_0,0.22452456,0.6933827,0.20256859,2024-04-21,20274,"{""type"":""MultiPoint"",""coordinates"":[]}"
20275_0,0.30574176,0.74461293,0.2946402,2024-04-21,20275,"{""type"":""MultiPoint"",""coordinates"":[]}"
20276_0,0.21262766,0.7079386,0.21299304,2024-04-21,20276,"{""type"":""MultiPoint"",""coordinates"":[]}"
20277_0,0.22861508,0.7232302,0.23037846,2024-04-21,20277,"{""type"":""MultiPoint"",""coordinates"":[]}"
20278_0,0.4041155,0.8440367,0.39996517,2024-04-21,20278,"{""type"":""MultiPoint"",""coordinates"":[]}"
20279_0,0.25852165,0.69093764,0.25019366,2024-04-21,20279,"{""type"":""MultiPoint"",""coordinates"":[]}"
20280_0,0.25215366,0.7661431,0.22340426,2024-04-21,20280,"{""type"":""MultiPoint"",""coordinates"":[]}"
20281_0,0.26329443,0.7352941,0.2244675,2024-04-21,20281,"{""type"":""MultiPoint"",""coordinates"":[]}"
20282_0,0.2414877,0.70771515,0.22773333,2024-04-21,20282,"{""type"":""MultiPoint"",""coordinates"":[]}"
20283_0,0.07290371,0.5008951,0.058853246,2024-04-21,20283,"{""type"":""MultiPoint"",""coordinates"":[]}"
20284_0,0.3078101,0.75106084,0.29227558,2024-04-21,20284,"{""type"":""MultiPoint"",""coordinates"":[]}"
20285_0,0.25868505,0.73364484,0.2658516,2024-04-21,20285,"{""type"":""MultiPoint"",""coordinates"":[]}"
20286_0,0.1605542,0.67375886,0.12982258,2024-04-21,20286,"{""type"":""MultiPoint"",""coordinates"":[]}"
20287_0,0.28646222,0.6957509,0.29245982,2024-04-21,20287,"{""type"":""MultiPoint"",""coordinates"":[]}"
20288_0,0.09509417,0.5582822,0.080340266,2024-04-21,20288,"{""type"":""MultiPoint"",""coordinates"":[]}"
20289_0,0.11418685,0.6476534,0.086149454,2024-04-21,20289,"{""type"":""MultiPoint"",""coordinates"":[]}"
20290_0,0.33316746,0.7710761,0.31702346,2024-04-21,20290,"{""type"":""MultiPoint"",""coordinates"":[]}"
20302_0,0.1463269,0.7436503,0.15855573,2024-04-21,20302,"{""type"":""MultiPoint"",""coordinates"":[]}"
20306_0,0.16420534,0.68357885,0.12978217,2024-04-21,20306,"{""type"":""MultiPoint"",""coordinates"":[]}"
20309_0,0.02073882,0.4730539,-0.011717442,2024-04-21,20309,"{""type"":""MultiPoint"",""coordinates"":[]}"
20310_0,0.18604651,0.6896,0.13915858,2024-04-21,20310,"{""type"":""MultiPoint"",""coordinates"":[]}"
20360_0,0.14746268,0.52854514,0.07512953,2024-04-21,20360,"{""type"":""MultiPoint"",""coordinates"":[]}"
20370_0,0.15517959,0.61439186,0.15082242,2024-04-21,20370,"{""type"":""MultiPoint"",""coordinates"":[]}"
20407_0,0.25193998,0.55419225,0.22383253,2024-04-21,20407,"{""type"":""MultiPoint"",""coordinates"":[]}"
20421_0,0.34867975,0.6693052,0.3272727,2024-04-21,20421,"{""type"":""MultiPoint"",""coordinates"":[]}"
20424_0,0.30935916,0.81114256,0.2612198,2024-04-21,20424,"{""type"":""MultiPoint"",""coordinates"":[]}"
20427_0,0.29396906,0.8177458,0.3408019,2024-04-21,20427,"{""type"":""MultiPoint"",""coordinates"":[]}"
20431_0,-0.03463071,0.5391849,-0.06801645,2024-04-21,20431,"{""type"":""MultiPoint"",""coordinates"":[]}"
20436_0,0.058916256,0.049302325,0.114899926,2024-04-21,20436,"{""type"":""MultiPoint"",""coordinates"":[]}"
20439_0,0.033134528,0.5495024,0.006807352,2024-04-21,20439,"{""type"":""MultiPoint"",""coordinates"":[]}"
20440_0,0.14215606,0.6510551,0.10051458,2024-04-21,20440,"{""type"":""MultiPoint"",""coordinates"":[]}"
20442_0,0.17292127,0.6179775,0.12324493,2024-04-21,20442,"{""type"":""MultiPoint"",""coordinates"":[]}"
20450_0,0.2152077,0.27586207,0.10683761,2024-04-21,20450,"{""type"":""MultiPoint"",""coordinates"":[]}"
20451_0,0.008370437,0.28986442,0.17876107,2024-04-21,20451,"{""type"":""MultiPoint"",""coordinates"":[]}"
20452_0,0.2900232,0.6221889,0.27744982,2024-04-21,20452,"{""type"":""MultiPoint"",""coordinates"":[]}"
20463_0,0.25570625,0.7902098,0.24521972,2024-04-21,20463,"{""type"":""MultiPoint"",""coordinates"":[]}"
20465_0,0.131822,0.046025105,0.12644325,2024-04-21,20465,"{""type"":""MultiPoint"",""coordinates"":[]}"
20467_0,0.050936256,0.094383776,0.06864706,2024-04-21,20467,"{""type"":""MultiPoint"",""coordinates"":[]}"
20469_0,0.007419184,0.530541,-0.032809485,2024-04-21,20469,"{""type"":""MultiPoint"",""coordinates"":[]}"
20471_0,0.22978258,0.7544358,0.20194489,2024-04-21,20471,"{""type"":""MultiPoint"",""coordinates"":[]}"
20474_0,0.15181333,0.0034443168,0.07354522,2024-04-21,20474,"{""type"":""MultiPoint"",""coordinates"":[]}"
20479_0,0.1092541,0.27659574,-0.01017901,2024-04-21,20479,"{""type"":""MultiPoint"",""coordinates"":[]}"
20482_0,0.26546177,0.72930866,0.2318363,2024-04-21,20482,"{""type"":""MultiPoint"",""coordinates"":[]}"
20483_0,0.15089333,0.011432414,0.112426035,2024-04-21,20483,"{""type"":""MultiPoint"",""coordinates"":[]}"
20486_0,0.3598234,0.68677247,0.3747305,2024-04-21,20486,"{""type"":""MultiPoint"",""coordinates"":[]}"
20493_0,0.16912006,0.6875757,0.15670651,2024-04-21,20493,"{""type"":""MultiPoint"",""coordinates"":[]}"
20494_0,0.27579558,0.7877402,0.26862523,2024-04-21,20494,"{""type"":""MultiPoint"",""coordinates"":[]}"
20500_0,0.106796116,0.22692575,0.2117889,2024-04-21,20500,"{""type"":""MultiPoint"",""coordinates"":[]}"
20504_0,0.19870311,0.5014663,0.19347319,2024-04-21,20504,"{""type"":""MultiPoint"",""coordinates"":[]}"
20505_0,0.2127585,0.7493008,0.20998944,2024-04-21,20505,"{""type"":""MultiPoint"",""coordinates"":[]}"
20509_0,0.14387949,0.029657794,0.18713354,2024-04-21,20509,"{""type"":""MultiPoint"",""coordinates"":[]}"
20513_0,0.07522346,0.14816493,0.047973532,2024-04-21,20513,"{""type"":""MultiPoint"",""coordinates"":[]}"
20514_0,0.21825916,0.73132855,0.19030672,2024-04-21,20514,"{""type"":""MultiPoint"",""coordinates"":[]}"
20519_0,0.06233101,0.09110571,0.10115272,2024-04-21,20519,"{""type"":""MultiPoint"",""coordinates"":[]}"
20525_0,0.046833888,0.5541195,0.030162413,2024-04-21,20525,"{""type"":""MultiPoint"",""coordinates"":[]}"
20527_0,0.1025536,0.42988506,0.06355087,2024-04-21,20527,"{""type"":""MultiPoint"",""coordinates"":[]}"
20530_0,0.12752542,0.3372549,0.093825184,2024-04-21,20530,"{""type"":""MultiPoint"",""coordinates"":[]}"
20534_0,0.032176428,0.5574713,0.0061258585,2024-04-21,20534,"{""type"":""MultiPoint"",""coordinates"":[]}"
20535_0,0.067755006,0.040615648,0.0876997,2024-04-21,20535,"{""type"":""MultiPoint"",""coordinates"":[]}"
20538_0,0.05080123,0.5991391,0.032661572,2024-04-21,20538,"{""type"":""MultiPoint"",""coordinates"":[]}"
20539_0,0.13176599,0.2816092,0.19932774,2024-04-21,20539,"{""type"":""MultiPoint"",""coordinates"":[]}"
20545_0,0.32368457,0.8416801,0.2917847,2024-04-21,20545,"{""type"":""MultiPoint"",""coordinates"":[]}"
20546_0,0.107660145,0.25366047,0.029239766,2024-04-21,20546,"{""type"":""MultiPoint"",""coordinates"":[]}"
20547_0,0.32301947,0.41238672,0.19146225,2024-04-21,20547,"{""type"":""MultiPoint"",""coordinates"":[]}"
20553_0,0.3474962,0.8249027,0.37134504,2024-04-21,20553,"{""type"":""MultiPoint"",""coordinates"":[]}"
20554_0,0.12865686,0.045990117,0.01037173,2024-04-21,20554,"{""type"":""MultiPoint"",""coordinates"":[]}"
20560_0,0.39232054,0.63448924,0.41100323,2024-04-21,20560,"{""type"":""MultiPoint"",""coordinates"":[]}"
20565_0,0.15278587,0.596612,0.16044633,2024-04-21,20565,"{""type"":""MultiPoint"",""coordinates"":[]}"
20566_0,0.057642043,0.03593429,0.081892505,2024-04-21,20566,"{""type"":""MultiPoint"",""coordinates"":[]}"
20574_0,0.082610965,0.15338475,0.101472996,2024-04-21,20574,"{""type"":""MultiPoint"",""coordinates"":[]}"
20575_0,0.3031993,0.6528538,0.280824,2024-04-21,20575,"{""type"":""MultiPoint"",""coordinates"":[]}"
20576_0,0.07562763,0.22406793,0.056050956,2024-04-21,20576,"{""type"":""MultiPoint"",""coordinates"":[]}"
20577_0,0.11781826,0.11809609,0.0978836,2024-04-21,20577,"{""type"":""MultiPoint"",""coordinates"":[]}"
20578_0,0.22264981,0.40841424,0.21225627,2024-04-21,20578,"{""type"":""MultiPoint"",""coordinates"":[]}"
20579_0,0.19541901,0.70168066,0.1883367,2024-04-21,20579,"{""type"":""MultiPoint"",""coordinates"":[]}"
20585_0,0.06651905,0.17126654,0.10102177,2024-04-21,20585,"{""type"":""MultiPoint"",""coordinates"":[]}"
20586_0,0.19048877,0.20095924,0.24083251,2024-04-21,20586,"{""type"":""MultiPoint"",""coordinates"":[]}"
20587_0,0.08351399,0.089108914,0.065375306,2024-04-21,20587,"{""type"":""MultiPoint"",""coordinates"":[]}"
20589_0,0.067467906,0.37572256,0.054555524,2024-04-21,20589,"{""type"":""MultiPoint"",""coordinates"":[]}"
20590_0,0.15577471,0.007270965,0.1552467,2024-04-21,20590,"{""type"":""MultiPoint"",""coordinates"":[]}"
20599_0,0.25994954,-0.0035842294,0.27279663,2024-04-21,20599,"{""type"":""MultiPoint"",""coordinates"":[]}"
20604_0,0.19525558,0.0022205773,0.1775833,2024-04-21,20604,"{""type"":""MultiPoint"",""coordinates"":[]}"
20609_0,0.08228168,0.21848428,-0.049047895,2024-04-21,20609,"{""type"":""MultiPoint"",""coordinates"":[]}"
20612_0,0.07551669,0.20322394,0.090103015,2024-04-21,20612,"{""type"":""MultiPoint"",""coordinates"":[]}"
20613_0,0.4064838,0.59774435,0.4084507,2024-04-21,20613,"{""type"":""MultiPoint"",""coordinates"":[]}"
20617_0,0.21008636,-0.0056942618,0.2272758,2024-04-21,20617,"{""type"":""MultiPoint"",""coordinates"":[]}"
20619_0,0.104779996,0.014228384,0.13446236,2024-04-21,20619,"{""type"":""MultiPoint"",""coordinates"":[]}"
20623_0,0.10394195,-0.00910596,0.023404937,2024-04-21,20623,"{""type"":""MultiPoint"",""coordinates"":[]}"
20628_0,0.11898619,-0.009667025,0.11918671,2024-04-21,20628,"{""type"":""MultiPoint"",""coordinates"":[]}"
20630_0,0.07521201,0.077186964,0.062306173,2024-04-21,20630,"{""type"":""MultiPoint"",""coordinates"":[]}"
20638_0,0.16480659,0.004661169,0.18502855,2024-04-21,20638,"{""type"":""MultiPoint"",""coordinates"":[]}"
20640_0,0.22348033,-0.03460089,0.18093243,2024-04-21,20640,"{""type"":""MultiPoint"",""coordinates"":[]}"
20641_0,0.07705317,0.069418386,0.13252534,2024-04-21,20641,"{""type"":""MultiPoint"",""coordinates"":[]}"
20642_0,0.02208202,0.5040344,0.0010741139,2024-04-21,20642,"{""type"":""MultiPoint"",""coordinates"":[]}"
20644_0,0.023199446,0.60292876,0.004411505,2024-04-21,20644,"{""type"":""MultiPoint"",""coordinates"":[]}"
20651_0,0.13095811,0.048147067,0.14040796,2024-04-21,20651,"{""type"":""MultiPoint"",""coordinates"":[]}"
20659_0,0.19441861,0.31687242,0.10382891,2024-04-21,20659,"{""type"":""MultiPoint"",""coordinates"":[]}"
20660_0,0.08035982,-0.15672235,-0.48630968,2024-04-21,20660,"{""type"":""MultiPoint"",""coordinates"":[]}"
20661_0,0.11020408,0.14248367,0.022421524,2024-04-21,20661,"{""type"":""MultiPoint"",""coordinates"":[]}"
20662_0,0.06518283,0.5259712,0.038930163,2024-04-21,20662,"{""type"":""MultiPoint"",""coordinates"":[]}"
20681_0,0.10117741,0.30716902,0.051789474,2024-04-21,20681,"{""type"":""MultiPoint"",""coordinates"":[]}"
20685_0,0.0246085,0.37437934,0.028231798,2024-04-21,20685,"{""type"":""MultiPoint"",""coordinates"":[]}"
20686_0,0.15592171,0.011171171,0.19043326,2024-04-21,20686,"{""type"":""MultiPoint"",""coordinates"":[]}"
20689_0,0.14976712,0.019186493,0.1975427,2024-04-21,20689,"{""type"":""MultiPoint"",""coordinates"":[]}"
20690_0,-0.016531242,0.089613035,0.082448155,2024-04-21,20690,"{""type"":""MultiPoint"",""coordinates"":[]}"
20691_0,0.035759095,0.5906796,0.14253835,2024-04-21,20691,"{""type"":""MultiPoint"",""coordinates"":[]}"
20696_0,0.30793652,0.31698775,0.34847578,2024-04-21,20696,"{""type"":""MultiPoint"",""coordinates"":[]}"
20699_0,-0.0028132438,0.049382716,0.110044174,2024-04-21,20699,"{""type"":""MultiPoint"",""coordinates"":[]}"
20702_0,0.019370835,0.11934157,0.092369474,2024-04-21,20702,"{""type"":""MultiPoint"",""coordinates"":[]}"
20708_0,0.05971728,0.01861504,0.0562687,2024-04-21,20708,"{""type"":""MultiPoint"",""coordinates"":[]}"
20743_0,0.31564304,0.6869291,0.25227964,2024-04-21,20743,"{""type"":""MultiPoint"",""coordinates"":[]}"
20758_0,0.055050086,0.00941751,0.059200294,2024-04-21,20758,"{""type"":""MultiPoint"",""coordinates"":[]}"
20766_0,0.08804259,0.65974027,0.06878528,2024-04-21,20766,"{""type"":""MultiPoint"",""coordinates"":[]}"
20785_0,0.27764127,0.78504086,0.23370981,2024-04-21,20785,"{""type"":""MultiPoint"",""coordinates"":[]}"
20786_0,0.17606916,0.70013756,0.15433107,2024-04-21,20786,"{""type"":""MultiPoint"",""coordinates"":[]}"
20787_0,0.0833511,0.57379174,0.060314685,2024-04-21,20787,"{""type"":""MultiPoint"",""coordinates"":[]}"
20793_0,0.15911485,0.6595469,0.12480807,2024-04-21,20793,"{""type"":""MultiPoint"",""coordinates"":[]}"
20794_0,0.26920566,0.74413145,0.27800474,2024-04-21,20794,"{""type"":""MultiPoint"",""coordinates"":[]}"
20798_0,0.15830547,0.46186087,0.21258473,2024-04-21,20798,"{""type"":""MultiPoint"",""coordinates"":[]}"
20804_0,0.27837634,0.7728571,0.2656808,2024-04-21,20804,"{""type"":""MultiPoint"",""coordinates"":[]}"
20806_0,0.24581724,0.6809905,0.22342964,2024-04-21,20806,"{""type"":""MultiPoint"",""coordinates"":[]}"
20809_0,0.24336483,0.78715247,0.24877177,2024-04-21,20809,"{""type"":""MultiPoint"",""coordinates"":[]}"
20816_0,0.1854676,0.760988,0.14339623,2024-04-21,20816,"{""type"":""MultiPoint"",""coordinates"":[]}"
20822_0,0.2040316,0.72195125,0.18357083,2024-04-21,20822,"{""type"":""MultiPoint"",""coordinates"":[]}"
20841_0,0.017883044,0.65456784,-0.024698155,2024-04-21,20841,"{""type"":""MultiPoint"",""coordinates"":[]}"
21019_0,0.26066124,0.77881104,0.26889363,2024-04-21,21019,"{""type"":""MultiPoint"",""coordinates"":[]}"
21020_0,0.3303937,0.738652,0.28151402,2024-04-21,21020,"{""type"":""MultiPoint"",""coordinates"":[]}"
21021_0,0.2287397,0.7150293,0.23379359,2024-04-21,21021,"{""type"":""MultiPoint"",""coordinates"":[]}"
21022_0,0.33821446,0.7520548,0.2922455,2024-04-21,21022,"{""type"":""MultiPoint"",""coordinates"":[]}"
21023_0,0.26014185,0.70866144,0.24928036,2024-04-21,21023,"{""type"":""MultiPoint"",""coordinates"":[]}"
21024_0,0.20292033,0.66397125,0.19896418,2024-04-21,21024,"{""type"":""MultiPoint"",""coordinates"":[]}"
21025_0,0.37587866,0.8584803,0.4334173,2024-04-21,21025,"{""type"":""MultiPoint"",""coordinates"":[]}"
21026_0,0.3913471,0.81312954,0.35654885,2024-04-21,21026,"{""type"":""MultiPoint"",""coordinates"":[]}"
21027_0,0.27400732,0.71684295,0.24154162,2024-04-21,21027,"{""type"":""MultiPoint"",""coordinates"":[]}"
21028_0,0.3098522,0.7503338,0.30350485,2024-04-21,21028,"{""type"":""MultiPoint"",""coordinates"":[]}"
21029_0,0.3013991,0.7342358,0.24596877,2024-04-21,21029,"{""type"":""MultiPoint"",""coordinates"":[]}"
21030_0,0.26910126,0.756378,0.26796368,2024-04-21,21030,"{""type"":""MultiPoint"",""coordinates"":[]}"
21031_0,0.38821632,0.7939914,0.37613168,2024-04-21,21031,"{""type"":""MultiPoint"",""coordinates"":[]}"
21032_0,0.2151487,0.4822023,0.26292822,2024-04-21,21032,"{""type"":""MultiPoint"",""coordinates"":[]}"
21033_0,0.060184192,0.52761906,0.046086956,2024-04-21,21033,"{""type"":""MultiPoint"",""coordinates"":[]}"
21034_0,0.1978664,0.63896006,0.17264868,2024-04-21,21034,"{""type"":""MultiPoint"",""coordinates"":[]}"
21035_0,0.18876551,0.68494016,0.17875248,2024-04-21,21035,"{""type"":""MultiPoint"",""coordinates"":[]}"
21164_0,0.16764899,0.6444667,0.1273601,2024-04-21,21164,"{""type"":""MultiPoint"",""coordinates"":[]}"
21173_0,0.0066118366,0.56007206,-0.007853403,2024-04-21,21173,"{""type"":""MultiPoint"",""coordinates"":[]}"
21176_0,-0.016550811,0.5184805,-0.018742744,2024-04-21,21176,"{""type"":""MultiPoint"",""coordinates"":[]}"
21184_0,0.35954323,0.8629908,0.38875914,2024-04-21,21184,"{""type"":""MultiPoint"",""coordinates"":[]}"
21185_0,0.13630319,0.5853211,0.14172448,2024-04-21,21185,"{""type"":""MultiPoint"",""coordinates"":[]}"
21186_0,0.34220725,0.86316264,0.35620052,2024-04-21,21186,"{""type"":""MultiPoint"",""coordinates"":[]}"
21187_0,0.11183039,0.6285127,0.12999366,2024-04-21,21187,"{""type"":""MultiPoint"",""coordinates"":[]}"
21188_0,0.29139924,0.80909544,0.24227865,2024-04-21,21188,"{""type"":""MultiPoint"",""coordinates"":[]}"
21189_0,-0.05962264,0.4671929,-0.08266502,2024-04-21,21189,"{""type"":""MultiPoint"",""coordinates"":[]}"
21190_0,0.32061762,0.718894,0.33214286,2024-04-21,21190,"{""type"":""MultiPoint"",""coordinates"":[]}"
21194_0,4.261969E-4,0.5273061,-0.027753433,2024-04-21,21194,"{""type"":""MultiPoint"",""coordinates"":[]}"
21196_0,0.1436605,0.0022737607,0.1476178,2024-04-21,21196,"{""type"":""MultiPoint"",""coordinates"":[]}"
21199_0,0.21799016,0.55366796,0.18248604,2024-04-21,21199,"{""type"":""MultiPoint"",""coordinates"":[]}"
21201_0,-0.023501055,0.47971603,-0.07585115,2024-04-21,21201,"{""type"":""MultiPoint"",""coordinates"":[]}"
21204_0,0.08166897,0.54797685,0.0712,2024-04-21,21204,"{""type"":""MultiPoint"",""coordinates"":[]}"
21209_0,0.045454547,0.05263158,0.07158542,2024-04-21,21209,"{""type"":""MultiPoint"",""coordinates"":[]}"
21213_0,0.29346314,0.8436214,0.27635327,2024-04-21,21213,"{""type"":""MultiPoint"",""coordinates"":[]}"
21217_0,0.051600263,0.0979188,0.051290426,2024-04-21,21217,"{""type"":""MultiPoint"",""coordinates"":[]}"
21220_0,-0.05807522,0.48722628,-0.07987581,2024-04-21,21220,"{""type"":""MultiPoint"",""coordinates"":[]}"
21221_0,0.06510158,0.064352855,0.06425667,2024-04-21,21221,"{""type"":""MultiPoint"",""coordinates"":[]}"
21225_0,0.23993728,0.5525606,0.22618414,2024-04-21,21225,"{""type"":""MultiPoint"",""coordinates"":[]}"
21237_0,0.24909091,0.5074627,0.18940137,2024-04-21,21237,"{""type"":""MultiPoint"",""coordinates"":[]}"
21238_0,0.25847876,0.73086065,0.23557366,2024-04-21,21238,"{""type"":""MultiPoint"",""coordinates"":[]}"
21242_0,0.13148904,0.053651784,0.21420024,2024-04-21,21242,"{""type"":""MultiPoint"",""coordinates"":[]}"
21245_0,0.05777115,0.10688836,0.10269759,2024-04-21,21245,"{""type"":""MultiPoint"",""coordinates"":[]}"
21248_0,0.27173373,0.77714825,0.2624518,2024-04-21,21248,"{""type"":""MultiPoint"",""coordinates"":[]}"
21251_0,0.31004092,0.81894344,0.28131148,2024-04-21,21251,"{""type"":""MultiPoint"",""coordinates"":[]}"
21255_0,0.27059773,0.79549646,0.28456357,2024-04-21,21255,"{""type"":""MultiPoint"",""coordinates"":[]}"
21258_0,0.113455415,0.03431764,0.07574186,2024-04-21,21258,"{""type"":""MultiPoint"",""coordinates"":[]}"
21262_0,0.22087167,0.028665029,0.26796642,2024-04-21,21262,"{""type"":""MultiPoint"",""coordinates"":[]}"
21266_0,0.1336317,-0.032967035,-0.04754542,2024-04-21,21266,"{""type"":""MultiPoint"",""coordinates"":[]}"
21270_0,0.11544282,-0.0013471037,0.09813603,2024-04-21,21270,"{""type"":""MultiPoint"",""coordinates"":[]}"
21275_0,0.14826395,0.64318126,0.1413404,2024-04-21,21275,"{""type"":""MultiPoint"",""coordinates"":[]}"
21278_0,0.06778116,0.46956152,0.059058137,2024-04-21,21278,"{""type"":""MultiPoint"",""coordinates"":[]}"
21283_0,0.08008008,0.6349504,0.050456345,2024-04-21,21283,"{""type"":""MultiPoint"",""coordinates"":[]}"
21288_0,0.05543913,0.5609756,0.040449005,2024-04-21,21288,"{""type"":""MultiPoint"",""coordinates"":[]}"
21289_0,0.24163438,0.5857863,0.16274548,2024-04-21,21289,"{""type"":""MultiPoint"",""coordinates"":[]}"
21290_0,0.12828602,0.029978586,0.16406171,2024-04-21,21290,"{""type"":""MultiPoint"",""coordinates"":[]}"
21296_0,-0.008652247,0.50684226,-0.01899479,2024-04-21,21296,"{""type"":""MultiPoint"",""coordinates"":[]}"
21297_0,0.3419016,0.8455446,0.3236756,2024-04-21,21297,"{""type"":""MultiPoint"",""coordinates"":[]}"
21298_0,0.10399846,0.07191101,0.07308342,2024-04-21,21298,"{""type"":""MultiPoint"",""coordinates"":[]}"
21303_0,0.06073539,0.6028881,0.041380465,2024-04-21,21303,"{""type"":""MultiPoint"",""coordinates"":[]}"
21304_0,0.26760563,0.7367829,0.2628135,2024-04-21,21304,"{""type"":""MultiPoint"",""coordinates"":[]}"
21305_0,0.32857144,0.5927222,0.30131504,2024-04-21,21305,"{""type"":""MultiPoint"",""coordinates"":[]}"
21309_0,0.2515042,0.5073314,0.24606061,2024-04-21,21309,"{""type"":""MultiPoint"",""coordinates"":[]}"
21316_0,0.16142885,0.6887019,0.13352159,2024-04-21,21316,"{""type"":""MultiPoint"",""coordinates"":[]}"
21317_0,0.15336806,0.44642857,0.17159763,2024-04-21,21317,"{""type"":""MultiPoint"",""coordinates"":[]}"
21318_0,0.16550633,0.57630163,0.14229956,2024-04-21,21318,"{""type"":""MultiPoint"",""coordinates"":[]}"
21330_0,0.06239038,0.24073498,0.031322807,2024-04-21,21330,"{""type"":""MultiPoint"",""coordinates"":[]}"
21343_0,0.076054305,0.14461884,0.030142514,2024-04-21,21343,"{""type"":""MultiPoint"",""coordinates"":[]}"
21344_0,0.089618646,0.16984007,0.17689876,2024-04-21,21344,"{""type"":""MultiPoint"",""coordinates"":[]}"
21351_0,0.19185026,0.033680342,0.23924015,2024-04-21,21351,"{""type"":""MultiPoint"",""coordinates"":[]}"
21358_0,0.3670299,0.024437299,0.40013185,2024-04-21,21358,"{""type"":""MultiPoint"",""coordinates"":[]}"
21359_0,-0.04204581,0.49021628,-0.06870475,2024-04-21,21359,"{""type"":""MultiPoint"",""coordinates"":[]}"
21361_0,0.041227914,0.5370269,0.021137027,2024-04-21,21361,"{""type"":""MultiPoint"",""coordinates"":[]}"
21362_0,0.23208416,0.42603073,0.20327422,2024-04-21,21362,"{""type"":""MultiPoint"",""coordinates"":[]}"
21365_0,0.003965631,0.45056066,-0.028668942,2024-04-21,21365,"{""type"":""MultiPoint"",""coordinates"":[]}"
21370_0,0.08893859,0.5909806,0.06793383,2024-04-21,21370,"{""type"":""MultiPoint"",""coordinates"":[]}"
21374_0,0.22029215,0.031173093,0.25849447,2024-04-21,21374,"{""type"":""MultiPoint"",""coordinates"":[]}"
21379_0,0.08763838,0.034651734,0.08906696,2024-04-21,21379,"{""type"":""MultiPoint"",""coordinates"":[]}"
21383_0,0.07351394,0.033545647,0.16035993,2024-04-21,21383,"{""type"":""MultiPoint"",""coordinates"":[]}"
21386_0,0.2806604,0.4891775,0.25700366,2024-04-21,21386,"{""type"":""MultiPoint"",""coordinates"":[]}"
21393_0,0.09581474,0.674211,0.10475389,2024-04-21,21393,"{""type"":""MultiPoint"",""coordinates"":[]}"
21394_0,0.3388901,0.7356128,0.41029152,2024-04-21,21394,"{""type"":""MultiPoint"",""coordinates"":[]}"
21395_0,0.14464693,0.51017547,0.17788725,2024-04-21,21395,"{""type"":""MultiPoint"",""coordinates"":[]}"
21396_0,0.20851688,0.68285716,0.18600553,2024-04-21,21396,"{""type"":""MultiPoint"",""coordinates"":[]}"
21400_0,0.3427762,0.72429377,0.37353736,2024-04-21,21400,"{""type"":""MultiPoint"",""coordinates"":[]}"
21402_0,0.051965658,0.5203252,0.03362506,2024-04-21,21402,"{""type"":""MultiPoint"",""coordinates"":[]}"
21406_0,-0.028764805,0.4394619,-0.084165476,2024-04-21,21406,"{""type"":""MultiPoint"",""coordinates"":[]}"
21409_0,0.13108335,0.18532111,0.05168905,2024-04-21,21409,"{""type"":""MultiPoint"",""coordinates"":[]}"
21410_0,0.16075514,0.021853806,0.19320244,2024-04-21,21410,"{""type"":""MultiPoint"",""coordinates"":[]}"
21414_0,0.15562057,0.019593613,0.19931711,2024-04-21,21414,"{""type"":""MultiPoint"",""coordinates"":[]}"
21416_0,-0.04144905,0.13400465,0.11098463,2024-04-21,21416,"{""type"":""MultiPoint"",""coordinates"":[]}"
21417_0,0.05007333,0.056145675,0.10235597,2024-04-21,21417,"{""type"":""MultiPoint"",""coordinates"":[]}"
21424_0,0.04340704,0.4684727,0.036939315,2024-04-21,21424,"{""type"":""MultiPoint"",""coordinates"":[]}"
21425_0,0.15044248,0.538056,0.13576642,2024-04-21,21425,"{""type"":""MultiPoint"",""coordinates"":[]}"
21431_0,0.099471696,0.22834007,0.008475984,2024-04-21,21431,"{""type"":""MultiPoint"",""coordinates"":[]}"
21434_0,0.11134056,0.4330958,0.16736537,2024-04-21,21434,"{""type"":""MultiPoint"",""coordinates"":[]}"
21442_0,0.009675468,0.091393754,0.07693753,2024-04-21,21442,"{""type"":""MultiPoint"",""coordinates"":[]}"
21448_0,0.07724484,0.082439475,0.03259757,2024-04-21,21448,"{""type"":""MultiPoint"",""coordinates"":[]}"
21449_0,0.02990277,0.09931383,0.07032349,2024-04-21,21449,"{""type"":""MultiPoint"",""coordinates"":[]}"
21453_0,0.16146076,0.6265718,0.11916422,2024-04-21,21453,"{""type"":""MultiPoint"",""coordinates"":[]}"
21457_0,0.044367574,0.027057497,0.06846503,2024-04-21,21457,"{""type"":""MultiPoint"",""coordinates"":[]}"
21467_0,0.060467944,0.12509535,-0.023502152,2024-04-21,21467,"{""type"":""MultiPoint"",""coordinates"":[]}"
21472_0,0.029153924,0.5206408,0.017941844,2024-04-21,21472,"{""type"":""MultiPoint"",""coordinates"":[]}"
21493_0,0.107126646,0.43857494,0.087027155,2024-04-21,21493,"{""type"":""MultiPoint"",""coordinates"":[]}"
21498_0,0.22902495,0.672682,0.22515953,2024-04-21,21498,"{""type"":""MultiPoint"",""coordinates"":[]}"
21502_0,0.08643457,0.6376005,0.074021496,2024-04-21,21502,"{""type"":""MultiPoint"",""coordinates"":[]}"
21504_0,0.025744168,0.10749186,0.116380885,2024-04-21,21504,"{""type"":""MultiPoint"",""coordinates"":[]}"
21505_0,0.18519992,0.7190367,0.18826793,2024-04-21,21505,"{""type"":""MultiPoint"",""coordinates"":[]}"
21511_0,0.037283897,0.6659649,0.013447172,2024-04-21,21511,"{""type"":""MultiPoint"",""coordinates"":[]}"
21535_0,0.2671282,0.738704,0.23574807,2024-04-21,21535,"{""type"":""MultiPoint"",""coordinates"":[]}"
21536_0,0.1788379,0.6684564,0.15574151,2024-04-21,21536,"{""type"":""MultiPoint"",""coordinates"":[]}"
21538_0,0.088248745,0.602122,0.09569161,2024-04-21,21538,"{""type"":""MultiPoint"",""coordinates"":[]}"
21539_0,0.37128073,0.8786593,0.3898305,2024-04-21,21539,"{""type"":""MultiPoint"",""coordinates"":[]}"
21540_0,0.1653714,0.708097,0.178438,2024-04-21,21540,"{""type"":""MultiPoint"",""coordinates"":[]}"
21546_0,0.30531085,0.7745026,0.27138332,2024-04-21,21546,"{""type"":""MultiPoint"",""coordinates"":[]}"
21554_0,0.09731427,0.5241568,0.12744437,2024-04-21,21554,"{""type"":""MultiPoint"",""coordinates"":[]}"
21555_0,0.1443211,0.6614379,0.1183458,2024-04-21,21555,"{""type"":""MultiPoint"",""coordinates"":[]}"
21557_0,0.06130404,0.5037672,0.04419989,2024-04-21,21557,"{""type"":""MultiPoint"",""coordinates"":[]}"
21563_0,0.010165184,0.53676975,-0.022086158,2024-04-21,21563,"{""type"":""MultiPoint"",""coordinates"":[]}"
21573_0,0.12626173,0.52645737,0.15959802,2024-04-21,21573,"{""type"":""MultiPoint"",""coordinates"":[]}"
21575_0,-1.5080682E-4,0.49034384,-0.02345679,2024-04-21,21575,"{""type"":""MultiPoint"",""coordinates"":[]}"
21766_0,0.32831702,0.79096043,0.30890322,2024-04-21,21766,"{""type"":""MultiPoint"",""coordinates"":[]}"
21767_0,0.071759686,0.6160093,0.05350728,2024-04-21,21767,"{""type"":""MultiPoint"",""coordinates"":[]}"
21768_0,0.20889142,0.7097181,0.1883041,2024-04-21,21768,"{""type"":""MultiPoint"",""coordinates"":[]}"
21769_0,0.25070566,0.7683573,0.23076923,2024-04-21,21769,"{""type"":""MultiPoint"",""coordinates"":[]}"
21770_0,0.20857143,0.7084048,0.17974533,2024-04-21,21770,"{""type"":""MultiPoint"",""coordinates"":[]}"
21771_0,0.26728883,0.6705957,0.26270166,2024-04-21,21771,"{""type"":""MultiPoint"",""coordinates"":[]}"
21772_0,0.14272891,0.61710274,0.14041404,2024-04-21,21772,"{""type"":""MultiPoint"",""coordinates"":[]}"
21773_0,0.28711727,0.7663483,0.32160527,2024-04-21,21773,"{""type"":""MultiPoint"",""coordinates"":[]}"
21774_0,0.29163325,0.75489485,0.29238984,2024-04-21,21774,"{""type"":""MultiPoint"",""coordinates"":[]}"
21775_0,0.16614583,0.68240345,0.14772424,2024-04-21,21775,"{""type"":""MultiPoint"",""coordinates"":[]}"
21776_0,0.34130436,0.72595984,0.33806664,2024-04-21,21776,"{""type"":""MultiPoint"",""coordinates"":[]}"
21777_0,0.12939672,0.60907507,0.15058236,2024-04-21,21777,"{""type"":""MultiPoint"",""coordinates"":[]}"
21778_0,0.19241652,0.7229143,0.23052035,2024-04-21,21778,"{""type"":""MultiPoint"",""coordinates"":[]}"
21779_0,0.3095456,0.70896786,0.28172588,2024-04-21,21779,"{""type"":""MultiPoint"",""coordinates"":[]}"
21780_0,0.2254306,0.6756952,0.20550792,2024-04-21,21780,"{""type"":""MultiPoint"",""coordinates"":[]}"
21781_0,0.31196055,0.7585095,0.2751364,2024-04-21,21781,"{""type"":""MultiPoint"",""coordinates"":[]}"
21782_0,0.22290714,0.667225,0.20890689,2024-04-21,21782,"{""type"":""MultiPoint"",""coordinates"":[]}"
21794_0,0.16107382,0.6542373,0.13093859,2024-04-21,21794,"{""type"":""MultiPoint"",""coordinates"":[]}"
21807_0,0.23095748,0.6713615,0.17220941,2024-04-21,21807,"{""type"":""MultiPoint"",""coordinates"":[]}"
21875_0,0.16916724,0.54814255,0.15009856,2024-04-21,21875,"{""type"":""MultiPoint"",""coordinates"":[]}"
21915_0,0.097826086,0.7193164,0.09589041,2024-04-21,21915,"{""type"":""MultiPoint"",""coordinates"":[]}"
21918_0,0.27060694,0.77666664,0.21550742,2024-04-21,21918,"{""type"":""MultiPoint"",""coordinates"":[]}"
21919_0,0.05014051,0.4573379,0.030934058,2024-04-21,21919,"{""type"":""MultiPoint"",""coordinates"":[]}"
21922_0,-0.11228974,0.3935743,-0.13869067,2024-04-21,21922,"{""type"":""MultiPoint"",""coordinates"":[]}"
21926_0,0.19787799,0.7732762,0.20168954,2024-04-21,21926,"{""type"":""MultiPoint"",""coordinates"":[]}"
21932_0,0.3110368,0.67132866,0.29979604,2024-04-21,21932,"{""type"":""MultiPoint"",""coordinates"":[]}"
21933_0,0.14728238,0.38890713,0.17473976,2024-04-21,21933,"{""type"":""MultiPoint"",""coordinates"":[]}"
21934_0,0.10786106,0.4556962,0.08184384,2024-04-21,21934,"{""type"":""MultiPoint"",""coordinates"":[]}"
21938_0,0.3156682,0.6111111,0.322691,2024-04-21,21938,"{""type"":""MultiPoint"",""coordinates"":[]}"
21941_0,0.26585522,0.6420303,0.23344481,2024-04-21,21941,"{""type"":""MultiPoint"",""coordinates"":[]}"
21944_0,0.38084772,0.8357964,0.38795778,2024-04-21,21944,"{""type"":""MultiPoint"",""coordinates"":[]}"
21949_0,0.14266667,0.0525221,0.22296073,2024-04-21,21949,"{""type"":""MultiPoint"",""coordinates"":[]}"
21950_0,0.42222223,0.8870588,0.42598903,2024-04-21,21950,"{""type"":""MultiPoint"",""coordinates"":[]}"
21952_0,0.092887476,0.36654365,0.13050115,2024-04-21,21952,"{""type"":""MultiPoint"",""coordinates"":[]}"
21955_0,0.2137457,0.71243805,0.16276346,2024-04-21,21955,"{""type"":""MultiPoint"",""coordinates"":[]}"
21958_0,0.012736056,0.6956522,0.05227656,2024-04-21,21958,"{""type"":""MultiPoint"",""coordinates"":[]}"
21961_0,0.061658032,0.0777161,2.7601435E-4,2024-04-21,21961,"{""type"":""MultiPoint"",""coordinates"":[]}"
21966_0,0.18799813,0.7150812,0.17445186,2024-04-21,21966,"{""type"":""MultiPoint"",""coordinates"":[]}"
21973_0,-0.11364309,0.42402464,-0.15129264,2024-04-21,21973,"{""type"":""MultiPoint"",""coordinates"":[]}"
21974_0,0.07810261,0.0747296,0.15226988,2024-04-21,21974,"{""type"":""MultiPoint"",""coordinates"":[]}"
21975_0,0.0789916,0.49131122,0.06908267,2024-04-21,21975,"{""type"":""MultiPoint"",""coordinates"":[]}"
21976_0,0.33475056,0.8215693,0.3683219,2024-04-21,21976,"{""type"":""MultiPoint"",""coordinates"":[]}"
21977_0,0.32792428,0.6019737,0.3242692,2024-04-21,21977,"{""type"":""MultiPoint"",""coordinates"":[]}"
21978_0,0.13486513,0.023296447,0.14986911,2024-04-21,21978,"{""type"":""MultiPoint"",""coordinates"":[]}"
21980_0,0.3562537,0.5636614,0.35318643,2024-04-21,21980,"{""type"":""MultiPoint"",""coordinates"":[]}"
21984_0,0.07757328,0.18982159,0.091933966,2024-04-21,21984,"{""type"":""MultiPoint"",""coordinates"":[]}"
21988_0,0.13187,0.46913025,0.12200998,2024-04-21,21988,"{""type"":""MultiPoint"",""coordinates"":[]}"
21991_0,0.22539683,0.433526,0.20779221,2024-04-21,21991,"{""type"":""MultiPoint"",""coordinates"":[]}"
21992_0,0.053401284,0.5917643,0.02421197,2024-04-21,21992,"{""type"":""MultiPoint"",""coordinates"":[]}"
21999_0,0.11792637,0.0089982,0.085686624,2024-04-21,21999,"{""type"":""MultiPoint"",""coordinates"":[]}"
22000_0,0.30295566,0.8552632,0.33175915,2024-04-21,22000,"{""type"":""MultiPoint"",""coordinates"":[]}"
22005_0,0.16461621,0.016267123,0.20637743,2024-04-21,22005,"{""type"":""MultiPoint"",""coordinates"":[]}"
22006_0,0.3574457,0.87659895,0.34574395,2024-04-21,22006,"{""type"":""MultiPoint"",""coordinates"":[]}"
22007_0,0.1993502,0.59830266,0.13425346,2024-04-21,22007,"{""type"":""MultiPoint"",""coordinates"":[]}"
22010_0,0.120058835,0.63089156,0.09097816,2024-04-21,22010,"{""type"":""MultiPoint"",""coordinates"":[]}"
22012_0,0.06007188,0.53320885,0.0227758,2024-04-21,22012,"{""type"":""MultiPoint"",""coordinates"":[]}"
22019_0,0.10681488,0.5822744,0.13564079,2024-04-21,22019,"{""type"":""MultiPoint"",""coordinates"":[]}"
22022_0,0.17895898,0.66118914,0.10933759,2024-04-21,22022,"{""type"":""MultiPoint"",""coordinates"":[]}"
22023_0,0.18887094,0.021840874,0.19730379,2024-04-21,22023,"{""type"":""MultiPoint"",""coordinates"":[]}"
22029_0,0.04846205,0.3815873,0.006010171,2024-04-21,22029,"{""type"":""MultiPoint"",""coordinates"":[]}"
22034_0,0.27476436,0.76769966,0.26482785,2024-04-21,22034,"{""type"":""MultiPoint"",""coordinates"":[]}"
22035_0,0.14037223,0.32078907,0.2756852,2024-04-21,22035,"{""type"":""MultiPoint"",""coordinates"":[]}"
22039_0,0.103428066,0.17448533,0.06422018,2024-04-21,22039,"{""type"":""MultiPoint"",""coordinates"":[]}"
22043_0,0.45334014,0.70434785,0.43815514,2024-04-21,22043,"{""type"":""MultiPoint"",""coordinates"":[]}"
22047_0,0.08216006,0.06532663,0.119673505,2024-04-21,22047,"{""type"":""MultiPoint"",""coordinates"":[]}"
22050_0,0.07377123,0.120220736,0.048902012,2024-04-21,22050,"{""type"":""MultiPoint"",""coordinates"":[]}"
22053_0,0.1540107,0.5665454,0.15310493,2024-04-21,22053,"{""type"":""MultiPoint"",""coordinates"":[]}"
22057_0,0.1009878,0.0022805016,-0.04767064,2024-04-21,22057,"{""type"":""MultiPoint"",""coordinates"":[]}"
22080_0,-0.07377186,0.47816473,-0.09325195,2024-04-21,22080,"{""type"":""MultiPoint"",""coordinates"":[]}"
22081_0,0.11784357,0.052238807,0.08188467,2024-04-21,22081,"{""type"":""MultiPoint"",""coordinates"":[]}"
22082_0,0.38688827,0.62705314,0.25671643,2024-04-21,22082,"{""type"":""MultiPoint"",""coordinates"":[]}"
22086_0,0.10791075,0.35552195,0.10006139,2024-04-21,22086,"{""type"":""MultiPoint"",""coordinates"":[]}"
22090_0,0.067464225,0.044113174,0.05421594,2024-04-21,22090,"{""type"":""MultiPoint"",""coordinates"":[]}"
22094_0,-0.030895168,0.47654536,-0.07370737,2024-04-21,22094,"{""type"":""MultiPoint"",""coordinates"":[]}"
22103_0,0.049740616,0.20067002,0.0701702,2024-04-21,22103,"{""type"":""MultiPoint"",""coordinates"":[]}"
22107_0,0.029026922,0.41318327,0.042704627,2024-04-21,22107,"{""type"":""MultiPoint"",""coordinates"":[]}"
22111_0,0.09747391,0.1251549,0.049862698,2024-04-21,22111,"{""type"":""MultiPoint"",""coordinates"":[]}"
22112_0,0.11097843,0.04291417,0.167924,2024-04-21,22112,"{""type"":""MultiPoint"",""coordinates"":[]}"
22125_0,0.29263565,0.47645125,0.29740134,2024-04-21,22125,"{""type"":""MultiPoint"",""coordinates"":[]}"
22130_0,0.27187023,0.006993007,0.27398396,2024-04-21,22130,"{""type"":""MultiPoint"",""coordinates"":[]}"
22132_0,0.0010610884,0.44224262,-0.04953018,2024-04-21,22132,"{""type"":""MultiPoint"",""coordinates"":[]}"
22133_0,0.2444279,0.009304872,0.29001793,2024-04-21,22133,"{""type"":""MultiPoint"",""coordinates"":[]}"
22138_0,0.16420752,0.4028436,0.1483996,2024-04-21,22138,"{""type"":""MultiPoint"",""coordinates"":[]}"
22142_0,0.12778236,0.51609325,0.12706271,2024-04-21,22142,"{""type"":""MultiPoint"",""coordinates"":[]}"
22144_0,0.11938602,0.04013158,0.15285753,2024-04-21,22144,"{""type"":""MultiPoint"",""coordinates"":[]}"
22149_0,0.13544668,0.41769648,0.15458937,2024-04-21,22149,"{""type"":""MultiPoint"",""coordinates"":[]}"
22152_0,0.01753571,0.11221945,0.117094554,2024-04-21,22152,"{""type"":""MultiPoint"",""coordinates"":[]}"
22154_0,0.054096196,0.06329114,-0.032334074,2024-04-21,22154,"{""type"":""MultiPoint"",""coordinates"":[]}"
22162_0,0.040876012,0.0513089,0.06504011,2024-04-21,22162,"{""type"":""MultiPoint"",""coordinates"":[]}"
22173_0,0.2170006,0.020484172,0.2591912,2024-04-21,22173,"{""type"":""MultiPoint"",""coordinates"":[]}"
22176_0,0.07856934,0.0375,0.11800197,2024-04-21,22176,"{""type"":""MultiPoint"",""coordinates"":[]}"
22179_0,0.031275995,0.0718866,0.043449692,2024-04-21,22179,"{""type"":""MultiPoint"",""coordinates"":[]}"
22181_0,0.13428357,0.42857143,0.089187056,2024-04-21,22181,"{""type"":""MultiPoint"",""coordinates"":[]}"
22183_0,0.16188939,0.47882736,0.135,2024-04-21,22183,"{""type"":""MultiPoint"",""coordinates"":[]}"
22185_0,0.081643835,0.35416666,0.04118993,2024-04-21,22185,"{""type"":""MultiPoint"",""coordinates"":[]}"
22192_0,0.18039674,0.6279373,0.17364706,2024-04-21,22192,"{""type"":""MultiPoint"",""coordinates"":[]}"
22193_0,0.009217188,0.18579516,0.094017096,2024-04-21,22193,"{""type"":""MultiPoint"",""coordinates"":[]}"
22195_0,0.080622345,0.309467,0.059031688,2024-04-21,22195,"{""type"":""MultiPoint"",""coordinates"":[]}"
22236_0,0.18313253,0.67697597,0.18016928,2024-04-21,22236,"{""type"":""MultiPoint"",""coordinates"":[]}"
22240_0,0.13461539,0.58500814,0.100509144,2024-04-21,22240,"{""type"":""MultiPoint"",""coordinates"":[]}"
22271_0,0.112191476,0.6717856,0.07805825,2024-04-21,22271,"{""type"":""MultiPoint"",""coordinates"":[]}"
22275_0,0.18499413,0.65015584,0.15631068,2024-04-21,22275,"{""type"":""MultiPoint"",""coordinates"":[]}"
22277_0,0.20962389,0.6915052,0.22735874,2024-04-21,22277,"{""type"":""MultiPoint"",""coordinates"":[]}"
22279_0,0.09838022,0.54655445,0.053008597,2024-04-21,22279,"{""type"":""MultiPoint"",""coordinates"":[]}"
22281_0,0.26182002,0.721323,0.25500256,2024-04-21,22281,"{""type"":""MultiPoint"",""coordinates"":[]}"
22496_0,0.24401665,0.73127913,0.24890153,2024-04-21,22496,"{""type"":""MultiPoint"",""coordinates"":[]}"
22497_0,0.33085898,0.7928118,0.33683658,2024-04-21,22497,"{""type"":""MultiPoint"",""coordinates"":[]}"
22498_0,0.11623932,0.53175706,0.12209204,2024-04-21,22498,"{""type"":""MultiPoint"",""coordinates"":[]}"
22499_0,0.449247,0.83490074,0.4276423,2024-04-21,22499,"{""type"":""MultiPoint"",""coordinates"":[]}"
22500_0,0.16895925,0.6963351,0.13622876,2024-04-21,22500,"{""type"":""MultiPoint"",""coordinates"":[]}"
22501_0,0.107801415,0.6553713,0.09777672,2024-04-21,22501,"{""type"":""MultiPoint"",""coordinates"":[]}"
22502_0,0.3031144,0.71526295,0.27933672,2024-04-21,22502,"{""type"":""MultiPoint"",""coordinates"":[]}"
22503_0,0.32086852,0.7790368,0.322503,2024-04-21,22503,"{""type"":""MultiPoint"",""coordinates"":[]}"
22504_0,0.2248361,0.4542003,0.20772566,2024-04-21,22504,"{""type"":""MultiPoint"",""coordinates"":[]}"
22505_0,0.2173189,0.73407644,0.21404682,2024-04-21,22505,"{""type"":""MultiPoint"",""coordinates"":[]}"
22506_0,0.37425095,0.7798861,0.3705936,2024-04-21,22506,"{""type"":""MultiPoint"",""coordinates"":[]}"
22507_0,0.14356805,0.7090266,0.16759372,2024-04-21,22507,"{""type"":""MultiPoint"",""coordinates"":[]}"
22508_0,0.15858041,0.64179105,0.14921644,2024-04-21,22508,"{""type"":""MultiPoint"",""coordinates"":[]}"
22509_0,0.19052745,0.65933377,0.16814159,2024-04-21,22509,"{""type"":""MultiPoint"",""coordinates"":[]}"
22510_0,0.19462734,0.48065573,0.19250067,2024-04-21,22510,"{""type"":""MultiPoint"",""coordinates"":[]}"
22511_0,0.07425541,0.5851198,0.05122308,2024-04-21,22511,"{""type"":""MultiPoint"",""coordinates"":[]}"
22512_0,0.0071040536,0.50112647,-0.009345794,2024-04-21,22512,"{""type"":""MultiPoint"",""coordinates"":[]}"
22598_0,0.28868434,0.84237105,0.3037129,2024-04-21,22598,"{""type"":""MultiPoint"",""coordinates"":[]}"
22606_0,0.16263773,0.699333,0.13076136,2024-04-21,22606,"{""type"":""MultiPoint"",""coordinates"":[]}"
22640_0,0.26793015,0.735415,0.23316465,2024-04-21,22640,"{""type"":""MultiPoint"",""coordinates"":[]}"
22645_0,0.22243182,0.7435655,0.23913409,2024-04-21,22645,"{""type"":""MultiPoint"",""coordinates"":[]}"
22650_0,-0.073221035,0.4520548,-0.102012,2024-04-21,22650,"{""type"":""MultiPoint"",""coordinates"":[]}"
22652_0,0.07075008,0.59728944,0.07544403,2024-04-21,22652,"{""type"":""MultiPoint"",""coordinates"":[]}"
22656_0,0.23720136,0.51789975,0.17451523,2024-04-21,22656,"{""type"":""MultiPoint"",""coordinates"":[]}"
22662_0,0.111837804,0.57481754,0.11932555,2024-04-21,22662,"{""type"":""MultiPoint"",""coordinates"":[]}"
22668_0,0.21686341,0.009769094,0.22085766,2024-04-21,22668,"{""type"":""MultiPoint"",""coordinates"":[]}"
22669_0,0.14374404,0.2156116,0.17506327,2024-04-21,22669,"{""type"":""MultiPoint"",""coordinates"":[]}"
22677_0,0.3273117,0.81273407,0.27599275,2024-04-21,22677,"{""type"":""MultiPoint"",""coordinates"":[]}"
22679_0,0.25914633,0.72656024,0.20943473,2024-04-21,22679,"{""type"":""MultiPoint"",""coordinates"":[]}"
22682_0,0.045981146,0.08754209,0.07808915,2024-04-21,22682,"{""type"":""MultiPoint"",""coordinates"":[]}"
22685_0,0.0938369,0.047887325,0.12062257,2024-04-21,22685,"{""type"":""MultiPoint"",""coordinates"":[]}"
22687_0,0.08365863,0.06479038,0.09645283,2024-04-21,22687,"{""type"":""MultiPoint"",""coordinates"":[]}"
22689_0,0.28498226,0.7791411,0.3146959,2024-04-21,22689,"{""type"":""MultiPoint"",""coordinates"":[]}"
22692_0,0.07821115,0.40240964,0.12637894,2024-04-21,22692,"{""type"":""MultiPoint"",""coordinates"":[]}"
22694_0,0.20454909,0.70308673,0.1666387,2024-04-21,22694,"{""type"":""MultiPoint"",""coordinates"":[]}"
22697_0,0.08198684,0.60756075,0.07590362,2024-04-21,22697,"{""type"":""MultiPoint"",""coordinates"":[]}"
22698_0,0.17063425,-0.022335313,0.16254833,2024-04-21,22698,"{""type"":""MultiPoint"",""coordinates"":[]}"
22703_0,0.16028495,0.60544217,0.14337623,2024-04-21,22703,"{""type"":""MultiPoint"",""coordinates"":[]}"
22704_0,0.3279099,0.44257027,0.25156793,2024-04-21,22704,"{""type"":""MultiPoint"",""coordinates"":[]}"
22711_0,0.15653957,0.01622624,0.19049558,2024-04-21,22711,"{""type"":""MultiPoint"",""coordinates"":[]}"
22712_0,0.3671466,0.80385584,0.37992945,2024-04-21,22712,"{""type"":""MultiPoint"",""coordinates"":[]}"
22732_0,0.04503486,0.3513742,0.11553229,2024-04-21,22732,"{""type"":""MultiPoint"",""coordinates"":[]}"
22735_0,0.05170962,0.42827868,-0.004818847,2024-04-21,22735,"{""type"":""MultiPoint"",""coordinates"":[]}"
22737_0,0.20647418,0.3819829,0.20438597,2024-04-21,22737,"{""type"":""MultiPoint"",""coordinates"":[]}"
22740_0,0.24762537,0.7699545,0.26261094,2024-04-21,22740,"{""type"":""MultiPoint"",""coordinates"":[]}"
22742_0,0.24744898,0.6690141,0.23276983,2024-04-21,22742,"{""type"":""MultiPoint"",""coordinates"":[]}"
22744_0,0.20470127,0.60925925,0.1759134,2024-04-21,22744,"{""type"":""MultiPoint"",""coordinates"":[]}"
22747_0,0.017486783,0.56785244,-0.007506255,2024-04-21,22747,"{""type"":""MultiPoint"",""coordinates"":[]}"
22749_0,0.16421168,0.66225684,0.1646674,2024-04-21,22749,"{""type"":""MultiPoint"",""coordinates"":[]}"
22752_0,0.15236102,0.34217235,0.181859,2024-04-21,22752,"{""type"":""MultiPoint"",""coordinates"":[]}"
22755_0,0.16955717,0.6080402,0.10424991,2024-04-21,22755,"{""type"":""MultiPoint"",""coordinates"":[]}"
22759_0,0.08927728,0.1387808,0.0444092,2024-04-21,22759,"{""type"":""MultiPoint"",""coordinates"":[]}"
22762_0,0.078190684,0.5225478,0.04311398,2024-04-21,22762,"{""type"":""MultiPoint"",""coordinates"":[]}"
22767_0,0.042877845,0.08583247,0.05757932,2024-04-21,22767,"{""type"":""MultiPoint"",""coordinates"":[]}"
22769_0,0.22660099,0.60144925,0.25627664,2024-04-21,22769,"{""type"":""MultiPoint"",""coordinates"":[]}"
22771_0,0.29959154,0.77508825,0.28186452,2024-04-21,22771,"{""type"":""MultiPoint"",""coordinates"":[]}"
22773_0,0.055878263,0.07926829,0.10194553,2024-04-21,22773,"{""type"":""MultiPoint"",""coordinates"":[]}"
22776_0,0.28508386,0.5500589,0.23800564,2024-04-21,22776,"{""type"":""MultiPoint"",""coordinates"":[]}"
22778_0,0.21202004,0.48453608,0.2080537,2024-04-21,22778,"{""type"":""MultiPoint"",""coordinates"":[]}"
22780_0,0.2933776,0.804952,0.2770826,2024-04-21,22780,"{""type"":""MultiPoint"",""coordinates"":[]}"
22786_0,0.093026064,0.023215821,0.11756764,2024-04-21,22786,"{""type"":""MultiPoint"",""coordinates"":[]}"
22791_0,-0.062176164,0.46720484,-0.09025497,2024-04-21,22791,"{""type"":""MultiPoint"",""coordinates"":[]}"
22792_0,0.32511556,0.7012609,0.3338403,2024-04-21,22792,"{""type"":""MultiPoint"",""coordinates"":[]}"
22793_0,0.14162827,0.6748582,0.11833386,2024-04-21,22793,"{""type"":""MultiPoint"",""coordinates"":[]}"
22794_0,0.06430309,0.1540648,0.00271672,2024-04-21,22794,"{""type"":""MultiPoint"",""coordinates"":[]}"
22795_0,0.2566255,0.60611546,0.27744,2024-04-21,22795,"{""type"":""MultiPoint"",""coordinates"":[]}"
22800_0,0.27243823,0.6671443,0.23599939,2024-04-21,22800,"{""type"":""MultiPoint"",""coordinates"":[]}"
22802_0,0.14345019,0.6328125,0.1491409,2024-04-21,22802,"{""type"":""MultiPoint"",""coordinates"":[]}"
22806_0,0.089125946,0.6598286,0.09395859,2024-04-21,22806,"{""type"":""MultiPoint"",""coordinates"":[]}"
22808_0,0.20969875,0.7263422,0.21155256,2024-04-21,22808,"{""type"":""MultiPoint"",""coordinates"":[]}"
22811_0,0.22700933,0.6895258,0.23491272,2024-04-21,22811,"{""type"":""MultiPoint"",""coordinates"":[]}"
22817_0,0.10343905,0.2,0.06502931,2024-04-21,22817,"{""type"":""MultiPoint"",""coordinates"":[]}"
22820_0,0.13756251,0.120398775,0.14118336,2024-04-21,22820,"{""type"":""MultiPoint"",""coordinates"":[]}"
22823_0,0.1852687,0.60241365,0.19023904,2024-04-21,22823,"{""type"":""MultiPoint"",""coordinates"":[]}"
22824_0,0.13164203,0.063748814,0.21356852,2024-04-21,22824,"{""type"":""MultiPoint"",""coordinates"":[]}"
22835_0,0.07695359,0.7166507,0.07346208,2024-04-21,22835,"{""type"":""MultiPoint"",""coordinates"":[]}"
22838_0,0.1918138,0.33045357,0.2092658,2024-04-21,22838,"{""type"":""MultiPoint"",""coordinates"":[]}"
22842_0,0.02707439,0.058703765,0.05834464,2024-04-21,22842,"{""type"":""MultiPoint"",""coordinates"":[]}"
22845_0,0.08999031,0.031538088,0.12807588,2024-04-21,22845,"{""type"":""MultiPoint"",""coordinates"":[]}"
22847_0,0.04676342,0.10278884,0.14451106,2024-04-21,22847,"{""type"":""MultiPoint"",""coordinates"":[]}"
22851_0,0.32259855,0.57542664,0.30839002,2024-04-21,22851,"{""type"":""MultiPoint"",""coordinates"":[]}"
22853_0,0.22348751,0.011053316,0.26718956,2024-04-21,22853,"{""type"":""MultiPoint"",""coordinates"":[]}"
22855_0,0.10009862,0.5508587,0.1253295,2024-04-21,22855,"{""type"":""MultiPoint"",""coordinates"":[]}"
22857_0,0.249226,0.56880736,0.2761194,2024-04-21,22857,"{""type"":""MultiPoint"",""coordinates"":[]}"
22860_0,0.12256388,0.4176334,0.093512304,2024-04-21,22860,"{""type"":""MultiPoint"",""coordinates"":[]}"
22881_0,-0.0014556041,0.1724883,-0.075,2024-04-21,22881,"{""type"":""MultiPoint"",""coordinates"":[]}"
22886_0,0.17948718,0.5691158,0.16883117,2024-04-21,22886,"{""type"":""MultiPoint"",""coordinates"":[]}"
22895_0,0.17703176,0.008208956,0.2265789,2024-04-21,22895,"{""type"":""MultiPoint"",""coordinates"":[]}"
22896_0,0.05502367,0.1028842,0.065834634,2024-04-21,22896,"{""type"":""MultiPoint"",""coordinates"":[]}"
22900_0,0.3581742,0.53575355,0.33908874,2024-04-21,22900,"{""type"":""MultiPoint"",""coordinates"":[]}"
22901_0,0.0020354753,0.16366066,0.007518797,2024-04-21,22901,"{""type"":""MultiPoint"",""coordinates"":[]}"
22909_0,0.14181566,0.629332,0.13505948,2024-04-21,22909,"{""type"":""MultiPoint"",""coordinates"":[]}"
22918_0,0.068989545,0.4976744,0.09300747,2024-04-21,22918,"{""type"":""MultiPoint"",""coordinates"":[]}"
22923_0,0.077756286,0.61812687,0.05807981,2024-04-21,22923,"{""type"":""MultiPoint"",""coordinates"":[]}"
22946_0,0.23428571,0.60881853,0.2590135,2024-04-21,22946,"{""type"":""MultiPoint"",""coordinates"":[]}"
22949_0,0.15559031,0.42913002,0.15027538,2024-04-21,22949,"{""type"":""MultiPoint"",""coordinates"":[]}"
22955_0,0.13957794,0.6556137,0.10096712,2024-04-21,22955,"{""type"":""MultiPoint"",""coordinates"":[]}"
22965_0,0.21930447,0.4526678,0.21090387,2024-04-21,22965,"{""type"":""MultiPoint"",""coordinates"":[]}"
22988_0,0.13550037,0.62208986,0.1172851,2024-04-21,22988,"{""type"":""MultiPoint"",""coordinates"":[]}"
22994_0,0.17356181,0.67438084,0.09973333,2024-04-21,22994,"{""type"":""MultiPoint"",""coordinates"":[]}"
22996_0,0.2078482,0.71089107,0.17046738,2024-04-21,22996,"{""type"":""MultiPoint"",""coordinates"":[]}"
22998_0,0.0733306,0.60382515,0.018655097,2024-04-21,22998,"{""type"":""MultiPoint"",""coordinates"":[]}"
23028_0,0.094306976,0.41125542,0.10940956,2024-04-21,23028,"{""type"":""MultiPoint"",""coordinates"":[]}"
23202_0,0.36701128,0.79292095,0.33596253,2024-04-21,23202,"{""type"":""MultiPoint"",""coordinates"":[]}"
23203_0,0.2655979,0.78590786,0.21727084,2024-04-21,23203,"{""type"":""MultiPoint"",""coordinates"":[]}"
23204_0,0.059484776,0.57641923,0.03785338,2024-04-21,23204,"{""type"":""MultiPoint"",""coordinates"":[]}"
23205_0,0.42090294,0.83951855,0.38493487,2024-04-21,23205,"{""type"":""MultiPoint"",""coordinates"":[]}"
23206_0,0.34785765,0.5786802,0.16153128,2024-04-21,23206,"{""type"":""MultiPoint"",""coordinates"":[]}"
23207_0,0.27664337,0.7366771,0.2630379,2024-04-21,23207,"{""type"":""MultiPoint"",""coordinates"":[]}"
23208_0,0.16492322,0.6951673,0.09720886,2024-04-21,23208,"{""type"":""MultiPoint"",""coordinates"":[]}"
23209_0,0.12364761,0.6823161,0.11659309,2024-04-21,23209,"{""type"":""MultiPoint"",""coordinates"":[]}"
23210_0,0.17723931,0.6451482,0.14560361,2024-04-21,23210,"{""type"":""MultiPoint"",""coordinates"":[]}"
23211_0,0.20546386,0.5997866,0.17753339,2024-04-21,23211,"{""type"":""MultiPoint"",""coordinates"":[]}"
23212_0,-0.024381926,0.36673152,-0.033367734,2024-04-21,23212,"{""type"":""MultiPoint"",""coordinates"":[]}"
23213_0,0.28488612,0.78301096,0.2961076,2024-04-21,23213,"{""type"":""MultiPoint"",""coordinates"":[]}"
23214_0,0.15249662,0.5464103,0.15477793,2024-04-21,23214,"{""type"":""MultiPoint"",""coordinates"":[]}"
23215_0,0.015384615,0.503937,-0.002610966,2024-04-21,23215,"{""type"":""MultiPoint"",""coordinates"":[]}"
23216_0,0.13280308,0.55788004,0.107860155,2024-04-21,23216,"{""type"":""MultiPoint"",""coordinates"":[]}"
23217_0,0.04225352,0.5428937,0.020753918,2024-04-21,23217,"{""type"":""MultiPoint"",""coordinates"":[]}"
23218_0,0.19344395,0.6566125,0.17797484,2024-04-21,23218,"{""type"":""MultiPoint"",""coordinates"":[]}"
23240_0,0.070808955,0.6340136,0.021041445,2024-04-21,23240,"{""type"":""MultiPoint"",""coordinates"":[]}"
23295_0,0.11541465,0.759292,0.16803761,2024-04-21,23295,"{""type"":""MultiPoint"",""coordinates"":[]}"
23296_0,0.30195466,0.8433341,0.30855018,2024-04-21,23296,"{""type"":""MultiPoint"",""coordinates"":[]}"
23337_0,0.13529316,0.76453054,0.14322497,2024-04-21,23337,"{""type"":""MultiPoint"",""coordinates"":[]}"
23353_0,0.26511627,0.65235174,0.2605304,2024-04-21,23353,"{""type"":""MultiPoint"",""coordinates"":[]}"
23359_0,0.20633525,0.6624685,0.29310346,2024-04-21,23359,"{""type"":""MultiPoint"",""coordinates"":[]}"
23361_0,0.14943705,0.6451349,0.09526402,2024-04-21,23361,"{""type"":""MultiPoint"",""coordinates"":[]}"
23363_0,0.045133993,0.5333023,0.097333334,2024-04-21,23363,"{""type"":""MultiPoint"",""coordinates"":[]}"
23370_0,0.08718802,0.6020101,0.07502951,2024-04-21,23370,"{""type"":""MultiPoint"",""coordinates"":[]}"
23371_0,0.09341118,0.38155514,0.078943655,2024-04-21,23371,"{""type"":""MultiPoint"",""coordinates"":[]}"
23376_0,0.03233853,0.16963974,0.10372143,2024-04-21,23376,"{""type"":""MultiPoint"",""coordinates"":[]}"
23377_0,0.016672457,0.48308524,-0.01633459,2024-04-21,23377,"{""type"":""MultiPoint"",""coordinates"":[]}"
23384_0,0.06427146,0.058282208,0.0815047,2024-04-21,23384,"{""type"":""MultiPoint"",""coordinates"":[]}"
23387_0,0.12799121,0.5785251,0.12588029,2024-04-21,23387,"{""type"":""MultiPoint"",""coordinates"":[]}"
23388_0,0.16085082,0.39292604,0.1787755,2024-04-21,23388,"{""type"":""MultiPoint"",""coordinates"":[]}"
23389_0,0.24813576,0.77264655,0.34380612,2024-04-21,23389,"{""type"":""MultiPoint"",""coordinates"":[]}"
23390_0,0.036144577,0.55700326,0.004905396,2024-04-21,23390,"{""type"":""MultiPoint"",""coordinates"":[]}"
23393_0,0.12582982,0.66380614,0.06442758,2024-04-21,23393,"{""type"":""MultiPoint"",""coordinates"":[]}"
23396_0,0.030619979,0.08411782,0.055042483,2024-04-21,23396,"{""type"":""MultiPoint"",""coordinates"":[]}"
23399_0,0.15397786,0.05564142,0.19171211,2024-04-21,23399,"{""type"":""MultiPoint"",""coordinates"":[]}"
23404_0,0.10519785,0.21584159,0.063356906,2024-04-21,23404,"{""type"":""MultiPoint"",""coordinates"":[]}"
23410_0,0.035792094,0.20222317,0.09512219,2024-04-21,23410,"{""type"":""MultiPoint"",""coordinates"":[]}"
23412_0,0.06267341,0.09298183,0.03308359,2024-04-21,23412,"{""type"":""MultiPoint"",""coordinates"":[]}"
23414_0,0.12407719,0.027104137,0.12185938,2024-04-21,23414,"{""type"":""MultiPoint"",""coordinates"":[]}"
23420_0,0.079585716,0.4531431,0.054723583,2024-04-21,23420,"{""type"":""MultiPoint"",""coordinates"":[]}"
23435_0,0.14872308,0.60676533,0.14572865,2024-04-21,23435,"{""type"":""MultiPoint"",""coordinates"":[]}"
23439_0,0.05613883,0.07745987,0.06345243,2024-04-21,23439,"{""type"":""MultiPoint"",""coordinates"":[]}"
23445_0,0.32328063,0.6884599,0.35302392,2024-04-21,23445,"{""type"":""MultiPoint"",""coordinates"":[]}"
23450_0,0.033396583,0.44815865,0.0017636684,2024-04-21,23450,"{""type"":""MultiPoint"",""coordinates"":[]}"
23453_0,0.33989146,0.6,0.3101737,2024-04-21,23453,"{""type"":""MultiPoint"",""coordinates"":[]}"
23454_0,0.33104396,0.79591835,0.3305842,2024-04-21,23454,"{""type"":""MultiPoint"",""coordinates"":[]}"
23455_0,0.3067186,0.6351351,0.2591051,2024-04-21,23455,"{""type"":""MultiPoint"",""coordinates"":[]}"
23464_0,0.1135186,0.55989444,0.22199255,2024-04-21,23464,"{""type"":""MultiPoint"",""coordinates"":[]}"
23465_0,0.2308372,0.5291087,0.26056486,2024-04-21,23465,"{""type"":""MultiPoint"",""coordinates"":[]}"
23470_0,0.17217717,0.40695915,0.16724192,2024-04-21,23470,"{""type"":""MultiPoint"",""coordinates"":[]}"
23473_0,0.14811267,0.7394836,0.14843899,2024-04-21,23473,"{""type"":""MultiPoint"",""coordinates"":[]}"
23476_0,0.1558302,0.13001323,0.2401451,2024-04-21,23476,"{""type"":""MultiPoint"",""coordinates"":[]}"
23478_0,0.0835825,0.041461006,0.11176974,2024-04-21,23478,"{""type"":""MultiPoint"",""coordinates"":[]}"
23480_0,0.08681253,0.061349694,0.11298753,2024-04-21,23480,"{""type"":""MultiPoint"",""coordinates"":[]}"
23483_0,0.1337371,0.75707155,0.16556291,2024-04-21,23483,"{""type"":""MultiPoint"",""coordinates"":[]}"
23485_0,0.21233356,0.6110599,0.2172702,2024-04-21,23485,"{""type"":""MultiPoint"",""coordinates"":[]}"
23495_0,0.015081564,0.5002389,-0.009463723,2024-04-21,23495,"{""type"":""MultiPoint"",""coordinates"":[]}"
23499_0,0.23386279,0.7554025,0.23964447,2024-04-21,23499,"{""type"":""MultiPoint"",""coordinates"":[]}"
23501_0,0.4199134,0.7012302,0.4131387,2024-04-21,23501,"{""type"":""MultiPoint"",""coordinates"":[]}"
23503_0,0.14670846,0.1643529,0.3127998,2024-04-21,23503,"{""type"":""MultiPoint"",""coordinates"":[]}"
23506_0,0.09109519,0.040511727,0.11351968,2024-04-21,23506,"{""type"":""MultiPoint"",""coordinates"":[]}"
23511_0,0.09775374,0.5247187,0.015209989,2024-04-21,23511,"{""type"":""MultiPoint"",""coordinates"":[]}"
23520_0,0.2325013,0.008888889,0.273403,2024-04-21,23520,"{""type"":""MultiPoint"",""coordinates"":[]}"
23525_0,0.18218756,0.640553,0.12027972,2024-04-21,23525,"{""type"":""MultiPoint"",""coordinates"":[]}"
23527_0,0.0060797664,0.07710011,-0.04380028,2024-04-21,23527,"{""type"":""MultiPoint"",""coordinates"":[]}"
23531_0,0.32900432,0.495,0.3171806,2024-04-21,23531,"{""type"":""MultiPoint"",""coordinates"":[]}"
23532_0,0.22962314,0.0015082957,0.2664958,2024-04-21,23532,"{""type"":""MultiPoint"",""coordinates"":[]}"
23534_0,0.17191978,0.667756,0.13956085,2024-04-21,23534,"{""type"":""MultiPoint"",""coordinates"":[]}"
23535_0,0.2753138,0.4719411,0.297648,2024-04-21,23535,"{""type"":""MultiPoint"",""coordinates"":[]}"
23536_0,0.1672053,0.42075554,0.14405595,2024-04-21,23536,"{""type"":""MultiPoint"",""coordinates"":[]}"
23537_0,-0.011751943,0.47538248,-0.026788991,2024-04-21,23537,"{""type"":""MultiPoint"",""coordinates"":[]}"
23548_0,0.08170406,0.06710526,0.18502283,2024-04-21,23548,"{""type"":""MultiPoint"",""coordinates"":[]}"
23551_0,0.025046382,0.4702935,-0.011549567,2024-04-21,23551,"{""type"":""MultiPoint"",""coordinates"":[]}"
23554_0,0.112817556,0.023930954,0.15212713,2024-04-21,23554,"{""type"":""MultiPoint"",""coordinates"":[]}"
23557_0,0.10481283,0.08234258,0.08032084,2024-04-21,23557,"{""type"":""MultiPoint"",""coordinates"":[]}"
23558_0,0.083333336,0.227649,0.06863628,2024-04-21,23558,"{""type"":""MultiPoint"",""coordinates"":[]}"
23560_0,0.083444595,0.38806537,0.14160675,2024-04-21,23560,"{""type"":""MultiPoint"",""coordinates"":[]}"
23565_0,0.05110063,0.34304932,-0.0037422038,2024-04-21,23565,"{""type"":""MultiPoint"",""coordinates"":[]}"
23568_0,0.08093228,0.24576621,0.09275363,2024-04-21,23568,"{""type"":""MultiPoint"",""coordinates"":[]}"
23570_0,-0.041381128,0.30416763,0.17815913,2024-04-21,23570,"{""type"":""MultiPoint"",""coordinates"":[]}"
23573_0,-0.024936387,0.21508232,0.0636913,2024-04-21,23573,"{""type"":""MultiPoint"",""coordinates"":[]}"
23574_0,0.11249223,0.29032257,0.05680317,2024-04-21,23574,"{""type"":""MultiPoint"",""coordinates"":[]}"
23580_0,0.21998914,0.6040609,0.21271929,2024-04-21,23580,"{""type"":""MultiPoint"",""coordinates"":[]}"
23581_0,0.41468066,0.62198544,0.4038835,2024-04-21,23581,"{""type"":""MultiPoint"",""coordinates"":[]}"
23587_0,-0.0109514035,0.39991003,0.026046818,2024-04-21,23587,"{""type"":""MultiPoint"",""coordinates"":[]}"
23588_0,0.1323629,0.35519126,0.11422153,2024-04-21,23588,"{""type"":""MultiPoint"",""coordinates"":[]}"
23593_0,0.056696147,0.070574164,0.09038301,2024-04-21,23593,"{""type"":""MultiPoint"",""coordinates"":[]}"
23595_0,0.008632909,0.12903225,0.009398738,2024-04-21,23595,"{""type"":""MultiPoint"",""coordinates"":[]}"
23597_0,0.019054545,0.22697794,0.057574064,2024-04-21,23597,"{""type"":""MultiPoint"",""coordinates"":[]}"
23604_0,0.044644497,0.49156234,0.026217228,2024-04-21,23604,"{""type"":""MultiPoint"",""coordinates"":[]}"
23632_0,-0.0023186486,0.054855198,0.011434172,2024-04-21,23632,"{""type"":""MultiPoint"",""coordinates"":[]}"
23633_0,0.10832084,0.57888633,0.06724172,2024-04-21,23633,"{""type"":""MultiPoint"",""coordinates"":[]}"
23638_0,0.039045185,0.5613548,-0.0010657194,2024-04-21,23638,"{""type"":""MultiPoint"",""coordinates"":[]}"
23646_0,0.13487738,0.6626984,0.13781399,2024-04-21,23646,"{""type"":""MultiPoint"",""coordinates"":[]}"
23662_0,0.09069307,0.52277285,0.07307226,2024-04-21,23662,"{""type"":""MultiPoint"",""coordinates"":[]}"
23663_0,0.019297924,0.534667,0.024140453,2024-04-21,23663,"{""type"":""MultiPoint"",""coordinates"":[]}"
23688_0,0.118568234,0.5775281,0.12884422,2024-04-21,23688,"{""type"":""MultiPoint"",""coordinates"":[]}"
23699_0,0.25279018,0.75770366,0.21718796,2024-04-21,23699,"{""type"":""MultiPoint"",""coordinates"":[]}"
23875_0,0.39578763,0.80828136,0.39671412,2024-04-21,23875,"{""type"":""MultiPoint"",""coordinates"":[]}"
23876_0,0.12053872,0.6554455,0.122901276,2024-04-21,23876,"{""type"":""MultiPoint"",""coordinates"":[]}"
23877_0,0.20007963,0.6946848,0.15428331,2024-04-21,23877,"{""type"":""MultiPoint"",""coordinates"":[]}"
23878_0,0.27464217,0.7375776,0.24993019,2024-04-21,23878,"{""type"":""MultiPoint"",""coordinates"":[]}"
23879_0,0.17685552,0.5161923,0.12773722,2024-04-21,23879,"{""type"":""MultiPoint"",""coordinates"":[]}"
23880_0,0.09918107,0.5797101,0.06762102,2024-04-21,23880,"{""type"":""MultiPoint"",""coordinates"":[]}"
23881_0,0.38431114,0.8006349,0.33868304,2024-04-21,23881,"{""type"":""MultiPoint"",""coordinates"":[]}"
23882_0,0.04625499,0.5371669,0.038124558,2024-04-21,23882,"{""type"":""MultiPoint"",""coordinates"":[]}"
23883_0,0.19540858,0.68,0.16600567,2024-04-21,23883,"{""type"":""MultiPoint"",""coordinates"":[]}"
23884_0,0.28717807,0.7368623,0.27513376,2024-04-21,23884,"{""type"":""MultiPoint"",""coordinates"":[]}"
23885_0,0.12623891,0.6570327,0.12418301,2024-04-21,23885,"{""type"":""MultiPoint"",""coordinates"":[]}"
23886_0,0.12064571,0.62772155,0.12362405,2024-04-21,23886,"{""type"":""MultiPoint"",""coordinates"":[]}"
23887_0,0.13242453,0.63448524,0.12561335,2024-04-21,23887,"{""type"":""MultiPoint"",""coordinates"":[]}"
23888_0,0.043250952,0.54256856,0.030113226,2024-04-21,23888,"{""type"":""MultiPoint"",""coordinates"":[]}"
23889_0,0.05831945,0.5179199,0.0439826,2024-04-21,23889,"{""type"":""MultiPoint"",""coordinates"":[]}"
23890_0,0.3983368,0.82356167,0.3939267,2024-04-21,23890,"{""type"":""MultiPoint"",""coordinates"":[]}"
23894_0,0.05126877,0.46716103,0.003986952,2024-04-21,23894,"{""type"":""MultiPoint"",""coordinates"":[]}"
23936_0,0.23226744,0.7741798,0.22380602,2024-04-21,23936,"{""type"":""MultiPoint"",""coordinates"":[]}"
23942_0,0.14026894,0.58791095,0.12288809,2024-04-21,23942,"{""type"":""MultiPoint"",""coordinates"":[]}"
23944_0,0.31761006,0.599493,0.31939363,2024-04-21,23944,"{""type"":""MultiPoint"",""coordinates"":[]}"
23945_0,0.1780256,0.37142858,0.14920907,2024-04-21,23945,"{""type"":""MultiPoint"",""coordinates"":[]}"
23954_0,0.072331205,0.24953096,0.018089171,2024-04-21,23954,"{""type"":""MultiPoint"",""coordinates"":[]}"
23960_0,0.18368155,0.112866074,0.24269705,2024-04-21,23960,"{""type"":""MultiPoint"",""coordinates"":[]}"
23963_0,0.1282173,0.02595296,0.15855753,2024-04-21,23963,"{""type"":""MultiPoint"",""coordinates"":[]}"
23979_0,0.28043142,0.58870965,0.25577688,2024-04-21,23979,"{""type"":""MultiPoint"",""coordinates"":[]}"
23982_0,0.3259688,0.6914812,0.392733,2024-04-21,23982,"{""type"":""MultiPoint"",""coordinates"":[]}"
24008_0,0.19815212,0.45908907,0.19669421,2024-04-21,24008,"{""type"":""MultiPoint"",""coordinates"":[]}"
24037_0,0.027027028,0.39476237,0.17579722,2024-04-21,24037,"{""type"":""MultiPoint"",""coordinates"":[]}"
24046_0,0.09652855,0.66136444,0.07625372,2024-04-21,24046,"{""type"":""MultiPoint"",""coordinates"":[]}"
24047_0,0.18057455,0.67794317,0.15969138,2024-04-21,24047,"{""type"":""MultiPoint"",""coordinates"":[]}"
24049_0,0.18962511,0.6299352,0.1961081,2024-04-21,24049,"{""type"":""MultiPoint"",""coordinates"":[]}"
24050_0,0.17017208,0.7216565,0.12987302,2024-04-21,24050,"{""type"":""MultiPoint"",""coordinates"":[]}"
24053_0,0.25892216,0.79529643,0.27319708,2024-04-21,24053,"{""type"":""MultiPoint"",""coordinates"":[]}"
24054_0,0.11148025,0.6657594,0.11944394,2024-04-21,24054,"{""type"":""MultiPoint"",""coordinates"":[]}"
24065_0,0.21323712,0.71182793,0.20332578,2024-04-21,24065,"{""type"":""MultiPoint"",""coordinates"":[]}"
24073_0,0.23801959,0.73175395,0.22321187,2024-04-21,24073,"{""type"":""MultiPoint"",""coordinates"":[]}"
24075_0,0.27272728,0.75009614,0.25054947,2024-04-21,24075,"{""type"":""MultiPoint"",""coordinates"":[]}"
24079_0,0.03808475,0.49367028,0.012374005,2024-04-21,24079,"{""type"":""MultiPoint"",""coordinates"":[]}"
24241_0,0.06057661,0.45063025,0.31149098,2024-04-21,24241,"{""type"":""MultiPoint"",""coordinates"":[]}"
24245_0,0.01447936,0.5827271,0.026327804,2024-04-21,24245,"{""type"":""MultiPoint"",""coordinates"":[]}"
24251_0,0.13271846,0.45419356,0.23812139,2024-04-21,24251,"{""type"":""MultiPoint"",""coordinates"":[]}"
24253_0,0.19421723,0.7355455,0.2394973,2024-04-21,24253,"{""type"":""MultiPoint"",""coordinates"":[]}"
24261_0,0.052323,0.11780822,0.03422053,2024-04-21,24261,"{""type"":""MultiPoint"",""coordinates"":[]}"
24262_0,-0.083041295,0.44341373,-0.06630663,2024-04-21,24262,"{""type"":""MultiPoint"",""coordinates"":[]}"
24263_0,0.05935283,0.048290446,0.044975404,2024-04-21,24263,"{""type"":""MultiPoint"",""coordinates"":[]}"
24264_0,0.18008675,0.021530004,0.15529077,2024-04-21,24264,"{""type"":""MultiPoint"",""coordinates"":[]}"
24265_0,0.31773272,0.520564,0.3271795,2024-04-21,24265,"{""type"":""MultiPoint"",""coordinates"":[]}"
24269_0,0.07810545,0.3452381,0.16739306,2024-04-21,24269,"{""type"":""MultiPoint"",""coordinates"":[]}"
24270_0,0.15716639,0.63605726,0.2058367,2024-04-21,24270,"{""type"":""MultiPoint"",""coordinates"":[]}"
24272_0,0.11191336,0.65957445,0.11827957,2024-04-21,24272,"{""type"":""MultiPoint"",""coordinates"":[]}"
24274_0,0.12193375,0.6015495,0.08267864,2024-04-21,24274,"{""type"":""MultiPoint"",""coordinates"":[]}"
24276_0,0.27886516,0.8356164,0.30277777,2024-04-21,24276,"{""type"":""MultiPoint"",""coordinates"":[]}"
24279_0,0.050107375,0.1188755,0.024264706,2024-04-21,24279,"{""type"":""MultiPoint"",""coordinates"":[]}"
24281_0,0.067920916,0.04931193,0.11195504,2024-04-21,24281,"{""type"":""MultiPoint"",""coordinates"":[]}"
24282_0,0.015204895,0.1508724,0.11770081,2024-04-21,24282,"{""type"":""MultiPoint"",""coordinates"":[]}"
24283_0,0.23550087,0.512979,0.16905445,2024-04-21,24283,"{""type"":""MultiPoint"",""coordinates"":[]}"
24285_0,0.0030200747,0.5539143,-0.032376748,2024-04-21,24285,"{""type"":""MultiPoint"",""coordinates"":[]}"
24288_0,-0.053806297,0.5204188,-0.0966404,2024-04-21,24288,"{""type"":""MultiPoint"",""coordinates"":[]}"
24289_0,0.14068285,0.6791182,0.1351687,2024-04-21,24289,"{""type"":""MultiPoint"",""coordinates"":[]}"
24292_0,0.060997415,0.5819854,0.026971381,2024-04-21,24292,"{""type"":""MultiPoint"",""coordinates"":[]}"
24296_0,0.28088236,0.78767633,0.2974138,2024-04-21,24296,"{""type"":""MultiPoint"",""coordinates"":[]}"
24297_0,0.17655334,0.6558397,0.15414259,2024-04-21,24297,"{""type"":""MultiPoint"",""coordinates"":[]}"
24300_0,0.06319363,0.06354515,0.10753156,2024-04-21,24300,"{""type"":""MultiPoint"",""coordinates"":[]}"
24301_0,0.2433936,0.6214149,0.21839081,2024-04-21,24301,"{""type"":""MultiPoint"",""coordinates"":[]}"
24309_0,0.06608357,0.4924012,0.34290597,2024-04-21,24309,"{""type"":""MultiPoint"",""coordinates"":[]}"
24310_0,0.26200274,0.41538462,0.23796034,2024-04-21,24310,"{""type"":""MultiPoint"",""coordinates"":[]}"
24311_0,0.083333336,0.41371515,0.049363725,2024-04-21,24311,"{""type"":""MultiPoint"",""coordinates"":[]}"
24315_0,0.23807836,0.716945,0.18675497,2024-04-21,24315,"{""type"":""MultiPoint"",""coordinates"":[]}"
24317_0,0.09530963,0.598721,0.05078809,2024-04-21,24317,"{""type"":""MultiPoint"",""coordinates"":[]}"
24318_0,0.040585265,0.59525156,0.0121951215,2024-04-21,24318,"{""type"":""MultiPoint"",""coordinates"":[]}"
24321_0,0.23918621,0.05263158,0.29590365,2024-04-21,24321,"{""type"":""MultiPoint"",""coordinates"":[]}"
24328_0,0.16004993,-0.010455877,0.16897233,2024-04-21,24328,"{""type"":""MultiPoint"",""coordinates"":[]}"
24333_0,0.2604878,0.50294465,0.2546706,2024-04-21,24333,"{""type"":""MultiPoint"",""coordinates"":[]}"
24335_0,0.22879446,0.08186529,0.30520394,2024-04-21,24335,"{""type"":""MultiPoint"",""coordinates"":[]}"
24337_0,-0.009349155,0.45345345,-0.026513074,2024-04-21,24337,"{""type"":""MultiPoint"",""coordinates"":[]}"
24338_0,-0.046366114,0.4870008,-0.08069594,2024-04-21,24338,"{""type"":""MultiPoint"",""coordinates"":[]}"
24339_0,0.12413168,0.59707296,0.09261577,2024-04-21,24339,"{""type"":""MultiPoint"",""coordinates"":[]}"
24340_0,0.194706,8.5910654E-4,0.20764497,2024-04-21,24340,"{""type"":""MultiPoint"",""coordinates"":[]}"
24342_0,0.14688674,0.05717713,0.20854759,2024-04-21,24342,"{""type"":""MultiPoint"",""coordinates"":[]}"
24347_0,0.24509804,0.51869607,0.2631579,2024-04-21,24347,"{""type"":""MultiPoint"",""coordinates"":[]}"
24348_0,0.1151314,0.036090225,0.1591399,2024-04-21,24348,"{""type"":""MultiPoint"",""coordinates"":[]}"
24351_0,0.08292683,0.03724138,0.16363636,2024-04-21,24351,"{""type"":""MultiPoint"",""coordinates"":[]}"
24352_0,0.13435291,0.15661182,-0.1620309,2024-04-21,24352,"{""type"":""MultiPoint"",""coordinates"":[]}"
24354_0,0.1669322,-0.007909604,0.19761296,2024-04-21,24354,"{""type"":""MultiPoint"",""coordinates"":[]}"
24356_0,0.03530234,0.2511628,0.078156315,2024-04-21,24356,"{""type"":""MultiPoint"",""coordinates"":[]}"
24359_0,0.034105897,0.20875421,0.056853727,2024-04-21,24359,"{""type"":""MultiPoint"",""coordinates"":[]}"
24363_0,0.03364328,0.37069362,0.021567956,2024-04-21,24363,"{""type"":""MultiPoint"",""coordinates"":[]}"
24364_0,0.103630096,0.56469166,0.07878283,2024-04-21,24364,"{""type"":""MultiPoint"",""coordinates"":[]}"
24365_0,0.08378331,0.5932029,0.0810622,2024-04-21,24365,"{""type"":""MultiPoint"",""coordinates"":[]}"
24367_0,0.07785066,0.055253625,0.14503348,2024-04-21,24367,"{""type"":""MultiPoint"",""coordinates"":[]}"
24395_0,0.024313154,0.049085658,0.041442733,2024-04-21,24395,"{""type"":""MultiPoint"",""coordinates"":[]}"
24407_0,0.1920365,0.69517195,0.15925767,2024-04-21,24407,"{""type"":""MultiPoint"",""coordinates"":[]}"
24408_0,0.12289729,0.68031704,0.06890757,2024-04-21,24408,"{""type"":""MultiPoint"",""coordinates"":[]}"
24409_0,0.33463797,0.7173476,0.30682978,2024-04-21,24409,"{""type"":""MultiPoint"",""coordinates"":[]}"
24411_0,0.12254591,0.4370113,0.0883369,2024-04-21,24411,"{""type"":""MultiPoint"",""coordinates"":[]}"
24414_0,0.25561497,0.70757484,0.2512909,2024-04-21,24414,"{""type"":""MultiPoint"",""coordinates"":[]}"
24417_0,0.2118065,0.73941636,0.18943226,2024-04-21,24417,"{""type"":""MultiPoint"",""coordinates"":[]}"
24422_0,0.21495803,0.6743839,0.18467635,2024-04-21,24422,"{""type"":""MultiPoint"",""coordinates"":[]}"
24426_0,0.30175346,0.76546764,0.29567054,2024-04-21,24426,"{""type"":""MultiPoint"",""coordinates"":[]}"
24427_0,0.18393624,0.70475227,0.11766656,2024-04-21,24427,"{""type"":""MultiPoint"",""coordinates"":[]}"
24433_0,0.22737306,0.69736844,0.23322047,2024-04-21,24433,"{""type"":""MultiPoint"",""coordinates"":[]}"
24567_0,0.24677187,0.6897507,0.18446602,2024-04-21,24567,"{""type"":""MultiPoint"",""coordinates"":[]}"
24568_0,0.27581027,0.74721825,0.28953463,2024-04-21,24568,"{""type"":""MultiPoint"",""coordinates"":[]}"
24569_0,0.038478356,0.45337245,0.059653625,2024-04-21,24569,"{""type"":""MultiPoint"",""coordinates"":[]}"
24570_0,0.19436236,0.6399584,0.14313346,2024-04-21,24570,"{""type"":""MultiPoint"",""coordinates"":[]}"
24571_0,0.27125505,0.72396755,0.2879747,2024-04-21,24571,"{""type"":""MultiPoint"",""coordinates"":[]}"
24572_0,0.18592195,0.68992835,0.16788322,2024-04-21,24572,"{""type"":""MultiPoint"",""coordinates"":[]}"
24573_0,0.26362917,0.74425286,0.26921067,2024-04-21,24573,"{""type"":""MultiPoint"",""coordinates"":[]}"
24574_0,0.229939,0.4765784,0.27725172,2024-04-21,24574,"{""type"":""MultiPoint"",""coordinates"":[]}"
24575_0,0.38818824,0.8074511,0.4225577,2024-04-21,24575,"{""type"":""MultiPoint"",""coordinates"":[]}"
24576_0,0.16433385,0.66165704,0.14437367,2024-04-21,24576,"{""type"":""MultiPoint"",""coordinates"":[]}"
24577_0,0.20270881,0.7745592,0.22949389,2024-04-21,24577,"{""type"":""MultiPoint"",""coordinates"":[]}"
24578_0,0.27125973,0.74379504,0.26554328,2024-04-21,24578,"{""type"":""MultiPoint"",""coordinates"":[]}"
24579_0,0.11821387,0.60820365,0.09590361,2024-04-21,24579,"{""type"":""MultiPoint"",""coordinates"":[]}"
24580_0,0.11861774,0.5214592,0.110849984,2024-04-21,24580,"{""type"":""MultiPoint"",""coordinates"":[]}"
24588_0,0.19059873,0.6896,0.14637235,2024-04-21,24588,"{""type"":""MultiPoint"",""coordinates"":[]}"
24637_0,0.08127674,0.37435234,0.20636725,2024-04-21,24637,"{""type"":""MultiPoint"",""coordinates"":[]}"
24639_0,0.14040802,0.62396693,0.11272341,2024-04-21,24639,"{""type"":""MultiPoint"",""coordinates"":[]}"
24642_0,0.06298731,0.07009096,0.13242267,2024-04-21,24642,"{""type"":""MultiPoint"",""coordinates"":[]}"
24645_0,0.07182118,0.66364187,0.041075148,2024-04-21,24645,"{""type"":""MultiPoint"",""coordinates"":[]}"
24651_0,0.11742857,0.384508,0.124557175,2024-04-21,24651,"{""type"":""MultiPoint"",""coordinates"":[]}"
24661_0,0.2418738,0.6259284,0.20580871,2024-04-21,24661,"{""type"":""MultiPoint"",""coordinates"":[]}"
24668_0,0.1612028,0.039341263,0.24042858,2024-04-21,24668,"{""type"":""MultiPoint"",""coordinates"":[]}"
24672_0,0.33825007,0.79904306,0.35384616,2024-04-21,24672,"{""type"":""MultiPoint"",""coordinates"":[]}"
24674_0,0.07968555,0.056904927,0.08369652,2024-04-21,24674,"{""type"":""MultiPoint"",""coordinates"":[]}"
24680_0,0.08051948,0.53221536,0.0617737,2024-04-21,24680,"{""type"":""MultiPoint"",""coordinates"":[]}"
24681_0,0.05305432,0.5560732,0.021406727,2024-04-21,24681,"{""type"":""MultiPoint"",""coordinates"":[]}"
24684_0,-0.08876347,0.44703144,-0.12294938,2024-04-21,24684,"{""type"":""MultiPoint"",""coordinates"":[]}"
24685_0,0.06451613,0.4788991,0.07323568,2024-04-21,24685,"{""type"":""MultiPoint"",""coordinates"":[]}"
24686_0,0.15489349,0.27085203,0.035818715,2024-04-21,24686,"{""type"":""MultiPoint"",""coordinates"":[]}"
24689_0,0.32273838,0.5529412,0.31180125,2024-04-21,24689,"{""type"":""MultiPoint"",""coordinates"":[]}"
24690_0,0.021315029,0.6100342,0.020784386,2024-04-21,24690,"{""type"":""MultiPoint"",""coordinates"":[]}"
24691_0,0.14896266,0.58664644,0.12068596,2024-04-21,24691,"{""type"":""MultiPoint"",""coordinates"":[]}"
24692_0,0.12581064,0.42808798,0.11198946,2024-04-21,24692,"{""type"":""MultiPoint"",""coordinates"":[]}"
24693_0,0.098407924,0.13333334,-0.028016008,2024-04-21,24693,"{""type"":""MultiPoint"",""coordinates"":[]}"
24696_0,0.108422376,0.59389895,0.082025565,2024-04-21,24696,"{""type"":""MultiPoint"",""coordinates"":[]}"
24699_0,0.0831883,0.31425846,0.022634508,2024-04-21,24699,"{""type"":""MultiPoint"",""coordinates"":[]}"
24702_0,0.10107078,0.24463291,0.15409191,2024-04-21,24702,"{""type"":""MultiPoint"",""coordinates"":[]}"
24703_0,0.09236178,0.4071511,0.12615384,2024-04-21,24703,"{""type"":""MultiPoint"",""coordinates"":[]}"
24706_0,0.11550545,0.36756524,0.14367507,2024-04-21,24706,"{""type"":""MultiPoint"",""coordinates"":[]}"
24711_0,0.051268045,0.075488724,0.081097424,2024-04-21,24711,"{""type"":""MultiPoint"",""coordinates"":[]}"
24714_0,0.0591983,0.10173323,0.047653172,2024-04-21,24714,"{""type"":""MultiPoint"",""coordinates"":[]}"
24717_0,0.1486746,0.34972245,0.2113879,2024-04-21,24717,"{""type"":""MultiPoint"",""coordinates"":[]}"
24718_0,0.08411493,0.10090597,0.06787879,2024-04-21,24718,"{""type"":""MultiPoint"",""coordinates"":[]}"
24719_0,0.13488849,0.01443299,0.16651025,2024-04-21,24719,"{""type"":""MultiPoint"",""coordinates"":[]}"
24727_0,0.20144753,0.4793741,0.22209166,2024-04-21,24727,"{""type"":""MultiPoint"",""coordinates"":[]}"
24729_0,0.09459826,0.042355374,0.09502815,2024-04-21,24729,"{""type"":""MultiPoint"",""coordinates"":[]}"
24730_0,0.32859176,0.32069972,0.3149492,2024-04-21,24730,"{""type"":""MultiPoint"",""coordinates"":[]}"
24731_0,0.10337255,0.56611764,0.07597802,2024-04-21,24731,"{""type"":""MultiPoint"",""coordinates"":[]}"
24740_0,0.045255475,0.039851714,0.067047074,2024-04-21,24740,"{""type"":""MultiPoint"",""coordinates"":[]}"
24741_0,0.1598027,0.029822575,0.2137256,2024-04-21,24741,"{""type"":""MultiPoint"",""coordinates"":[]}"
24745_0,0.16510904,0.40203562,0.08039216,2024-04-21,24745,"{""type"":""MultiPoint"",""coordinates"":[]}"
24746_0,0.12770633,0.021103295,0.16316095,2024-04-21,24746,"{""type"":""MultiPoint"",""coordinates"":[]}"
24751_0,0.1698211,0.018731516,0.21538839,2024-04-21,24751,"{""type"":""MultiPoint"",""coordinates"":[]}"
24752_0,0.09424429,0.024844721,0.12304584,2024-04-21,24752,"{""type"":""MultiPoint"",""coordinates"":[]}"
24756_0,-0.021680217,0.23500492,0.1937745,2024-04-21,24756,"{""type"":""MultiPoint"",""coordinates"":[]}"
24759_0,0.12391209,0.0030877811,0.13049963,2024-04-21,24759,"{""type"":""MultiPoint"",""coordinates"":[]}"
24763_0,-0.02640015,0.028403526,0.072979644,2024-04-21,24763,"{""type"":""MultiPoint"",""coordinates"":[]}"
24764_0,0.28698224,0.5272727,0.29325512,2024-04-21,24764,"{""type"":""MultiPoint"",""coordinates"":[]}"
24766_0,0.114727855,0.10738559,0.19132341,2024-04-21,24766,"{""type"":""MultiPoint"",""coordinates"":[]}"
24767_0,0.18289286,0.0041841003,0.22849424,2024-04-21,24767,"{""type"":""MultiPoint"",""coordinates"":[]}"
24768_0,0.07829565,0.4382767,0.07359307,2024-04-21,24768,"{""type"":""MultiPoint"",""coordinates"":[]}"
24775_0,0.076154806,0.6076433,0.064080946,2024-04-21,24775,"{""type"":""MultiPoint"",""coordinates"":[]}"
24789_0,0.23822464,0.47263157,0.24910714,2024-04-21,24789,"{""type"":""MultiPoint"",""coordinates"":[]}"
24799_0,0.14462353,0.6794195,0.13584653,2024-04-21,24799,"{""type"":""MultiPoint"",""coordinates"":[]}"
24805_0,0.22217295,0.6581728,0.2066938,2024-04-21,24805,"{""type"":""MultiPoint"",""coordinates"":[]}"
24807_0,0.10096819,0.599081,0.10061277,2024-04-21,24807,"{""type"":""MultiPoint"",""coordinates"":[]}"
24808_0,0.08293461,0.5887393,0.060457516,2024-04-21,24808,"{""type"":""MultiPoint"",""coordinates"":[]}"
24811_0,0.29030722,0.75899637,0.28261915,2024-04-21,24811,"{""type"":""MultiPoint"",""coordinates"":[]}"
24812_0,0.24601257,0.75274724,0.24124514,2024-04-21,24812,"{""type"":""MultiPoint"",""coordinates"":[]}"
24813_0,0.23342294,0.76355326,0.2242122,2024-04-21,24813,"{""type"":""MultiPoint"",""coordinates"":[]}"
24815_0,0.1764151,0.6906377,0.17602643,2024-04-21,24815,"{""type"":""MultiPoint"",""coordinates"":[]}"
24818_0,0.28713912,0.7854821,0.2908616,2024-04-21,24818,"{""type"":""MultiPoint"",""coordinates"":[]}"
24819_0,0.2836914,0.7904634,0.29010403,2024-04-21,24819,"{""type"":""MultiPoint"",""coordinates"":[]}"
24824_0,0.268,0.7584077,0.27272728,2024-04-21,24824,"{""type"":""MultiPoint"",""coordinates"":[]}"
24825_0,0.0687631,0.60208744,0.050245885,2024-04-21,24825,"{""type"":""MultiPoint"",""coordinates"":[]}"
24834_0,0.17490032,0.73937947,0.20982736,2024-04-21,24834,"{""type"":""MultiPoint"",""coordinates"":[]}"
24937_0,0.26436123,0.67558527,0.21786691,2024-04-21,24937,"{""type"":""MultiPoint"",""coordinates"":[]}"
24972_0,0.29400662,0.6907083,0.26988775,2024-04-21,24972,"{""type"":""MultiPoint"",""coordinates"":[]}"
24973_0,0.17524198,0.6939556,0.1552309,2024-04-21,24973,"{""type"":""MultiPoint"",""coordinates"":[]}"
24974_0,0.22120239,0.6848912,0.2561911,2024-04-21,24974,"{""type"":""MultiPoint"",""coordinates"":[]}"
24975_0,0.19288936,0.5414365,0.18944845,2024-04-21,24975,"{""type"":""MultiPoint"",""coordinates"":[]}"
24976_0,0.21945319,0.6395427,0.20365342,2024-04-21,24976,"{""type"":""MultiPoint"",""coordinates"":[]}"
24977_0,0.27666667,0.68121564,0.26244235,2024-04-21,24977,"{""type"":""MultiPoint"",""coordinates"":[]}"
24978_0,0.14856161,0.5153846,0.16346762,2024-04-21,24978,"{""type"":""MultiPoint"",""coordinates"":[]}"
24979_0,0.03948916,0.42954656,0.012780656,2024-04-21,24979,"{""type"":""MultiPoint"",""coordinates"":[]}"
24980_0,0.28633094,0.72487265,0.30483532,2024-04-21,24980,"{""type"":""MultiPoint"",""coordinates"":[]}"
24981_0,-0.03229318,0.3366435,-0.027632292,2024-04-21,24981,"{""type"":""MultiPoint"",""coordinates"":[]}"
24982_0,0.1838763,0.67164177,0.16732395,2024-04-21,24982,"{""type"":""MultiPoint"",""coordinates"":[]}"
24983_0,0.11697309,0.6061093,0.093296856,2024-04-21,24983,"{""type"":""MultiPoint"",""coordinates"":[]}"
24984_0,0.1706842,0.6838996,0.14486568,2024-04-21,24984,"{""type"":""MultiPoint"",""coordinates"":[]}"
24985_0,0.27940857,0.71072173,0.26956138,2024-04-21,24985,"{""type"":""MultiPoint"",""coordinates"":[]}"
24991_0,0.14667842,0.52298623,0.1435315,2024-04-21,24991,"{""type"":""MultiPoint"",""coordinates"":[]}"
