system:index,NDII,NDVI,NDWI,date,point_id,.geo
1_0,0.22123566,0.7,0.19549015,2024-05-21,1,"{""type"":""MultiPoint"",""coordinates"":[]}"
2_0,0.16297261,0.56866235,0.15692712,2024-05-21,2,"{""type"":""MultiPoint"",""coordinates"":[]}"
4_0,0.09247521,0.54435486,0.04644809,2024-05-21,4,"{""type"":""MultiPoint"",""coordinates"":[]}"
5_0,0.23802505,0.7245509,0.21008404,2024-05-21,5,"{""type"":""MultiPoint"",""coordinates"":[]}"
6_0,-0.0024279212,0.45153433,-0.051408563,2024-05-21,6,"{""type"":""MultiPoint"",""coordinates"":[]}"
7_0,0.033565354,0.5248563,-0.0116580315,2024-05-21,7,"{""type"":""MultiPoint"",""coordinates"":[]}"
8_0,0.21277553,0.73525417,0.2917847,2024-05-21,8,"{""type"":""MultiPoint"",""coordinates"":[]}"
9_0,0.12379383,0.06868867,0.12554316,2024-05-21,9,"{""type"":""MultiPoint"",""coordinates"":[]}"
10_0,0.23948082,0.6849088,0.2077266,2024-05-21,10,"{""type"":""MultiPoint"",""coordinates"":[]}"
11_0,0.19155093,0.6693323,0.2326284,2024-05-21,11,"{""type"":""MultiPoint"",""coordinates"":[]}"
12_0,0.320766,0.6720939,0.3209692,2024-05-21,12,"{""type"":""MultiPoint"",""coordinates"":[]}"
13_0,0.15701091,0.47524366,0.11359623,2024-05-21,13,"{""type"":""MultiPoint"",""coordinates"":[]}"
14_0,0.22841316,0.677783,0.2026936,2024-05-21,14,"{""type"":""MultiPoint"",""coordinates"":[]}"
15_0,0.37124464,0.71159875,0.30154946,2024-05-21,15,"{""type"":""MultiPoint"",""coordinates"":[]}"
16_0,0.30178434,0.644994,0.2940069,2024-05-21,16,"{""type"":""MultiPoint"",""coordinates"":[]}"
17_0,0.3718073,0.84672207,0.3461215,2024-05-21,17,"{""type"":""MultiPoint"",""coordinates"":[]}"
18_0,0.11938037,0.67289966,0.09687446,2024-05-21,18,"{""type"":""MultiPoint"",""coordinates"":[]}"
19_0,0.24178763,0.78185743,0.24881741,2024-05-21,19,"{""type"":""MultiPoint"",""coordinates"":[]}"
20_0,0.2685385,0.7776224,0.25036892,2024-05-21,20,"{""type"":""MultiPoint"",""coordinates"":[]}"
21_0,0.046626233,0.49324688,0.047168024,2024-05-21,21,"{""type"":""MultiPoint"",""coordinates"":[]}"
22_0,0.148354,0.6587585,0.123239435,2024-05-21,22,"{""type"":""MultiPoint"",""coordinates"":[]}"
23_0,0.107481726,0.60583234,0.070468165,2024-05-21,23,"{""type"":""MultiPoint"",""coordinates"":[]}"
24_0,0.12592252,0.5514215,0.07673569,2024-05-21,24,"{""type"":""MultiPoint"",""coordinates"":[]}"
26_0,0.18683651,0.68871593,0.15246736,2024-05-21,26,"{""type"":""MultiPoint"",""coordinates"":[]}"
27_0,0.033494536,0.4470339,0.0062615103,2024-05-21,27,"{""type"":""MultiPoint"",""coordinates"":[]}"
28_0,0.15987964,0.67984694,0.1142132,2024-05-21,28,"{""type"":""MultiPoint"",""coordinates"":[]}"
29_0,0.14372717,0.485623,0.13900796,2024-05-21,29,"{""type"":""MultiPoint"",""coordinates"":[]}"
30_0,0.08173258,0.62091506,0.07826087,2024-05-21,30,"{""type"":""MultiPoint"",""coordinates"":[]}"
31_0,0.052870356,0.49200326,0.0069520674,2024-05-21,31,"{""type"":""MultiPoint"",""coordinates"":[]}"
32_0,0.19175705,0.6147974,0.19228268,2024-05-21,32,"{""type"":""MultiPoint"",""coordinates"":[]}"
33_0,0.104122244,0.61927974,0.08510252,2024-05-21,33,"{""type"":""MultiPoint"",""coordinates"":[]}"
34_0,0.38664934,0.8265225,0.41996312,2024-05-21,34,"{""type"":""MultiPoint"",""coordinates"":[]}"
35_0,0.107703544,0.5758218,0.097488925,2024-05-21,35,"{""type"":""MultiPoint"",""coordinates"":[]}"
36_0,0.08273258,0.31848985,0.009636768,2024-05-21,36,"{""type"":""MultiPoint"",""coordinates"":[]}"
37_0,0.117966205,0.47430998,0.09925598,2024-05-21,37,"{""type"":""MultiPoint"",""coordinates"":[]}"
38_0,0.18781726,0.67479676,0.34640524,2024-05-21,38,"{""type"":""MultiPoint"",""coordinates"":[]}"
39_0,0.057255376,0.532,-0.0077720205,2024-05-21,39,"{""type"":""MultiPoint"",""coordinates"":[]}"
40_0,-0.01765754,0.42553192,-0.054911837,2024-05-21,40,"{""type"":""MultiPoint"",""coordinates"":[]}"
41_0,0.14475955,0.38663745,0.18706048,2024-05-21,41,"{""type"":""MultiPoint"",""coordinates"":[]}"
42_0,0.0634467,0.23958333,0.074947074,2024-05-21,42,"{""type"":""MultiPoint"",""coordinates"":[]}"
43_0,0.08043133,0.40935114,0.06354635,2024-05-21,43,"{""type"":""MultiPoint"",""coordinates"":[]}"
44_0,0.03512138,0.015801355,0.042787388,2024-05-21,44,"{""type"":""MultiPoint"",""coordinates"":[]}"
45_0,0.119218744,4.0766408E-4,0.10026341,2024-05-21,45,"{""type"":""MultiPoint"",""coordinates"":[]}"
46_0,0.16827853,0.67527175,0.1206544,2024-05-21,46,"{""type"":""MultiPoint"",""coordinates"":[]}"
47_0,-0.05618764,0.38272867,-0.05434213,2024-05-21,47,"{""type"":""MultiPoint"",""coordinates"":[]}"
185_0,0.1648707,0.7179385,0.16216215,2024-05-21,185,"{""type"":""MultiPoint"",""coordinates"":[]}"
186_0,0.17950621,0.67456555,0.17996289,2024-05-21,186,"{""type"":""MultiPoint"",""coordinates"":[]}"
188_0,0.098538265,0.6298255,0.08083465,2024-05-21,188,"{""type"":""MultiPoint"",""coordinates"":[]}"
190_0,0.1859741,0.714736,0.13569938,2024-05-21,190,"{""type"":""MultiPoint"",""coordinates"":[]}"
191_0,0.095213585,0.57872564,0.064063884,2024-05-21,191,"{""type"":""MultiPoint"",""coordinates"":[]}"
192_0,0.12648743,0.64193326,0.09786072,2024-05-21,192,"{""type"":""MultiPoint"",""coordinates"":[]}"
193_0,0.30574575,0.7374543,0.38306877,2024-05-21,193,"{""type"":""MultiPoint"",""coordinates"":[]}"
194_0,-0.021899886,0.43090832,-0.03888969,2024-05-21,194,"{""type"":""MultiPoint"",""coordinates"":[]}"
201_0,0.16434109,0.62848896,0.22166064,2024-05-21,201,"{""type"":""MultiPoint"",""coordinates"":[]}"
207_0,0.10784314,0.47493163,-0.22323571,2024-05-21,207,"{""type"":""MultiPoint"",""coordinates"":[]}"
209_0,0.16786626,0.60158837,0.14909782,2024-05-21,209,"{""type"":""MultiPoint"",""coordinates"":[]}"
210_0,0.043287326,0.43406594,0.013264316,2024-05-21,210,"{""type"":""MultiPoint"",""coordinates"":[]}"
212_0,0.14314516,0.59456015,0.11550468,2024-05-21,212,"{""type"":""MultiPoint"",""coordinates"":[]}"
213_0,0.26258007,0.5404531,0.27842435,2024-05-21,213,"{""type"":""MultiPoint"",""coordinates"":[]}"
214_0,0.33924612,0.79954094,0.32731378,2024-05-21,214,"{""type"":""MultiPoint"",""coordinates"":[]}"
215_0,0.33405572,0.8873065,0.3601071,2024-05-21,215,"{""type"":""MultiPoint"",""coordinates"":[]}"
217_0,0.05838183,0.035437882,0.0067326734,2024-05-21,217,"{""type"":""MultiPoint"",""coordinates"":[]}"
218_0,0.13922979,0.49736843,0.05614849,2024-05-21,218,"{""type"":""MultiPoint"",""coordinates"":[]}"
219_0,0.09936575,0.02970297,0.110234395,2024-05-21,219,"{""type"":""MultiPoint"",""coordinates"":[]}"
220_0,0.23225807,0.40406978,0.15,2024-05-21,220,"{""type"":""MultiPoint"",""coordinates"":[]}"
222_0,0.015513898,0.24899599,0.1012098,2024-05-21,222,"{""type"":""MultiPoint"",""coordinates"":[]}"
223_0,0.11067961,0.62609094,0.086389445,2024-05-21,223,"{""type"":""MultiPoint"",""coordinates"":[]}"
224_0,0.11323811,0.5723655,0.088542454,2024-05-21,224,"{""type"":""MultiPoint"",""coordinates"":[]}"
225_0,0.116680115,7.733952E-4,0.083355136,2024-05-21,225,"{""type"":""MultiPoint"",""coordinates"":[]}"
227_0,0.08406414,0.023986045,0.1245884,2024-05-21,227,"{""type"":""MultiPoint"",""coordinates"":[]}"
228_0,0.193164,0.54370236,0.14475653,2024-05-21,228,"{""type"":""MultiPoint"",""coordinates"":[]}"
229_0,0.2290045,0.65356857,0.37329337,2024-05-21,229,"{""type"":""MultiPoint"",""coordinates"":[]}"
230_0,0.20038095,0.5792448,0.18847863,2024-05-21,230,"{""type"":""MultiPoint"",""coordinates"":[]}"
231_0,0.034345187,0.15522388,0.053150777,2024-05-21,231,"{""type"":""MultiPoint"",""coordinates"":[]}"
232_0,0.16615833,0.34407735,0.22827688,2024-05-21,232,"{""type"":""MultiPoint"",""coordinates"":[]}"
233_0,0.07820151,0.20194647,0.11986399,2024-05-21,233,"{""type"":""MultiPoint"",""coordinates"":[]}"
234_0,0.16469838,0.66000974,0.13128631,2024-05-21,234,"{""type"":""MultiPoint"",""coordinates"":[]}"
235_0,0.15548623,0.6232465,0.14164905,2024-05-21,235,"{""type"":""MultiPoint"",""coordinates"":[]}"
236_0,0.17181937,0.7202718,0.15777439,2024-05-21,236,"{""type"":""MultiPoint"",""coordinates"":[]}"
237_0,0.061974693,0.10920771,0.100761466,2024-05-21,237,"{""type"":""MultiPoint"",""coordinates"":[]}"
240_0,0.1270553,0.47860697,0.061428573,2024-05-21,240,"{""type"":""MultiPoint"",""coordinates"":[]}"
242_0,0.2013788,0.63112533,0.20152368,2024-05-21,242,"{""type"":""MultiPoint"",""coordinates"":[]}"
243_0,0.18094492,0.6157518,0.12903899,2024-05-21,243,"{""type"":""MultiPoint"",""coordinates"":[]}"
244_0,0.21441513,0.73255813,0.20867978,2024-05-21,244,"{""type"":""MultiPoint"",""coordinates"":[]}"
245_0,0.22789116,0.696793,0.1886648,2024-05-21,245,"{""type"":""MultiPoint"",""coordinates"":[]}"
246_0,0.2308532,0.7752746,0.19711356,2024-05-21,246,"{""type"":""MultiPoint"",""coordinates"":[]}"
249_0,0.31375957,0.8064516,0.27853882,2024-05-21,249,"{""type"":""MultiPoint"",""coordinates"":[]}"
252_0,0.21015976,0.75585073,0.1802721,2024-05-21,252,"{""type"":""MultiPoint"",""coordinates"":[]}"
255_0,0.17642735,0.53174335,0.15136978,2024-05-21,255,"{""type"":""MultiPoint"",""coordinates"":[]}"
257_0,0.15154827,0.67266864,0.14390737,2024-05-21,257,"{""type"":""MultiPoint"",""coordinates"":[]}"
258_0,0.26254433,0.77428573,0.2612338,2024-05-21,258,"{""type"":""MultiPoint"",""coordinates"":[]}"
263_0,0.04020909,0.554256,0.0010462439,2024-05-21,263,"{""type"":""MultiPoint"",""coordinates"":[]}"
264_0,0.25665495,0.78345156,0.259012,2024-05-21,264,"{""type"":""MultiPoint"",""coordinates"":[]}"
265_0,0.22955887,0.6652858,0.18899734,2024-05-21,265,"{""type"":""MultiPoint"",""coordinates"":[]}"
266_0,0.25206923,0.6249189,0.25356695,2024-05-21,266,"{""type"":""MultiPoint"",""coordinates"":[]}"
267_0,0.164601,0.6673455,0.12222984,2024-05-21,267,"{""type"":""MultiPoint"",""coordinates"":[]}"
268_0,0.2550664,0.7509133,0.24486423,2024-05-21,268,"{""type"":""MultiPoint"",""coordinates"":[]}"
270_0,0.15568863,0.53601956,0.054484494,2024-05-21,270,"{""type"":""MultiPoint"",""coordinates"":[]}"
271_0,0.13515721,0.58844763,0.10970996,2024-05-21,271,"{""type"":""MultiPoint"",""coordinates"":[]}"
272_0,0.028752727,0.6101485,0.030291032,2024-05-21,272,"{""type"":""MultiPoint"",""coordinates"":[]}"
273_0,0.1232488,0.550173,0.11840228,2024-05-21,273,"{""type"":""MultiPoint"",""coordinates"":[]}"
274_0,0.20666163,0.6896359,0.1799687,2024-05-21,274,"{""type"":""MultiPoint"",""coordinates"":[]}"
276_0,0.1489533,0.648187,0.13075657,2024-05-21,276,"{""type"":""MultiPoint"",""coordinates"":[]}"
277_0,0.052671183,0.4888583,0.03598775,2024-05-21,277,"{""type"":""MultiPoint"",""coordinates"":[]}"
278_0,0.1724138,0.6097324,0.13055366,2024-05-21,278,"{""type"":""MultiPoint"",""coordinates"":[]}"
279_0,0.06726457,0.027151052,-0.10675091,2024-05-21,279,"{""type"":""MultiPoint"",""coordinates"":[]}"
280_0,0.25044227,0.7260982,0.2237634,2024-05-21,280,"{""type"":""MultiPoint"",""coordinates"":[]}"
281_0,0.20483251,0.7113569,0.18712574,2024-05-21,281,"{""type"":""MultiPoint"",""coordinates"":[]}"
282_0,0.05094721,0.52815014,0.049723756,2024-05-21,282,"{""type"":""MultiPoint"",""coordinates"":[]}"
283_0,0.057275217,0.042706132,0.048357956,2024-05-21,283,"{""type"":""MultiPoint"",""coordinates"":[]}"
284_0,0.10725995,0.47068867,0.15100223,2024-05-21,284,"{""type"":""MultiPoint"",""coordinates"":[]}"
285_0,0.011814871,0.09021113,0.010496353,2024-05-21,285,"{""type"":""MultiPoint"",""coordinates"":[]}"
286_0,-0.01816347,0.4056967,-0.04994797,2024-05-21,286,"{""type"":""MultiPoint"",""coordinates"":[]}"
287_0,0.1703274,0.6630915,0.13669685,2024-05-21,287,"{""type"":""MultiPoint"",""coordinates"":[]}"
288_0,0.06140351,0.5866543,0.032258064,2024-05-21,288,"{""type"":""MultiPoint"",""coordinates"":[]}"
289_0,0.10394843,0.48994708,0.11746032,2024-05-21,289,"{""type"":""MultiPoint"",""coordinates"":[]}"
290_0,0.16872428,0.7224199,0.11546439,2024-05-21,290,"{""type"":""MultiPoint"",""coordinates"":[]}"
291_0,-0.0065671643,0.07728558,0.1510574,2024-05-21,291,"{""type"":""MultiPoint"",""coordinates"":[]}"
292_0,0.11627907,7.4738415E-4,0.15555556,2024-05-21,292,"{""type"":""MultiPoint"",""coordinates"":[]}"
293_0,0.3354218,0.7599025,0.32083237,2024-05-21,293,"{""type"":""MultiPoint"",""coordinates"":[]}"
294_0,0.22164412,0.6963563,0.38283828,2024-05-21,294,"{""type"":""MultiPoint"",""coordinates"":[]}"
295_0,0.21875,0.63791007,0.19265649,2024-05-21,295,"{""type"":""MultiPoint"",""coordinates"":[]}"
296_0,0.2533116,0.73685807,0.21876332,2024-05-21,296,"{""type"":""MultiPoint"",""coordinates"":[]}"
297_0,0.060198713,0.5470588,0.04323681,2024-05-21,297,"{""type"":""MultiPoint"",""coordinates"":[]}"
432_0,0.22853407,0.7779619,0.23564129,2024-05-21,432,"{""type"":""MultiPoint"",""coordinates"":[]}"
433_0,0.17605858,0.6318709,0.11126374,2024-05-21,433,"{""type"":""MultiPoint"",""coordinates"":[]}"
436_0,0.28015563,0.6573705,0.2957259,2024-05-21,436,"{""type"":""MultiPoint"",""coordinates"":[]}"
437_0,0.0899705,0.5915493,0.0792419,2024-05-21,437,"{""type"":""MultiPoint"",""coordinates"":[]}"
438_0,0.23515981,0.7513158,0.22757667,2024-05-21,438,"{""type"":""MultiPoint"",""coordinates"":[]}"
440_0,0.012578616,0.02050811,-0.0061852597,2024-05-21,440,"{""type"":""MultiPoint"",""coordinates"":[]}"
441_0,0.01610018,0.5451713,-0.05162524,2024-05-21,441,"{""type"":""MultiPoint"",""coordinates"":[]}"
443_0,0.33547115,0.82153845,0.32834706,2024-05-21,443,"{""type"":""MultiPoint"",""coordinates"":[]}"
444_0,0.036954086,0.33461538,-0.106821105,2024-05-21,444,"{""type"":""MultiPoint"",""coordinates"":[]}"
448_0,0.16698995,0.6194332,0.15066522,2024-05-21,448,"{""type"":""MultiPoint"",""coordinates"":[]}"
449_0,0.2091768,0.2345679,-0.14230019,2024-05-21,449,"{""type"":""MultiPoint"",""coordinates"":[]}"
450_0,0.11408677,0.46435985,0.12254642,2024-05-21,450,"{""type"":""MultiPoint"",""coordinates"":[]}"
452_0,0.23617552,0.70464134,0.2030523,2024-05-21,452,"{""type"":""MultiPoint"",""coordinates"":[]}"
453_0,0.06783249,0.027342,-0.049751244,2024-05-21,453,"{""type"":""MultiPoint"",""coordinates"":[]}"
454_0,0.15618221,0.5476575,0.10368664,2024-05-21,454,"{""type"":""MultiPoint"",""coordinates"":[]}"
456_0,0.050151058,0.1229891,0.04819569,2024-05-21,456,"{""type"":""MultiPoint"",""coordinates"":[]}"
457_0,0.111569636,0.45603943,0.08081732,2024-05-21,457,"{""type"":""MultiPoint"",""coordinates"":[]}"
459_0,0.05511811,0.14660831,0.026301064,2024-05-21,459,"{""type"":""MultiPoint"",""coordinates"":[]}"
460_0,0.18406889,0.4640884,0.16611661,2024-05-21,460,"{""type"":""MultiPoint"",""coordinates"":[]}"
461_0,0.10995339,0.5576283,0.18050997,2024-05-21,461,"{""type"":""MultiPoint"",""coordinates"":[]}"
463_0,0.06005695,0.3802817,0.0126444595,2024-05-21,463,"{""type"":""MultiPoint"",""coordinates"":[]}"
464_0,0.084581085,0.018054163,0.08281104,2024-05-21,464,"{""type"":""MultiPoint"",""coordinates"":[]}"
465_0,0.10985806,-0.006392694,0.11797573,2024-05-21,465,"{""type"":""MultiPoint"",""coordinates"":[]}"
467_0,0.274673,0.48448688,0.20933247,2024-05-21,467,"{""type"":""MultiPoint"",""coordinates"":[]}"
468_0,0.28368282,0.74452555,0.23323013,2024-05-21,468,"{""type"":""MultiPoint"",""coordinates"":[]}"
470_0,0.25200704,0.7064846,0.22199592,2024-05-21,470,"{""type"":""MultiPoint"",""coordinates"":[]}"
471_0,0.03800995,0.027806384,0.0481129,2024-05-21,471,"{""type"":""MultiPoint"",""coordinates"":[]}"
472_0,0.080880575,0.050317537,0.20288132,2024-05-21,472,"{""type"":""MultiPoint"",""coordinates"":[]}"
473_0,0.037783377,0.44848037,0.011387164,2024-05-21,473,"{""type"":""MultiPoint"",""coordinates"":[]}"
474_0,0.053173505,0.043952715,0.05571308,2024-05-21,474,"{""type"":""MultiPoint"",""coordinates"":[]}"
475_0,0.22524065,0.7146473,0.19884981,2024-05-21,475,"{""type"":""MultiPoint"",""coordinates"":[]}"
478_0,0.18605958,0.62003666,-0.043979812,2024-05-21,478,"{""type"":""MultiPoint"",""coordinates"":[]}"
479_0,0.12389814,0.27626458,0.0041747843,2024-05-21,479,"{""type"":""MultiPoint"",""coordinates"":[]}"
480_0,0.18371645,0.6136821,0.1593784,2024-05-21,480,"{""type"":""MultiPoint"",""coordinates"":[]}"
481_0,0.17898652,0.46558318,0.07296588,2024-05-21,481,"{""type"":""MultiPoint"",""coordinates"":[]}"
482_0,0.20152414,0.65838116,0.15953654,2024-05-21,482,"{""type"":""MultiPoint"",""coordinates"":[]}"
483_0,0.13270882,0.44929355,0.018984547,2024-05-21,483,"{""type"":""MultiPoint"",""coordinates"":[]}"
484_0,0.16389868,0.6378885,0.14246386,2024-05-21,484,"{""type"":""MultiPoint"",""coordinates"":[]}"
485_0,0.19809069,0.6721805,0.17299578,2024-05-21,485,"{""type"":""MultiPoint"",""coordinates"":[]}"
486_0,0.17328626,0.5107008,0.12324493,2024-05-21,486,"{""type"":""MultiPoint"",""coordinates"":[]}"
487_0,0.144473,0.6135627,0.12909979,2024-05-21,487,"{""type"":""MultiPoint"",""coordinates"":[]}"
488_0,0.28738463,0.76783216,0.2416503,2024-05-21,488,"{""type"":""MultiPoint"",""coordinates"":[]}"
489_0,0.23307493,0.7862233,0.20641711,2024-05-21,489,"{""type"":""MultiPoint"",""coordinates"":[]}"
490_0,0.1440501,0.68666667,0.104803495,2024-05-21,490,"{""type"":""MultiPoint"",""coordinates"":[]}"
491_0,0.26030466,0.75149214,0.32322198,2024-05-21,491,"{""type"":""MultiPoint"",""coordinates"":[]}"
492_0,0.32145923,0.81688887,0.319561,2024-05-21,492,"{""type"":""MultiPoint"",""coordinates"":[]}"
493_0,0.23816083,0.838,0.2486413,2024-05-21,493,"{""type"":""MultiPoint"",""coordinates"":[]}"
494_0,0.17331022,0.65680474,0.13821138,2024-05-21,494,"{""type"":""MultiPoint"",""coordinates"":[]}"
495_0,0.20972791,0.71865445,0.15608126,2024-05-21,495,"{""type"":""MultiPoint"",""coordinates"":[]}"
496_0,0.34156927,0.8916067,0.33333334,2024-05-21,496,"{""type"":""MultiPoint"",""coordinates"":[]}"
497_0,0.2562115,0.8070533,0.24723396,2024-05-21,497,"{""type"":""MultiPoint"",""coordinates"":[]}"
499_0,0.23606116,0.73634285,0.21938893,2024-05-21,499,"{""type"":""MultiPoint"",""coordinates"":[]}"
500_0,0.2910663,0.7900553,0.2155318,2024-05-21,500,"{""type"":""MultiPoint"",""coordinates"":[]}"
501_0,0.009771078,0.53517365,-0.014152966,2024-05-21,501,"{""type"":""MultiPoint"",""coordinates"":[]}"
502_0,0.14752759,0.6791094,0.1027957,2024-05-21,502,"{""type"":""MultiPoint"",""coordinates"":[]}"
503_0,0.1075419,0.50274223,0.12525667,2024-05-21,503,"{""type"":""MultiPoint"",""coordinates"":[]}"
504_0,0.100442626,0.67727774,0.07265707,2024-05-21,504,"{""type"":""MultiPoint"",""coordinates"":[]}"
506_0,0.25251573,0.63942504,0.253572,2024-05-21,506,"{""type"":""MultiPoint"",""coordinates"":[]}"
508_0,0.30852196,0.83936745,0.32019114,2024-05-21,508,"{""type"":""MultiPoint"",""coordinates"":[]}"
509_0,0.16945355,0.5910931,0.13236089,2024-05-21,509,"{""type"":""MultiPoint"",""coordinates"":[]}"
510_0,0.21587063,0.76097834,0.2061679,2024-05-21,510,"{""type"":""MultiPoint"",""coordinates"":[]}"
511_0,0.06475129,0.6066139,0.033458896,2024-05-21,511,"{""type"":""MultiPoint"",""coordinates"":[]}"
515_0,0.14147572,0.6227582,0.12473211,2024-05-21,515,"{""type"":""MultiPoint"",""coordinates"":[]}"
516_0,0.14061478,0.6388889,0.113958195,2024-05-21,516,"{""type"":""MultiPoint"",""coordinates"":[]}"
517_0,0.31071836,0.7998495,0.32851985,2024-05-21,517,"{""type"":""MultiPoint"",""coordinates"":[]}"
518_0,0.22769517,0.61494255,0.33969012,2024-05-21,518,"{""type"":""MultiPoint"",""coordinates"":[]}"
519_0,0.2232,0.73007196,0.21503638,2024-05-21,519,"{""type"":""MultiPoint"",""coordinates"":[]}"
520_0,0.23508595,0.7219796,0.21990204,2024-05-21,520,"{""type"":""MultiPoint"",""coordinates"":[]}"
522_0,0.26289806,0.76045763,0.24500632,2024-05-21,522,"{""type"":""MultiPoint"",""coordinates"":[]}"
523_0,0.06956202,0.5148342,0.014809041,2024-05-21,523,"{""type"":""MultiPoint"",""coordinates"":[]}"
524_0,0.22434418,0.6634027,0.19053876,2024-05-21,524,"{""type"":""MultiPoint"",""coordinates"":[]}"
525_0,0.17328678,0.6781457,0.14453478,2024-05-21,525,"{""type"":""MultiPoint"",""coordinates"":[]}"
526_0,0.19983065,0.7364954,0.16482545,2024-05-21,526,"{""type"":""MultiPoint"",""coordinates"":[]}"
527_0,0.01830796,0.5284943,1.9627085E-4,2024-05-21,527,"{""type"":""MultiPoint"",""coordinates"":[]}"
528_0,0.09811541,0.63275135,0.07768726,2024-05-21,528,"{""type"":""MultiPoint"",""coordinates"":[]}"
529_0,0.0631829,0.59351987,0.046421662,2024-05-21,529,"{""type"":""MultiPoint"",""coordinates"":[]}"
530_0,0.26930693,0.72526526,0.23964559,2024-05-21,530,"{""type"":""MultiPoint"",""coordinates"":[]}"
531_0,0.060674693,0.4018006,0.032416504,2024-05-21,531,"{""type"":""MultiPoint"",""coordinates"":[]}"
532_0,0.19158989,0.68251747,0.16881225,2024-05-21,532,"{""type"":""MultiPoint"",""coordinates"":[]}"
533_0,-0.039046444,0.4874372,-0.076049946,2024-05-21,533,"{""type"":""MultiPoint"",""coordinates"":[]}"
534_0,0.02202643,0.4214047,-0.17914051,2024-05-21,534,"{""type"":""MultiPoint"",""coordinates"":[]}"
535_0,-0.028410865,0.4275996,-0.057124518,2024-05-21,535,"{""type"":""MultiPoint"",""coordinates"":[]}"
536_0,0.22525458,0.7001195,0.19882056,2024-05-21,536,"{""type"":""MultiPoint"",""coordinates"":[]}"
537_0,0.08914474,0.51454544,0.092279956,2024-05-21,537,"{""type"":""MultiPoint"",""coordinates"":[]}"
538_0,0.034515668,0.57264054,-0.011498083,2024-05-21,538,"{""type"":""MultiPoint"",""coordinates"":[]}"
539_0,0.11620748,0.55602896,0.11973018,2024-05-21,539,"{""type"":""MultiPoint"",""coordinates"":[]}"
540_0,0.099393204,0.01809003,0.13209754,2024-05-21,540,"{""type"":""MultiPoint"",""coordinates"":[]}"
541_0,0.08793009,0.54068524,0.06929222,2024-05-21,541,"{""type"":""MultiPoint"",""coordinates"":[]}"
542_0,0.022164276,0.5927602,-0.031636864,2024-05-21,542,"{""type"":""MultiPoint"",""coordinates"":[]}"
543_0,0.13128716,0.47857794,0.09097024,2024-05-21,543,"{""type"":""MultiPoint"",""coordinates"":[]}"
544_0,-0.056345265,0.40280113,-0.103793845,2024-05-21,544,"{""type"":""MultiPoint"",""coordinates"":[]}"
545_0,0.08598131,0.4962742,0.013118062,2024-05-21,545,"{""type"":""MultiPoint"",""coordinates"":[]}"
546_0,0.13118812,0.605948,0.10344828,2024-05-21,546,"{""type"":""MultiPoint"",""coordinates"":[]}"
547_0,0.28908187,0.758092,0.2859813,2024-05-21,547,"{""type"":""MultiPoint"",""coordinates"":[]}"
548_0,0.24981757,0.73189753,0.2039236,2024-05-21,548,"{""type"":""MultiPoint"",""coordinates"":[]}"
713_0,0.11454312,0.60749507,0.08449767,2024-05-21,713,"{""type"":""MultiPoint"",""coordinates"":[]}"
716_0,-0.061978124,0.41963017,-0.061478782,2024-05-21,716,"{""type"":""MultiPoint"",""coordinates"":[]}"
717_0,0.1563845,0.7085263,0.14285715,2024-05-21,717,"{""type"":""MultiPoint"",""coordinates"":[]}"
718_0,0.17473963,0.6406397,0.1657754,2024-05-21,718,"{""type"":""MultiPoint"",""coordinates"":[]}"
719_0,0.17662226,0.69186604,0.16112085,2024-05-21,719,"{""type"":""MultiPoint"",""coordinates"":[]}"
720_0,0.15524746,0.7210852,0.15971777,2024-05-21,720,"{""type"":""MultiPoint"",""coordinates"":[]}"
722_0,0.08232314,0.5661605,0.064896755,2024-05-21,722,"{""type"":""MultiPoint"",""coordinates"":[]}"
723_0,0.24229808,0.5417661,0.17347866,2024-05-21,723,"{""type"":""MultiPoint"",""coordinates"":[]}"
726_0,0.19838369,0.67356324,0.16596596,2024-05-21,726,"{""type"":""MultiPoint"",""coordinates"":[]}"
727_0,0.111448325,0.5759735,0.08043972,2024-05-21,727,"{""type"":""MultiPoint"",""coordinates"":[]}"
728_0,0.09389596,0.6346056,0.06622407,2024-05-21,728,"{""type"":""MultiPoint"",""coordinates"":[]}"
729_0,0.18368135,0.698158,0.15033206,2024-05-21,729,"{""type"":""MultiPoint"",""coordinates"":[]}"
730_0,0.16873355,0.6670507,0.13356835,2024-05-21,730,"{""type"":""MultiPoint"",""coordinates"":[]}"
731_0,0.22549526,0.6777996,0.2062147,2024-05-21,731,"{""type"":""MultiPoint"",""coordinates"":[]}"
733_0,0.13907285,0.49015933,0.1521739,2024-05-21,733,"{""type"":""MultiPoint"",""coordinates"":[]}"
734_0,0.30144268,0.70304114,0.26595744,2024-05-21,734,"{""type"":""MultiPoint"",""coordinates"":[]}"
735_0,0.082073994,0.28078818,0.11292962,2024-05-21,735,"{""type"":""MultiPoint"",""coordinates"":[]}"
740_0,0.044820078,0.027417028,0.067799784,2024-05-21,740,"{""type"":""MultiPoint"",""coordinates"":[]}"
741_0,0.012320024,0.31544653,0.015534842,2024-05-21,741,"{""type"":""MultiPoint"",""coordinates"":[]}"
743_0,0.13350041,0.37433374,0.12767032,2024-05-21,743,"{""type"":""MultiPoint"",""coordinates"":[]}"
744_0,0.22535485,0.62673795,0.20858164,2024-05-21,744,"{""type"":""MultiPoint"",""coordinates"":[]}"
745_0,0.14041205,0.56967014,0.080677964,2024-05-21,745,"{""type"":""MultiPoint"",""coordinates"":[]}"
746_0,0.10822387,0.4868526,0.08884026,2024-05-21,746,"{""type"":""MultiPoint"",""coordinates"":[]}"
747_0,0.20074666,0.4972931,0.2436165,2024-05-21,747,"{""type"":""MultiPoint"",""coordinates"":[]}"
749_0,0.052995846,0.021978023,-0.07848215,2024-05-21,749,"{""type"":""MultiPoint"",""coordinates"":[]}"
750_0,0.24882334,0.6736251,0.21790265,2024-05-21,750,"{""type"":""MultiPoint"",""coordinates"":[]}"
751_0,-7.7948396E-5,0.04579025,0.04927751,2024-05-21,751,"{""type"":""MultiPoint"",""coordinates"":[]}"
753_0,0.17126623,0.5730212,0.16036184,2024-05-21,753,"{""type"":""MultiPoint"",""coordinates"":[]}"
754_0,0.16285564,0.65230614,0.15235065,2024-05-21,754,"{""type"":""MultiPoint"",""coordinates"":[]}"
755_0,0.27573678,0.7882353,0.29471892,2024-05-21,755,"{""type"":""MultiPoint"",""coordinates"":[]}"
756_0,0.19342604,0.6801706,0.17065924,2024-05-21,756,"{""type"":""MultiPoint"",""coordinates"":[]}"
758_0,0.07806913,0.31578946,0.016841436,2024-05-21,758,"{""type"":""MultiPoint"",""coordinates"":[]}"
759_0,0.05742109,0.14538865,0.006547514,2024-05-21,759,"{""type"":""MultiPoint"",""coordinates"":[]}"
760_0,0.08148332,0.5327245,0.042038545,2024-05-21,760,"{""type"":""MultiPoint"",""coordinates"":[]}"
761_0,0.16152237,0.010443128,0.1764706,2024-05-21,761,"{""type"":""MultiPoint"",""coordinates"":[]}"
762_0,0.016965127,0.51794875,-0.0033670033,2024-05-21,762,"{""type"":""MultiPoint"",""coordinates"":[]}"
763_0,0.31736144,0.7449782,0.3031143,2024-05-21,763,"{""type"":""MultiPoint"",""coordinates"":[]}"
764_0,0.16524073,0.05399325,0.2020526,2024-05-21,764,"{""type"":""MultiPoint"",""coordinates"":[]}"
765_0,0.06435367,0.5528169,0.026775321,2024-05-21,765,"{""type"":""MultiPoint"",""coordinates"":[]}"
766_0,0.13239437,0.64242584,0.11874106,2024-05-21,766,"{""type"":""MultiPoint"",""coordinates"":[]}"
767_0,0.046807762,0.14368862,0.07349552,2024-05-21,767,"{""type"":""MultiPoint"",""coordinates"":[]}"
768_0,0.14561637,0.68838185,0.109707974,2024-05-21,768,"{""type"":""MultiPoint"",""coordinates"":[]}"
769_0,0.2744201,0.7419674,0.22680593,2024-05-21,769,"{""type"":""MultiPoint"",""coordinates"":[]}"
770_0,0.15539514,0.66610265,0.14120147,2024-05-21,770,"{""type"":""MultiPoint"",""coordinates"":[]}"
771_0,0.047850564,0.23238206,0.06425248,2024-05-21,771,"{""type"":""MultiPoint"",""coordinates"":[]}"
772_0,0.14143,0.61009574,0.1031604,2024-05-21,772,"{""type"":""MultiPoint"",""coordinates"":[]}"
774_0,0.35742643,0.87022483,0.37103042,2024-05-21,774,"{""type"":""MultiPoint"",""coordinates"":[]}"
776_0,0.12338755,0.30623686,0.08783192,2024-05-21,776,"{""type"":""MultiPoint"",""coordinates"":[]}"
777_0,0.063071735,0.4438406,0.044047814,2024-05-21,777,"{""type"":""MultiPoint"",""coordinates"":[]}"
780_0,0.35412917,0.7593985,0.22893292,2024-05-21,780,"{""type"":""MultiPoint"",""coordinates"":[]}"
781_0,0.1700328,0.6651674,0.16178522,2024-05-21,781,"{""type"":""MultiPoint"",""coordinates"":[]}"
782_0,0.07033549,0.5805048,0.06965101,2024-05-21,782,"{""type"":""MultiPoint"",""coordinates"":[]}"
783_0,0.17916666,0.6,0.1260877,2024-05-21,783,"{""type"":""MultiPoint"",""coordinates"":[]}"
785_0,0.13475686,0.59497815,0.09581849,2024-05-21,785,"{""type"":""MultiPoint"",""coordinates"":[]}"
788_0,0.38526762,0.8343685,0.392352,2024-05-21,788,"{""type"":""MultiPoint"",""coordinates"":[]}"
789_0,0.048540276,0.5715847,0.03063967,2024-05-21,789,"{""type"":""MultiPoint"",""coordinates"":[]}"
791_0,0.010989011,0.51380044,-0.020267949,2024-05-21,791,"{""type"":""MultiPoint"",""coordinates"":[]}"
793_0,0.09054441,0.55784065,0.06784141,2024-05-21,793,"{""type"":""MultiPoint"",""coordinates"":[]}"
794_0,0.024722084,0.4944356,-0.02066331,2024-05-21,794,"{""type"":""MultiPoint"",""coordinates"":[]}"
799_0,0.2969697,0.795053,0.28354856,2024-05-21,799,"{""type"":""MultiPoint"",""coordinates"":[]}"
800_0,0.042132735,0.59747636,-0.0072534797,2024-05-21,800,"{""type"":""MultiPoint"",""coordinates"":[]}"
802_0,0.27060074,0.7689178,0.22617033,2024-05-21,802,"{""type"":""MultiPoint"",""coordinates"":[]}"
803_0,0.31963846,0.7691083,0.28290993,2024-05-21,803,"{""type"":""MultiPoint"",""coordinates"":[]}"
804_0,0.10399626,0.5672687,0.051694285,2024-05-21,804,"{""type"":""MultiPoint"",""coordinates"":[]}"
806_0,0.25920963,0.7046581,0.21726823,2024-05-21,806,"{""type"":""MultiPoint"",""coordinates"":[]}"
807_0,0.18851867,0.7015177,0.17856622,2024-05-21,807,"{""type"":""MultiPoint"",""coordinates"":[]}"
808_0,0.058838226,0.20056102,0.06375047,2024-05-21,808,"{""type"":""MultiPoint"",""coordinates"":[]}"
809_0,0.16477768,0.6985055,0.15408388,2024-05-21,809,"{""type"":""MultiPoint"",""coordinates"":[]}"
810_0,0.15757716,0.62003905,0.15679443,2024-05-21,810,"{""type"":""MultiPoint"",""coordinates"":[]}"
811_0,0.12974803,0.59839356,0.015737984,2024-05-21,811,"{""type"":""MultiPoint"",""coordinates"":[]}"
812_0,0.3556978,0.7899902,0.37005508,2024-05-21,812,"{""type"":""MultiPoint"",""coordinates"":[]}"
813_0,0.36286646,0.7875073,0.35217488,2024-05-21,813,"{""type"":""MultiPoint"",""coordinates"":[]}"
814_0,0.094686374,0.5947875,0.06286187,2024-05-21,814,"{""type"":""MultiPoint"",""coordinates"":[]}"
815_0,0.18207817,0.39463222,0.13350838,2024-05-21,815,"{""type"":""MultiPoint"",""coordinates"":[]}"
816_0,0.08850289,0.507378,0.093004115,2024-05-21,816,"{""type"":""MultiPoint"",""coordinates"":[]}"
817_0,0.14757615,0.65756506,0.12984453,2024-05-21,817,"{""type"":""MultiPoint"",""coordinates"":[]}"
818_0,0.0914897,0.61771786,0.08299758,2024-05-21,818,"{""type"":""MultiPoint"",""coordinates"":[]}"
819_0,0.29423696,0.79950124,0.26685393,2024-05-21,819,"{""type"":""MultiPoint"",""coordinates"":[]}"
820_0,0.030292295,0.57236654,0.0030959751,2024-05-21,820,"{""type"":""MultiPoint"",""coordinates"":[]}"
821_0,0.18306637,0.66405696,0.13412564,2024-05-21,821,"{""type"":""MultiPoint"",""coordinates"":[]}"
822_0,0.20510894,0.6977632,0.19051263,2024-05-21,822,"{""type"":""MultiPoint"",""coordinates"":[]}"
823_0,0.055912007,0.5457563,0.026771653,2024-05-21,823,"{""type"":""MultiPoint"",""coordinates"":[]}"
824_0,0.045869026,0.29364547,0.056686245,2024-05-21,824,"{""type"":""MultiPoint"",""coordinates"":[]}"
825_0,0.16137394,0.5245283,0.11065292,2024-05-21,825,"{""type"":""MultiPoint"",""coordinates"":[]}"
826_0,0.06717364,0.45189872,0.019102622,2024-05-21,826,"{""type"":""MultiPoint"",""coordinates"":[]}"
827_0,0.051561367,0.49834985,0.020989506,2024-05-21,827,"{""type"":""MultiPoint"",""coordinates"":[]}"
828_0,0.316762,0.69007266,0.28515536,2024-05-21,828,"{""type"":""MultiPoint"",""coordinates"":[]}"
829_0,0.20363043,0.68080807,0.18659377,2024-05-21,829,"{""type"":""MultiPoint"",""coordinates"":[]}"
830_0,0.33584756,0.7595308,0.3271667,2024-05-21,830,"{""type"":""MultiPoint"",""coordinates"":[]}"
831_0,0.03128583,0.38662034,0.038217597,2024-05-21,831,"{""type"":""MultiPoint"",""coordinates"":[]}"
832_0,0.23342541,0.5760479,0.22504072,2024-05-21,832,"{""type"":""MultiPoint"",""coordinates"":[]}"
833_0,0.29368576,0.73913044,0.28968742,2024-05-21,833,"{""type"":""MultiPoint"",""coordinates"":[]}"
999_0,0.03097673,0.53104067,0.023741974,2024-05-21,999,"{""type"":""MultiPoint"",""coordinates"":[]}"
1003_0,0.07782329,0.4787986,0.030153846,2024-05-21,1003,"{""type"":""MultiPoint"",""coordinates"":[]}"
1005_0,0.075654246,0.68976897,0.0663249,2024-05-21,1005,"{""type"":""MultiPoint"",""coordinates"":[]}"
1006_0,0.20023261,0.7149744,0.15950295,2024-05-21,1006,"{""type"":""MultiPoint"",""coordinates"":[]}"
1007_0,0.35496664,0.81264514,0.325033,2024-05-21,1007,"{""type"":""MultiPoint"",""coordinates"":[]}"
1008_0,0.091197185,0.49312377,0.19103588,2024-05-21,1008,"{""type"":""MultiPoint"",""coordinates"":[]}"
1009_0,0.2380717,0.7409107,0.23084602,2024-05-21,1009,"{""type"":""MultiPoint"",""coordinates"":[]}"
1010_0,0.24789594,0.7064846,0.20821586,2024-05-21,1010,"{""type"":""MultiPoint"",""coordinates"":[]}"
1011_0,0.13805631,0.28775725,0.12922466,2024-05-21,1011,"{""type"":""MultiPoint"",""coordinates"":[]}"
1014_0,0.091781646,0.50433594,0.042378243,2024-05-21,1014,"{""type"":""MultiPoint"",""coordinates"":[]}"
1019_0,0.121259026,-0.012013455,0.09390795,2024-05-21,1019,"{""type"":""MultiPoint"",""coordinates"":[]}"
1021_0,0.10816931,0.55502266,0.06535232,2024-05-21,1021,"{""type"":""MultiPoint"",""coordinates"":[]}"
1023_0,0.1540965,0.6894921,0.15767226,2024-05-21,1023,"{""type"":""MultiPoint"",""coordinates"":[]}"
1024_0,0.29287356,0.58984375,0.028427036,2024-05-21,1024,"{""type"":""MultiPoint"",""coordinates"":[]}"
1026_0,0.15956393,0.51756996,7.8554597E-4,2024-05-21,1026,"{""type"":""MultiPoint"",""coordinates"":[]}"
1028_0,0.15302353,0.30941704,0.19183673,2024-05-21,1028,"{""type"":""MultiPoint"",""coordinates"":[]}"
1029_0,0.014892171,0.053668145,0.03563003,2024-05-21,1029,"{""type"":""MultiPoint"",""coordinates"":[]}"
1031_0,0.13748345,0.045995496,-6.1462814E-4,2024-05-21,1031,"{""type"":""MultiPoint"",""coordinates"":[]}"
1035_0,0.039496526,0.15979815,0.10963589,2024-05-21,1035,"{""type"":""MultiPoint"",""coordinates"":[]}"
1036_0,0.1990585,0.58548754,0.18952024,2024-05-21,1036,"{""type"":""MultiPoint"",""coordinates"":[]}"
1037_0,0.006130711,0.1369863,0.039355993,2024-05-21,1037,"{""type"":""MultiPoint"",""coordinates"":[]}"
1038_0,0.09852302,0.5595238,0.09585221,2024-05-21,1038,"{""type"":""MultiPoint"",""coordinates"":[]}"
1039_0,0.20533334,0.5306915,0.21736443,2024-05-21,1039,"{""type"":""MultiPoint"",""coordinates"":[]}"
1040_0,0.056292053,0.036040366,0.098109126,2024-05-21,1040,"{""type"":""MultiPoint"",""coordinates"":[]}"
1041_0,0.09748829,0.49071398,0.06360424,2024-05-21,1041,"{""type"":""MultiPoint"",""coordinates"":[]}"
1042_0,0.19246191,0.70889807,0.18030117,2024-05-21,1042,"{""type"":""MultiPoint"",""coordinates"":[]}"
1043_0,0.06451613,0.4629196,0.0288224,2024-05-21,1043,"{""type"":""MultiPoint"",""coordinates"":[]}"
1044_0,-0.006902264,0.43876237,-0.04274482,2024-05-21,1044,"{""type"":""MultiPoint"",""coordinates"":[]}"
1045_0,0.26468506,0.8061834,0.25171047,2024-05-21,1045,"{""type"":""MultiPoint"",""coordinates"":[]}"
1046_0,0.033605035,0.5491381,0.011843837,2024-05-21,1046,"{""type"":""MultiPoint"",""coordinates"":[]}"
1047_0,0.039614193,0.3957812,0.16676629,2024-05-21,1047,"{""type"":""MultiPoint"",""coordinates"":[]}"
1048_0,-0.045114093,0.15552928,0.1314418,2024-05-21,1048,"{""type"":""MultiPoint"",""coordinates"":[]}"
1049_0,0.0074557317,0.4250441,0.20552033,2024-05-21,1049,"{""type"":""MultiPoint"",""coordinates"":[]}"
1050_0,0.28608343,0.7777778,0.25125822,2024-05-21,1050,"{""type"":""MultiPoint"",""coordinates"":[]}"
1051_0,0.18632226,0.13261649,0.19357885,2024-05-21,1051,"{""type"":""MultiPoint"",""coordinates"":[]}"
1052_0,0.46022728,0.8289855,0.45308003,2024-05-21,1052,"{""type"":""MultiPoint"",""coordinates"":[]}"
1053_0,0.078095235,0.16747482,0.12792793,2024-05-21,1053,"{""type"":""MultiPoint"",""coordinates"":[]}"
1054_0,0.19459714,0.738559,0.1818762,2024-05-21,1054,"{""type"":""MultiPoint"",""coordinates"":[]}"
1055_0,0.09057392,0.18576661,0.101068996,2024-05-21,1055,"{""type"":""MultiPoint"",""coordinates"":[]}"
1056_0,0.2111881,0.6287193,0.24192356,2024-05-21,1056,"{""type"":""MultiPoint"",""coordinates"":[]}"
1057_0,0.28109965,0.786176,0.26389867,2024-05-21,1057,"{""type"":""MultiPoint"",""coordinates"":[]}"
1058_0,0.11074105,0.5745888,0.13029316,2024-05-21,1058,"{""type"":""MultiPoint"",""coordinates"":[]}"
1060_0,0.28082192,0.74462706,0.24324325,2024-05-21,1060,"{""type"":""MultiPoint"",""coordinates"":[]}"
1061_0,0.29276648,0.7138085,0.273743,2024-05-21,1061,"{""type"":""MultiPoint"",""coordinates"":[]}"
1062_0,0.21691924,0.727882,0.19656533,2024-05-21,1062,"{""type"":""MultiPoint"",""coordinates"":[]}"
1063_0,0.19411284,0.7613377,0.17037037,2024-05-21,1063,"{""type"":""MultiPoint"",""coordinates"":[]}"
1064_0,0.25231177,0.7644318,0.26479867,2024-05-21,1064,"{""type"":""MultiPoint"",""coordinates"":[]}"
1065_0,0.211995,0.6868217,0.17953166,2024-05-21,1065,"{""type"":""MultiPoint"",""coordinates"":[]}"
1067_0,-0.015430378,0.5015853,-0.07119043,2024-05-21,1067,"{""type"":""MultiPoint"",""coordinates"":[]}"
1070_0,0.1783272,0.626351,0.14846447,2024-05-21,1070,"{""type"":""MultiPoint"",""coordinates"":[]}"
1072_0,0.072853155,0.17713787,0.09208662,2024-05-21,1072,"{""type"":""MultiPoint"",""coordinates"":[]}"
1074_0,0.230833,0.6700767,0.16920322,2024-05-21,1074,"{""type"":""MultiPoint"",""coordinates"":[]}"
1077_0,0.09983453,0.48652932,0.069555305,2024-05-21,1077,"{""type"":""MultiPoint"",""coordinates"":[]}"
1082_0,0.23026074,0.71428573,0.1944658,2024-05-21,1082,"{""type"":""MultiPoint"",""coordinates"":[]}"
1085_0,0.3607438,0.8425096,0.30079097,2024-05-21,1085,"{""type"":""MultiPoint"",""coordinates"":[]}"
1086_0,0.24637681,0.84802866,0.25389105,2024-05-21,1086,"{""type"":""MultiPoint"",""coordinates"":[]}"
1087_0,0.13359375,0.6354459,0.13595636,2024-05-21,1087,"{""type"":""MultiPoint"",""coordinates"":[]}"
1090_0,0.20482457,0.6909507,0.17609634,2024-05-21,1090,"{""type"":""MultiPoint"",""coordinates"":[]}"
1091_0,0.24955842,0.7346507,0.24613434,2024-05-21,1091,"{""type"":""MultiPoint"",""coordinates"":[]}"
1092_0,0.26493633,0.75198936,0.2754043,2024-05-21,1092,"{""type"":""MultiPoint"",""coordinates"":[]}"
1093_0,-0.016812157,0.40272865,-0.062320553,2024-05-21,1093,"{""type"":""MultiPoint"",""coordinates"":[]}"
1094_0,0.1605496,0.6349122,0.158808,2024-05-21,1094,"{""type"":""MultiPoint"",""coordinates"":[]}"
1095_0,0.02397776,0.40620956,0.015769185,2024-05-21,1095,"{""type"":""MultiPoint"",""coordinates"":[]}"
1096_0,0.12262048,0.6856911,0.09834332,2024-05-21,1096,"{""type"":""MultiPoint"",""coordinates"":[]}"
1097_0,0.2392535,0.67694205,0.19982356,2024-05-21,1097,"{""type"":""MultiPoint"",""coordinates"":[]}"
1098_0,0.31707317,0.7342565,0.28292683,2024-05-21,1098,"{""type"":""MultiPoint"",""coordinates"":[]}"
1099_0,0.1973069,0.6889364,0.19110441,2024-05-21,1099,"{""type"":""MultiPoint"",""coordinates"":[]}"
1100_0,0.15,0.59598345,0.13960354,2024-05-21,1100,"{""type"":""MultiPoint"",""coordinates"":[]}"
1101_0,0.36597738,0.8057851,0.36535832,2024-05-21,1101,"{""type"":""MultiPoint"",""coordinates"":[]}"
1102_0,0.0849591,0.6374582,0.057679843,2024-05-21,1102,"{""type"":""MultiPoint"",""coordinates"":[]}"
1103_0,0.17623262,0.6713615,0.2094152,2024-05-21,1103,"{""type"":""MultiPoint"",""coordinates"":[]}"
1104_0,0.09143296,0.54015404,0.084220715,2024-05-21,1104,"{""type"":""MultiPoint"",""coordinates"":[]}"
1105_0,0.17636387,0.5879985,0.15456238,2024-05-21,1105,"{""type"":""MultiPoint"",""coordinates"":[]}"
1106_0,0.13567616,0.31522793,0.16519871,2024-05-21,1106,"{""type"":""MultiPoint"",""coordinates"":[]}"
1107_0,0.20417897,0.75034297,0.18587361,2024-05-21,1107,"{""type"":""MultiPoint"",""coordinates"":[]}"
1108_0,0.09926588,0.30567515,0.08346866,2024-05-21,1108,"{""type"":""MultiPoint"",""coordinates"":[]}"
1109_0,0.21226053,0.73660713,0.20433436,2024-05-21,1109,"{""type"":""MultiPoint"",""coordinates"":[]}"
1110_0,0.19064328,0.67241377,0.16726835,2024-05-21,1110,"{""type"":""MultiPoint"",""coordinates"":[]}"
1111_0,0.031448442,0.46510494,-0.032393232,2024-05-21,1111,"{""type"":""MultiPoint"",""coordinates"":[]}"
1112_0,0.019188922,0.32850492,0.017634239,2024-05-21,1112,"{""type"":""MultiPoint"",""coordinates"":[]}"
1113_0,0.024408422,0.49579832,-0.024657534,2024-05-21,1113,"{""type"":""MultiPoint"",""coordinates"":[]}"
1114_0,0.16795222,0.6667949,0.12871288,2024-05-21,1114,"{""type"":""MultiPoint"",""coordinates"":[]}"
1115_0,-0.04553734,0.42902043,-0.072897196,2024-05-21,1115,"{""type"":""MultiPoint"",""coordinates"":[]}"
1116_0,0.08238317,0.023851076,0.10396738,2024-05-21,1116,"{""type"":""MultiPoint"",""coordinates"":[]}"
1117_0,0.16026892,0.60924095,0.11476909,2024-05-21,1117,"{""type"":""MultiPoint"",""coordinates"":[]}"
1118_0,0.10282862,0.58208954,0.048022598,2024-05-21,1118,"{""type"":""MultiPoint"",""coordinates"":[]}"
1119_0,0.2952877,0.7044046,0.27414635,2024-05-21,1119,"{""type"":""MultiPoint"",""coordinates"":[]}"
1120_0,0.1289462,0.62101805,0.11497628,2024-05-21,1120,"{""type"":""MultiPoint"",""coordinates"":[]}"
1262_0,0.24346581,0.7878788,0.18432735,2024-05-21,1262,"{""type"":""MultiPoint"",""coordinates"":[]}"
1264_0,0.04419384,0.50456,-0.013574661,2024-05-21,1264,"{""type"":""MultiPoint"",""coordinates"":[]}"
1265_0,0.22290598,0.74568963,0.1754036,2024-05-21,1265,"{""type"":""MultiPoint"",""coordinates"":[]}"
1266_0,0.08118134,0.3764988,0.033613447,2024-05-21,1266,"{""type"":""MultiPoint"",""coordinates"":[]}"
1267_0,0.05605948,0.52690995,-0.043735612,2024-05-21,1267,"{""type"":""MultiPoint"",""coordinates"":[]}"
1268_0,0.16208598,0.7070193,0.17056157,2024-05-21,1268,"{""type"":""MultiPoint"",""coordinates"":[]}"
1271_0,0.20923017,0.7124222,0.1723158,2024-05-21,1271,"{""type"":""MultiPoint"",""coordinates"":[]}"
1272_0,0.28071427,0.6206024,0.2726616,2024-05-21,1272,"{""type"":""MultiPoint"",""coordinates"":[]}"
1280_0,0.035618078,0.090521835,0.11943154,2024-05-21,1280,"{""type"":""MultiPoint"",""coordinates"":[]}"
1283_0,0.049333,0.040511727,0.016534306,2024-05-21,1283,"{""type"":""MultiPoint"",""coordinates"":[]}"
1284_0,0.08065867,0.4863655,0.051540457,2024-05-21,1284,"{""type"":""MultiPoint"",""coordinates"":[]}"
1285_0,0.11075544,0.006900878,0.07214429,2024-05-21,1285,"{""type"":""MultiPoint"",""coordinates"":[]}"
1286_0,0.23076923,0.49904397,0.25540432,2024-05-21,1286,"{""type"":""MultiPoint"",""coordinates"":[]}"
1287_0,0.023333922,0.09786927,0.047824215,2024-05-21,1287,"{""type"":""MultiPoint"",""coordinates"":[]}"
1288_0,0.08011496,0.14419396,0.024664318,2024-05-21,1288,"{""type"":""MultiPoint"",""coordinates"":[]}"
1290_0,0.12178736,0.0084566595,0.15173922,2024-05-21,1290,"{""type"":""MultiPoint"",""coordinates"":[]}"
1291_0,0.08393366,0.026262626,0.10663326,2024-05-21,1291,"{""type"":""MultiPoint"",""coordinates"":[]}"
1292_0,0.12268641,0.55010813,0.12890522,2024-05-21,1292,"{""type"":""MultiPoint"",""coordinates"":[]}"
1293_0,0.382865,0.78135353,0.35541952,2024-05-21,1293,"{""type"":""MultiPoint"",""coordinates"":[]}"
1295_0,0.087606214,0.66451174,0.22208343,2024-05-21,1295,"{""type"":""MultiPoint"",""coordinates"":[]}"
1296_0,0.23390521,0.7077535,0.20752065,2024-05-21,1296,"{""type"":""MultiPoint"",""coordinates"":[]}"
1297_0,0.07624504,0.38214827,0.042922374,2024-05-21,1297,"{""type"":""MultiPoint"",""coordinates"":[]}"
1298_0,0.21881627,0.73421735,0.1950735,2024-05-21,1298,"{""type"":""MultiPoint"",""coordinates"":[]}"
1299_0,0.09472336,-0.0069513405,0.02977774,2024-05-21,1299,"{""type"":""MultiPoint"",""coordinates"":[]}"
1300_0,0.011909335,0.39517346,-0.020905001,2024-05-21,1300,"{""type"":""MultiPoint"",""coordinates"":[]}"
1301_0,0.15667802,0.0048266784,0.184151,2024-05-21,1301,"{""type"":""MultiPoint"",""coordinates"":[]}"
1302_0,0.24708885,0.6508557,0.17712691,2024-05-21,1302,"{""type"":""MultiPoint"",""coordinates"":[]}"
1303_0,0.34228972,0.7748461,0.283715,2024-05-21,1303,"{""type"":""MultiPoint"",""coordinates"":[]}"
1304_0,0.33052352,0.8061041,0.33333334,2024-05-21,1304,"{""type"":""MultiPoint"",""coordinates"":[]}"
1305_0,0.33952194,0.76117414,0.29953235,2024-05-21,1305,"{""type"":""MultiPoint"",""coordinates"":[]}"
1306_0,0.021754386,0.29739335,0.023125438,2024-05-21,1306,"{""type"":""MultiPoint"",""coordinates"":[]}"
1307_0,0.13390411,0.6151873,0.10903646,2024-05-21,1307,"{""type"":""MultiPoint"",""coordinates"":[]}"
1308_0,0.23817511,0.7540713,0.24135627,2024-05-21,1308,"{""type"":""MultiPoint"",""coordinates"":[]}"
1309_0,0.21687248,0.7132216,0.18931341,2024-05-21,1309,"{""type"":""MultiPoint"",""coordinates"":[]}"
1310_0,0.27399334,0.63931626,0.23067051,2024-05-21,1310,"{""type"":""MultiPoint"",""coordinates"":[]}"
1311_0,0.36242667,0.7140516,0.30505303,2024-05-21,1311,"{""type"":""MultiPoint"",""coordinates"":[]}"
1313_0,0.10613599,0.66179276,0.09601677,2024-05-21,1313,"{""type"":""MultiPoint"",""coordinates"":[]}"
1315_0,0.066246055,0.5770065,0.04379038,2024-05-21,1315,"{""type"":""MultiPoint"",""coordinates"":[]}"
1316_0,0.3960265,0.81234807,0.4004508,2024-05-21,1316,"{""type"":""MultiPoint"",""coordinates"":[]}"
1317_0,0.26735494,0.7548387,0.24587761,2024-05-21,1317,"{""type"":""MultiPoint"",""coordinates"":[]}"
1318_0,0.24227281,0.6386913,0.25604215,2024-05-21,1318,"{""type"":""MultiPoint"",""coordinates"":[]}"
1319_0,0.13955495,0.6610879,0.12028219,2024-05-21,1319,"{""type"":""MultiPoint"",""coordinates"":[]}"
1320_0,0.26795027,0.787649,0.28780487,2024-05-21,1320,"{""type"":""MultiPoint"",""coordinates"":[]}"
1321_0,0.23005474,0.83301705,0.24947454,2024-05-21,1321,"{""type"":""MultiPoint"",""coordinates"":[]}"
1322_0,0.29858565,0.7410343,0.26529494,2024-05-21,1322,"{""type"":""MultiPoint"",""coordinates"":[]}"
1323_0,0.07326248,0.10038777,0.01803687,2024-05-21,1323,"{""type"":""MultiPoint"",""coordinates"":[]}"
1324_0,0.25741974,0.78824896,0.25137392,2024-05-21,1324,"{""type"":""MultiPoint"",""coordinates"":[]}"
1325_0,0.12841727,0.5966209,0.11033597,2024-05-21,1325,"{""type"":""MultiPoint"",""coordinates"":[]}"
1328_0,0.16947345,0.69095474,0.16034482,2024-05-21,1328,"{""type"":""MultiPoint"",""coordinates"":[]}"
1329_0,0.48578256,0.8693561,0.47358122,2024-05-21,1329,"{""type"":""MultiPoint"",""coordinates"":[]}"
1330_0,0.07007042,0.5272727,0.039112244,2024-05-21,1330,"{""type"":""MultiPoint"",""coordinates"":[]}"
1331_0,0.18639053,0.7701206,0.18464833,2024-05-21,1331,"{""type"":""MultiPoint"",""coordinates"":[]}"
1335_0,0.11470388,0.61909497,0.11183199,2024-05-21,1335,"{""type"":""MultiPoint"",""coordinates"":[]}"
1336_0,0.023232324,0.60980594,0.04146704,2024-05-21,1336,"{""type"":""MultiPoint"",""coordinates"":[]}"
1339_0,0.033260234,0.5376653,0.005452153,2024-05-21,1339,"{""type"":""MultiPoint"",""coordinates"":[]}"
1340_0,0.21722643,0.7174341,0.20319824,2024-05-21,1340,"{""type"":""MultiPoint"",""coordinates"":[]}"
1342_0,0.18325296,0.6215225,0.17475083,2024-05-21,1342,"{""type"":""MultiPoint"",""coordinates"":[]}"
1343_0,0.18123314,0.6455246,0.16933446,2024-05-21,1343,"{""type"":""MultiPoint"",""coordinates"":[]}"
1344_0,0.12214342,0.56481045,0.091205746,2024-05-21,1344,"{""type"":""MultiPoint"",""coordinates"":[]}"
1346_0,0.14738016,0.6496644,0.124942794,2024-05-21,1346,"{""type"":""MultiPoint"",""coordinates"":[]}"
1347_0,0.008251775,0.5235532,-0.0660066,2024-05-21,1347,"{""type"":""MultiPoint"",""coordinates"":[]}"
1348_0,0.045779686,0.55698425,-7.5018755E-4,2024-05-21,1348,"{""type"":""MultiPoint"",""coordinates"":[]}"
1349_0,0.33894923,0.8249201,0.31400967,2024-05-21,1349,"{""type"":""MultiPoint"",""coordinates"":[]}"
1351_0,0.035538174,0.47914547,0.012534819,2024-05-21,1351,"{""type"":""MultiPoint"",""coordinates"":[]}"
1352_0,0.22923264,0.6691892,0.1883017,2024-05-21,1352,"{""type"":""MultiPoint"",""coordinates"":[]}"
1353_0,0.22298953,0.6690734,0.22797698,2024-05-21,1353,"{""type"":""MultiPoint"",""coordinates"":[]}"
1354_0,0.3043905,0.6964824,0.2820253,2024-05-21,1354,"{""type"":""MultiPoint"",""coordinates"":[]}"
1355_0,0.07106008,0.5306896,0.04105824,2024-05-21,1355,"{""type"":""MultiPoint"",""coordinates"":[]}"
1356_0,0.117545374,0.61904764,0.11716386,2024-05-21,1356,"{""type"":""MultiPoint"",""coordinates"":[]}"
1357_0,0.33351558,0.696012,0.29801324,2024-05-21,1357,"{""type"":""MultiPoint"",""coordinates"":[]}"
1358_0,0.20866066,0.70366323,0.20285659,2024-05-21,1358,"{""type"":""MultiPoint"",""coordinates"":[]}"
1359_0,0.11349419,0.4409938,0.078066915,2024-05-21,1359,"{""type"":""MultiPoint"",""coordinates"":[]}"
1360_0,0.09650017,0.5872033,0.07271142,2024-05-21,1360,"{""type"":""MultiPoint"",""coordinates"":[]}"
1361_0,0.023248252,0.5620932,-6.6622254E-4,2024-05-21,1361,"{""type"":""MultiPoint"",""coordinates"":[]}"
1362_0,0.107292704,0.60558254,0.08442623,2024-05-21,1362,"{""type"":""MultiPoint"",""coordinates"":[]}"
1363_0,0.03558282,0.0119904075,0.10200751,2024-05-21,1363,"{""type"":""MultiPoint"",""coordinates"":[]}"
1364_0,0.107634544,0.69235814,0.093452,2024-05-21,1364,"{""type"":""MultiPoint"",""coordinates"":[]}"
1365_0,0.25036,0.7351443,0.2545008,2024-05-21,1365,"{""type"":""MultiPoint"",""coordinates"":[]}"
1366_0,0.13008937,0.6177523,0.12662014,2024-05-21,1366,"{""type"":""MultiPoint"",""coordinates"":[]}"
1367_0,6.55308E-4,0.43832824,-0.03882834,2024-05-21,1367,"{""type"":""MultiPoint"",""coordinates"":[]}"
1368_0,0.10668446,0.048070412,0.17472966,2024-05-21,1368,"{""type"":""MultiPoint"",""coordinates"":[]}"
1369_0,0.020580668,0.47368422,-0.02244389,2024-05-21,1369,"{""type"":""MultiPoint"",""coordinates"":[]}"
1370_0,0.26825875,0.6673016,0.2492864,2024-05-21,1370,"{""type"":""MultiPoint"",""coordinates"":[]}"
1371_0,0.21326616,0.72597647,0.19536282,2024-05-21,1371,"{""type"":""MultiPoint"",""coordinates"":[]}"
1372_0,0.19390166,0.73020345,0.1911226,2024-05-21,1372,"{""type"":""MultiPoint"",""coordinates"":[]}"
1538_0,0.22833513,0.7059437,0.20782577,2024-05-21,1538,"{""type"":""MultiPoint"",""coordinates"":[]}"
1540_0,0.25021496,0.768183,0.2241993,2024-05-21,1540,"{""type"":""MultiPoint"",""coordinates"":[]}"
1546_0,0.14450036,0.6311497,0.13138686,2024-05-21,1546,"{""type"":""MultiPoint"",""coordinates"":[]}"
1547_0,0.18650717,0.6955156,0.17731059,2024-05-21,1547,"{""type"":""MultiPoint"",""coordinates"":[]}"
1548_0,0.2014989,0.73134327,0.17869657,2024-05-21,1548,"{""type"":""MultiPoint"",""coordinates"":[]}"
1549_0,0.21166077,0.66158783,0.16426297,2024-05-21,1549,"{""type"":""MultiPoint"",""coordinates"":[]}"
1550_0,0.13815789,0.56948227,0.09467865,2024-05-21,1550,"{""type"":""MultiPoint"",""coordinates"":[]}"
1551_0,0.13200065,0.6346983,0.07189543,2024-05-21,1551,"{""type"":""MultiPoint"",""coordinates"":[]}"
1552_0,0.07727164,0.10910005,0.06557179,2024-05-21,1552,"{""type"":""MultiPoint"",""coordinates"":[]}"
1553_0,0.020776495,0.12888889,0.042478967,2024-05-21,1553,"{""type"":""MultiPoint"",""coordinates"":[]}"
1554_0,0.10890194,0.61580884,0.08619092,2024-05-21,1554,"{""type"":""MultiPoint"",""coordinates"":[]}"
1555_0,0.264293,0.65684146,0.19249666,2024-05-21,1555,"{""type"":""MultiPoint"",""coordinates"":[]}"
1556_0,0.15406698,0.5702659,0.13401254,2024-05-21,1556,"{""type"":""MultiPoint"",""coordinates"":[]}"
1557_0,0.3234865,0.7947494,0.29184958,2024-05-21,1557,"{""type"":""MultiPoint"",""coordinates"":[]}"
1559_0,0.39224648,0.87346554,0.37706056,2024-05-21,1559,"{""type"":""MultiPoint"",""coordinates"":[]}"
1560_0,0.04699121,0.539931,0.014507953,2024-05-21,1560,"{""type"":""MultiPoint"",""coordinates"":[]}"
1561_0,0.06425785,0.025614753,0.07888178,2024-05-21,1561,"{""type"":""MultiPoint"",""coordinates"":[]}"
1562_0,0.25345248,0.6957606,0.3788442,2024-05-21,1562,"{""type"":""MultiPoint"",""coordinates"":[]}"
1563_0,0.12752526,0.594722,0.10084581,2024-05-21,1563,"{""type"":""MultiPoint"",""coordinates"":[]}"
1564_0,0.12354173,0.483372,0.13390481,2024-05-21,1564,"{""type"":""MultiPoint"",""coordinates"":[]}"
1565_0,0.04075861,0.49836805,0.017214932,2024-05-21,1565,"{""type"":""MultiPoint"",""coordinates"":[]}"
1566_0,0.27034453,0.67945546,0.22252253,2024-05-21,1566,"{""type"":""MultiPoint"",""coordinates"":[]}"
1568_0,0.13753481,0.4520548,0.18533136,2024-05-21,1568,"{""type"":""MultiPoint"",""coordinates"":[]}"
1569_0,0.24091779,0.6062992,0.21308225,2024-05-21,1569,"{""type"":""MultiPoint"",""coordinates"":[]}"
1571_0,0.12932791,0.4617369,-0.3359375,2024-05-21,1571,"{""type"":""MultiPoint"",""coordinates"":[]}"
1572_0,0.14844114,0.4181818,0.15395284,2024-05-21,1572,"{""type"":""MultiPoint"",""coordinates"":[]}"
1574_0,0.16886495,0.58735096,0.15568975,2024-05-21,1574,"{""type"":""MultiPoint"",""coordinates"":[]}"
1575_0,0.0448019,0.11232063,0.008071749,2024-05-21,1575,"{""type"":""MultiPoint"",""coordinates"":[]}"
1579_0,-0.0244632,0.3404792,-0.060019895,2024-05-21,1579,"{""type"":""MultiPoint"",""coordinates"":[]}"
1583_0,0.016263101,0.2256707,-0.077593036,2024-05-21,1583,"{""type"":""MultiPoint"",""coordinates"":[]}"
1584_0,-0.036081865,0.3970803,-0.06713781,2024-05-21,1584,"{""type"":""MultiPoint"",""coordinates"":[]}"
1586_0,0.09553069,0.06904435,0.1443955,2024-05-21,1586,"{""type"":""MultiPoint"",""coordinates"":[]}"
1587_0,0.3172941,0.7876923,0.31671387,2024-05-21,1587,"{""type"":""MultiPoint"",""coordinates"":[]}"
1588_0,0.11342735,0.65802115,0.088272385,2024-05-21,1588,"{""type"":""MultiPoint"",""coordinates"":[]}"
1589_0,0.09927776,0.31264636,0.098615706,2024-05-21,1589,"{""type"":""MultiPoint"",""coordinates"":[]}"
1590_0,0.1749409,0.6702726,0.16055322,2024-05-21,1590,"{""type"":""MultiPoint"",""coordinates"":[]}"
1591_0,0.20448358,0.7271854,0.18289474,2024-05-21,1591,"{""type"":""MultiPoint"",""coordinates"":[]}"
1592_0,0.14789553,0.7207063,0.11338065,2024-05-21,1592,"{""type"":""MultiPoint"",""coordinates"":[]}"
1593_0,0.28319782,0.78663427,0.26933703,2024-05-21,1593,"{""type"":""MultiPoint"",""coordinates"":[]}"
1594_0,0.078375585,0.05736894,0.09095548,2024-05-21,1594,"{""type"":""MultiPoint"",""coordinates"":[]}"
1595_0,0.092387766,0.47487843,0.13219285,2024-05-21,1595,"{""type"":""MultiPoint"",""coordinates"":[]}"
1597_0,0.13710879,0.6877256,0.12735493,2024-05-21,1597,"{""type"":""MultiPoint"",""coordinates"":[]}"
1598_0,0.32822648,0.870278,0.3223585,2024-05-21,1598,"{""type"":""MultiPoint"",""coordinates"":[]}"
1599_0,0.33920553,0.8329309,0.32983008,2024-05-21,1599,"{""type"":""MultiPoint"",""coordinates"":[]}"
1601_0,0.16341653,0.70711297,0.14217156,2024-05-21,1601,"{""type"":""MultiPoint"",""coordinates"":[]}"
1602_0,0.26827276,0.7459397,0.25364432,2024-05-21,1602,"{""type"":""MultiPoint"",""coordinates"":[]}"
1603_0,0.1136751,0.018197207,0.17480469,2024-05-21,1603,"{""type"":""MultiPoint"",""coordinates"":[]}"
1605_0,0.3143048,0.8488204,0.30302003,2024-05-21,1605,"{""type"":""MultiPoint"",""coordinates"":[]}"
1606_0,0.322805,0.7914049,0.20793086,2024-05-21,1606,"{""type"":""MultiPoint"",""coordinates"":[]}"
1607_0,0.07520793,0.58540064,0.030966068,2024-05-21,1607,"{""type"":""MultiPoint"",""coordinates"":[]}"
1608_0,0.20606601,0.73547095,0.1868433,2024-05-21,1608,"{""type"":""MultiPoint"",""coordinates"":[]}"
1610_0,0.15497959,0.63870305,0.14450036,2024-05-21,1610,"{""type"":""MultiPoint"",""coordinates"":[]}"
1611_0,0.11655158,0.71780825,0.08594934,2024-05-21,1611,"{""type"":""MultiPoint"",""coordinates"":[]}"
1612_0,0.1440113,0.6878049,0.13280131,2024-05-21,1612,"{""type"":""MultiPoint"",""coordinates"":[]}"
1613_0,0.030629521,0.5408922,0.0258314,2024-05-21,1613,"{""type"":""MultiPoint"",""coordinates"":[]}"
1614_0,0.25273895,0.788102,0.22945072,2024-05-21,1614,"{""type"":""MultiPoint"",""coordinates"":[]}"
1616_0,0.12222762,0.6998012,0.11564182,2024-05-21,1616,"{""type"":""MultiPoint"",""coordinates"":[]}"
1617_0,0.20455469,0.62580645,0.14993481,2024-05-21,1617,"{""type"":""MultiPoint"",""coordinates"":[]}"
1620_0,0.10810375,0.6474074,0.093053736,2024-05-21,1620,"{""type"":""MultiPoint"",""coordinates"":[]}"
1621_0,0.293268,0.7621013,0.26304466,2024-05-21,1621,"{""type"":""MultiPoint"",""coordinates"":[]}"
1623_0,0.14248608,0.6393805,0.12379147,2024-05-21,1623,"{""type"":""MultiPoint"",""coordinates"":[]}"
1624_0,0.24833289,0.72312576,0.21306898,2024-05-21,1624,"{""type"":""MultiPoint"",""coordinates"":[]}"
1625_0,0.273743,0.76021796,0.24710424,2024-05-21,1625,"{""type"":""MultiPoint"",""coordinates"":[]}"
1626_0,0.17018105,0.6324885,0.18527813,2024-05-21,1626,"{""type"":""MultiPoint"",""coordinates"":[]}"
1627_0,0.21241213,0.7090725,0.1896278,2024-05-21,1627,"{""type"":""MultiPoint"",""coordinates"":[]}"
1628_0,0.29432237,0.7243647,0.28007102,2024-05-21,1628,"{""type"":""MultiPoint"",""coordinates"":[]}"
1629_0,0.21094508,0.65687424,0.16216773,2024-05-21,1629,"{""type"":""MultiPoint"",""coordinates"":[]}"
1631_0,0.23548216,0.7135843,0.18673845,2024-05-21,1631,"{""type"":""MultiPoint"",""coordinates"":[]}"
1632_0,-0.0046244618,0.49973103,-0.060963288,2024-05-21,1632,"{""type"":""MultiPoint"",""coordinates"":[]}"
1633_0,0.17767842,0.60676956,0.13045001,2024-05-21,1633,"{""type"":""MultiPoint"",""coordinates"":[]}"
1634_0,0.25134882,0.73913044,0.21283256,2024-05-21,1634,"{""type"":""MultiPoint"",""coordinates"":[]}"
1635_0,0.2483321,0.69101125,0.19491862,2024-05-21,1635,"{""type"":""MultiPoint"",""coordinates"":[]}"
1636_0,0.18211137,0.7322122,0.16943231,2024-05-21,1636,"{""type"":""MultiPoint"",""coordinates"":[]}"
1637_0,0.2694887,0.72801,0.22756481,2024-05-21,1637,"{""type"":""MultiPoint"",""coordinates"":[]}"
1638_0,0.25291952,0.72727275,0.20941256,2024-05-21,1638,"{""type"":""MultiPoint"",""coordinates"":[]}"
1639_0,0.21060531,0.6883488,0.19898477,2024-05-21,1639,"{""type"":""MultiPoint"",""coordinates"":[]}"
1640_0,0.16494845,0.61602,0.15761162,2024-05-21,1640,"{""type"":""MultiPoint"",""coordinates"":[]}"
1641_0,0.24329457,0.7042062,0.22357525,2024-05-21,1641,"{""type"":""MultiPoint"",""coordinates"":[]}"
1642_0,0.06580645,0.5970404,0.05093633,2024-05-21,1642,"{""type"":""MultiPoint"",""coordinates"":[]}"
1643_0,0.23205781,0.67548907,0.21779859,2024-05-21,1643,"{""type"":""MultiPoint"",""coordinates"":[]}"
1644_0,-0.026115619,0.18023084,-0.007342875,2024-05-21,1644,"{""type"":""MultiPoint"",""coordinates"":[]}"
1645_0,0.104786545,0.6497175,0.11734694,2024-05-21,1645,"{""type"":""MultiPoint"",""coordinates"":[]}"
1646_0,0.09689281,0.67967385,0.080149814,2024-05-21,1646,"{""type"":""MultiPoint"",""coordinates"":[]}"
1647_0,1.8653236E-4,0.5223347,-0.0236822,2024-05-21,1647,"{""type"":""MultiPoint"",""coordinates"":[]}"
1648_0,0.12814026,0.5997801,0.093573846,2024-05-21,1648,"{""type"":""MultiPoint"",""coordinates"":[]}"
1649_0,0.13279466,0.0067692306,0.13997039,2024-05-21,1649,"{""type"":""MultiPoint"",""coordinates"":[]}"
1650_0,0.24041812,0.63422817,0.19656019,2024-05-21,1650,"{""type"":""MultiPoint"",""coordinates"":[]}"
1651_0,-0.033049315,0.46224532,-0.04451116,2024-05-21,1651,"{""type"":""MultiPoint"",""coordinates"":[]}"
1652_0,0.31283265,0.7727013,0.28079224,2024-05-21,1652,"{""type"":""MultiPoint"",""coordinates"":[]}"
1653_0,0.1773155,0.65407556,0.20086601,2024-05-21,1653,"{""type"":""MultiPoint"",""coordinates"":[]}"
1654_0,0.012640046,0.4480712,-0.0030643514,2024-05-21,1654,"{""type"":""MultiPoint"",""coordinates"":[]}"
1655_0,0.2633896,0.7430556,0.25,2024-05-21,1655,"{""type"":""MultiPoint"",""coordinates"":[]}"
1656_0,0.05917653,0.4330497,0.062769845,2024-05-21,1656,"{""type"":""MultiPoint"",""coordinates"":[]}"
1657_0,0.22889893,-0.0064761904,0.22068805,2024-05-21,1657,"{""type"":""MultiPoint"",""coordinates"":[]}"
1658_0,0.020952927,0.3369025,0.012306356,2024-05-21,1658,"{""type"":""MultiPoint"",""coordinates"":[]}"
1659_0,0.020876348,0.049786627,0.018399265,2024-05-21,1659,"{""type"":""MultiPoint"",""coordinates"":[]}"
1660_0,0.078319326,0.486626,0.072081216,2024-05-21,1660,"{""type"":""MultiPoint"",""coordinates"":[]}"
1661_0,0.15127462,0.4556622,0.1539866,2024-05-21,1661,"{""type"":""MultiPoint"",""coordinates"":[]}"
1662_0,0.23662631,0.7235396,0.2077001,2024-05-21,1662,"{""type"":""MultiPoint"",""coordinates"":[]}"
1663_0,0.22882313,0.66501486,0.192335,2024-05-21,1663,"{""type"":""MultiPoint"",""coordinates"":[]}"
1844_0,0.024425032,0.4731861,0.01191766,2024-05-21,1844,"{""type"":""MultiPoint"",""coordinates"":[]}"
1846_0,0.21166553,0.74423206,0.20932359,2024-05-21,1846,"{""type"":""MultiPoint"",""coordinates"":[]}"
1847_0,0.07169688,0.55926895,0.024708305,2024-05-21,1847,"{""type"":""MultiPoint"",""coordinates"":[]}"
1848_0,0.11025145,0.58514494,0.078582436,2024-05-21,1848,"{""type"":""MultiPoint"",""coordinates"":[]}"
1849_0,0.24731183,0.7531486,0.2318584,2024-05-21,1849,"{""type"":""MultiPoint"",""coordinates"":[]}"
1850_0,0.0791322,0.5870136,0.059611093,2024-05-21,1850,"{""type"":""MultiPoint"",""coordinates"":[]}"
1851_0,0.30417708,0.86157024,0.2980371,2024-05-21,1851,"{""type"":""MultiPoint"",""coordinates"":[]}"
1852_0,0.3498062,0.8275476,0.33924174,2024-05-21,1852,"{""type"":""MultiPoint"",""coordinates"":[]}"
1853_0,0.050952,0.5074627,0.013519164,2024-05-21,1853,"{""type"":""MultiPoint"",""coordinates"":[]}"
1854_0,0.28750235,0.72372043,0.24310379,2024-05-21,1854,"{""type"":""MultiPoint"",""coordinates"":[]}"
1855_0,0.033044707,0.52375364,-0.025871767,2024-05-21,1855,"{""type"":""MultiPoint"",""coordinates"":[]}"
1856_0,0.12902133,0.5953702,0.12517007,2024-05-21,1856,"{""type"":""MultiPoint"",""coordinates"":[]}"
1858_0,0.27080396,0.7409918,0.22275119,2024-05-21,1858,"{""type"":""MultiPoint"",""coordinates"":[]}"
1860_0,0.17179708,0.65352696,0.13938527,2024-05-21,1860,"{""type"":""MultiPoint"",""coordinates"":[]}"
1862_0,0.09251101,0.6203704,0.062215477,2024-05-21,1862,"{""type"":""MultiPoint"",""coordinates"":[]}"
1864_0,0.06488413,0.6378146,0.008505008,2024-05-21,1864,"{""type"":""MultiPoint"",""coordinates"":[]}"
1865_0,0.0756765,0.56251496,0.038944524,2024-05-21,1865,"{""type"":""MultiPoint"",""coordinates"":[]}"
1867_0,0.20942408,0.57583714,0.13960114,2024-05-21,1867,"{""type"":""MultiPoint"",""coordinates"":[]}"
1868_0,0.21344538,0.66034245,0.21052632,2024-05-21,1868,"{""type"":""MultiPoint"",""coordinates"":[]}"
1869_0,0.08193579,0.66548765,0.2647736,2024-05-21,1869,"{""type"":""MultiPoint"",""coordinates"":[]}"
1870_0,0.10121269,0.018556701,0.15513335,2024-05-21,1870,"{""type"":""MultiPoint"",""coordinates"":[]}"
1872_0,0.20318337,0.6917363,0.19534197,2024-05-21,1872,"{""type"":""MultiPoint"",""coordinates"":[]}"
1873_0,0.15639108,0.0075994637,0.18041372,2024-05-21,1873,"{""type"":""MultiPoint"",""coordinates"":[]}"
1874_0,0.20731707,0.6388309,0.18826869,2024-05-21,1874,"{""type"":""MultiPoint"",""coordinates"":[]}"
1875_0,0.3480216,0.6782263,0.34120855,2024-05-21,1875,"{""type"":""MultiPoint"",""coordinates"":[]}"
1877_0,0.19305629,0.6730524,0.26143476,2024-05-21,1877,"{""type"":""MultiPoint"",""coordinates"":[]}"
1878_0,0.18891688,0.42512077,0.09972041,2024-05-21,1878,"{""type"":""MultiPoint"",""coordinates"":[]}"
1880_0,0.04929738,0.024349287,0.07821476,2024-05-21,1880,"{""type"":""MultiPoint"",""coordinates"":[]}"
1881_0,0.11655834,0.017948719,0.14354296,2024-05-21,1881,"{""type"":""MultiPoint"",""coordinates"":[]}"
1882_0,0.0910162,0.5743707,0.05424456,2024-05-21,1882,"{""type"":""MultiPoint"",""coordinates"":[]}"
1885_0,0.059759982,0.19749387,0.06763813,2024-05-21,1885,"{""type"":""MultiPoint"",""coordinates"":[]}"
1886_0,0.021073962,0.11844332,0.045162566,2024-05-21,1886,"{""type"":""MultiPoint"",""coordinates"":[]}"
1887_0,0.2728283,0.6382323,0.2378179,2024-05-21,1887,"{""type"":""MultiPoint"",""coordinates"":[]}"
1889_0,0.14209752,-0.0058708414,0.14524038,2024-05-21,1889,"{""type"":""MultiPoint"",""coordinates"":[]}"
1890_0,0.18868521,0.5631027,0.18443209,2024-05-21,1890,"{""type"":""MultiPoint"",""coordinates"":[]}"
1891_0,0.13060693,-0.009203682,0.1261584,2024-05-21,1891,"{""type"":""MultiPoint"",""coordinates"":[]}"
1892_0,0.18344267,0.69947505,0.17861205,2024-05-21,1892,"{""type"":""MultiPoint"",""coordinates"":[]}"
1893_0,0.28427774,0.7736598,0.28393483,2024-05-21,1893,"{""type"":""MultiPoint"",""coordinates"":[]}"
1894_0,0.04382357,0.48995087,-0.0052184286,2024-05-21,1894,"{""type"":""MultiPoint"",""coordinates"":[]}"
1895_0,0.34948206,0.884253,0.34593815,2024-05-21,1895,"{""type"":""MultiPoint"",""coordinates"":[]}"
1896_0,0.25380245,0.7619175,0.23802395,2024-05-21,1896,"{""type"":""MultiPoint"",""coordinates"":[]}"
1897_0,0.118939735,0.110497236,0.18272565,2024-05-21,1897,"{""type"":""MultiPoint"",""coordinates"":[]}"
1898_0,0.20388654,0.7111111,0.14304993,2024-05-21,1898,"{""type"":""MultiPoint"",""coordinates"":[]}"
1899_0,0.15133215,0.28777313,0.07385152,2024-05-21,1899,"{""type"":""MultiPoint"",""coordinates"":[]}"
1900_0,0.12170754,0.46490172,0.114604,2024-05-21,1900,"{""type"":""MultiPoint"",""coordinates"":[]}"
1901_0,0.059196953,0.5800995,0.034527685,2024-05-21,1901,"{""type"":""MultiPoint"",""coordinates"":[]}"
1902_0,0.2923519,0.8650089,0.30922693,2024-05-21,1902,"{""type"":""MultiPoint"",""coordinates"":[]}"
1903_0,0.29426017,0.83354896,0.29200852,2024-05-21,1903,"{""type"":""MultiPoint"",""coordinates"":[]}"
1904_0,0.34166667,0.77627116,0.35371366,2024-05-21,1904,"{""type"":""MultiPoint"",""coordinates"":[]}"
1905_0,0.06687582,0.12565263,0.067414805,2024-05-21,1905,"{""type"":""MultiPoint"",""coordinates"":[]}"
1907_0,0.16187489,0.67157894,0.13814728,2024-05-21,1907,"{""type"":""MultiPoint"",""coordinates"":[]}"
1908_0,0.25774193,0.78998834,0.25109845,2024-05-21,1908,"{""type"":""MultiPoint"",""coordinates"":[]}"
1909_0,0.27190197,0.8236967,0.23057243,2024-05-21,1909,"{""type"":""MultiPoint"",""coordinates"":[]}"
1910_0,0.17782217,0.7392138,0.19009349,2024-05-21,1910,"{""type"":""MultiPoint"",""coordinates"":[]}"
1911_0,0.28361946,0.7660728,0.26129448,2024-05-21,1911,"{""type"":""MultiPoint"",""coordinates"":[]}"
1912_0,0.048080374,0.5192771,-0.025314009,2024-05-21,1912,"{""type"":""MultiPoint"",""coordinates"":[]}"
1913_0,0.18287763,0.6545842,0.12165743,2024-05-21,1913,"{""type"":""MultiPoint"",""coordinates"":[]}"
1914_0,0.18226182,0.6697306,0.15500987,2024-05-21,1914,"{""type"":""MultiPoint"",""coordinates"":[]}"
1915_0,0.1990572,0.73815787,0.1713589,2024-05-21,1915,"{""type"":""MultiPoint"",""coordinates"":[]}"
1916_0,0.10209102,0.72635233,0.077450804,2024-05-21,1916,"{""type"":""MultiPoint"",""coordinates"":[]}"
1918_0,0.26471612,0.82399136,0.22942142,2024-05-21,1918,"{""type"":""MultiPoint"",""coordinates"":[]}"
1919_0,0.23354839,0.71428573,0.21985815,2024-05-21,1919,"{""type"":""MultiPoint"",""coordinates"":[]}"
1920_0,0.15224913,0.6292197,0.14352301,2024-05-21,1920,"{""type"":""MultiPoint"",""coordinates"":[]}"
1921_0,0.18636878,0.7835305,0.162811,2024-05-21,1921,"{""type"":""MultiPoint"",""coordinates"":[]}"
1922_0,0.18493032,0.7771054,0.19599524,2024-05-21,1922,"{""type"":""MultiPoint"",""coordinates"":[]}"
1923_0,0.16027805,0.7237978,0.1389002,2024-05-21,1923,"{""type"":""MultiPoint"",""coordinates"":[]}"
1924_0,0.14577259,0.5883032,0.1231125,2024-05-21,1924,"{""type"":""MultiPoint"",""coordinates"":[]}"
1925_0,0.07973717,0.41016948,0.058331817,2024-05-21,1925,"{""type"":""MultiPoint"",""coordinates"":[]}"
1926_0,0.121539675,0.6016129,0.08762322,2024-05-21,1926,"{""type"":""MultiPoint"",""coordinates"":[]}"
1927_0,0.26048952,0.69088,0.21919705,2024-05-21,1927,"{""type"":""MultiPoint"",""coordinates"":[]}"
1929_0,0.011042098,0.46854663,-0.028345892,2024-05-21,1929,"{""type"":""MultiPoint"",""coordinates"":[]}"
1932_0,0.22435898,0.74032855,0.20248993,2024-05-21,1932,"{""type"":""MultiPoint"",""coordinates"":[]}"
1933_0,0.14722031,0.542935,0.15490563,2024-05-21,1933,"{""type"":""MultiPoint"",""coordinates"":[]}"
1934_0,0.32859746,0.8437336,0.3121851,2024-05-21,1934,"{""type"":""MultiPoint"",""coordinates"":[]}"
1935_0,0.11759765,0.6227545,0.1265849,2024-05-21,1935,"{""type"":""MultiPoint"",""coordinates"":[]}"
1937_0,0.19463617,0.5167859,0.14881201,2024-05-21,1937,"{""type"":""MultiPoint"",""coordinates"":[]}"
1938_0,0.24020888,0.72260535,0.21415068,2024-05-21,1938,"{""type"":""MultiPoint"",""coordinates"":[]}"
1940_0,0.33758938,0.7741935,0.32218447,2024-05-21,1940,"{""type"":""MultiPoint"",""coordinates"":[]}"
1943_0,0.22382744,0.76200676,0.18983681,2024-05-21,1943,"{""type"":""MultiPoint"",""coordinates"":[]}"
1944_0,0.26697248,0.75065964,0.24835372,2024-05-21,1944,"{""type"":""MultiPoint"",""coordinates"":[]}"
1945_0,0.28853756,0.7642814,0.23954372,2024-05-21,1945,"{""type"":""MultiPoint"",""coordinates"":[]}"
1946_0,0.14832701,0.62887645,0.12956108,2024-05-21,1946,"{""type"":""MultiPoint"",""coordinates"":[]}"
1947_0,0.32965127,0.7833259,0.30633572,2024-05-21,1947,"{""type"":""MultiPoint"",""coordinates"":[]}"
1948_0,0.22589837,0.73722625,0.21797538,2024-05-21,1948,"{""type"":""MultiPoint"",""coordinates"":[]}"
1949_0,0.18187816,0.7645908,0.18528253,2024-05-21,1949,"{""type"":""MultiPoint"",""coordinates"":[]}"
1950_0,0.061337683,0.58677685,0.048138957,2024-05-21,1950,"{""type"":""MultiPoint"",""coordinates"":[]}"
1951_0,0.32341528,0.7773913,0.32297733,2024-05-21,1951,"{""type"":""MultiPoint"",""coordinates"":[]}"
1952_0,0.04563651,0.46586826,0.013245033,2024-05-21,1952,"{""type"":""MultiPoint"",""coordinates"":[]}"
1953_0,0.2573275,0.7225761,0.2040564,2024-05-21,1953,"{""type"":""MultiPoint"",""coordinates"":[]}"
1954_0,0.36147404,0.8959867,0.3536792,2024-05-21,1954,"{""type"":""MultiPoint"",""coordinates"":[]}"
1955_0,0.17995824,0.6687465,0.19934773,2024-05-21,1955,"{""type"":""MultiPoint"",""coordinates"":[]}"
1956_0,0.41777188,0.8862876,0.38429174,2024-05-21,1956,"{""type"":""MultiPoint"",""coordinates"":[]}"
1957_0,-0.0060412223,0.43508962,-0.03453316,2024-05-21,1957,"{""type"":""MultiPoint"",""coordinates"":[]}"
1958_0,0.2773171,0.8053567,0.2689655,2024-05-21,1958,"{""type"":""MultiPoint"",""coordinates"":[]}"
1959_0,0.003572492,0.21755971,0.059699398,2024-05-21,1959,"{""type"":""MultiPoint"",""coordinates"":[]}"
1960_0,0.08671587,0.41986755,0.039767217,2024-05-21,1960,"{""type"":""MultiPoint"",""coordinates"":[]}"
1961_0,0.216882,0.6951373,0.19354266,2024-05-21,1961,"{""type"":""MultiPoint"",""coordinates"":[]}"
1962_0,-0.013080093,0.5062681,0.04990758,2024-05-21,1962,"{""type"":""MultiPoint"",""coordinates"":[]}"
1963_0,0.022390516,0.49235475,-0.0069526876,2024-05-21,1963,"{""type"":""MultiPoint"",""coordinates"":[]}"
1964_0,0.19070105,0.60538584,0.16366367,2024-05-21,1964,"{""type"":""MultiPoint"",""coordinates"":[]}"
1965_0,0.22028263,0.715512,0.19726145,2024-05-21,1965,"{""type"":""MultiPoint"",""coordinates"":[]}"
1966_0,0.12322652,0.5013216,0.106852874,2024-05-21,1966,"{""type"":""MultiPoint"",""coordinates"":[]}"
1967_0,0.068445474,0.5571514,0.038515266,2024-05-21,1967,"{""type"":""MultiPoint"",""coordinates"":[]}"
1968_0,0.2910345,0.7389558,0.25507247,2024-05-21,1968,"{""type"":""MultiPoint"",""coordinates"":[]}"
1969_0,0.009536942,0.08133971,0.023782559,2024-05-21,1969,"{""type"":""MultiPoint"",""coordinates"":[]}"
1970_0,0.016083568,0.05799458,0.13637026,2024-05-21,1970,"{""type"":""MultiPoint"",""coordinates"":[]}"
1971_0,0.3144511,0.7745291,0.31117573,2024-05-21,1971,"{""type"":""MultiPoint"",""coordinates"":[]}"
1972_0,-0.062019013,0.51931816,-0.13644437,2024-05-21,1972,"{""type"":""MultiPoint"",""coordinates"":[]}"
1973_0,0.09708924,0.006993007,0.07431039,2024-05-21,1973,"{""type"":""MultiPoint"",""coordinates"":[]}"
1974_0,0.3054221,0.7841452,0.29722223,2024-05-21,1974,"{""type"":""MultiPoint"",""coordinates"":[]}"
1975_0,0.07687243,0.5395122,0.059060402,2024-05-21,1975,"{""type"":""MultiPoint"",""coordinates"":[]}"
1976_0,0.35246792,0.7725689,0.30534172,2024-05-21,1976,"{""type"":""MultiPoint"",""coordinates"":[]}"
1977_0,0.19913505,0.69396293,0.16362143,2024-05-21,1977,"{""type"":""MultiPoint"",""coordinates"":[]}"
2137_0,0.2114998,0.73107636,0.1603511,2024-05-21,2137,"{""type"":""MultiPoint"",""coordinates"":[]}"
2139_0,0.01668716,0.55285,0.001248885,2024-05-21,2139,"{""type"":""MultiPoint"",""coordinates"":[]}"
2140_0,0.23519197,0.7626349,0.22060558,2024-05-21,2140,"{""type"":""MultiPoint"",""coordinates"":[]}"
2141_0,0.17388652,0.6733524,0.12813908,2024-05-21,2141,"{""type"":""MultiPoint"",""coordinates"":[]}"
2142_0,0.23834293,0.772067,0.2148602,2024-05-21,2142,"{""type"":""MultiPoint"",""coordinates"":[]}"
2143_0,0.19320215,0.7092896,0.16217722,2024-05-21,2143,"{""type"":""MultiPoint"",""coordinates"":[]}"
2144_0,0.24330573,0.7527039,0.20838371,2024-05-21,2144,"{""type"":""MultiPoint"",""coordinates"":[]}"
2148_0,0.24010554,0.6400742,0.2109589,2024-05-21,2148,"{""type"":""MultiPoint"",""coordinates"":[]}"
2149_0,0.26977247,0.6182796,0.28221512,2024-05-21,2149,"{""type"":""MultiPoint"",""coordinates"":[]}"
2150_0,0.34829134,0.81694204,0.29446936,2024-05-21,2150,"{""type"":""MultiPoint"",""coordinates"":[]}"
2151_0,0.020130254,0.4231616,-0.011922959,2024-05-21,2151,"{""type"":""MultiPoint"",""coordinates"":[]}"
2152_0,0.20101504,0.78366446,0.18910964,2024-05-21,2152,"{""type"":""MultiPoint"",""coordinates"":[]}"
2154_0,0.20626935,0.75261325,0.1907674,2024-05-21,2154,"{""type"":""MultiPoint"",""coordinates"":[]}"
2155_0,0.21907601,0.66591424,0.16957211,2024-05-21,2155,"{""type"":""MultiPoint"",""coordinates"":[]}"
2157_0,0.12849163,0.54648715,0.09437332,2024-05-21,2157,"{""type"":""MultiPoint"",""coordinates"":[]}"
2158_0,0.031728864,0.037707392,0.012229885,2024-05-21,2158,"{""type"":""MultiPoint"",""coordinates"":[]}"
2159_0,0.027562995,0.1458886,-0.0152911,2024-05-21,2159,"{""type"":""MultiPoint"",""coordinates"":[]}"
2160_0,0.03965517,0.10148976,0.030039182,2024-05-21,2160,"{""type"":""MultiPoint"",""coordinates"":[]}"
2161_0,0.37654704,0.8068376,0.35447702,2024-05-21,2161,"{""type"":""MultiPoint"",""coordinates"":[]}"
2162_0,0.09109189,0.22496371,0.30246913,2024-05-21,2162,"{""type"":""MultiPoint"",""coordinates"":[]}"
2163_0,0.10687237,0.027846316,0.09954751,2024-05-21,2163,"{""type"":""MultiPoint"",""coordinates"":[]}"
2164_0,0.275391,0.6338912,0.26120308,2024-05-21,2164,"{""type"":""MultiPoint"",""coordinates"":[]}"
2165_0,0.022966629,0.2041237,0.029982364,2024-05-21,2165,"{""type"":""MultiPoint"",""coordinates"":[]}"
2166_0,0.27656528,0.6011236,0.25689086,2024-05-21,2166,"{""type"":""MultiPoint"",""coordinates"":[]}"
2167_0,0.14499362,0.5043169,0.11647192,2024-05-21,2167,"{""type"":""MultiPoint"",""coordinates"":[]}"
2168_0,0.0073890095,0.014521782,0.006895695,2024-05-21,2168,"{""type"":""MultiPoint"",""coordinates"":[]}"
2171_0,0.03201836,0.05882353,-0.029401511,2024-05-21,2171,"{""type"":""MultiPoint"",""coordinates"":[]}"
2172_0,0.09856977,0.4906707,0.118003026,2024-05-21,2172,"{""type"":""MultiPoint"",""coordinates"":[]}"
2173_0,0.11821512,0.5347222,0.077673286,2024-05-21,2173,"{""type"":""MultiPoint"",""coordinates"":[]}"
2175_0,0.3652187,0.8309745,0.3669434,2024-05-21,2175,"{""type"":""MultiPoint"",""coordinates"":[]}"
2176_0,0.040966094,0.08511496,0.020679189,2024-05-21,2176,"{""type"":""MultiPoint"",""coordinates"":[]}"
2177_0,0.06767057,0.028425423,0.124399826,2024-05-21,2177,"{""type"":""MultiPoint"",""coordinates"":[]}"
2178_0,0.32236025,0.83651227,0.29906842,2024-05-21,2178,"{""type"":""MultiPoint"",""coordinates"":[]}"
2181_0,0.19460501,0.68958336,0.1704853,2024-05-21,2181,"{""type"":""MultiPoint"",""coordinates"":[]}"
2182_0,0.26254827,0.73673695,0.26112187,2024-05-21,2182,"{""type"":""MultiPoint"",""coordinates"":[]}"
2183_0,0.039951205,0.6793313,0.16807611,2024-05-21,2183,"{""type"":""MultiPoint"",""coordinates"":[]}"
2184_0,0.18867925,0.5878035,0.14332181,2024-05-21,2184,"{""type"":""MultiPoint"",""coordinates"":[]}"
2185_0,0.07907048,0.03035461,0.09496533,2024-05-21,2185,"{""type"":""MultiPoint"",""coordinates"":[]}"
2186_0,0.16405797,0.69624573,0.15918367,2024-05-21,2186,"{""type"":""MultiPoint"",""coordinates"":[]}"
2187_0,0.2691358,0.76138145,0.11641791,2024-05-21,2187,"{""type"":""MultiPoint"",""coordinates"":[]}"
2188_0,0.17397791,0.7038031,0.15815085,2024-05-21,2188,"{""type"":""MultiPoint"",""coordinates"":[]}"
2189_0,0.18153846,0.70731705,0.17496808,2024-05-21,2189,"{""type"":""MultiPoint"",""coordinates"":[]}"
2190_0,0.33526906,0.8251121,0.30947113,2024-05-21,2190,"{""type"":""MultiPoint"",""coordinates"":[]}"
2191_0,0.23479696,0.70056856,0.18381706,2024-05-21,2191,"{""type"":""MultiPoint"",""coordinates"":[]}"
2192_0,0.23367098,0.80140734,0.22336283,2024-05-21,2192,"{""type"":""MultiPoint"",""coordinates"":[]}"
2193_0,0.08788071,0.65708417,0.057840407,2024-05-21,2193,"{""type"":""MultiPoint"",""coordinates"":[]}"
2194_0,-0.009904055,0.561051,-0.037025265,2024-05-21,2194,"{""type"":""MultiPoint"",""coordinates"":[]}"
2195_0,0.17251793,0.71493083,0.16175908,2024-05-21,2195,"{""type"":""MultiPoint"",""coordinates"":[]}"
2196_0,0.21563636,0.6828753,0.19228609,2024-05-21,2196,"{""type"":""MultiPoint"",""coordinates"":[]}"
2197_0,0.36071324,0.8397973,0.3667294,2024-05-21,2197,"{""type"":""MultiPoint"",""coordinates"":[]}"
2198_0,0.07223147,0.15121512,0.068839446,2024-05-21,2198,"{""type"":""MultiPoint"",""coordinates"":[]}"
2199_0,0.20696689,0.6254417,0.18575801,2024-05-21,2199,"{""type"":""MultiPoint"",""coordinates"":[]}"
2200_0,0.06956303,0.3153457,0.11627907,2024-05-21,2200,"{""type"":""MultiPoint"",""coordinates"":[]}"
2202_0,0.28756413,0.79502195,0.25421995,2024-05-21,2202,"{""type"":""MultiPoint"",""coordinates"":[]}"
2203_0,0.2804575,0.74485594,0.27486846,2024-05-21,2203,"{""type"":""MultiPoint"",""coordinates"":[]}"
2204_0,0.3132972,0.8386606,0.29683307,2024-05-21,2204,"{""type"":""MultiPoint"",""coordinates"":[]}"
2206_0,0.2987645,0.7689464,0.3429223,2024-05-21,2206,"{""type"":""MultiPoint"",""coordinates"":[]}"
2208_0,0.09700561,0.3877902,0.054385107,2024-05-21,2208,"{""type"":""MultiPoint"",""coordinates"":[]}"
2210_0,0.21017514,0.66074497,0.20951585,2024-05-21,2210,"{""type"":""MultiPoint"",""coordinates"":[]}"
2211_0,0.1035886,0.56270444,0.08375874,2024-05-21,2211,"{""type"":""MultiPoint"",""coordinates"":[]}"
2216_0,0.18456486,0.74537987,0.15587285,2024-05-21,2216,"{""type"":""MultiPoint"",""coordinates"":[]}"
2217_0,0.062975556,0.4727955,0.040768977,2024-05-21,2217,"{""type"":""MultiPoint"",""coordinates"":[]}"
2218_0,0.15848753,0.69054216,0.15303643,2024-05-21,2218,"{""type"":""MultiPoint"",""coordinates"":[]}"
2220_0,0.058077436,0.5314685,0.04144022,2024-05-21,2220,"{""type"":""MultiPoint"",""coordinates"":[]}"
2221_0,0.21350579,0.73326415,0.17584932,2024-05-21,2221,"{""type"":""MultiPoint"",""coordinates"":[]}"
2223_0,0.24036063,0.51279527,0.21646221,2024-05-21,2223,"{""type"":""MultiPoint"",""coordinates"":[]}"
2228_0,0.08139778,0.57571757,0.042112153,2024-05-21,2228,"{""type"":""MultiPoint"",""coordinates"":[]}"
2229_0,0.1355782,0.69876546,0.10484056,2024-05-21,2229,"{""type"":""MultiPoint"",""coordinates"":[]}"
2230_0,0.21729691,0.74808323,0.19215687,2024-05-21,2230,"{""type"":""MultiPoint"",""coordinates"":[]}"
2231_0,0.1911677,0.70557183,0.17708966,2024-05-21,2231,"{""type"":""MultiPoint"",""coordinates"":[]}"
2232_0,0.21110116,0.6760259,0.16977577,2024-05-21,2232,"{""type"":""MultiPoint"",""coordinates"":[]}"
2234_0,0.18454,0.67127496,0.18454,2024-05-21,2234,"{""type"":""MultiPoint"",""coordinates"":[]}"
2236_0,0.18120523,0.7150209,0.156867,2024-05-21,2236,"{""type"":""MultiPoint"",""coordinates"":[]}"
2237_0,0.087713,0.55070883,0.055875257,2024-05-21,2237,"{""type"":""MultiPoint"",""coordinates"":[]}"
2238_0,0.12684244,0.5875534,0.10605738,2024-05-21,2238,"{""type"":""MultiPoint"",""coordinates"":[]}"
2239_0,0.049316697,0.5900474,0.055861525,2024-05-21,2239,"{""type"":""MultiPoint"",""coordinates"":[]}"
2240_0,0.1476378,0.6,0.09001751,2024-05-21,2240,"{""type"":""MultiPoint"",""coordinates"":[]}"
2241_0,0.13845582,0.6388889,0.119332194,2024-05-21,2241,"{""type"":""MultiPoint"",""coordinates"":[]}"
2242_0,0.29353404,0.8057083,0.2508616,2024-05-21,2242,"{""type"":""MultiPoint"",""coordinates"":[]}"
2243_0,0.23212321,0.71091443,0.24865447,2024-05-21,2243,"{""type"":""MultiPoint"",""coordinates"":[]}"
2245_0,0.11553924,0.56959426,0.094163984,2024-05-21,2245,"{""type"":""MultiPoint"",""coordinates"":[]}"
2246_0,0.12356935,0.52465373,0.09838355,2024-05-21,2246,"{""type"":""MultiPoint"",""coordinates"":[]}"
2247_0,0.20245399,0.6052061,0.1993517,2024-05-21,2247,"{""type"":""MultiPoint"",""coordinates"":[]}"
2248_0,0.35917652,0.8053097,0.35308424,2024-05-21,2248,"{""type"":""MultiPoint"",""coordinates"":[]}"
2249_0,0.10379997,0.5710889,0.096217655,2024-05-21,2249,"{""type"":""MultiPoint"",""coordinates"":[]}"
2250_0,0.03574879,0.4413893,-0.001003009,2024-05-21,2250,"{""type"":""MultiPoint"",""coordinates"":[]}"
2251_0,0.0682095,0.62031436,0.07738694,2024-05-21,2251,"{""type"":""MultiPoint"",""coordinates"":[]}"
2252_0,0.032349948,0.61588496,-0.0037990713,2024-05-21,2252,"{""type"":""MultiPoint"",""coordinates"":[]}"
2253_0,0.05603039,0.44335663,0.01875617,2024-05-21,2253,"{""type"":""MultiPoint"",""coordinates"":[]}"
2254_0,0.112917796,0.54037267,0.081957,2024-05-21,2254,"{""type"":""MultiPoint"",""coordinates"":[]}"
2255_0,0.06878307,0.5766017,0.15904437,2024-05-21,2255,"{""type"":""MultiPoint"",""coordinates"":[]}"
2256_0,0.1006424,0.510658,0.0884808,2024-05-21,2256,"{""type"":""MultiPoint"",""coordinates"":[]}"
2257_0,0.011265935,0.43526292,-0.013215859,2024-05-21,2257,"{""type"":""MultiPoint"",""coordinates"":[]}"
2258_0,0.17419854,0.63617885,0.20194103,2024-05-21,2258,"{""type"":""MultiPoint"",""coordinates"":[]}"
2259_0,0.22021978,0.6623068,0.22363238,2024-05-21,2259,"{""type"":""MultiPoint"",""coordinates"":[]}"
2260_0,-0.046785392,0.35602096,-0.054744527,2024-05-21,2260,"{""type"":""MultiPoint"",""coordinates"":[]}"
2261_0,0.18867083,0.6724655,0.21033211,2024-05-21,2261,"{""type"":""MultiPoint"",""coordinates"":[]}"
2262_0,0.23737612,0.72680587,0.21894635,2024-05-21,2262,"{""type"":""MultiPoint"",""coordinates"":[]}"
2298_0,0.24604799,0.8278995,0.2557371,2024-05-21,2298,"{""type"":""MultiPoint"",""coordinates"":[]}"
2299_0,0.35178834,0.74377227,0.19402985,2024-05-21,2299,"{""type"":""MultiPoint"",""coordinates"":[]}"
2300_0,0.37347132,0.7379808,0.3693182,2024-05-21,2300,"{""type"":""MultiPoint"",""coordinates"":[]}"
2301_0,-0.008200836,0.47340426,-0.04185403,2024-05-21,2301,"{""type"":""MultiPoint"",""coordinates"":[]}"
2302_0,0.22556391,0.62312394,0.17269076,2024-05-21,2302,"{""type"":""MultiPoint"",""coordinates"":[]}"
2304_0,0.0036861505,0.44920018,-0.060538117,2024-05-21,2304,"{""type"":""MultiPoint"",""coordinates"":[]}"
2305_0,0.19610909,0.7731507,0.16612613,2024-05-21,2305,"{""type"":""MultiPoint"",""coordinates"":[]}"
2306_0,0.28514695,0.7321617,0.2920818,2024-05-21,2306,"{""type"":""MultiPoint"",""coordinates"":[]}"
2307_0,0.06546855,0.5737393,0.06366559,2024-05-21,2307,"{""type"":""MultiPoint"",""coordinates"":[]}"
2308_0,0.13905486,0.43706778,0.13458914,2024-05-21,2308,"{""type"":""MultiPoint"",""coordinates"":[]}"
2311_0,0.19062576,0.6087253,0.16976456,2024-05-21,2311,"{""type"":""MultiPoint"",""coordinates"":[]}"
2312_0,0.091614015,0.5489944,0.06737432,2024-05-21,2312,"{""type"":""MultiPoint"",""coordinates"":[]}"
2313_0,0.061166428,0.6169772,0.025270758,2024-05-21,2313,"{""type"":""MultiPoint"",""coordinates"":[]}"
2314_0,0.2775283,0.78582203,0.2770088,2024-05-21,2314,"{""type"":""MultiPoint"",""coordinates"":[]}"
2315_0,0.30716324,0.8630137,0.31269762,2024-05-21,2315,"{""type"":""MultiPoint"",""coordinates"":[]}"
2316_0,0.059531886,0.084829286,0.05286532,2024-05-21,2316,"{""type"":""MultiPoint"",""coordinates"":[]}"
2317_0,0.13709944,0.71857786,0.13567173,2024-05-21,2317,"{""type"":""MultiPoint"",""coordinates"":[]}"
2318_0,0.10264197,0.68761903,0.090629324,2024-05-21,2318,"{""type"":""MultiPoint"",""coordinates"":[]}"
2321_0,0.37612036,0.8563923,0.3701729,2024-05-21,2321,"{""type"":""MultiPoint"",""coordinates"":[]}"
2322_0,0.1345774,0.6718266,0.10429448,2024-05-21,2322,"{""type"":""MultiPoint"",""coordinates"":[]}"
2324_0,0.25770172,0.6580173,0.24289277,2024-05-21,2324,"{""type"":""MultiPoint"",""coordinates"":[]}"
2326_0,0.17985928,0.7226183,0.17532611,2024-05-21,2326,"{""type"":""MultiPoint"",""coordinates"":[]}"
2327_0,0.2538279,0.62214535,0.15071183,2024-05-21,2327,"{""type"":""MultiPoint"",""coordinates"":[]}"
2328_0,0.38228616,0.8043871,0.36349455,2024-05-21,2328,"{""type"":""MultiPoint"",""coordinates"":[]}"
2329_0,0.18745218,0.64714944,0.14607345,2024-05-21,2329,"{""type"":""MultiPoint"",""coordinates"":[]}"
2330_0,0.05075954,0.5459906,0.011574074,2024-05-21,2330,"{""type"":""MultiPoint"",""coordinates"":[]}"
2331_0,0.20722076,0.70343006,0.20989506,2024-05-21,2331,"{""type"":""MultiPoint"",""coordinates"":[]}"
2332_0,0.30929947,0.7822014,0.2871036,2024-05-21,2332,"{""type"":""MultiPoint"",""coordinates"":[]}"
2333_0,0.18202555,0.72469634,0.17544264,2024-05-21,2333,"{""type"":""MultiPoint"",""coordinates"":[]}"
2334_0,0.0733639,0.22547652,0.08499692,2024-05-21,2334,"{""type"":""MultiPoint"",""coordinates"":[]}"
2335_0,0.21090977,0.7074559,0.17370892,2024-05-21,2335,"{""type"":""MultiPoint"",""coordinates"":[]}"
2336_0,0.19422573,0.6642066,0.18997361,2024-05-21,2336,"{""type"":""MultiPoint"",""coordinates"":[]}"
2337_0,0.08423586,0.22085048,0.07813446,2024-05-21,2337,"{""type"":""MultiPoint"",""coordinates"":[]}"
2338_0,0.030713342,0.24681006,0.07631786,2024-05-21,2338,"{""type"":""MultiPoint"",""coordinates"":[]}"
2339_0,0.16500318,0.5661605,0.18994644,2024-05-21,2339,"{""type"":""MultiPoint"",""coordinates"":[]}"
2340_0,0.08851884,0.5141019,0.08127209,2024-05-21,2340,"{""type"":""MultiPoint"",""coordinates"":[]}"
2341_0,0.08903969,0.58789,0.07419018,2024-05-21,2341,"{""type"":""MultiPoint"",""coordinates"":[]}"
2414_0,0.14784352,0.69034606,0.13447432,2024-05-21,2414,"{""type"":""MultiPoint"",""coordinates"":[]}"
2416_0,0.14106975,0.5277145,0.04718945,2024-05-21,2416,"{""type"":""MultiPoint"",""coordinates"":[]}"
2417_0,0.09879518,0.6007515,0.09705456,2024-05-21,2417,"{""type"":""MultiPoint"",""coordinates"":[]}"
2418_0,0.00527192,0.513356,-0.069989555,2024-05-21,2418,"{""type"":""MultiPoint"",""coordinates"":[]}"
2419_0,0.07392608,0.5633142,0.03788272,2024-05-21,2419,"{""type"":""MultiPoint"",""coordinates"":[]}"
2420_0,-0.068882264,0.28176796,-0.110193245,2024-05-21,2420,"{""type"":""MultiPoint"",""coordinates"":[]}"
2421_0,0.025813693,0.50941473,-0.011992006,2024-05-21,2421,"{""type"":""MultiPoint"",""coordinates"":[]}"
2422_0,0.2570892,0.77324265,0.22522523,2024-05-21,2422,"{""type"":""MultiPoint"",""coordinates"":[]}"
2423_0,0.08637823,0.55757284,0.043533932,2024-05-21,2423,"{""type"":""MultiPoint"",""coordinates"":[]}"
2424_0,0.022560406,0.16724628,0.0042159664,2024-05-21,2424,"{""type"":""MultiPoint"",""coordinates"":[]}"
2425_0,0.09528966,0.6552451,-0.031163221,2024-05-21,2425,"{""type"":""MultiPoint"",""coordinates"":[]}"
2426_0,0.2737921,0.75233024,0.45253864,2024-05-21,2426,"{""type"":""MultiPoint"",""coordinates"":[]}"
2428_0,0.02766315,0.36257833,-0.022008032,2024-05-21,2428,"{""type"":""MultiPoint"",""coordinates"":[]}"
2429_0,0.082747854,0.5474795,0.05811623,2024-05-21,2429,"{""type"":""MultiPoint"",""coordinates"":[]}"
2430_0,0.020510908,0.11007026,0.039758705,2024-05-21,2430,"{""type"":""MultiPoint"",""coordinates"":[]}"
2431_0,0.17264256,0.72761196,0.17159577,2024-05-21,2431,"{""type"":""MultiPoint"",""coordinates"":[]}"
2432_0,0.10059898,0.5800905,0.08785047,2024-05-21,2432,"{""type"":""MultiPoint"",""coordinates"":[]}"
2433_0,0.26951745,0.76599425,0.24401137,2024-05-21,2433,"{""type"":""MultiPoint"",""coordinates"":[]}"
2434_0,0.104359314,0.59151787,0.09167464,2024-05-21,2434,"{""type"":""MultiPoint"",""coordinates"":[]}"
2435_0,0.10144092,0.5611888,0.06786248,2024-05-21,2435,"{""type"":""MultiPoint"",""coordinates"":[]}"
2437_0,0.17153913,0.6220672,0.14069119,2024-05-21,2437,"{""type"":""MultiPoint"",""coordinates"":[]}"
2442_0,0.1931704,0.7315364,0.14265385,2024-05-21,2442,"{""type"":""MultiPoint"",""coordinates"":[]}"
2443_0,0.086894296,0.59444094,0.061173007,2024-05-21,2443,"{""type"":""MultiPoint"",""coordinates"":[]}"
2447_0,-0.11340894,0.40045768,-0.15381956,2024-05-21,2447,"{""type"":""MultiPoint"",""coordinates"":[]}"
2448_0,0.26137912,0.71246004,0.225493,2024-05-21,2448,"{""type"":""MultiPoint"",""coordinates"":[]}"
2449_0,0.23967913,0.6936648,0.23967913,2024-05-21,2449,"{""type"":""MultiPoint"",""coordinates"":[]}"
2450_0,0.30189976,0.7413428,0.23539734,2024-05-21,2450,"{""type"":""MultiPoint"",""coordinates"":[]}"
2453_0,0.1771314,0.68536586,0.14807892,2024-05-21,2453,"{""type"":""MultiPoint"",""coordinates"":[]}"
2455_0,0.12442025,0.63262767,0.09409556,2024-05-21,2455,"{""type"":""MultiPoint"",""coordinates"":[]}"
2456_0,0.184347,0.54413027,0.16276819,2024-05-21,2456,"{""type"":""MultiPoint"",""coordinates"":[]}"
2457_0,0.17280315,0.6683274,0.16356416,2024-05-21,2457,"{""type"":""MultiPoint"",""coordinates"":[]}"
2629_0,-0.02607385,0.4323937,-0.06341768,2024-05-21,2629,"{""type"":""MultiPoint"",""coordinates"":[]}"
2630_0,0.21881391,0.7444073,0.19352569,2024-05-21,2630,"{""type"":""MultiPoint"",""coordinates"":[]}"
2631_0,0.16336128,0.7033737,0.13341804,2024-05-21,2631,"{""type"":""MultiPoint"",""coordinates"":[]}"
2632_0,0.14442596,0.66271275,0.11268335,2024-05-21,2632,"{""type"":""MultiPoint"",""coordinates"":[]}"
2633_0,0.20058618,0.7110482,0.1610919,2024-05-21,2633,"{""type"":""MultiPoint"",""coordinates"":[]}"
2634_0,0.24321868,0.8639344,0.29112846,2024-05-21,2634,"{""type"":""MultiPoint"",""coordinates"":[]}"
2635_0,0.052933242,0.55043685,0.020742549,2024-05-21,2635,"{""type"":""MultiPoint"",""coordinates"":[]}"
2637_0,0.07244968,0.1951006,0.06791752,2024-05-21,2637,"{""type"":""MultiPoint"",""coordinates"":[]}"
2638_0,0.13556524,0.66590387,0.1167357,2024-05-21,2638,"{""type"":""MultiPoint"",""coordinates"":[]}"
2639_0,0.112657815,0.7353172,0.09612531,2024-05-21,2639,"{""type"":""MultiPoint"",""coordinates"":[]}"
2640_0,0.23428962,0.6964942,0.21360926,2024-05-21,2640,"{""type"":""MultiPoint"",""coordinates"":[]}"
2642_0,0.098551184,0.59921706,0.07165109,2024-05-21,2642,"{""type"":""MultiPoint"",""coordinates"":[]}"
2643_0,0.28869995,0.81708544,0.2859175,2024-05-21,2643,"{""type"":""MultiPoint"",""coordinates"":[]}"
2644_0,0.2000668,0.65985036,0.16302638,2024-05-21,2644,"{""type"":""MultiPoint"",""coordinates"":[]}"
2645_0,0.12895888,0.62406814,0.10128182,2024-05-21,2645,"{""type"":""MultiPoint"",""coordinates"":[]}"
2646_0,0.08786001,0.63160956,0.05762712,2024-05-21,2646,"{""type"":""MultiPoint"",""coordinates"":[]}"
2647_0,0.21058202,0.78232807,0.21058202,2024-05-21,2647,"{""type"":""MultiPoint"",""coordinates"":[]}"
2648_0,0.27511737,0.6334232,0.22177419,2024-05-21,2648,"{""type"":""MultiPoint"",""coordinates"":[]}"
2649_0,-0.007880434,0.4105002,-0.041707624,2024-05-21,2649,"{""type"":""MultiPoint"",""coordinates"":[]}"
2650_0,0.0986563,0.39473686,0.05784513,2024-05-21,2650,"{""type"":""MultiPoint"",""coordinates"":[]}"
2651_0,0.16182874,0.6280246,0.1308165,2024-05-21,2651,"{""type"":""MultiPoint"",""coordinates"":[]}"
2652_0,0.0673591,0.5526561,0.04369616,2024-05-21,2652,"{""type"":""MultiPoint"",""coordinates"":[]}"
2653_0,0.31034482,0.6905504,0.277865,2024-05-21,2653,"{""type"":""MultiPoint"",""coordinates"":[]}"
2654_0,0.06589928,0.32567975,0.14959392,2024-05-21,2654,"{""type"":""MultiPoint"",""coordinates"":[]}"
2655_0,0.07350149,0.13819368,0.101052634,2024-05-21,2655,"{""type"":""MultiPoint"",""coordinates"":[]}"
2656_0,0.23833127,0.64411944,0.1880229,2024-05-21,2656,"{""type"":""MultiPoint"",""coordinates"":[]}"
2657_0,0.023268893,0.05125523,0.072929874,2024-05-21,2657,"{""type"":""MultiPoint"",""coordinates"":[]}"
2658_0,0.19157472,0.6439942,0.16992791,2024-05-21,2658,"{""type"":""MultiPoint"",""coordinates"":[]}"
2659_0,0.1324926,0.6274956,0.07226107,2024-05-21,2659,"{""type"":""MultiPoint"",""coordinates"":[]}"
2662_0,0.33076182,0.59345794,0.32555878,2024-05-21,2662,"{""type"":""MultiPoint"",""coordinates"":[]}"
2663_0,0.21289928,0.7105139,0.16975658,2024-05-21,2663,"{""type"":""MultiPoint"",""coordinates"":[]}"
2664_0,0.12416613,0.26263133,0.10726036,2024-05-21,2664,"{""type"":""MultiPoint"",""coordinates"":[]}"
2665_0,0.13373558,-0.011111111,0.11328278,2024-05-21,2665,"{""type"":""MultiPoint"",""coordinates"":[]}"
2666_0,0.14041615,0.070103094,0.14207125,2024-05-21,2666,"{""type"":""MultiPoint"",""coordinates"":[]}"
2667_0,-0.015116577,0.4034749,0.18960933,2024-05-21,2667,"{""type"":""MultiPoint"",""coordinates"":[]}"
2670_0,0.30341506,0.7992126,0.26563582,2024-05-21,2670,"{""type"":""MultiPoint"",""coordinates"":[]}"
2671_0,0.08338687,0.49811035,0.052715443,2024-05-21,2671,"{""type"":""MultiPoint"",""coordinates"":[]}"
2672_0,0.19907789,0.5811472,0.18770875,2024-05-21,2672,"{""type"":""MultiPoint"",""coordinates"":[]}"
2673_0,0.24608764,0.6595076,0.24357213,2024-05-21,2673,"{""type"":""MultiPoint"",""coordinates"":[]}"
2675_0,0.06028014,0.5272465,0.059456754,2024-05-21,2675,"{""type"":""MultiPoint"",""coordinates"":[]}"
2676_0,0.07692308,0.5761436,-0.0069317766,2024-05-21,2676,"{""type"":""MultiPoint"",""coordinates"":[]}"
2677_0,0.11228473,0.19856337,0.0944015,2024-05-21,2677,"{""type"":""MultiPoint"",""coordinates"":[]}"
2678_0,0.03787879,0.17673546,0.10500352,2024-05-21,2678,"{""type"":""MultiPoint"",""coordinates"":[]}"
2679_0,0.11082557,0.21577726,0.11584327,2024-05-21,2679,"{""type"":""MultiPoint"",""coordinates"":[]}"
2680_0,0.091347605,0.22251539,0.10306517,2024-05-21,2680,"{""type"":""MultiPoint"",""coordinates"":[]}"
2682_0,0.17852578,0.75775385,0.16536796,2024-05-21,2682,"{""type"":""MultiPoint"",""coordinates"":[]}"
2683_0,0.20250896,0.69055593,0.17286246,2024-05-21,2683,"{""type"":""MultiPoint"",""coordinates"":[]}"
2684_0,0.24786754,0.7400275,0.25589475,2024-05-21,2684,"{""type"":""MultiPoint"",""coordinates"":[]}"
2686_0,0.14884196,0.62083334,0.10924969,2024-05-21,2686,"{""type"":""MultiPoint"",""coordinates"":[]}"
2687_0,0.18445453,0.65833336,0.14815578,2024-05-21,2687,"{""type"":""MultiPoint"",""coordinates"":[]}"
2689_0,0.24387436,0.7834395,0.18748896,2024-05-21,2689,"{""type"":""MultiPoint"",""coordinates"":[]}"
2697_0,0.1949274,0.71496016,0.19244973,2024-05-21,2697,"{""type"":""MultiPoint"",""coordinates"":[]}"
2700_0,0.18368277,0.6747141,0.19087417,2024-05-21,2700,"{""type"":""MultiPoint"",""coordinates"":[]}"
2702_0,0.21940322,0.70897835,0.15039945,2024-05-21,2702,"{""type"":""MultiPoint"",""coordinates"":[]}"
2704_0,0.09980972,0.5297741,0.067717664,2024-05-21,2704,"{""type"":""MultiPoint"",""coordinates"":[]}"
2705_0,0.08016106,0.65143204,0.037717786,2024-05-21,2705,"{""type"":""MultiPoint"",""coordinates"":[]}"
2706_0,0.026936652,0.5588063,0.008517887,2024-05-21,2706,"{""type"":""MultiPoint"",""coordinates"":[]}"
2707_0,0.0,0.4972258,-0.033209316,2024-05-21,2707,"{""type"":""MultiPoint"",""coordinates"":[]}"
2708_0,0.21462366,0.6666667,0.16353641,2024-05-21,2708,"{""type"":""MultiPoint"",""coordinates"":[]}"
2709_0,-0.002266289,0.4091492,-0.03541118,2024-05-21,2709,"{""type"":""MultiPoint"",""coordinates"":[]}"
2710_0,0.1112238,0.5449467,0.07282666,2024-05-21,2710,"{""type"":""MultiPoint"",""coordinates"":[]}"
2711_0,0.2124716,0.7215026,0.16451259,2024-05-21,2711,"{""type"":""MultiPoint"",""coordinates"":[]}"
2887_0,0.0627757,0.57649446,0.05958461,2024-05-21,2887,"{""type"":""MultiPoint"",""coordinates"":[]}"
2889_0,0.28376436,0.76243657,0.27039883,2024-05-21,2889,"{""type"":""MultiPoint"",""coordinates"":[]}"
2890_0,0.19535519,0.7283692,0.16631281,2024-05-21,2890,"{""type"":""MultiPoint"",""coordinates"":[]}"
2891_0,0.064693935,0.45304096,0.042755343,2024-05-21,2891,"{""type"":""MultiPoint"",""coordinates"":[]}"
2892_0,0.075173095,0.5289802,0.054122407,2024-05-21,2892,"{""type"":""MultiPoint"",""coordinates"":[]}"
2894_0,0.07404692,0.6378975,-3.960396E-4,2024-05-21,2894,"{""type"":""MultiPoint"",""coordinates"":[]}"
2895_0,0.26530612,0.7545894,0.21390374,2024-05-21,2895,"{""type"":""MultiPoint"",""coordinates"":[]}"
2898_0,0.21716914,0.7004132,0.17781754,2024-05-21,2898,"{""type"":""MultiPoint"",""coordinates"":[]}"
2899_0,0.037929174,0.5173238,-0.02607362,2024-05-21,2899,"{""type"":""MultiPoint"",""coordinates"":[]}"
2900_0,0.06435569,0.44231588,0.043746147,2024-05-21,2900,"{""type"":""MultiPoint"",""coordinates"":[]}"
2901_0,0.15478203,0.61728394,0.113906115,2024-05-21,2901,"{""type"":""MultiPoint"",""coordinates"":[]}"
2902_0,0.28619528,0.8414322,0.25874126,2024-05-21,2902,"{""type"":""MultiPoint"",""coordinates"":[]}"
2903_0,0.1313166,0.5365141,0.110680975,2024-05-21,2903,"{""type"":""MultiPoint"",""coordinates"":[]}"
2904_0,0.16666667,0.49469215,0.10518053,2024-05-21,2904,"{""type"":""MultiPoint"",""coordinates"":[]}"
2905_0,0.1474865,0.641497,0.09841828,2024-05-21,2905,"{""type"":""MultiPoint"",""coordinates"":[]}"
2906_0,0.31808117,0.773913,0.31352153,2024-05-21,2906,"{""type"":""MultiPoint"",""coordinates"":[]}"
2908_0,0.27960584,0.76261127,0.27036178,2024-05-21,2908,"{""type"":""MultiPoint"",""coordinates"":[]}"
2909_0,0.20933107,0.70969963,0.18593924,2024-05-21,2909,"{""type"":""MultiPoint"",""coordinates"":[]}"
2910_0,0.04924029,0.56025076,-0.0028194094,2024-05-21,2910,"{""type"":""MultiPoint"",""coordinates"":[]}"
2911_0,0.16414566,0.5503597,0.0721393,2024-05-21,2911,"{""type"":""MultiPoint"",""coordinates"":[]}"
2912_0,0.24352331,0.77911645,0.22573207,2024-05-21,2912,"{""type"":""MultiPoint"",""coordinates"":[]}"
2913_0,0.28191322,0.692374,0.26811945,2024-05-21,2913,"{""type"":""MultiPoint"",""coordinates"":[]}"
2915_0,0.08431373,0.019257868,0.106789924,2024-05-21,2915,"{""type"":""MultiPoint"",""coordinates"":[]}"
2917_0,0.02001505,0.46734598,-0.01369863,2024-05-21,2917,"{""type"":""MultiPoint"",""coordinates"":[]}"
2918_0,0.3799759,0.8069498,0.34396937,2024-05-21,2918,"{""type"":""MultiPoint"",""coordinates"":[]}"
2920_0,0.0795326,0.39352098,0.03592578,2024-05-21,2920,"{""type"":""MultiPoint"",""coordinates"":[]}"
2921_0,0.062493037,0.14724839,0.04753282,2024-05-21,2921,"{""type"":""MultiPoint"",""coordinates"":[]}"
2922_0,0.076477684,0.08364312,0.098445594,2024-05-21,2922,"{""type"":""MultiPoint"",""coordinates"":[]}"
2923_0,0.0953571,0.5275081,0.04670825,2024-05-21,2923,"{""type"":""MultiPoint"",""coordinates"":[]}"
2925_0,0.08417016,0.009883971,0.1108485,2024-05-21,2925,"{""type"":""MultiPoint"",""coordinates"":[]}"
2926_0,0.013641133,0.08718726,0.008438818,2024-05-21,2926,"{""type"":""MultiPoint"",""coordinates"":[]}"
2927_0,0.06433449,0.3919947,0.037347466,2024-05-21,2927,"{""type"":""MultiPoint"",""coordinates"":[]}"
2928_0,0.109375,0.4079776,0.08113917,2024-05-21,2928,"{""type"":""MultiPoint"",""coordinates"":[]}"
2929_0,0.17107812,0.652489,0.1487669,2024-05-21,2929,"{""type"":""MultiPoint"",""coordinates"":[]}"
2930_0,0.10748438,-0.008186127,0.13622902,2024-05-21,2930,"{""type"":""MultiPoint"",""coordinates"":[]}"
2931_0,0.17175093,0.53884095,0.114783384,2024-05-21,2931,"{""type"":""MultiPoint"",""coordinates"":[]}"
2932_0,0.05858007,0.53506243,0.038842842,2024-05-21,2932,"{""type"":""MultiPoint"",""coordinates"":[]}"
2933_0,0.27728614,0.8119658,0.26756352,2024-05-21,2933,"{""type"":""MultiPoint"",""coordinates"":[]}"
2934_0,0.13493334,0.050200805,-0.31934276,2024-05-21,2934,"{""type"":""MultiPoint"",""coordinates"":[]}"
2935_0,0.032490976,0.10868577,0.079955705,2024-05-21,2935,"{""type"":""MultiPoint"",""coordinates"":[]}"
2936_0,0.073224045,0.1557971,0.14439462,2024-05-21,2936,"{""type"":""MultiPoint"",""coordinates"":[]}"
2937_0,0.2920716,0.76061773,0.2746331,2024-05-21,2937,"{""type"":""MultiPoint"",""coordinates"":[]}"
2938_0,0.12885107,0.6478803,0.12706806,2024-05-21,2938,"{""type"":""MultiPoint"",""coordinates"":[]}"
2939_0,0.10450241,0.5755785,0.08566582,2024-05-21,2939,"{""type"":""MultiPoint"",""coordinates"":[]}"
2940_0,0.066124864,0.6448598,0.021671826,2024-05-21,2940,"{""type"":""MultiPoint"",""coordinates"":[]}"
2941_0,0.043816254,0.44008714,-0.011588785,2024-05-21,2941,"{""type"":""MultiPoint"",""coordinates"":[]}"
2942_0,0.15095066,0.051413883,0.08533046,2024-05-21,2942,"{""type"":""MultiPoint"",""coordinates"":[]}"
2943_0,0.20503937,0.7698784,0.19974636,2024-05-21,2943,"{""type"":""MultiPoint"",""coordinates"":[]}"
2944_0,0.036856446,0.44140968,-0.012971343,2024-05-21,2944,"{""type"":""MultiPoint"",""coordinates"":[]}"
2945_0,0.22242315,0.7318806,0.2144162,2024-05-21,2945,"{""type"":""MultiPoint"",""coordinates"":[]}"
2946_0,0.33432934,0.8135676,0.29907358,2024-05-21,2946,"{""type"":""MultiPoint"",""coordinates"":[]}"
2947_0,0.17421953,0.38885486,-0.040609136,2024-05-21,2947,"{""type"":""MultiPoint"",""coordinates"":[]}"
2948_0,0.3167397,0.84207946,0.3167397,2024-05-21,2948,"{""type"":""MultiPoint"",""coordinates"":[]}"
2949_0,0.26891848,0.75866854,0.25648224,2024-05-21,2949,"{""type"":""MultiPoint"",""coordinates"":[]}"
2950_0,0.19621061,0.74541473,0.18205413,2024-05-21,2950,"{""type"":""MultiPoint"",""coordinates"":[]}"
2951_0,0.2903334,0.8588469,0.2768863,2024-05-21,2951,"{""type"":""MultiPoint"",""coordinates"":[]}"
2952_0,0.27495575,0.7127578,0.2549678,2024-05-21,2952,"{""type"":""MultiPoint"",""coordinates"":[]}"
2955_0,0.14478381,0.63988036,0.11952083,2024-05-21,2955,"{""type"":""MultiPoint"",""coordinates"":[]}"
2956_0,0.26568577,0.7973922,0.24552563,2024-05-21,2956,"{""type"":""MultiPoint"",""coordinates"":[]}"
2960_0,0.24403515,0.8329571,0.28531855,2024-05-21,2960,"{""type"":""MultiPoint"",""coordinates"":[]}"
2965_0,0.31834942,0.8604651,0.25646427,2024-05-21,2965,"{""type"":""MultiPoint"",""coordinates"":[]}"
2966_0,0.21754907,0.7206704,0.2181938,2024-05-21,2966,"{""type"":""MultiPoint"",""coordinates"":[]}"
2967_0,-0.012801509,0.45107794,-0.03554698,2024-05-21,2967,"{""type"":""MultiPoint"",""coordinates"":[]}"
2968_0,0.20330082,0.71271324,0.18869366,2024-05-21,2968,"{""type"":""MultiPoint"",""coordinates"":[]}"
2970_0,0.16118936,0.610356,0.21484375,2024-05-21,2970,"{""type"":""MultiPoint"",""coordinates"":[]}"
2971_0,0.10107767,0.54831266,0.051930238,2024-05-21,2971,"{""type"":""MultiPoint"",""coordinates"":[]}"
2972_0,0.0014714205,0.13141182,0.024438793,2024-05-21,2972,"{""type"":""MultiPoint"",""coordinates"":[]}"
2973_0,0.23994756,0.74206936,0.25636092,2024-05-21,2973,"{""type"":""MultiPoint"",""coordinates"":[]}"
2974_0,0.22276483,0.7344538,0.19883834,2024-05-21,2974,"{""type"":""MultiPoint"",""coordinates"":[]}"
2975_0,0.16256376,0.68031704,0.14801444,2024-05-21,2975,"{""type"":""MultiPoint"",""coordinates"":[]}"
2976_0,0.055989143,0.48301888,0.061086737,2024-05-21,2976,"{""type"":""MultiPoint"",""coordinates"":[]}"
2977_0,0.06936892,0.5118812,0.039128955,2024-05-21,2977,"{""type"":""MultiPoint"",""coordinates"":[]}"
2978_0,0.19402266,0.7121662,0.159799,2024-05-21,2978,"{""type"":""MultiPoint"",""coordinates"":[]}"
2979_0,-0.060011346,0.52175784,-0.1389566,2024-05-21,2979,"{""type"":""MultiPoint"",""coordinates"":[]}"
2980_0,0.037772655,0.52152836,-0.008362758,2024-05-21,2980,"{""type"":""MultiPoint"",""coordinates"":[]}"
2981_0,0.14034846,0.34443703,0.125959,2024-05-21,2981,"{""type"":""MultiPoint"",""coordinates"":[]}"
2982_0,0.09986625,0.63741845,0.05588029,2024-05-21,2982,"{""type"":""MultiPoint"",""coordinates"":[]}"
2983_0,-0.012957746,0.08717435,0.09375,2024-05-21,2983,"{""type"":""MultiPoint"",""coordinates"":[]}"
2984_0,0.080636874,0.5833333,0.055741165,2024-05-21,2984,"{""type"":""MultiPoint"",""coordinates"":[]}"
2985_0,0.12363194,0.67141974,0.109921776,2024-05-21,2985,"{""type"":""MultiPoint"",""coordinates"":[]}"
2986_0,0.12397734,0.62991744,0.09315961,2024-05-21,2986,"{""type"":""MultiPoint"",""coordinates"":[]}"
2987_0,0.11368736,0.44083875,0.098173514,2024-05-21,2987,"{""type"":""MultiPoint"",""coordinates"":[]}"
2988_0,0.056044836,0.6011061,-0.008985879,2024-05-21,2988,"{""type"":""MultiPoint"",""coordinates"":[]}"
2989_0,0.10750977,-0.005313496,0.09666081,2024-05-21,2989,"{""type"":""MultiPoint"",""coordinates"":[]}"
2990_0,0.14843206,0.7236842,0.12526843,2024-05-21,2990,"{""type"":""MultiPoint"",""coordinates"":[]}"
2991_0,0.10159292,0.5768823,0.07910015,2024-05-21,2991,"{""type"":""MultiPoint"",""coordinates"":[]}"
2992_0,0.09512485,0.48872182,0.019961365,2024-05-21,2992,"{""type"":""MultiPoint"",""coordinates"":[]}"
2993_0,0.04525842,-0.009661836,-0.027667984,2024-05-21,2993,"{""type"":""MultiPoint"",""coordinates"":[]}"
2994_0,0.1143326,0.39356178,0.24750175,2024-05-21,2994,"{""type"":""MultiPoint"",""coordinates"":[]}"
2995_0,0.0034494654,0.5044526,-0.0029508765,2024-05-21,2995,"{""type"":""MultiPoint"",""coordinates"":[]}"
2996_0,0.09173445,0.60943955,0.06375512,2024-05-21,2996,"{""type"":""MultiPoint"",""coordinates"":[]}"
2997_0,0.07791714,0.26378897,-0.07013675,2024-05-21,2997,"{""type"":""MultiPoint"",""coordinates"":[]}"
2998_0,0.16743675,0.6456376,0.12891345,2024-05-21,2998,"{""type"":""MultiPoint"",""coordinates"":[]}"
3062_0,0.195967,0.74215245,0.17260894,2024-05-21,3062,"{""type"":""MultiPoint"",""coordinates"":[]}"
3063_0,0.1613761,0.7663111,0.1704751,2024-05-21,3063,"{""type"":""MultiPoint"",""coordinates"":[]}"
3065_0,0.05235921,0.5061495,0.01127521,2024-05-21,3065,"{""type"":""MultiPoint"",""coordinates"":[]}"
3066_0,0.25360826,0.7133858,0.24224548,2024-05-21,3066,"{""type"":""MultiPoint"",""coordinates"":[]}"
3067_0,0.21069941,0.7782101,0.20739762,2024-05-21,3067,"{""type"":""MultiPoint"",""coordinates"":[]}"
3068_0,0.09733881,0.53546005,0.07078507,2024-05-21,3068,"{""type"":""MultiPoint"",""coordinates"":[]}"
3069_0,0.19705808,0.74025047,0.21145703,2024-05-21,3069,"{""type"":""MultiPoint"",""coordinates"":[]}"
3070_0,0.20347036,0.6840171,0.17571612,2024-05-21,3070,"{""type"":""MultiPoint"",""coordinates"":[]}"
3071_0,0.28303427,0.8385744,0.33232054,2024-05-21,3071,"{""type"":""MultiPoint"",""coordinates"":[]}"
3072_0,0.22303474,0.61217475,0.21427251,2024-05-21,3072,"{""type"":""MultiPoint"",""coordinates"":[]}"
3475_0,0.16489482,0.6348662,0.1267739,2024-05-21,3475,"{""type"":""MultiPoint"",""coordinates"":[]}"
3476_0,0.24335463,0.75406873,0.22629583,2024-05-21,3476,"{""type"":""MultiPoint"",""coordinates"":[]}"
3478_0,0.23960097,0.7455383,0.20031671,2024-05-21,3478,"{""type"":""MultiPoint"",""coordinates"":[]}"
3480_0,0.14635569,0.6797837,0.120192304,2024-05-21,3480,"{""type"":""MultiPoint"",""coordinates"":[]}"
3483_0,0.19847468,0.67978436,0.17076837,2024-05-21,3483,"{""type"":""MultiPoint"",""coordinates"":[]}"
3485_0,0.1710785,0.66704834,0.14106584,2024-05-21,3485,"{""type"":""MultiPoint"",""coordinates"":[]}"
3486_0,0.10668519,0.562443,0.084638506,2024-05-21,3486,"{""type"":""MultiPoint"",""coordinates"":[]}"
3487_0,0.21416445,0.62392026,0.2027559,2024-05-21,3487,"{""type"":""MultiPoint"",""coordinates"":[]}"
3488_0,0.359899,0.81193954,0.33157596,2024-05-21,3488,"{""type"":""MultiPoint"",""coordinates"":[]}"
3489_0,0.34068227,0.8650414,0.3187625,2024-05-21,3489,"{""type"":""MultiPoint"",""coordinates"":[]}"
3490_0,0.21789321,0.84522784,0.22593544,2024-05-21,3490,"{""type"":""MultiPoint"",""coordinates"":[]}"
3491_0,0.19564824,0.67818576,0.16710477,2024-05-21,3491,"{""type"":""MultiPoint"",""coordinates"":[]}"
3492_0,-0.077559166,0.4601355,-0.14845768,2024-05-21,3492,"{""type"":""MultiPoint"",""coordinates"":[]}"
3493_0,0.22976857,0.69555455,0.19455868,2024-05-21,3493,"{""type"":""MultiPoint"",""coordinates"":[]}"
3496_0,0.14050142,0.6559527,0.11534465,2024-05-21,3496,"{""type"":""MultiPoint"",""coordinates"":[]}"
3497_0,0.17809254,0.7059524,0.13685046,2024-05-21,3497,"{""type"":""MultiPoint"",""coordinates"":[]}"
3499_0,0.1611557,0.6849741,0.108951405,2024-05-21,3499,"{""type"":""MultiPoint"",""coordinates"":[]}"
3501_0,0.020112101,0.06402164,0.028546525,2024-05-21,3501,"{""type"":""MultiPoint"",""coordinates"":[]}"
3502_0,0.103675105,0.65964055,0.08815828,2024-05-21,3502,"{""type"":""MultiPoint"",""coordinates"":[]}"
3504_0,0.17622355,0.71511626,0.16256158,2024-05-21,3504,"{""type"":""MultiPoint"",""coordinates"":[]}"
3505_0,0.20669144,0.74183184,0.2075752,2024-05-21,3505,"{""type"":""MultiPoint"",""coordinates"":[]}"
3506_0,0.07138167,0.02660754,0.057681326,2024-05-21,3506,"{""type"":""MultiPoint"",""coordinates"":[]}"
3508_0,0.22189794,0.038577292,0.26628304,2024-05-21,3508,"{""type"":""MultiPoint"",""coordinates"":[]}"
3509_0,0.16755092,0.7002053,0.15320334,2024-05-21,3509,"{""type"":""MultiPoint"",""coordinates"":[]}"
3511_0,0.2539139,0.7117727,0.24784216,2024-05-21,3511,"{""type"":""MultiPoint"",""coordinates"":[]}"
3512_0,0.063542776,0.38148668,0.1979325,2024-05-21,3512,"{""type"":""MultiPoint"",""coordinates"":[]}"
3513_0,0.25346535,0.625974,0.24825524,2024-05-21,3513,"{""type"":""MultiPoint"",""coordinates"":[]}"
3514_0,0.27017292,0.79909134,0.27513418,2024-05-21,3514,"{""type"":""MultiPoint"",""coordinates"":[]}"
3516_0,0.23631449,0.66049016,0.24211939,2024-05-21,3516,"{""type"":""MultiPoint"",""coordinates"":[]}"
3517_0,0.239953,0.5502392,0.09182814,2024-05-21,3517,"{""type"":""MultiPoint"",""coordinates"":[]}"
3518_0,0.08415482,0.049084857,0.06672306,2024-05-21,3518,"{""type"":""MultiPoint"",""coordinates"":[]}"
3519_0,0.23569877,0.6803653,0.22146413,2024-05-21,3519,"{""type"":""MultiPoint"",""coordinates"":[]}"
3521_0,0.17215264,0.5902439,0.15842463,2024-05-21,3521,"{""type"":""MultiPoint"",""coordinates"":[]}"
3522_0,0.16880342,0.5681445,0.16766009,2024-05-21,3522,"{""type"":""MultiPoint"",""coordinates"":[]}"
3523_0,0.2760263,0.74108815,0.27123287,2024-05-21,3523,"{""type"":""MultiPoint"",""coordinates"":[]}"
3525_0,0.041020337,0.43843284,0.051483124,2024-05-21,3525,"{""type"":""MultiPoint"",""coordinates"":[]}"
3526_0,0.34432766,0.78415936,0.3608903,2024-05-21,3526,"{""type"":""MultiPoint"",""coordinates"":[]}"
3527_0,0.18338859,0.7797357,0.16008614,2024-05-21,3527,"{""type"":""MultiPoint"",""coordinates"":[]}"
3528_0,0.08856656,0.007145076,0.09665962,2024-05-21,3528,"{""type"":""MultiPoint"",""coordinates"":[]}"
3529_0,0.16248989,0.47354138,0.023562677,2024-05-21,3529,"{""type"":""MultiPoint"",""coordinates"":[]}"
3530_0,0.06947961,0.5015015,0.028202115,2024-05-21,3530,"{""type"":""MultiPoint"",""coordinates"":[]}"
3533_0,0.2580645,0.674277,0.25484827,2024-05-21,3533,"{""type"":""MultiPoint"",""coordinates"":[]}"
3534_0,0.06215833,0.004651163,0.056234717,2024-05-21,3534,"{""type"":""MultiPoint"",""coordinates"":[]}"
3535_0,0.35100195,0.767658,0.30901584,2024-05-21,3535,"{""type"":""MultiPoint"",""coordinates"":[]}"
3536_0,0.11380145,0.1576452,0.06700656,2024-05-21,3536,"{""type"":""MultiPoint"",""coordinates"":[]}"
3537_0,0.18956521,0.59755564,0.133829,2024-05-21,3537,"{""type"":""MultiPoint"",""coordinates"":[]}"
3538_0,0.024987506,0.38519278,0.01984426,2024-05-21,3538,"{""type"":""MultiPoint"",""coordinates"":[]}"
3539_0,0.15583356,-0.011316259,0.1756374,2024-05-21,3539,"{""type"":""MultiPoint"",""coordinates"":[]}"
3540_0,0.32419088,0.77380955,0.31858408,2024-05-21,3540,"{""type"":""MultiPoint"",""coordinates"":[]}"
3541_0,0.35519126,0.8173881,0.33690125,2024-05-21,3541,"{""type"":""MultiPoint"",""coordinates"":[]}"
3542_0,0.24475738,0.7564509,0.22262487,2024-05-21,3542,"{""type"":""MultiPoint"",""coordinates"":[]}"
3543_0,0.08611915,0.1900757,0.10557672,2024-05-21,3543,"{""type"":""MultiPoint"",""coordinates"":[]}"
3544_0,0.2592145,0.73551524,0.23086575,2024-05-21,3544,"{""type"":""MultiPoint"",""coordinates"":[]}"
3545_0,0.06256046,0.66133535,0.059071045,2024-05-21,3545,"{""type"":""MultiPoint"",""coordinates"":[]}"
3546_0,0.38443,0.8791765,0.37109086,2024-05-21,3546,"{""type"":""MultiPoint"",""coordinates"":[]}"
3547_0,0.15618487,0.05381526,0.20789458,2024-05-21,3547,"{""type"":""MultiPoint"",""coordinates"":[]}"
3548_0,0.0831075,0.5059445,0.05800464,2024-05-21,3548,"{""type"":""MultiPoint"",""coordinates"":[]}"
3549_0,0.243793,0.70276195,0.21147847,2024-05-21,3549,"{""type"":""MultiPoint"",""coordinates"":[]}"
3550_0,0.33538368,0.8900064,0.34286147,2024-05-21,3550,"{""type"":""MultiPoint"",""coordinates"":[]}"
3551_0,0.3229763,0.8737728,0.3188549,2024-05-21,3551,"{""type"":""MultiPoint"",""coordinates"":[]}"
3552_0,0.23948811,0.6581547,0.24384788,2024-05-21,3552,"{""type"":""MultiPoint"",""coordinates"":[]}"
3553_0,0.13948241,0.61463207,0.07871554,2024-05-21,3553,"{""type"":""MultiPoint"",""coordinates"":[]}"
3554_0,0.11204912,0.3691542,0.08645874,2024-05-21,3554,"{""type"":""MultiPoint"",""coordinates"":[]}"
3555_0,0.04500077,0.5629771,0.02615505,2024-05-21,3555,"{""type"":""MultiPoint"",""coordinates"":[]}"
3556_0,0.3163433,0.8690037,0.3218072,2024-05-21,3556,"{""type"":""MultiPoint"",""coordinates"":[]}"
3557_0,0.23644876,0.6988335,0.20360631,2024-05-21,3557,"{""type"":""MultiPoint"",""coordinates"":[]}"
3558_0,0.0850379,0.09947644,0.067118354,2024-05-21,3558,"{""type"":""MultiPoint"",""coordinates"":[]}"
3559_0,0.25672147,0.75573236,0.21601038,2024-05-21,3559,"{""type"":""MultiPoint"",""coordinates"":[]}"
3560_0,0.25837702,0.84176767,0.2481082,2024-05-21,3560,"{""type"":""MultiPoint"",""coordinates"":[]}"
3561_0,0.13815922,0.656035,0.104023345,2024-05-21,3561,"{""type"":""MultiPoint"",""coordinates"":[]}"
3562_0,0.22414035,0.7197301,0.22096956,2024-05-21,3562,"{""type"":""MultiPoint"",""coordinates"":[]}"
3563_0,0.2035928,0.6641399,0.17714992,2024-05-21,3563,"{""type"":""MultiPoint"",""coordinates"":[]}"
3564_0,0.016114855,0.36433408,-0.052664578,2024-05-21,3564,"{""type"":""MultiPoint"",""coordinates"":[]}"
3565_0,0.19131021,0.77,0.19171856,2024-05-21,3565,"{""type"":""MultiPoint"",""coordinates"":[]}"
3566_0,0.31319875,0.82446045,0.29785055,2024-05-21,3566,"{""type"":""MultiPoint"",""coordinates"":[]}"
3567_0,0.37304926,0.87814665,0.38053098,2024-05-21,3567,"{""type"":""MultiPoint"",""coordinates"":[]}"
3568_0,0.03045118,0.07021213,0.015809996,2024-05-21,3568,"{""type"":""MultiPoint"",""coordinates"":[]}"
3569_0,0.34359807,0.8340211,0.32780084,2024-05-21,3569,"{""type"":""MultiPoint"",""coordinates"":[]}"
3570_0,0.21790136,0.75959724,0.21671018,2024-05-21,3570,"{""type"":""MultiPoint"",""coordinates"":[]}"
3571_0,0.11867417,0.63261247,0.048866175,2024-05-21,3571,"{""type"":""MultiPoint"",""coordinates"":[]}"
3572_0,0.37330684,0.86452585,0.36341956,2024-05-21,3572,"{""type"":""MultiPoint"",""coordinates"":[]}"
3573_0,0.15927523,0.7388552,0.15003489,2024-05-21,3573,"{""type"":""MultiPoint"",""coordinates"":[]}"
3574_0,0.07227468,0.61842763,0.08931581,2024-05-21,3574,"{""type"":""MultiPoint"",""coordinates"":[]}"
3575_0,0.37100738,0.8301656,0.4385965,2024-05-21,3575,"{""type"":""MultiPoint"",""coordinates"":[]}"
3576_0,0.22058824,0.77534914,0.2102649,2024-05-21,3576,"{""type"":""MultiPoint"",""coordinates"":[]}"
3577_0,0.14237785,0.5937873,0.13218756,2024-05-21,3577,"{""type"":""MultiPoint"",""coordinates"":[]}"
3578_0,0.13609907,0.5862069,0.11740891,2024-05-21,3578,"{""type"":""MultiPoint"",""coordinates"":[]}"
3579_0,0.26947471,0.6580311,0.2209504,2024-05-21,3579,"{""type"":""MultiPoint"",""coordinates"":[]}"
3580_0,0.15035799,0.5301611,0.20935741,2024-05-21,3580,"{""type"":""MultiPoint"",""coordinates"":[]}"
3581_0,0.14498141,0.70541793,0.12925906,2024-05-21,3581,"{""type"":""MultiPoint"",""coordinates"":[]}"
3582_0,0.17409326,0.62863535,0.15616728,2024-05-21,3582,"{""type"":""MultiPoint"",""coordinates"":[]}"
3583_0,0.23307467,0.7181855,0.19787294,2024-05-21,3583,"{""type"":""MultiPoint"",""coordinates"":[]}"
3584_0,0.30642346,0.7545227,0.27637175,2024-05-21,3584,"{""type"":""MultiPoint"",""coordinates"":[]}"
3585_0,0.30285713,0.8979745,0.3603979,2024-05-21,3585,"{""type"":""MultiPoint"",""coordinates"":[]}"
3586_0,0.13643129,0.4385353,0.116562344,2024-05-21,3586,"{""type"":""MultiPoint"",""coordinates"":[]}"
3587_0,0.20936806,0.6649092,0.18416667,2024-05-21,3587,"{""type"":""MultiPoint"",""coordinates"":[]}"
3588_0,0.019002376,0.5116339,0.011116812,2024-05-21,3588,"{""type"":""MultiPoint"",""coordinates"":[]}"
3589_0,0.1369263,0.59672225,0.09251101,2024-05-21,3589,"{""type"":""MultiPoint"",""coordinates"":[]}"
3590_0,0.31901714,0.77923495,0.3276249,2024-05-21,3590,"{""type"":""MultiPoint"",""coordinates"":[]}"
3591_0,0.21688773,0.7309686,0.2042521,2024-05-21,3591,"{""type"":""MultiPoint"",""coordinates"":[]}"
3592_0,0.22746244,0.7058824,0.2012945,2024-05-21,3592,"{""type"":""MultiPoint"",""coordinates"":[]}"
3593_0,0.015900407,0.41081625,0.025390625,2024-05-21,3593,"{""type"":""MultiPoint"",""coordinates"":[]}"
3594_0,0.15031579,0.69182783,0.14672305,2024-05-21,3594,"{""type"":""MultiPoint"",""coordinates"":[]}"
3595_0,0.26081815,0.73614776,0.25482717,2024-05-21,3595,"{""type"":""MultiPoint"",""coordinates"":[]}"
3596_0,0.128574,0.6108331,0.060670674,2024-05-21,3596,"{""type"":""MultiPoint"",""coordinates"":[]}"
3597_0,0.29498002,0.75337535,0.2960745,2024-05-21,3597,"{""type"":""MultiPoint"",""coordinates"":[]}"
3598_0,0.045786124,0.5161369,0.008067118,2024-05-21,3598,"{""type"":""MultiPoint"",""coordinates"":[]}"
3599_0,0.0770751,0.0927835,-0.15095502,2024-05-21,3599,"{""type"":""MultiPoint"",""coordinates"":[]}"
3600_0,0.089044996,0.67090213,0.045933586,2024-05-21,3600,"{""type"":""MultiPoint"",""coordinates"":[]}"
3601_0,0.0058804313,0.49462634,-0.008785016,2024-05-21,3601,"{""type"":""MultiPoint"",""coordinates"":[]}"
3602_0,0.2997046,0.735651,0.2639121,2024-05-21,3602,"{""type"":""MultiPoint"",""coordinates"":[]}"
3603_0,0.11312217,0.67955804,0.055148475,2024-05-21,3603,"{""type"":""MultiPoint"",""coordinates"":[]}"
3604_0,0.07961165,0.33167702,0.06138614,2024-05-21,3604,"{""type"":""MultiPoint"",""coordinates"":[]}"
3605_0,0.06623134,0.26274252,0.12231477,2024-05-21,3605,"{""type"":""MultiPoint"",""coordinates"":[]}"
3606_0,0.39439356,0.8753709,0.36954638,2024-05-21,3606,"{""type"":""MultiPoint"",""coordinates"":[]}"
3607_0,0.18509758,0.63614744,0.14214568,2024-05-21,3607,"{""type"":""MultiPoint"",""coordinates"":[]}"
3608_0,0.030728476,0.10650224,0.037991323,2024-05-21,3608,"{""type"":""MultiPoint"",""coordinates"":[]}"
3609_0,0.0988262,0.4372664,0.061514195,2024-05-21,3609,"{""type"":""MultiPoint"",""coordinates"":[]}"
3610_0,0.20363018,0.5852941,0.21123596,2024-05-21,3610,"{""type"":""MultiPoint"",""coordinates"":[]}"
3611_0,0.07690015,0.58955896,0.06562076,2024-05-21,3611,"{""type"":""MultiPoint"",""coordinates"":[]}"
3612_0,0.061037317,0.1468005,0.10369811,2024-05-21,3612,"{""type"":""MultiPoint"",""coordinates"":[]}"
3613_0,0.10499097,0.0027149322,0.104823634,2024-05-21,3613,"{""type"":""MultiPoint"",""coordinates"":[]}"
3614_0,0.111980736,0.47810218,0.046849757,2024-05-21,3614,"{""type"":""MultiPoint"",""coordinates"":[]}"
3615_0,0.09144968,0.018621974,0.13113907,2024-05-21,3615,"{""type"":""MultiPoint"",""coordinates"":[]}"
3616_0,0.20329766,0.629771,0.20133638,2024-05-21,3616,"{""type"":""MultiPoint"",""coordinates"":[]}"
3617_0,0.13199195,0.6447106,0.06804925,2024-05-21,3617,"{""type"":""MultiPoint"",""coordinates"":[]}"
3618_0,0.130085,-0.00955414,0.13133763,2024-05-21,3618,"{""type"":""MultiPoint"",""coordinates"":[]}"
3619_0,0.20171858,0.64449817,0.18829183,2024-05-21,3619,"{""type"":""MultiPoint"",""coordinates"":[]}"
3988_0,-0.034173183,0.41078144,-0.028069671,2024-05-21,3988,"{""type"":""MultiPoint"",""coordinates"":[]}"
3990_0,0.3471017,0.8728538,0.36420482,2024-05-21,3990,"{""type"":""MultiPoint"",""coordinates"":[]}"
3991_0,0.09773606,0.5170213,0.075617574,2024-05-21,3991,"{""type"":""MultiPoint"",""coordinates"":[]}"
3993_0,0.1884058,0.72387403,0.13312693,2024-05-21,3993,"{""type"":""MultiPoint"",""coordinates"":[]}"
3994_0,0.2715409,0.77568626,0.21873318,2024-05-21,3994,"{""type"":""MultiPoint"",""coordinates"":[]}"
3996_0,0.24063656,0.76338965,0.2212331,2024-05-21,3996,"{""type"":""MultiPoint"",""coordinates"":[]}"
3997_0,0.18092631,0.70456094,0.16492207,2024-05-21,3997,"{""type"":""MultiPoint"",""coordinates"":[]}"
3998_0,0.06588511,0.234344,0.044604316,2024-05-21,3998,"{""type"":""MultiPoint"",""coordinates"":[]}"
3999_0,0.018259607,0.13490504,0.037957624,2024-05-21,3999,"{""type"":""MultiPoint"",""coordinates"":[]}"
4004_0,0.09476753,0.6692989,0.11047437,2024-05-21,4004,"{""type"":""MultiPoint"",""coordinates"":[]}"
4005_0,0.15535098,0.67289025,0.13341205,2024-05-21,4005,"{""type"":""MultiPoint"",""coordinates"":[]}"
4006_0,0.26478547,0.7904423,0.22651485,2024-05-21,4006,"{""type"":""MultiPoint"",""coordinates"":[]}"
4007_0,0.22482435,0.7112922,0.19366626,2024-05-21,4007,"{""type"":""MultiPoint"",""coordinates"":[]}"
4008_0,0.16098669,0.49680948,0.119100355,2024-05-21,4008,"{""type"":""MultiPoint"",""coordinates"":[]}"
4009_0,0.26213488,0.033721644,0.32749373,2024-05-21,4009,"{""type"":""MultiPoint"",""coordinates"":[]}"
4010_0,0.24225554,0.7884423,0.2551221,2024-05-21,4010,"{""type"":""MultiPoint"",""coordinates"":[]}"
4011_0,0.33504128,0.88402766,0.3165594,2024-05-21,4011,"{""type"":""MultiPoint"",""coordinates"":[]}"
4012_0,0.067345105,0.036373813,0.08621701,2024-05-21,4012,"{""type"":""MultiPoint"",""coordinates"":[]}"
4013_0,0.16852722,0.029926594,0.14933838,2024-05-21,4013,"{""type"":""MultiPoint"",""coordinates"":[]}"
4014_0,0.048780486,0.5446516,0.017124394,2024-05-21,4014,"{""type"":""MultiPoint"",""coordinates"":[]}"
4015_0,0.090057634,0.5771172,0.05357812,2024-05-21,4015,"{""type"":""MultiPoint"",""coordinates"":[]}"
4017_0,0.28968382,0.8224082,0.27604166,2024-05-21,4017,"{""type"":""MultiPoint"",""coordinates"":[]}"
4018_0,0.30240434,0.85689354,0.3476884,2024-05-21,4018,"{""type"":""MultiPoint"",""coordinates"":[]}"
4019_0,0.15052733,0.63225806,0.06638567,2024-05-21,4019,"{""type"":""MultiPoint"",""coordinates"":[]}"
4021_0,0.18031895,0.05610561,0.25870687,2024-05-21,4021,"{""type"":""MultiPoint"",""coordinates"":[]}"
4022_0,0.15739216,0.5957955,0.13239533,2024-05-21,4022,"{""type"":""MultiPoint"",""coordinates"":[]}"
4024_0,0.12254335,0.68631005,0.10124334,2024-05-21,4024,"{""type"":""MultiPoint"",""coordinates"":[]}"
4025_0,0.045832995,0.0995086,0.09630991,2024-05-21,4025,"{""type"":""MultiPoint"",""coordinates"":[]}"
4026_0,0.18552431,0.5450957,0.1532185,2024-05-21,4026,"{""type"":""MultiPoint"",""coordinates"":[]}"
4028_0,0.010294764,0.051224943,0.003543586,2024-05-21,4028,"{""type"":""MultiPoint"",""coordinates"":[]}"
4029_0,0.25888324,0.5717439,0.23826087,2024-05-21,4029,"{""type"":""MultiPoint"",""coordinates"":[]}"
4030_0,0.04497279,0.039060365,0.065844774,2024-05-21,4030,"{""type"":""MultiPoint"",""coordinates"":[]}"
4031_0,0.17139915,0.68950564,0.16090584,2024-05-21,4031,"{""type"":""MultiPoint"",""coordinates"":[]}"
4033_0,0.06321839,0.54977226,0.05843146,2024-05-21,4033,"{""type"":""MultiPoint"",""coordinates"":[]}"
4034_0,0.09690039,0.57368535,0.09567576,2024-05-21,4034,"{""type"":""MultiPoint"",""coordinates"":[]}"
4035_0,0.23273273,0.6868268,0.22891203,2024-05-21,4035,"{""type"":""MultiPoint"",""coordinates"":[]}"
4036_0,0.20471634,0.5687285,0.22160897,2024-05-21,4036,"{""type"":""MultiPoint"",""coordinates"":[]}"
4038_0,0.027850078,0.4200299,0.00862641,2024-05-21,4038,"{""type"":""MultiPoint"",""coordinates"":[]}"
4040_0,0.12275449,0.6188962,0.09762858,2024-05-21,4040,"{""type"":""MultiPoint"",""coordinates"":[]}"
4041_0,0.11000192,0.026292726,0.14789854,2024-05-21,4041,"{""type"":""MultiPoint"",""coordinates"":[]}"
4042_0,0.22426178,0.62222224,0.09158879,2024-05-21,4042,"{""type"":""MultiPoint"",""coordinates"":[]}"
4043_0,0.20104529,0.6734171,0.17473456,2024-05-21,4043,"{""type"":""MultiPoint"",""coordinates"":[]}"
4045_0,0.1872116,0.65477055,0.16036773,2024-05-21,4045,"{""type"":""MultiPoint"",""coordinates"":[]}"
4046_0,0.23589996,0.7529412,0.20953831,2024-05-21,4046,"{""type"":""MultiPoint"",""coordinates"":[]}"
4049_0,0.3085622,0.8707811,0.28903654,2024-05-21,4049,"{""type"":""MultiPoint"",""coordinates"":[]}"
4050_0,0.2708081,0.8256611,0.27780634,2024-05-21,4050,"{""type"":""MultiPoint"",""coordinates"":[]}"
4051_0,0.18817204,0.45971015,0.052895673,2024-05-21,4051,"{""type"":""MultiPoint"",""coordinates"":[]}"
4052_0,0.2323603,0.6533828,0.21588005,2024-05-21,4052,"{""type"":""MultiPoint"",""coordinates"":[]}"
4053_0,0.39294446,0.84615386,0.3546231,2024-05-21,4053,"{""type"":""MultiPoint"",""coordinates"":[]}"
4054_0,0.10009687,0.5565525,0.08367582,2024-05-21,4054,"{""type"":""MultiPoint"",""coordinates"":[]}"
4055_0,0.22175401,0.6937455,0.22916394,2024-05-21,4055,"{""type"":""MultiPoint"",""coordinates"":[]}"
4056_0,0.1197861,0.6176147,0.14493507,2024-05-21,4056,"{""type"":""MultiPoint"",""coordinates"":[]}"
4057_0,0.15872547,0.032051284,0.22508323,2024-05-21,4057,"{""type"":""MultiPoint"",""coordinates"":[]}"
4058_0,0.07708845,0.03644225,0.055180002,2024-05-21,4058,"{""type"":""MultiPoint"",""coordinates"":[]}"
4059_0,0.03601815,0.6138996,-0.008156607,2024-05-21,4059,"{""type"":""MultiPoint"",""coordinates"":[]}"
4060_0,0.322693,0.82889426,0.32012817,2024-05-21,4060,"{""type"":""MultiPoint"",""coordinates"":[]}"
4061_0,0.2585611,0.749522,0.21594684,2024-05-21,4061,"{""type"":""MultiPoint"",""coordinates"":[]}"
4062_0,0.25016078,0.87205386,0.3120944,2024-05-21,4062,"{""type"":""MultiPoint"",""coordinates"":[]}"
4063_0,0.07459556,0.6022514,0.050269023,2024-05-21,4063,"{""type"":""MultiPoint"",""coordinates"":[]}"
4064_0,0.23819517,0.7529435,0.20394737,2024-05-21,4064,"{""type"":""MultiPoint"",""coordinates"":[]}"
4065_0,0.10673352,0.034914017,0.12053036,2024-05-21,4065,"{""type"":""MultiPoint"",""coordinates"":[]}"
4066_0,0.1218828,0.68875796,0.099568486,2024-05-21,4066,"{""type"":""MultiPoint"",""coordinates"":[]}"
4067_0,0.11146359,0.5692308,0.08751666,2024-05-21,4067,"{""type"":""MultiPoint"",""coordinates"":[]}"
4068_0,0.18919893,0.7024035,0.1665433,2024-05-21,4068,"{""type"":""MultiPoint"",""coordinates"":[]}"
4069_0,0.3176312,0.8780252,0.31347325,2024-05-21,4069,"{""type"":""MultiPoint"",""coordinates"":[]}"
4070_0,0.14058428,0.78255475,0.15836132,2024-05-21,4070,"{""type"":""MultiPoint"",""coordinates"":[]}"
4071_0,0.3767611,0.90140283,0.39508897,2024-05-21,4071,"{""type"":""MultiPoint"",""coordinates"":[]}"
4072_0,0.3350681,0.80424,0.29617628,2024-05-21,4072,"{""type"":""MultiPoint"",""coordinates"":[]}"
4073_0,0.29742244,0.8484714,0.29404467,2024-05-21,4073,"{""type"":""MultiPoint"",""coordinates"":[]}"
4074_0,0.24566475,0.7936545,0.23795621,2024-05-21,4074,"{""type"":""MultiPoint"",""coordinates"":[]}"
4075_0,0.30191082,0.68182987,0.2608863,2024-05-21,4075,"{""type"":""MultiPoint"",""coordinates"":[]}"
4076_0,0.13915046,0.18121547,0.019308701,2024-05-21,4076,"{""type"":""MultiPoint"",""coordinates"":[]}"
4077_0,0.2543307,0.77753425,0.26274815,2024-05-21,4077,"{""type"":""MultiPoint"",""coordinates"":[]}"
4078_0,0.31258518,0.7709019,0.28003806,2024-05-21,4078,"{""type"":""MultiPoint"",""coordinates"":[]}"
4079_0,0.31382823,0.7921862,0.2931474,2024-05-21,4079,"{""type"":""MultiPoint"",""coordinates"":[]}"
4080_0,0.051882982,0.50121534,0.025743231,2024-05-21,4080,"{""type"":""MultiPoint"",""coordinates"":[]}"
4082_0,0.012527839,0.38631707,-0.02351753,2024-05-21,4082,"{""type"":""MultiPoint"",""coordinates"":[]}"
4083_0,0.33027664,0.82788724,0.25157985,2024-05-21,4083,"{""type"":""MultiPoint"",""coordinates"":[]}"
4084_0,0.19196941,0.7614679,0.19977278,2024-05-21,4084,"{""type"":""MultiPoint"",""coordinates"":[]}"
4085_0,0.1177305,0.65310895,0.116337806,2024-05-21,4085,"{""type"":""MultiPoint"",""coordinates"":[]}"
4086_0,0.03898459,0.5127353,0.015235972,2024-05-21,4086,"{""type"":""MultiPoint"",""coordinates"":[]}"
4087_0,0.11357725,0.5169641,0.082884826,2024-05-21,4087,"{""type"":""MultiPoint"",""coordinates"":[]}"
4088_0,0.27341503,0.81887513,0.22760174,2024-05-21,4088,"{""type"":""MultiPoint"",""coordinates"":[]}"
4089_0,0.096195266,0.6411093,0.09031792,2024-05-21,4089,"{""type"":""MultiPoint"",""coordinates"":[]}"
4090_0,0.2264219,0.75208336,0.22038817,2024-05-21,4090,"{""type"":""MultiPoint"",""coordinates"":[]}"
4091_0,0.12675032,0.6335878,0.110246435,2024-05-21,4091,"{""type"":""MultiPoint"",""coordinates"":[]}"
4092_0,0.15686275,0.65277046,0.13953066,2024-05-21,4092,"{""type"":""MultiPoint"",""coordinates"":[]}"
4093_0,0.210548,0.79033357,0.15706116,2024-05-21,4093,"{""type"":""MultiPoint"",""coordinates"":[]}"
4094_0,0.14807856,0.6212897,0.11903921,2024-05-21,4094,"{""type"":""MultiPoint"",""coordinates"":[]}"
4095_0,0.28409344,0.7601599,0.24300164,2024-05-21,4095,"{""type"":""MultiPoint"",""coordinates"":[]}"
4097_0,0.10015408,0.6481184,0.04614128,2024-05-21,4097,"{""type"":""MultiPoint"",""coordinates"":[]}"
4098_0,0.28860295,0.8584021,0.35714287,2024-05-21,4098,"{""type"":""MultiPoint"",""coordinates"":[]}"
4099_0,0.29055318,0.70800626,0.29260013,2024-05-21,4099,"{""type"":""MultiPoint"",""coordinates"":[]}"
4100_0,0.3318786,0.8365473,0.28095645,2024-05-21,4100,"{""type"":""MultiPoint"",""coordinates"":[]}"
4101_0,0.22383134,0.7243054,0.20308676,2024-05-21,4101,"{""type"":""MultiPoint"",""coordinates"":[]}"
4102_0,0.04742647,0.63678694,0.040903203,2024-05-21,4102,"{""type"":""MultiPoint"",""coordinates"":[]}"
4103_0,0.2437223,0.7111437,0.20620155,2024-05-21,4103,"{""type"":""MultiPoint"",""coordinates"":[]}"
4104_0,0.18193224,0.66626215,0.16801362,2024-05-21,4104,"{""type"":""MultiPoint"",""coordinates"":[]}"
4105_0,0.34089917,0.8039917,0.3345086,2024-05-21,4105,"{""type"":""MultiPoint"",""coordinates"":[]}"
4106_0,0.09819122,0.24258065,0.15954244,2024-05-21,4106,"{""type"":""MultiPoint"",""coordinates"":[]}"
4107_0,0.07665338,0.698075,0.07281165,2024-05-21,4107,"{""type"":""MultiPoint"",""coordinates"":[]}"
4108_0,0.25753367,0.73207545,0.2264529,2024-05-21,4108,"{""type"":""MultiPoint"",""coordinates"":[]}"
4109_0,0.13668287,0.66149145,0.15315315,2024-05-21,4109,"{""type"":""MultiPoint"",""coordinates"":[]}"
4110_0,0.21134402,0.7067669,0.17342983,2024-05-21,4110,"{""type"":""MultiPoint"",""coordinates"":[]}"
4111_0,0.13528514,0.58509314,0.10253456,2024-05-21,4111,"{""type"":""MultiPoint"",""coordinates"":[]}"
4112_0,0.17479517,0.61496013,0.10928617,2024-05-21,4112,"{""type"":""MultiPoint"",""coordinates"":[]}"
4113_0,0.32482553,0.81568086,0.3218506,2024-05-21,4113,"{""type"":""MultiPoint"",""coordinates"":[]}"
4114_0,0.057607926,0.57974684,0.05867383,2024-05-21,4114,"{""type"":""MultiPoint"",""coordinates"":[]}"
4115_0,0.07528409,0.47368422,0.07462686,2024-05-21,4115,"{""type"":""MultiPoint"",""coordinates"":[]}"
4116_0,0.055917274,0.56213015,0.034280118,2024-05-21,4116,"{""type"":""MultiPoint"",""coordinates"":[]}"
4117_0,0.08956186,0.57578623,0.08216953,2024-05-21,4117,"{""type"":""MultiPoint"",""coordinates"":[]}"
4118_0,-0.052523173,0.55258125,-0.114503816,2024-05-21,4118,"{""type"":""MultiPoint"",""coordinates"":[]}"
4119_0,0.03410776,0.4972348,0.007953969,2024-05-21,4119,"{""type"":""MultiPoint"",""coordinates"":[]}"
4120_0,0.03777949,0.0791757,0.030554118,2024-05-21,4120,"{""type"":""MultiPoint"",""coordinates"":[]}"
4121_0,0.14100769,0.5346393,0.13358037,2024-05-21,4121,"{""type"":""MultiPoint"",""coordinates"":[]}"
4122_0,0.098569155,0.69602007,0.0880579,2024-05-21,4122,"{""type"":""MultiPoint"",""coordinates"":[]}"
4123_0,0.21692607,0.7340958,0.20218037,2024-05-21,4123,"{""type"":""MultiPoint"",""coordinates"":[]}"
4124_0,0.13909224,0.5898116,0.12041885,2024-05-21,4124,"{""type"":""MultiPoint"",""coordinates"":[]}"
4125_0,0.0921273,0.5728066,0.069164716,2024-05-21,4125,"{""type"":""MultiPoint"",""coordinates"":[]}"
4126_0,0.10960129,0.56658226,0.10816619,2024-05-21,4126,"{""type"":""MultiPoint"",""coordinates"":[]}"
4127_0,0.02625118,0.24612476,0.12223357,2024-05-21,4127,"{""type"":""MultiPoint"",""coordinates"":[]}"
4128_0,0.23267126,0.7063444,0.19737121,2024-05-21,4128,"{""type"":""MultiPoint"",""coordinates"":[]}"
4129_0,0.14180414,0.6147541,0.12631766,2024-05-21,4129,"{""type"":""MultiPoint"",""coordinates"":[]}"
4130_0,0.0807689,0.022665458,0.11867768,2024-05-21,4130,"{""type"":""MultiPoint"",""coordinates"":[]}"
4131_0,0.083026305,0.020733653,0.17872766,2024-05-21,4131,"{""type"":""MultiPoint"",""coordinates"":[]}"
4132_0,0.13013822,0.5963489,0.13013822,2024-05-21,4132,"{""type"":""MultiPoint"",""coordinates"":[]}"
4487_0,0.0952717,0.62229806,0.053175777,2024-05-21,4487,"{""type"":""MultiPoint"",""coordinates"":[]}"
4490_0,0.2791193,0.82045025,0.24619384,2024-05-21,4490,"{""type"":""MultiPoint"",""coordinates"":[]}"
4499_0,0.10286113,0.48048878,0.07776184,2024-05-21,4499,"{""type"":""MultiPoint"",""coordinates"":[]}"
4501_0,0.17492384,0.6796451,0.13960876,2024-05-21,4501,"{""type"":""MultiPoint"",""coordinates"":[]}"
4502_0,0.12392773,0.62933487,0.088492215,2024-05-21,4502,"{""type"":""MultiPoint"",""coordinates"":[]}"
4504_0,0.0037817396,0.4038055,-0.052511416,2024-05-21,4504,"{""type"":""MultiPoint"",""coordinates"":[]}"
4505_0,0.11706446,0.6224,0.056066655,2024-05-21,4505,"{""type"":""MultiPoint"",""coordinates"":[]}"
4506_0,0.11696658,0.51452994,-0.21592921,2024-05-21,4506,"{""type"":""MultiPoint"",""coordinates"":[]}"
4508_0,0.009053161,0.0353072,0.011475521,2024-05-21,4508,"{""type"":""MultiPoint"",""coordinates"":[]}"
4514_0,0.07208388,0.32436976,0.053475935,2024-05-21,4514,"{""type"":""MultiPoint"",""coordinates"":[]}"
4515_0,0.19306184,0.53361344,0.1541502,2024-05-21,4515,"{""type"":""MultiPoint"",""coordinates"":[]}"
4516_0,0.117826305,0.022344658,0.123538814,2024-05-21,4516,"{""type"":""MultiPoint"",""coordinates"":[]}"
4517_0,0.073816076,0.013219616,0.09147287,2024-05-21,4517,"{""type"":""MultiPoint"",""coordinates"":[]}"
4518_0,0.104313955,0.55530524,0.053081147,2024-05-21,4518,"{""type"":""MultiPoint"",""coordinates"":[]}"
4519_0,0.11861587,0.33704737,0.041779708,2024-05-21,4519,"{""type"":""MultiPoint"",""coordinates"":[]}"
4521_0,0.22121029,0.7342981,0.21788618,2024-05-21,4521,"{""type"":""MultiPoint"",""coordinates"":[]}"
4522_0,0.2661604,0.81526965,0.26370564,2024-05-21,4522,"{""type"":""MultiPoint"",""coordinates"":[]}"
4523_0,0.22130395,0.7287652,0.17629917,2024-05-21,4523,"{""type"":""MultiPoint"",""coordinates"":[]}"
4525_0,0.11936863,0.55448717,0.041517537,2024-05-21,4525,"{""type"":""MultiPoint"",""coordinates"":[]}"
4526_0,0.079415955,0.63124126,0.061535668,2024-05-21,4526,"{""type"":""MultiPoint"",""coordinates"":[]}"
4539_0,0.10577452,0.5537607,0.11582382,2024-05-21,4539,"{""type"":""MultiPoint"",""coordinates"":[]}"
4540_0,0.09187435,0.619521,0.07579169,2024-05-21,4540,"{""type"":""MultiPoint"",""coordinates"":[]}"
4541_0,0.1558417,0.66864914,0.13855073,2024-05-21,4541,"{""type"":""MultiPoint"",""coordinates"":[]}"
4542_0,0.20307584,0.6364567,0.16727538,2024-05-21,4542,"{""type"":""MultiPoint"",""coordinates"":[]}"
4543_0,-0.028735632,0.5023866,-0.06428837,2024-05-21,4543,"{""type"":""MultiPoint"",""coordinates"":[]}"
4544_0,0.08421053,0.55329007,0.06244057,2024-05-21,4544,"{""type"":""MultiPoint"",""coordinates"":[]}"
4545_0,0.27006173,0.731693,0.21947195,2024-05-21,4545,"{""type"":""MultiPoint"",""coordinates"":[]}"
4673_0,0.356621,0.8168035,0.34235707,2024-05-21,4673,"{""type"":""MultiPoint"",""coordinates"":[]}"
4675_0,0.30773774,0.8243154,0.2796558,2024-05-21,4675,"{""type"":""MultiPoint"",""coordinates"":[]}"
4677_0,0.04642639,0.36462092,0.2579035,2024-05-21,4677,"{""type"":""MultiPoint"",""coordinates"":[]}"
4678_0,0.16835018,0.58928573,0.13429983,2024-05-21,4678,"{""type"":""MultiPoint"",""coordinates"":[]}"
4679_0,0.2871646,0.80174625,0.28169528,2024-05-21,4679,"{""type"":""MultiPoint"",""coordinates"":[]}"
4680_0,0.17138708,0.8166567,0.14113662,2024-05-21,4680,"{""type"":""MultiPoint"",""coordinates"":[]}"
4681_0,0.20788178,0.6359306,0.19840479,2024-05-21,4681,"{""type"":""MultiPoint"",""coordinates"":[]}"
4683_0,0.1574596,0.6624597,0.11627907,2024-05-21,4683,"{""type"":""MultiPoint"",""coordinates"":[]}"
4685_0,0.19263157,0.68388104,0.16766143,2024-05-21,4685,"{""type"":""MultiPoint"",""coordinates"":[]}"
4686_0,0.10461018,0.017595308,0.1346822,2024-05-21,4686,"{""type"":""MultiPoint"",""coordinates"":[]}"
4687_0,0.21810131,0.6979592,0.19112384,2024-05-21,4687,"{""type"":""MultiPoint"",""coordinates"":[]}"
4688_0,0.13639766,0.60107213,0.10822511,2024-05-21,4688,"{""type"":""MultiPoint"",""coordinates"":[]}"
4689_0,0.14948538,0.30755866,0.07251024,2024-05-21,4689,"{""type"":""MultiPoint"",""coordinates"":[]}"
4690_0,0.22476675,0.6601881,0.18319929,2024-05-21,4690,"{""type"":""MultiPoint"",""coordinates"":[]}"
4691_0,0.046270233,0.057063326,0.056971382,2024-05-21,4691,"{""type"":""MultiPoint"",""coordinates"":[]}"
4692_0,0.046180658,0.27014217,0.029550828,2024-05-21,4692,"{""type"":""MultiPoint"",""coordinates"":[]}"
4693_0,0.21239288,0.7665957,0.20884651,2024-05-21,4693,"{""type"":""MultiPoint"",""coordinates"":[]}"
4694_0,0.028718589,0.106756754,0.025753425,2024-05-21,4694,"{""type"":""MultiPoint"",""coordinates"":[]}"
4695_0,0.096350364,0.0386458,0.13547486,2024-05-21,4695,"{""type"":""MultiPoint"",""coordinates"":[]}"
4696_0,0.02375718,0.041583024,0.026931506,2024-05-21,4696,"{""type"":""MultiPoint"",""coordinates"":[]}"
4697_0,0.17807634,0.71164024,0.14640088,2024-05-21,4697,"{""type"":""MultiPoint"",""coordinates"":[]}"
4698_0,0.30747128,1.0,0.25271317,2024-05-21,4698,"{""type"":""MultiPoint"",""coordinates"":[]}"
4699_0,0.053705953,0.19098592,0.041122876,2024-05-21,4699,"{""type"":""MultiPoint"",""coordinates"":[]}"
4700_0,0.09477276,0.32820514,0.031530038,2024-05-21,4700,"{""type"":""MultiPoint"",""coordinates"":[]}"
4701_0,0.15495344,0.5418182,0.120704845,2024-05-21,4701,"{""type"":""MultiPoint"",""coordinates"":[]}"
4702_0,0.11511789,0.4444903,0.09872861,2024-05-21,4702,"{""type"":""MultiPoint"",""coordinates"":[]}"
4703_0,0.05259146,0.34072495,0.11687389,2024-05-21,4703,"{""type"":""MultiPoint"",""coordinates"":[]}"
4704_0,0.17359345,0.62603074,0.110333286,2024-05-21,4704,"{""type"":""MultiPoint"",""coordinates"":[]}"
4705_0,0.016467066,0.43548387,-0.012482663,2024-05-21,4705,"{""type"":""MultiPoint"",""coordinates"":[]}"
4706_0,0.15632755,0.6170799,0.13622066,2024-05-21,4706,"{""type"":""MultiPoint"",""coordinates"":[]}"
4707_0,0.09253923,0.4874372,0.06929392,2024-05-21,4707,"{""type"":""MultiPoint"",""coordinates"":[]}"
4708_0,0.095090784,0.5767635,0.060859855,2024-05-21,4708,"{""type"":""MultiPoint"",""coordinates"":[]}"
4709_0,0.07395035,0.023671282,0.12927265,2024-05-21,4709,"{""type"":""MultiPoint"",""coordinates"":[]}"
4710_0,0.25639802,0.8487239,0.2601613,2024-05-21,4710,"{""type"":""MultiPoint"",""coordinates"":[]}"
4711_0,0.04989384,0.47237432,0.048378523,2024-05-21,4711,"{""type"":""MultiPoint"",""coordinates"":[]}"
4712_0,0.31564245,0.66482913,0.2128514,2024-05-21,4712,"{""type"":""MultiPoint"",""coordinates"":[]}"
4713_0,0.094497606,0.58252776,0.07739183,2024-05-21,4713,"{""type"":""MultiPoint"",""coordinates"":[]}"
4714_0,0.039622035,0.19587629,0.06599833,2024-05-21,4714,"{""type"":""MultiPoint"",""coordinates"":[]}"
4715_0,0.20820406,0.7304392,0.19755459,2024-05-21,4715,"{""type"":""MultiPoint"",""coordinates"":[]}"
4716_0,0.13467795,0.58135283,0.13071896,2024-05-21,4716,"{""type"":""MultiPoint"",""coordinates"":[]}"
4717_0,0.05234433,0.4593652,0.04547726,2024-05-21,4717,"{""type"":""MultiPoint"",""coordinates"":[]}"
4718_0,0.2295659,0.8118467,0.22593321,2024-05-21,4718,"{""type"":""MultiPoint"",""coordinates"":[]}"
4719_0,0.05999442,0.13330938,0.11046563,2024-05-21,4719,"{""type"":""MultiPoint"",""coordinates"":[]}"
4720_0,0.2559653,0.7376744,0.28960994,2024-05-21,4720,"{""type"":""MultiPoint"",""coordinates"":[]}"
4721_0,0.10343596,0.116005875,0.095199496,2024-05-21,4721,"{""type"":""MultiPoint"",""coordinates"":[]}"
4722_0,0.18168914,0.67957747,0.10758514,2024-05-21,4722,"{""type"":""MultiPoint"",""coordinates"":[]}"
4723_0,0.25252524,0.76,0.29234973,2024-05-21,4723,"{""type"":""MultiPoint"",""coordinates"":[]}"
4724_0,0.13338335,0.64046973,0.11411043,2024-05-21,4724,"{""type"":""MultiPoint"",""coordinates"":[]}"
4725_0,0.25974786,0.84499687,0.27243912,2024-05-21,4725,"{""type"":""MultiPoint"",""coordinates"":[]}"
4727_0,0.06428652,0.25550067,0.14908046,2024-05-21,4727,"{""type"":""MultiPoint"",""coordinates"":[]}"
4728_0,0.17731608,0.5907015,0.09799427,2024-05-21,4728,"{""type"":""MultiPoint"",""coordinates"":[]}"
4729_0,0.043708608,0.47348484,0.037333332,2024-05-21,4729,"{""type"":""MultiPoint"",""coordinates"":[]}"
4730_0,0.2240533,0.71887136,0.20007229,2024-05-21,4730,"{""type"":""MultiPoint"",""coordinates"":[]}"
4731_0,0.38774925,0.80954194,0.38091093,2024-05-21,4731,"{""type"":""MultiPoint"",""coordinates"":[]}"
4733_0,0.1869633,0.6504362,0.16929212,2024-05-21,4733,"{""type"":""MultiPoint"",""coordinates"":[]}"
4734_0,-0.009111618,0.49634147,-0.039906103,2024-05-21,4734,"{""type"":""MultiPoint"",""coordinates"":[]}"
4735_0,0.07728894,0.50524473,0.05192425,2024-05-21,4735,"{""type"":""MultiPoint"",""coordinates"":[]}"
4736_0,0.093459874,0.60096735,0.093085654,2024-05-21,4736,"{""type"":""MultiPoint"",""coordinates"":[]}"
4737_0,0.1112462,0.6388715,0.087580614,2024-05-21,4737,"{""type"":""MultiPoint"",""coordinates"":[]}"
4738_0,0.25280157,0.81,0.22982843,2024-05-21,4738,"{""type"":""MultiPoint"",""coordinates"":[]}"
4739_0,0.21537255,0.7853428,0.20312251,2024-05-21,4739,"{""type"":""MultiPoint"",""coordinates"":[]}"
4740_0,0.32387707,0.7807229,0.3053654,2024-05-21,4740,"{""type"":""MultiPoint"",""coordinates"":[]}"
4741_0,0.25308755,0.7352233,0.23111954,2024-05-21,4741,"{""type"":""MultiPoint"",""coordinates"":[]}"
4742_0,0.22421823,0.62376237,0.19252078,2024-05-21,4742,"{""type"":""MultiPoint"",""coordinates"":[]}"
4743_0,0.18283653,0.6670282,0.17642556,2024-05-21,4743,"{""type"":""MultiPoint"",""coordinates"":[]}"
4744_0,-0.044592652,0.37670684,-0.07625977,2024-05-21,4744,"{""type"":""MultiPoint"",""coordinates"":[]}"
4745_0,0.017114192,0.4405029,-0.018810216,2024-05-21,4745,"{""type"":""MultiPoint"",""coordinates"":[]}"
4746_0,0.013749833,0.49303135,-0.03734906,2024-05-21,4746,"{""type"":""MultiPoint"",""coordinates"":[]}"
4747_0,0.04329802,0.41182855,0.112203464,2024-05-21,4747,"{""type"":""MultiPoint"",""coordinates"":[]}"
4748_0,0.09533933,0.57040817,0.05338809,2024-05-21,4748,"{""type"":""MultiPoint"",""coordinates"":[]}"
4749_0,0.275,0.7045177,0.2321271,2024-05-21,4749,"{""type"":""MultiPoint"",""coordinates"":[]}"
4750_0,0.0880829,0.64368844,0.05557685,2024-05-21,4750,"{""type"":""MultiPoint"",""coordinates"":[]}"
5044_0,0.27372387,0.7097573,0.2390524,2024-05-21,5044,"{""type"":""MultiPoint"",""coordinates"":[]}"
5045_0,0.1846494,0.695422,0.14586402,2024-05-21,5045,"{""type"":""MultiPoint"",""coordinates"":[]}"
5046_0,0.14962839,0.63549656,0.13073395,2024-05-21,5046,"{""type"":""MultiPoint"",""coordinates"":[]}"
5047_0,0.16553575,0.8283413,0.1574251,2024-05-21,5047,"{""type"":""MultiPoint"",""coordinates"":[]}"
5049_0,0.25707507,0.7501764,0.25845736,2024-05-21,5049,"{""type"":""MultiPoint"",""coordinates"":[]}"
5050_0,0.24208333,0.7487555,0.24287201,2024-05-21,5050,"{""type"":""MultiPoint"",""coordinates"":[]}"
5051_0,0.04162162,0.451505,-0.010544315,2024-05-21,5051,"{""type"":""MultiPoint"",""coordinates"":[]}"
5052_0,0.18517287,0.6346388,0.15642746,2024-05-21,5052,"{""type"":""MultiPoint"",""coordinates"":[]}"
5053_0,0.039872408,0.48582232,-0.025871418,2024-05-21,5053,"{""type"":""MultiPoint"",""coordinates"":[]}"
5054_0,0.10618107,0.6619508,0.123160146,2024-05-21,5054,"{""type"":""MultiPoint"",""coordinates"":[]}"
5055_0,0.12436116,0.577548,0.10980257,2024-05-21,5055,"{""type"":""MultiPoint"",""coordinates"":[]}"
5056_0,0.2579537,0.74870914,0.24129505,2024-05-21,5056,"{""type"":""MultiPoint"",""coordinates"":[]}"
5057_0,0.07472851,0.10868031,0.11113076,2024-05-21,5057,"{""type"":""MultiPoint"",""coordinates"":[]}"
5059_0,0.16230367,0.59090906,0.04477612,2024-05-21,5059,"{""type"":""MultiPoint"",""coordinates"":[]}"
5060_0,0.22878385,0.73803526,0.2019161,2024-05-21,5060,"{""type"":""MultiPoint"",""coordinates"":[]}"
5061_0,0.14257075,0.04157549,0.1560413,2024-05-21,5061,"{""type"":""MultiPoint"",""coordinates"":[]}"
5062_0,0.16993801,0.6704289,0.16017768,2024-05-21,5062,"{""type"":""MultiPoint"",""coordinates"":[]}"
5063_0,0.25946173,0.7030675,0.22371611,2024-05-21,5063,"{""type"":""MultiPoint"",""coordinates"":[]}"
5065_0,0.26317212,0.78557193,0.24323574,2024-05-21,5065,"{""type"":""MultiPoint"",""coordinates"":[]}"
5066_0,0.34773663,0.8559671,0.17447917,2024-05-21,5066,"{""type"":""MultiPoint"",""coordinates"":[]}"
5067_0,0.31935883,0.8626466,0.33653846,2024-05-21,5067,"{""type"":""MultiPoint"",""coordinates"":[]}"
5068_0,0.27702132,0.78479195,0.24774323,2024-05-21,5068,"{""type"":""MultiPoint"",""coordinates"":[]}"
5069_0,0.16989635,0.63533837,0.11484863,2024-05-21,5069,"{""type"":""MultiPoint"",""coordinates"":[]}"
5070_0,0.18525271,0.47168845,0.17632604,2024-05-21,5070,"{""type"":""MultiPoint"",""coordinates"":[]}"
5071_0,0.07839773,0.07778295,0.086130016,2024-05-21,5071,"{""type"":""MultiPoint"",""coordinates"":[]}"
5072_0,0.32294047,0.8430141,0.3017325,2024-05-21,5072,"{""type"":""MultiPoint"",""coordinates"":[]}"
5073_0,0.1752178,0.71428573,0.19774011,2024-05-21,5073,"{""type"":""MultiPoint"",""coordinates"":[]}"
5074_0,0.017710153,0.14213198,0.06660346,2024-05-21,5074,"{""type"":""MultiPoint"",""coordinates"":[]}"
5075_0,0.25106156,0.6762459,0.24037685,2024-05-21,5075,"{""type"":""MultiPoint"",""coordinates"":[]}"
5076_0,0.25317252,0.6574225,0.26179832,2024-05-21,5076,"{""type"":""MultiPoint"",""coordinates"":[]}"
5077_0,0.051936507,0.36982247,-0.0038994218,2024-05-21,5077,"{""type"":""MultiPoint"",""coordinates"":[]}"
5078_0,0.102348134,0.4155194,0.12523317,2024-05-21,5078,"{""type"":""MultiPoint"",""coordinates"":[]}"
5079_0,0.013128893,0.06839705,0.083889335,2024-05-21,5079,"{""type"":""MultiPoint"",""coordinates"":[]}"
5080_0,0.26110038,0.73342264,0.25661567,2024-05-21,5080,"{""type"":""MultiPoint"",""coordinates"":[]}"
5081_0,0.19711478,0.5186346,0.14918292,2024-05-21,5081,"{""type"":""MultiPoint"",""coordinates"":[]}"
5082_0,0.002019722,0.37828726,-0.013513514,2024-05-21,5082,"{""type"":""MultiPoint"",""coordinates"":[]}"
5083_0,0.2501343,0.8532239,0.3073106,2024-05-21,5083,"{""type"":""MultiPoint"",""coordinates"":[]}"
5084_0,0.2521794,0.86660796,0.28504318,2024-05-21,5084,"{""type"":""MultiPoint"",""coordinates"":[]}"
5085_0,0.258754,0.72250086,0.22491679,2024-05-21,5085,"{""type"":""MultiPoint"",""coordinates"":[]}"
5086_0,0.107880235,0.044191346,0.15415119,2024-05-21,5086,"{""type"":""MultiPoint"",""coordinates"":[]}"
5087_0,0.37148014,0.84276414,0.3576831,2024-05-21,5087,"{""type"":""MultiPoint"",""coordinates"":[]}"
5088_0,0.107458524,0.5902599,0.08256296,2024-05-21,5088,"{""type"":""MultiPoint"",""coordinates"":[]}"
5089_0,0.33059126,0.8375973,0.43465045,2024-05-21,5089,"{""type"":""MultiPoint"",""coordinates"":[]}"
5090_0,0.24752232,0.70847934,0.22651239,2024-05-21,5090,"{""type"":""MultiPoint"",""coordinates"":[]}"
5091_0,0.14974359,0.27605033,0.12929314,2024-05-21,5091,"{""type"":""MultiPoint"",""coordinates"":[]}"
5092_0,0.08,0.4681042,0.052157115,2024-05-21,5092,"{""type"":""MultiPoint"",""coordinates"":[]}"
5093_0,0.3072519,0.82333493,0.27856907,2024-05-21,5093,"{""type"":""MultiPoint"",""coordinates"":[]}"
5094_0,0.38077983,0.88292885,0.36729857,2024-05-21,5094,"{""type"":""MultiPoint"",""coordinates"":[]}"
5095_0,0.17101507,0.064367816,0.1378251,2024-05-21,5095,"{""type"":""MultiPoint"",""coordinates"":[]}"
5096_0,0.19652855,0.62357277,0.21132179,2024-05-21,5096,"{""type"":""MultiPoint"",""coordinates"":[]}"
5097_0,0.049044326,0.11198288,0.032279424,2024-05-21,5097,"{""type"":""MultiPoint"",""coordinates"":[]}"
5098_0,0.034170374,0.10590441,0.076233186,2024-05-21,5098,"{""type"":""MultiPoint"",""coordinates"":[]}"
5099_0,0.10968875,0.2803677,0.047401637,2024-05-21,5099,"{""type"":""MultiPoint"",""coordinates"":[]}"
5100_0,0.36873066,0.857969,0.32650703,2024-05-21,5100,"{""type"":""MultiPoint"",""coordinates"":[]}"
5101_0,0.1675757,0.75904334,0.1414161,2024-05-21,5101,"{""type"":""MultiPoint"",""coordinates"":[]}"
5102_0,0.22126763,0.7377215,0.17655125,2024-05-21,5102,"{""type"":""MultiPoint"",""coordinates"":[]}"
5103_0,0.056101557,0.38959622,-0.09371293,2024-05-21,5103,"{""type"":""MultiPoint"",""coordinates"":[]}"
5104_0,0.2632854,0.7077935,0.27556944,2024-05-21,5104,"{""type"":""MultiPoint"",""coordinates"":[]}"
5106_0,0.18724158,0.6074664,0.17307693,2024-05-21,5106,"{""type"":""MultiPoint"",""coordinates"":[]}"
5107_0,0.20754239,0.6942085,0.16717649,2024-05-21,5107,"{""type"":""MultiPoint"",""coordinates"":[]}"
5108_0,0.1699578,0.6373728,0.1801967,2024-05-21,5108,"{""type"":""MultiPoint"",""coordinates"":[]}"
5109_0,0.35548553,0.77265745,0.34459656,2024-05-21,5109,"{""type"":""MultiPoint"",""coordinates"":[]}"
5110_0,0.014139066,0.5487239,0.023969319,2024-05-21,5110,"{""type"":""MultiPoint"",""coordinates"":[]}"
5111_0,0.32791218,0.7529745,0.30356014,2024-05-21,5111,"{""type"":""MultiPoint"",""coordinates"":[]}"
5112_0,0.2437247,0.7058824,0.24697661,2024-05-21,5112,"{""type"":""MultiPoint"",""coordinates"":[]}"
5113_0,0.057491597,0.52715653,0.036876354,2024-05-21,5113,"{""type"":""MultiPoint"",""coordinates"":[]}"
5114_0,0.113592856,0.65156287,0.10184287,2024-05-21,5114,"{""type"":""MultiPoint"",""coordinates"":[]}"
5115_0,0.30839804,0.83503246,0.33783785,2024-05-21,5115,"{""type"":""MultiPoint"",""coordinates"":[]}"
5116_0,0.35624555,0.80541235,0.3471154,2024-05-21,5116,"{""type"":""MultiPoint"",""coordinates"":[]}"
5117_0,0.16803278,0.6965857,0.13759735,2024-05-21,5117,"{""type"":""MultiPoint"",""coordinates"":[]}"
5119_0,0.31751496,0.75992066,0.30633286,2024-05-21,5119,"{""type"":""MultiPoint"",""coordinates"":[]}"
5120_0,0.3220549,0.7859944,0.31980956,2024-05-21,5120,"{""type"":""MultiPoint"",""coordinates"":[]}"
5121_0,0.35340023,0.7171429,0.34904602,2024-05-21,5121,"{""type"":""MultiPoint"",""coordinates"":[]}"
5122_0,0.05501834,0.5087288,0.039647575,2024-05-21,5122,"{""type"":""MultiPoint"",""coordinates"":[]}"
5123_0,0.014091903,0.1815301,-0.037965354,2024-05-21,5123,"{""type"":""MultiPoint"",""coordinates"":[]}"
5124_0,0.20988214,0.682243,0.18226601,2024-05-21,5124,"{""type"":""MultiPoint"",""coordinates"":[]}"
5125_0,0.14741907,0.6042315,0.13894412,2024-05-21,5125,"{""type"":""MultiPoint"",""coordinates"":[]}"
5126_0,-0.022240194,0.4637437,-0.04405286,2024-05-21,5126,"{""type"":""MultiPoint"",""coordinates"":[]}"
5127_0,0.2250443,0.63247865,0.27192008,2024-05-21,5127,"{""type"":""MultiPoint"",""coordinates"":[]}"
5128_0,0.143629,0.6357143,0.09255725,2024-05-21,5128,"{""type"":""MultiPoint"",""coordinates"":[]}"
5471_0,0.1894852,0.70398325,0.22152089,2024-05-21,5471,"{""type"":""MultiPoint"",""coordinates"":[]}"
5472_0,0.12510088,0.7649326,0.027366532,2024-05-21,5472,"{""type"":""MultiPoint"",""coordinates"":[]}"
5473_0,0.19107187,0.53022796,0.16822194,2024-05-21,5473,"{""type"":""MultiPoint"",""coordinates"":[]}"
5474_0,0.09675376,0.6726547,0.08059317,2024-05-21,5474,"{""type"":""MultiPoint"",""coordinates"":[]}"
5475_0,0.1002175,0.6152068,0.07800446,2024-05-21,5475,"{""type"":""MultiPoint"",""coordinates"":[]}"
5477_0,0.3126294,0.74541646,0.29197362,2024-05-21,5477,"{""type"":""MultiPoint"",""coordinates"":[]}"
5478_0,-0.035256412,0.3832998,-0.027753226,2024-05-21,5478,"{""type"":""MultiPoint"",""coordinates"":[]}"
5480_0,0.023094492,0.04577823,0.0329928,2024-05-21,5480,"{""type"":""MultiPoint"",""coordinates"":[]}"
5481_0,0.3498847,0.8826211,0.34820458,2024-05-21,5481,"{""type"":""MultiPoint"",""coordinates"":[]}"
5482_0,0.119735755,0.6180856,0.115939625,2024-05-21,5482,"{""type"":""MultiPoint"",""coordinates"":[]}"
5483_0,0.15836947,0.7964694,0.17567109,2024-05-21,5483,"{""type"":""MultiPoint"",""coordinates"":[]}"
5484_0,0.05249257,0.32026556,0.1853534,2024-05-21,5484,"{""type"":""MultiPoint"",""coordinates"":[]}"
5487_0,0.2686851,0.79461277,0.26079243,2024-05-21,5487,"{""type"":""MultiPoint"",""coordinates"":[]}"
5488_0,0.13265306,0.64489794,0.1005291,2024-05-21,5488,"{""type"":""MultiPoint"",""coordinates"":[]}"
5489_0,-0.03444515,0.45106256,-0.07998861,2024-05-21,5489,"{""type"":""MultiPoint"",""coordinates"":[]}"
5490_0,0.1703105,0.66910994,0.17076753,2024-05-21,5490,"{""type"":""MultiPoint"",""coordinates"":[]}"
5492_0,0.23700146,0.7083561,0.26256308,2024-05-21,5492,"{""type"":""MultiPoint"",""coordinates"":[]}"
5493_0,0.18711656,0.7002457,0.13256955,2024-05-21,5493,"{""type"":""MultiPoint"",""coordinates"":[]}"
5494_0,0.08885096,0.11401152,0.067402296,2024-05-21,5494,"{""type"":""MultiPoint"",""coordinates"":[]}"
5495_0,0.21111447,0.70697266,0.19382717,2024-05-21,5495,"{""type"":""MultiPoint"",""coordinates"":[]}"
5496_0,0.14955771,0.60958505,0.14250156,2024-05-21,5496,"{""type"":""MultiPoint"",""coordinates"":[]}"
5497_0,0.16753997,0.75137335,0.16292894,2024-05-21,5497,"{""type"":""MultiPoint"",""coordinates"":[]}"
5498_0,0.118844725,0.03503036,0.1337213,2024-05-21,5498,"{""type"":""MultiPoint"",""coordinates"":[]}"
5499_0,0.016107181,0.41509435,0.0048721074,2024-05-21,5499,"{""type"":""MultiPoint"",""coordinates"":[]}"
5500_0,0.110612646,0.57227385,0.07951248,2024-05-21,5500,"{""type"":""MultiPoint"",""coordinates"":[]}"
5501_0,-0.006067961,0.4722838,0.091506846,2024-05-21,5501,"{""type"":""MultiPoint"",""coordinates"":[]}"
5502_0,0.07658012,0.54741037,0.04902093,2024-05-21,5502,"{""type"":""MultiPoint"",""coordinates"":[]}"
5504_0,0.099987425,0.5396518,0.053188674,2024-05-21,5504,"{""type"":""MultiPoint"",""coordinates"":[]}"
5505_0,0.049235992,0.6386719,0.04288378,2024-05-21,5505,"{""type"":""MultiPoint"",""coordinates"":[]}"
5506_0,0.07376506,0.5320262,0.0027092542,2024-05-21,5506,"{""type"":""MultiPoint"",""coordinates"":[]}"
5507_0,0.31298542,0.87459224,0.34459898,2024-05-21,5507,"{""type"":""MultiPoint"",""coordinates"":[]}"
5508_0,0.17381974,0.4217348,-0.038435604,2024-05-21,5508,"{""type"":""MultiPoint"",""coordinates"":[]}"
5509_0,0.23827606,0.7095027,0.2676159,2024-05-21,5509,"{""type"":""MultiPoint"",""coordinates"":[]}"
5510_0,0.272579,0.68077385,0.21822962,2024-05-21,5510,"{""type"":""MultiPoint"",""coordinates"":[]}"
5511_0,0.08576785,0.51191014,0.06963434,2024-05-21,5511,"{""type"":""MultiPoint"",""coordinates"":[]}"
5512_0,0.08195292,0.10905203,0.08347115,2024-05-21,5512,"{""type"":""MultiPoint"",""coordinates"":[]}"
5513_0,0.31528047,0.7735099,0.25403887,2024-05-21,5513,"{""type"":""MultiPoint"",""coordinates"":[]}"
5514_0,0.16384615,0.76113623,0.11301509,2024-05-21,5514,"{""type"":""MultiPoint"",""coordinates"":[]}"
5515_0,0.03763485,0.03755704,0.0058698426,2024-05-21,5515,"{""type"":""MultiPoint"",""coordinates"":[]}"
5516_0,0.053414095,0.065271966,-0.0063420823,2024-05-21,5516,"{""type"":""MultiPoint"",""coordinates"":[]}"
5517_0,0.16616008,0.47126436,0.13867085,2024-05-21,5517,"{""type"":""MultiPoint"",""coordinates"":[]}"
5518_0,0.13361019,0.5876873,0.1288697,2024-05-21,5518,"{""type"":""MultiPoint"",""coordinates"":[]}"
5519_0,0.016614363,0.07640068,-0.02452159,2024-05-21,5519,"{""type"":""MultiPoint"",""coordinates"":[]}"
5520_0,0.22063218,0.8395722,0.22971712,2024-05-21,5520,"{""type"":""MultiPoint"",""coordinates"":[]}"
5521_0,0.06296039,0.5020816,0.03395902,2024-05-21,5521,"{""type"":""MultiPoint"",""coordinates"":[]}"
5522_0,0.07964602,0.62179154,0.067586206,2024-05-21,5522,"{""type"":""MultiPoint"",""coordinates"":[]}"
5523_0,0.22631913,0.74883723,0.21407814,2024-05-21,5523,"{""type"":""MultiPoint"",""coordinates"":[]}"
5524_0,0.30203527,0.8441358,0.30032644,2024-05-21,5524,"{""type"":""MultiPoint"",""coordinates"":[]}"
5525_0,0.055854365,0.1205036,0.04398827,2024-05-21,5525,"{""type"":""MultiPoint"",""coordinates"":[]}"
5526_0,0.16037735,-0.0016366612,0.16458516,2024-05-21,5526,"{""type"":""MultiPoint"",""coordinates"":[]}"
5527_0,0.22871116,0.75,0.2012513,2024-05-21,5527,"{""type"":""MultiPoint"",""coordinates"":[]}"
5528_0,0.19646499,0.69818914,0.17630662,2024-05-21,5528,"{""type"":""MultiPoint"",""coordinates"":[]}"
5529_0,0.020250723,0.51975685,-0.007936508,2024-05-21,5529,"{""type"":""MultiPoint"",""coordinates"":[]}"
5530_0,0.19244936,0.60197777,0.19282098,2024-05-21,5530,"{""type"":""MultiPoint"",""coordinates"":[]}"
5531_0,0.12665023,0.49907234,0.14609928,2024-05-21,5531,"{""type"":""MultiPoint"",""coordinates"":[]}"
5532_0,0.1054408,0.63770723,0.10616484,2024-05-21,5532,"{""type"":""MultiPoint"",""coordinates"":[]}"
5533_0,0.07138179,0.052148998,0.070163935,2024-05-21,5533,"{""type"":""MultiPoint"",""coordinates"":[]}"
5534_0,0.19229688,0.70290166,0.15562087,2024-05-21,5534,"{""type"":""MultiPoint"",""coordinates"":[]}"
5535_0,-0.036747064,0.4518396,-0.077852175,2024-05-21,5535,"{""type"":""MultiPoint"",""coordinates"":[]}"
5536_0,0.09098888,0.45859087,0.06514217,2024-05-21,5536,"{""type"":""MultiPoint"",""coordinates"":[]}"
5537_0,0.17847025,0.5599473,0.15287244,2024-05-21,5537,"{""type"":""MultiPoint"",""coordinates"":[]}"
5538_0,0.07463415,0.5726008,0.07485979,2024-05-21,5538,"{""type"":""MultiPoint"",""coordinates"":[]}"
5539_0,0.2381323,0.385022,-0.10934844,2024-05-21,5539,"{""type"":""MultiPoint"",""coordinates"":[]}"
5540_0,0.21043648,0.005202081,0.21617042,2024-05-21,5540,"{""type"":""MultiPoint"",""coordinates"":[]}"
5541_0,0.09656575,0.24505748,0.17854422,2024-05-21,5541,"{""type"":""MultiPoint"",""coordinates"":[]}"
5542_0,0.4084942,0.88934994,0.40788457,2024-05-21,5542,"{""type"":""MultiPoint"",""coordinates"":[]}"
5543_0,0.26588055,0.71915746,0.27958193,2024-05-21,5543,"{""type"":""MultiPoint"",""coordinates"":[]}"
5544_0,0.18291962,0.7477797,0.17475003,2024-05-21,5544,"{""type"":""MultiPoint"",""coordinates"":[]}"
5545_0,0.24747926,0.64655787,0.22298366,2024-05-21,5545,"{""type"":""MultiPoint"",""coordinates"":[]}"
5546_0,0.19764377,0.6522423,0.2374779,2024-05-21,5546,"{""type"":""MultiPoint"",""coordinates"":[]}"
5547_0,-0.071743675,0.3622106,-0.117134556,2024-05-21,5547,"{""type"":""MultiPoint"",""coordinates"":[]}"
5548_0,0.17298917,0.50645626,0.13944656,2024-05-21,5548,"{""type"":""MultiPoint"",""coordinates"":[]}"
5549_0,0.23396465,0.021295877,0.24737133,2024-05-21,5549,"{""type"":""MultiPoint"",""coordinates"":[]}"
5550_0,0.2620661,0.7762128,0.25971144,2024-05-21,5550,"{""type"":""MultiPoint"",""coordinates"":[]}"
5551_0,0.28654104,0.7856817,0.23924051,2024-05-21,5551,"{""type"":""MultiPoint"",""coordinates"":[]}"
5552_0,0.30365264,0.8505678,0.2953975,2024-05-21,5552,"{""type"":""MultiPoint"",""coordinates"":[]}"
5553_0,0.25246084,0.791708,0.25235718,2024-05-21,5553,"{""type"":""MultiPoint"",""coordinates"":[]}"
5554_0,0.22925496,0.7981873,0.22586846,2024-05-21,5554,"{""type"":""MultiPoint"",""coordinates"":[]}"
5555_0,0.11882765,0.55837435,0.042243768,2024-05-21,5555,"{""type"":""MultiPoint"",""coordinates"":[]}"
5556_0,0.09649377,0.7612778,0.13364823,2024-05-21,5556,"{""type"":""MultiPoint"",""coordinates"":[]}"
5557_0,0.25417617,0.7569961,0.2303113,2024-05-21,5557,"{""type"":""MultiPoint"",""coordinates"":[]}"
5558_0,0.32509774,0.8845225,0.33085272,2024-05-21,5558,"{""type"":""MultiPoint"",""coordinates"":[]}"
5559_0,0.31829575,0.8274866,0.28795812,2024-05-21,5559,"{""type"":""MultiPoint"",""coordinates"":[]}"
5560_0,0.19980347,0.7650077,0.16947135,2024-05-21,5560,"{""type"":""MultiPoint"",""coordinates"":[]}"
5561_0,0.37974346,0.85891527,0.38638467,2024-05-21,5561,"{""type"":""MultiPoint"",""coordinates"":[]}"
5562_0,0.16900948,0.6015511,0.13034554,2024-05-21,5562,"{""type"":""MultiPoint"",""coordinates"":[]}"
5563_0,0.21972764,0.76876265,0.24393724,2024-05-21,5563,"{""type"":""MultiPoint"",""coordinates"":[]}"
5564_0,0.19418986,0.72146595,0.17052332,2024-05-21,5564,"{""type"":""MultiPoint"",""coordinates"":[]}"
5565_0,0.32103103,0.840352,0.3090909,2024-05-21,5565,"{""type"":""MultiPoint"",""coordinates"":[]}"
5566_0,0.16089326,0.62058526,0.1475527,2024-05-21,5566,"{""type"":""MultiPoint"",""coordinates"":[]}"
5567_0,0.1641791,0.78997076,0.20387174,2024-05-21,5567,"{""type"":""MultiPoint"",""coordinates"":[]}"
5568_0,0.26418278,0.75083673,0.24847521,2024-05-21,5568,"{""type"":""MultiPoint"",""coordinates"":[]}"
5569_0,0.33743384,0.85830617,0.3267442,2024-05-21,5569,"{""type"":""MultiPoint"",""coordinates"":[]}"
5570_0,0.37400532,0.7727975,0.3671037,2024-05-21,5570,"{""type"":""MultiPoint"",""coordinates"":[]}"
5571_0,0.28591484,0.87543255,0.30898112,2024-05-21,5571,"{""type"":""MultiPoint"",""coordinates"":[]}"
5572_0,0.29868263,0.76,0.28654972,2024-05-21,5572,"{""type"":""MultiPoint"",""coordinates"":[]}"
5573_0,0.3131313,0.8083082,0.28326747,2024-05-21,5573,"{""type"":""MultiPoint"",""coordinates"":[]}"
5574_0,0.26379952,0.68732655,0.2531776,2024-05-21,5574,"{""type"":""MultiPoint"",""coordinates"":[]}"
5575_0,0.10435403,0.6970278,0.06035645,2024-05-21,5575,"{""type"":""MultiPoint"",""coordinates"":[]}"
5578_0,0.11328443,0.64385223,0.11002045,2024-05-21,5578,"{""type"":""MultiPoint"",""coordinates"":[]}"
5580_0,0.16538538,0.66754,0.14996989,2024-05-21,5580,"{""type"":""MultiPoint"",""coordinates"":[]}"
5581_0,0.28555596,0.81780964,0.29493254,2024-05-21,5581,"{""type"":""MultiPoint"",""coordinates"":[]}"
5582_0,0.026014568,0.5194532,0.014391014,2024-05-21,5582,"{""type"":""MultiPoint"",""coordinates"":[]}"
5583_0,0.32590833,0.8280403,0.31451914,2024-05-21,5583,"{""type"":""MultiPoint"",""coordinates"":[]}"
5584_0,0.3743651,0.89966553,0.36908707,2024-05-21,5584,"{""type"":""MultiPoint"",""coordinates"":[]}"
5585_0,0.27124122,0.88459706,0.3467371,2024-05-21,5585,"{""type"":""MultiPoint"",""coordinates"":[]}"
5587_0,0.20333642,0.6906637,0.16624637,2024-05-21,5587,"{""type"":""MultiPoint"",""coordinates"":[]}"
5588_0,0.25813007,0.6923077,0.2641129,2024-05-21,5588,"{""type"":""MultiPoint"",""coordinates"":[]}"
5589_0,0.061818182,0.30083856,0.076672815,2024-05-21,5589,"{""type"":""MultiPoint"",""coordinates"":[]}"
5590_0,0.24132176,0.80237156,0.2606928,2024-05-21,5590,"{""type"":""MultiPoint"",""coordinates"":[]}"
5591_0,-0.023207119,0.5044298,-0.053918045,2024-05-21,5591,"{""type"":""MultiPoint"",""coordinates"":[]}"
5592_0,0.19347905,0.58984774,0.16366339,2024-05-21,5592,"{""type"":""MultiPoint"",""coordinates"":[]}"
5596_0,0.32889366,0.82312924,0.28610602,2024-05-21,5596,"{""type"":""MultiPoint"",""coordinates"":[]}"
5597_0,0.20617017,0.73895377,0.17723912,2024-05-21,5597,"{""type"":""MultiPoint"",""coordinates"":[]}"
5602_0,0.12838675,0.62227076,0.09405485,2024-05-21,5602,"{""type"":""MultiPoint"",""coordinates"":[]}"
5604_0,0.23787625,0.76442593,0.23867196,2024-05-21,5604,"{""type"":""MultiPoint"",""coordinates"":[]}"
5606_0,0.028636884,0.5284147,0.016241299,2024-05-21,5606,"{""type"":""MultiPoint"",""coordinates"":[]}"
5607_0,0.1990209,0.6276958,0.14834835,2024-05-21,5607,"{""type"":""MultiPoint"",""coordinates"":[]}"
5608_0,0.24101864,0.72123605,0.22136693,2024-05-21,5608,"{""type"":""MultiPoint"",""coordinates"":[]}"
5609_0,0.071893245,0.5281125,0.04497082,2024-05-21,5609,"{""type"":""MultiPoint"",""coordinates"":[]}"
5610_0,0.1460283,0.6628644,0.14435238,2024-05-21,5610,"{""type"":""MultiPoint"",""coordinates"":[]}"
5611_0,0.32286996,0.791559,0.3477322,2024-05-21,5611,"{""type"":""MultiPoint"",""coordinates"":[]}"
5612_0,0.043360434,0.611436,0.0018178145,2024-05-21,5612,"{""type"":""MultiPoint"",""coordinates"":[]}"
5613_0,0.17902996,0.6853056,0.16925298,2024-05-21,5613,"{""type"":""MultiPoint"",""coordinates"":[]}"
5614_0,0.24713778,0.7184703,0.2484729,2024-05-21,5614,"{""type"":""MultiPoint"",""coordinates"":[]}"
5615_0,-0.015465422,0.47374004,-0.11217641,2024-05-21,5615,"{""type"":""MultiPoint"",""coordinates"":[]}"
5616_0,0.14497529,0.69567865,0.14603044,2024-05-21,5616,"{""type"":""MultiPoint"",""coordinates"":[]}"
5617_0,0.2545629,0.58441556,0.22244489,2024-05-21,5617,"{""type"":""MultiPoint"",""coordinates"":[]}"
5618_0,0.10743295,0.5910714,0.100679435,2024-05-21,5618,"{""type"":""MultiPoint"",""coordinates"":[]}"
5619_0,0.030503979,0.5045872,0.0047651464,2024-05-21,5619,"{""type"":""MultiPoint"",""coordinates"":[]}"
5620_0,0.08537491,0.4355751,-0.0379107,2024-05-21,5620,"{""type"":""MultiPoint"",""coordinates"":[]}"
5621_0,0.15456507,0.6495289,0.13146234,2024-05-21,5621,"{""type"":""MultiPoint"",""coordinates"":[]}"
5622_0,0.009597208,0.057635177,0.022180747,2024-05-21,5622,"{""type"":""MultiPoint"",""coordinates"":[]}"
5623_0,0.13202247,0.5658427,0.11221069,2024-05-21,5623,"{""type"":""MultiPoint"",""coordinates"":[]}"
5624_0,-0.035889287,0.42990258,-0.073418416,2024-05-21,5624,"{""type"":""MultiPoint"",""coordinates"":[]}"
5625_0,0.051505677,0.50356704,0.029302796,2024-05-21,5625,"{""type"":""MultiPoint"",""coordinates"":[]}"
5626_0,0.26195547,0.70957094,0.23972876,2024-05-21,5626,"{""type"":""MultiPoint"",""coordinates"":[]}"
5627_0,0.092391305,0.37322363,0.047347404,2024-05-21,5627,"{""type"":""MultiPoint"",""coordinates"":[]}"
5628_0,0.24860738,0.6773468,0.24203955,2024-05-21,5628,"{""type"":""MultiPoint"",""coordinates"":[]}"
5629_0,0.06610901,0.12999494,0.12700215,2024-05-21,5629,"{""type"":""MultiPoint"",""coordinates"":[]}"
5630_0,0.17313045,0.5778841,0.14241724,2024-05-21,5630,"{""type"":""MultiPoint"",""coordinates"":[]}"
5631_0,0.24316043,0.71392405,0.22064458,2024-05-21,5631,"{""type"":""MultiPoint"",""coordinates"":[]}"
5632_0,0.1938951,0.6827495,0.15177561,2024-05-21,5632,"{""type"":""MultiPoint"",""coordinates"":[]}"
5633_0,0.21404608,0.6928839,0.21369433,2024-05-21,5633,"{""type"":""MultiPoint"",""coordinates"":[]}"
6156_0,0.0960013,0.65763927,0.07488403,2024-05-21,6156,"{""type"":""MultiPoint"",""coordinates"":[]}"
6157_0,0.17115267,0.68407804,0.14042191,2024-05-21,6157,"{""type"":""MultiPoint"",""coordinates"":[]}"
6159_0,0.24425532,0.8097038,0.23580034,2024-05-21,6159,"{""type"":""MultiPoint"",""coordinates"":[]}"
6160_0,0.036623217,0.6059406,0.02205419,2024-05-21,6160,"{""type"":""MultiPoint"",""coordinates"":[]}"
6161_0,0.28171763,0.8172269,0.2208892,2024-05-21,6161,"{""type"":""MultiPoint"",""coordinates"":[]}"
6162_0,0.15202068,0.23253809,0.08598202,2024-05-21,6162,"{""type"":""MultiPoint"",""coordinates"":[]}"
6163_0,0.29883137,0.8305085,0.2857143,2024-05-21,6163,"{""type"":""MultiPoint"",""coordinates"":[]}"
6164_0,0.18171297,0.6282051,0.114035085,2024-05-21,6164,"{""type"":""MultiPoint"",""coordinates"":[]}"
6165_0,0.231821,0.7254537,0.2,2024-05-21,6165,"{""type"":""MultiPoint"",""coordinates"":[]}"
6166_0,0.3983943,0.87691534,0.37808928,2024-05-21,6166,"{""type"":""MultiPoint"",""coordinates"":[]}"
6167_0,0.34484813,0.85391384,0.27821523,2024-05-21,6167,"{""type"":""MultiPoint"",""coordinates"":[]}"
6168_0,0.20616287,0.68664384,0.18585403,2024-05-21,6168,"{""type"":""MultiPoint"",""coordinates"":[]}"
6170_0,-0.005237008,0.4832776,-0.026745303,2024-05-21,6170,"{""type"":""MultiPoint"",""coordinates"":[]}"
6172_0,0.12207275,0.5441246,0.10633981,2024-05-21,6172,"{""type"":""MultiPoint"",""coordinates"":[]}"
6174_0,0.048705816,0.5973597,-0.0044078752,2024-05-21,6174,"{""type"":""MultiPoint"",""coordinates"":[]}"
6175_0,0.079848535,0.14575411,0.12814914,2024-05-21,6175,"{""type"":""MultiPoint"",""coordinates"":[]}"
6176_0,0.055668015,0.5829384,0.035658915,2024-05-21,6176,"{""type"":""MultiPoint"",""coordinates"":[]}"
6177_0,0.315644,0.82779336,0.2965909,2024-05-21,6177,"{""type"":""MultiPoint"",""coordinates"":[]}"
6179_0,0.091842555,0.4944134,0.14683816,2024-05-21,6179,"{""type"":""MultiPoint"",""coordinates"":[]}"
6180_0,0.2539486,0.8267866,0.23145637,2024-05-21,6180,"{""type"":""MultiPoint"",""coordinates"":[]}"
6181_0,0.06465517,0.1816118,0.03197026,2024-05-21,6181,"{""type"":""MultiPoint"",""coordinates"":[]}"
6182_0,0.16666667,0.7542985,0.15315315,2024-05-21,6182,"{""type"":""MultiPoint"",""coordinates"":[]}"
6183_0,0.26126933,0.6980568,0.2658792,2024-05-21,6183,"{""type"":""MultiPoint"",""coordinates"":[]}"
6184_0,0.14563848,0.66496307,0.13423598,2024-05-21,6184,"{""type"":""MultiPoint"",""coordinates"":[]}"
6185_0,0.16441809,0.7503671,0.11854864,2024-05-21,6185,"{""type"":""MultiPoint"",""coordinates"":[]}"
6186_0,0.13714007,0.51820976,0.13219896,2024-05-21,6186,"{""type"":""MultiPoint"",""coordinates"":[]}"
6187_0,0.15438452,0.5738758,-0.16572078,2024-05-21,6187,"{""type"":""MultiPoint"",""coordinates"":[]}"
6188_0,0.09426796,0.47152847,0.05799964,2024-05-21,6188,"{""type"":""MultiPoint"",""coordinates"":[]}"
6191_0,0.2616879,0.83433205,0.26249394,2024-05-21,6191,"{""type"":""MultiPoint"",""coordinates"":[]}"
6192_0,0.19202957,0.6640589,0.17977162,2024-05-21,6192,"{""type"":""MultiPoint"",""coordinates"":[]}"
6194_0,0.061540667,0.5580986,0.039494935,2024-05-21,6194,"{""type"":""MultiPoint"",""coordinates"":[]}"
6195_0,0.07433628,0.43192488,0.07678729,2024-05-21,6195,"{""type"":""MultiPoint"",""coordinates"":[]}"
6198_0,0.19467765,0.6932849,0.18967167,2024-05-21,6198,"{""type"":""MultiPoint"",""coordinates"":[]}"
6199_0,0.055590652,0.34792405,0.16689886,2024-05-21,6199,"{""type"":""MultiPoint"",""coordinates"":[]}"
6200_0,0.131508,0.016336462,0.16552068,2024-05-21,6200,"{""type"":""MultiPoint"",""coordinates"":[]}"
6201_0,0.09467219,0.62444305,0.06068163,2024-05-21,6201,"{""type"":""MultiPoint"",""coordinates"":[]}"
6203_0,0.11107897,0.39636365,0.11095038,2024-05-21,6203,"{""type"":""MultiPoint"",""coordinates"":[]}"
6204_0,0.15069085,0.42527175,0.032226324,2024-05-21,6204,"{""type"":""MultiPoint"",""coordinates"":[]}"
6205_0,0.21292955,0.6177854,0.2027972,2024-05-21,6205,"{""type"":""MultiPoint"",""coordinates"":[]}"
6206_0,0.37609163,0.9006711,0.38920814,2024-05-21,6206,"{""type"":""MultiPoint"",""coordinates"":[]}"
6208_0,0.022520661,0.18754987,-0.02903752,2024-05-21,6208,"{""type"":""MultiPoint"",""coordinates"":[]}"
6210_0,0.15525423,0.54037267,0.186861,2024-05-21,6210,"{""type"":""MultiPoint"",""coordinates"":[]}"
6211_0,0.26110563,0.7019822,0.24905944,2024-05-21,6211,"{""type"":""MultiPoint"",""coordinates"":[]}"
6212_0,0.175959,0.7027456,0.1715847,2024-05-21,6212,"{""type"":""MultiPoint"",""coordinates"":[]}"
6213_0,0.05934742,0.044101827,0.0012894352,2024-05-21,6213,"{""type"":""MultiPoint"",""coordinates"":[]}"
6214_0,0.10167881,0.37255922,0.10686542,2024-05-21,6214,"{""type"":""MultiPoint"",""coordinates"":[]}"
6215_0,0.30279148,0.7681529,0.32463813,2024-05-21,6215,"{""type"":""MultiPoint"",""coordinates"":[]}"
6216_0,0.032647084,0.0519811,0.015171446,2024-05-21,6216,"{""type"":""MultiPoint"",""coordinates"":[]}"
6217_0,0.04000917,0.28267127,0.031123452,2024-05-21,6217,"{""type"":""MultiPoint"",""coordinates"":[]}"
6218_0,0.2192089,0.716481,0.204475,2024-05-21,6218,"{""type"":""MultiPoint"",""coordinates"":[]}"
6220_0,0.04548959,0.10131712,0.0017279115,2024-05-21,6220,"{""type"":""MultiPoint"",""coordinates"":[]}"
6221_0,0.16234796,0.5979073,0.1488447,2024-05-21,6221,"{""type"":""MultiPoint"",""coordinates"":[]}"
6222_0,0.28902167,0.81306535,0.3091437,2024-05-21,6222,"{""type"":""MultiPoint"",""coordinates"":[]}"
6223_0,0.034906942,0.06251983,0.051424984,2024-05-21,6223,"{""type"":""MultiPoint"",""coordinates"":[]}"
6224_0,0.16411534,0.024922118,0.19826998,2024-05-21,6224,"{""type"":""MultiPoint"",""coordinates"":[]}"
6225_0,0.022730442,0.029126214,0.04262295,2024-05-21,6225,"{""type"":""MultiPoint"",""coordinates"":[]}"
6226_0,0.08200051,0.020739404,0.11198428,2024-05-21,6226,"{""type"":""MultiPoint"",""coordinates"":[]}"
6227_0,0.051680315,0.47304347,0.0044470797,2024-05-21,6227,"{""type"":""MultiPoint"",""coordinates"":[]}"
6228_0,0.2724397,0.7471004,0.25324675,2024-05-21,6228,"{""type"":""MultiPoint"",""coordinates"":[]}"
6229_0,0.016444445,0.3329185,-0.0163031,2024-05-21,6229,"{""type"":""MultiPoint"",""coordinates"":[]}"
6231_0,0.12514427,0.5498155,0.11757858,2024-05-21,6231,"{""type"":""MultiPoint"",""coordinates"":[]}"
6232_0,0.008004199,0.22061856,0.045936394,2024-05-21,6232,"{""type"":""MultiPoint"",""coordinates"":[]}"
6233_0,0.17076369,0.68283486,0.13916299,2024-05-21,6233,"{""type"":""MultiPoint"",""coordinates"":[]}"
6234_0,0.11267801,0.6587284,0.08379729,2024-05-21,6234,"{""type"":""MultiPoint"",""coordinates"":[]}"
6235_0,0.20614405,0.040166926,0.30604225,2024-05-21,6235,"{""type"":""MultiPoint"",""coordinates"":[]}"
6236_0,0.38771594,0.91417426,0.39526066,2024-05-21,6236,"{""type"":""MultiPoint"",""coordinates"":[]}"
6237_0,0.2629919,0.025235405,0.31999758,2024-05-21,6237,"{""type"":""MultiPoint"",""coordinates"":[]}"
6238_0,0.3122572,0.77542716,0.25926995,2024-05-21,6238,"{""type"":""MultiPoint"",""coordinates"":[]}"
6239_0,0.05556406,0.60113424,0.046809826,2024-05-21,6239,"{""type"":""MultiPoint"",""coordinates"":[]}"
6240_0,0.31554085,0.8381102,0.33638653,2024-05-21,6240,"{""type"":""MultiPoint"",""coordinates"":[]}"
6241_0,0.2273859,0.20766981,0.14180365,2024-05-21,6241,"{""type"":""MultiPoint"",""coordinates"":[]}"
6242_0,0.16275936,0.73569024,0.14064445,2024-05-21,6242,"{""type"":""MultiPoint"",""coordinates"":[]}"
6243_0,0.084860176,0.26687434,-0.076981276,2024-05-21,6243,"{""type"":""MultiPoint"",""coordinates"":[]}"
6244_0,0.32932332,0.800222,0.2903739,2024-05-21,6244,"{""type"":""MultiPoint"",""coordinates"":[]}"
6245_0,0.17925464,0.6012696,0.1644547,2024-05-21,6245,"{""type"":""MultiPoint"",""coordinates"":[]}"
6246_0,0.027305657,0.50022274,-0.017932644,2024-05-21,6246,"{""type"":""MultiPoint"",""coordinates"":[]}"
6247_0,0.11255236,0.38181818,0.101750545,2024-05-21,6247,"{""type"":""MultiPoint"",""coordinates"":[]}"
6248_0,0.23022719,0.7755682,0.22428991,2024-05-21,6248,"{""type"":""MultiPoint"",""coordinates"":[]}"
6249_0,0.28227758,0.7795207,0.2366389,2024-05-21,6249,"{""type"":""MultiPoint"",""coordinates"":[]}"
6250_0,0.30952722,0.79777205,0.26901558,2024-05-21,6250,"{""type"":""MultiPoint"",""coordinates"":[]}"
6251_0,0.13795675,0.33501258,0.15804806,2024-05-21,6251,"{""type"":""MultiPoint"",""coordinates"":[]}"
6252_0,0.29646742,0.86632824,0.3030124,2024-05-21,6252,"{""type"":""MultiPoint"",""coordinates"":[]}"
6253_0,0.2211001,0.559956,0.1762754,2024-05-21,6253,"{""type"":""MultiPoint"",""coordinates"":[]}"
6254_0,0.07085596,0.29935485,0.057079125,2024-05-21,6254,"{""type"":""MultiPoint"",""coordinates"":[]}"
6255_0,0.3168579,0.7817792,0.28311208,2024-05-21,6255,"{""type"":""MultiPoint"",""coordinates"":[]}"
6256_0,0.18818453,0.8231558,0.20815799,2024-05-21,6256,"{""type"":""MultiPoint"",""coordinates"":[]}"
6257_0,0.295848,0.8551237,0.29270545,2024-05-21,6257,"{""type"":""MultiPoint"",""coordinates"":[]}"
6258_0,0.284153,0.7129757,0.25306055,2024-05-21,6258,"{""type"":""MultiPoint"",""coordinates"":[]}"
6260_0,0.25591928,0.74028987,0.2484924,2024-05-21,6260,"{""type"":""MultiPoint"",""coordinates"":[]}"
6261_0,0.0522747,0.093937375,0.044363175,2024-05-21,6261,"{""type"":""MultiPoint"",""coordinates"":[]}"
6262_0,0.10030628,0.59593546,0.06374502,2024-05-21,6262,"{""type"":""MultiPoint"",""coordinates"":[]}"
6263_0,0.13893291,0.7218001,0.092932664,2024-05-21,6263,"{""type"":""MultiPoint"",""coordinates"":[]}"
6264_0,0.088748716,0.42269737,0.053914104,2024-05-21,6264,"{""type"":""MultiPoint"",""coordinates"":[]}"
6265_0,0.15863737,0.6309985,0.13456355,2024-05-21,6265,"{""type"":""MultiPoint"",""coordinates"":[]}"
6266_0,0.21938542,0.7839222,0.15421566,2024-05-21,6266,"{""type"":""MultiPoint"",""coordinates"":[]}"
6267_0,0.11293713,0.5642983,0.06880642,2024-05-21,6267,"{""type"":""MultiPoint"",""coordinates"":[]}"
6268_0,0.29535744,0.86772275,0.31182197,2024-05-21,6268,"{""type"":""MultiPoint"",""coordinates"":[]}"
6269_0,0.27057394,0.8049129,0.2234077,2024-05-21,6269,"{""type"":""MultiPoint"",""coordinates"":[]}"
6270_0,0.21428572,0.7493237,0.19018404,2024-05-21,6270,"{""type"":""MultiPoint"",""coordinates"":[]}"
6271_0,0.10791066,0.6060209,0.06904814,2024-05-21,6271,"{""type"":""MultiPoint"",""coordinates"":[]}"
6272_0,0.3129515,0.84136623,0.29128408,2024-05-21,6272,"{""type"":""MultiPoint"",""coordinates"":[]}"
6273_0,0.1618952,0.6845409,0.12528394,2024-05-21,6273,"{""type"":""MultiPoint"",""coordinates"":[]}"
6274_0,0.036572978,0.60145116,0.041280538,2024-05-21,6274,"{""type"":""MultiPoint"",""coordinates"":[]}"
6275_0,0.31662664,0.8923148,0.2872124,2024-05-21,6275,"{""type"":""MultiPoint"",""coordinates"":[]}"
6276_0,0.024709497,0.57999206,0.043113615,2024-05-21,6276,"{""type"":""MultiPoint"",""coordinates"":[]}"
6279_0,0.15235008,0.72639227,0.15372169,2024-05-21,6279,"{""type"":""MultiPoint"",""coordinates"":[]}"
6280_0,0.15283418,0.7000498,0.13355482,2024-05-21,6280,"{""type"":""MultiPoint"",""coordinates"":[]}"
6281_0,-0.034756996,0.5158108,-0.07942849,2024-05-21,6281,"{""type"":""MultiPoint"",""coordinates"":[]}"
6282_0,0.2193129,0.6722689,0.20469163,2024-05-21,6282,"{""type"":""MultiPoint"",""coordinates"":[]}"
6283_0,0.31231028,0.83646524,0.27886826,2024-05-21,6283,"{""type"":""MultiPoint"",""coordinates"":[]}"
6284_0,0.095212184,0.6893023,0.043978155,2024-05-21,6284,"{""type"":""MultiPoint"",""coordinates"":[]}"
6286_0,0.20926386,0.787555,0.195963,2024-05-21,6286,"{""type"":""MultiPoint"",""coordinates"":[]}"
6288_0,0.297404,0.798266,0.29515687,2024-05-21,6288,"{""type"":""MultiPoint"",""coordinates"":[]}"
6290_0,0.26788035,0.843676,0.2669271,2024-05-21,6290,"{""type"":""MultiPoint"",""coordinates"":[]}"
6291_0,0.39087865,0.9056634,0.43741074,2024-05-21,6291,"{""type"":""MultiPoint"",""coordinates"":[]}"
6292_0,0.1869385,0.6522634,0.1543576,2024-05-21,6292,"{""type"":""MultiPoint"",""coordinates"":[]}"
6294_0,0.2760994,0.714436,0.26528236,2024-05-21,6294,"{""type"":""MultiPoint"",""coordinates"":[]}"
6296_0,0.08132483,0.53745925,0.055928413,2024-05-21,6296,"{""type"":""MultiPoint"",""coordinates"":[]}"
6298_0,0.04107981,0.4661588,0.01029679,2024-05-21,6298,"{""type"":""MultiPoint"",""coordinates"":[]}"
6299_0,0.18164755,0.6818458,0.17075233,2024-05-21,6299,"{""type"":""MultiPoint"",""coordinates"":[]}"
6300_0,0.17761299,0.66257834,0.13403979,2024-05-21,6300,"{""type"":""MultiPoint"",""coordinates"":[]}"
6301_0,0.11660038,0.5606776,0.14227642,2024-05-21,6301,"{""type"":""MultiPoint"",""coordinates"":[]}"
6302_0,0.14098974,0.59511924,0.11128284,2024-05-21,6302,"{""type"":""MultiPoint"",""coordinates"":[]}"
6303_0,0.15588892,0.6513761,0.14532019,2024-05-21,6303,"{""type"":""MultiPoint"",""coordinates"":[]}"
6305_0,-0.04506999,0.46083418,-0.08374541,2024-05-21,6305,"{""type"":""MultiPoint"",""coordinates"":[]}"
6307_0,0.19583428,0.7698519,0.1938266,2024-05-21,6307,"{""type"":""MultiPoint"",""coordinates"":[]}"
6308_0,0.26837865,0.74884385,0.2569675,2024-05-21,6308,"{""type"":""MultiPoint"",""coordinates"":[]}"
6309_0,0.19161426,0.67049366,0.20297644,2024-05-21,6309,"{""type"":""MultiPoint"",""coordinates"":[]}"
6310_0,0.13292286,0.5349301,0.12468007,2024-05-21,6310,"{""type"":""MultiPoint"",""coordinates"":[]}"
6311_0,0.029233463,0.5965368,0.011658208,2024-05-21,6311,"{""type"":""MultiPoint"",""coordinates"":[]}"
6312_0,0.32796133,0.7883921,0.31751227,2024-05-21,6312,"{""type"":""MultiPoint"",""coordinates"":[]}"
6313_0,0.19809885,0.69188595,0.18806545,2024-05-21,6313,"{""type"":""MultiPoint"",""coordinates"":[]}"
6314_0,0.13920566,0.5635376,0.08390877,2024-05-21,6314,"{""type"":""MultiPoint"",""coordinates"":[]}"
6315_0,-0.030293418,0.40254653,-0.06282722,2024-05-21,6315,"{""type"":""MultiPoint"",""coordinates"":[]}"
6317_0,0.30653265,0.75368524,0.28100035,2024-05-21,6317,"{""type"":""MultiPoint"",""coordinates"":[]}"
6318_0,0.098519,0.58212876,0.06832298,2024-05-21,6318,"{""type"":""MultiPoint"",""coordinates"":[]}"
6319_0,0.08703438,0.50595546,0.06578706,2024-05-21,6319,"{""type"":""MultiPoint"",""coordinates"":[]}"
6320_0,0.088813305,0.571899,0.08587678,2024-05-21,6320,"{""type"":""MultiPoint"",""coordinates"":[]}"
6321_0,0.09914408,0.6862745,0.101387404,2024-05-21,6321,"{""type"":""MultiPoint"",""coordinates"":[]}"
6322_0,0.09222759,0.5759977,0.06564593,2024-05-21,6322,"{""type"":""MultiPoint"",""coordinates"":[]}"
6323_0,0.15146443,0.71583956,0.108963095,2024-05-21,6323,"{""type"":""MultiPoint"",""coordinates"":[]}"
6324_0,0.25225225,0.62406015,0.32244897,2024-05-21,6324,"{""type"":""MultiPoint"",""coordinates"":[]}"
6325_0,-0.011838006,0.45227817,-0.035054173,2024-05-21,6325,"{""type"":""MultiPoint"",""coordinates"":[]}"
6326_0,0.06917416,0.5400203,0.032959566,2024-05-21,6326,"{""type"":""MultiPoint"",""coordinates"":[]}"
6327_0,0.1782568,0.618904,0.18994826,2024-05-21,6327,"{""type"":""MultiPoint"",""coordinates"":[]}"
6328_0,0.14078239,0.55592877,0.116144575,2024-05-21,6328,"{""type"":""MultiPoint"",""coordinates"":[]}"
6329_0,0.23550725,0.6692708,0.2060207,2024-05-21,6329,"{""type"":""MultiPoint"",""coordinates"":[]}"
6330_0,0.11785898,0.30221704,0.13127217,2024-05-21,6330,"{""type"":""MultiPoint"",""coordinates"":[]}"
6331_0,-0.016735708,0.48216715,-0.059758205,2024-05-21,6331,"{""type"":""MultiPoint"",""coordinates"":[]}"
6332_0,0.086330935,0.004369748,-0.086797066,2024-05-21,6332,"{""type"":""MultiPoint"",""coordinates"":[]}"
6333_0,0.042271294,0.45013124,-0.014932026,2024-05-21,6333,"{""type"":""MultiPoint"",""coordinates"":[]}"
6334_0,0.09877501,0.47440273,0.0864508,2024-05-21,6334,"{""type"":""MultiPoint"",""coordinates"":[]}"
6335_0,0.06957087,0.21863799,0.085915044,2024-05-21,6335,"{""type"":""MultiPoint"",""coordinates"":[]}"
6336_0,0.052148998,0.34340045,0.18441814,2024-05-21,6336,"{""type"":""MultiPoint"",""coordinates"":[]}"
6337_0,0.10344828,0.003508772,0.11568938,2024-05-21,6337,"{""type"":""MultiPoint"",""coordinates"":[]}"
6338_0,0.30016312,0.8101382,0.26383525,2024-05-21,6338,"{""type"":""MultiPoint"",""coordinates"":[]}"
6339_0,0.27966103,0.7251501,0.25655976,2024-05-21,6339,"{""type"":""MultiPoint"",""coordinates"":[]}"
6953_0,0.07791837,0.22128852,0.114885844,2024-05-21,6953,"{""type"":""MultiPoint"",""coordinates"":[]}"
6954_0,0.11318553,0.5294731,0.048640914,2024-05-21,6954,"{""type"":""MultiPoint"",""coordinates"":[]}"
6955_0,0.10607789,0.6128423,0.10927098,2024-05-21,6955,"{""type"":""MultiPoint"",""coordinates"":[]}"
6956_0,0.07284519,0.18925057,0.12054208,2024-05-21,6956,"{""type"":""MultiPoint"",""coordinates"":[]}"
6957_0,0.14475472,0.6469542,0.13324155,2024-05-21,6957,"{""type"":""MultiPoint"",""coordinates"":[]}"
6958_0,0.20810531,0.79096663,0.21044093,2024-05-21,6958,"{""type"":""MultiPoint"",""coordinates"":[]}"
6959_0,0.26987004,0.8462913,0.26206475,2024-05-21,6959,"{""type"":""MultiPoint"",""coordinates"":[]}"
6960_0,0.11712394,0.6363079,0.066986606,2024-05-21,6960,"{""type"":""MultiPoint"",""coordinates"":[]}"
6961_0,0.33279485,0.87283236,0.3531715,2024-05-21,6961,"{""type"":""MultiPoint"",""coordinates"":[]}"
6962_0,0.32932693,0.8526822,0.29654014,2024-05-21,6962,"{""type"":""MultiPoint"",""coordinates"":[]}"
6963_0,0.27017075,0.80545455,0.2912874,2024-05-21,6963,"{""type"":""MultiPoint"",""coordinates"":[]}"
6964_0,0.2696743,0.71080667,0.30268496,2024-05-21,6964,"{""type"":""MultiPoint"",""coordinates"":[]}"
6965_0,0.2836809,0.72663224,0.2589041,2024-05-21,6965,"{""type"":""MultiPoint"",""coordinates"":[]}"
6966_0,0.16451234,0.6281287,0.12312436,2024-05-21,6966,"{""type"":""MultiPoint"",""coordinates"":[]}"
6967_0,0.29268292,0.6704289,0.22923589,2024-05-21,6967,"{""type"":""MultiPoint"",""coordinates"":[]}"
6968_0,0.15670103,0.71033293,0.16028742,2024-05-21,6968,"{""type"":""MultiPoint"",""coordinates"":[]}"
6969_0,0.06353689,0.6286044,0.031221472,2024-05-21,6969,"{""type"":""MultiPoint"",""coordinates"":[]}"
6970_0,0.24586923,0.66920304,0.2190699,2024-05-21,6970,"{""type"":""MultiPoint"",""coordinates"":[]}"
6971_0,0.09275981,0.5522388,0.07700016,2024-05-21,6971,"{""type"":""MultiPoint"",""coordinates"":[]}"
6972_0,0.273203,0.83358324,0.29916346,2024-05-21,6972,"{""type"":""MultiPoint"",""coordinates"":[]}"
6973_0,0.14438318,0.44688323,0.14068177,2024-05-21,6973,"{""type"":""MultiPoint"",""coordinates"":[]}"
6974_0,0.17207062,0.6582425,0.16198213,2024-05-21,6974,"{""type"":""MultiPoint"",""coordinates"":[]}"
6975_0,0.06642004,0.59505063,0.0106913755,2024-05-21,6975,"{""type"":""MultiPoint"",""coordinates"":[]}"
6976_0,0.18846932,0.6953243,0.1669839,2024-05-21,6976,"{""type"":""MultiPoint"",""coordinates"":[]}"
6977_0,0.13638344,0.6789916,0.14679293,2024-05-21,6977,"{""type"":""MultiPoint"",""coordinates"":[]}"
6978_0,0.3964224,0.8951118,0.39186046,2024-05-21,6978,"{""type"":""MultiPoint"",""coordinates"":[]}"
6979_0,0.06339331,0.22145805,0.12103519,2024-05-21,6979,"{""type"":""MultiPoint"",""coordinates"":[]}"
6980_0,0.15533088,0.5697674,0.27609295,2024-05-21,6980,"{""type"":""MultiPoint"",""coordinates"":[]}"
6981_0,0.29857954,0.8500852,0.27520916,2024-05-21,6981,"{""type"":""MultiPoint"",""coordinates"":[]}"
6982_0,0.020872358,0.42934993,0.0017732915,2024-05-21,6982,"{""type"":""MultiPoint"",""coordinates"":[]}"
6984_0,0.30895942,0.8200451,0.26495728,2024-05-21,6984,"{""type"":""MultiPoint"",""coordinates"":[]}"
6985_0,0.06382291,0.6387853,0.029968191,2024-05-21,6985,"{""type"":""MultiPoint"",""coordinates"":[]}"
6986_0,0.03564786,0.43631437,0.01096805,2024-05-21,6986,"{""type"":""MultiPoint"",""coordinates"":[]}"
6987_0,0.046299424,0.53292125,0.005287275,2024-05-21,6987,"{""type"":""MultiPoint"",""coordinates"":[]}"
6988_0,0.1258796,0.58143765,0.10859512,2024-05-21,6988,"{""type"":""MultiPoint"",""coordinates"":[]}"
6989_0,0.11479826,0.004743424,0.12635204,2024-05-21,6989,"{""type"":""MultiPoint"",""coordinates"":[]}"
6990_0,0.09517775,0.0723192,0.1181174,2024-05-21,6990,"{""type"":""MultiPoint"",""coordinates"":[]}"
6991_0,0.14594874,0.6977759,0.10393296,2024-05-21,6991,"{""type"":""MultiPoint"",""coordinates"":[]}"
6993_0,0.03757172,0.20309868,0.15748541,2024-05-21,6993,"{""type"":""MultiPoint"",""coordinates"":[]}"
6994_0,0.034353822,0.12158809,0.044845123,2024-05-21,6994,"{""type"":""MultiPoint"",""coordinates"":[]}"
6996_0,0.030673182,0.38880485,0.013944498,2024-05-21,6996,"{""type"":""MultiPoint"",""coordinates"":[]}"
6997_0,0.4287671,0.9297012,0.44950494,2024-05-21,6997,"{""type"":""MultiPoint"",""coordinates"":[]}"
6998_0,0.13348344,0.09988649,0.3146782,2024-05-21,6998,"{""type"":""MultiPoint"",""coordinates"":[]}"
7000_0,0.20167334,0.63188976,0.1830182,2024-05-21,7000,"{""type"":""MultiPoint"",""coordinates"":[]}"
7002_0,0.11822717,0.061608076,-0.10948905,2024-05-21,7002,"{""type"":""MultiPoint"",""coordinates"":[]}"
7003_0,0.18895522,0.6770488,0.16566867,2024-05-21,7003,"{""type"":""MultiPoint"",""coordinates"":[]}"
7004_0,0.20729685,0.687993,0.18870544,2024-05-21,7004,"{""type"":""MultiPoint"",""coordinates"":[]}"
7005_0,0.17988719,0.7638153,0.15389377,2024-05-21,7005,"{""type"":""MultiPoint"",""coordinates"":[]}"
7006_0,0.3273959,0.8069959,0.3144099,2024-05-21,7006,"{""type"":""MultiPoint"",""coordinates"":[]}"
7007_0,0.28638345,0.7178909,0.26623484,2024-05-21,7007,"{""type"":""MultiPoint"",""coordinates"":[]}"
7008_0,0.18861681,0.5509934,0.12030615,2024-05-21,7008,"{""type"":""MultiPoint"",""coordinates"":[]}"
7009_0,0.13297872,0.39103234,0.011372251,2024-05-21,7009,"{""type"":""MultiPoint"",""coordinates"":[]}"
7010_0,0.102145374,0.347876,0.25226668,2024-05-21,7010,"{""type"":""MultiPoint"",""coordinates"":[]}"
7011_0,0.054362364,0.022584694,0.040702313,2024-05-21,7011,"{""type"":""MultiPoint"",""coordinates"":[]}"
7012_0,0.0431145,0.047516197,0.045047473,2024-05-21,7012,"{""type"":""MultiPoint"",""coordinates"":[]}"
7014_0,0.11284539,0.560166,0.074994504,2024-05-21,7014,"{""type"":""MultiPoint"",""coordinates"":[]}"
7015_0,0.2285205,0.8069063,0.22474325,2024-05-21,7015,"{""type"":""MultiPoint"",""coordinates"":[]}"
7016_0,0.071915865,0.5287305,0.024936538,2024-05-21,7016,"{""type"":""MultiPoint"",""coordinates"":[]}"
7017_0,0.1446691,-0.007857517,0.13856328,2024-05-21,7017,"{""type"":""MultiPoint"",""coordinates"":[]}"
7018_0,0.16893204,0.6819572,0.12474438,2024-05-21,7018,"{""type"":""MultiPoint"",""coordinates"":[]}"
7019_0,0.16622223,0.65891474,0.15571557,2024-05-21,7019,"{""type"":""MultiPoint"",""coordinates"":[]}"
7020_0,0.15873678,0.03404924,0.13261135,2024-05-21,7020,"{""type"":""MultiPoint"",""coordinates"":[]}"
7021_0,0.10736257,0.7146433,0.098416515,2024-05-21,7021,"{""type"":""MultiPoint"",""coordinates"":[]}"
7022_0,0.031330433,0.113057986,-0.01121097,2024-05-21,7022,"{""type"":""MultiPoint"",""coordinates"":[]}"
7023_0,0.12477396,0.57522124,0.1154047,2024-05-21,7023,"{""type"":""MultiPoint"",""coordinates"":[]}"
7024_0,0.15587918,0.7483119,0.15428263,2024-05-21,7024,"{""type"":""MultiPoint"",""coordinates"":[]}"
7025_0,0.2615989,0.807874,0.30547264,2024-05-21,7025,"{""type"":""MultiPoint"",""coordinates"":[]}"
7026_0,0.22864652,0.79637665,0.19972734,2024-05-21,7026,"{""type"":""MultiPoint"",""coordinates"":[]}"
7027_0,0.24759376,0.75868374,0.25854456,2024-05-21,7027,"{""type"":""MultiPoint"",""coordinates"":[]}"
7028_0,0.27410084,0.8351188,0.2813008,2024-05-21,7028,"{""type"":""MultiPoint"",""coordinates"":[]}"
7029_0,0.19341086,0.7139494,0.166433,2024-05-21,7029,"{""type"":""MultiPoint"",""coordinates"":[]}"
7030_0,0.20213555,0.025641026,0.29673204,2024-05-21,7030,"{""type"":""MultiPoint"",""coordinates"":[]}"
7031_0,0.34827775,0.859265,0.3322129,2024-05-21,7031,"{""type"":""MultiPoint"",""coordinates"":[]}"
7032_0,0.15077251,0.71210384,0.16892597,2024-05-21,7032,"{""type"":""MultiPoint"",""coordinates"":[]}"
7033_0,0.20602219,0.7860016,0.19258663,2024-05-21,7033,"{""type"":""MultiPoint"",""coordinates"":[]}"
7034_0,0.061957955,0.059120767,0.10723719,2024-05-21,7034,"{""type"":""MultiPoint"",""coordinates"":[]}"
7035_0,-0.026288392,0.44936967,-0.050486214,2024-05-21,7035,"{""type"":""MultiPoint"",""coordinates"":[]}"
7036_0,0.22931314,0.6050296,0.20723227,2024-05-21,7036,"{""type"":""MultiPoint"",""coordinates"":[]}"
7037_0,0.24886052,0.74121994,0.3914328,2024-05-21,7037,"{""type"":""MultiPoint"",""coordinates"":[]}"
7038_0,0.12117387,0.07491857,0.17420311,2024-05-21,7038,"{""type"":""MultiPoint"",""coordinates"":[]}"
7039_0,0.17363206,0.6077236,0.24517906,2024-05-21,7039,"{""type"":""MultiPoint"",""coordinates"":[]}"
7040_0,0.110982135,0.030633654,0.1753305,2024-05-21,7040,"{""type"":""MultiPoint"",""coordinates"":[]}"
7041_0,0.29702616,0.7516843,0.29953587,2024-05-21,7041,"{""type"":""MultiPoint"",""coordinates"":[]}"
7042_0,0.12083789,0.6844125,0.11068944,2024-05-21,7042,"{""type"":""MultiPoint"",""coordinates"":[]}"
7043_0,0.09428848,0.46655658,0.20590732,2024-05-21,7043,"{""type"":""MultiPoint"",""coordinates"":[]}"
7044_0,0.014639486,0.3373768,-0.010239866,2024-05-21,7044,"{""type"":""MultiPoint"",""coordinates"":[]}"
7045_0,-0.006644518,0.4746137,-0.062784985,2024-05-21,7045,"{""type"":""MultiPoint"",""coordinates"":[]}"
7046_0,0.18045352,0.67058825,0.17992969,2024-05-21,7046,"{""type"":""MultiPoint"",""coordinates"":[]}"
7047_0,0.12067039,0.59405375,0.082928725,2024-05-21,7047,"{""type"":""MultiPoint"",""coordinates"":[]}"
7048_0,0.043884706,0.4322483,0.013661934,2024-05-21,7048,"{""type"":""MultiPoint"",""coordinates"":[]}"
7049_0,0.31738928,0.8757062,0.28599095,2024-05-21,7049,"{""type"":""MultiPoint"",""coordinates"":[]}"
7050_0,0.27798215,0.7986714,0.2614227,2024-05-21,7050,"{""type"":""MultiPoint"",""coordinates"":[]}"
7051_0,0.10539846,0.07573316,0.0752134,2024-05-21,7051,"{""type"":""MultiPoint"",""coordinates"":[]}"
7052_0,0.35919937,0.8905047,0.3597908,2024-05-21,7052,"{""type"":""MultiPoint"",""coordinates"":[]}"
7053_0,0.019241495,0.5124291,-0.007015032,2024-05-21,7053,"{""type"":""MultiPoint"",""coordinates"":[]}"
7054_0,0.29171973,0.8363274,0.24661246,2024-05-21,7054,"{""type"":""MultiPoint"",""coordinates"":[]}"
7055_0,0.048502415,0.17291312,0.055981595,2024-05-21,7055,"{""type"":""MultiPoint"",""coordinates"":[]}"
7056_0,0.22577472,0.7768898,0.25789723,2024-05-21,7056,"{""type"":""MultiPoint"",""coordinates"":[]}"
7057_0,0.22266181,0.7478833,0.20414777,2024-05-21,7057,"{""type"":""MultiPoint"",""coordinates"":[]}"
7058_0,0.13931085,0.6507766,0.14042553,2024-05-21,7058,"{""type"":""MultiPoint"",""coordinates"":[]}"
7059_0,0.20033777,0.6932135,0.18115002,2024-05-21,7059,"{""type"":""MultiPoint"",""coordinates"":[]}"
7060_0,0.055900622,0.23325635,0.08713355,2024-05-21,7060,"{""type"":""MultiPoint"",""coordinates"":[]}"
7061_0,0.26467848,0.8106026,0.2560113,2024-05-21,7061,"{""type"":""MultiPoint"",""coordinates"":[]}"
7062_0,0.39600295,0.9132275,0.37804878,2024-05-21,7062,"{""type"":""MultiPoint"",""coordinates"":[]}"
7063_0,0.3669341,0.8946259,0.32914433,2024-05-21,7063,"{""type"":""MultiPoint"",""coordinates"":[]}"
7064_0,0.17671213,0.6828577,0.22661524,2024-05-21,7064,"{""type"":""MultiPoint"",""coordinates"":[]}"
7065_0,0.15837675,0.6732394,0.14432493,2024-05-21,7065,"{""type"":""MultiPoint"",""coordinates"":[]}"
7066_0,0.30484772,0.85215116,0.27050382,2024-05-21,7066,"{""type"":""MultiPoint"",""coordinates"":[]}"
7067_0,0.1799878,0.63973063,0.18347509,2024-05-21,7067,"{""type"":""MultiPoint"",""coordinates"":[]}"
7068_0,0.053877473,0.21890548,0.08127988,2024-05-21,7068,"{""type"":""MultiPoint"",""coordinates"":[]}"
7069_0,0.1820171,0.68587023,0.1497105,2024-05-21,7069,"{""type"":""MultiPoint"",""coordinates"":[]}"
7070_0,0.27928793,0.7578797,0.24190283,2024-05-21,7070,"{""type"":""MultiPoint"",""coordinates"":[]}"
7071_0,0.1435097,0.57733446,0.0960225,2024-05-21,7071,"{""type"":""MultiPoint"",""coordinates"":[]}"
7072_0,0.28094575,0.7780879,0.24323006,2024-05-21,7072,"{""type"":""MultiPoint"",""coordinates"":[]}"
7073_0,0.005675369,0.49505466,-0.032670934,2024-05-21,7073,"{""type"":""MultiPoint"",""coordinates"":[]}"
7074_0,0.02772377,0.11605239,0.040983025,2024-05-21,7074,"{""type"":""MultiPoint"",""coordinates"":[]}"
7075_0,0.046991527,0.117254525,0.033130094,2024-05-21,7075,"{""type"":""MultiPoint"",""coordinates"":[]}"
7080_0,0.15535098,0.65998256,0.12930012,2024-05-21,7080,"{""type"":""MultiPoint"",""coordinates"":[]}"
7081_0,0.330471,0.8773532,0.31026408,2024-05-21,7081,"{""type"":""MultiPoint"",""coordinates"":[]}"
7082_0,0.09756437,0.42894223,0.15197489,2024-05-21,7082,"{""type"":""MultiPoint"",""coordinates"":[]}"
7083_0,0.28579116,0.7782823,0.27821594,2024-05-21,7083,"{""type"":""MultiPoint"",""coordinates"":[]}"
7085_0,0.3296211,0.84508026,0.31264737,2024-05-21,7085,"{""type"":""MultiPoint"",""coordinates"":[]}"
7086_0,0.15943426,0.69863015,0.14079185,2024-05-21,7086,"{""type"":""MultiPoint"",""coordinates"":[]}"
7087_0,0.27890268,0.7491254,0.22634898,2024-05-21,7087,"{""type"":""MultiPoint"",""coordinates"":[]}"
7088_0,0.24811639,0.7508786,0.21550556,2024-05-21,7088,"{""type"":""MultiPoint"",""coordinates"":[]}"
7089_0,0.23381864,0.7634195,0.23796232,2024-05-21,7089,"{""type"":""MultiPoint"",""coordinates"":[]}"
7090_0,0.32201064,0.87905174,0.32559726,2024-05-21,7090,"{""type"":""MultiPoint"",""coordinates"":[]}"
7092_0,0.13595022,0.6832022,0.15357561,2024-05-21,7092,"{""type"":""MultiPoint"",""coordinates"":[]}"
7093_0,0.2920354,0.80259883,0.31983805,2024-05-21,7093,"{""type"":""MultiPoint"",""coordinates"":[]}"
7094_0,-0.16760272,0.36864406,-0.2090603,2024-05-21,7094,"{""type"":""MultiPoint"",""coordinates"":[]}"
7096_0,0.10604559,0.4528395,0.13219164,2024-05-21,7096,"{""type"":""MultiPoint"",""coordinates"":[]}"
7098_0,0.31283423,0.76489127,0.28972822,2024-05-21,7098,"{""type"":""MultiPoint"",""coordinates"":[]}"
7099_0,0.12634294,0.49537322,0.087727174,2024-05-21,7099,"{""type"":""MultiPoint"",""coordinates"":[]}"
7100_0,0.19824646,0.63323355,0.14002089,2024-05-21,7100,"{""type"":""MultiPoint"",""coordinates"":[]}"
7101_0,-0.11658354,0.44467005,-0.11449907,2024-05-21,7101,"{""type"":""MultiPoint"",""coordinates"":[]}"
7102_0,0.2482639,0.73634654,0.22987995,2024-05-21,7102,"{""type"":""MultiPoint"",""coordinates"":[]}"
7104_0,0.26349208,0.7096774,0.2356817,2024-05-21,7104,"{""type"":""MultiPoint"",""coordinates"":[]}"
7105_0,0.247151,0.7697228,0.22193596,2024-05-21,7105,"{""type"":""MultiPoint"",""coordinates"":[]}"
7106_0,0.19313467,0.6450216,0.1739718,2024-05-21,7106,"{""type"":""MultiPoint"",""coordinates"":[]}"
7107_0,0.05505042,0.574521,0.050813682,2024-05-21,7107,"{""type"":""MultiPoint"",""coordinates"":[]}"
7108_0,0.21670106,0.73158425,0.16358705,2024-05-21,7108,"{""type"":""MultiPoint"",""coordinates"":[]}"
7109_0,0.2876127,0.7790966,0.2850679,2024-05-21,7109,"{""type"":""MultiPoint"",""coordinates"":[]}"
7110_0,0.19121966,0.6899642,0.1809643,2024-05-21,7110,"{""type"":""MultiPoint"",""coordinates"":[]}"
7111_0,0.035056017,0.5752413,0.0191036,2024-05-21,7111,"{""type"":""MultiPoint"",""coordinates"":[]}"
7112_0,0.20974955,0.70182294,0.19333485,2024-05-21,7112,"{""type"":""MultiPoint"",""coordinates"":[]}"
7113_0,0.15881792,0.47723934,0.15543644,2024-05-21,7113,"{""type"":""MultiPoint"",""coordinates"":[]}"
7114_0,0.089911036,0.4994872,0.0975976,2024-05-21,7114,"{""type"":""MultiPoint"",""coordinates"":[]}"
7115_0,0.19789772,0.65970904,0.1388889,2024-05-21,7115,"{""type"":""MultiPoint"",""coordinates"":[]}"
7116_0,0.4,0.8151071,0.37931034,2024-05-21,7116,"{""type"":""MultiPoint"",""coordinates"":[]}"
7117_0,0.25574446,0.79591835,0.27721336,2024-05-21,7117,"{""type"":""MultiPoint"",""coordinates"":[]}"
7118_0,0.13255613,0.6318608,0.09646953,2024-05-21,7118,"{""type"":""MultiPoint"",""coordinates"":[]}"
7119_0,0.042138483,0.49971247,0.00539707,2024-05-21,7119,"{""type"":""MultiPoint"",""coordinates"":[]}"
7120_0,0.35332254,0.86502093,0.32353774,2024-05-21,7120,"{""type"":""MultiPoint"",""coordinates"":[]}"
7121_0,0.24768645,0.7318757,0.18433996,2024-05-21,7121,"{""type"":""MultiPoint"",""coordinates"":[]}"
7122_0,0.11998534,0.6701389,0.09152799,2024-05-21,7122,"{""type"":""MultiPoint"",""coordinates"":[]}"
7123_0,0.028409092,0.4262081,0.004137931,2024-05-21,7123,"{""type"":""MultiPoint"",""coordinates"":[]}"
7124_0,0.2712305,0.7421899,0.26130873,2024-05-21,7124,"{""type"":""MultiPoint"",""coordinates"":[]}"
7125_0,0.13795543,0.5834197,0.11268888,2024-05-21,7125,"{""type"":""MultiPoint"",""coordinates"":[]}"
7126_0,0.04150126,0.22634731,0.0726257,2024-05-21,7126,"{""type"":""MultiPoint"",""coordinates"":[]}"
7127_0,0.21359068,0.6915974,0.19562735,2024-05-21,7127,"{""type"":""MultiPoint"",""coordinates"":[]}"
7128_0,-0.0023730423,0.52505445,-0.061662197,2024-05-21,7128,"{""type"":""MultiPoint"",""coordinates"":[]}"
7129_0,0.03864108,0.5783872,0.019701177,2024-05-21,7129,"{""type"":""MultiPoint"",""coordinates"":[]}"
7130_0,0.13351877,0.33899745,0.116938345,2024-05-21,7130,"{""type"":""MultiPoint"",""coordinates"":[]}"
7131_0,0.022533022,0.49882463,0.006789831,2024-05-21,7131,"{""type"":""MultiPoint"",""coordinates"":[]}"
7132_0,0.12629177,0.60723513,0.06826964,2024-05-21,7132,"{""type"":""MultiPoint"",""coordinates"":[]}"
7133_0,0.20437019,0.70255136,0.19137819,2024-05-21,7133,"{""type"":""MultiPoint"",""coordinates"":[]}"
7134_0,0.28727272,0.61078995,0.26093516,2024-05-21,7134,"{""type"":""MultiPoint"",""coordinates"":[]}"
7135_0,0.11673375,0.62165177,0.11554702,2024-05-21,7135,"{""type"":""MultiPoint"",""coordinates"":[]}"
7136_0,0.33599418,0.7841301,0.32844037,2024-05-21,7136,"{""type"":""MultiPoint"",""coordinates"":[]}"
7137_0,0.18785496,0.6973255,0.16655459,2024-05-21,7137,"{""type"":""MultiPoint"",""coordinates"":[]}"
7748_0,0.08426524,0.53513515,0.035980765,2024-05-21,7748,"{""type"":""MultiPoint"",""coordinates"":[]}"
7750_0,0.35021618,0.8889783,0.38117647,2024-05-21,7750,"{""type"":""MultiPoint"",""coordinates"":[]}"
7751_0,0.20126253,0.7296037,0.15960148,2024-05-21,7751,"{""type"":""MultiPoint"",""coordinates"":[]}"
7752_0,0.33342117,0.8791946,0.331572,2024-05-21,7752,"{""type"":""MultiPoint"",""coordinates"":[]}"
7753_0,0.30293766,0.863138,0.30543047,2024-05-21,7753,"{""type"":""MultiPoint"",""coordinates"":[]}"
7754_0,0.07122983,0.35461268,0.020827223,2024-05-21,7754,"{""type"":""MultiPoint"",""coordinates"":[]}"
7755_0,0.17743477,0.7728626,0.1611645,2024-05-21,7755,"{""type"":""MultiPoint"",""coordinates"":[]}"
7756_0,0.14476678,0.65174127,0.1397511,2024-05-21,7756,"{""type"":""MultiPoint"",""coordinates"":[]}"
7757_0,0.072634175,0.25777543,-0.012212792,2024-05-21,7757,"{""type"":""MultiPoint"",""coordinates"":[]}"
7758_0,0.21711437,0.7690531,0.23831335,2024-05-21,7758,"{""type"":""MultiPoint"",""coordinates"":[]}"
7763_0,0.14121196,0.046511628,0.10154905,2024-05-21,7763,"{""type"":""MultiPoint"",""coordinates"":[]}"
7764_0,0.13522013,0.81227803,0.18141226,2024-05-21,7764,"{""type"":""MultiPoint"",""coordinates"":[]}"
7765_0,0.1860882,0.687974,0.1570739,2024-05-21,7765,"{""type"":""MultiPoint"",""coordinates"":[]}"
7766_0,0.1531108,0.7765363,0.17091133,2024-05-21,7766,"{""type"":""MultiPoint"",""coordinates"":[]}"
7767_0,0.2451481,0.60707635,0.21785147,2024-05-21,7767,"{""type"":""MultiPoint"",""coordinates"":[]}"
7769_0,0.07898773,0.59827524,0.104955904,2024-05-21,7769,"{""type"":""MultiPoint"",""coordinates"":[]}"
7770_0,0.022513537,0.42944518,-0.023575053,2024-05-21,7770,"{""type"":""MultiPoint"",""coordinates"":[]}"
7771_0,0.15691938,0.6255956,0.15376253,2024-05-21,7771,"{""type"":""MultiPoint"",""coordinates"":[]}"
7772_0,0.16013135,0.64551175,0.13935076,2024-05-21,7772,"{""type"":""MultiPoint"",""coordinates"":[]}"
7773_0,0.3408733,0.8556869,0.32827547,2024-05-21,7773,"{""type"":""MultiPoint"",""coordinates"":[]}"
7774_0,0.14535631,0.7159834,0.13195714,2024-05-21,7774,"{""type"":""MultiPoint"",""coordinates"":[]}"
7775_0,0.13078122,0.5932873,0.12532683,2024-05-21,7775,"{""type"":""MultiPoint"",""coordinates"":[]}"
7776_0,0.25194994,0.70672315,0.21982595,2024-05-21,7776,"{""type"":""MultiPoint"",""coordinates"":[]}"
7777_0,0.192443,0.7845918,0.2007737,2024-05-21,7777,"{""type"":""MultiPoint"",""coordinates"":[]}"
7778_0,0.07857829,0.078326516,0.17679368,2024-05-21,7778,"{""type"":""MultiPoint"",""coordinates"":[]}"
7779_0,0.21141411,0.67040265,0.17850344,2024-05-21,7779,"{""type"":""MultiPoint"",""coordinates"":[]}"
7780_0,0.17535453,0.16588084,0.12676056,2024-05-21,7780,"{""type"":""MultiPoint"",""coordinates"":[]}"
7781_0,0.13512099,0.66108614,0.10333604,2024-05-21,7781,"{""type"":""MultiPoint"",""coordinates"":[]}"
7783_0,0.022865854,0.097345136,0.030990174,2024-05-21,7783,"{""type"":""MultiPoint"",""coordinates"":[]}"
7784_0,0.084632516,0.60854095,0.04750869,2024-05-21,7784,"{""type"":""MultiPoint"",""coordinates"":[]}"
7785_0,0.067315735,0.01789639,0.02798256,2024-05-21,7785,"{""type"":""MultiPoint"",""coordinates"":[]}"
7786_0,0.10138805,0.6883365,0.085099846,2024-05-21,7786,"{""type"":""MultiPoint"",""coordinates"":[]}"
7788_0,0.17703497,0.6307555,0.1568099,2024-05-21,7788,"{""type"":""MultiPoint"",""coordinates"":[]}"
7789_0,0.12913407,0.54618984,0.067450404,2024-05-21,7789,"{""type"":""MultiPoint"",""coordinates"":[]}"
7791_0,0.09565494,0.6443784,0.07774712,2024-05-21,7791,"{""type"":""MultiPoint"",""coordinates"":[]}"
7792_0,0.017601231,0.164327,0.049595237,2024-05-21,7792,"{""type"":""MultiPoint"",""coordinates"":[]}"
7793_0,0.06696318,0.59633726,0.05125628,2024-05-21,7793,"{""type"":""MultiPoint"",""coordinates"":[]}"
7794_0,0.2229978,0.69496775,0.21652158,2024-05-21,7794,"{""type"":""MultiPoint"",""coordinates"":[]}"
7795_0,0.30941704,0.6198704,0.23762377,2024-05-21,7795,"{""type"":""MultiPoint"",""coordinates"":[]}"
7796_0,0.053307224,0.2802139,0.047817048,2024-05-21,7796,"{""type"":""MultiPoint"",""coordinates"":[]}"
7797_0,0.109749876,0.29901424,0.15257531,2024-05-21,7797,"{""type"":""MultiPoint"",""coordinates"":[]}"
7798_0,0.135839,0.60273975,0.12364946,2024-05-21,7798,"{""type"":""MultiPoint"",""coordinates"":[]}"
7799_0,0.23624812,0.69664186,0.244709,2024-05-21,7799,"{""type"":""MultiPoint"",""coordinates"":[]}"
7801_0,0.30502743,0.8157454,0.29062983,2024-05-21,7801,"{""type"":""MultiPoint"",""coordinates"":[]}"
7802_0,0.31378207,0.8036176,0.32343182,2024-05-21,7802,"{""type"":""MultiPoint"",""coordinates"":[]}"
7803_0,0.3461429,0.8847239,0.34117308,2024-05-21,7803,"{""type"":""MultiPoint"",""coordinates"":[]}"
7804_0,0.17571512,0.5787037,0.18334298,2024-05-21,7804,"{""type"":""MultiPoint"",""coordinates"":[]}"
7806_0,0.2865106,0.53072625,0.2626728,2024-05-21,7806,"{""type"":""MultiPoint"",""coordinates"":[]}"
7807_0,0.116560705,0.07345038,0.013189043,2024-05-21,7807,"{""type"":""MultiPoint"",""coordinates"":[]}"
7808_0,0.08278867,0.15087435,0.056758776,2024-05-21,7808,"{""type"":""MultiPoint"",""coordinates"":[]}"
7809_0,0.12066667,0.6520854,0.10363574,2024-05-21,7809,"{""type"":""MultiPoint"",""coordinates"":[]}"
7810_0,0.012616202,0.09507883,0.013598673,2024-05-21,7810,"{""type"":""MultiPoint"",""coordinates"":[]}"
7811_0,0.08912406,0.5157735,0.055026457,2024-05-21,7811,"{""type"":""MultiPoint"",""coordinates"":[]}"
7812_0,0.07865915,0.5997891,0.044406198,2024-05-21,7812,"{""type"":""MultiPoint"",""coordinates"":[]}"
7813_0,0.108566195,0.3857791,0.11317029,2024-05-21,7813,"{""type"":""MultiPoint"",""coordinates"":[]}"
7814_0,0.23941469,0.83100593,0.22579622,2024-05-21,7814,"{""type"":""MultiPoint"",""coordinates"":[]}"
7815_0,0.26973686,0.83164984,0.24059293,2024-05-21,7815,"{""type"":""MultiPoint"",""coordinates"":[]}"
7816_0,0.14581348,0.63364404,0.091383055,2024-05-21,7816,"{""type"":""MultiPoint"",""coordinates"":[]}"
7817_0,0.15640767,0.4620253,0.19148937,2024-05-21,7817,"{""type"":""MultiPoint"",""coordinates"":[]}"
7818_0,0.27823693,0.7627119,0.2894227,2024-05-21,7818,"{""type"":""MultiPoint"",""coordinates"":[]}"
7819_0,-0.0058354405,0.11435726,0.016078394,2024-05-21,7819,"{""type"":""MultiPoint"",""coordinates"":[]}"
7820_0,0.085365854,0.039569728,0.029680366,2024-05-21,7820,"{""type"":""MultiPoint"",""coordinates"":[]}"
7821_0,0.07859734,0.41281876,0.036662452,2024-05-21,7821,"{""type"":""MultiPoint"",""coordinates"":[]}"
7822_0,0.05256555,0.5253456,0.02529685,2024-05-21,7822,"{""type"":""MultiPoint"",""coordinates"":[]}"
7823_0,0.23263225,0.66119236,0.2104918,2024-05-21,7823,"{""type"":""MultiPoint"",""coordinates"":[]}"
7824_0,0.061874893,0.6021948,0.026903464,2024-05-21,7824,"{""type"":""MultiPoint"",""coordinates"":[]}"
7825_0,0.09619084,0.5598278,0.07282416,2024-05-21,7825,"{""type"":""MultiPoint"",""coordinates"":[]}"
7826_0,0.13469042,0.09263658,0.11602114,2024-05-21,7826,"{""type"":""MultiPoint"",""coordinates"":[]}"
7827_0,0.19752754,0.7776016,0.20053548,2024-05-21,7827,"{""type"":""MultiPoint"",""coordinates"":[]}"
7828_0,0.13511057,0.7085427,0.13419257,2024-05-21,7828,"{""type"":""MultiPoint"",""coordinates"":[]}"
7829_0,0.10523932,0.67624664,0.070431374,2024-05-21,7829,"{""type"":""MultiPoint"",""coordinates"":[]}"
7830_0,0.32550827,0.82992595,0.31488183,2024-05-21,7830,"{""type"":""MultiPoint"",""coordinates"":[]}"
7831_0,0.17950517,0.41271624,0.45791793,2024-05-21,7831,"{""type"":""MultiPoint"",""coordinates"":[]}"
7832_0,0.0641574,0.5313184,0.031572737,2024-05-21,7832,"{""type"":""MultiPoint"",""coordinates"":[]}"
7833_0,0.09290517,0.46025988,0.1876613,2024-05-21,7833,"{""type"":""MultiPoint"",""coordinates"":[]}"
7834_0,0.21140257,0.116809115,0.087077096,2024-05-21,7834,"{""type"":""MultiPoint"",""coordinates"":[]}"
7835_0,0.10685746,0.13832854,-0.0069138906,2024-05-21,7835,"{""type"":""MultiPoint"",""coordinates"":[]}"
7836_0,0.072222225,0.5386773,0.04541124,2024-05-21,7836,"{""type"":""MultiPoint"",""coordinates"":[]}"
7837_0,0.24734043,0.8289242,0.23913369,2024-05-21,7837,"{""type"":""MultiPoint"",""coordinates"":[]}"
7838_0,0.1516623,0.41794312,0.066008635,2024-05-21,7838,"{""type"":""MultiPoint"",""coordinates"":[]}"
7839_0,0.19236736,0.7739446,0.20043004,2024-05-21,7839,"{""type"":""MultiPoint"",""coordinates"":[]}"
7840_0,0.09019608,0.63366336,0.084812626,2024-05-21,7840,"{""type"":""MultiPoint"",""coordinates"":[]}"
7841_0,0.06650267,0.09197531,0.108395986,2024-05-21,7841,"{""type"":""MultiPoint"",""coordinates"":[]}"
7842_0,0.3120635,0.8481848,0.2879908,2024-05-21,7842,"{""type"":""MultiPoint"",""coordinates"":[]}"
7843_0,0.36770335,0.88243526,0.3411442,2024-05-21,7843,"{""type"":""MultiPoint"",""coordinates"":[]}"
7844_0,0.32860592,0.86968595,0.32585973,2024-05-21,7844,"{""type"":""MultiPoint"",""coordinates"":[]}"
7845_0,0.33557734,0.8063439,0.31191272,2024-05-21,7845,"{""type"":""MultiPoint"",""coordinates"":[]}"
7847_0,-0.026305458,0.19612591,-0.13899782,2024-05-21,7847,"{""type"":""MultiPoint"",""coordinates"":[]}"
7848_0,0.3395797,0.81455487,0.3313457,2024-05-21,7848,"{""type"":""MultiPoint"",""coordinates"":[]}"
7849_0,0.20504437,0.65325075,-0.030266345,2024-05-21,7849,"{""type"":""MultiPoint"",""coordinates"":[]}"
7850_0,0.051800117,0.12834592,0.07118423,2024-05-21,7850,"{""type"":""MultiPoint"",""coordinates"":[]}"
7851_0,0.046406955,0.5483871,0.015384615,2024-05-21,7851,"{""type"":""MultiPoint"",""coordinates"":[]}"
7852_0,0.07989617,0.24402516,0.10719284,2024-05-21,7852,"{""type"":""MultiPoint"",""coordinates"":[]}"
7853_0,0.40762755,0.89605737,0.40458015,2024-05-21,7853,"{""type"":""MultiPoint"",""coordinates"":[]}"
7854_0,0.24269493,0.7827648,0.22725166,2024-05-21,7854,"{""type"":""MultiPoint"",""coordinates"":[]}"
7855_0,0.077442646,0.31090614,0.099056065,2024-05-21,7855,"{""type"":""MultiPoint"",""coordinates"":[]}"
7856_0,0.06422879,0.21460006,0.08060802,2024-05-21,7856,"{""type"":""MultiPoint"",""coordinates"":[]}"
7857_0,0.19598742,0.7528958,0.2567474,2024-05-21,7857,"{""type"":""MultiPoint"",""coordinates"":[]}"
7858_0,0.29851872,0.7436946,0.29355246,2024-05-21,7858,"{""type"":""MultiPoint"",""coordinates"":[]}"
7861_0,0.21129645,0.69472414,0.21918006,2024-05-21,7861,"{""type"":""MultiPoint"",""coordinates"":[]}"
7864_0,0.05505831,0.54214877,0.03436807,2024-05-21,7864,"{""type"":""MultiPoint"",""coordinates"":[]}"
7865_0,0.27727208,0.7274502,0.27768952,2024-05-21,7865,"{""type"":""MultiPoint"",""coordinates"":[]}"
7866_0,0.11595467,0.63425803,0.08960316,2024-05-21,7866,"{""type"":""MultiPoint"",""coordinates"":[]}"
7868_0,0.13298322,0.60603017,0.11068636,2024-05-21,7868,"{""type"":""MultiPoint"",""coordinates"":[]}"
7869_0,0.22131148,0.86415094,0.2682927,2024-05-21,7869,"{""type"":""MultiPoint"",""coordinates"":[]}"
7871_0,0.104043126,0.51038575,0.101135746,2024-05-21,7871,"{""type"":""MultiPoint"",""coordinates"":[]}"
7872_0,0.37445208,0.89038634,0.356107,2024-05-21,7872,"{""type"":""MultiPoint"",""coordinates"":[]}"
7873_0,0.32793522,0.65560603,0.2536366,2024-05-21,7873,"{""type"":""MultiPoint"",""coordinates"":[]}"
7875_0,0.3001265,0.81409794,0.26343817,2024-05-21,7875,"{""type"":""MultiPoint"",""coordinates"":[]}"
7877_0,0.13609907,0.5862069,0.11740891,2024-05-21,7877,"{""type"":""MultiPoint"",""coordinates"":[]}"
7879_0,0.02287767,0.54189336,0.04614249,2024-05-21,7879,"{""type"":""MultiPoint"",""coordinates"":[]}"
7880_0,0.25541285,0.79893047,0.24754311,2024-05-21,7880,"{""type"":""MultiPoint"",""coordinates"":[]}"
7882_0,0.2040007,0.7574097,0.20904729,2024-05-21,7882,"{""type"":""MultiPoint"",""coordinates"":[]}"
7884_0,0.06272662,0.5183106,0.047004607,2024-05-21,7884,"{""type"":""MultiPoint"",""coordinates"":[]}"
7885_0,-0.050423354,0.35970697,-0.056431115,2024-05-21,7885,"{""type"":""MultiPoint"",""coordinates"":[]}"
7886_0,0.19753611,0.6804954,0.17923094,2024-05-21,7886,"{""type"":""MultiPoint"",""coordinates"":[]}"
7889_0,0.3374822,0.7615996,0.29684848,2024-05-21,7889,"{""type"":""MultiPoint"",""coordinates"":[]}"
7890_0,0.20782791,0.7122106,0.21266678,2024-05-21,7890,"{""type"":""MultiPoint"",""coordinates"":[]}"
7892_0,0.20697074,0.68654823,0.18107088,2024-05-21,7892,"{""type"":""MultiPoint"",""coordinates"":[]}"
7893_0,0.16206834,0.65757906,0.14007126,2024-05-21,7893,"{""type"":""MultiPoint"",""coordinates"":[]}"
7894_0,0.22362694,0.69874,0.22587311,2024-05-21,7894,"{""type"":""MultiPoint"",""coordinates"":[]}"
7895_0,0.1598746,0.6463158,0.1572327,2024-05-21,7895,"{""type"":""MultiPoint"",""coordinates"":[]}"
7897_0,0.14516433,0.6420835,0.16630037,2024-05-21,7897,"{""type"":""MultiPoint"",""coordinates"":[]}"
7898_0,0.107279696,0.60865086,0.055405404,2024-05-21,7898,"{""type"":""MultiPoint"",""coordinates"":[]}"
7899_0,0.2085291,0.7225807,0.18798666,2024-05-21,7899,"{""type"":""MultiPoint"",""coordinates"":[]}"
7900_0,0.202342,0.6498516,0.18046708,2024-05-21,7900,"{""type"":""MultiPoint"",""coordinates"":[]}"
7901_0,-0.053391054,0.41060197,-0.07511046,2024-05-21,7901,"{""type"":""MultiPoint"",""coordinates"":[]}"
7902_0,0.117215544,0.6238361,0.10449652,2024-05-21,7902,"{""type"":""MultiPoint"",""coordinates"":[]}"
7903_0,0.018142348,0.46950355,-0.009244501,2024-05-21,7903,"{""type"":""MultiPoint"",""coordinates"":[]}"
7905_0,0.19005613,0.6966708,0.1533948,2024-05-21,7905,"{""type"":""MultiPoint"",""coordinates"":[]}"
7906_0,0.29444927,0.79417235,0.28024772,2024-05-21,7906,"{""type"":""MultiPoint"",""coordinates"":[]}"
7907_0,0.19976994,0.67910004,0.152143,2024-05-21,7907,"{""type"":""MultiPoint"",""coordinates"":[]}"
7908_0,0.19401795,0.71428573,0.20822723,2024-05-21,7908,"{""type"":""MultiPoint"",""coordinates"":[]}"
7909_0,0.01580062,0.46363637,-0.020780537,2024-05-21,7909,"{""type"":""MultiPoint"",""coordinates"":[]}"
7910_0,0.3666191,0.796379,0.42165986,2024-05-21,7910,"{""type"":""MultiPoint"",""coordinates"":[]}"
7911_0,0.23670413,0.7959629,0.23527205,2024-05-21,7911,"{""type"":""MultiPoint"",""coordinates"":[]}"
7912_0,0.070237674,0.5784992,0.061750494,2024-05-21,7912,"{""type"":""MultiPoint"",""coordinates"":[]}"
7913_0,0.0419185,0.55288464,0.025193414,2024-05-21,7913,"{""type"":""MultiPoint"",""coordinates"":[]}"
7914_0,0.15407963,0.66041666,0.14738168,2024-05-21,7914,"{""type"":""MultiPoint"",""coordinates"":[]}"
7915_0,0.31304663,0.82359195,0.29095355,2024-05-21,7915,"{""type"":""MultiPoint"",""coordinates"":[]}"
7916_0,0.16984965,0.72546464,0.12859885,2024-05-21,7916,"{""type"":""MultiPoint"",""coordinates"":[]}"
7917_0,0.09832893,0.64883846,0.08708816,2024-05-21,7917,"{""type"":""MultiPoint"",""coordinates"":[]}"
7918_0,0.21901354,0.6980568,0.19578947,2024-05-21,7918,"{""type"":""MultiPoint"",""coordinates"":[]}"
7919_0,0.11196172,0.61621624,0.12617703,2024-05-21,7919,"{""type"":""MultiPoint"",""coordinates"":[]}"
7920_0,0.05845588,0.54923916,0.02605058,2024-05-21,7920,"{""type"":""MultiPoint"",""coordinates"":[]}"
7921_0,0.07480124,0.548577,0.050774097,2024-05-21,7921,"{""type"":""MultiPoint"",""coordinates"":[]}"
7922_0,0.15964802,0.6161806,0.124713585,2024-05-21,7922,"{""type"":""MultiPoint"",""coordinates"":[]}"
7923_0,0.08032972,0.3445976,0.030499233,2024-05-21,7923,"{""type"":""MultiPoint"",""coordinates"":[]}"
7924_0,0.05497985,0.42795327,0.0025824092,2024-05-21,7924,"{""type"":""MultiPoint"",""coordinates"":[]}"
7925_0,0.068168856,0.09545163,0.022880215,2024-05-21,7925,"{""type"":""MultiPoint"",""coordinates"":[]}"
7926_0,0.13221757,0.59082454,0.10603448,2024-05-21,7926,"{""type"":""MultiPoint"",""coordinates"":[]}"
7927_0,0.17782196,0.6686959,0.16640538,2024-05-21,7927,"{""type"":""MultiPoint"",""coordinates"":[]}"
7928_0,0.08495049,-0.027151052,0.0480997,2024-05-21,7928,"{""type"":""MultiPoint"",""coordinates"":[]}"
7929_0,0.11396913,0.62514687,0.105294704,2024-05-21,7929,"{""type"":""MultiPoint"",""coordinates"":[]}"
7930_0,0.33817902,0.81194806,0.3369107,2024-05-21,7930,"{""type"":""MultiPoint"",""coordinates"":[]}"
7931_0,0.19848695,0.69818914,0.18945037,2024-05-21,7931,"{""type"":""MultiPoint"",""coordinates"":[]}"
8480_0,0.07918512,0.6601013,0.06325464,2024-05-21,8480,"{""type"":""MultiPoint"",""coordinates"":[]}"
8482_0,0.23663625,0.83375317,0.21698429,2024-05-21,8482,"{""type"":""MultiPoint"",""coordinates"":[]}"
8483_0,0.08388867,0.065862246,0.094829254,2024-05-21,8483,"{""type"":""MultiPoint"",""coordinates"":[]}"
8484_0,0.24292453,0.8379325,0.24068598,2024-05-21,8484,"{""type"":""MultiPoint"",""coordinates"":[]}"
8485_0,0.2505997,0.72616357,0.23965602,2024-05-21,8485,"{""type"":""MultiPoint"",""coordinates"":[]}"
8486_0,0.040751353,0.52309984,0.008718539,2024-05-21,8486,"{""type"":""MultiPoint"",""coordinates"":[]}"
8490_0,0.23477012,0.75537694,0.2054304,2024-05-21,8490,"{""type"":""MultiPoint"",""coordinates"":[]}"
8491_0,0.27565685,0.82325584,0.2669311,2024-05-21,8491,"{""type"":""MultiPoint"",""coordinates"":[]}"
8492_0,0.29259026,0.84659094,0.2716009,2024-05-21,8492,"{""type"":""MultiPoint"",""coordinates"":[]}"
8493_0,0.30329996,0.7789337,0.2908096,2024-05-21,8493,"{""type"":""MultiPoint"",""coordinates"":[]}"
8494_0,0.32169202,0.87979966,0.333136,2024-05-21,8494,"{""type"":""MultiPoint"",""coordinates"":[]}"
8495_0,0.116522916,0.5936255,0.101169996,2024-05-21,8495,"{""type"":""MultiPoint"",""coordinates"":[]}"
8496_0,0.31266376,0.80481017,0.31575134,2024-05-21,8496,"{""type"":""MultiPoint"",""coordinates"":[]}"
8497_0,0.20219092,0.8548951,0.24952157,2024-05-21,8497,"{""type"":""MultiPoint"",""coordinates"":[]}"
8498_0,0.21066445,0.74091625,0.21348934,2024-05-21,8498,"{""type"":""MultiPoint"",""coordinates"":[]}"
8499_0,0.11623806,0.63861823,0.10332488,2024-05-21,8499,"{""type"":""MultiPoint"",""coordinates"":[]}"
8500_0,0.28958076,0.78830963,0.2568468,2024-05-21,8500,"{""type"":""MultiPoint"",""coordinates"":[]}"
8501_0,0.17325582,0.6879174,0.13169143,2024-05-21,8501,"{""type"":""MultiPoint"",""coordinates"":[]}"
8502_0,0.15304275,0.5830721,0.14108177,2024-05-21,8502,"{""type"":""MultiPoint"",""coordinates"":[]}"
8503_0,0.2615818,0.71145266,0.2444124,2024-05-21,8503,"{""type"":""MultiPoint"",""coordinates"":[]}"
8504_0,0.03255024,0.4670391,0.21153402,2024-05-21,8504,"{""type"":""MultiPoint"",""coordinates"":[]}"
8505_0,0.24996695,0.7371341,0.23085265,2024-05-21,8505,"{""type"":""MultiPoint"",""coordinates"":[]}"
8506_0,0.1751869,0.5092593,0.17949748,2024-05-21,8506,"{""type"":""MultiPoint"",""coordinates"":[]}"
8507_0,0.10357816,0.7192225,0.12524739,2024-05-21,8507,"{""type"":""MultiPoint"",""coordinates"":[]}"
8510_0,0.17664449,0.543295,0.09308005,2024-05-21,8510,"{""type"":""MultiPoint"",""coordinates"":[]}"
8511_0,0.15053065,0.551493,0.12979808,2024-05-21,8511,"{""type"":""MultiPoint"",""coordinates"":[]}"
8512_0,0.28613657,0.839501,0.2937564,2024-05-21,8512,"{""type"":""MultiPoint"",""coordinates"":[]}"
8513_0,0.12361331,0.6208038,0.10705636,2024-05-21,8513,"{""type"":""MultiPoint"",""coordinates"":[]}"
8514_0,0.122461,0.56242067,0.10654878,2024-05-21,8514,"{""type"":""MultiPoint"",""coordinates"":[]}"
8515_0,0.041849274,0.048883133,0.07507259,2024-05-21,8515,"{""type"":""MultiPoint"",""coordinates"":[]}"
8516_0,0.16587538,0.6316337,0.16476007,2024-05-21,8516,"{""type"":""MultiPoint"",""coordinates"":[]}"
8517_0,0.1474477,0.7337526,0.12997438,2024-05-21,8517,"{""type"":""MultiPoint"",""coordinates"":[]}"
8519_0,0.20292138,0.8536163,0.2119496,2024-05-21,8519,"{""type"":""MultiPoint"",""coordinates"":[]}"
8520_0,0.04082321,0.35812673,0.1622219,2024-05-21,8520,"{""type"":""MultiPoint"",""coordinates"":[]}"
8521_0,0.066080585,0.21682426,0.07876861,2024-05-21,8521,"{""type"":""MultiPoint"",""coordinates"":[]}"
8522_0,0.06668876,0.15721355,0.038162727,2024-05-21,8522,"{""type"":""MultiPoint"",""coordinates"":[]}"
8523_0,0.21423706,0.7688737,0.2215286,2024-05-21,8523,"{""type"":""MultiPoint"",""coordinates"":[]}"
8524_0,0.21522234,0.6967108,0.18126394,2024-05-21,8524,"{""type"":""MultiPoint"",""coordinates"":[]}"
8525_0,0.08010506,0.02200957,0.098977424,2024-05-21,8525,"{""type"":""MultiPoint"",""coordinates"":[]}"
8527_0,0.2174301,0.73252803,0.20836468,2024-05-21,8527,"{""type"":""MultiPoint"",""coordinates"":[]}"
8528_0,0.0568954,0.5814361,0.010208363,2024-05-21,8528,"{""type"":""MultiPoint"",""coordinates"":[]}"
8529_0,0.12342342,0.6075308,0.06577052,2024-05-21,8529,"{""type"":""MultiPoint"",""coordinates"":[]}"
8531_0,0.23450312,0.7923111,0.26948357,2024-05-21,8531,"{""type"":""MultiPoint"",""coordinates"":[]}"
8532_0,0.18839459,0.6628308,0.15878108,2024-05-21,8532,"{""type"":""MultiPoint"",""coordinates"":[]}"
8533_0,0.11960636,0.3345748,0.10412119,2024-05-21,8533,"{""type"":""MultiPoint"",""coordinates"":[]}"
8534_0,0.2281209,0.68693775,0.22963935,2024-05-21,8534,"{""type"":""MultiPoint"",""coordinates"":[]}"
8535_0,0.19331138,0.7625268,0.1734164,2024-05-21,8535,"{""type"":""MultiPoint"",""coordinates"":[]}"
8536_0,0.066254616,0.107589655,0.1252648,2024-05-21,8536,"{""type"":""MultiPoint"",""coordinates"":[]}"
8537_0,0.25644633,0.8289413,0.24893449,2024-05-21,8537,"{""type"":""MultiPoint"",""coordinates"":[]}"
8538_0,0.35312665,0.84581256,0.33941507,2024-05-21,8538,"{""type"":""MultiPoint"",""coordinates"":[]}"
8539_0,0.1450813,-0.073619634,0.07752918,2024-05-21,8539,"{""type"":""MultiPoint"",""coordinates"":[]}"
8540_0,0.23444314,0.0405522,0.27131376,2024-05-21,8540,"{""type"":""MultiPoint"",""coordinates"":[]}"
8541_0,0.16334924,0.63924676,0.13074689,2024-05-21,8541,"{""type"":""MultiPoint"",""coordinates"":[]}"
8542_0,0.17071871,-0.032432433,0.15974894,2024-05-21,8542,"{""type"":""MultiPoint"",""coordinates"":[]}"
8543_0,0.21947078,0.75,0.21042085,2024-05-21,8543,"{""type"":""MultiPoint"",""coordinates"":[]}"
8544_0,0.08048578,0.036406342,0.07335614,2024-05-21,8544,"{""type"":""MultiPoint"",""coordinates"":[]}"
8545_0,0.119144015,0.109847136,0.15490614,2024-05-21,8545,"{""type"":""MultiPoint"",""coordinates"":[]}"
8546_0,0.23598991,0.70842135,0.17916666,2024-05-21,8546,"{""type"":""MultiPoint"",""coordinates"":[]}"
8547_0,0.1831972,0.65389085,0.15117219,2024-05-21,8547,"{""type"":""MultiPoint"",""coordinates"":[]}"
8548_0,0.193197,0.014925373,0.2198967,2024-05-21,8548,"{""type"":""MultiPoint"",""coordinates"":[]}"
8549_0,0.27908018,0.8016133,0.26245034,2024-05-21,8549,"{""type"":""MultiPoint"",""coordinates"":[]}"
8550_0,0.2658786,0.6830436,0.29156998,2024-05-21,8550,"{""type"":""MultiPoint"",""coordinates"":[]}"
8551_0,0.08989726,0.093023255,0.008395523,2024-05-21,8551,"{""type"":""MultiPoint"",""coordinates"":[]}"
8552_0,0.056701895,0.13800578,0.056781013,2024-05-21,8552,"{""type"":""MultiPoint"",""coordinates"":[]}"
8553_0,0.18776782,0.7198622,0.17929542,2024-05-21,8553,"{""type"":""MultiPoint"",""coordinates"":[]}"
8554_0,0.16537993,0.61590296,0.077268645,2024-05-21,8554,"{""type"":""MultiPoint"",""coordinates"":[]}"
8555_0,0.36112615,0.8796649,0.35307017,2024-05-21,8555,"{""type"":""MultiPoint"",""coordinates"":[]}"
8556_0,0.31336474,0.8596326,0.2723171,2024-05-21,8556,"{""type"":""MultiPoint"",""coordinates"":[]}"
8557_0,0.07698687,0.49039692,0.022397893,2024-05-21,8557,"{""type"":""MultiPoint"",""coordinates"":[]}"
8558_0,0.25741827,0.773913,0.26952142,2024-05-21,8558,"{""type"":""MultiPoint"",""coordinates"":[]}"
8559_0,0.2593323,0.75645757,0.23940402,2024-05-21,8559,"{""type"":""MultiPoint"",""coordinates"":[]}"
8560_0,0.4401806,0.86725134,0.43154034,2024-05-21,8560,"{""type"":""MultiPoint"",""coordinates"":[]}"
8562_0,0.12432304,0.010780509,0.120659776,2024-05-21,8562,"{""type"":""MultiPoint"",""coordinates"":[]}"
8563_0,0.21295348,0.7545425,0.1780822,2024-05-21,8563,"{""type"":""MultiPoint"",""coordinates"":[]}"
8564_0,0.21459024,0.7256637,0.22123063,2024-05-21,8564,"{""type"":""MultiPoint"",""coordinates"":[]}"
8565_0,0.1637551,0.6368564,0.08224332,2024-05-21,8565,"{""type"":""MultiPoint"",""coordinates"":[]}"
8566_0,0.23933055,0.76824546,0.24028416,2024-05-21,8566,"{""type"":""MultiPoint"",""coordinates"":[]}"
8568_0,0.12426261,0.651497,0.09033406,2024-05-21,8568,"{""type"":""MultiPoint"",""coordinates"":[]}"
8569_0,0.2011156,0.43756786,0.21282443,2024-05-21,8569,"{""type"":""MultiPoint"",""coordinates"":[]}"
8570_0,0.30913243,0.79075426,0.321068,2024-05-21,8570,"{""type"":""MultiPoint"",""coordinates"":[]}"
8571_0,0.31647974,0.793617,0.30444875,2024-05-21,8571,"{""type"":""MultiPoint"",""coordinates"":[]}"
8572_0,0.20007437,-0.0014124294,0.13597108,2024-05-21,8572,"{""type"":""MultiPoint"",""coordinates"":[]}"
8573_0,0.08520343,0.6110472,0.0552101,2024-05-21,8573,"{""type"":""MultiPoint"",""coordinates"":[]}"
8574_0,0.2693009,0.7947114,0.27283725,2024-05-21,8574,"{""type"":""MultiPoint"",""coordinates"":[]}"
8575_0,0.3855145,0.820091,0.27701375,2024-05-21,8575,"{""type"":""MultiPoint"",""coordinates"":[]}"
8576_0,0.2990196,0.75662816,0.28749377,2024-05-21,8576,"{""type"":""MultiPoint"",""coordinates"":[]}"
8577_0,0.09385687,0.54858226,0.067639776,2024-05-21,8577,"{""type"":""MultiPoint"",""coordinates"":[]}"
8578_0,0.16548042,0.71678513,0.14494075,2024-05-21,8578,"{""type"":""MultiPoint"",""coordinates"":[]}"
8579_0,0.29743755,0.8443914,0.28159204,2024-05-21,8579,"{""type"":""MultiPoint"",""coordinates"":[]}"
8580_0,0.07762557,0.73996174,0.059371363,2024-05-21,8580,"{""type"":""MultiPoint"",""coordinates"":[]}"
8581_0,0.34850183,0.82807606,0.30245325,2024-05-21,8581,"{""type"":""MultiPoint"",""coordinates"":[]}"
8582_0,0.35421687,0.9117966,0.37285492,2024-05-21,8582,"{""type"":""MultiPoint"",""coordinates"":[]}"
8583_0,0.13966656,0.7266046,0.12605847,2024-05-21,8583,"{""type"":""MultiPoint"",""coordinates"":[]}"
8585_0,0.069510125,0.1406015,0.0756958,2024-05-21,8585,"{""type"":""MultiPoint"",""coordinates"":[]}"
8587_0,0.10475483,0.5901953,0.06913866,2024-05-21,8587,"{""type"":""MultiPoint"",""coordinates"":[]}"
8588_0,0.18314311,0.7065187,0.13883747,2024-05-21,8588,"{""type"":""MultiPoint"",""coordinates"":[]}"
8589_0,0.27804154,0.84680134,0.28661487,2024-05-21,8589,"{""type"":""MultiPoint"",""coordinates"":[]}"
8590_0,0.2532057,0.7254157,0.24896836,2024-05-21,8590,"{""type"":""MultiPoint"",""coordinates"":[]}"
8591_0,0.17897286,0.71257484,0.18222529,2024-05-21,8591,"{""type"":""MultiPoint"",""coordinates"":[]}"
8593_0,0.11870439,0.64179105,0.052430157,2024-05-21,8593,"{""type"":""MultiPoint"",""coordinates"":[]}"
8594_0,0.21580547,0.7314747,0.20777892,2024-05-21,8594,"{""type"":""MultiPoint"",""coordinates"":[]}"
8595_0,-0.018627286,0.51425314,-0.06659638,2024-05-21,8595,"{""type"":""MultiPoint"",""coordinates"":[]}"
8596_0,0.23765433,0.7943287,0.20597015,2024-05-21,8596,"{""type"":""MultiPoint"",""coordinates"":[]}"
8597_0,0.25879043,0.71447414,0.2437216,2024-05-21,8597,"{""type"":""MultiPoint"",""coordinates"":[]}"
8598_0,0.2704871,0.7322285,0.21877876,2024-05-21,8598,"{""type"":""MultiPoint"",""coordinates"":[]}"
8599_0,0.24145535,0.7273032,0.19962773,2024-05-21,8599,"{""type"":""MultiPoint"",""coordinates"":[]}"
8600_0,0.26906422,0.74160063,0.24312732,2024-05-21,8600,"{""type"":""MultiPoint"",""coordinates"":[]}"
8601_0,0.24410293,0.7556218,0.21008404,2024-05-21,8601,"{""type"":""MultiPoint"",""coordinates"":[]}"
8602_0,0.30426773,0.87401575,0.35496727,2024-05-21,8602,"{""type"":""MultiPoint"",""coordinates"":[]}"
8603_0,0.31310904,0.790586,0.33238026,2024-05-21,8603,"{""type"":""MultiPoint"",""coordinates"":[]}"
8604_0,0.10506036,0.022522522,0.13160518,2024-05-21,8604,"{""type"":""MultiPoint"",""coordinates"":[]}"
8605_0,0.18510242,0.68677247,0.18601191,2024-05-21,8605,"{""type"":""MultiPoint"",""coordinates"":[]}"
8606_0,0.22021535,0.6900334,0.22439109,2024-05-21,8606,"{""type"":""MultiPoint"",""coordinates"":[]}"
8607_0,0.16640529,0.5746032,0.14814815,2024-05-21,8607,"{""type"":""MultiPoint"",""coordinates"":[]}"
8608_0,0.19064446,0.75164086,0.16216686,2024-05-21,8608,"{""type"":""MultiPoint"",""coordinates"":[]}"
8609_0,0.21596101,0.6690307,0.24405286,2024-05-21,8609,"{""type"":""MultiPoint"",""coordinates"":[]}"
8610_0,0.269513,0.7747126,0.27603304,2024-05-21,8610,"{""type"":""MultiPoint"",""coordinates"":[]}"
8611_0,0.305715,0.7705803,0.3070984,2024-05-21,8611,"{""type"":""MultiPoint"",""coordinates"":[]}"
8612_0,0.24402058,0.84058887,0.27338862,2024-05-21,8612,"{""type"":""MultiPoint"",""coordinates"":[]}"
8613_0,0.13187744,0.63774735,0.114640884,2024-05-21,8613,"{""type"":""MultiPoint"",""coordinates"":[]}"
8614_0,0.088404484,0.6221016,0.043975234,2024-05-21,8614,"{""type"":""MultiPoint"",""coordinates"":[]}"
8615_0,0.21173409,0.68216217,0.167,2024-05-21,8615,"{""type"":""MultiPoint"",""coordinates"":[]}"
8616_0,0.043613706,0.028716216,0.06259542,2024-05-21,8616,"{""type"":""MultiPoint"",""coordinates"":[]}"
8617_0,0.0922009,0.00889328,0.19015008,2024-05-21,8617,"{""type"":""MultiPoint"",""coordinates"":[]}"
8618_0,0.1943446,0.6129241,0.19511612,2024-05-21,8618,"{""type"":""MultiPoint"",""coordinates"":[]}"
8619_0,0.19285715,0.6554782,0.18227047,2024-05-21,8619,"{""type"":""MultiPoint"",""coordinates"":[]}"
8620_0,0.29405576,0.74561405,0.28042895,2024-05-21,8620,"{""type"":""MultiPoint"",""coordinates"":[]}"
9208_0,0.28609216,0.8193445,0.27937043,2024-05-21,9208,"{""type"":""MultiPoint"",""coordinates"":[]}"
9210_0,0.19395941,0.69902563,0.15903495,2024-05-21,9210,"{""type"":""MultiPoint"",""coordinates"":[]}"
9211_0,0.08136156,0.5619048,0.08497002,2024-05-21,9211,"{""type"":""MultiPoint"",""coordinates"":[]}"
9212_0,0.10132995,0.6600306,0.0679803,2024-05-21,9212,"{""type"":""MultiPoint"",""coordinates"":[]}"
9213_0,0.22955069,0.7898023,0.23297492,2024-05-21,9213,"{""type"":""MultiPoint"",""coordinates"":[]}"
9214_0,0.21441299,0.72005945,0.18655187,2024-05-21,9214,"{""type"":""MultiPoint"",""coordinates"":[]}"
9215_0,0.19892408,0.68125856,0.20019531,2024-05-21,9215,"{""type"":""MultiPoint"",""coordinates"":[]}"
9216_0,0.038989972,0.5861451,0.012967201,2024-05-21,9216,"{""type"":""MultiPoint"",""coordinates"":[]}"
9218_0,0.21045117,0.71079075,0.1722796,2024-05-21,9218,"{""type"":""MultiPoint"",""coordinates"":[]}"
9219_0,0.1889093,0.744243,0.18904476,2024-05-21,9219,"{""type"":""MultiPoint"",""coordinates"":[]}"
9220_0,0.029590018,0.16640127,0.036801133,2024-05-21,9220,"{""type"":""MultiPoint"",""coordinates"":[]}"
9221_0,0.20608622,0.71514845,0.18415566,2024-05-21,9221,"{""type"":""MultiPoint"",""coordinates"":[]}"
9222_0,0.1554033,0.5985806,0.14122863,2024-05-21,9222,"{""type"":""MultiPoint"",""coordinates"":[]}"
9224_0,0.13352662,0.66119194,0.10989183,2024-05-21,9224,"{""type"":""MultiPoint"",""coordinates"":[]}"
9225_0,0.28255814,0.8235808,0.25707406,2024-05-21,9225,"{""type"":""MultiPoint"",""coordinates"":[]}"
9226_0,0.08451358,0.17219917,0.06817913,2024-05-21,9226,"{""type"":""MultiPoint"",""coordinates"":[]}"
9227_0,0.31772965,0.81357884,0.28626812,2024-05-21,9227,"{""type"":""MultiPoint"",""coordinates"":[]}"
9228_0,0.14507042,0.69463086,0.14204948,2024-05-21,9228,"{""type"":""MultiPoint"",""coordinates"":[]}"
9229_0,0.06952567,0.16458635,0.056902003,2024-05-21,9229,"{""type"":""MultiPoint"",""coordinates"":[]}"
9230_0,0.12599532,0.7128713,0.10560793,2024-05-21,9230,"{""type"":""MultiPoint"",""coordinates"":[]}"
9231_0,0.026478495,0.041413583,0.020355718,2024-05-21,9231,"{""type"":""MultiPoint"",""coordinates"":[]}"
9232_0,0.36518863,0.88589054,0.34211248,2024-05-21,9232,"{""type"":""MultiPoint"",""coordinates"":[]}"
9233_0,0.10808115,0.6946974,0.08244954,2024-05-21,9233,"{""type"":""MultiPoint"",""coordinates"":[]}"
9234_0,0.17092083,0.65831435,0.12153372,2024-05-21,9234,"{""type"":""MultiPoint"",""coordinates"":[]}"
9235_0,0.22521937,0.7982822,0.21164021,2024-05-21,9235,"{""type"":""MultiPoint"",""coordinates"":[]}"
9237_0,0.1244111,0.71492577,0.09926405,2024-05-21,9237,"{""type"":""MultiPoint"",""coordinates"":[]}"
9238_0,0.08776659,0.032778617,0.1749014,2024-05-21,9238,"{""type"":""MultiPoint"",""coordinates"":[]}"
9240_0,0.23500566,0.6315244,0.2161814,2024-05-21,9240,"{""type"":""MultiPoint"",""coordinates"":[]}"
9241_0,0.21276596,0.7987421,0.18344827,2024-05-21,9241,"{""type"":""MultiPoint"",""coordinates"":[]}"
9242_0,0.052562706,0.08787608,0.057018813,2024-05-21,9242,"{""type"":""MultiPoint"",""coordinates"":[]}"
9243_0,0.3188526,0.82934576,0.35550675,2024-05-21,9243,"{""type"":""MultiPoint"",""coordinates"":[]}"
9244_0,0.023150397,0.6175383,0.007402533,2024-05-21,9244,"{""type"":""MultiPoint"",""coordinates"":[]}"
9245_0,0.13905233,0.6122449,0.111253195,2024-05-21,9245,"{""type"":""MultiPoint"",""coordinates"":[]}"
9246_0,0.10528418,0.31719744,0.10337468,2024-05-21,9246,"{""type"":""MultiPoint"",""coordinates"":[]}"
9247_0,0.09554691,0.34396356,0.060197663,2024-05-21,9247,"{""type"":""MultiPoint"",""coordinates"":[]}"
9248_0,0.162223,-0.0049548238,0.17048085,2024-05-21,9248,"{""type"":""MultiPoint"",""coordinates"":[]}"
9249_0,0.098460644,0.6310853,0.081113085,2024-05-21,9249,"{""type"":""MultiPoint"",""coordinates"":[]}"
9250_0,0.10399764,0.587003,0.10001482,2024-05-21,9250,"{""type"":""MultiPoint"",""coordinates"":[]}"
9251_0,0.1884407,0.7789685,0.19281437,2024-05-21,9251,"{""type"":""MultiPoint"",""coordinates"":[]}"
9252_0,0.10386019,0.3586006,0.06991161,2024-05-21,9252,"{""type"":""MultiPoint"",""coordinates"":[]}"
9254_0,0.26230976,0.54418606,0.23420075,2024-05-21,9254,"{""type"":""MultiPoint"",""coordinates"":[]}"
9255_0,0.19073203,0.4588826,-0.018166455,2024-05-21,9255,"{""type"":""MultiPoint"",""coordinates"":[]}"
9256_0,0.14735658,0.6642109,0.114371024,2024-05-21,9256,"{""type"":""MultiPoint"",""coordinates"":[]}"
9257_0,0.05667799,0.06848333,0.060875755,2024-05-21,9257,"{""type"":""MultiPoint"",""coordinates"":[]}"
9258_0,0.27175108,0.71392,0.28441247,2024-05-21,9258,"{""type"":""MultiPoint"",""coordinates"":[]}"
9260_0,0.31539288,0.7400722,0.30907115,2024-05-21,9260,"{""type"":""MultiPoint"",""coordinates"":[]}"
9261_0,0.040820457,0.032591827,0.058043998,2024-05-21,9261,"{""type"":""MultiPoint"",""coordinates"":[]}"
9264_0,0.080746666,0.055415615,0.07700546,2024-05-21,9264,"{""type"":""MultiPoint"",""coordinates"":[]}"
9265_0,0.1692258,0.7043393,0.14985114,2024-05-21,9265,"{""type"":""MultiPoint"",""coordinates"":[]}"
9266_0,0.29043743,0.68421054,0.27701476,2024-05-21,9266,"{""type"":""MultiPoint"",""coordinates"":[]}"
9267_0,0.18405429,0.66252875,0.11227315,2024-05-21,9267,"{""type"":""MultiPoint"",""coordinates"":[]}"
9268_0,0.048568673,0.087030716,0.06912829,2024-05-21,9268,"{""type"":""MultiPoint"",""coordinates"":[]}"
9269_0,0.38781574,0.8746867,0.39589444,2024-05-21,9269,"{""type"":""MultiPoint"",""coordinates"":[]}"
9270_0,0.12627986,0.43472958,0.11223203,2024-05-21,9270,"{""type"":""MultiPoint"",""coordinates"":[]}"
9271_0,0.16974732,0.5846457,0.13620324,2024-05-21,9271,"{""type"":""MultiPoint"",""coordinates"":[]}"
9272_0,0.2137931,0.844785,0.22985666,2024-05-21,9272,"{""type"":""MultiPoint"",""coordinates"":[]}"
9273_0,0.07638223,0.021057557,0.09421425,2024-05-21,9273,"{""type"":""MultiPoint"",""coordinates"":[]}"
9274_0,0.10548523,0.45498392,0.13550815,2024-05-21,9274,"{""type"":""MultiPoint"",""coordinates"":[]}"
9275_0,0.1536105,0.6743378,0.1413349,2024-05-21,9275,"{""type"":""MultiPoint"",""coordinates"":[]}"
9276_0,0.13121304,0.5949612,0.09550749,2024-05-21,9276,"{""type"":""MultiPoint"",""coordinates"":[]}"
9277_0,0.28669035,0.8085387,0.29630628,2024-05-21,9277,"{""type"":""MultiPoint"",""coordinates"":[]}"
9278_0,0.19977415,0.8053269,0.22430213,2024-05-21,9278,"{""type"":""MultiPoint"",""coordinates"":[]}"
9279_0,0.080770895,0.2244898,0.08562197,2024-05-21,9279,"{""type"":""MultiPoint"",""coordinates"":[]}"
9280_0,0.047206584,0.047833066,0.08546724,2024-05-21,9280,"{""type"":""MultiPoint"",""coordinates"":[]}"
9281_0,0.096657164,0.5595054,0.07311885,2024-05-21,9281,"{""type"":""MultiPoint"",""coordinates"":[]}"
9282_0,0.19264486,0.021295877,0.22833787,2024-05-21,9282,"{""type"":""MultiPoint"",""coordinates"":[]}"
9283_0,0.20534715,-0.031616982,0.20339577,2024-05-21,9283,"{""type"":""MultiPoint"",""coordinates"":[]}"
9284_0,0.18876664,0.7091291,0.18475415,2024-05-21,9284,"{""type"":""MultiPoint"",""coordinates"":[]}"
9285_0,0.25751844,0.019832188,0.28226337,2024-05-21,9285,"{""type"":""MultiPoint"",""coordinates"":[]}"
9286_0,0.08359906,0.2263722,0.06651603,2024-05-21,9286,"{""type"":""MultiPoint"",""coordinates"":[]}"
9287_0,0.25396597,0.7977155,0.24762179,2024-05-21,9287,"{""type"":""MultiPoint"",""coordinates"":[]}"
9288_0,0.42216066,0.86114305,0.39867398,2024-05-21,9288,"{""type"":""MultiPoint"",""coordinates"":[]}"
9289_0,0.07784288,0.3380744,0.11842707,2024-05-21,9289,"{""type"":""MultiPoint"",""coordinates"":[]}"
9290_0,0.15482353,0.5873016,0.1011011,2024-05-21,9290,"{""type"":""MultiPoint"",""coordinates"":[]}"
9291_0,0.12291052,0.6563522,0.103217155,2024-05-21,9291,"{""type"":""MultiPoint"",""coordinates"":[]}"
9292_0,0.11786966,0.5871946,0.08980477,2024-05-21,9292,"{""type"":""MultiPoint"",""coordinates"":[]}"
9293_0,0.0349427,0.16512421,-0.03558109,2024-05-21,9293,"{""type"":""MultiPoint"",""coordinates"":[]}"
9294_0,0.19631901,0.8283205,0.22759435,2024-05-21,9294,"{""type"":""MultiPoint"",""coordinates"":[]}"
9295_0,0.0749255,0.26867947,-0.021866918,2024-05-21,9295,"{""type"":""MultiPoint"",""coordinates"":[]}"
9296_0,0.015983323,0.57024795,-0.01724138,2024-05-21,9296,"{""type"":""MultiPoint"",""coordinates"":[]}"
9297_0,0.099717245,0.60544217,0.085057475,2024-05-21,9297,"{""type"":""MultiPoint"",""coordinates"":[]}"
9298_0,0.06420323,0.63394177,0.042985357,2024-05-21,9298,"{""type"":""MultiPoint"",""coordinates"":[]}"
9299_0,0.36477274,0.8492911,0.34992442,2024-05-21,9299,"{""type"":""MultiPoint"",""coordinates"":[]}"
9300_0,0.41269594,0.90882474,0.41387856,2024-05-21,9300,"{""type"":""MultiPoint"",""coordinates"":[]}"
9301_0,0.13084923,0.54351395,0.11094696,2024-05-21,9301,"{""type"":""MultiPoint"",""coordinates"":[]}"
9302_0,0.05189537,0.5208333,0.05664579,2024-05-21,9302,"{""type"":""MultiPoint"",""coordinates"":[]}"
9303_0,0.2884058,0.78353184,0.27366865,2024-05-21,9303,"{""type"":""MultiPoint"",""coordinates"":[]}"
9304_0,0.04613559,0.3889591,0.012440485,2024-05-21,9304,"{""type"":""MultiPoint"",""coordinates"":[]}"
9305_0,0.23299888,0.805395,0.21767381,2024-05-21,9305,"{""type"":""MultiPoint"",""coordinates"":[]}"
9306_0,0.03821953,0.18179399,0.036535542,2024-05-21,9306,"{""type"":""MultiPoint"",""coordinates"":[]}"
9307_0,0.15007299,0.6671935,0.11827957,2024-05-21,9307,"{""type"":""MultiPoint"",""coordinates"":[]}"
9309_0,0.11077064,0.47716534,0.12774271,2024-05-21,9309,"{""type"":""MultiPoint"",""coordinates"":[]}"
9311_0,0.25984251,0.8324685,0.26337308,2024-05-21,9311,"{""type"":""MultiPoint"",""coordinates"":[]}"
9312_0,0.10572917,0.6426823,-0.011487481,2024-05-21,9312,"{""type"":""MultiPoint"",""coordinates"":[]}"
9313_0,0.12835455,0.5744409,0.13062099,2024-05-21,9313,"{""type"":""MultiPoint"",""coordinates"":[]}"
9314_0,0.21922767,0.7335321,0.19942257,2024-05-21,9314,"{""type"":""MultiPoint"",""coordinates"":[]}"
9316_0,0.11459633,0.6422947,0.080680974,2024-05-21,9316,"{""type"":""MultiPoint"",""coordinates"":[]}"
9318_0,0.22638299,0.73280424,0.18071203,2024-05-21,9318,"{""type"":""MultiPoint"",""coordinates"":[]}"
9319_0,0.1903632,0.7273782,0.14626636,2024-05-21,9319,"{""type"":""MultiPoint"",""coordinates"":[]}"
9320_0,0.22409639,0.70857143,0.1954023,2024-05-21,9320,"{""type"":""MultiPoint"",""coordinates"":[]}"
9321_0,0.20835456,0.6666667,0.17792277,2024-05-21,9321,"{""type"":""MultiPoint"",""coordinates"":[]}"
9322_0,0.25268337,0.69132656,0.22692575,2024-05-21,9322,"{""type"":""MultiPoint"",""coordinates"":[]}"
9323_0,0.06365327,0.6192171,0.053088386,2024-05-21,9323,"{""type"":""MultiPoint"",""coordinates"":[]}"
9324_0,0.13681242,0.65538305,0.08291708,2024-05-21,9324,"{""type"":""MultiPoint"",""coordinates"":[]}"
9325_0,6.2414183E-4,0.6015534,0.014888642,2024-05-21,9325,"{""type"":""MultiPoint"",""coordinates"":[]}"
9326_0,0.14009662,0.6269258,0.09299363,2024-05-21,9326,"{""type"":""MultiPoint"",""coordinates"":[]}"
9327_0,0.19197708,0.7556326,0.17927822,2024-05-21,9327,"{""type"":""MultiPoint"",""coordinates"":[]}"
9329_0,0.05598622,0.5100234,0.028368793,2024-05-21,9329,"{""type"":""MultiPoint"",""coordinates"":[]}"
9330_0,0.3094223,0.80443287,0.27734196,2024-05-21,9330,"{""type"":""MultiPoint"",""coordinates"":[]}"
9332_0,0.33856812,0.878322,0.3312578,2024-05-21,9332,"{""type"":""MultiPoint"",""coordinates"":[]}"
9335_0,0.14764856,0.5977536,0.1296687,2024-05-21,9335,"{""type"":""MultiPoint"",""coordinates"":[]}"
9336_0,0.23170923,0.74444443,0.21157557,2024-05-21,9336,"{""type"":""MultiPoint"",""coordinates"":[]}"
9337_0,0.12104138,0.68783385,0.11398355,2024-05-21,9337,"{""type"":""MultiPoint"",""coordinates"":[]}"
9338_0,0.15506925,0.6941432,0.11671135,2024-05-21,9338,"{""type"":""MultiPoint"",""coordinates"":[]}"
9339_0,0.14179796,0.68463475,0.09245345,2024-05-21,9339,"{""type"":""MultiPoint"",""coordinates"":[]}"
9340_0,0.17497942,0.6251874,0.12955888,2024-05-21,9340,"{""type"":""MultiPoint"",""coordinates"":[]}"
9341_0,0.3907191,0.8419777,0.3768116,2024-05-21,9341,"{""type"":""MultiPoint"",""coordinates"":[]}"
9344_0,0.3581647,0.8897413,0.36039045,2024-05-21,9344,"{""type"":""MultiPoint"",""coordinates"":[]}"
9345_0,0.18143222,0.67246836,0.18764044,2024-05-21,9345,"{""type"":""MultiPoint"",""coordinates"":[]}"
9348_0,0.2767064,0.7917485,0.24222474,2024-05-21,9348,"{""type"":""MultiPoint"",""coordinates"":[]}"
9349_0,0.25,0.7167883,0.16666667,2024-05-21,9349,"{""type"":""MultiPoint"",""coordinates"":[]}"
9350_0,0.2378902,0.731934,0.24001718,2024-05-21,9350,"{""type"":""MultiPoint"",""coordinates"":[]}"
9351_0,0.27527094,0.75222164,0.291466,2024-05-21,9351,"{""type"":""MultiPoint"",""coordinates"":[]}"
9352_0,0.22456065,0.697318,0.19595051,2024-05-21,9352,"{""type"":""MultiPoint"",""coordinates"":[]}"
9353_0,0.22878852,0.6997033,0.2210616,2024-05-21,9353,"{""type"":""MultiPoint"",""coordinates"":[]}"
9354_0,0.11986514,0.048409406,0.10014514,2024-05-21,9354,"{""type"":""MultiPoint"",""coordinates"":[]}"
9355_0,0.15479507,0.65759224,0.12664473,2024-05-21,9355,"{""type"":""MultiPoint"",""coordinates"":[]}"
9357_0,0.12844451,0.55678433,0.116875194,2024-05-21,9357,"{""type"":""MultiPoint"",""coordinates"":[]}"
9358_0,0.22270398,0.72690296,0.20226537,2024-05-21,9358,"{""type"":""MultiPoint"",""coordinates"":[]}"
9359_0,0.041767344,0.5173536,0.003946896,2024-05-21,9359,"{""type"":""MultiPoint"",""coordinates"":[]}"
9360_0,0.22902495,0.70740515,0.20526987,2024-05-21,9360,"{""type"":""MultiPoint"",""coordinates"":[]}"
9361_0,0.08708107,0.57327396,0.051346928,2024-05-21,9361,"{""type"":""MultiPoint"",""coordinates"":[]}"
9362_0,0.04605563,0.560095,0.022734351,2024-05-21,9362,"{""type"":""MultiPoint"",""coordinates"":[]}"
9363_0,0.32655057,0.80210525,0.33100098,2024-05-21,9363,"{""type"":""MultiPoint"",""coordinates"":[]}"
9364_0,-0.03918636,0.21052632,-0.03794443,2024-05-21,9364,"{""type"":""MultiPoint"",""coordinates"":[]}"
9365_0,0.03793446,0.5821352,0.032747604,2024-05-21,9365,"{""type"":""MultiPoint"",""coordinates"":[]}"
9366_0,0.19844645,0.58748674,0.16024026,2024-05-21,9366,"{""type"":""MultiPoint"",""coordinates"":[]}"
9367_0,0.27978143,0.77867407,0.28174388,2024-05-21,9367,"{""type"":""MultiPoint"",""coordinates"":[]}"
9368_0,0.32919255,0.840693,0.33701658,2024-05-21,9368,"{""type"":""MultiPoint"",""coordinates"":[]}"
9369_0,0.021406727,0.5243394,-0.010830325,2024-05-21,9369,"{""type"":""MultiPoint"",""coordinates"":[]}"
9370_0,0.25989673,0.6932271,0.22522523,2024-05-21,9370,"{""type"":""MultiPoint"",""coordinates"":[]}"
9371_0,0.015384615,0.09654504,-0.04445695,2024-05-21,9371,"{""type"":""MultiPoint"",""coordinates"":[]}"
9372_0,0.20629661,0.5762712,-0.12573443,2024-05-21,9372,"{""type"":""MultiPoint"",""coordinates"":[]}"
9373_0,0.09170912,0.15172079,0.09568826,2024-05-21,9373,"{""type"":""MultiPoint"",""coordinates"":[]}"
9374_0,0.03647117,0.07522567,0.04610881,2024-05-21,9374,"{""type"":""MultiPoint"",""coordinates"":[]}"
9375_0,0.14049587,0.525641,0.11041991,2024-05-21,9375,"{""type"":""MultiPoint"",""coordinates"":[]}"
9376_0,0.08533747,0.63171035,0.051488336,2024-05-21,9376,"{""type"":""MultiPoint"",""coordinates"":[]}"
9377_0,0.13237387,0.5047022,0.10109782,2024-05-21,9377,"{""type"":""MultiPoint"",""coordinates"":[]}"
9378_0,0.04159773,0.11699779,-8.638776E-4,2024-05-21,9378,"{""type"":""MultiPoint"",""coordinates"":[]}"
9379_0,0.11968534,0.43961352,0.11819887,2024-05-21,9379,"{""type"":""MultiPoint"",""coordinates"":[]}"
9380_0,0.09469775,0.022022022,0.10752542,2024-05-21,9380,"{""type"":""MultiPoint"",""coordinates"":[]}"
9381_0,0.2007435,0.6595461,0.18212079,2024-05-21,9381,"{""type"":""MultiPoint"",""coordinates"":[]}"
9382_0,0.23865186,0.720567,0.20698053,2024-05-21,9382,"{""type"":""MultiPoint"",""coordinates"":[]}"
9383_0,0.10716678,0.6360872,0.095351204,2024-05-21,9383,"{""type"":""MultiPoint"",""coordinates"":[]}"
9974_0,0.3102535,0.7301751,0.2965464,2024-05-21,9974,"{""type"":""MultiPoint"",""coordinates"":[]}"
9975_0,0.15115005,0.68509054,0.078478,2024-05-21,9975,"{""type"":""MultiPoint"",""coordinates"":[]}"
9976_0,0.34164503,0.82992876,0.33912742,2024-05-21,9976,"{""type"":""MultiPoint"",""coordinates"":[]}"
9977_0,0.14899759,0.7063492,0.12916462,2024-05-21,9977,"{""type"":""MultiPoint"",""coordinates"":[]}"
9979_0,0.35728744,0.87711054,0.35955623,2024-05-21,9979,"{""type"":""MultiPoint"",""coordinates"":[]}"
9981_0,0.2429003,0.77163905,0.21120554,2024-05-21,9981,"{""type"":""MultiPoint"",""coordinates"":[]}"
9982_0,0.16542473,0.68296295,0.14979757,2024-05-21,9982,"{""type"":""MultiPoint"",""coordinates"":[]}"
9983_0,0.27309236,0.76627713,0.18742986,2024-05-21,9983,"{""type"":""MultiPoint"",""coordinates"":[]}"
9984_0,0.16505231,0.7246654,0.11335116,2024-05-21,9984,"{""type"":""MultiPoint"",""coordinates"":[]}"
9985_0,0.1910569,0.8023938,0.19495876,2024-05-21,9985,"{""type"":""MultiPoint"",""coordinates"":[]}"
9986_0,0.23335974,0.7551614,0.21865536,2024-05-21,9986,"{""type"":""MultiPoint"",""coordinates"":[]}"
9987_0,0.1881283,0.6888889,0.17829457,2024-05-21,9987,"{""type"":""MultiPoint"",""coordinates"":[]}"
9989_0,0.15060976,0.6426275,0.12417479,2024-05-21,9989,"{""type"":""MultiPoint"",""coordinates"":[]}"
9990_0,0.2450599,0.7517305,0.22018644,2024-05-21,9990,"{""type"":""MultiPoint"",""coordinates"":[]}"
9991_0,0.109251656,0.6049618,0.087793045,2024-05-21,9991,"{""type"":""MultiPoint"",""coordinates"":[]}"
9992_0,-0.0033407572,0.47733334,-0.040415704,2024-05-21,9992,"{""type"":""MultiPoint"",""coordinates"":[]}"
9993_0,0.02146558,0.45372868,-0.010548846,2024-05-21,9993,"{""type"":""MultiPoint"",""coordinates"":[]}"
9994_0,0.12565751,0.5448044,0.10204082,2024-05-21,9994,"{""type"":""MultiPoint"",""coordinates"":[]}"
9995_0,0.18477921,0.6876457,0.163426,2024-05-21,9995,"{""type"":""MultiPoint"",""coordinates"":[]}"
9996_0,0.13701016,0.49860945,0.118458115,2024-05-21,9996,"{""type"":""MultiPoint"",""coordinates"":[]}"
9997_0,0.11943794,0.62879175,0.09241379,2024-05-21,9997,"{""type"":""MultiPoint"",""coordinates"":[]}"
9998_0,0.23411563,0.77258825,0.22733398,2024-05-21,9998,"{""type"":""MultiPoint"",""coordinates"":[]}"
9999_0,0.14773218,0.6200627,0.13407944,2024-05-21,9999,"{""type"":""MultiPoint"",""coordinates"":[]}"
10000_0,0.06340129,0.31746587,-3.9835347E-4,2024-05-21,10000,"{""type"":""MultiPoint"",""coordinates"":[]}"
10001_0,-0.028638497,0.26413345,-0.034222327,2024-05-21,10001,"{""type"":""MultiPoint"",""coordinates"":[]}"
10002_0,0.20581114,0.8235294,0.23827218,2024-05-21,10002,"{""type"":""MultiPoint"",""coordinates"":[]}"
10003_0,0.26922062,0.8149161,0.25384408,2024-05-21,10003,"{""type"":""MultiPoint"",""coordinates"":[]}"
10004_0,0.18870819,0.78545713,0.16907606,2024-05-21,10004,"{""type"":""MultiPoint"",""coordinates"":[]}"
10005_0,0.14722392,0.045122474,0.21349716,2024-05-21,10005,"{""type"":""MultiPoint"",""coordinates"":[]}"
10006_0,0.07868907,0.6049784,0.03435048,2024-05-21,10006,"{""type"":""MultiPoint"",""coordinates"":[]}"
10007_0,0.2460127,0.77096635,0.21797687,2024-05-21,10007,"{""type"":""MultiPoint"",""coordinates"":[]}"
10008_0,0.003798251,0.06937886,0.021601457,2024-05-21,10008,"{""type"":""MultiPoint"",""coordinates"":[]}"
10009_0,0.26340997,0.85717696,0.2552058,2024-05-21,10009,"{""type"":""MultiPoint"",""coordinates"":[]}"
10010_0,0.23715848,0.58576053,0.16805722,2024-05-21,10010,"{""type"":""MultiPoint"",""coordinates"":[]}"
10012_0,0.03787005,0.10149616,0.042380176,2024-05-21,10012,"{""type"":""MultiPoint"",""coordinates"":[]}"
10013_0,0.23544715,0.7205323,0.21252722,2024-05-21,10013,"{""type"":""MultiPoint"",""coordinates"":[]}"
10014_0,0.21772589,0.7350111,0.22786799,2024-05-21,10014,"{""type"":""MultiPoint"",""coordinates"":[]}"
10015_0,0.18039216,0.6787149,0.14285715,2024-05-21,10015,"{""type"":""MultiPoint"",""coordinates"":[]}"
10016_0,0.079845816,0.24343015,0.036609974,2024-05-21,10016,"{""type"":""MultiPoint"",""coordinates"":[]}"
10017_0,0.3520632,0.6468039,0.34632418,2024-05-21,10017,"{""type"":""MultiPoint"",""coordinates"":[]}"
10018_0,0.2170325,0.6642599,0.21716172,2024-05-21,10018,"{""type"":""MultiPoint"",""coordinates"":[]}"
10019_0,0.25371924,0.7674778,0.24771643,2024-05-21,10019,"{""type"":""MultiPoint"",""coordinates"":[]}"
10020_0,0.04101162,0.1507877,0.044603337,2024-05-21,10020,"{""type"":""MultiPoint"",""coordinates"":[]}"
10023_0,0.045529183,0.5440932,0.007913111,2024-05-21,10023,"{""type"":""MultiPoint"",""coordinates"":[]}"
10024_0,0.28807038,0.77663857,0.30395055,2024-05-21,10024,"{""type"":""MultiPoint"",""coordinates"":[]}"
10025_0,0.20696038,0.74010664,0.18275468,2024-05-21,10025,"{""type"":""MultiPoint"",""coordinates"":[]}"
10026_0,0.32063076,0.73792034,0.26987714,2024-05-21,10026,"{""type"":""MultiPoint"",""coordinates"":[]}"
10027_0,0.17701651,0.651927,0.14914632,2024-05-21,10027,"{""type"":""MultiPoint"",""coordinates"":[]}"
10029_0,0.06548033,0.46404177,0.040399715,2024-05-21,10029,"{""type"":""MultiPoint"",""coordinates"":[]}"
10030_0,0.100396074,0.4017341,0.053965956,2024-05-21,10030,"{""type"":""MultiPoint"",""coordinates"":[]}"
10031_0,0.18415911,0.5846078,0.16609184,2024-05-21,10031,"{""type"":""MultiPoint"",""coordinates"":[]}"
10032_0,0.23425692,0.7610738,0.17985612,2024-05-21,10032,"{""type"":""MultiPoint"",""coordinates"":[]}"
10033_0,0.060501296,0.24056605,0.094920896,2024-05-21,10033,"{""type"":""MultiPoint"",""coordinates"":[]}"
10034_0,0.18573321,0.024990946,0.21108377,2024-05-21,10034,"{""type"":""MultiPoint"",""coordinates"":[]}"
10035_0,0.17178857,0.029441625,0.20159976,2024-05-21,10035,"{""type"":""MultiPoint"",""coordinates"":[]}"
10036_0,0.15862256,0.6475444,0.12529951,2024-05-21,10036,"{""type"":""MultiPoint"",""coordinates"":[]}"
10037_0,0.30559427,0.70382,0.3024,2024-05-21,10037,"{""type"":""MultiPoint"",""coordinates"":[]}"
10038_0,0.1328988,-0.0018691589,0.1497006,2024-05-21,10038,"{""type"":""MultiPoint"",""coordinates"":[]}"
10039_0,0.18832117,0.63076925,0.119324185,2024-05-21,10039,"{""type"":""MultiPoint"",""coordinates"":[]}"
10040_0,0.13723394,-0.0134417005,0.13158838,2024-05-21,10040,"{""type"":""MultiPoint"",""coordinates"":[]}"
10041_0,0.10424522,0.50362444,0.0838517,2024-05-21,10041,"{""type"":""MultiPoint"",""coordinates"":[]}"
10042_0,0.16186528,0.45724383,0.009794319,2024-05-21,10042,"{""type"":""MultiPoint"",""coordinates"":[]}"
10043_0,-0.009953343,0.505988,-0.036552273,2024-05-21,10043,"{""type"":""MultiPoint"",""coordinates"":[]}"
10044_0,0.09612216,0.2554966,0.09403215,2024-05-21,10044,"{""type"":""MultiPoint"",""coordinates"":[]}"
10045_0,0.14462171,0.64788735,0.1178344,2024-05-21,10045,"{""type"":""MultiPoint"",""coordinates"":[]}"
10046_0,0.15260972,0.51253283,0.14907508,2024-05-21,10046,"{""type"":""MultiPoint"",""coordinates"":[]}"
10047_0,0.23296651,0.83829194,0.23170732,2024-05-21,10047,"{""type"":""MultiPoint"",""coordinates"":[]}"
10048_0,0.12606665,0.5395649,0.08527132,2024-05-21,10048,"{""type"":""MultiPoint"",""coordinates"":[]}"
10049_0,0.019264044,0.49238577,-0.016134815,2024-05-21,10049,"{""type"":""MultiPoint"",""coordinates"":[]}"
10050_0,0.3122199,0.73062015,0.21620701,2024-05-21,10050,"{""type"":""MultiPoint"",""coordinates"":[]}"
10051_0,0.07524908,0.5085976,0.05632107,2024-05-21,10051,"{""type"":""MultiPoint"",""coordinates"":[]}"
10052_0,0.14274417,0.62200713,0.18983558,2024-05-21,10052,"{""type"":""MultiPoint"",""coordinates"":[]}"
10053_0,0.3686365,0.87192756,0.4021318,2024-05-21,10053,"{""type"":""MultiPoint"",""coordinates"":[]}"
10054_0,0.04708413,0.5669947,0.018826135,2024-05-21,10054,"{""type"":""MultiPoint"",""coordinates"":[]}"
10055_0,0.066108786,0.4323328,0.09854604,2024-05-21,10055,"{""type"":""MultiPoint"",""coordinates"":[]}"
10056_0,0.12981187,0.093029715,0.13388549,2024-05-21,10056,"{""type"":""MultiPoint"",""coordinates"":[]}"
10057_0,0.3173108,0.66493237,0.20709166,2024-05-21,10057,"{""type"":""MultiPoint"",""coordinates"":[]}"
10058_0,0.40432063,0.89058805,0.40767696,2024-05-21,10058,"{""type"":""MultiPoint"",""coordinates"":[]}"
10059_0,0.07623674,0.16808425,0.10635849,2024-05-21,10059,"{""type"":""MultiPoint"",""coordinates"":[]}"
10060_0,0.3022029,0.86197567,0.29465267,2024-05-21,10060,"{""type"":""MultiPoint"",""coordinates"":[]}"
10061_0,0.34370017,0.86066926,0.3465661,2024-05-21,10061,"{""type"":""MultiPoint"",""coordinates"":[]}"
10062_0,0.12911843,0.62986004,0.11117843,2024-05-21,10062,"{""type"":""MultiPoint"",""coordinates"":[]}"
10063_0,0.13612866,0.45345795,0.1276102,2024-05-21,10063,"{""type"":""MultiPoint"",""coordinates"":[]}"
10064_0,0.18163967,0.6318198,0.1633626,2024-05-21,10064,"{""type"":""MultiPoint"",""coordinates"":[]}"
10065_0,0.21840516,0.8009828,0.21938033,2024-05-21,10065,"{""type"":""MultiPoint"",""coordinates"":[]}"
10066_0,0.1726172,0.74237597,0.17911597,2024-05-21,10066,"{""type"":""MultiPoint"",""coordinates"":[]}"
10067_0,0.27716836,0.83996505,0.26006886,2024-05-21,10067,"{""type"":""MultiPoint"",""coordinates"":[]}"
10068_0,0.17338055,0.6666667,0.14876159,2024-05-21,10068,"{""type"":""MultiPoint"",""coordinates"":[]}"
10069_0,0.12726176,0.6339286,0.116875194,2024-05-21,10069,"{""type"":""MultiPoint"",""coordinates"":[]}"
10070_0,0.117507786,0.06077348,0.1700457,2024-05-21,10070,"{""type"":""MultiPoint"",""coordinates"":[]}"
10071_0,0.28889602,0.8319635,0.28775477,2024-05-21,10071,"{""type"":""MultiPoint"",""coordinates"":[]}"
10072_0,0.36181343,0.8278788,0.34642857,2024-05-21,10072,"{""type"":""MultiPoint"",""coordinates"":[]}"
10073_0,0.057608068,0.105672106,-7.8995875E-4,2024-05-21,10073,"{""type"":""MultiPoint"",""coordinates"":[]}"
10074_0,0.39255115,0.8664227,0.40278494,2024-05-21,10074,"{""type"":""MultiPoint"",""coordinates"":[]}"
10075_0,0.4016956,0.88902193,0.36074767,2024-05-21,10075,"{""type"":""MultiPoint"",""coordinates"":[]}"
10076_0,0.103550844,0.5965616,0.07215701,2024-05-21,10076,"{""type"":""MultiPoint"",""coordinates"":[]}"
10077_0,0.2893937,0.86380595,0.28550747,2024-05-21,10077,"{""type"":""MultiPoint"",""coordinates"":[]}"
10079_0,0.30558813,0.7807457,0.2859152,2024-05-21,10079,"{""type"":""MultiPoint"",""coordinates"":[]}"
10080_0,0.30132502,0.81698483,0.29760227,2024-05-21,10080,"{""type"":""MultiPoint"",""coordinates"":[]}"
10081_0,0.09153846,0.34805274,0.107444264,2024-05-21,10081,"{""type"":""MultiPoint"",""coordinates"":[]}"
10082_0,0.2665539,0.8031794,0.2564948,2024-05-21,10082,"{""type"":""MultiPoint"",""coordinates"":[]}"
10084_0,0.2450267,0.83671546,0.25024092,2024-05-21,10084,"{""type"":""MultiPoint"",""coordinates"":[]}"
10085_0,0.19352183,0.53255427,-0.23083368,2024-05-21,10085,"{""type"":""MultiPoint"",""coordinates"":[]}"
10087_0,0.23993288,0.78893936,0.19294494,2024-05-21,10087,"{""type"":""MultiPoint"",""coordinates"":[]}"
10089_0,0.34893352,0.79988694,0.3389403,2024-05-21,10089,"{""type"":""MultiPoint"",""coordinates"":[]}"
10090_0,0.3592993,0.866165,0.33769986,2024-05-21,10090,"{""type"":""MultiPoint"",""coordinates"":[]}"
10092_0,0.15045486,0.6810982,0.13471134,2024-05-21,10092,"{""type"":""MultiPoint"",""coordinates"":[]}"
10093_0,0.3500775,0.88695043,0.3185956,2024-05-21,10093,"{""type"":""MultiPoint"",""coordinates"":[]}"
10094_0,0.24517491,0.77066666,0.22830276,2024-05-21,10094,"{""type"":""MultiPoint"",""coordinates"":[]}"
10097_0,0.19487019,0.7251436,0.20531029,2024-05-21,10097,"{""type"":""MultiPoint"",""coordinates"":[]}"
10098_0,0.3643001,0.87038434,0.32567766,2024-05-21,10098,"{""type"":""MultiPoint"",""coordinates"":[]}"
10099_0,0.20007536,0.72558004,0.17312561,2024-05-21,10099,"{""type"":""MultiPoint"",""coordinates"":[]}"
10100_0,0.29360464,0.7582418,0.29667148,2024-05-21,10100,"{""type"":""MultiPoint"",""coordinates"":[]}"
10102_0,0.24514948,0.73245615,0.21026427,2024-05-21,10102,"{""type"":""MultiPoint"",""coordinates"":[]}"
10103_0,0.03813494,0.49245283,0.0078037903,2024-05-21,10103,"{""type"":""MultiPoint"",""coordinates"":[]}"
10104_0,0.20099834,0.7936588,0.19497067,2024-05-21,10104,"{""type"":""MultiPoint"",""coordinates"":[]}"
10105_0,0.38844064,0.855881,0.36501965,2024-05-21,10105,"{""type"":""MultiPoint"",""coordinates"":[]}"
10106_0,0.044219185,0.5147512,0.027939638,2024-05-21,10106,"{""type"":""MultiPoint"",""coordinates"":[]}"
10109_0,0.16720721,0.5908856,0.14137098,2024-05-21,10109,"{""type"":""MultiPoint"",""coordinates"":[]}"
10110_0,0.05658915,0.64490545,0.051072124,2024-05-21,10110,"{""type"":""MultiPoint"",""coordinates"":[]}"
10111_0,0.21256801,0.69473684,0.17883946,2024-05-21,10111,"{""type"":""MultiPoint"",""coordinates"":[]}"
10113_0,0.17193308,0.74857146,0.1574468,2024-05-21,10113,"{""type"":""MultiPoint"",""coordinates"":[]}"
10118_0,0.08821454,0.5090138,0.04825046,2024-05-21,10118,"{""type"":""MultiPoint"",""coordinates"":[]}"
10119_0,0.12874779,0.6355616,0.098951206,2024-05-21,10119,"{""type"":""MultiPoint"",""coordinates"":[]}"
10120_0,0.1457265,0.63835263,0.12035204,2024-05-21,10120,"{""type"":""MultiPoint"",""coordinates"":[]}"
10121_0,0.25072888,0.73273826,0.23226288,2024-05-21,10121,"{""type"":""MultiPoint"",""coordinates"":[]}"
10122_0,0.12979174,0.6718856,0.12197351,2024-05-21,10122,"{""type"":""MultiPoint"",""coordinates"":[]}"
10123_0,0.29733488,0.7868453,0.31865168,2024-05-21,10123,"{""type"":""MultiPoint"",""coordinates"":[]}"
10124_0,0.09496085,0.60193586,0.08037536,2024-05-21,10124,"{""type"":""MultiPoint"",""coordinates"":[]}"
10125_0,0.18392158,0.7401598,0.17108145,2024-05-21,10125,"{""type"":""MultiPoint"",""coordinates"":[]}"
10126_0,0.19139785,0.7148171,0.19070168,2024-05-21,10126,"{""type"":""MultiPoint"",""coordinates"":[]}"
10127_0,0.17937219,0.651398,0.15932345,2024-05-21,10127,"{""type"":""MultiPoint"",""coordinates"":[]}"
10128_0,0.23767294,0.723205,0.21296465,2024-05-21,10128,"{""type"":""MultiPoint"",""coordinates"":[]}"
10129_0,0.016657094,0.4815246,-0.0043019163,2024-05-21,10129,"{""type"":""MultiPoint"",""coordinates"":[]}"
10130_0,0.2793747,0.7020116,0.27184713,2024-05-21,10130,"{""type"":""MultiPoint"",""coordinates"":[]}"
10131_0,0.29851028,0.7425324,0.27851048,2024-05-21,10131,"{""type"":""MultiPoint"",""coordinates"":[]}"
10132_0,0.36705813,0.88156796,0.3643786,2024-05-21,10132,"{""type"":""MultiPoint"",""coordinates"":[]}"
10133_0,0.36384976,0.82572615,0.32694694,2024-05-21,10133,"{""type"":""MultiPoint"",""coordinates"":[]}"
10134_0,0.12803951,0.70298314,0.067262754,2024-05-21,10134,"{""type"":""MultiPoint"",""coordinates"":[]}"
10135_0,-0.06925603,0.4900437,-0.099236645,2024-05-21,10135,"{""type"":""MultiPoint"",""coordinates"":[]}"
10136_0,0.11684783,0.6299739,0.104506984,2024-05-21,10136,"{""type"":""MultiPoint"",""coordinates"":[]}"
10137_0,-0.013545594,0.5303717,-0.03611706,2024-05-21,10137,"{""type"":""MultiPoint"",""coordinates"":[]}"
10138_0,0.16784774,0.6735187,0.1478333,2024-05-21,10138,"{""type"":""MultiPoint"",""coordinates"":[]}"
10139_0,0.11872994,0.62017655,0.10359045,2024-05-21,10139,"{""type"":""MultiPoint"",""coordinates"":[]}"
10140_0,0.09833175,0.013979496,0.13392392,2024-05-21,10140,"{""type"":""MultiPoint"",""coordinates"":[]}"
10141_0,0.10098665,3.381806E-4,0.12013633,2024-05-21,10141,"{""type"":""MultiPoint"",""coordinates"":[]}"
10142_0,0.06368515,0.282906,0.06851753,2024-05-21,10142,"{""type"":""MultiPoint"",""coordinates"":[]}"
10143_0,0.25169778,0.6960519,0.28026128,2024-05-21,10143,"{""type"":""MultiPoint"",""coordinates"":[]}"
10144_0,0.010580411,0.14927346,0.22924761,2024-05-21,10144,"{""type"":""MultiPoint"",""coordinates"":[]}"
10145_0,0.07898021,0.6202965,0.047741935,2024-05-21,10145,"{""type"":""MultiPoint"",""coordinates"":[]}"
10146_0,0.027031064,0.036639858,0.033024117,2024-05-21,10146,"{""type"":""MultiPoint"",""coordinates"":[]}"
10147_0,0.09673419,0.45767415,0.09166493,2024-05-21,10147,"{""type"":""MultiPoint"",""coordinates"":[]}"
10148_0,0.10168507,0.24534987,0.096082635,2024-05-21,10148,"{""type"":""MultiPoint"",""coordinates"":[]}"
10149_0,0.22276366,0.7278663,0.1940083,2024-05-21,10149,"{""type"":""MultiPoint"",""coordinates"":[]}"
10150_0,0.27409706,0.74150527,0.25205478,2024-05-21,10150,"{""type"":""MultiPoint"",""coordinates"":[]}"
10728_0,0.09462766,0.041420117,0.08173276,2024-05-21,10728,"{""type"":""MultiPoint"",""coordinates"":[]}"
10729_0,0.1727826,0.68063545,0.15533797,2024-05-21,10729,"{""type"":""MultiPoint"",""coordinates"":[]}"
10730_0,0.21480103,0.704494,0.21952347,2024-05-21,10730,"{""type"":""MultiPoint"",""coordinates"":[]}"
10731_0,0.16008894,0.5156838,0.0905808,2024-05-21,10731,"{""type"":""MultiPoint"",""coordinates"":[]}"
10732_0,0.14585595,0.58471763,0.09613175,2024-05-21,10732,"{""type"":""MultiPoint"",""coordinates"":[]}"
10734_0,0.34658188,0.8795181,0.35224587,2024-05-21,10734,"{""type"":""MultiPoint"",""coordinates"":[]}"
10735_0,0.06264622,0.5811727,0.047291942,2024-05-21,10735,"{""type"":""MultiPoint"",""coordinates"":[]}"
10736_0,0.22273917,0.7931336,0.2106895,2024-05-21,10736,"{""type"":""MultiPoint"",""coordinates"":[]}"
10737_0,0.2887078,0.7846837,0.27391562,2024-05-21,10737,"{""type"":""MultiPoint"",""coordinates"":[]}"
10738_0,0.24277996,0.74819744,0.21604939,2024-05-21,10738,"{""type"":""MultiPoint"",""coordinates"":[]}"
10739_0,0.22403908,0.30179754,0.20200917,2024-05-21,10739,"{""type"":""MultiPoint"",""coordinates"":[]}"
10740_0,0.210315,0.7601005,0.24360302,2024-05-21,10740,"{""type"":""MultiPoint"",""coordinates"":[]}"
10741_0,0.119387604,0.6573778,0.0962381,2024-05-21,10741,"{""type"":""MultiPoint"",""coordinates"":[]}"
10743_0,0.04333712,0.48929963,0.01913796,2024-05-21,10743,"{""type"":""MultiPoint"",""coordinates"":[]}"
10744_0,0.2501058,0.6812589,0.24755839,2024-05-21,10744,"{""type"":""MultiPoint"",""coordinates"":[]}"
10745_0,0.15535532,0.66226673,0.11375419,2024-05-21,10745,"{""type"":""MultiPoint"",""coordinates"":[]}"
10746_0,0.24225397,0.8701051,0.24792862,2024-05-21,10746,"{""type"":""MultiPoint"",""coordinates"":[]}"
10748_0,0.24485981,0.6281525,0.20853287,2024-05-21,10748,"{""type"":""MultiPoint"",""coordinates"":[]}"
10749_0,0.16855037,0.74862295,0.15820895,2024-05-21,10749,"{""type"":""MultiPoint"",""coordinates"":[]}"
10750_0,0.07162357,0.092289716,0.12812005,2024-05-21,10750,"{""type"":""MultiPoint"",""coordinates"":[]}"
10751_0,0.25647715,0.66851854,0.25531173,2024-05-21,10751,"{""type"":""MultiPoint"",""coordinates"":[]}"
10752_0,0.07977907,0.7430057,0.07992023,2024-05-21,10752,"{""type"":""MultiPoint"",""coordinates"":[]}"
10754_0,0.13926701,0.61626697,0.113905855,2024-05-21,10754,"{""type"":""MultiPoint"",""coordinates"":[]}"
10755_0,0.24855492,0.55539465,0.20067076,2024-05-21,10755,"{""type"":""MultiPoint"",""coordinates"":[]}"
10756_0,0.12529516,0.09284088,0.18624288,2024-05-21,10756,"{""type"":""MultiPoint"",""coordinates"":[]}"
10757_0,0.13421914,0.18977469,0.099719666,2024-05-21,10757,"{""type"":""MultiPoint"",""coordinates"":[]}"
10758_0,0.18888406,0.5035629,0.1509091,2024-05-21,10758,"{""type"":""MultiPoint"",""coordinates"":[]}"
10759_0,0.15669926,0.67587626,0.1616407,2024-05-21,10759,"{""type"":""MultiPoint"",""coordinates"":[]}"
10760_0,0.17848262,-0.013710368,0.15236844,2024-05-21,10760,"{""type"":""MultiPoint"",""coordinates"":[]}"
10761_0,0.047744486,0.26308444,0.111793615,2024-05-21,10761,"{""type"":""MultiPoint"",""coordinates"":[]}"
10763_0,0.25457337,0.80300224,0.24315894,2024-05-21,10763,"{""type"":""MultiPoint"",""coordinates"":[]}"
10764_0,0.16957988,0.7613477,0.1631644,2024-05-21,10764,"{""type"":""MultiPoint"",""coordinates"":[]}"
10765_0,0.23461592,0.7370549,0.2417779,2024-05-21,10765,"{""type"":""MultiPoint"",""coordinates"":[]}"
10766_0,0.19158612,0.5625,0.16890708,2024-05-21,10766,"{""type"":""MultiPoint"",""coordinates"":[]}"
10767_0,0.11199365,0.50460327,0.10229645,2024-05-21,10767,"{""type"":""MultiPoint"",""coordinates"":[]}"
10768_0,0.10843025,-0.013670886,0.11609253,2024-05-21,10768,"{""type"":""MultiPoint"",""coordinates"":[]}"
10769_0,0.1120926,0.69674927,0.12291259,2024-05-21,10769,"{""type"":""MultiPoint"",""coordinates"":[]}"
10770_0,0.38259235,0.7963303,0.33016303,2024-05-21,10770,"{""type"":""MultiPoint"",""coordinates"":[]}"
10772_0,0.060196307,0.024864865,0.051143453,2024-05-21,10772,"{""type"":""MultiPoint"",""coordinates"":[]}"
10773_0,0.20115775,0.70672095,0.13090418,2024-05-21,10773,"{""type"":""MultiPoint"",""coordinates"":[]}"
10774_0,0.16511539,0.7270115,0.18980451,2024-05-21,10774,"{""type"":""MultiPoint"",""coordinates"":[]}"
10775_0,0.24300672,0.7313569,0.22097138,2024-05-21,10775,"{""type"":""MultiPoint"",""coordinates"":[]}"
10776_0,0.19730876,0.7067349,0.186722,2024-05-21,10776,"{""type"":""MultiPoint"",""coordinates"":[]}"
10777_0,0.20272727,0.747397,0.18933909,2024-05-21,10777,"{""type"":""MultiPoint"",""coordinates"":[]}"
10778_0,0.07610667,0.09099901,0.12400484,2024-05-21,10778,"{""type"":""MultiPoint"",""coordinates"":[]}"
10781_0,0.101506904,-0.013630731,-0.14832152,2024-05-21,10781,"{""type"":""MultiPoint"",""coordinates"":[]}"
10782_0,0.20409247,0.51571167,0.15574348,2024-05-21,10782,"{""type"":""MultiPoint"",""coordinates"":[]}"
10783_0,0.08486772,0.09090909,0.0023073372,2024-05-21,10783,"{""type"":""MultiPoint"",""coordinates"":[]}"
10784_0,0.3295053,0.85607743,0.3381776,2024-05-21,10784,"{""type"":""MultiPoint"",""coordinates"":[]}"
10785_0,0.24888474,0.6651339,0.2594108,2024-05-21,10785,"{""type"":""MultiPoint"",""coordinates"":[]}"
10786_0,0.23485164,0.5022279,0.12622286,2024-05-21,10786,"{""type"":""MultiPoint"",""coordinates"":[]}"
10787_0,-0.0057571293,0.32139167,0.010537407,2024-05-21,10787,"{""type"":""MultiPoint"",""coordinates"":[]}"
10788_0,0.3463671,0.8847544,0.32853717,2024-05-21,10788,"{""type"":""MultiPoint"",""coordinates"":[]}"
10789_0,0.21015054,-0.0038655961,0.18678594,2024-05-21,10789,"{""type"":""MultiPoint"",""coordinates"":[]}"
10791_0,0.09006111,0.4648625,0.08520614,2024-05-21,10791,"{""type"":""MultiPoint"",""coordinates"":[]}"
10792_0,0.13103186,0.6972024,0.15189873,2024-05-21,10792,"{""type"":""MultiPoint"",""coordinates"":[]}"
10793_0,0.46086955,0.86745214,0.4376417,2024-05-21,10793,"{""type"":""MultiPoint"",""coordinates"":[]}"
10794_0,0.05467372,0.044391733,0.022222223,2024-05-21,10794,"{""type"":""MultiPoint"",""coordinates"":[]}"
10795_0,0.24177036,0.59554416,0.21480998,2024-05-21,10795,"{""type"":""MultiPoint"",""coordinates"":[]}"
10796_0,0.22849731,0.651357,0.24151462,2024-05-21,10796,"{""type"":""MultiPoint"",""coordinates"":[]}"
10797_0,0.20954733,0.74881965,0.21343161,2024-05-21,10797,"{""type"":""MultiPoint"",""coordinates"":[]}"
10798_0,0.35427573,0.75455266,0.33253157,2024-05-21,10798,"{""type"":""MultiPoint"",""coordinates"":[]}"
10799_0,0.17871617,0.7484472,0.17828646,2024-05-21,10799,"{""type"":""MultiPoint"",""coordinates"":[]}"
10800_0,0.31814197,0.80487806,0.3108946,2024-05-21,10800,"{""type"":""MultiPoint"",""coordinates"":[]}"
10801_0,0.032585695,0.15409836,0.037473686,2024-05-21,10801,"{""type"":""MultiPoint"",""coordinates"":[]}"
10802_0,0.03615471,0.5801394,0.026744021,2024-05-21,10802,"{""type"":""MultiPoint"",""coordinates"":[]}"
10803_0,0.26049632,0.66623765,0.2422837,2024-05-21,10803,"{""type"":""MultiPoint"",""coordinates"":[]}"
10804_0,0.40416878,0.8918549,0.40447155,2024-05-21,10804,"{""type"":""MultiPoint"",""coordinates"":[]}"
10805_0,0.06395595,0.041290674,0.06921241,2024-05-21,10805,"{""type"":""MultiPoint"",""coordinates"":[]}"
10806_0,0.39317915,0.83426654,0.35820895,2024-05-21,10806,"{""type"":""MultiPoint"",""coordinates"":[]}"
10807_0,0.15111111,0.39380938,0.13899323,2024-05-21,10807,"{""type"":""MultiPoint"",""coordinates"":[]}"
10808_0,0.28976783,0.8199835,0.28027883,2024-05-21,10808,"{""type"":""MultiPoint"",""coordinates"":[]}"
10809_0,0.17135605,-0.0047741462,0.17113224,2024-05-21,10809,"{""type"":""MultiPoint"",""coordinates"":[]}"
10810_0,0.06957959,0.5365854,0.067010306,2024-05-21,10810,"{""type"":""MultiPoint"",""coordinates"":[]}"
10811_0,0.1146486,0.58221304,0.07860416,2024-05-21,10811,"{""type"":""MultiPoint"",""coordinates"":[]}"
10812_0,0.2666523,0.73660713,0.29316434,2024-05-21,10812,"{""type"":""MultiPoint"",""coordinates"":[]}"
10813_0,0.15835023,0.700216,0.116912596,2024-05-21,10813,"{""type"":""MultiPoint"",""coordinates"":[]}"
10814_0,0.27486786,0.7481585,0.24568857,2024-05-21,10814,"{""type"":""MultiPoint"",""coordinates"":[]}"
10815_0,0.20138451,0.8098859,0.20012607,2024-05-21,10815,"{""type"":""MultiPoint"",""coordinates"":[]}"
10816_0,0.21464579,0.6855346,0.15186246,2024-05-21,10816,"{""type"":""MultiPoint"",""coordinates"":[]}"
10817_0,0.24995546,0.62373686,0.28413534,2024-05-21,10817,"{""type"":""MultiPoint"",""coordinates"":[]}"
10818_0,0.31535003,0.8722628,0.31622836,2024-05-21,10818,"{""type"":""MultiPoint"",""coordinates"":[]}"
10819_0,0.16216674,0.662392,0.12564239,2024-05-21,10819,"{""type"":""MultiPoint"",""coordinates"":[]}"
10820_0,0.24204947,0.8501292,0.25065503,2024-05-21,10820,"{""type"":""MultiPoint"",""coordinates"":[]}"
10821_0,0.12972309,0.5497954,0.17507112,2024-05-21,10821,"{""type"":""MultiPoint"",""coordinates"":[]}"
10822_0,0.13074742,0.034058657,0.16353959,2024-05-21,10822,"{""type"":""MultiPoint"",""coordinates"":[]}"
10823_0,0.3693773,0.89312977,0.37296036,2024-05-21,10823,"{""type"":""MultiPoint"",""coordinates"":[]}"
10824_0,0.044907257,0.5356784,0.020196961,2024-05-21,10824,"{""type"":""MultiPoint"",""coordinates"":[]}"
10825_0,0.4251093,0.9165297,0.43415713,2024-05-21,10825,"{""type"":""MultiPoint"",""coordinates"":[]}"
10826_0,0.22789116,0.85010314,0.23557325,2024-05-21,10826,"{""type"":""MultiPoint"",""coordinates"":[]}"
10827_0,0.14803272,0.6771084,0.12009656,2024-05-21,10827,"{""type"":""MultiPoint"",""coordinates"":[]}"
10828_0,0.28324592,0.83819926,0.27935475,2024-05-21,10828,"{""type"":""MultiPoint"",""coordinates"":[]}"
10830_0,0.3377118,0.87550056,0.34289065,2024-05-21,10830,"{""type"":""MultiPoint"",""coordinates"":[]}"
10831_0,0.2608482,0.79808813,0.2615737,2024-05-21,10831,"{""type"":""MultiPoint"",""coordinates"":[]}"
10832_0,0.18745123,0.6699392,0.15692307,2024-05-21,10832,"{""type"":""MultiPoint"",""coordinates"":[]}"
10833_0,0.20957614,0.6959166,0.18494536,2024-05-21,10833,"{""type"":""MultiPoint"",""coordinates"":[]}"
10834_0,0.14565217,0.67394614,0.090127334,2024-05-21,10834,"{""type"":""MultiPoint"",""coordinates"":[]}"
10836_0,0.13602142,0.3196689,0.1291737,2024-05-21,10836,"{""type"":""MultiPoint"",""coordinates"":[]}"
10837_0,0.3053435,0.827552,0.27590382,2024-05-21,10837,"{""type"":""MultiPoint"",""coordinates"":[]}"
10838_0,0.28900126,0.7551479,0.25013334,2024-05-21,10838,"{""type"":""MultiPoint"",""coordinates"":[]}"
10839_0,0.1786337,0.6426526,0.17993353,2024-05-21,10839,"{""type"":""MultiPoint"",""coordinates"":[]}"
10840_0,0.35733098,0.795818,0.33211678,2024-05-21,10840,"{""type"":""MultiPoint"",""coordinates"":[]}"
10841_0,0.14285715,0.6797468,0.1179444,2024-05-21,10841,"{""type"":""MultiPoint"",""coordinates"":[]}"
10842_0,0.0959368,0.5404959,0.07559146,2024-05-21,10842,"{""type"":""MultiPoint"",""coordinates"":[]}"
10844_0,0.12540936,0.6689399,0.08504635,2024-05-21,10844,"{""type"":""MultiPoint"",""coordinates"":[]}"
10845_0,0.33041576,0.875,0.34381703,2024-05-21,10845,"{""type"":""MultiPoint"",""coordinates"":[]}"
10846_0,0.17773168,0.5811543,0.17056157,2024-05-21,10846,"{""type"":""MultiPoint"",""coordinates"":[]}"
10847_0,0.171875,0.6548975,0.19416478,2024-05-21,10847,"{""type"":""MultiPoint"",""coordinates"":[]}"
10850_0,0.26343188,0.7889333,0.2257182,2024-05-21,10850,"{""type"":""MultiPoint"",""coordinates"":[]}"
10851_0,0.14979176,0.6910569,0.16853933,2024-05-21,10851,"{""type"":""MultiPoint"",""coordinates"":[]}"
10854_0,0.15402843,0.73410404,0.11524164,2024-05-21,10854,"{""type"":""MultiPoint"",""coordinates"":[]}"
10857_0,0.29037926,0.84,0.26161817,2024-05-21,10857,"{""type"":""MultiPoint"",""coordinates"":[]}"
10858_0,0.33303222,0.8630137,0.33232856,2024-05-21,10858,"{""type"":""MultiPoint"",""coordinates"":[]}"
10860_0,0.17679234,0.66446805,0.15871431,2024-05-21,10860,"{""type"":""MultiPoint"",""coordinates"":[]}"
10862_0,0.1562358,0.69985974,0.13271028,2024-05-21,10862,"{""type"":""MultiPoint"",""coordinates"":[]}"
10863_0,0.085143864,0.5093003,0.044757817,2024-05-21,10863,"{""type"":""MultiPoint"",""coordinates"":[]}"
10864_0,0.28127286,0.7633847,0.26418275,2024-05-21,10864,"{""type"":""MultiPoint"",""coordinates"":[]}"
10865_0,0.17821783,0.68997747,0.1573604,2024-05-21,10865,"{""type"":""MultiPoint"",""coordinates"":[]}"
10866_0,0.087696046,0.60186416,0.07626929,2024-05-21,10866,"{""type"":""MultiPoint"",""coordinates"":[]}"
10867_0,0.21908234,0.73310226,0.21765602,2024-05-21,10867,"{""type"":""MultiPoint"",""coordinates"":[]}"
10868_0,0.26106673,0.7865205,0.23633118,2024-05-21,10868,"{""type"":""MultiPoint"",""coordinates"":[]}"
10869_0,0.3160532,0.87443495,0.3069515,2024-05-21,10869,"{""type"":""MultiPoint"",""coordinates"":[]}"
10870_0,0.06932246,0.52551985,0.04213075,2024-05-21,10870,"{""type"":""MultiPoint"",""coordinates"":[]}"
10871_0,0.15313992,0.6526316,0.15313992,2024-05-21,10871,"{""type"":""MultiPoint"",""coordinates"":[]}"
10872_0,0.26909092,0.7557143,0.20905067,2024-05-21,10872,"{""type"":""MultiPoint"",""coordinates"":[]}"
10874_0,0.24248034,0.7372362,0.21842922,2024-05-21,10874,"{""type"":""MultiPoint"",""coordinates"":[]}"
10875_0,0.24408562,0.7285019,0.22710693,2024-05-21,10875,"{""type"":""MultiPoint"",""coordinates"":[]}"
10876_0,0.059152827,0.56445485,0.0298249,2024-05-21,10876,"{""type"":""MultiPoint"",""coordinates"":[]}"
10877_0,0.00819786,0.3397053,-0.02956873,2024-05-21,10877,"{""type"":""MultiPoint"",""coordinates"":[]}"
10878_0,0.2241993,0.77077365,0.22327791,2024-05-21,10878,"{""type"":""MultiPoint"",""coordinates"":[]}"
10879_0,0.36775482,0.8713563,0.34347975,2024-05-21,10879,"{""type"":""MultiPoint"",""coordinates"":[]}"
10880_0,0.17181706,0.68469155,0.13815282,2024-05-21,10880,"{""type"":""MultiPoint"",""coordinates"":[]}"
10881_0,0.091740124,0.5741406,0.04888889,2024-05-21,10881,"{""type"":""MultiPoint"",""coordinates"":[]}"
10882_0,0.09039074,0.56711495,0.064827584,2024-05-21,10882,"{""type"":""MultiPoint"",""coordinates"":[]}"
10883_0,0.2857143,0.72998804,0.25476602,2024-05-21,10883,"{""type"":""MultiPoint"",""coordinates"":[]}"
10884_0,0.036764707,0.27293843,0.08892201,2024-05-21,10884,"{""type"":""MultiPoint"",""coordinates"":[]}"
10885_0,0.3288658,0.8629072,0.3134533,2024-05-21,10885,"{""type"":""MultiPoint"",""coordinates"":[]}"
10886_0,0.29378185,0.8192352,0.28899837,2024-05-21,10886,"{""type"":""MultiPoint"",""coordinates"":[]}"
10887_0,0.11076818,0.59530795,0.11456377,2024-05-21,10887,"{""type"":""MultiPoint"",""coordinates"":[]}"
10888_0,0.13005419,0.6364232,0.08964013,2024-05-21,10888,"{""type"":""MultiPoint"",""coordinates"":[]}"
10889_0,-0.0032864467,0.5008347,-0.029681597,2024-05-21,10889,"{""type"":""MultiPoint"",""coordinates"":[]}"
10890_0,-0.0012733862,0.050545897,0.008246822,2024-05-21,10890,"{""type"":""MultiPoint"",""coordinates"":[]}"
10891_0,0.08306264,0.22319202,-0.0035551041,2024-05-21,10891,"{""type"":""MultiPoint"",""coordinates"":[]}"
10892_0,0.14885777,-0.010277883,0.059063137,2024-05-21,10892,"{""type"":""MultiPoint"",""coordinates"":[]}"
10893_0,0.049861494,0.009564294,0.08550752,2024-05-21,10893,"{""type"":""MultiPoint"",""coordinates"":[]}"
10894_0,0.2824579,0.6969292,0.27418545,2024-05-21,10894,"{""type"":""MultiPoint"",""coordinates"":[]}"
10895_0,0.30620885,0.70333123,0.29510155,2024-05-21,10895,"{""type"":""MultiPoint"",""coordinates"":[]}"
10896_0,0.29743314,0.82104343,0.2296792,2024-05-21,10896,"{""type"":""MultiPoint"",""coordinates"":[]}"
10897_0,0.17076953,0.6684492,0.13523348,2024-05-21,10897,"{""type"":""MultiPoint"",""coordinates"":[]}"
11406_0,0.15814134,0.6552882,0.15682441,2024-05-21,11406,"{""type"":""MultiPoint"",""coordinates"":[]}"
11407_0,0.19721039,0.6782007,0.16820554,2024-05-21,11407,"{""type"":""MultiPoint"",""coordinates"":[]}"
11409_0,0.10457297,0.54919314,0.055506296,2024-05-21,11409,"{""type"":""MultiPoint"",""coordinates"":[]}"
11410_0,0.061471593,0.50207853,0.036494024,2024-05-21,11410,"{""type"":""MultiPoint"",""coordinates"":[]}"
11411_0,0.17627831,0.59194285,0.1627907,2024-05-21,11411,"{""type"":""MultiPoint"",""coordinates"":[]}"
11412_0,0.1865227,0.68543047,0.16587135,2024-05-21,11412,"{""type"":""MultiPoint"",""coordinates"":[]}"
11413_0,0.12354729,0.64515257,0.10824086,2024-05-21,11413,"{""type"":""MultiPoint"",""coordinates"":[]}"
11414_0,0.073275596,0.06949236,0.07001972,2024-05-21,11414,"{""type"":""MultiPoint"",""coordinates"":[]}"
11415_0,0.023238925,0.23462863,0.108779676,2024-05-21,11415,"{""type"":""MultiPoint"",""coordinates"":[]}"
11416_0,0.25671777,0.79561013,0.21689059,2024-05-21,11416,"{""type"":""MultiPoint"",""coordinates"":[]}"
11417_0,0.20213348,0.7933279,0.20354949,2024-05-21,11417,"{""type"":""MultiPoint"",""coordinates"":[]}"
11418_0,0.32384342,0.68421054,0.11155645,2024-05-21,11418,"{""type"":""MultiPoint"",""coordinates"":[]}"
11419_0,0.27095172,0.7777778,0.27571002,2024-05-21,11419,"{""type"":""MultiPoint"",""coordinates"":[]}"
11421_0,0.13766879,0.33988765,0.15741584,2024-05-21,11421,"{""type"":""MultiPoint"",""coordinates"":[]}"
11422_0,0.2744167,0.736425,0.254719,2024-05-21,11422,"{""type"":""MultiPoint"",""coordinates"":[]}"
11423_0,0.17886671,0.69206846,0.14381833,2024-05-21,11423,"{""type"":""MultiPoint"",""coordinates"":[]}"
11424_0,0.098752946,0.6581898,0.062740974,2024-05-21,11424,"{""type"":""MultiPoint"",""coordinates"":[]}"
11425_0,0.11348655,0.6473891,0.08225747,2024-05-21,11425,"{""type"":""MultiPoint"",""coordinates"":[]}"
11426_0,0.07200506,0.5553398,0.04432855,2024-05-21,11426,"{""type"":""MultiPoint"",""coordinates"":[]}"
11427_0,0.10024351,0.3262195,0.22169563,2024-05-21,11427,"{""type"":""MultiPoint"",""coordinates"":[]}"
11428_0,0.25177413,0.767159,0.25304174,2024-05-21,11428,"{""type"":""MultiPoint"",""coordinates"":[]}"
11429_0,0.20265292,0.7703328,0.19506025,2024-05-21,11429,"{""type"":""MultiPoint"",""coordinates"":[]}"
11430_0,0.14696547,0.046849757,0.22314635,2024-05-21,11430,"{""type"":""MultiPoint"",""coordinates"":[]}"
11431_0,0.025810253,0.1482826,-0.0025469982,2024-05-21,11431,"{""type"":""MultiPoint"",""coordinates"":[]}"
11432_0,0.08152672,0.57676744,0.048101265,2024-05-21,11432,"{""type"":""MultiPoint"",""coordinates"":[]}"
11433_0,0.12514804,0.40770465,0.22571628,2024-05-21,11433,"{""type"":""MultiPoint"",""coordinates"":[]}"
11435_0,0.010784678,0.26497892,0.3853974,2024-05-21,11435,"{""type"":""MultiPoint"",""coordinates"":[]}"
11436_0,0.0653808,0.49593496,0.029597998,2024-05-21,11436,"{""type"":""MultiPoint"",""coordinates"":[]}"
11437_0,0.19126607,0.7148381,0.19521643,2024-05-21,11437,"{""type"":""MultiPoint"",""coordinates"":[]}"
11438_0,0.25049052,0.726647,0.21019986,2024-05-21,11438,"{""type"":""MultiPoint"",""coordinates"":[]}"
11439_0,0.09354993,0.051915504,0.10669555,2024-05-21,11439,"{""type"":""MultiPoint"",""coordinates"":[]}"
11441_0,0.27860695,0.630662,0.2348285,2024-05-21,11441,"{""type"":""MultiPoint"",""coordinates"":[]}"
11442_0,0.08851952,0.43474504,-0.031646494,2024-05-21,11442,"{""type"":""MultiPoint"",""coordinates"":[]}"
11443_0,0.21034482,0.50120485,0.15263645,2024-05-21,11443,"{""type"":""MultiPoint"",""coordinates"":[]}"
11444_0,0.24701196,0.8275932,0.257784,2024-05-21,11444,"{""type"":""MultiPoint"",""coordinates"":[]}"
11445_0,0.09883134,0.49942857,0.11517212,2024-05-21,11445,"{""type"":""MultiPoint"",""coordinates"":[]}"
11446_0,0.2551402,0.8517653,0.2470477,2024-05-21,11446,"{""type"":""MultiPoint"",""coordinates"":[]}"
11447_0,0.1486296,0.39731476,0.016642546,2024-05-21,11447,"{""type"":""MultiPoint"",""coordinates"":[]}"
11448_0,0.36300173,0.905563,0.38946193,2024-05-21,11448,"{""type"":""MultiPoint"",""coordinates"":[]}"
11449_0,0.2713105,0.60810125,0.34604788,2024-05-21,11449,"{""type"":""MultiPoint"",""coordinates"":[]}"
11450_0,0.329025,0.87630403,0.35668105,2024-05-21,11450,"{""type"":""MultiPoint"",""coordinates"":[]}"
11451_0,0.063650995,0.078559175,0.09119306,2024-05-21,11451,"{""type"":""MultiPoint"",""coordinates"":[]}"
11453_0,0.17284656,0.383592,0.1270319,2024-05-21,11453,"{""type"":""MultiPoint"",""coordinates"":[]}"
11454_0,0.052387696,0.033864543,0.06013022,2024-05-21,11454,"{""type"":""MultiPoint"",""coordinates"":[]}"
11455_0,0.028262548,0.47064304,0.0015867979,2024-05-21,11455,"{""type"":""MultiPoint"",""coordinates"":[]}"
11456_0,0.20534904,0.77218455,0.22071572,2024-05-21,11456,"{""type"":""MultiPoint"",""coordinates"":[]}"
11457_0,0.27830246,0.8331015,0.28366205,2024-05-21,11457,"{""type"":""MultiPoint"",""coordinates"":[]}"
11459_0,0.17925248,0.9335793,0.18731117,2024-05-21,11459,"{""type"":""MultiPoint"",""coordinates"":[]}"
11460_0,-0.03219366,0.372442,0.18678726,2024-05-21,11460,"{""type"":""MultiPoint"",""coordinates"":[]}"
11461_0,0.1869806,0.6046931,0.20460704,2024-05-21,11461,"{""type"":""MultiPoint"",""coordinates"":[]}"
11462_0,0.25157234,0.76448315,0.25997025,2024-05-21,11462,"{""type"":""MultiPoint"",""coordinates"":[]}"
11463_0,0.058441557,0.51111114,0.04500549,2024-05-21,11463,"{""type"":""MultiPoint"",""coordinates"":[]}"
11465_0,0.24618736,0.8015748,0.20823799,2024-05-21,11465,"{""type"":""MultiPoint"",""coordinates"":[]}"
11466_0,0.23059867,0.6735967,0.21463598,2024-05-21,11466,"{""type"":""MultiPoint"",""coordinates"":[]}"
11467_0,0.0595775,0.111401215,0.12635061,2024-05-21,11467,"{""type"":""MultiPoint"",""coordinates"":[]}"
11468_0,0.086171955,0.16044143,0.07184161,2024-05-21,11468,"{""type"":""MultiPoint"",""coordinates"":[]}"
11469_0,0.20829791,0.74693877,0.19054241,2024-05-21,11469,"{""type"":""MultiPoint"",""coordinates"":[]}"
11470_0,0.20922288,0.74043715,0.15818182,2024-05-21,11470,"{""type"":""MultiPoint"",""coordinates"":[]}"
11471_0,0.25052443,0.81616074,0.25885317,2024-05-21,11471,"{""type"":""MultiPoint"",""coordinates"":[]}"
11472_0,0.3185459,0.8620836,0.32969698,2024-05-21,11472,"{""type"":""MultiPoint"",""coordinates"":[]}"
11473_0,0.44026402,0.8511225,0.46966854,2024-05-21,11473,"{""type"":""MultiPoint"",""coordinates"":[]}"
11474_0,-0.00729501,0.46999076,-0.040385775,2024-05-21,11474,"{""type"":""MultiPoint"",""coordinates"":[]}"
11475_0,0.1297633,0.639895,0.09307208,2024-05-21,11475,"{""type"":""MultiPoint"",""coordinates"":[]}"
11476_0,0.17217717,0.6946355,0.1640945,2024-05-21,11476,"{""type"":""MultiPoint"",""coordinates"":[]}"
11477_0,0.2297494,0.7614139,0.20201005,2024-05-21,11477,"{""type"":""MultiPoint"",""coordinates"":[]}"
11478_0,0.009715243,0.5509259,-0.0489709,2024-05-21,11478,"{""type"":""MultiPoint"",""coordinates"":[]}"
11479_0,0.22198603,0.83992964,0.24043877,2024-05-21,11479,"{""type"":""MultiPoint"",""coordinates"":[]}"
11480_0,0.03572483,0.57465196,0.0021387106,2024-05-21,11480,"{""type"":""MultiPoint"",""coordinates"":[]}"
11481_0,0.28810194,0.8459995,0.26221916,2024-05-21,11481,"{""type"":""MultiPoint"",""coordinates"":[]}"
11482_0,0.22590554,0.703543,0.21820062,2024-05-21,11482,"{""type"":""MultiPoint"",""coordinates"":[]}"
11483_0,0.06854706,0.22413793,0.0625,2024-05-21,11483,"{""type"":""MultiPoint"",""coordinates"":[]}"
11484_0,0.34939376,0.8894198,0.3413019,2024-05-21,11484,"{""type"":""MultiPoint"",""coordinates"":[]}"
11485_0,0.27152112,0.84536743,0.2944868,2024-05-21,11485,"{""type"":""MultiPoint"",""coordinates"":[]}"
11486_0,-0.08922927,0.4438064,-0.12,2024-05-21,11486,"{""type"":""MultiPoint"",""coordinates"":[]}"
11487_0,0.24695802,0.8554558,0.28261223,2024-05-21,11487,"{""type"":""MultiPoint"",""coordinates"":[]}"
11490_0,0.20419215,0.76863754,0.20321791,2024-05-21,11490,"{""type"":""MultiPoint"",""coordinates"":[]}"
11491_0,0.145274,0.73796195,0.14369933,2024-05-21,11491,"{""type"":""MultiPoint"",""coordinates"":[]}"
11492_0,0.042459738,0.5091616,0.01912261,2024-05-21,11492,"{""type"":""MultiPoint"",""coordinates"":[]}"
11493_0,0.22005938,0.7934363,0.22236842,2024-05-21,11493,"{""type"":""MultiPoint"",""coordinates"":[]}"
11494_0,0.33689103,0.8765897,0.34822336,2024-05-21,11494,"{""type"":""MultiPoint"",""coordinates"":[]}"
11495_0,0.2614679,0.80730313,0.25954315,2024-05-21,11495,"{""type"":""MultiPoint"",""coordinates"":[]}"
11496_0,0.27379873,0.73977697,0.23275863,2024-05-21,11496,"{""type"":""MultiPoint"",""coordinates"":[]}"
11497_0,0.2166083,0.71513647,0.19069767,2024-05-21,11497,"{""type"":""MultiPoint"",""coordinates"":[]}"
11498_0,0.2634139,0.805119,0.2478659,2024-05-21,11498,"{""type"":""MultiPoint"",""coordinates"":[]}"
11499_0,0.38343772,0.90483713,0.37064925,2024-05-21,11499,"{""type"":""MultiPoint"",""coordinates"":[]}"
11500_0,0.2323435,0.52950037,0.22847348,2024-05-21,11500,"{""type"":""MultiPoint"",""coordinates"":[]}"
11501_0,0.27142859,0.7437568,0.22315308,2024-05-21,11501,"{""type"":""MultiPoint"",""coordinates"":[]}"
11502_0,0.13657711,0.6805399,0.13053349,2024-05-21,11502,"{""type"":""MultiPoint"",""coordinates"":[]}"
11503_0,0.26202473,0.7480315,0.24631579,2024-05-21,11503,"{""type"":""MultiPoint"",""coordinates"":[]}"
11504_0,0.16362931,0.60499185,0.15659824,2024-05-21,11504,"{""type"":""MultiPoint"",""coordinates"":[]}"
11506_0,0.27472898,0.80758876,0.2659009,2024-05-21,11506,"{""type"":""MultiPoint"",""coordinates"":[]}"
11507_0,0.07394985,0.546748,0.024398452,2024-05-21,11507,"{""type"":""MultiPoint"",""coordinates"":[]}"
11509_0,0.37425792,0.88294613,0.35704088,2024-05-21,11509,"{""type"":""MultiPoint"",""coordinates"":[]}"
11510_0,0.08374384,0.5061258,0.06712963,2024-05-21,11510,"{""type"":""MultiPoint"",""coordinates"":[]}"
11511_0,0.29557478,0.8525631,0.32049647,2024-05-21,11511,"{""type"":""MultiPoint"",""coordinates"":[]}"
11512_0,0.205807,0.75507283,0.22512914,2024-05-21,11512,"{""type"":""MultiPoint"",""coordinates"":[]}"
11513_0,0.29441026,0.7481805,0.2812375,2024-05-21,11513,"{""type"":""MultiPoint"",""coordinates"":[]}"
11514_0,0.2247488,0.7601246,0.21309716,2024-05-21,11514,"{""type"":""MultiPoint"",""coordinates"":[]}"
11516_0,0.3269286,0.86544853,0.31364235,2024-05-21,11516,"{""type"":""MultiPoint"",""coordinates"":[]}"
11517_0,0.20550378,0.682243,0.2026726,2024-05-21,11517,"{""type"":""MultiPoint"",""coordinates"":[]}"
11520_0,0.33994508,0.86313087,0.33640128,2024-05-21,11520,"{""type"":""MultiPoint"",""coordinates"":[]}"
11521_0,0.0948527,0.42604423,0.01860302,2024-05-21,11521,"{""type"":""MultiPoint"",""coordinates"":[]}"
11522_0,0.10774835,0.3075944,-0.016278328,2024-05-21,11522,"{""type"":""MultiPoint"",""coordinates"":[]}"
11523_0,0.15337503,-0.008137432,0.14921758,2024-05-21,11523,"{""type"":""MultiPoint"",""coordinates"":[]}"
11524_0,0.016871165,0.7033388,-0.014722179,2024-05-21,11524,"{""type"":""MultiPoint"",""coordinates"":[]}"
11526_0,0.24737906,0.6812834,0.2115607,2024-05-21,11526,"{""type"":""MultiPoint"",""coordinates"":[]}"
11527_0,0.2524353,0.7750865,0.20883653,2024-05-21,11527,"{""type"":""MultiPoint"",""coordinates"":[]}"
11530_0,0.261689,0.67863894,0.20816326,2024-05-21,11530,"{""type"":""MultiPoint"",""coordinates"":[]}"
11532_0,0.16998051,0.66101694,0.1434319,2024-05-21,11532,"{""type"":""MultiPoint"",""coordinates"":[]}"
11533_0,0.11018834,0.54293036,0.09255898,2024-05-21,11533,"{""type"":""MultiPoint"",""coordinates"":[]}"
11535_0,0.15521717,0.12460951,0.14064425,2024-05-21,11535,"{""type"":""MultiPoint"",""coordinates"":[]}"
11536_0,0.24953358,0.7552156,0.22138882,2024-05-21,11536,"{""type"":""MultiPoint"",""coordinates"":[]}"
11537_0,0.25402725,0.7224709,0.23017903,2024-05-21,11537,"{""type"":""MultiPoint"",""coordinates"":[]}"
11538_0,0.29300076,0.77246755,0.28488043,2024-05-21,11538,"{""type"":""MultiPoint"",""coordinates"":[]}"
11539_0,0.14869888,0.64619166,0.13056317,2024-05-21,11539,"{""type"":""MultiPoint"",""coordinates"":[]}"
11540_0,0.16944689,0.76940334,0.16307874,2024-05-21,11540,"{""type"":""MultiPoint"",""coordinates"":[]}"
11541_0,0.22588329,0.7109244,0.22062351,2024-05-21,11541,"{""type"":""MultiPoint"",""coordinates"":[]}"
11542_0,0.119521916,0.6361355,0.08260689,2024-05-21,11542,"{""type"":""MultiPoint"",""coordinates"":[]}"
11543_0,0.22180732,0.7555676,0.21595185,2024-05-21,11543,"{""type"":""MultiPoint"",""coordinates"":[]}"
11544_0,0.18860511,0.46804124,0.17919841,2024-05-21,11544,"{""type"":""MultiPoint"",""coordinates"":[]}"
11545_0,0.106024094,0.6394904,0.0725,2024-05-21,11545,"{""type"":""MultiPoint"",""coordinates"":[]}"
11546_0,0.29253826,0.73902583,0.12136487,2024-05-21,11546,"{""type"":""MultiPoint"",""coordinates"":[]}"
11547_0,0.049066864,0.29765886,0.051879235,2024-05-21,11547,"{""type"":""MultiPoint"",""coordinates"":[]}"
11548_0,0.3039265,0.77066165,0.2870101,2024-05-21,11548,"{""type"":""MultiPoint"",""coordinates"":[]}"
11549_0,0.11806168,0.5443279,0.096570395,2024-05-21,11549,"{""type"":""MultiPoint"",""coordinates"":[]}"
11550_0,0.11476533,0.60229045,0.087248325,2024-05-21,11550,"{""type"":""MultiPoint"",""coordinates"":[]}"
11551_0,0.113633096,0.67955804,0.083618,2024-05-21,11551,"{""type"":""MultiPoint"",""coordinates"":[]}"
11552_0,0.23724379,0.7175719,0.21162948,2024-05-21,11552,"{""type"":""MultiPoint"",""coordinates"":[]}"
11553_0,0.1446281,0.6639344,0.15716612,2024-05-21,11553,"{""type"":""MultiPoint"",""coordinates"":[]}"
11554_0,0.091052115,0.39278752,0.105823174,2024-05-21,11554,"{""type"":""MultiPoint"",""coordinates"":[]}"
11555_0,0.0763782,0.3814702,0.028663967,2024-05-21,11555,"{""type"":""MultiPoint"",""coordinates"":[]}"
11556_0,0.18387909,0.69522196,0.17476489,2024-05-21,11556,"{""type"":""MultiPoint"",""coordinates"":[]}"
11557_0,0.18819599,0.6434852,0.17017643,2024-05-21,11557,"{""type"":""MultiPoint"",""coordinates"":[]}"
11558_0,0.07594048,0.0056208484,0.089173295,2024-05-21,11558,"{""type"":""MultiPoint"",""coordinates"":[]}"
11559_0,0.12137713,0.55027026,0.068355374,2024-05-21,11559,"{""type"":""MultiPoint"",""coordinates"":[]}"
11560_0,0.21012568,0.6179775,0.21540356,2024-05-21,11560,"{""type"":""MultiPoint"",""coordinates"":[]}"
11561_0,0.3280689,0.7561635,0.2987013,2024-05-21,11561,"{""type"":""MultiPoint"",""coordinates"":[]}"
11562_0,0.2695085,0.7177097,0.243973,2024-05-21,11562,"{""type"":""MultiPoint"",""coordinates"":[]}"
11801_0,0.09126924,0.72345304,0.06314798,2024-05-21,11801,"{""type"":""MultiPoint"",""coordinates"":[]}"
11802_0,0.068456374,0.60187596,0.05094017,2024-05-21,11802,"{""type"":""MultiPoint"",""coordinates"":[]}"
11803_0,0.28347406,0.84915704,0.27383864,2024-05-21,11803,"{""type"":""MultiPoint"",""coordinates"":[]}"
11804_0,0.27202183,0.7638344,0.23020817,2024-05-21,11804,"{""type"":""MultiPoint"",""coordinates"":[]}"
11805_0,0.18126653,0.45162523,0.18126653,2024-05-21,11805,"{""type"":""MultiPoint"",""coordinates"":[]}"
11806_0,0.23986293,0.84192437,0.23395683,2024-05-21,11806,"{""type"":""MultiPoint"",""coordinates"":[]}"
11807_0,0.24358284,0.664995,0.22351207,2024-05-21,11807,"{""type"":""MultiPoint"",""coordinates"":[]}"
11808_0,0.20880246,0.7441253,0.18042056,2024-05-21,11808,"{""type"":""MultiPoint"",""coordinates"":[]}"
11809_0,0.22834937,0.672616,0.22273998,2024-05-21,11809,"{""type"":""MultiPoint"",""coordinates"":[]}"
11810_0,0.090288445,0.5930292,0.07673653,2024-05-21,11810,"{""type"":""MultiPoint"",""coordinates"":[]}"
11811_0,0.074577935,0.43694493,0.06816306,2024-05-21,11811,"{""type"":""MultiPoint"",""coordinates"":[]}"
11812_0,0.15520254,0.6508505,0.16212384,2024-05-21,11812,"{""type"":""MultiPoint"",""coordinates"":[]}"
11813_0,0.24739791,0.7919075,0.24497992,2024-05-21,11813,"{""type"":""MultiPoint"",""coordinates"":[]}"
11814_0,0.22859357,0.72329247,0.19441634,2024-05-21,11814,"{""type"":""MultiPoint"",""coordinates"":[]}"
11815_0,0.11817554,0.38103548,0.10727612,2024-05-21,11815,"{""type"":""MultiPoint"",""coordinates"":[]}"
11816_0,0.35117814,0.818002,0.3622383,2024-05-21,11816,"{""type"":""MultiPoint"",""coordinates"":[]}"
11817_0,0.13993174,0.49277267,0.17476732,2024-05-21,11817,"{""type"":""MultiPoint"",""coordinates"":[]}"
11818_0,0.2565712,0.79719526,0.2749187,2024-05-21,11818,"{""type"":""MultiPoint"",""coordinates"":[]}"
11819_0,0.2530107,0.035957843,0.3343981,2024-05-21,11819,"{""type"":""MultiPoint"",""coordinates"":[]}"
11820_0,0.12501782,0.6680851,0.09642279,2024-05-21,11820,"{""type"":""MultiPoint"",""coordinates"":[]}"
11821_0,0.22649573,0.5771905,0.22066738,2024-05-21,11821,"{""type"":""MultiPoint"",""coordinates"":[]}"
11822_0,0.20989181,0.5207715,0.23197116,2024-05-21,11822,"{""type"":""MultiPoint"",""coordinates"":[]}"
11823_0,0.3163234,0.8473719,0.3075965,2024-05-21,11823,"{""type"":""MultiPoint"",""coordinates"":[]}"
11824_0,0.15751635,0.7811705,0.15169464,2024-05-21,11824,"{""type"":""MultiPoint"",""coordinates"":[]}"
11825_0,0.35357717,0.8354577,0.38552374,2024-05-21,11825,"{""type"":""MultiPoint"",""coordinates"":[]}"
11826_0,0.1726738,0.6903397,0.16562738,2024-05-21,11826,"{""type"":""MultiPoint"",""coordinates"":[]}"
11827_0,0.3026675,0.694508,0.28169623,2024-05-21,11827,"{""type"":""MultiPoint"",""coordinates"":[]}"
11828_0,0.12837751,0.63981044,0.10381497,2024-05-21,11828,"{""type"":""MultiPoint"",""coordinates"":[]}"
11829_0,0.162955,0.7616432,0.15016373,2024-05-21,11829,"{""type"":""MultiPoint"",""coordinates"":[]}"
11830_0,0.19469027,0.6364777,0.16203773,2024-05-21,11830,"{""type"":""MultiPoint"",""coordinates"":[]}"
11831_0,0.2355133,0.6992011,0.24367611,2024-05-21,11831,"{""type"":""MultiPoint"",""coordinates"":[]}"
11832_0,0.15195408,0.76268446,0.16843092,2024-05-21,11832,"{""type"":""MultiPoint"",""coordinates"":[]}"
11833_0,-0.06406885,0.41212353,-0.09160025,2024-05-21,11833,"{""type"":""MultiPoint"",""coordinates"":[]}"
11834_0,0.18103734,0.737857,0.17900315,2024-05-21,11834,"{""type"":""MultiPoint"",""coordinates"":[]}"
11835_0,0.13258041,0.012220818,0.15245292,2024-05-21,11835,"{""type"":""MultiPoint"",""coordinates"":[]}"
11836_0,0.27730864,0.7980806,0.27681613,2024-05-21,11836,"{""type"":""MultiPoint"",""coordinates"":[]}"
11837_0,0.34416464,0.9064151,0.35188654,2024-05-21,11837,"{""type"":""MultiPoint"",""coordinates"":[]}"
11838_0,0.121691816,0.4452555,0.101808526,2024-05-21,11838,"{""type"":""MultiPoint"",""coordinates"":[]}"
11839_0,0.20368621,0.64159584,0.1966627,2024-05-21,11839,"{""type"":""MultiPoint"",""coordinates"":[]}"
11840_0,0.19581085,0.56366587,0.20688576,2024-05-21,11840,"{""type"":""MultiPoint"",""coordinates"":[]}"
11841_0,-0.014092368,0.47101143,-0.022222223,2024-05-21,11841,"{""type"":""MultiPoint"",""coordinates"":[]}"
11842_0,0.30500144,0.81787664,0.2862233,2024-05-21,11842,"{""type"":""MultiPoint"",""coordinates"":[]}"
11843_0,0.16908908,0.7093168,0.17690663,2024-05-21,11843,"{""type"":""MultiPoint"",""coordinates"":[]}"
11844_0,0.16369152,0.7586335,0.13846155,2024-05-21,11844,"{""type"":""MultiPoint"",""coordinates"":[]}"
11845_0,0.073131315,0.55725193,0.059450593,2024-05-21,11845,"{""type"":""MultiPoint"",""coordinates"":[]}"
11846_0,0.08869239,0.22903034,0.09703969,2024-05-21,11846,"{""type"":""MultiPoint"",""coordinates"":[]}"
11847_0,0.12925906,0.42120767,0.09039548,2024-05-21,11847,"{""type"":""MultiPoint"",""coordinates"":[]}"
11848_0,0.21708283,0.6444191,0.20228,2024-05-21,11848,"{""type"":""MultiPoint"",""coordinates"":[]}"
11849_0,0.21671672,0.0055770054,0.1992837,2024-05-21,11849,"{""type"":""MultiPoint"",""coordinates"":[]}"
11850_0,0.13752122,0.6936488,0.14478114,2024-05-21,11850,"{""type"":""MultiPoint"",""coordinates"":[]}"
11851_0,0.2010607,0.013623978,0.27431354,2024-05-21,11851,"{""type"":""MultiPoint"",""coordinates"":[]}"
11852_0,0.1818859,0.02044698,0.21966468,2024-05-21,11852,"{""type"":""MultiPoint"",""coordinates"":[]}"
11853_0,0.31105247,0.5712452,0.020425176,2024-05-21,11853,"{""type"":""MultiPoint"",""coordinates"":[]}"
11854_0,0.25094947,0.77621764,0.22444041,2024-05-21,11854,"{""type"":""MultiPoint"",""coordinates"":[]}"
11855_0,0.1880101,0.71725935,0.1827957,2024-05-21,11855,"{""type"":""MultiPoint"",""coordinates"":[]}"
11856_0,0.24974722,0.74028236,0.25427136,2024-05-21,11856,"{""type"":""MultiPoint"",""coordinates"":[]}"
11857_0,0.27501574,0.84685713,0.2736444,2024-05-21,11857,"{""type"":""MultiPoint"",""coordinates"":[]}"
11858_0,0.29227617,0.8444539,0.28421363,2024-05-21,11858,"{""type"":""MultiPoint"",""coordinates"":[]}"
11859_0,0.2450599,0.70383584,0.22318284,2024-05-21,11859,"{""type"":""MultiPoint"",""coordinates"":[]}"
11860_0,0.1310501,0.013844515,0.107298635,2024-05-21,11860,"{""type"":""MultiPoint"",""coordinates"":[]}"
11861_0,0.028742515,0.56707025,-0.001234568,2024-05-21,11861,"{""type"":""MultiPoint"",""coordinates"":[]}"
11862_0,0.11358162,0.6477684,0.06635441,2024-05-21,11862,"{""type"":""MultiPoint"",""coordinates"":[]}"
11863_0,0.14598979,0.7551402,0.1383543,2024-05-21,11863,"{""type"":""MultiPoint"",""coordinates"":[]}"
11864_0,0.14999114,0.061752345,0.15552428,2024-05-21,11864,"{""type"":""MultiPoint"",""coordinates"":[]}"
11865_0,0.4054452,0.8992643,0.34995976,2024-05-21,11865,"{""type"":""MultiPoint"",""coordinates"":[]}"
11866_0,0.23947164,0.84339625,0.22989772,2024-05-21,11866,"{""type"":""MultiPoint"",""coordinates"":[]}"
11867_0,0.037948716,0.62512076,0.012185949,2024-05-21,11867,"{""type"":""MultiPoint"",""coordinates"":[]}"
11868_0,0.03213126,0.17046772,0.033535283,2024-05-21,11868,"{""type"":""MultiPoint"",""coordinates"":[]}"
11869_0,0.19546436,0.7547684,0.1805683,2024-05-21,11869,"{""type"":""MultiPoint"",""coordinates"":[]}"
11870_0,0.13743815,0.5752079,0.14098002,2024-05-21,11870,"{""type"":""MultiPoint"",""coordinates"":[]}"
11871_0,0.28631452,0.79217774,0.23904,2024-05-21,11871,"{""type"":""MultiPoint"",""coordinates"":[]}"
11872_0,0.3021178,0.84805316,0.29711714,2024-05-21,11872,"{""type"":""MultiPoint"",""coordinates"":[]}"
11873_0,0.18539646,0.87402225,0.22894168,2024-05-21,11873,"{""type"":""MultiPoint"",""coordinates"":[]}"
11874_0,0.2983539,0.85281384,0.30620548,2024-05-21,11874,"{""type"":""MultiPoint"",""coordinates"":[]}"
11875_0,0.15285757,0.025086839,0.19531953,2024-05-21,11875,"{""type"":""MultiPoint"",""coordinates"":[]}"
11877_0,0.056351088,0.1996616,0.1065158,2024-05-21,11877,"{""type"":""MultiPoint"",""coordinates"":[]}"
11878_0,0.27759197,0.87626773,0.28650904,2024-05-21,11878,"{""type"":""MultiPoint"",""coordinates"":[]}"
11879_0,0.21943213,0.73913044,0.20174555,2024-05-21,11879,"{""type"":""MultiPoint"",""coordinates"":[]}"
11880_0,0.023541454,0.6608784,0.26046512,2024-05-21,11880,"{""type"":""MultiPoint"",""coordinates"":[]}"
11881_0,0.22736803,0.63883495,0.1861072,2024-05-21,11881,"{""type"":""MultiPoint"",""coordinates"":[]}"
11882_0,0.14423077,0.7305195,0.14193894,2024-05-21,11882,"{""type"":""MultiPoint"",""coordinates"":[]}"
11883_0,0.17721862,0.6510186,0.1014921,2024-05-21,11883,"{""type"":""MultiPoint"",""coordinates"":[]}"
11884_0,0.09863188,0.59765625,0.07190827,2024-05-21,11884,"{""type"":""MultiPoint"",""coordinates"":[]}"
11889_0,0.30991414,0.844367,0.28478965,2024-05-21,11889,"{""type"":""MultiPoint"",""coordinates"":[]}"
11890_0,0.03441719,0.52901024,0.028505836,2024-05-21,11890,"{""type"":""MultiPoint"",""coordinates"":[]}"
11891_0,0.15301926,0.032615386,0.2218632,2024-05-21,11891,"{""type"":""MultiPoint"",""coordinates"":[]}"
11892_0,0.13592441,0.6334283,0.12369338,2024-05-21,11892,"{""type"":""MultiPoint"",""coordinates"":[]}"
11894_0,0.18597063,0.7268848,0.09764919,2024-05-21,11894,"{""type"":""MultiPoint"",""coordinates"":[]}"
11895_0,0.21572615,0.74243903,0.21372749,2024-05-21,11895,"{""type"":""MultiPoint"",""coordinates"":[]}"
11896_0,0.2859185,0.66885966,0.20745736,2024-05-21,11896,"{""type"":""MultiPoint"",""coordinates"":[]}"
11898_0,0.27973074,0.7981753,0.25608343,2024-05-21,11898,"{""type"":""MultiPoint"",""coordinates"":[]}"
11899_0,0.3648574,0.8244198,0.3538001,2024-05-21,11899,"{""type"":""MultiPoint"",""coordinates"":[]}"
11902_0,0.25438374,0.7112526,0.24478765,2024-05-21,11902,"{""type"":""MultiPoint"",""coordinates"":[]}"
11903_0,0.26857698,0.82462686,0.26786584,2024-05-21,11903,"{""type"":""MultiPoint"",""coordinates"":[]}"
11904_0,0.07578908,0.60209423,0.059434507,2024-05-21,11904,"{""type"":""MultiPoint"",""coordinates"":[]}"
11905_0,0.3030712,0.8031279,0.30994153,2024-05-21,11905,"{""type"":""MultiPoint"",""coordinates"":[]}"
11906_0,0.22400528,0.6882641,0.22023416,2024-05-21,11906,"{""type"":""MultiPoint"",""coordinates"":[]}"
11907_0,0.30488694,0.7757484,0.29485756,2024-05-21,11907,"{""type"":""MultiPoint"",""coordinates"":[]}"
11908_0,0.27532318,0.79551667,0.27237505,2024-05-21,11908,"{""type"":""MultiPoint"",""coordinates"":[]}"
11909_0,0.15408981,0.615602,0.114664584,2024-05-21,11909,"{""type"":""MultiPoint"",""coordinates"":[]}"
11910_0,0.22959869,0.82883507,0.21112129,2024-05-21,11910,"{""type"":""MultiPoint"",""coordinates"":[]}"
11911_0,0.08158176,0.6791132,0.054985337,2024-05-21,11911,"{""type"":""MultiPoint"",""coordinates"":[]}"
11912_0,0.046584938,0.5103735,0.03372382,2024-05-21,11912,"{""type"":""MultiPoint"",""coordinates"":[]}"
11913_0,0.179955,0.54996693,0.17614564,2024-05-21,11913,"{""type"":""MultiPoint"",""coordinates"":[]}"
11914_0,0.11645931,0.5461802,0.11193112,2024-05-21,11914,"{""type"":""MultiPoint"",""coordinates"":[]}"
11915_0,0.20036697,0.729425,0.16943015,2024-05-21,11915,"{""type"":""MultiPoint"",""coordinates"":[]}"
11916_0,0.2275449,0.81557375,0.2639087,2024-05-21,11916,"{""type"":""MultiPoint"",""coordinates"":[]}"
11917_0,0.099766865,0.0034013605,0.02617619,2024-05-21,11917,"{""type"":""MultiPoint"",""coordinates"":[]}"
11918_0,0.1314756,0.6696165,0.09860248,2024-05-21,11918,"{""type"":""MultiPoint"",""coordinates"":[]}"
11919_0,0.056796044,0.632966,0.039816935,2024-05-21,11919,"{""type"":""MultiPoint"",""coordinates"":[]}"
11920_0,0.1944664,0.57654387,0.19700551,2024-05-21,11920,"{""type"":""MultiPoint"",""coordinates"":[]}"
11921_0,0.18340895,0.6837996,0.15587316,2024-05-21,11921,"{""type"":""MultiPoint"",""coordinates"":[]}"
12456_0,0.26927835,0.78959674,0.26685974,2024-05-21,12456,"{""type"":""MultiPoint"",""coordinates"":[]}"
12457_0,0.26156637,0.85763294,0.27900797,2024-05-21,12457,"{""type"":""MultiPoint"",""coordinates"":[]}"
12458_0,0.2854017,0.88395905,0.28851542,2024-05-21,12458,"{""type"":""MultiPoint"",""coordinates"":[]}"
12459_0,0.1486784,0.62792546,0.14063369,2024-05-21,12459,"{""type"":""MultiPoint"",""coordinates"":[]}"
12460_0,0.082919374,0.72065127,0.05462185,2024-05-21,12460,"{""type"":""MultiPoint"",""coordinates"":[]}"
12461_0,0.10772928,0.434411,0.07192446,2024-05-21,12461,"{""type"":""MultiPoint"",""coordinates"":[]}"
12462_0,0.22996724,0.8383574,0.23892242,2024-05-21,12462,"{""type"":""MultiPoint"",""coordinates"":[]}"
12463_0,0.097438805,0.15402843,0.10066861,2024-05-21,12463,"{""type"":""MultiPoint"",""coordinates"":[]}"
12464_0,0.11116279,0.41643986,0.15311323,2024-05-21,12464,"{""type"":""MultiPoint"",""coordinates"":[]}"
12468_0,0.2847388,0.7836257,0.27193746,2024-05-21,12468,"{""type"":""MultiPoint"",""coordinates"":[]}"
12469_0,0.2742616,0.85235417,0.2692512,2024-05-21,12469,"{""type"":""MultiPoint"",""coordinates"":[]}"
12470_0,0.31598064,0.859811,0.30375847,2024-05-21,12470,"{""type"":""MultiPoint"",""coordinates"":[]}"
12472_0,0.2666113,0.7395498,0.24064784,2024-05-21,12472,"{""type"":""MultiPoint"",""coordinates"":[]}"
12474_0,0.09053651,0.54585636,0.06814277,2024-05-21,12474,"{""type"":""MultiPoint"",""coordinates"":[]}"
12475_0,0.25576004,0.8136324,0.24158299,2024-05-21,12475,"{""type"":""MultiPoint"",""coordinates"":[]}"
12476_0,0.17820324,0.69787234,0.17699115,2024-05-21,12476,"{""type"":""MultiPoint"",""coordinates"":[]}"
12478_0,0.21904497,0.78921676,0.17808619,2024-05-21,12478,"{""type"":""MultiPoint"",""coordinates"":[]}"
12479_0,0.03630811,0.6345708,-0.0038882997,2024-05-21,12479,"{""type"":""MultiPoint"",""coordinates"":[]}"
12481_0,0.197623,0.79580796,0.1569624,2024-05-21,12481,"{""type"":""MultiPoint"",""coordinates"":[]}"
12482_0,0.29673985,0.77609825,0.28021792,2024-05-21,12482,"{""type"":""MultiPoint"",""coordinates"":[]}"
12483_0,0.053463854,0.5689046,0.028968714,2024-05-21,12483,"{""type"":""MultiPoint"",""coordinates"":[]}"
12484_0,0.0051344745,0.4874372,-0.06783887,2024-05-21,12484,"{""type"":""MultiPoint"",""coordinates"":[]}"
12486_0,0.18700854,0.42578548,0.19216397,2024-05-21,12486,"{""type"":""MultiPoint"",""coordinates"":[]}"
12487_0,0.27419615,0.81869423,0.26577312,2024-05-21,12487,"{""type"":""MultiPoint"",""coordinates"":[]}"
12488_0,0.047957372,0.23755589,0.050607286,2024-05-21,12488,"{""type"":""MultiPoint"",""coordinates"":[]}"
12489_0,0.22063634,0.8098187,0.21912707,2024-05-21,12489,"{""type"":""MultiPoint"",""coordinates"":[]}"
12490_0,0.21596038,0.847338,0.23217341,2024-05-21,12490,"{""type"":""MultiPoint"",""coordinates"":[]}"
12491_0,0.18858454,0.8158061,0.20722993,2024-05-21,12491,"{""type"":""MultiPoint"",""coordinates"":[]}"
12492_0,0.17040613,0.6837643,0.15247352,2024-05-21,12492,"{""type"":""MultiPoint"",""coordinates"":[]}"
12494_0,0.21490556,0.63994503,0.21623917,2024-05-21,12494,"{""type"":""MultiPoint"",""coordinates"":[]}"
12496_0,0.122897804,0.49044585,0.10812944,2024-05-21,12496,"{""type"":""MultiPoint"",""coordinates"":[]}"
12497_0,0.25539735,0.6422613,0.24234635,2024-05-21,12497,"{""type"":""MultiPoint"",""coordinates"":[]}"
12498_0,0.054752853,0.23565827,0.09270073,2024-05-21,12498,"{""type"":""MultiPoint"",""coordinates"":[]}"
12499_0,-0.14266461,0.25565952,-0.17582962,2024-05-21,12499,"{""type"":""MultiPoint"",""coordinates"":[]}"
12500_0,0.33900708,0.7305043,0.3162859,2024-05-21,12500,"{""type"":""MultiPoint"",""coordinates"":[]}"
12502_0,0.079308994,0.39063427,2.1317416E-4,2024-05-21,12502,"{""type"":""MultiPoint"",""coordinates"":[]}"
12503_0,0.035248294,0.12031732,0.012950787,2024-05-21,12503,"{""type"":""MultiPoint"",""coordinates"":[]}"
12505_0,0.34539166,0.866462,0.3280546,2024-05-21,12505,"{""type"":""MultiPoint"",""coordinates"":[]}"
12507_0,0.13146183,0.59852284,0.08855757,2024-05-21,12507,"{""type"":""MultiPoint"",""coordinates"":[]}"
12508_0,0.3665903,0.8822837,0.3555155,2024-05-21,12508,"{""type"":""MultiPoint"",""coordinates"":[]}"
12509_0,0.14226541,0.64845175,0.14702155,2024-05-21,12509,"{""type"":""MultiPoint"",""coordinates"":[]}"
12510_0,0.14203316,0.60034084,0.116030306,2024-05-21,12510,"{""type"":""MultiPoint"",""coordinates"":[]}"
12511_0,0.3214583,0.8615639,0.3181666,2024-05-21,12511,"{""type"":""MultiPoint"",""coordinates"":[]}"
12512_0,0.009621095,0.45734265,-1.19947224E-4,2024-05-21,12512,"{""type"":""MultiPoint"",""coordinates"":[]}"
12513_0,0.0053254436,0.49710146,0.10274886,2024-05-21,12513,"{""type"":""MultiPoint"",""coordinates"":[]}"
12514_0,0.025760397,0.5474308,-0.0011162494,2024-05-21,12514,"{""type"":""MultiPoint"",""coordinates"":[]}"
12515_0,0.16539836,0.7464522,0.1575482,2024-05-21,12515,"{""type"":""MultiPoint"",""coordinates"":[]}"
12516_0,0.15084949,0.7064369,0.12300602,2024-05-21,12516,"{""type"":""MultiPoint"",""coordinates"":[]}"
12517_0,0.043447122,0.14774494,0.049911086,2024-05-21,12517,"{""type"":""MultiPoint"",""coordinates"":[]}"
12518_0,0.17891738,0.5197928,0.17539342,2024-05-21,12518,"{""type"":""MultiPoint"",""coordinates"":[]}"
12519_0,0.097678624,0.5571688,0.068326846,2024-05-21,12519,"{""type"":""MultiPoint"",""coordinates"":[]}"
12520_0,-0.015278839,0.071193144,-0.01103081,2024-05-21,12520,"{""type"":""MultiPoint"",""coordinates"":[]}"
12521_0,0.057880677,0.18522793,-0.014868106,2024-05-21,12521,"{""type"":""MultiPoint"",""coordinates"":[]}"
12522_0,0.08508083,0.075120606,0.115082204,2024-05-21,12522,"{""type"":""MultiPoint"",""coordinates"":[]}"
12523_0,0.268018,0.8015348,0.27157265,2024-05-21,12523,"{""type"":""MultiPoint"",""coordinates"":[]}"
12524_0,0.17339122,0.6629547,0.16107295,2024-05-21,12524,"{""type"":""MultiPoint"",""coordinates"":[]}"
12525_0,0.107155636,0.064274065,0.1331307,2024-05-21,12525,"{""type"":""MultiPoint"",""coordinates"":[]}"
12526_0,0.10021322,0.10109807,0.06911765,2024-05-21,12526,"{""type"":""MultiPoint"",""coordinates"":[]}"
12527_0,0.24044944,0.778181,0.24721603,2024-05-21,12527,"{""type"":""MultiPoint"",""coordinates"":[]}"
12528_0,0.20422949,0.65357375,0.11652174,2024-05-21,12528,"{""type"":""MultiPoint"",""coordinates"":[]}"
12529_0,0.28363407,0.77614975,0.31703636,2024-05-21,12529,"{""type"":""MultiPoint"",""coordinates"":[]}"
12530_0,0.2012214,0.025641026,0.19932538,2024-05-21,12530,"{""type"":""MultiPoint"",""coordinates"":[]}"
12531_0,0.22283924,0.78887427,0.19888449,2024-05-21,12531,"{""type"":""MultiPoint"",""coordinates"":[]}"
12532_0,0.13367678,0.34834194,0.16218697,2024-05-21,12532,"{""type"":""MultiPoint"",""coordinates"":[]}"
12533_0,0.085420564,0.09855863,0.07091997,2024-05-21,12533,"{""type"":""MultiPoint"",""coordinates"":[]}"
12534_0,0.11407363,0.6087952,0.09136109,2024-05-21,12534,"{""type"":""MultiPoint"",""coordinates"":[]}"
12535_0,0.104109764,0.03601108,0.12003993,2024-05-21,12535,"{""type"":""MultiPoint"",""coordinates"":[]}"
12536_0,0.37050205,0.8909091,0.3674432,2024-05-21,12536,"{""type"":""MultiPoint"",""coordinates"":[]}"
12537_0,0.037111335,0.21676381,-0.045296166,2024-05-21,12537,"{""type"":""MultiPoint"",""coordinates"":[]}"
12538_0,0.074585855,0.16346838,0.06697083,2024-05-21,12538,"{""type"":""MultiPoint"",""coordinates"":[]}"
12539_0,0.064318225,0.6022374,0.043302305,2024-05-21,12539,"{""type"":""MultiPoint"",""coordinates"":[]}"
12540_0,0.109557755,-0.006342495,0.077904396,2024-05-21,12540,"{""type"":""MultiPoint"",""coordinates"":[]}"
12541_0,0.019592268,0.50825524,-0.045602147,2024-05-21,12541,"{""type"":""MultiPoint"",""coordinates"":[]}"
12542_0,0.14785172,0.6636714,0.12329361,2024-05-21,12542,"{""type"":""MultiPoint"",""coordinates"":[]}"
12543_0,0.23625869,0.7214043,0.22072011,2024-05-21,12543,"{""type"":""MultiPoint"",""coordinates"":[]}"
12545_0,0.09618979,0.62128043,0.06722066,2024-05-21,12545,"{""type"":""MultiPoint"",""coordinates"":[]}"
12546_0,0.11285097,0.49892318,0.11927097,2024-05-21,12546,"{""type"":""MultiPoint"",""coordinates"":[]}"
12547_0,0.29801127,0.85835695,0.28646854,2024-05-21,12547,"{""type"":""MultiPoint"",""coordinates"":[]}"
12548_0,0.33134538,0.8018532,0.33099332,2024-05-21,12548,"{""type"":""MultiPoint"",""coordinates"":[]}"
12549_0,0.24068019,0.8605522,0.26262304,2024-05-21,12549,"{""type"":""MultiPoint"",""coordinates"":[]}"
12550_0,0.301567,0.86505353,0.29457363,2024-05-21,12550,"{""type"":""MultiPoint"",""coordinates"":[]}"
12551_0,0.14806215,0.69628155,0.112227805,2024-05-21,12551,"{""type"":""MultiPoint"",""coordinates"":[]}"
12552_0,0.25308993,0.772973,0.25095347,2024-05-21,12552,"{""type"":""MultiPoint"",""coordinates"":[]}"
12553_0,0.19046172,0.731058,0.1760705,2024-05-21,12553,"{""type"":""MultiPoint"",""coordinates"":[]}"
12554_0,0.17339963,0.63077843,0.15626982,2024-05-21,12554,"{""type"":""MultiPoint"",""coordinates"":[]}"
12555_0,0.19702843,0.7562028,0.13409962,2024-05-21,12555,"{""type"":""MultiPoint"",""coordinates"":[]}"
12556_0,0.3319672,0.84631044,0.29942694,2024-05-21,12556,"{""type"":""MultiPoint"",""coordinates"":[]}"
12557_0,0.31371266,0.6652221,0.32271945,2024-05-21,12557,"{""type"":""MultiPoint"",""coordinates"":[]}"
12558_0,0.21899985,0.85365856,0.24457923,2024-05-21,12558,"{""type"":""MultiPoint"",""coordinates"":[]}"
12559_0,0.20273197,0.7904762,0.19765298,2024-05-21,12559,"{""type"":""MultiPoint"",""coordinates"":[]}"
12560_0,0.24383466,0.74574983,0.22485313,2024-05-21,12560,"{""type"":""MultiPoint"",""coordinates"":[]}"
12561_0,0.32288,0.7743639,0.27185133,2024-05-21,12561,"{""type"":""MultiPoint"",""coordinates"":[]}"
12562_0,0.090194896,0.57845867,0.060676962,2024-05-21,12562,"{""type"":""MultiPoint"",""coordinates"":[]}"
12563_0,0.26229227,0.7867815,0.24203485,2024-05-21,12563,"{""type"":""MultiPoint"",""coordinates"":[]}"
12564_0,0.29221818,0.819398,0.25287884,2024-05-21,12564,"{""type"":""MultiPoint"",""coordinates"":[]}"
12565_0,0.35871685,0.8389982,0.3156295,2024-05-21,12565,"{""type"":""MultiPoint"",""coordinates"":[]}"
12566_0,0.17081372,0.7692308,0.14641744,2024-05-21,12566,"{""type"":""MultiPoint"",""coordinates"":[]}"
12567_0,0.24946997,0.8464626,0.26809096,2024-05-21,12567,"{""type"":""MultiPoint"",""coordinates"":[]}"
12568_0,0.14250134,0.6216216,0.1090573,2024-05-21,12568,"{""type"":""MultiPoint"",""coordinates"":[]}"
12569_0,0.15160093,0.6062015,0.12895024,2024-05-21,12569,"{""type"":""MultiPoint"",""coordinates"":[]}"
12570_0,0.17248775,0.650116,0.13664696,2024-05-21,12570,"{""type"":""MultiPoint"",""coordinates"":[]}"
12571_0,0.31713942,0.8341555,0.26609373,2024-05-21,12571,"{""type"":""MultiPoint"",""coordinates"":[]}"
12572_0,0.15342164,0.6353039,0.12292739,2024-05-21,12572,"{""type"":""MultiPoint"",""coordinates"":[]}"
12574_0,0.3133858,0.8268363,0.299854,2024-05-21,12574,"{""type"":""MultiPoint"",""coordinates"":[]}"
12575_0,0.20785071,0.66089964,0.15424253,2024-05-21,12575,"{""type"":""MultiPoint"",""coordinates"":[]}"
12576_0,0.2285087,0.7775661,0.24069148,2024-05-21,12576,"{""type"":""MultiPoint"",""coordinates"":[]}"
12581_0,-0.091759734,0.43571058,-0.13474509,2024-05-21,12581,"{""type"":""MultiPoint"",""coordinates"":[]}"
12582_0,0.31809938,0.72931856,0.18402778,2024-05-21,12582,"{""type"":""MultiPoint"",""coordinates"":[]}"
12583_0,0.2557655,0.6701031,0.21709187,2024-05-21,12583,"{""type"":""MultiPoint"",""coordinates"":[]}"
12584_0,0.26105088,0.72899073,0.23598735,2024-05-21,12584,"{""type"":""MultiPoint"",""coordinates"":[]}"
12586_0,0.114295125,0.5497382,0.095374264,2024-05-21,12586,"{""type"":""MultiPoint"",""coordinates"":[]}"
12587_0,0.30900884,0.8569471,0.2968421,2024-05-21,12587,"{""type"":""MultiPoint"",""coordinates"":[]}"
12588_0,0.30455422,0.86092865,0.27340358,2024-05-21,12588,"{""type"":""MultiPoint"",""coordinates"":[]}"
12589_0,0.23606557,0.78560686,0.23708886,2024-05-21,12589,"{""type"":""MultiPoint"",""coordinates"":[]}"
12590_0,0.20245399,0.6965873,0.1742755,2024-05-21,12590,"{""type"":""MultiPoint"",""coordinates"":[]}"
12591_0,0.14408398,0.67883945,0.10997189,2024-05-21,12591,"{""type"":""MultiPoint"",""coordinates"":[]}"
12592_0,0.31366765,0.74898785,0.2998997,2024-05-21,12592,"{""type"":""MultiPoint"",""coordinates"":[]}"
12593_0,0.15544872,0.6415553,0.123492725,2024-05-21,12593,"{""type"":""MultiPoint"",""coordinates"":[]}"
12594_0,0.045205314,0.5313292,0.038055487,2024-05-21,12594,"{""type"":""MultiPoint"",""coordinates"":[]}"
12595_0,0.11700065,0.59067535,0.062027924,2024-05-21,12595,"{""type"":""MultiPoint"",""coordinates"":[]}"
12596_0,0.17053157,0.6286201,0.10456383,2024-05-21,12596,"{""type"":""MultiPoint"",""coordinates"":[]}"
12597_0,0.25960264,0.71009177,0.25016767,2024-05-21,12597,"{""type"":""MultiPoint"",""coordinates"":[]}"
12598_0,0.21069959,0.78238344,0.23494217,2024-05-21,12598,"{""type"":""MultiPoint"",""coordinates"":[]}"
12599_0,0.13195838,0.71060014,0.123802505,2024-05-21,12599,"{""type"":""MultiPoint"",""coordinates"":[]}"
12600_0,0.17330211,0.6422841,0.16955134,2024-05-21,12600,"{""type"":""MultiPoint"",""coordinates"":[]}"
12601_0,0.26563093,0.7565364,0.23429474,2024-05-21,12601,"{""type"":""MultiPoint"",""coordinates"":[]}"
12602_0,0.24961637,0.7095255,0.23334204,2024-05-21,12602,"{""type"":""MultiPoint"",""coordinates"":[]}"
12603_0,0.009821115,0.5454288,-0.016747704,2024-05-21,12603,"{""type"":""MultiPoint"",""coordinates"":[]}"
12604_0,0.353309,0.7788945,0.3326163,2024-05-21,12604,"{""type"":""MultiPoint"",""coordinates"":[]}"
12605_0,0.13389055,0.6384577,0.08740445,2024-05-21,12605,"{""type"":""MultiPoint"",""coordinates"":[]}"
12606_0,0.21191046,0.6818321,0.20604335,2024-05-21,12606,"{""type"":""MultiPoint"",""coordinates"":[]}"
12607_0,0.17974581,0.6848989,0.16457777,2024-05-21,12607,"{""type"":""MultiPoint"",""coordinates"":[]}"
12608_0,0.10049144,0.5408867,0.08197855,2024-05-21,12608,"{""type"":""MultiPoint"",""coordinates"":[]}"
12609_0,0.09725316,0.37552238,-0.027027028,2024-05-21,12609,"{""type"":""MultiPoint"",""coordinates"":[]}"
12610_0,0.1482343,0.7183869,0.11042403,2024-05-21,12610,"{""type"":""MultiPoint"",""coordinates"":[]}"
12611_0,0.24318658,0.73313785,0.24159664,2024-05-21,12611,"{""type"":""MultiPoint"",""coordinates"":[]}"
12612_0,0.11284491,0.53922105,0.09246642,2024-05-21,12612,"{""type"":""MultiPoint"",""coordinates"":[]}"
12613_0,0.03653323,0.48435688,0.016464988,2024-05-21,12613,"{""type"":""MultiPoint"",""coordinates"":[]}"
12614_0,0.0029795158,0.5593427,-0.021950753,2024-05-21,12614,"{""type"":""MultiPoint"",""coordinates"":[]}"
12615_0,0.031369817,0.48739064,0.019580172,2024-05-21,12615,"{""type"":""MultiPoint"",""coordinates"":[]}"
12616_0,0.22749852,0.5259939,0.2126367,2024-05-21,12616,"{""type"":""MultiPoint"",""coordinates"":[]}"
12617_0,0.34946486,0.82419354,0.36656094,2024-05-21,12617,"{""type"":""MultiPoint"",""coordinates"":[]}"
12618_0,0.058722183,0.57356554,0.036165833,2024-05-21,12618,"{""type"":""MultiPoint"",""coordinates"":[]}"
12619_0,0.12714474,0.5895807,0.11547035,2024-05-21,12619,"{""type"":""MultiPoint"",""coordinates"":[]}"
12620_0,0.20008579,0.70702255,0.18039991,2024-05-21,12620,"{""type"":""MultiPoint"",""coordinates"":[]}"
12621_0,0.22083806,0.65928906,0.17978063,2024-05-21,12621,"{""type"":""MultiPoint"",""coordinates"":[]}"
13167_0,0.22568601,0.83510935,0.22409278,2024-05-21,13167,"{""type"":""MultiPoint"",""coordinates"":[]}"
13168_0,0.17449781,0.6666667,0.13490756,2024-05-21,13168,"{""type"":""MultiPoint"",""coordinates"":[]}"
13170_0,0.27041224,0.8815567,0.2587322,2024-05-21,13170,"{""type"":""MultiPoint"",""coordinates"":[]}"
13171_0,0.29727274,0.84642464,0.2881044,2024-05-21,13171,"{""type"":""MultiPoint"",""coordinates"":[]}"
13172_0,0.28053978,0.7846154,0.26407555,2024-05-21,13172,"{""type"":""MultiPoint"",""coordinates"":[]}"
13173_0,0.11207789,0.6928192,0.08594583,2024-05-21,13173,"{""type"":""MultiPoint"",""coordinates"":[]}"
13174_0,0.028503964,0.51145834,0.0038049119,2024-05-21,13174,"{""type"":""MultiPoint"",""coordinates"":[]}"
13175_0,0.1943463,0.7277599,0.19628942,2024-05-21,13175,"{""type"":""MultiPoint"",""coordinates"":[]}"
13176_0,0.23010938,0.77021825,0.2115089,2024-05-21,13176,"{""type"":""MultiPoint"",""coordinates"":[]}"
13177_0,0.23941821,0.776297,0.23188645,2024-05-21,13177,"{""type"":""MultiPoint"",""coordinates"":[]}"
13178_0,0.18257399,0.6242171,0.11741472,2024-05-21,13178,"{""type"":""MultiPoint"",""coordinates"":[]}"
13180_0,0.36303264,0.9032133,0.3621502,2024-05-21,13180,"{""type"":""MultiPoint"",""coordinates"":[]}"
13181_0,0.12017367,0.5959316,0.097789794,2024-05-21,13181,"{""type"":""MultiPoint"",""coordinates"":[]}"
13182_0,0.2519009,0.7677054,0.24148221,2024-05-21,13182,"{""type"":""MultiPoint"",""coordinates"":[]}"
13183_0,0.15243275,0.7771788,0.15689428,2024-05-21,13183,"{""type"":""MultiPoint"",""coordinates"":[]}"
13184_0,0.16917233,0.68421054,0.14117454,2024-05-21,13184,"{""type"":""MultiPoint"",""coordinates"":[]}"
13185_0,0.20956278,0.70553595,0.22426549,2024-05-21,13185,"{""type"":""MultiPoint"",""coordinates"":[]}"
13186_0,0.15861844,0.8059929,0.16095331,2024-05-21,13186,"{""type"":""MultiPoint"",""coordinates"":[]}"
13188_0,0.24898125,0.74644476,0.22055402,2024-05-21,13188,"{""type"":""MultiPoint"",""coordinates"":[]}"
13189_0,0.1129934,0.13217448,0.13739704,2024-05-21,13189,"{""type"":""MultiPoint"",""coordinates"":[]}"
13190_0,0.0907704,0.67368424,0.032467533,2024-05-21,13190,"{""type"":""MultiPoint"",""coordinates"":[]}"
13191_0,0.2654813,0.8007968,0.25866336,2024-05-21,13191,"{""type"":""MultiPoint"",""coordinates"":[]}"
13192_0,0.11562942,0.57669693,0.08237021,2024-05-21,13192,"{""type"":""MultiPoint"",""coordinates"":[]}"
13193_0,0.3018868,0.84042555,0.3032015,2024-05-21,13193,"{""type"":""MultiPoint"",""coordinates"":[]}"
13194_0,0.0163083,0.13535684,0.07798656,2024-05-21,13194,"{""type"":""MultiPoint"",""coordinates"":[]}"
13195_0,0.29544598,0.59543073,0.28330782,2024-05-21,13195,"{""type"":""MultiPoint"",""coordinates"":[]}"
13197_0,0.039629005,0.44053602,0.0033542365,2024-05-21,13197,"{""type"":""MultiPoint"",""coordinates"":[]}"
13198_0,0.15001753,0.6032266,0.13470116,2024-05-21,13198,"{""type"":""MultiPoint"",""coordinates"":[]}"
13200_0,0.29874355,0.76983434,0.26243782,2024-05-21,13200,"{""type"":""MultiPoint"",""coordinates"":[]}"
13201_0,0.10958686,0.68601716,0.08954494,2024-05-21,13201,"{""type"":""MultiPoint"",""coordinates"":[]}"
13202_0,0.21271539,0.75158656,0.18636782,2024-05-21,13202,"{""type"":""MultiPoint"",""coordinates"":[]}"
13203_0,0.1723871,0.6731546,0.17377302,2024-05-21,13203,"{""type"":""MultiPoint"",""coordinates"":[]}"
13204_0,0.14121324,0.034192037,0.18733616,2024-05-21,13204,"{""type"":""MultiPoint"",""coordinates"":[]}"
13205_0,0.15586099,0.6715965,0.15046327,2024-05-21,13205,"{""type"":""MultiPoint"",""coordinates"":[]}"
13207_0,0.14180988,-0.03183602,0.108545035,2024-05-21,13207,"{""type"":""MultiPoint"",""coordinates"":[]}"
13208_0,0.11995386,0.7217462,0.16061606,2024-05-21,13208,"{""type"":""MultiPoint"",""coordinates"":[]}"
13209_0,0.13072468,0.51926607,0.14423907,2024-05-21,13209,"{""type"":""MultiPoint"",""coordinates"":[]}"
13210_0,0.09263658,0.54761904,0.06295993,2024-05-21,13210,"{""type"":""MultiPoint"",""coordinates"":[]}"
13211_0,0.10215827,0.50569105,0.085580304,2024-05-21,13211,"{""type"":""MultiPoint"",""coordinates"":[]}"
13212_0,0.33349657,0.86446047,0.3210277,2024-05-21,13212,"{""type"":""MultiPoint"",""coordinates"":[]}"
13213_0,0.04922684,0.038685743,0.078256086,2024-05-21,13213,"{""type"":""MultiPoint"",""coordinates"":[]}"
13214_0,0.12575777,0.5862321,0.12213444,2024-05-21,13214,"{""type"":""MultiPoint"",""coordinates"":[]}"
13215_0,0.030854898,0.031446543,0.031108782,2024-05-21,13215,"{""type"":""MultiPoint"",""coordinates"":[]}"
13217_0,0.21333736,0.71348315,0.16802298,2024-05-21,13217,"{""type"":""MultiPoint"",""coordinates"":[]}"
13218_0,0.26366252,0.67997015,0.25250277,2024-05-21,13218,"{""type"":""MultiPoint"",""coordinates"":[]}"
13220_0,0.09655532,0.10640496,0.10611929,2024-05-21,13220,"{""type"":""MultiPoint"",""coordinates"":[]}"
13221_0,0.32159066,0.8725779,0.3160475,2024-05-21,13221,"{""type"":""MultiPoint"",""coordinates"":[]}"
13222_0,0.40044218,0.9033886,0.39222148,2024-05-21,13222,"{""type"":""MultiPoint"",""coordinates"":[]}"
13223_0,0.20142785,0.70514745,0.18451658,2024-05-21,13223,"{""type"":""MultiPoint"",""coordinates"":[]}"
13224_0,0.056823548,0.6849315,0.069565214,2024-05-21,13224,"{""type"":""MultiPoint"",""coordinates"":[]}"
13225_0,0.182708,0.56826335,0.10562333,2024-05-21,13225,"{""type"":""MultiPoint"",""coordinates"":[]}"
13226_0,0.17270342,0.62959915,0.11410905,2024-05-21,13226,"{""type"":""MultiPoint"",""coordinates"":[]}"
13227_0,0.09552344,0.4009901,-0.06252588,2024-05-21,13227,"{""type"":""MultiPoint"",""coordinates"":[]}"
13228_0,0.26458704,0.8307879,0.24805817,2024-05-21,13228,"{""type"":""MultiPoint"",""coordinates"":[]}"
13229_0,0.34234235,0.73403144,0.30805686,2024-05-21,13229,"{""type"":""MultiPoint"",""coordinates"":[]}"
13230_0,0.14418915,0.6614746,0.10918544,2024-05-21,13230,"{""type"":""MultiPoint"",""coordinates"":[]}"
13231_0,0.124140956,0.63205826,0.08952729,2024-05-21,13231,"{""type"":""MultiPoint"",""coordinates"":[]}"
13232_0,0.067663044,0.64313895,0.044156566,2024-05-21,13232,"{""type"":""MultiPoint"",""coordinates"":[]}"
13233_0,0.09179529,0.53589845,0.07168558,2024-05-21,13233,"{""type"":""MultiPoint"",""coordinates"":[]}"
13234_0,0.05706311,0.112299465,0.10369224,2024-05-21,13234,"{""type"":""MultiPoint"",""coordinates"":[]}"
13235_0,0.1513076,0.6533333,0.13761468,2024-05-21,13235,"{""type"":""MultiPoint"",""coordinates"":[]}"
13236_0,0.15846239,0.34207937,0.14702173,2024-05-21,13236,"{""type"":""MultiPoint"",""coordinates"":[]}"
13237_0,0.17092139,0.19018796,0.20749839,2024-05-21,13237,"{""type"":""MultiPoint"",""coordinates"":[]}"
13238_0,0.23574452,0.015191199,0.29264632,2024-05-21,13238,"{""type"":""MultiPoint"",""coordinates"":[]}"
13239_0,0.21564367,0.8219512,0.34837544,2024-05-21,13239,"{""type"":""MultiPoint"",""coordinates"":[]}"
13240_0,0.25538972,-0.007107709,0.23600477,2024-05-21,13240,"{""type"":""MultiPoint"",""coordinates"":[]}"
13241_0,0.3261339,0.82043344,0.30666667,2024-05-21,13241,"{""type"":""MultiPoint"",""coordinates"":[]}"
13242_0,0.33562428,0.71097344,0.35657686,2024-05-21,13242,"{""type"":""MultiPoint"",""coordinates"":[]}"
13243_0,-0.14070797,0.43310082,0.2735982,2024-05-21,13243,"{""type"":""MultiPoint"",""coordinates"":[]}"
13244_0,0.050693635,0.5462853,0.030583873,2024-05-21,13244,"{""type"":""MultiPoint"",""coordinates"":[]}"
13245_0,0.1812596,0.6181406,0.14487405,2024-05-21,13245,"{""type"":""MultiPoint"",""coordinates"":[]}"
13246_0,0.07055767,0.38073584,0.17917034,2024-05-21,13246,"{""type"":""MultiPoint"",""coordinates"":[]}"
13247_0,0.2489667,0.6612165,0.24372628,2024-05-21,13247,"{""type"":""MultiPoint"",""coordinates"":[]}"
13248_0,0.12352764,0.22360249,0.04129501,2024-05-21,13248,"{""type"":""MultiPoint"",""coordinates"":[]}"
13249_0,0.09646495,0.46815288,0.100238666,2024-05-21,13249,"{""type"":""MultiPoint"",""coordinates"":[]}"
13250_0,0.2906055,0.844256,0.26093832,2024-05-21,13250,"{""type"":""MultiPoint"",""coordinates"":[]}"
13251_0,0.11794328,0.38805512,0.15318066,2024-05-21,13251,"{""type"":""MultiPoint"",""coordinates"":[]}"
13252_0,0.119012825,0.53562003,0.12554392,2024-05-21,13252,"{""type"":""MultiPoint"",""coordinates"":[]}"
13253_0,0.30786595,0.8121878,0.2908735,2024-05-21,13253,"{""type"":""MultiPoint"",""coordinates"":[]}"
13254_0,0.20789124,0.78092587,0.19140294,2024-05-21,13254,"{""type"":""MultiPoint"",""coordinates"":[]}"
13255_0,0.37653032,0.85073394,0.36380255,2024-05-21,13255,"{""type"":""MultiPoint"",""coordinates"":[]}"
13256_0,0.20361021,0.7276556,0.17299443,2024-05-21,13256,"{""type"":""MultiPoint"",""coordinates"":[]}"
13257_0,0.3761156,0.8006088,0.36486876,2024-05-21,13257,"{""type"":""MultiPoint"",""coordinates"":[]}"
13258_0,0.2864135,0.85525715,0.31696284,2024-05-21,13258,"{""type"":""MultiPoint"",""coordinates"":[]}"
13259_0,0.18403362,0.46957007,0.15085265,2024-05-21,13259,"{""type"":""MultiPoint"",""coordinates"":[]}"
13260_0,0.04340176,0.5856197,0.013607499,2024-05-21,13260,"{""type"":""MultiPoint"",""coordinates"":[]}"
13261_0,0.3415941,0.8507913,0.3040708,2024-05-21,13261,"{""type"":""MultiPoint"",""coordinates"":[]}"
13262_0,0.14046942,0.6489303,0.10861147,2024-05-21,13262,"{""type"":""MultiPoint"",""coordinates"":[]}"
13263_0,0.14884959,0.40508223,0.16067295,2024-05-21,13263,"{""type"":""MultiPoint"",""coordinates"":[]}"
13264_0,0.065785125,0.06693919,0.08347928,2024-05-21,13264,"{""type"":""MultiPoint"",""coordinates"":[]}"
13265_0,0.20681004,0.72245765,0.19011894,2024-05-21,13265,"{""type"":""MultiPoint"",""coordinates"":[]}"
13266_0,0.22557107,0.7812576,0.19717152,2024-05-21,13266,"{""type"":""MultiPoint"",""coordinates"":[]}"
13267_0,0.0763964,0.48370138,0.048096564,2024-05-21,13267,"{""type"":""MultiPoint"",""coordinates"":[]}"
13268_0,0.2604807,0.63444,0.25736737,2024-05-21,13268,"{""type"":""MultiPoint"",""coordinates"":[]}"
13269_0,0.11219777,0.6461249,0.09322975,2024-05-21,13269,"{""type"":""MultiPoint"",""coordinates"":[]}"
13270_0,0.3087046,0.8575911,0.2767087,2024-05-21,13270,"{""type"":""MultiPoint"",""coordinates"":[]}"
13272_0,0.2513661,0.77316916,0.3326839,2024-05-21,13272,"{""type"":""MultiPoint"",""coordinates"":[]}"
13273_0,0.3429232,0.8908264,0.3220249,2024-05-21,13273,"{""type"":""MultiPoint"",""coordinates"":[]}"
13276_0,0.027136356,0.602705,-0.007329843,2024-05-21,13276,"{""type"":""MultiPoint"",""coordinates"":[]}"
13277_0,0.093329884,0.5439969,0.059154928,2024-05-21,13277,"{""type"":""MultiPoint"",""coordinates"":[]}"
13278_0,0.31441543,0.834164,0.31385913,2024-05-21,13278,"{""type"":""MultiPoint"",""coordinates"":[]}"
13279_0,0.08767076,0.660186,0.055157594,2024-05-21,13279,"{""type"":""MultiPoint"",""coordinates"":[]}"
13280_0,0.17158067,0.72756207,0.14587292,2024-05-21,13280,"{""type"":""MultiPoint"",""coordinates"":[]}"
13283_0,0.13887013,0.70268863,0.12388367,2024-05-21,13283,"{""type"":""MultiPoint"",""coordinates"":[]}"
13285_0,0.38263157,0.8919515,0.37389913,2024-05-21,13285,"{""type"":""MultiPoint"",""coordinates"":[]}"
13287_0,0.29547706,0.8362853,0.28509212,2024-05-21,13287,"{""type"":""MultiPoint"",""coordinates"":[]}"
13288_0,0.3254724,0.8516931,0.3188826,2024-05-21,13288,"{""type"":""MultiPoint"",""coordinates"":[]}"
13289_0,0.38312963,0.9058873,0.37682927,2024-05-21,13289,"{""type"":""MultiPoint"",""coordinates"":[]}"
13290_0,0.31777894,0.8561096,0.3014814,2024-05-21,13290,"{""type"":""MultiPoint"",""coordinates"":[]}"
13292_0,0.23408274,0.82460076,0.23263298,2024-05-21,13292,"{""type"":""MultiPoint"",""coordinates"":[]}"
13294_0,0.29943502,0.8643478,0.29078868,2024-05-21,13294,"{""type"":""MultiPoint"",""coordinates"":[]}"
13295_0,0.25607124,0.8080338,0.2159818,2024-05-21,13295,"{""type"":""MultiPoint"",""coordinates"":[]}"
13296_0,0.16766335,0.6739901,0.113888234,2024-05-21,13296,"{""type"":""MultiPoint"",""coordinates"":[]}"
13297_0,0.2083256,0.71753556,0.12128713,2024-05-21,13297,"{""type"":""MultiPoint"",""coordinates"":[]}"
13298_0,0.14954264,0.62230337,0.10015755,2024-05-21,13298,"{""type"":""MultiPoint"",""coordinates"":[]}"
13299_0,0.33643892,0.87528867,0.31038192,2024-05-21,13299,"{""type"":""MultiPoint"",""coordinates"":[]}"
13303_0,0.19354387,0.7657512,0.20690131,2024-05-21,13303,"{""type"":""MultiPoint"",""coordinates"":[]}"
13304_0,0.06937799,0.5965131,0.046957944,2024-05-21,13304,"{""type"":""MultiPoint"",""coordinates"":[]}"
13307_0,0.17585666,0.68324405,0.1642265,2024-05-21,13307,"{""type"":""MultiPoint"",""coordinates"":[]}"
13308_0,0.16814843,0.6771249,0.15475255,2024-05-21,13308,"{""type"":""MultiPoint"",""coordinates"":[]}"
13309_0,0.037700955,0.42962658,0.014855811,2024-05-21,13309,"{""type"":""MultiPoint"",""coordinates"":[]}"
13310_0,0.1607328,0.5987842,0.1303725,2024-05-21,13310,"{""type"":""MultiPoint"",""coordinates"":[]}"
13311_0,0.09705223,0.5805471,0.08729744,2024-05-21,13311,"{""type"":""MultiPoint"",""coordinates"":[]}"
13312_0,0.22332731,0.7205298,0.2038925,2024-05-21,13312,"{""type"":""MultiPoint"",""coordinates"":[]}"
13313_0,0.21449596,0.7141277,0.1843362,2024-05-21,13313,"{""type"":""MultiPoint"",""coordinates"":[]}"
13314_0,0.1892247,0.7262961,0.19922128,2024-05-21,13314,"{""type"":""MultiPoint"",""coordinates"":[]}"
13315_0,0.15414408,0.5757274,0.1838565,2024-05-21,13315,"{""type"":""MultiPoint"",""coordinates"":[]}"
13316_0,0.200172,0.7198471,0.14167051,2024-05-21,13316,"{""type"":""MultiPoint"",""coordinates"":[]}"
13317_0,0.20108327,0.69669473,0.19325434,2024-05-21,13317,"{""type"":""MultiPoint"",""coordinates"":[]}"
13318_0,0.092150174,0.45358092,0.014814815,2024-05-21,13318,"{""type"":""MultiPoint"",""coordinates"":[]}"
13319_0,0.18564261,0.7319468,0.17384495,2024-05-21,13319,"{""type"":""MultiPoint"",""coordinates"":[]}"
13320_0,0.037171353,0.5527821,0.05867754,2024-05-21,13320,"{""type"":""MultiPoint"",""coordinates"":[]}"
13321_0,0.051485512,0.53880024,0.042117033,2024-05-21,13321,"{""type"":""MultiPoint"",""coordinates"":[]}"
13322_0,0.14310892,0.655243,0.14205047,2024-05-21,13322,"{""type"":""MultiPoint"",""coordinates"":[]}"
13323_0,0.07461722,0.021085689,0.11939014,2024-05-21,13323,"{""type"":""MultiPoint"",""coordinates"":[]}"
13324_0,0.069101535,0.5461121,0.035422344,2024-05-21,13324,"{""type"":""MultiPoint"",""coordinates"":[]}"
13325_0,0.30963972,0.76625174,0.286002,2024-05-21,13325,"{""type"":""MultiPoint"",""coordinates"":[]}"
13326_0,-0.022884013,0.45126706,-0.04566576,2024-05-21,13326,"{""type"":""MultiPoint"",""coordinates"":[]}"
13327_0,0.010510511,0.10544113,0.04368016,2024-05-21,13327,"{""type"":""MultiPoint"",""coordinates"":[]}"
13328_0,0.049473587,0.05479956,0.058595553,2024-05-21,13328,"{""type"":""MultiPoint"",""coordinates"":[]}"
13329_0,0.2965856,0.6454074,0.26217228,2024-05-21,13329,"{""type"":""MultiPoint"",""coordinates"":[]}"
13330_0,0.062086843,0.052467532,0.056584094,2024-05-21,13330,"{""type"":""MultiPoint"",""coordinates"":[]}"
13331_0,0.2968893,0.75586855,0.26016846,2024-05-21,13331,"{""type"":""MultiPoint"",""coordinates"":[]}"
13332_0,0.10561411,0.625,0.10638298,2024-05-21,13332,"{""type"":""MultiPoint"",""coordinates"":[]}"
13333_0,0.08201701,0.5476739,0.052961454,2024-05-21,13333,"{""type"":""MultiPoint"",""coordinates"":[]}"
13334_0,0.13283548,0.594735,0.09151257,2024-05-21,13334,"{""type"":""MultiPoint"",""coordinates"":[]}"
13874_0,0.1459101,0.24848871,0.060397245,2024-05-21,13874,"{""type"":""MultiPoint"",""coordinates"":[]}"
13875_0,0.083207585,0.23895323,0.15185961,2024-05-21,13875,"{""type"":""MultiPoint"",""coordinates"":[]}"
13876_0,0.13223371,0.6453159,0.09767442,2024-05-21,13876,"{""type"":""MultiPoint"",""coordinates"":[]}"
13877_0,0.17510164,0.7440585,0.1293282,2024-05-21,13877,"{""type"":""MultiPoint"",""coordinates"":[]}"
13878_0,0.22030537,0.7110694,0.1637601,2024-05-21,13878,"{""type"":""MultiPoint"",""coordinates"":[]}"
13879_0,0.11025145,0.5694968,0.084226646,2024-05-21,13879,"{""type"":""MultiPoint"",""coordinates"":[]}"
13880_0,0.119235836,0.565872,0.07697618,2024-05-21,13880,"{""type"":""MultiPoint"",""coordinates"":[]}"
13884_0,0.046886723,0.21501309,0.24341224,2024-05-21,13884,"{""type"":""MultiPoint"",""coordinates"":[]}"
13885_0,0.082481645,0.39782345,0.042223893,2024-05-21,13885,"{""type"":""MultiPoint"",""coordinates"":[]}"
13886_0,0.25800484,0.84839886,0.27249897,2024-05-21,13886,"{""type"":""MultiPoint"",""coordinates"":[]}"
13887_0,-0.015332198,0.4818653,-0.07310047,2024-05-21,13887,"{""type"":""MultiPoint"",""coordinates"":[]}"
13889_0,0.13350497,0.66117775,0.11627907,2024-05-21,13889,"{""type"":""MultiPoint"",""coordinates"":[]}"
13890_0,0.21162854,0.65294343,0.200503,2024-05-21,13890,"{""type"":""MultiPoint"",""coordinates"":[]}"
13891_0,0.23588568,0.04842105,0.23365478,2024-05-21,13891,"{""type"":""MultiPoint"",""coordinates"":[]}"
13892_0,0.06386046,0.4017892,0.052109182,2024-05-21,13892,"{""type"":""MultiPoint"",""coordinates"":[]}"
13893_0,0.31079736,0.8141264,0.3268596,2024-05-21,13893,"{""type"":""MultiPoint"",""coordinates"":[]}"
13894_0,0.30845323,0.8621849,0.3153287,2024-05-21,13894,"{""type"":""MultiPoint"",""coordinates"":[]}"
13895_0,0.12332027,0.041583024,0.07400015,2024-05-21,13895,"{""type"":""MultiPoint"",""coordinates"":[]}"
13896_0,0.078132845,0.60188085,0.053427245,2024-05-21,13896,"{""type"":""MultiPoint"",""coordinates"":[]}"
13897_0,0.276219,0.8455184,0.25417542,2024-05-21,13897,"{""type"":""MultiPoint"",""coordinates"":[]}"
13898_0,0.056532398,0.06935123,0.063551664,2024-05-21,13898,"{""type"":""MultiPoint"",""coordinates"":[]}"
13899_0,0.15800968,0.6151041,0.16478416,2024-05-21,13899,"{""type"":""MultiPoint"",""coordinates"":[]}"
13900_0,0.18585193,0.6378994,0.16282101,2024-05-21,13900,"{""type"":""MultiPoint"",""coordinates"":[]}"
13901_0,0.28164324,0.718382,0.26713234,2024-05-21,13901,"{""type"":""MultiPoint"",""coordinates"":[]}"
13902_0,0.34695733,0.8785992,0.38239083,2024-05-21,13902,"{""type"":""MultiPoint"",""coordinates"":[]}"
13904_0,0.018874908,0.032065623,0.021590699,2024-05-21,13904,"{""type"":""MultiPoint"",""coordinates"":[]}"
13906_0,0.043327555,0.7613169,0.39869282,2024-05-21,13906,"{""type"":""MultiPoint"",""coordinates"":[]}"
13907_0,0.15278164,0.02019802,0.14961508,2024-05-21,13907,"{""type"":""MultiPoint"",""coordinates"":[]}"
13908_0,0.297166,0.75424963,0.24939467,2024-05-21,13908,"{""type"":""MultiPoint"",""coordinates"":[]}"
13911_0,0.29110548,0.7604814,0.24552938,2024-05-21,13911,"{""type"":""MultiPoint"",""coordinates"":[]}"
13912_0,0.19883429,0.7374953,0.20879121,2024-05-21,13912,"{""type"":""MultiPoint"",""coordinates"":[]}"
13914_0,0.1663286,0.4987715,-0.14804469,2024-05-21,13914,"{""type"":""MultiPoint"",""coordinates"":[]}"
13915_0,0.26598573,0.85803336,0.2757145,2024-05-21,13915,"{""type"":""MultiPoint"",""coordinates"":[]}"
13917_0,0.10983148,0.041723665,0.07366937,2024-05-21,13917,"{""type"":""MultiPoint"",""coordinates"":[]}"
13919_0,0.043677755,0.07565902,0.07391267,2024-05-21,13919,"{""type"":""MultiPoint"",""coordinates"":[]}"
13920_0,0.33376572,0.8780488,0.34187597,2024-05-21,13920,"{""type"":""MultiPoint"",""coordinates"":[]}"
13921_0,0.15180579,0.5886049,0.14527333,2024-05-21,13921,"{""type"":""MultiPoint"",""coordinates"":[]}"
13923_0,0.1780029,0.78994524,0.16905071,2024-05-21,13923,"{""type"":""MultiPoint"",""coordinates"":[]}"
13924_0,0.020453196,0.017621145,-0.11076894,2024-05-21,13924,"{""type"":""MultiPoint"",""coordinates"":[]}"
13925_0,0.14566171,-0.00961881,0.12436805,2024-05-21,13925,"{""type"":""MultiPoint"",""coordinates"":[]}"
13926_0,0.049649216,0.42762613,-0.010037282,2024-05-21,13926,"{""type"":""MultiPoint"",""coordinates"":[]}"
13928_0,0.05289709,0.03624009,0.053919803,2024-05-21,13928,"{""type"":""MultiPoint"",""coordinates"":[]}"
13929_0,0.079631455,0.6919217,0.09320798,2024-05-21,13929,"{""type"":""MultiPoint"",""coordinates"":[]}"
13930_0,0.11342662,0.59752595,0.096754625,2024-05-21,13930,"{""type"":""MultiPoint"",""coordinates"":[]}"
13931_0,0.3072673,0.86822355,0.29386282,2024-05-21,13931,"{""type"":""MultiPoint"",""coordinates"":[]}"
13932_0,0.03008233,0.1496786,-0.10041315,2024-05-21,13932,"{""type"":""MultiPoint"",""coordinates"":[]}"
13933_0,0.20652509,0.76840216,0.2089598,2024-05-21,13933,"{""type"":""MultiPoint"",""coordinates"":[]}"
13934_0,0.13529766,0.38646618,0.12370506,2024-05-21,13934,"{""type"":""MultiPoint"",""coordinates"":[]}"
13935_0,0.02149437,0.49823874,5.2273914E-4,2024-05-21,13935,"{""type"":""MultiPoint"",""coordinates"":[]}"
13937_0,0.15113872,0.5465474,0.14867109,2024-05-21,13937,"{""type"":""MultiPoint"",""coordinates"":[]}"
13938_0,0.26005638,0.6702454,0.20265047,2024-05-21,13938,"{""type"":""MultiPoint"",""coordinates"":[]}"
13939_0,0.17272575,0.62417746,0.14876746,2024-05-21,13939,"{""type"":""MultiPoint"",""coordinates"":[]}"
13940_0,0.23162824,0.768813,0.23176661,2024-05-21,13940,"{""type"":""MultiPoint"",""coordinates"":[]}"
13941_0,0.25616437,0.8479131,0.28203094,2024-05-21,13941,"{""type"":""MultiPoint"",""coordinates"":[]}"
13942_0,0.30994713,0.7036083,0.29607844,2024-05-21,13942,"{""type"":""MultiPoint"",""coordinates"":[]}"
13943_0,0.20652173,0.64972633,0.19428329,2024-05-21,13943,"{""type"":""MultiPoint"",""coordinates"":[]}"
13944_0,0.10669054,0.018904507,0.110406764,2024-05-21,13944,"{""type"":""MultiPoint"",""coordinates"":[]}"
13945_0,0.04747711,0.4489725,0.30060965,2024-05-21,13945,"{""type"":""MultiPoint"",""coordinates"":[]}"
13946_0,0.07147457,0.59496325,0.02633356,2024-05-21,13946,"{""type"":""MultiPoint"",""coordinates"":[]}"
13947_0,0.40610546,0.9549072,0.3931947,2024-05-21,13947,"{""type"":""MultiPoint"",""coordinates"":[]}"
13948_0,0.14816466,0.6691401,0.1431988,2024-05-21,13948,"{""type"":""MultiPoint"",""coordinates"":[]}"
13949_0,0.07665458,0.36529818,0.13971232,2024-05-21,13949,"{""type"":""MultiPoint"",""coordinates"":[]}"
13950_0,0.11903606,0.070960045,0.13751881,2024-05-21,13950,"{""type"":""MultiPoint"",""coordinates"":[]}"
13951_0,0.17196892,0.3417931,0.26534858,2024-05-21,13951,"{""type"":""MultiPoint"",""coordinates"":[]}"
13952_0,0.08126628,0.042628292,0.06785317,2024-05-21,13952,"{""type"":""MultiPoint"",""coordinates"":[]}"
13953_0,0.36195827,0.7585644,0.1510945,2024-05-21,13953,"{""type"":""MultiPoint"",""coordinates"":[]}"
13954_0,0.12676743,0.52288073,0.06254907,2024-05-21,13954,"{""type"":""MultiPoint"",""coordinates"":[]}"
13955_0,0.16892007,0.7256544,0.1516422,2024-05-21,13955,"{""type"":""MultiPoint"",""coordinates"":[]}"
13956_0,0.35786235,0.8872558,0.37695128,2024-05-21,13956,"{""type"":""MultiPoint"",""coordinates"":[]}"
13957_0,0.12181693,0.36632746,0.07301126,2024-05-21,13957,"{""type"":""MultiPoint"",""coordinates"":[]}"
13958_0,0.24889825,0.7419706,0.24031007,2024-05-21,13958,"{""type"":""MultiPoint"",""coordinates"":[]}"
13959_0,0.19984326,0.6347282,0.15421787,2024-05-21,13959,"{""type"":""MultiPoint"",""coordinates"":[]}"
13960_0,-0.03314321,0.3382293,-0.010707284,2024-05-21,13960,"{""type"":""MultiPoint"",""coordinates"":[]}"
13961_0,0.26514658,0.7410359,0.21557719,2024-05-21,13961,"{""type"":""MultiPoint"",""coordinates"":[]}"
13962_0,0.23079833,0.7540843,0.20164932,2024-05-21,13962,"{""type"":""MultiPoint"",""coordinates"":[]}"
13963_0,0.32678053,0.8384864,0.31203687,2024-05-21,13963,"{""type"":""MultiPoint"",""coordinates"":[]}"
13964_0,0.12043796,0.66458434,0.08999371,2024-05-21,13964,"{""type"":""MultiPoint"",""coordinates"":[]}"
13965_0,0.36615384,0.7759336,0.35015774,2024-05-21,13965,"{""type"":""MultiPoint"",""coordinates"":[]}"
13966_0,0.30143413,0.6619718,0.26488012,2024-05-21,13966,"{""type"":""MultiPoint"",""coordinates"":[]}"
13967_0,0.32073596,0.80160856,0.32609767,2024-05-21,13967,"{""type"":""MultiPoint"",""coordinates"":[]}"
13969_0,0.13316877,0.29985228,0.13753878,2024-05-21,13969,"{""type"":""MultiPoint"",""coordinates"":[]}"
13970_0,0.26695707,0.8062664,0.23157208,2024-05-21,13970,"{""type"":""MultiPoint"",""coordinates"":[]}"
13971_0,0.3250082,0.8415885,0.3452343,2024-05-21,13971,"{""type"":""MultiPoint"",""coordinates"":[]}"
13972_0,0.3934672,0.90426683,0.36947042,2024-05-21,13972,"{""type"":""MultiPoint"",""coordinates"":[]}"
13973_0,0.24832664,0.7632094,0.23213676,2024-05-21,13973,"{""type"":""MultiPoint"",""coordinates"":[]}"
13974_0,0.30536914,0.7852747,0.26465365,2024-05-21,13974,"{""type"":""MultiPoint"",""coordinates"":[]}"
13975_0,0.34261242,0.88843536,0.31918263,2024-05-21,13975,"{""type"":""MultiPoint"",""coordinates"":[]}"
13976_0,0.1544662,0.7053292,0.11895783,2024-05-21,13976,"{""type"":""MultiPoint"",""coordinates"":[]}"
13977_0,0.29193386,0.7837838,0.29193386,2024-05-21,13977,"{""type"":""MultiPoint"",""coordinates"":[]}"
13978_0,0.38425493,0.8040496,0.35525024,2024-05-21,13978,"{""type"":""MultiPoint"",""coordinates"":[]}"
13979_0,0.34929428,0.90122885,0.3849012,2024-05-21,13979,"{""type"":""MultiPoint"",""coordinates"":[]}"
13981_0,0.106358215,0.07412587,0.20015627,2024-05-21,13981,"{""type"":""MultiPoint"",""coordinates"":[]}"
13982_0,0.3255949,0.77890295,0.28929663,2024-05-21,13982,"{""type"":""MultiPoint"",""coordinates"":[]}"
13983_0,0.15298562,0.4171123,0.18518518,2024-05-21,13983,"{""type"":""MultiPoint"",""coordinates"":[]}"
13984_0,0.26371124,0.771134,0.24110529,2024-05-21,13984,"{""type"":""MultiPoint"",""coordinates"":[]}"
13986_0,0.10673033,0.52105486,0.10438542,2024-05-21,13986,"{""type"":""MultiPoint"",""coordinates"":[]}"
13987_0,0.18164028,0.7501307,0.1855524,2024-05-21,13987,"{""type"":""MultiPoint"",""coordinates"":[]}"
13988_0,0.19977148,0.73305213,0.1557163,2024-05-21,13988,"{""type"":""MultiPoint"",""coordinates"":[]}"
13989_0,0.17364162,0.6987952,0.11600297,2024-05-21,13989,"{""type"":""MultiPoint"",""coordinates"":[]}"
13991_0,0.26573017,0.79453504,0.25604153,2024-05-21,13991,"{""type"":""MultiPoint"",""coordinates"":[]}"
13992_0,0.21186297,0.6923833,0.19666435,2024-05-21,13992,"{""type"":""MultiPoint"",""coordinates"":[]}"
13993_0,0.027976578,0.6082368,0.02225131,2024-05-21,13993,"{""type"":""MultiPoint"",""coordinates"":[]}"
13994_0,0.20254777,0.699793,0.1996347,2024-05-21,13994,"{""type"":""MultiPoint"",""coordinates"":[]}"
13995_0,0.4205873,0.87356323,0.36140594,2024-05-21,13995,"{""type"":""MultiPoint"",""coordinates"":[]}"
13996_0,0.26778606,0.74961984,0.24016526,2024-05-21,13996,"{""type"":""MultiPoint"",""coordinates"":[]}"
13997_0,0.23748712,0.75306314,0.20232709,2024-05-21,13997,"{""type"":""MultiPoint"",""coordinates"":[]}"
13998_0,0.21061713,0.77517104,0.20841096,2024-05-21,13998,"{""type"":""MultiPoint"",""coordinates"":[]}"
13999_0,0.18379161,0.018352207,0.104382806,2024-05-21,13999,"{""type"":""MultiPoint"",""coordinates"":[]}"
14000_0,0.21523891,0.71312034,0.16048814,2024-05-21,14000,"{""type"":""MultiPoint"",""coordinates"":[]}"
14001_0,0.33288097,0.8844022,0.3189249,2024-05-21,14001,"{""type"":""MultiPoint"",""coordinates"":[]}"
14002_0,0.15574563,0.5756537,0.09144893,2024-05-21,14002,"{""type"":""MultiPoint"",""coordinates"":[]}"
14003_0,0.21156773,0.697858,0.18489379,2024-05-21,14003,"{""type"":""MultiPoint"",""coordinates"":[]}"
14006_0,0.24289566,0.7188459,0.21081081,2024-05-21,14006,"{""type"":""MultiPoint"",""coordinates"":[]}"
14009_0,0.112519205,0.67079645,0.10130274,2024-05-21,14009,"{""type"":""MultiPoint"",""coordinates"":[]}"
14010_0,0.27553764,0.8052454,0.234375,2024-05-21,14010,"{""type"":""MultiPoint"",""coordinates"":[]}"
14011_0,0.1927886,0.6580938,0.16031457,2024-05-21,14011,"{""type"":""MultiPoint"",""coordinates"":[]}"
14014_0,0.25193942,0.7561515,0.2213036,2024-05-21,14014,"{""type"":""MultiPoint"",""coordinates"":[]}"
14016_0,0.28176576,0.7678952,0.23279524,2024-05-21,14016,"{""type"":""MultiPoint"",""coordinates"":[]}"
14017_0,0.20283806,0.69957644,0.15449314,2024-05-21,14017,"{""type"":""MultiPoint"",""coordinates"":[]}"
14018_0,0.18671486,0.66324437,0.15652329,2024-05-21,14018,"{""type"":""MultiPoint"",""coordinates"":[]}"
14019_0,0.27301443,0.76481897,0.26185566,2024-05-21,14019,"{""type"":""MultiPoint"",""coordinates"":[]}"
14020_0,0.14662424,0.60397446,0.09257916,2024-05-21,14020,"{""type"":""MultiPoint"",""coordinates"":[]}"
14021_0,0.138098,0.59902793,0.08379658,2024-05-21,14021,"{""type"":""MultiPoint"",""coordinates"":[]}"
14022_0,0.14118741,0.6457901,0.102069154,2024-05-21,14022,"{""type"":""MultiPoint"",""coordinates"":[]}"
14023_0,0.25592196,0.7918386,0.2384725,2024-05-21,14023,"{""type"":""MultiPoint"",""coordinates"":[]}"
14024_0,0.29419613,0.7666477,0.3233852,2024-05-21,14024,"{""type"":""MultiPoint"",""coordinates"":[]}"
14025_0,0.108171664,0.6236419,0.10369276,2024-05-21,14025,"{""type"":""MultiPoint"",""coordinates"":[]}"
14026_0,0.0024991075,0.4643055,-0.027205883,2024-05-21,14026,"{""type"":""MultiPoint"",""coordinates"":[]}"
14027_0,0.0256156,0.56430155,-0.02183709,2024-05-21,14027,"{""type"":""MultiPoint"",""coordinates"":[]}"
14028_0,0.13659793,0.54119545,0.09928942,2024-05-21,14028,"{""type"":""MultiPoint"",""coordinates"":[]}"
14029_0,0.16324857,0.6528618,0.16420846,2024-05-21,14029,"{""type"":""MultiPoint"",""coordinates"":[]}"
14030_0,0.27805603,0.7971178,0.24073352,2024-05-21,14030,"{""type"":""MultiPoint"",""coordinates"":[]}"
14031_0,0.18745139,0.69279,0.1591092,2024-05-21,14031,"{""type"":""MultiPoint"",""coordinates"":[]}"
14032_0,0.16244726,0.5953757,0.16332982,2024-05-21,14032,"{""type"":""MultiPoint"",""coordinates"":[]}"
14033_0,0.041065484,0.5379845,0.06896552,2024-05-21,14033,"{""type"":""MultiPoint"",""coordinates"":[]}"
14034_0,0.17249374,0.0,0.1968019,2024-05-21,14034,"{""type"":""MultiPoint"",""coordinates"":[]}"
14035_0,0.019322574,0.05617056,0.08852736,2024-05-21,14035,"{""type"":""MultiPoint"",""coordinates"":[]}"
14036_0,-0.023233457,0.5150571,-0.045000818,2024-05-21,14036,"{""type"":""MultiPoint"",""coordinates"":[]}"
14037_0,0.0026276277,0.045796737,0.11300284,2024-05-21,14037,"{""type"":""MultiPoint"",""coordinates"":[]}"
14038_0,0.06485234,0.18563789,-0.019892642,2024-05-21,14038,"{""type"":""MultiPoint"",""coordinates"":[]}"
14039_0,0.034191765,0.086564,0.10430441,2024-05-21,14039,"{""type"":""MultiPoint"",""coordinates"":[]}"
14040_0,0.27182367,0.7486409,0.23738402,2024-05-21,14040,"{""type"":""MultiPoint"",""coordinates"":[]}"
14579_0,0.2825644,0.81873727,0.29702252,2024-05-21,14579,"{""type"":""MultiPoint"",""coordinates"":[]}"
14580_0,0.20247345,0.7608804,0.16652858,2024-05-21,14580,"{""type"":""MultiPoint"",""coordinates"":[]}"
14581_0,0.26685393,0.7854373,0.27645156,2024-05-21,14581,"{""type"":""MultiPoint"",""coordinates"":[]}"
14582_0,0.24151063,0.81462294,0.13749549,2024-05-21,14582,"{""type"":""MultiPoint"",""coordinates"":[]}"
14583_0,0.2781292,0.77043766,0.2614238,2024-05-21,14583,"{""type"":""MultiPoint"",""coordinates"":[]}"
14584_0,0.096099235,0.4644068,0.06666667,2024-05-21,14584,"{""type"":""MultiPoint"",""coordinates"":[]}"
14585_0,0.30743188,0.7877496,0.2994129,2024-05-21,14585,"{""type"":""MultiPoint"",""coordinates"":[]}"
14586_0,0.18641554,0.62070507,0.13945098,2024-05-21,14586,"{""type"":""MultiPoint"",""coordinates"":[]}"
14587_0,0.17577446,0.7232704,0.16265912,2024-05-21,14587,"{""type"":""MultiPoint"",""coordinates"":[]}"
14589_0,0.11480912,0.024159664,0.10403397,2024-05-21,14589,"{""type"":""MultiPoint"",""coordinates"":[]}"
14590_0,0.2521866,0.7639024,0.27593508,2024-05-21,14590,"{""type"":""MultiPoint"",""coordinates"":[]}"
14592_0,0.13526668,0.62036455,0.09469214,2024-05-21,14592,"{""type"":""MultiPoint"",""coordinates"":[]}"
14593_0,0.2765757,0.8104892,0.28074825,2024-05-21,14593,"{""type"":""MultiPoint"",""coordinates"":[]}"
14595_0,0.36714193,0.8744699,0.38710183,2024-05-21,14595,"{""type"":""MultiPoint"",""coordinates"":[]}"
14596_0,0.38601035,0.81778264,0.39923954,2024-05-21,14596,"{""type"":""MultiPoint"",""coordinates"":[]}"
14597_0,0.114691034,0.39378673,0.14984992,2024-05-21,14597,"{""type"":""MultiPoint"",""coordinates"":[]}"
14598_0,0.3580864,0.7934668,0.3087274,2024-05-21,14598,"{""type"":""MultiPoint"",""coordinates"":[]}"
14599_0,0.26602283,0.8052257,0.25,2024-05-21,14599,"{""type"":""MultiPoint"",""coordinates"":[]}"
14600_0,0.269599,0.7305315,0.22950819,2024-05-21,14600,"{""type"":""MultiPoint"",""coordinates"":[]}"
14601_0,0.11225806,0.68921775,0.07464694,2024-05-21,14601,"{""type"":""MultiPoint"",""coordinates"":[]}"
14603_0,0.23226078,0.81005585,0.21313363,2024-05-21,14603,"{""type"":""MultiPoint"",""coordinates"":[]}"
14605_0,0.32629558,0.7679181,0.32608,2024-05-21,14605,"{""type"":""MultiPoint"",""coordinates"":[]}"
14606_0,0.2943604,0.809705,0.29918033,2024-05-21,14606,"{""type"":""MultiPoint"",""coordinates"":[]}"
14607_0,0.13699907,0.6655619,0.08840323,2024-05-21,14607,"{""type"":""MultiPoint"",""coordinates"":[]}"
14608_0,0.12046415,0.037965614,0.1289443,2024-05-21,14608,"{""type"":""MultiPoint"",""coordinates"":[]}"
14609_0,0.30984923,0.88651913,0.31371725,2024-05-21,14609,"{""type"":""MultiPoint"",""coordinates"":[]}"
14610_0,0.44773552,0.8553991,0.46451733,2024-05-21,14610,"{""type"":""MultiPoint"",""coordinates"":[]}"
14611_0,0.100837275,0.06504599,0.13515407,2024-05-21,14611,"{""type"":""MultiPoint"",""coordinates"":[]}"
14612_0,0.119740166,0.00203666,0.1269864,2024-05-21,14612,"{""type"":""MultiPoint"",""coordinates"":[]}"
14613_0,0.103005104,-0.008287293,0.09513823,2024-05-21,14613,"{""type"":""MultiPoint"",""coordinates"":[]}"
14614_0,0.10423608,0.39719626,0.11932616,2024-05-21,14614,"{""type"":""MultiPoint"",""coordinates"":[]}"
14615_0,0.21913733,0.023898035,0.24017046,2024-05-21,14615,"{""type"":""MultiPoint"",""coordinates"":[]}"
14616_0,0.23454008,0.73672855,0.19388814,2024-05-21,14616,"{""type"":""MultiPoint"",""coordinates"":[]}"
14617_0,0.0113464445,0.09665828,0.077303216,2024-05-21,14617,"{""type"":""MultiPoint"",""coordinates"":[]}"
14618_0,0.18217641,0.8041282,0.20717014,2024-05-21,14618,"{""type"":""MultiPoint"",""coordinates"":[]}"
14619_0,0.3584802,0.6570297,0.28461775,2024-05-21,14619,"{""type"":""MultiPoint"",""coordinates"":[]}"
14620_0,0.11430396,0.5136564,0.10660225,2024-05-21,14620,"{""type"":""MultiPoint"",""coordinates"":[]}"
14621_0,0.19704017,0.63497126,0.14862138,2024-05-21,14621,"{""type"":""MultiPoint"",""coordinates"":[]}"
14622_0,0.28704366,0.7384196,0.123239435,2024-05-21,14622,"{""type"":""MultiPoint"",""coordinates"":[]}"
14623_0,0.06272266,0.1261731,-0.0024246622,2024-05-21,14623,"{""type"":""MultiPoint"",""coordinates"":[]}"
14625_0,0.19555624,0.77040356,0.19799727,2024-05-21,14625,"{""type"":""MultiPoint"",""coordinates"":[]}"
14626_0,0.28810257,0.76582825,0.2999202,2024-05-21,14626,"{""type"":""MultiPoint"",""coordinates"":[]}"
14627_0,0.017793594,0.13710451,0.020434503,2024-05-21,14627,"{""type"":""MultiPoint"",""coordinates"":[]}"
14628_0,0.053148728,0.58188826,0.01608911,2024-05-21,14628,"{""type"":""MultiPoint"",""coordinates"":[]}"
14629_0,0.10987623,0.13427562,0.04446855,2024-05-21,14629,"{""type"":""MultiPoint"",""coordinates"":[]}"
14630_0,0.04694386,0.19459687,0.06451006,2024-05-21,14630,"{""type"":""MultiPoint"",""coordinates"":[]}"
14631_0,0.15824915,0.60792077,0.13013221,2024-05-21,14631,"{""type"":""MultiPoint"",""coordinates"":[]}"
14633_0,0.02512904,0.04819277,0.075664885,2024-05-21,14633,"{""type"":""MultiPoint"",""coordinates"":[]}"
14634_0,0.20503739,0.6121537,-0.056485355,2024-05-21,14634,"{""type"":""MultiPoint"",""coordinates"":[]}"
14635_0,0.05078459,0.4107884,0.010851791,2024-05-21,14635,"{""type"":""MultiPoint"",""coordinates"":[]}"
14636_0,0.030631687,0.56397307,0.05823722,2024-05-21,14636,"{""type"":""MultiPoint"",""coordinates"":[]}"
14637_0,0.3315134,0.85907334,0.3257615,2024-05-21,14637,"{""type"":""MultiPoint"",""coordinates"":[]}"
14638_0,0.029405717,0.09573145,0.056754597,2024-05-21,14638,"{""type"":""MultiPoint"",""coordinates"":[]}"
14639_0,0.039786223,0.59128064,-0.0034129692,2024-05-21,14639,"{""type"":""MultiPoint"",""coordinates"":[]}"
14640_0,0.08902812,0.5158658,0.033693973,2024-05-21,14640,"{""type"":""MultiPoint"",""coordinates"":[]}"
14641_0,0.12593828,0.6,0.054151624,2024-05-21,14641,"{""type"":""MultiPoint"",""coordinates"":[]}"
14642_0,0.30500633,0.7337143,0.29492104,2024-05-21,14642,"{""type"":""MultiPoint"",""coordinates"":[]}"
14643_0,0.098905556,0.1539414,0.11416617,2024-05-21,14643,"{""type"":""MultiPoint"",""coordinates"":[]}"
14644_0,0.094566815,0.59673023,0.065616004,2024-05-21,14644,"{""type"":""MultiPoint"",""coordinates"":[]}"
14645_0,0.10566667,0.58526266,0.08539288,2024-05-21,14645,"{""type"":""MultiPoint"",""coordinates"":[]}"
14646_0,0.10200397,0.11286277,0.11067405,2024-05-21,14646,"{""type"":""MultiPoint"",""coordinates"":[]}"
14647_0,0.16629712,0.59567565,0.13364056,2024-05-21,14647,"{""type"":""MultiPoint"",""coordinates"":[]}"
14648_0,0.2790819,0.6832868,0.20847651,2024-05-21,14648,"{""type"":""MultiPoint"",""coordinates"":[]}"
14649_0,0.29426435,0.055711422,0.34817657,2024-05-21,14649,"{""type"":""MultiPoint"",""coordinates"":[]}"
14650_0,0.11220977,0.06184586,0.14227226,2024-05-21,14650,"{""type"":""MultiPoint"",""coordinates"":[]}"
14651_0,0.1449079,0.553125,0.11481845,2024-05-21,14651,"{""type"":""MultiPoint"",""coordinates"":[]}"
14652_0,0.16554262,0.67252547,0.14105396,2024-05-21,14652,"{""type"":""MultiPoint"",""coordinates"":[]}"
14653_0,0.071295395,0.14304376,0.14472608,2024-05-21,14653,"{""type"":""MultiPoint"",""coordinates"":[]}"
14654_0,0.115485564,0.5813559,0.16116989,2024-05-21,14654,"{""type"":""MultiPoint"",""coordinates"":[]}"
14655_0,0.18520112,0.5904059,0.15446429,2024-05-21,14655,"{""type"":""MultiPoint"",""coordinates"":[]}"
14656_0,0.43815684,0.8327196,0.42962658,2024-05-21,14656,"{""type"":""MultiPoint"",""coordinates"":[]}"
14657_0,0.32828507,0.8909091,0.32818532,2024-05-21,14657,"{""type"":""MultiPoint"",""coordinates"":[]}"
14658_0,0.110424936,0.7073383,0.13037229,2024-05-21,14658,"{""type"":""MultiPoint"",""coordinates"":[]}"
14659_0,0.22092019,0.57191676,0.23144317,2024-05-21,14659,"{""type"":""MultiPoint"",""coordinates"":[]}"
14660_0,0.2835643,0.8475868,0.2895981,2024-05-21,14660,"{""type"":""MultiPoint"",""coordinates"":[]}"
14661_0,0.1544664,0.6841015,0.09753628,2024-05-21,14661,"{""type"":""MultiPoint"",""coordinates"":[]}"
14662_0,0.32233125,0.86545604,0.3296073,2024-05-21,14662,"{""type"":""MultiPoint"",""coordinates"":[]}"
14663_0,0.3208819,0.90483385,0.35191637,2024-05-21,14663,"{""type"":""MultiPoint"",""coordinates"":[]}"
14664_0,0.38929608,0.83821803,0.3611111,2024-05-21,14664,"{""type"":""MultiPoint"",""coordinates"":[]}"
14665_0,0.30126664,0.8308362,0.26964974,2024-05-21,14665,"{""type"":""MultiPoint"",""coordinates"":[]}"
14666_0,0.14746313,0.7310147,0.070951924,2024-05-21,14666,"{""type"":""MultiPoint"",""coordinates"":[]}"
14667_0,0.037453182,0.48754114,0.0128040975,2024-05-21,14667,"{""type"":""MultiPoint"",""coordinates"":[]}"
14668_0,0.04107623,0.5330296,0.0035414726,2024-05-21,14668,"{""type"":""MultiPoint"",""coordinates"":[]}"
14669_0,0.048734415,0.4369748,0.041492198,2024-05-21,14669,"{""type"":""MultiPoint"",""coordinates"":[]}"
14670_0,0.39353025,0.8553949,0.39776537,2024-05-21,14670,"{""type"":""MultiPoint"",""coordinates"":[]}"
14671_0,-0.016305959,0.45587564,-0.036902603,2024-05-21,14671,"{""type"":""MultiPoint"",""coordinates"":[]}"
14672_0,0.24963646,0.7607467,0.213681,2024-05-21,14672,"{""type"":""MultiPoint"",""coordinates"":[]}"
14673_0,0.30046737,0.83656204,0.27995035,2024-05-21,14673,"{""type"":""MultiPoint"",""coordinates"":[]}"
14674_0,0.40729928,0.9080869,0.41151667,2024-05-21,14674,"{""type"":""MultiPoint"",""coordinates"":[]}"
14675_0,0.27683032,0.7463578,0.27054736,2024-05-21,14675,"{""type"":""MultiPoint"",""coordinates"":[]}"
14676_0,0.28377506,0.79944146,0.23055555,2024-05-21,14676,"{""type"":""MultiPoint"",""coordinates"":[]}"
14677_0,0.2569627,0.58235294,-0.13574298,2024-05-21,14677,"{""type"":""MultiPoint"",""coordinates"":[]}"
14679_0,0.2590467,0.7682134,0.25845563,2024-05-21,14679,"{""type"":""MultiPoint"",""coordinates"":[]}"
14680_0,0.34165922,0.780791,0.3621435,2024-05-21,14680,"{""type"":""MultiPoint"",""coordinates"":[]}"
14681_0,0.33921352,0.87711054,0.3331685,2024-05-21,14681,"{""type"":""MultiPoint"",""coordinates"":[]}"
14684_0,0.17225385,0.6684142,0.12929696,2024-05-21,14684,"{""type"":""MultiPoint"",""coordinates"":[]}"
14685_0,0.121063955,0.63545567,0.07663859,2024-05-21,14685,"{""type"":""MultiPoint"",""coordinates"":[]}"
14688_0,-0.009888108,0.4633758,-0.027127167,2024-05-21,14688,"{""type"":""MultiPoint"",""coordinates"":[]}"
14689_0,0.1729196,0.66680586,0.1530907,2024-05-21,14689,"{""type"":""MultiPoint"",""coordinates"":[]}"
14691_0,0.062459122,0.14013414,0.059537478,2024-05-21,14691,"{""type"":""MultiPoint"",""coordinates"":[]}"
14692_0,0.12005426,0.5876028,0.12657091,2024-05-21,14692,"{""type"":""MultiPoint"",""coordinates"":[]}"
14694_0,0.25089666,0.7844763,0.23655352,2024-05-21,14694,"{""type"":""MultiPoint"",""coordinates"":[]}"
14695_0,0.24227941,0.73172015,0.22996451,2024-05-21,14695,"{""type"":""MultiPoint"",""coordinates"":[]}"
14696_0,0.3254724,0.85294765,0.3057414,2024-05-21,14696,"{""type"":""MultiPoint"",""coordinates"":[]}"
14697_0,0.28266034,0.7616946,0.24594258,2024-05-21,14697,"{""type"":""MultiPoint"",""coordinates"":[]}"
14698_0,0.14883475,0.6888194,0.14680117,2024-05-21,14698,"{""type"":""MultiPoint"",""coordinates"":[]}"
14699_0,0.33250034,0.87250996,0.3231982,2024-05-21,14699,"{""type"":""MultiPoint"",""coordinates"":[]}"
14700_0,0.31329113,0.72694486,0.31761006,2024-05-21,14700,"{""type"":""MultiPoint"",""coordinates"":[]}"
14701_0,0.25657716,0.8063492,0.24832031,2024-05-21,14701,"{""type"":""MultiPoint"",""coordinates"":[]}"
14702_0,0.054642975,0.53009903,0.03292181,2024-05-21,14702,"{""type"":""MultiPoint"",""coordinates"":[]}"
14703_0,0.07325729,0.06960717,0.06192268,2024-05-21,14703,"{""type"":""MultiPoint"",""coordinates"":[]}"
14704_0,0.09426653,0.68034387,0.10157551,2024-05-21,14704,"{""type"":""MultiPoint"",""coordinates"":[]}"
14705_0,0.07998325,0.3793794,0.112860896,2024-05-21,14705,"{""type"":""MultiPoint"",""coordinates"":[]}"
14706_0,0.2656535,0.76748174,0.2607099,2024-05-21,14706,"{""type"":""MultiPoint"",""coordinates"":[]}"
14707_0,0.115435645,0.4514425,0.08703591,2024-05-21,14707,"{""type"":""MultiPoint"",""coordinates"":[]}"
14709_0,0.3273619,0.82824856,0.34469146,2024-05-21,14709,"{""type"":""MultiPoint"",""coordinates"":[]}"
14711_0,0.14481044,0.66223663,0.10803803,2024-05-21,14711,"{""type"":""MultiPoint"",""coordinates"":[]}"
14712_0,0.15420628,0.5733226,0.13556619,2024-05-21,14712,"{""type"":""MultiPoint"",""coordinates"":[]}"
14713_0,0.113960706,0.57651466,0.081868835,2024-05-21,14713,"{""type"":""MultiPoint"",""coordinates"":[]}"
14714_0,0.15619324,0.59107804,0.12652755,2024-05-21,14714,"{""type"":""MultiPoint"",""coordinates"":[]}"
14715_0,0.27048618,0.76783955,0.2543164,2024-05-21,14715,"{""type"":""MultiPoint"",""coordinates"":[]}"
14716_0,0.253116,0.7181495,0.21550857,2024-05-21,14716,"{""type"":""MultiPoint"",""coordinates"":[]}"
14717_0,0.21032885,0.6772934,0.18067323,2024-05-21,14717,"{""type"":""MultiPoint"",""coordinates"":[]}"
14718_0,0.020905001,0.55961704,-0.015925316,2024-05-21,14718,"{""type"":""MultiPoint"",""coordinates"":[]}"
14719_0,0.17466721,0.66509986,0.1614754,2024-05-21,14719,"{""type"":""MultiPoint"",""coordinates"":[]}"
14720_0,0.28883183,0.8011257,0.2681638,2024-05-21,14720,"{""type"":""MultiPoint"",""coordinates"":[]}"
14721_0,0.029305752,0.5963396,0.0068943403,2024-05-21,14721,"{""type"":""MultiPoint"",""coordinates"":[]}"
14722_0,0.2619974,0.7151899,0.2270772,2024-05-21,14722,"{""type"":""MultiPoint"",""coordinates"":[]}"
14723_0,0.04674221,0.5887641,0.02463768,2024-05-21,14723,"{""type"":""MultiPoint"",""coordinates"":[]}"
14725_0,0.16552198,0.6560376,0.1318328,2024-05-21,14725,"{""type"":""MultiPoint"",""coordinates"":[]}"
14726_0,0.09081291,0.018089725,0.043768547,2024-05-21,14726,"{""type"":""MultiPoint"",""coordinates"":[]}"
14727_0,0.08054227,0.54420775,0.06865913,2024-05-21,14727,"{""type"":""MultiPoint"",""coordinates"":[]}"
14728_0,0.2501782,0.74603176,0.20182094,2024-05-21,14728,"{""type"":""MultiPoint"",""coordinates"":[]}"
14729_0,0.07420801,0.54799825,0.05826957,2024-05-21,14729,"{""type"":""MultiPoint"",""coordinates"":[]}"
14730_0,0.21602738,0.75276035,0.19111373,2024-05-21,14730,"{""type"":""MultiPoint"",""coordinates"":[]}"
14731_0,0.13353115,0.5310796,0.09175739,2024-05-21,14731,"{""type"":""MultiPoint"",""coordinates"":[]}"
14732_0,0.07435653,0.3136289,0.046949126,2024-05-21,14732,"{""type"":""MultiPoint"",""coordinates"":[]}"
14733_0,0.09177543,0.47784364,0.08856549,2024-05-21,14733,"{""type"":""MultiPoint"",""coordinates"":[]}"
14734_0,0.19833373,0.568322,0.16489875,2024-05-21,14734,"{""type"":""MultiPoint"",""coordinates"":[]}"
14735_0,0.21210642,0.6867642,0.18853696,2024-05-21,14735,"{""type"":""MultiPoint"",""coordinates"":[]}"
14736_0,0.2693102,0.74240386,0.2936714,2024-05-21,14736,"{""type"":""MultiPoint"",""coordinates"":[]}"
14737_0,0.18693878,0.4884742,0.15306123,2024-05-21,14737,"{""type"":""MultiPoint"",""coordinates"":[]}"
14738_0,0.030562855,0.20682862,0.02381284,2024-05-21,14738,"{""type"":""MultiPoint"",""coordinates"":[]}"
14739_0,0.24808946,0.7657658,0.21715505,2024-05-21,14739,"{""type"":""MultiPoint"",""coordinates"":[]}"
14740_0,0.1664557,0.6158818,0.1411803,2024-05-21,14740,"{""type"":""MultiPoint"",""coordinates"":[]}"
14741_0,0.22344983,0.73663104,0.20277777,2024-05-21,14741,"{""type"":""MultiPoint"",""coordinates"":[]}"
15246_0,-0.039850727,0.46370623,-0.064538136,2024-05-21,15246,"{""type"":""MultiPoint"",""coordinates"":[]}"
15247_0,0.20564827,0.742268,0.20930232,2024-05-21,15247,"{""type"":""MultiPoint"",""coordinates"":[]}"
15248_0,0.14921682,0.7089947,0.11187608,2024-05-21,15248,"{""type"":""MultiPoint"",""coordinates"":[]}"
15249_0,0.34300518,0.90149194,0.35409692,2024-05-21,15249,"{""type"":""MultiPoint"",""coordinates"":[]}"
15250_0,0.1112686,0.71453136,0.11975291,2024-05-21,15250,"{""type"":""MultiPoint"",""coordinates"":[]}"
15254_0,0.0012720848,0.45964912,-0.029879026,2024-05-21,15254,"{""type"":""MultiPoint"",""coordinates"":[]}"
15255_0,0.35021213,0.8795181,0.34147018,2024-05-21,15255,"{""type"":""MultiPoint"",""coordinates"":[]}"
15256_0,0.22514793,0.78617513,0.19353348,2024-05-21,15256,"{""type"":""MultiPoint"",""coordinates"":[]}"
15257_0,0.13017154,0.41477603,-0.030689517,2024-05-21,15257,"{""type"":""MultiPoint"",""coordinates"":[]}"
15258_0,0.3817917,0.84101635,0.41006395,2024-05-21,15258,"{""type"":""MultiPoint"",""coordinates"":[]}"
15259_0,0.17771196,0.6848764,0.13764317,2024-05-21,15259,"{""type"":""MultiPoint"",""coordinates"":[]}"
15261_0,0.16410257,0.7720964,0.107256964,2024-05-21,15261,"{""type"":""MultiPoint"",""coordinates"":[]}"
15262_0,0.2608558,0.8325494,0.25112396,2024-05-21,15262,"{""type"":""MultiPoint"",""coordinates"":[]}"
15263_0,0.12648606,0.55025554,0.09837055,2024-05-21,15263,"{""type"":""MultiPoint"",""coordinates"":[]}"
15264_0,0.25,0.773558,0.22914954,2024-05-21,15264,"{""type"":""MultiPoint"",""coordinates"":[]}"
15266_0,0.044103805,0.06029106,0.06883228,2024-05-21,15266,"{""type"":""MultiPoint"",""coordinates"":[]}"
15268_0,0.15466666,0.7656501,0.16248348,2024-05-21,15268,"{""type"":""MultiPoint"",""coordinates"":[]}"
15269_0,0.26445335,0.82160395,0.26801482,2024-05-21,15269,"{""type"":""MultiPoint"",""coordinates"":[]}"
15270_0,0.24910802,0.82064956,0.23735793,2024-05-21,15270,"{""type"":""MultiPoint"",""coordinates"":[]}"
15271_0,0.010485962,0.07606679,0.027913159,2024-05-21,15271,"{""type"":""MultiPoint"",""coordinates"":[]}"
15273_0,0.31495538,0.7878788,0.27097505,2024-05-21,15273,"{""type"":""MultiPoint"",""coordinates"":[]}"
15274_0,0.19485724,0.6973545,0.14184019,2024-05-21,15274,"{""type"":""MultiPoint"",""coordinates"":[]}"
15275_0,0.14223576,0.558693,0.13280563,2024-05-21,15275,"{""type"":""MultiPoint"",""coordinates"":[]}"
15276_0,0.055783283,0.5458036,0.03091275,2024-05-21,15276,"{""type"":""MultiPoint"",""coordinates"":[]}"
15277_0,0.08493472,0.47786513,0.06770288,2024-05-21,15277,"{""type"":""MultiPoint"",""coordinates"":[]}"
15278_0,0.28652003,0.6368098,0.026548672,2024-05-21,15278,"{""type"":""MultiPoint"",""coordinates"":[]}"
15280_0,0.19263643,0.6419387,0.14958449,2024-05-21,15280,"{""type"":""MultiPoint"",""coordinates"":[]}"
15281_0,0.13697825,0.4766234,0.01608579,2024-05-21,15281,"{""type"":""MultiPoint"",""coordinates"":[]}"
15282_0,0.087220795,0.02908514,0.110730596,2024-05-21,15282,"{""type"":""MultiPoint"",""coordinates"":[]}"
15283_0,-0.036896158,0.35996985,-0.06249188,2024-05-21,15283,"{""type"":""MultiPoint"",""coordinates"":[]}"
15285_0,0.021065675,0.5024304,-0.022286125,2024-05-21,15285,"{""type"":""MultiPoint"",""coordinates"":[]}"
15287_0,0.31032652,0.8224163,0.3168551,2024-05-21,15287,"{""type"":""MultiPoint"",""coordinates"":[]}"
15288_0,0.1464191,0.5862584,0.13795875,2024-05-21,15288,"{""type"":""MultiPoint"",""coordinates"":[]}"
15289_0,0.18250072,0.6822595,0.14767425,2024-05-21,15289,"{""type"":""MultiPoint"",""coordinates"":[]}"
15290_0,0.17391305,0.7035076,0.15064819,2024-05-21,15290,"{""type"":""MultiPoint"",""coordinates"":[]}"
15291_0,0.37525612,0.7554607,0.27637824,2024-05-21,15291,"{""type"":""MultiPoint"",""coordinates"":[]}"
15292_0,0.14583333,0.059365995,-0.38093635,2024-05-21,15292,"{""type"":""MultiPoint"",""coordinates"":[]}"
15293_0,0.16783604,0.03659625,0.21446623,2024-05-21,15293,"{""type"":""MultiPoint"",""coordinates"":[]}"
15294_0,0.17982616,8.410429E-4,0.22375526,2024-05-21,15294,"{""type"":""MultiPoint"",""coordinates"":[]}"
15295_0,0.12496493,0.0015898251,0.12770599,2024-05-21,15295,"{""type"":""MultiPoint"",""coordinates"":[]}"
15296_0,-0.016018985,0.07453014,-0.016169708,2024-05-21,15296,"{""type"":""MultiPoint"",""coordinates"":[]}"
15297_0,0.11508453,0.41406944,0.07697525,2024-05-21,15297,"{""type"":""MultiPoint"",""coordinates"":[]}"
15299_0,0.11870936,0.5627623,0.056214545,2024-05-21,15299,"{""type"":""MultiPoint"",""coordinates"":[]}"
15300_0,0.1824989,0.7038608,0.18117647,2024-05-21,15300,"{""type"":""MultiPoint"",""coordinates"":[]}"
15301_0,0.09090909,0.40123883,0.06988965,2024-05-21,15301,"{""type"":""MultiPoint"",""coordinates"":[]}"
15302_0,0.2244898,0.52459013,0.1661442,2024-05-21,15302,"{""type"":""MultiPoint"",""coordinates"":[]}"
15303_0,0.020217035,0.061611373,0.04193619,2024-05-21,15303,"{""type"":""MultiPoint"",""coordinates"":[]}"
15304_0,0.15272328,0.57928216,0.12582996,2024-05-21,15304,"{""type"":""MultiPoint"",""coordinates"":[]}"
15305_0,-0.05536782,0.48825502,-0.06729758,2024-05-21,15305,"{""type"":""MultiPoint"",""coordinates"":[]}"
15306_0,0.01283697,0.039793875,0.024180472,2024-05-21,15306,"{""type"":""MultiPoint"",""coordinates"":[]}"
15307_0,0.18574966,0.71997344,0.096214846,2024-05-21,15307,"{""type"":""MultiPoint"",""coordinates"":[]}"
15308_0,0.11755075,0.59845185,0.10151692,2024-05-21,15308,"{""type"":""MultiPoint"",""coordinates"":[]}"
15309_0,0.16605166,0.5154185,0.08419631,2024-05-21,15309,"{""type"":""MultiPoint"",""coordinates"":[]}"
15310_0,0.26456544,0.59178436,0.23383084,2024-05-21,15310,"{""type"":""MultiPoint"",""coordinates"":[]}"
15311_0,0.19944082,0.7736463,0.19380572,2024-05-21,15311,"{""type"":""MultiPoint"",""coordinates"":[]}"
15312_0,0.24759376,0.75868374,0.25854456,2024-05-21,15312,"{""type"":""MultiPoint"",""coordinates"":[]}"
15313_0,0.18629715,0.7683893,0.19302711,2024-05-21,15313,"{""type"":""MultiPoint"",""coordinates"":[]}"
15314_0,0.09447638,0.5578331,0.08034015,2024-05-21,15314,"{""type"":""MultiPoint"",""coordinates"":[]}"
15315_0,0.17049839,0.42533615,0.19952352,2024-05-21,15315,"{""type"":""MultiPoint"",""coordinates"":[]}"
15316_0,0.26750702,0.5886076,0.31499672,2024-05-21,15316,"{""type"":""MultiPoint"",""coordinates"":[]}"
15317_0,0.19069412,0.41276595,0.11176224,2024-05-21,15317,"{""type"":""MultiPoint"",""coordinates"":[]}"
15318_0,0.20459914,0.6958277,0.19904837,2024-05-21,15318,"{""type"":""MultiPoint"",""coordinates"":[]}"
15319_0,0.069075234,0.16813295,0.026301663,2024-05-21,15319,"{""type"":""MultiPoint"",""coordinates"":[]}"
15320_0,0.16067776,0.7975528,0.16881238,2024-05-21,15320,"{""type"":""MultiPoint"",""coordinates"":[]}"
15321_0,0.06327034,0.6394316,0.03824522,2024-05-21,15321,"{""type"":""MultiPoint"",""coordinates"":[]}"
15322_0,0.18233982,0.6896552,0.15805022,2024-05-21,15322,"{""type"":""MultiPoint"",""coordinates"":[]}"
15323_0,0.05235174,0.12263375,0.0814668,2024-05-21,15323,"{""type"":""MultiPoint"",""coordinates"":[]}"
15324_0,0.26021206,0.7989418,0.2747103,2024-05-21,15324,"{""type"":""MultiPoint"",""coordinates"":[]}"
15325_0,0.4008439,0.7698139,0.38660908,2024-05-21,15325,"{""type"":""MultiPoint"",""coordinates"":[]}"
15326_0,0.07420131,0.5995551,0.03248968,2024-05-21,15326,"{""type"":""MultiPoint"",""coordinates"":[]}"
15327_0,0.12698159,0.60761905,0.10652245,2024-05-21,15327,"{""type"":""MultiPoint"",""coordinates"":[]}"
15328_0,0.2986656,0.67962676,0.2890392,2024-05-21,15328,"{""type"":""MultiPoint"",""coordinates"":[]}"
15329_0,0.22350472,0.73813707,0.20867705,2024-05-21,15329,"{""type"":""MultiPoint"",""coordinates"":[]}"
15330_0,0.32854465,0.84506416,0.31940487,2024-05-21,15330,"{""type"":""MultiPoint"",""coordinates"":[]}"
15331_0,0.22962412,0.79547316,0.22790004,2024-05-21,15331,"{""type"":""MultiPoint"",""coordinates"":[]}"
15332_0,0.34302497,0.87810004,0.33273676,2024-05-21,15332,"{""type"":""MultiPoint"",""coordinates"":[]}"
15333_0,0.22080238,0.7664169,0.20904978,2024-05-21,15333,"{""type"":""MultiPoint"",""coordinates"":[]}"
15334_0,0.08962876,0.060838215,0.12195413,2024-05-21,15334,"{""type"":""MultiPoint"",""coordinates"":[]}"
15335_0,0.2843269,0.8223801,0.26296353,2024-05-21,15335,"{""type"":""MultiPoint"",""coordinates"":[]}"
15336_0,0.22089796,0.7940547,0.22507307,2024-05-21,15336,"{""type"":""MultiPoint"",""coordinates"":[]}"
15337_0,0.09067296,0.22697055,0.0032354083,2024-05-21,15337,"{""type"":""MultiPoint"",""coordinates"":[]}"
15338_0,0.23631372,0.61548,0.18810436,2024-05-21,15338,"{""type"":""MultiPoint"",""coordinates"":[]}"
15339_0,0.32727563,0.86484575,0.3047776,2024-05-21,15339,"{""type"":""MultiPoint"",""coordinates"":[]}"
15340_0,0.30173507,0.7777778,0.25034076,2024-05-21,15340,"{""type"":""MultiPoint"",""coordinates"":[]}"
15341_0,0.17083406,0.65404296,0.15366767,2024-05-21,15341,"{""type"":""MultiPoint"",""coordinates"":[]}"
15342_0,0.1775739,0.67346936,0.16045785,2024-05-21,15342,"{""type"":""MultiPoint"",""coordinates"":[]}"
15343_0,0.29010805,0.73923445,0.25996533,2024-05-21,15343,"{""type"":""MultiPoint"",""coordinates"":[]}"
15344_0,0.0048942836,0.18865491,0.042298634,2024-05-21,15344,"{""type"":""MultiPoint"",""coordinates"":[]}"
15345_0,0.31748655,0.74943054,0.3008681,2024-05-21,15345,"{""type"":""MultiPoint"",""coordinates"":[]}"
15346_0,0.30868444,0.8003462,0.31979695,2024-05-21,15346,"{""type"":""MultiPoint"",""coordinates"":[]}"
15348_0,0.24631043,0.65524864,0.005706613,2024-05-21,15348,"{""type"":""MultiPoint"",""coordinates"":[]}"
15349_0,0.27012953,0.82074076,0.28539678,2024-05-21,15349,"{""type"":""MultiPoint"",""coordinates"":[]}"
15353_0,0.15971345,0.65821964,0.12274527,2024-05-21,15353,"{""type"":""MultiPoint"",""coordinates"":[]}"
15354_0,0.21382561,0.73879516,0.18101473,2024-05-21,15354,"{""type"":""MultiPoint"",""coordinates"":[]}"
15355_0,0.04700982,0.5681246,0.033348422,2024-05-21,15355,"{""type"":""MultiPoint"",""coordinates"":[]}"
15356_0,0.20488656,0.7900553,0.17433853,2024-05-21,15356,"{""type"":""MultiPoint"",""coordinates"":[]}"
15357_0,0.22568807,0.5793589,0.2294583,2024-05-21,15357,"{""type"":""MultiPoint"",""coordinates"":[]}"
15358_0,0.24322759,0.759058,0.1958128,2024-05-21,15358,"{""type"":""MultiPoint"",""coordinates"":[]}"
15360_0,0.17139651,0.598862,0.13230357,2024-05-21,15360,"{""type"":""MultiPoint"",""coordinates"":[]}"
15362_0,0.348863,0.874717,0.3581192,2024-05-21,15362,"{""type"":""MultiPoint"",""coordinates"":[]}"
15365_0,0.23780084,0.73354334,0.22912015,2024-05-21,15365,"{""type"":""MultiPoint"",""coordinates"":[]}"
15366_0,0.24465117,0.7318117,0.19842054,2024-05-21,15366,"{""type"":""MultiPoint"",""coordinates"":[]}"
15367_0,0.28107503,0.78195184,0.25908828,2024-05-21,15367,"{""type"":""MultiPoint"",""coordinates"":[]}"
15368_0,0.360671,0.8984911,0.33719808,2024-05-21,15368,"{""type"":""MultiPoint"",""coordinates"":[]}"
15369_0,0.07667252,0.56257135,0.05427948,2024-05-21,15369,"{""type"":""MultiPoint"",""coordinates"":[]}"
15370_0,0.24856773,0.7077041,0.24268952,2024-05-21,15370,"{""type"":""MultiPoint"",""coordinates"":[]}"
15371_0,0.27913362,0.8610985,0.26876065,2024-05-21,15371,"{""type"":""MultiPoint"",""coordinates"":[]}"
15372_0,0.0722488,0.6065691,0.07424206,2024-05-21,15372,"{""type"":""MultiPoint"",""coordinates"":[]}"
15373_0,0.1825999,0.69948184,0.11838516,2024-05-21,15373,"{""type"":""MultiPoint"",""coordinates"":[]}"
15374_0,0.1983173,0.78313255,0.1810927,2024-05-21,15374,"{""type"":""MultiPoint"",""coordinates"":[]}"
15375_0,0.16109563,0.6927536,0.12768525,2024-05-21,15375,"{""type"":""MultiPoint"",""coordinates"":[]}"
15376_0,0.31551677,0.86231595,0.30180806,2024-05-21,15376,"{""type"":""MultiPoint"",""coordinates"":[]}"
15377_0,0.21635588,0.6878536,0.18504673,2024-05-21,15377,"{""type"":""MultiPoint"",""coordinates"":[]}"
15379_0,0.2674874,0.76069045,0.2631579,2024-05-21,15379,"{""type"":""MultiPoint"",""coordinates"":[]}"
15380_0,0.114996396,0.6223317,0.09392877,2024-05-21,15380,"{""type"":""MultiPoint"",""coordinates"":[]}"
15382_0,0.15487447,0.68106765,0.17818643,2024-05-21,15382,"{""type"":""MultiPoint"",""coordinates"":[]}"
15383_0,0.24563931,0.8111085,0.242244,2024-05-21,15383,"{""type"":""MultiPoint"",""coordinates"":[]}"
15384_0,0.17959708,0.683328,0.15384616,2024-05-21,15384,"{""type"":""MultiPoint"",""coordinates"":[]}"
15385_0,0.2813488,0.73946655,0.24515772,2024-05-21,15385,"{""type"":""MultiPoint"",""coordinates"":[]}"
15386_0,0.11948262,0.6504543,0.06281191,2024-05-21,15386,"{""type"":""MultiPoint"",""coordinates"":[]}"
15387_0,0.15910354,0.6340659,0.13424866,2024-05-21,15387,"{""type"":""MultiPoint"",""coordinates"":[]}"
15388_0,0.17673889,0.6243789,0.15198496,2024-05-21,15388,"{""type"":""MultiPoint"",""coordinates"":[]}"
15389_0,0.22255193,0.6446352,0.18784873,2024-05-21,15389,"{""type"":""MultiPoint"",""coordinates"":[]}"
15390_0,0.26668727,0.8069151,0.25808972,2024-05-21,15390,"{""type"":""MultiPoint"",""coordinates"":[]}"
15391_0,0.026602177,0.691957,0.03650509,2024-05-21,15391,"{""type"":""MultiPoint"",""coordinates"":[]}"
15392_0,0.22711985,0.6445439,0.20488071,2024-05-21,15392,"{""type"":""MultiPoint"",""coordinates"":[]}"
15393_0,0.33895582,0.7790336,0.3133083,2024-05-21,15393,"{""type"":""MultiPoint"",""coordinates"":[]}"
15394_0,0.09098657,0.5754896,0.07802031,2024-05-21,15394,"{""type"":""MultiPoint"",""coordinates"":[]}"
15395_0,0.057475198,0.63600564,0.027017482,2024-05-21,15395,"{""type"":""MultiPoint"",""coordinates"":[]}"
15396_0,0.18998863,0.7053599,0.13170731,2024-05-21,15396,"{""type"":""MultiPoint"",""coordinates"":[]}"
15397_0,0.24764779,0.734213,0.26918435,2024-05-21,15397,"{""type"":""MultiPoint"",""coordinates"":[]}"
15398_0,0.24845794,0.70879316,0.2235534,2024-05-21,15398,"{""type"":""MultiPoint"",""coordinates"":[]}"
15399_0,0.19940476,0.48855722,0.16329704,2024-05-21,15399,"{""type"":""MultiPoint"",""coordinates"":[]}"
15400_0,0.1619704,0.7377666,0.14533801,2024-05-21,15400,"{""type"":""MultiPoint"",""coordinates"":[]}"
15401_0,0.11935927,0.0127795525,0.15858603,2024-05-21,15401,"{""type"":""MultiPoint"",""coordinates"":[]}"
15402_0,0.025,0.54001117,-0.0030791524,2024-05-21,15402,"{""type"":""MultiPoint"",""coordinates"":[]}"
15403_0,0.014256619,0.6266925,-0.0035545023,2024-05-21,15403,"{""type"":""MultiPoint"",""coordinates"":[]}"
15404_0,0.14639725,0.67692727,0.15779574,2024-05-21,15404,"{""type"":""MultiPoint"",""coordinates"":[]}"
15405_0,0.124025755,0.6454849,0.06628138,2024-05-21,15405,"{""type"":""MultiPoint"",""coordinates"":[]}"
15406_0,0.2677791,0.70021415,0.26559076,2024-05-21,15406,"{""type"":""MultiPoint"",""coordinates"":[]}"
15407_0,0.19701321,0.43603852,0.1979346,2024-05-21,15407,"{""type"":""MultiPoint"",""coordinates"":[]}"
15408_0,0.18195489,0.6967822,0.115087435,2024-05-21,15408,"{""type"":""MultiPoint"",""coordinates"":[]}"
15409_0,0.15326026,0.63684773,0.14851485,2024-05-21,15409,"{""type"":""MultiPoint"",""coordinates"":[]}"
15934_0,0.27409357,0.7523598,0.24056605,2024-05-21,15934,"{""type"":""MultiPoint"",""coordinates"":[]}"
15935_0,0.1542811,0.61953527,0.13387564,2024-05-21,15935,"{""type"":""MultiPoint"",""coordinates"":[]}"
15936_0,0.22848244,0.79832274,0.23465805,2024-05-21,15936,"{""type"":""MultiPoint"",""coordinates"":[]}"
15937_0,0.1755958,0.71898884,0.14982304,2024-05-21,15937,"{""type"":""MultiPoint"",""coordinates"":[]}"
15938_0,0.32094175,0.86326766,0.3234568,2024-05-21,15938,"{""type"":""MultiPoint"",""coordinates"":[]}"
15939_0,0.24069875,0.8011696,0.23744476,2024-05-21,15939,"{""type"":""MultiPoint"",""coordinates"":[]}"
15940_0,0.18418515,0.6135957,0.17409697,2024-05-21,15940,"{""type"":""MultiPoint"",""coordinates"":[]}"
15943_0,0.023198012,0.5574913,0.0054829186,2024-05-21,15943,"{""type"":""MultiPoint"",""coordinates"":[]}"
15944_0,0.2733655,0.74277765,0.24222086,2024-05-21,15944,"{""type"":""MultiPoint"",""coordinates"":[]}"
15945_0,0.18512683,0.70993817,0.16337755,2024-05-21,15945,"{""type"":""MultiPoint"",""coordinates"":[]}"
15946_0,0.15862504,0.4125874,0.15355329,2024-05-21,15946,"{""type"":""MultiPoint"",""coordinates"":[]}"
15948_0,0.1464801,0.72702944,0.13882352,2024-05-21,15948,"{""type"":""MultiPoint"",""coordinates"":[]}"
15949_0,0.20663507,0.6734166,0.21469899,2024-05-21,15949,"{""type"":""MultiPoint"",""coordinates"":[]}"
15950_0,0.19623657,0.70013505,0.16777486,2024-05-21,15950,"{""type"":""MultiPoint"",""coordinates"":[]}"
15951_0,0.14978904,0.6701031,0.09336333,2024-05-21,15951,"{""type"":""MultiPoint"",""coordinates"":[]}"
15952_0,0.20222634,0.75309426,0.12459283,2024-05-21,15952,"{""type"":""MultiPoint"",""coordinates"":[]}"
15953_0,0.29866782,0.8447412,0.28712872,2024-05-21,15953,"{""type"":""MultiPoint"",""coordinates"":[]}"
15954_0,0.15262637,0.7366255,0.136509,2024-05-21,15954,"{""type"":""MultiPoint"",""coordinates"":[]}"
15955_0,0.05191516,0.571054,1.6691705E-4,2024-05-21,15955,"{""type"":""MultiPoint"",""coordinates"":[]}"
15956_0,0.26151827,0.70077175,0.20536344,2024-05-21,15956,"{""type"":""MultiPoint"",""coordinates"":[]}"
15957_0,0.13857251,0.6574129,0.10581281,2024-05-21,15957,"{""type"":""MultiPoint"",""coordinates"":[]}"
15958_0,0.20123456,0.4264151,0.07769066,2024-05-21,15958,"{""type"":""MultiPoint"",""coordinates"":[]}"
15960_0,0.048868686,0.12648383,0.08914614,2024-05-21,15960,"{""type"":""MultiPoint"",""coordinates"":[]}"
15961_0,0.097868584,-0.008248423,0.06673625,2024-05-21,15961,"{""type"":""MultiPoint"",""coordinates"":[]}"
15962_0,0.30405873,0.8660287,0.30144605,2024-05-21,15962,"{""type"":""MultiPoint"",""coordinates"":[]}"
15964_0,0.19236594,0.76840216,0.19285499,2024-05-21,15964,"{""type"":""MultiPoint"",""coordinates"":[]}"
15965_0,0.16819277,0.42693043,0.12872286,2024-05-21,15965,"{""type"":""MultiPoint"",""coordinates"":[]}"
15966_0,0.12525474,0.4773825,0.09327267,2024-05-21,15966,"{""type"":""MultiPoint"",""coordinates"":[]}"
15967_0,0.36466166,0.7692308,0.34241244,2024-05-21,15967,"{""type"":""MultiPoint"",""coordinates"":[]}"
15968_0,0.04850837,0.25895405,0.00620646,2024-05-21,15968,"{""type"":""MultiPoint"",""coordinates"":[]}"
15969_0,0.093626805,0.3819557,-0.037803274,2024-05-21,15969,"{""type"":""MultiPoint"",""coordinates"":[]}"
15970_0,0.12328767,0.5641932,0.044025157,2024-05-21,15970,"{""type"":""MultiPoint"",""coordinates"":[]}"
15971_0,0.020569174,0.51597375,-0.0017291066,2024-05-21,15971,"{""type"":""MultiPoint"",""coordinates"":[]}"
15972_0,0.15051547,0.37625054,0.16537753,2024-05-21,15972,"{""type"":""MultiPoint"",""coordinates"":[]}"
15974_0,0.21754807,0.72319204,0.17193131,2024-05-21,15974,"{""type"":""MultiPoint"",""coordinates"":[]}"
15976_0,0.10092029,0.73801285,0.09909347,2024-05-21,15976,"{""type"":""MultiPoint"",""coordinates"":[]}"
15977_0,0.008593643,0.40395123,-0.04215658,2024-05-21,15977,"{""type"":""MultiPoint"",""coordinates"":[]}"
15979_0,0.23638599,0.75784755,0.20460947,2024-05-21,15979,"{""type"":""MultiPoint"",""coordinates"":[]}"
15980_0,0.08610086,0.3063063,0.10180468,2024-05-21,15980,"{""type"":""MultiPoint"",""coordinates"":[]}"
15981_0,0.048211742,0.037672866,0.15660089,2024-05-21,15981,"{""type"":""MultiPoint"",""coordinates"":[]}"
15982_0,0.08972728,0.51937985,0.04548822,2024-05-21,15982,"{""type"":""MultiPoint"",""coordinates"":[]}"
15984_0,0.029396908,0.08266214,0.030669896,2024-05-21,15984,"{""type"":""MultiPoint"",""coordinates"":[]}"
15985_0,0.17427841,0.6447231,0.16420119,2024-05-21,15985,"{""type"":""MultiPoint"",""coordinates"":[]}"
15986_0,0.17906977,0.373057,4.719207E-4,2024-05-21,15986,"{""type"":""MultiPoint"",""coordinates"":[]}"
15987_0,0.3308445,0.8576894,0.30274984,2024-05-21,15987,"{""type"":""MultiPoint"",""coordinates"":[]}"
15989_0,0.1406853,0.60310185,0.10630017,2024-05-21,15989,"{""type"":""MultiPoint"",""coordinates"":[]}"
15990_0,0.18883653,0.6645702,0.17325452,2024-05-21,15990,"{""type"":""MultiPoint"",""coordinates"":[]}"
15991_0,0.2713272,0.874818,0.30270192,2024-05-21,15991,"{""type"":""MultiPoint"",""coordinates"":[]}"
15992_0,0.2553084,0.77945054,0.23221266,2024-05-21,15992,"{""type"":""MultiPoint"",""coordinates"":[]}"
15993_0,0.018414482,0.53741497,0.0030115708,2024-05-21,15993,"{""type"":""MultiPoint"",""coordinates"":[]}"
15995_0,0.31666666,0.8416149,0.28773072,2024-05-21,15995,"{""type"":""MultiPoint"",""coordinates"":[]}"
15996_0,0.21399769,0.70821416,0.21001592,2024-05-21,15996,"{""type"":""MultiPoint"",""coordinates"":[]}"
15998_0,0.07974663,0.5182266,0.042096365,2024-05-21,15998,"{""type"":""MultiPoint"",""coordinates"":[]}"
15999_0,0.094236635,0.71648246,0.11747224,2024-05-21,15999,"{""type"":""MultiPoint"",""coordinates"":[]}"
16000_0,0.25403735,0.8471287,0.27431694,2024-05-21,16000,"{""type"":""MultiPoint"",""coordinates"":[]}"
16001_0,0.22714832,0.75286627,0.23785535,2024-05-21,16001,"{""type"":""MultiPoint"",""coordinates"":[]}"
16002_0,0.22592369,0.77295995,0.2112734,2024-05-21,16002,"{""type"":""MultiPoint"",""coordinates"":[]}"
16003_0,0.2874494,0.79173046,0.24866596,2024-05-21,16003,"{""type"":""MultiPoint"",""coordinates"":[]}"
16004_0,0.030330673,0.073629245,-0.016738404,2024-05-21,16004,"{""type"":""MultiPoint"",""coordinates"":[]}"
16005_0,0.36693436,0.8937198,0.3637629,2024-05-21,16005,"{""type"":""MultiPoint"",""coordinates"":[]}"
16006_0,0.23314418,0.021158515,0.30409744,2024-05-21,16006,"{""type"":""MultiPoint"",""coordinates"":[]}"
16007_0,0.21169464,0.045771915,0.24411629,2024-05-21,16007,"{""type"":""MultiPoint"",""coordinates"":[]}"
16008_0,0.14218308,0.6324168,0.10751104,2024-05-21,16008,"{""type"":""MultiPoint"",""coordinates"":[]}"
16009_0,0.07604833,0.121138215,0.17162277,2024-05-21,16009,"{""type"":""MultiPoint"",""coordinates"":[]}"
16010_0,0.116185896,0.20353271,0.15219063,2024-05-21,16010,"{""type"":""MultiPoint"",""coordinates"":[]}"
16011_0,0.038153164,0.53586495,0.022615535,2024-05-21,16011,"{""type"":""MultiPoint"",""coordinates"":[]}"
16012_0,0.11482984,0.037118707,0.17933448,2024-05-21,16012,"{""type"":""MultiPoint"",""coordinates"":[]}"
16013_0,0.089584626,0.57992566,0.073062964,2024-05-21,16013,"{""type"":""MultiPoint"",""coordinates"":[]}"
16014_0,0.20220448,0.5121829,0.17831278,2024-05-21,16014,"{""type"":""MultiPoint"",""coordinates"":[]}"
16015_0,0.2019304,0.63617676,0.20636524,2024-05-21,16015,"{""type"":""MultiPoint"",""coordinates"":[]}"
16016_0,0.22146808,0.70837253,0.18894854,2024-05-21,16016,"{""type"":""MultiPoint"",""coordinates"":[]}"
16017_0,0.19499609,0.7430684,0.18878034,2024-05-21,16017,"{""type"":""MultiPoint"",""coordinates"":[]}"
16018_0,0.04111342,0.58914316,-0.0018385425,2024-05-21,16018,"{""type"":""MultiPoint"",""coordinates"":[]}"
16019_0,0.14698596,0.45259118,0.09952056,2024-05-21,16019,"{""type"":""MultiPoint"",""coordinates"":[]}"
16020_0,0.22881198,0.58788437,0.25339612,2024-05-21,16020,"{""type"":""MultiPoint"",""coordinates"":[]}"
16021_0,0.1382272,0.0270453,0.06652624,2024-05-21,16021,"{""type"":""MultiPoint"",""coordinates"":[]}"
16022_0,0.23634273,0.84667087,0.24673851,2024-05-21,16022,"{""type"":""MultiPoint"",""coordinates"":[]}"
16023_0,0.24344072,0.76368874,0.23428571,2024-05-21,16023,"{""type"":""MultiPoint"",""coordinates"":[]}"
16024_0,0.2819034,0.79731905,0.25449103,2024-05-21,16024,"{""type"":""MultiPoint"",""coordinates"":[]}"
16025_0,0.09241379,0.2803398,-0.00670825,2024-05-21,16025,"{""type"":""MultiPoint"",""coordinates"":[]}"
16026_0,0.38969958,0.8724458,0.36032388,2024-05-21,16026,"{""type"":""MultiPoint"",""coordinates"":[]}"
16027_0,0.114964455,0.5949233,0.083333336,2024-05-21,16027,"{""type"":""MultiPoint"",""coordinates"":[]}"
16028_0,0.2662722,0.76226604,0.21903428,2024-05-21,16028,"{""type"":""MultiPoint"",""coordinates"":[]}"
16029_0,0.24848126,0.7665615,0.21437423,2024-05-21,16029,"{""type"":""MultiPoint"",""coordinates"":[]}"
16030_0,0.18983121,0.6943501,0.17064847,2024-05-21,16030,"{""type"":""MultiPoint"",""coordinates"":[]}"
16031_0,0.40626606,0.8045555,0.3599114,2024-05-21,16031,"{""type"":""MultiPoint"",""coordinates"":[]}"
16032_0,0.35905045,0.791762,0.3488372,2024-05-21,16032,"{""type"":""MultiPoint"",""coordinates"":[]}"
16033_0,0.19356914,0.7279597,0.18659459,2024-05-21,16033,"{""type"":""MultiPoint"",""coordinates"":[]}"
16034_0,-0.038726334,0.5088485,-0.0755978,2024-05-21,16034,"{""type"":""MultiPoint"",""coordinates"":[]}"
16035_0,-0.021544775,0.4584702,-0.05718186,2024-05-21,16035,"{""type"":""MultiPoint"",""coordinates"":[]}"
16037_0,0.28217274,0.8490167,0.3158766,2024-05-21,16037,"{""type"":""MultiPoint"",""coordinates"":[]}"
16038_0,0.2823483,0.88819873,0.30934888,2024-05-21,16038,"{""type"":""MultiPoint"",""coordinates"":[]}"
16042_0,0.07499761,0.20768602,0.09926505,2024-05-21,16042,"{""type"":""MultiPoint"",""coordinates"":[]}"
16043_0,0.24135324,0.7762319,0.20844015,2024-05-21,16043,"{""type"":""MultiPoint"",""coordinates"":[]}"
16044_0,0.1410061,0.64068544,0.13672923,2024-05-21,16044,"{""type"":""MultiPoint"",""coordinates"":[]}"
16047_0,0.06528328,0.19837551,-0.022052262,2024-05-21,16047,"{""type"":""MultiPoint"",""coordinates"":[]}"
16048_0,0.33095205,0.85776716,0.31514555,2024-05-21,16048,"{""type"":""MultiPoint"",""coordinates"":[]}"
16049_0,0.26436782,0.71993124,0.10181618,2024-05-21,16049,"{""type"":""MultiPoint"",""coordinates"":[]}"
16050_0,0.10495324,0.540345,0.034379672,2024-05-21,16050,"{""type"":""MultiPoint"",""coordinates"":[]}"
16051_0,0.17641404,0.7118402,0.16693678,2024-05-21,16051,"{""type"":""MultiPoint"",""coordinates"":[]}"
16052_0,0.3217832,0.75502956,0.29774666,2024-05-21,16052,"{""type"":""MultiPoint"",""coordinates"":[]}"
16053_0,0.060400866,0.56606853,0.050759338,2024-05-21,16053,"{""type"":""MultiPoint"",""coordinates"":[]}"
16054_0,0.35988286,0.8926578,0.336973,2024-05-21,16054,"{""type"":""MultiPoint"",""coordinates"":[]}"
16055_0,0.13850792,0.6293485,0.14965785,2024-05-21,16055,"{""type"":""MultiPoint"",""coordinates"":[]}"
16056_0,0.20546386,0.7151353,0.15869828,2024-05-21,16056,"{""type"":""MultiPoint"",""coordinates"":[]}"
16057_0,0.36256585,0.8817299,0.3491536,2024-05-21,16057,"{""type"":""MultiPoint"",""coordinates"":[]}"
16058_0,0.15189579,0.4872418,0.14633575,2024-05-21,16058,"{""type"":""MultiPoint"",""coordinates"":[]}"
16059_0,0.18654561,0.7229321,0.13037723,2024-05-21,16059,"{""type"":""MultiPoint"",""coordinates"":[]}"
16060_0,0.16344464,0.7095436,0.1297989,2024-05-21,16060,"{""type"":""MultiPoint"",""coordinates"":[]}"
16062_0,0.07186792,0.5858942,0.04671654,2024-05-21,16062,"{""type"":""MultiPoint"",""coordinates"":[]}"
16063_0,0.21522388,0.55240345,0.19957376,2024-05-21,16063,"{""type"":""MultiPoint"",""coordinates"":[]}"
16064_0,0.1635177,0.630662,0.14725967,2024-05-21,16064,"{""type"":""MultiPoint"",""coordinates"":[]}"
16065_0,0.2073521,0.7033825,0.17464115,2024-05-21,16065,"{""type"":""MultiPoint"",""coordinates"":[]}"
16067_0,0.07559055,0.5332926,0.033347055,2024-05-21,16067,"{""type"":""MultiPoint"",""coordinates"":[]}"
16068_0,0.12388664,0.64827585,0.0496267,2024-05-21,16068,"{""type"":""MultiPoint"",""coordinates"":[]}"
16069_0,-0.06883522,0.483397,-0.12619007,2024-05-21,16069,"{""type"":""MultiPoint"",""coordinates"":[]}"
16071_0,0.35072953,0.8258258,0.32673845,2024-05-21,16071,"{""type"":""MultiPoint"",""coordinates"":[]}"
16072_0,0.05719557,0.5632633,0.021385254,2024-05-21,16072,"{""type"":""MultiPoint"",""coordinates"":[]}"
16073_0,0.24431017,0.711308,0.27286822,2024-05-21,16073,"{""type"":""MultiPoint"",""coordinates"":[]}"
16074_0,0.105729476,0.6191594,0.064854845,2024-05-21,16074,"{""type"":""MultiPoint"",""coordinates"":[]}"
16075_0,0.13504209,0.58397365,0.12142996,2024-05-21,16075,"{""type"":""MultiPoint"",""coordinates"":[]}"
16076_0,0.18956092,0.7133586,0.15916575,2024-05-21,16076,"{""type"":""MultiPoint"",""coordinates"":[]}"
16077_0,0.10184805,0.65428936,0.083211064,2024-05-21,16077,"{""type"":""MultiPoint"",""coordinates"":[]}"
16078_0,0.2874321,0.7653263,0.186268,2024-05-21,16078,"{""type"":""MultiPoint"",""coordinates"":[]}"
16079_0,0.11089341,0.63752913,0.10651703,2024-05-21,16079,"{""type"":""MultiPoint"",""coordinates"":[]}"
16080_0,0.28266835,0.7971727,0.26497945,2024-05-21,16080,"{""type"":""MultiPoint"",""coordinates"":[]}"
16081_0,0.16809714,0.68394595,0.1484894,2024-05-21,16081,"{""type"":""MultiPoint"",""coordinates"":[]}"
16082_0,0.30114943,0.75757575,0.2888889,2024-05-21,16082,"{""type"":""MultiPoint"",""coordinates"":[]}"
16083_0,0.12919633,0.7259632,0.09245123,2024-05-21,16083,"{""type"":""MultiPoint"",""coordinates"":[]}"
16084_0,0.3517826,0.7859488,0.35323384,2024-05-21,16084,"{""type"":""MultiPoint"",""coordinates"":[]}"
16085_0,0.32485753,0.79521763,0.31065354,2024-05-21,16085,"{""type"":""MultiPoint"",""coordinates"":[]}"
16086_0,0.11876396,0.6498689,0.08944028,2024-05-21,16086,"{""type"":""MultiPoint"",""coordinates"":[]}"
16087_0,0.14198937,0.58324146,0.11925175,2024-05-21,16087,"{""type"":""MultiPoint"",""coordinates"":[]}"
16088_0,0.03707466,0.06666667,0.022680413,2024-05-21,16088,"{""type"":""MultiPoint"",""coordinates"":[]}"
16089_0,0.11483151,0.48504472,0.077404924,2024-05-21,16089,"{""type"":""MultiPoint"",""coordinates"":[]}"
16090_0,0.34829593,0.7981354,0.30701238,2024-05-21,16090,"{""type"":""MultiPoint"",""coordinates"":[]}"
16091_0,0.07490432,0.06911447,0.1443433,2024-05-21,16091,"{""type"":""MultiPoint"",""coordinates"":[]}"
16092_0,0.11869181,0.011308562,0.14303105,2024-05-21,16092,"{""type"":""MultiPoint"",""coordinates"":[]}"
16093_0,0.1011822,0.5619658,0.061535668,2024-05-21,16093,"{""type"":""MultiPoint"",""coordinates"":[]}"
16094_0,0.09643568,0.7169871,0.04347826,2024-05-21,16094,"{""type"":""MultiPoint"",""coordinates"":[]}"
16095_0,0.2189045,0.67945826,0.20218138,2024-05-21,16095,"{""type"":""MultiPoint"",""coordinates"":[]}"
16096_0,0.1696751,0.59347385,0.15212584,2024-05-21,16096,"{""type"":""MultiPoint"",""coordinates"":[]}"
16097_0,0.15078913,0.69102794,0.12069305,2024-05-21,16097,"{""type"":""MultiPoint"",""coordinates"":[]}"
16098_0,0.2061632,0.6534366,0.16693236,2024-05-21,16098,"{""type"":""MultiPoint"",""coordinates"":[]}"
16602_0,0.22173436,0.46603203,0.08868895,2024-05-21,16602,"{""type"":""MultiPoint"",""coordinates"":[]}"
16603_0,-0.031300887,0.29344073,-0.118085526,2024-05-21,16603,"{""type"":""MultiPoint"",""coordinates"":[]}"
16605_0,0.11245049,0.57535017,0.043607347,2024-05-21,16605,"{""type"":""MultiPoint"",""coordinates"":[]}"
16606_0,0.15863603,0.3047257,0.028253425,2024-05-21,16606,"{""type"":""MultiPoint"",""coordinates"":[]}"
16607_0,0.25239617,0.83354247,0.26013222,2024-05-21,16607,"{""type"":""MultiPoint"",""coordinates"":[]}"
16608_0,0.19474034,0.75568926,0.16225109,2024-05-21,16608,"{""type"":""MultiPoint"",""coordinates"":[]}"
16610_0,0.36526778,0.8670416,0.34841892,2024-05-21,16610,"{""type"":""MultiPoint"",""coordinates"":[]}"
16611_0,0.17351809,0.52213943,0.12800519,2024-05-21,16611,"{""type"":""MultiPoint"",""coordinates"":[]}"
16612_0,-0.016632723,0.4710027,-0.04922053,2024-05-21,16612,"{""type"":""MultiPoint"",""coordinates"":[]}"
16614_0,0.096130595,0.6563877,0.06181362,2024-05-21,16614,"{""type"":""MultiPoint"",""coordinates"":[]}"
16616_0,0.12806089,0.72261137,0.07689613,2024-05-21,16616,"{""type"":""MultiPoint"",""coordinates"":[]}"
16617_0,0.2535274,0.7715736,0.24996269,2024-05-21,16617,"{""type"":""MultiPoint"",""coordinates"":[]}"
16618_0,0.26059544,0.72557175,0.22261094,2024-05-21,16618,"{""type"":""MultiPoint"",""coordinates"":[]}"
16619_0,0.36480343,0.8974817,0.38207364,2024-05-21,16619,"{""type"":""MultiPoint"",""coordinates"":[]}"
16620_0,0.2522648,0.03231341,0.31565762,2024-05-21,16620,"{""type"":""MultiPoint"",""coordinates"":[]}"
16621_0,0.26066735,0.69411767,0.24649629,2024-05-21,16621,"{""type"":""MultiPoint"",""coordinates"":[]}"
16622_0,0.30223352,0.8860992,0.30361173,2024-05-21,16622,"{""type"":""MultiPoint"",""coordinates"":[]}"
16623_0,0.13608563,0.5858369,-0.068389535,2024-05-21,16623,"{""type"":""MultiPoint"",""coordinates"":[]}"
16624_0,0.2512092,0.78897905,0.25671417,2024-05-21,16624,"{""type"":""MultiPoint"",""coordinates"":[]}"
16625_0,0.23192617,0.68303233,0.1909991,2024-05-21,16625,"{""type"":""MultiPoint"",""coordinates"":[]}"
16626_0,0.30475694,0.7690169,0.27388534,2024-05-21,16626,"{""type"":""MultiPoint"",""coordinates"":[]}"
16627_0,0.2173771,0.6636427,0.19758874,2024-05-21,16627,"{""type"":""MultiPoint"",""coordinates"":[]}"
16628_0,0.056315247,0.050171036,0.06891049,2024-05-21,16628,"{""type"":""MultiPoint"",""coordinates"":[]}"
16629_0,0.26244548,0.85527164,0.2758417,2024-05-21,16629,"{""type"":""MultiPoint"",""coordinates"":[]}"
16630_0,0.14924464,-0.0021017233,0.15249711,2024-05-21,16630,"{""type"":""MultiPoint"",""coordinates"":[]}"
16631_0,0.24972972,0.618442,0.18925233,2024-05-21,16631,"{""type"":""MultiPoint"",""coordinates"":[]}"
16633_0,0.20671016,0.6234773,0.15889329,2024-05-21,16633,"{""type"":""MultiPoint"",""coordinates"":[]}"
16634_0,0.13648845,0.43907157,0.16377288,2024-05-21,16634,"{""type"":""MultiPoint"",""coordinates"":[]}"
16637_0,0.2655905,0.7177457,0.26107028,2024-05-21,16637,"{""type"":""MultiPoint"",""coordinates"":[]}"
16638_0,0.32202926,0.8847305,0.34025282,2024-05-21,16638,"{""type"":""MultiPoint"",""coordinates"":[]}"
16639_0,0.0740081,0.020993702,0.010212913,2024-05-21,16639,"{""type"":""MultiPoint"",""coordinates"":[]}"
16640_0,0.30635032,0.87512964,0.29050678,2024-05-21,16640,"{""type"":""MultiPoint"",""coordinates"":[]}"
16642_0,0.09714699,0.1026764,-0.049097776,2024-05-21,16642,"{""type"":""MultiPoint"",""coordinates"":[]}"
16643_0,0.15858537,0.7328593,0.12961431,2024-05-21,16643,"{""type"":""MultiPoint"",""coordinates"":[]}"
16644_0,0.31013432,0.7990521,0.25363275,2024-05-21,16644,"{""type"":""MultiPoint"",""coordinates"":[]}"
16645_0,0.19033232,0.54084796,0.16315378,2024-05-21,16645,"{""type"":""MultiPoint"",""coordinates"":[]}"
16646_0,0.25981918,0.8449612,0.26353046,2024-05-21,16646,"{""type"":""MultiPoint"",""coordinates"":[]}"
16647_0,0.25943273,0.58097684,0.26706156,2024-05-21,16647,"{""type"":""MultiPoint"",""coordinates"":[]}"
16650_0,0.188251,0.57613814,0.24565756,2024-05-21,16650,"{""type"":""MultiPoint"",""coordinates"":[]}"
16651_0,0.22312634,0.69131637,0.20612691,2024-05-21,16651,"{""type"":""MultiPoint"",""coordinates"":[]}"
16652_0,0.1136108,0.48657024,0.09805418,2024-05-21,16652,"{""type"":""MultiPoint"",""coordinates"":[]}"
16653_0,0.1347291,0.70536584,0.12719652,2024-05-21,16653,"{""type"":""MultiPoint"",""coordinates"":[]}"
16654_0,0.105669364,0.031293787,-0.030409485,2024-05-21,16654,"{""type"":""MultiPoint"",""coordinates"":[]}"
16655_0,0.24762525,0.7081322,0.22814043,2024-05-21,16655,"{""type"":""MultiPoint"",""coordinates"":[]}"
16657_0,0.24721754,0.47424647,0.26771653,2024-05-21,16657,"{""type"":""MultiPoint"",""coordinates"":[]}"
16658_0,0.23466407,0.8007034,0.25234407,2024-05-21,16658,"{""type"":""MultiPoint"",""coordinates"":[]}"
16659_0,0.19023426,0.7005775,0.14319845,2024-05-21,16659,"{""type"":""MultiPoint"",""coordinates"":[]}"
16660_0,0.07765315,0.02457467,0.1179868,2024-05-21,16660,"{""type"":""MultiPoint"",""coordinates"":[]}"
16661_0,0.1803954,0.5505952,0.16538516,2024-05-21,16661,"{""type"":""MultiPoint"",""coordinates"":[]}"
16662_0,0.15590864,0.6397978,0.09446023,2024-05-21,16662,"{""type"":""MultiPoint"",""coordinates"":[]}"
16663_0,0.28041118,0.7981538,0.21446384,2024-05-21,16663,"{""type"":""MultiPoint"",""coordinates"":[]}"
16664_0,0.043857463,0.45108098,0.015775299,2024-05-21,16664,"{""type"":""MultiPoint"",""coordinates"":[]}"
16665_0,0.18139395,0.6962138,0.16684541,2024-05-21,16665,"{""type"":""MultiPoint"",""coordinates"":[]}"
16666_0,0.09427274,0.30185676,0.091151625,2024-05-21,16666,"{""type"":""MultiPoint"",""coordinates"":[]}"
16667_0,0.08429834,0.34769598,0.10108788,2024-05-21,16667,"{""type"":""MultiPoint"",""coordinates"":[]}"
16668_0,0.09483831,0.09330933,0.11182304,2024-05-21,16668,"{""type"":""MultiPoint"",""coordinates"":[]}"
16669_0,0.35196984,0.86702484,0.38102335,2024-05-21,16669,"{""type"":""MultiPoint"",""coordinates"":[]}"
16670_0,0.14649555,0.17400722,0.20144084,2024-05-21,16670,"{""type"":""MultiPoint"",""coordinates"":[]}"
16671_0,0.060960438,0.5113826,0.18116727,2024-05-21,16671,"{""type"":""MultiPoint"",""coordinates"":[]}"
16672_0,0.16803564,0.5319813,0.13591671,2024-05-21,16672,"{""type"":""MultiPoint"",""coordinates"":[]}"
16673_0,0.09970984,0.7250438,0.07167143,2024-05-21,16673,"{""type"":""MultiPoint"",""coordinates"":[]}"
16674_0,0.094142556,0.41842902,0.078535534,2024-05-21,16674,"{""type"":""MultiPoint"",""coordinates"":[]}"
16675_0,0.046857305,0.055374593,0.07188641,2024-05-21,16675,"{""type"":""MultiPoint"",""coordinates"":[]}"
16676_0,0.18250377,0.7647933,0.1874063,2024-05-21,16676,"{""type"":""MultiPoint"",""coordinates"":[]}"
16677_0,0.06980625,0.17299205,0.028936418,2024-05-21,16677,"{""type"":""MultiPoint"",""coordinates"":[]}"
16678_0,0.30189836,0.88267773,0.4105481,2024-05-21,16678,"{""type"":""MultiPoint"",""coordinates"":[]}"
16679_0,0.28400955,0.79402804,0.2678725,2024-05-21,16679,"{""type"":""MultiPoint"",""coordinates"":[]}"
16680_0,0.13627565,0.30946064,0.14076641,2024-05-21,16680,"{""type"":""MultiPoint"",""coordinates"":[]}"
16681_0,0.24765544,0.7205167,0.22430465,2024-05-21,16681,"{""type"":""MultiPoint"",""coordinates"":[]}"
16682_0,0.17825362,0.6293904,0.15462738,2024-05-21,16682,"{""type"":""MultiPoint"",""coordinates"":[]}"
16683_0,0.044106066,0.5179153,0.011806215,2024-05-21,16683,"{""type"":""MultiPoint"",""coordinates"":[]}"
16684_0,0.1887689,0.5286041,0.032457497,2024-05-21,16684,"{""type"":""MultiPoint"",""coordinates"":[]}"
16685_0,0.1754194,-0.013837638,0.11535703,2024-05-21,16685,"{""type"":""MultiPoint"",""coordinates"":[]}"
16686_0,0.3649303,0.8624905,0.38522726,2024-05-21,16686,"{""type"":""MultiPoint"",""coordinates"":[]}"
16690_0,0.3518931,0.89392215,0.34258512,2024-05-21,16690,"{""type"":""MultiPoint"",""coordinates"":[]}"
16691_0,0.18461539,0.79881656,0.14470145,2024-05-21,16691,"{""type"":""MultiPoint"",""coordinates"":[]}"
16692_0,0.1751531,0.57453257,0.1386808,2024-05-21,16692,"{""type"":""MultiPoint"",""coordinates"":[]}"
16693_0,0.23112808,0.76047546,0.24062827,2024-05-21,16693,"{""type"":""MultiPoint"",""coordinates"":[]}"
16694_0,0.28491783,0.76604086,0.27437845,2024-05-21,16694,"{""type"":""MultiPoint"",""coordinates"":[]}"
16695_0,0.0546301,0.089135736,0.10606686,2024-05-21,16695,"{""type"":""MultiPoint"",""coordinates"":[]}"
16696_0,0.19963647,0.80117947,0.23619543,2024-05-21,16696,"{""type"":""MultiPoint"",""coordinates"":[]}"
16697_0,0.3587309,0.83140606,0.34382686,2024-05-21,16697,"{""type"":""MultiPoint"",""coordinates"":[]}"
16701_0,0.1616007,0.644107,0.13002042,2024-05-21,16701,"{""type"":""MultiPoint"",""coordinates"":[]}"
16702_0,0.30451405,0.8378825,0.30533117,2024-05-21,16702,"{""type"":""MultiPoint"",""coordinates"":[]}"
16703_0,0.092361346,0.3037598,0.08877344,2024-05-21,16703,"{""type"":""MultiPoint"",""coordinates"":[]}"
16705_0,0.33850658,0.8746825,0.3243607,2024-05-21,16705,"{""type"":""MultiPoint"",""coordinates"":[]}"
16706_0,0.25308973,0.79672134,0.22389726,2024-05-21,16706,"{""type"":""MultiPoint"",""coordinates"":[]}"
16707_0,0.16829452,0.4939759,0.13301136,2024-05-21,16707,"{""type"":""MultiPoint"",""coordinates"":[]}"
16708_0,0.31037924,0.7890354,0.3020202,2024-05-21,16708,"{""type"":""MultiPoint"",""coordinates"":[]}"
16709_0,0.07473684,0.5110845,0.17850468,2024-05-21,16709,"{""type"":""MultiPoint"",""coordinates"":[]}"
16710_0,0.19946453,0.81333333,0.2198304,2024-05-21,16710,"{""type"":""MultiPoint"",""coordinates"":[]}"
16711_0,0.2859074,0.7582418,0.23896992,2024-05-21,16711,"{""type"":""MultiPoint"",""coordinates"":[]}"
16713_0,0.31268647,0.7721519,0.31268647,2024-05-21,16713,"{""type"":""MultiPoint"",""coordinates"":[]}"
16715_0,0.17371213,0.68260425,0.15623908,2024-05-21,16715,"{""type"":""MultiPoint"",""coordinates"":[]}"
16717_0,0.11998301,0.64479786,0.090030745,2024-05-21,16717,"{""type"":""MultiPoint"",""coordinates"":[]}"
16718_0,0.24141966,0.7527065,0.22525394,2024-05-21,16718,"{""type"":""MultiPoint"",""coordinates"":[]}"
16719_0,0.38000843,0.89891136,0.37790945,2024-05-21,16719,"{""type"":""MultiPoint"",""coordinates"":[]}"
16720_0,0.29883984,0.7376982,0.23229669,2024-05-21,16720,"{""type"":""MultiPoint"",""coordinates"":[]}"
16721_0,0.048726115,0.48306772,-0.0015088014,2024-05-21,16721,"{""type"":""MultiPoint"",""coordinates"":[]}"
16724_0,0.25274432,0.48781303,0.22975025,2024-05-21,16724,"{""type"":""MultiPoint"",""coordinates"":[]}"
16725_0,0.07849747,0.37918767,0.09729921,2024-05-21,16725,"{""type"":""MultiPoint"",""coordinates"":[]}"
16728_0,0.31335983,0.7367491,0.27290386,2024-05-21,16728,"{""type"":""MultiPoint"",""coordinates"":[]}"
16729_0,0.28814262,0.80699134,0.27568024,2024-05-21,16729,"{""type"":""MultiPoint"",""coordinates"":[]}"
16730_0,0.23279789,0.7108604,0.20516641,2024-05-21,16730,"{""type"":""MultiPoint"",""coordinates"":[]}"
16731_0,0.078407295,0.59743387,0.06429207,2024-05-21,16731,"{""type"":""MultiPoint"",""coordinates"":[]}"
16732_0,0.1744511,0.68609864,0.18518518,2024-05-21,16732,"{""type"":""MultiPoint"",""coordinates"":[]}"
16733_0,0.3129529,0.76780844,0.31558764,2024-05-21,16733,"{""type"":""MultiPoint"",""coordinates"":[]}"
16734_0,0.30942044,0.7862674,0.30837587,2024-05-21,16734,"{""type"":""MultiPoint"",""coordinates"":[]}"
16736_0,0.28060925,0.7735849,0.26875743,2024-05-21,16736,"{""type"":""MultiPoint"",""coordinates"":[]}"
16737_0,0.19300051,0.7240204,0.265,2024-05-21,16737,"{""type"":""MultiPoint"",""coordinates"":[]}"
16738_0,0.1903945,0.7315531,0.19727892,2024-05-21,16738,"{""type"":""MultiPoint"",""coordinates"":[]}"
16739_0,0.26041228,0.79349184,0.23961937,2024-05-21,16739,"{""type"":""MultiPoint"",""coordinates"":[]}"
16740_0,0.28459236,0.7626397,0.2677512,2024-05-21,16740,"{""type"":""MultiPoint"",""coordinates"":[]}"
16741_0,0.19509152,0.63582444,0.17536756,2024-05-21,16741,"{""type"":""MultiPoint"",""coordinates"":[]}"
16742_0,0.014061872,0.59626913,-0.011958763,2024-05-21,16742,"{""type"":""MultiPoint"",""coordinates"":[]}"
16743_0,0.04718664,0.5156667,0.030042918,2024-05-21,16743,"{""type"":""MultiPoint"",""coordinates"":[]}"
16744_0,0.29158717,0.8014842,0.3108336,2024-05-21,16744,"{""type"":""MultiPoint"",""coordinates"":[]}"
16745_0,0.01615944,0.118809044,0.033725698,2024-05-21,16745,"{""type"":""MultiPoint"",""coordinates"":[]}"
16746_0,0.19601329,0.7559074,0.17298616,2024-05-21,16746,"{""type"":""MultiPoint"",""coordinates"":[]}"
16747_0,0.11661342,0.5814863,0.046140578,2024-05-21,16747,"{""type"":""MultiPoint"",""coordinates"":[]}"
16748_0,0.039285716,0.2231986,0.080913186,2024-05-21,16748,"{""type"":""MultiPoint"",""coordinates"":[]}"
16749_0,0.27762377,0.7287356,0.24503312,2024-05-21,16749,"{""type"":""MultiPoint"",""coordinates"":[]}"
16750_0,0.21830986,0.7936679,0.21968366,2024-05-21,16750,"{""type"":""MultiPoint"",""coordinates"":[]}"
16751_0,0.14939624,0.71454626,0.10767418,2024-05-21,16751,"{""type"":""MultiPoint"",""coordinates"":[]}"
16752_0,0.31063995,0.8188579,0.31793687,2024-05-21,16752,"{""type"":""MultiPoint"",""coordinates"":[]}"
16753_0,0.076117985,0.05244381,0.09716411,2024-05-21,16753,"{""type"":""MultiPoint"",""coordinates"":[]}"
16754_0,0.19221967,0.6284585,0.16686335,2024-05-21,16754,"{""type"":""MultiPoint"",""coordinates"":[]}"
16755_0,0.16799273,0.66047925,0.14685315,2024-05-21,16755,"{""type"":""MultiPoint"",""coordinates"":[]}"
16756_0,0.21138552,0.72761196,0.19176319,2024-05-21,16756,"{""type"":""MultiPoint"",""coordinates"":[]}"
17262_0,0.049525816,0.49124768,0.05202312,2024-05-21,17262,"{""type"":""MultiPoint"",""coordinates"":[]}"
17263_0,0.14030692,0.79219556,0.16272686,2024-05-21,17263,"{""type"":""MultiPoint"",""coordinates"":[]}"
17264_0,0.17342933,0.7024292,0.14227504,2024-05-21,17264,"{""type"":""MultiPoint"",""coordinates"":[]}"
17265_0,0.16532041,0.7871421,0.17450736,2024-05-21,17265,"{""type"":""MultiPoint"",""coordinates"":[]}"
17266_0,0.3229937,0.82851815,0.3528702,2024-05-21,17266,"{""type"":""MultiPoint"",""coordinates"":[]}"
17267_0,0.21810378,0.7529244,0.2104019,2024-05-21,17267,"{""type"":""MultiPoint"",""coordinates"":[]}"
17269_0,0.05907781,0.6956522,0.17809944,2024-05-21,17269,"{""type"":""MultiPoint"",""coordinates"":[]}"
17270_0,0.26469174,0.8391242,0.25454545,2024-05-21,17270,"{""type"":""MultiPoint"",""coordinates"":[]}"
17271_0,0.23868382,0.7493008,0.20300752,2024-05-21,17271,"{""type"":""MultiPoint"",""coordinates"":[]}"
17273_0,0.1960231,0.79509157,0.21263158,2024-05-21,17273,"{""type"":""MultiPoint"",""coordinates"":[]}"
17274_0,0.32391524,0.73745996,0.09703504,2024-05-21,17274,"{""type"":""MultiPoint"",""coordinates"":[]}"
17275_0,0.20351443,0.6519916,0.17327377,2024-05-21,17275,"{""type"":""MultiPoint"",""coordinates"":[]}"
17276_0,0.20505378,0.6434263,0.17270789,2024-05-21,17276,"{""type"":""MultiPoint"",""coordinates"":[]}"
17277_0,0.23741007,0.80241495,0.22743413,2024-05-21,17277,"{""type"":""MultiPoint"",""coordinates"":[]}"
17278_0,0.11412131,0.37361997,0.122640386,2024-05-21,17278,"{""type"":""MultiPoint"",""coordinates"":[]}"
17279_0,0.13387151,0.6147337,0.11496821,2024-05-21,17279,"{""type"":""MultiPoint"",""coordinates"":[]}"
17280_0,0.040097207,0.5620139,0.035409037,2024-05-21,17280,"{""type"":""MultiPoint"",""coordinates"":[]}"
17282_0,0.29724208,0.6652482,0.26100966,2024-05-21,17282,"{""type"":""MultiPoint"",""coordinates"":[]}"
17283_0,0.23332919,0.792,0.22969432,2024-05-21,17283,"{""type"":""MultiPoint"",""coordinates"":[]}"
17284_0,0.23936088,-0.0015440041,0.22098969,2024-05-21,17284,"{""type"":""MultiPoint"",""coordinates"":[]}"
17285_0,0.044103846,0.62812024,0.022392834,2024-05-21,17285,"{""type"":""MultiPoint"",""coordinates"":[]}"
17286_0,0.31974402,0.8550168,0.33764136,2024-05-21,17286,"{""type"":""MultiPoint"",""coordinates"":[]}"
17287_0,0.24794082,0.852254,0.27381918,2024-05-21,17287,"{""type"":""MultiPoint"",""coordinates"":[]}"
17288_0,0.15276924,0.026407573,0.14103718,2024-05-21,17288,"{""type"":""MultiPoint"",""coordinates"":[]}"
17290_0,0.040944487,0.56759214,-0.051500965,2024-05-21,17290,"{""type"":""MultiPoint"",""coordinates"":[]}"
17292_0,0.012981298,0.13196722,0.1036963,2024-05-21,17292,"{""type"":""MultiPoint"",""coordinates"":[]}"
17293_0,0.26920578,0.7476107,0.22891235,2024-05-21,17293,"{""type"":""MultiPoint"",""coordinates"":[]}"
17294_0,0.07984694,0.5451428,0.05859324,2024-05-21,17294,"{""type"":""MultiPoint"",""coordinates"":[]}"
17295_0,0.00237827,0.17682198,-0.005678233,2024-05-21,17295,"{""type"":""MultiPoint"",""coordinates"":[]}"
17297_0,0.2539974,0.85069126,0.27637935,2024-05-21,17297,"{""type"":""MultiPoint"",""coordinates"":[]}"
17298_0,0.12061442,0.13464448,-0.25354567,2024-05-21,17298,"{""type"":""MultiPoint"",""coordinates"":[]}"
17299_0,0.2472119,0.5257985,0.21052632,2024-05-21,17299,"{""type"":""MultiPoint"",""coordinates"":[]}"
17300_0,0.20508112,0.71078,0.20104599,2024-05-21,17300,"{""type"":""MultiPoint"",""coordinates"":[]}"
17301_0,0.025716385,0.055785123,0.013637491,2024-05-21,17301,"{""type"":""MultiPoint"",""coordinates"":[]}"
17302_0,0.33549958,0.88337964,0.31852263,2024-05-21,17302,"{""type"":""MultiPoint"",""coordinates"":[]}"
17304_0,0.09798456,0.44680852,0.06167057,2024-05-21,17304,"{""type"":""MultiPoint"",""coordinates"":[]}"
17305_0,0.15634744,0.5329192,0.131591,2024-05-21,17305,"{""type"":""MultiPoint"",""coordinates"":[]}"
17306_0,0.258709,0.65487677,0.23093277,2024-05-21,17306,"{""type"":""MultiPoint"",""coordinates"":[]}"
17308_0,0.2725821,0.69100595,0.2570763,2024-05-21,17308,"{""type"":""MultiPoint"",""coordinates"":[]}"
17309_0,0.23054174,0.6015732,0.17450245,2024-05-21,17309,"{""type"":""MultiPoint"",""coordinates"":[]}"
17310_0,0.0016213638,0.074777216,0.029122612,2024-05-21,17310,"{""type"":""MultiPoint"",""coordinates"":[]}"
17311_0,0.23302847,0.73933375,0.19983873,2024-05-21,17311,"{""type"":""MultiPoint"",""coordinates"":[]}"
17312_0,0.31267202,0.82885087,0.2915639,2024-05-21,17312,"{""type"":""MultiPoint"",""coordinates"":[]}"
17313_0,0.015158153,0.10487329,0.0042523034,2024-05-21,17313,"{""type"":""MultiPoint"",""coordinates"":[]}"
17316_0,0.24726135,0.80525804,-0.018528322,2024-05-21,17316,"{""type"":""MultiPoint"",""coordinates"":[]}"
17317_0,0.3270506,0.78500986,0.30497476,2024-05-21,17317,"{""type"":""MultiPoint"",""coordinates"":[]}"
17318_0,0.12621886,0.5933403,0.08534165,2024-05-21,17318,"{""type"":""MultiPoint"",""coordinates"":[]}"
17320_0,0.08130564,0.18377566,0.09979065,2024-05-21,17320,"{""type"":""MultiPoint"",""coordinates"":[]}"
17321_0,0.24212055,0.08402725,-0.29126453,2024-05-21,17321,"{""type"":""MultiPoint"",""coordinates"":[]}"
17322_0,-0.00418154,0.09602777,0.071745075,2024-05-21,17322,"{""type"":""MultiPoint"",""coordinates"":[]}"
17323_0,0.08794879,0.4890743,0.06704626,2024-05-21,17323,"{""type"":""MultiPoint"",""coordinates"":[]}"
17324_0,0.08160984,0.11127707,0.094017096,2024-05-21,17324,"{""type"":""MultiPoint"",""coordinates"":[]}"
17325_0,0.024960998,0.21031377,0.019094951,2024-05-21,17325,"{""type"":""MultiPoint"",""coordinates"":[]}"
17326_0,0.25954607,0.8335183,0.28244275,2024-05-21,17326,"{""type"":""MultiPoint"",""coordinates"":[]}"
17327_0,0.1056701,0.6181047,0.1056701,2024-05-21,17327,"{""type"":""MultiPoint"",""coordinates"":[]}"
17328_0,0.235306,0.7261314,0.21922046,2024-05-21,17328,"{""type"":""MultiPoint"",""coordinates"":[]}"
17329_0,0.083372526,0.06265664,0.10835185,2024-05-21,17329,"{""type"":""MultiPoint"",""coordinates"":[]}"
17330_0,0.047129393,0.48061258,0.1532995,2024-05-21,17330,"{""type"":""MultiPoint"",""coordinates"":[]}"
17331_0,0.19308087,0.71894604,0.22704881,2024-05-21,17331,"{""type"":""MultiPoint"",""coordinates"":[]}"
17332_0,0.1325285,0.026600985,0.1262582,2024-05-21,17332,"{""type"":""MultiPoint"",""coordinates"":[]}"
17333_0,0.24617197,0.6155572,0.25581396,2024-05-21,17333,"{""type"":""MultiPoint"",""coordinates"":[]}"
17334_0,0.25680023,0.83459294,0.25143614,2024-05-21,17334,"{""type"":""MultiPoint"",""coordinates"":[]}"
17335_0,0.03635637,0.21085797,0.017515276,2024-05-21,17335,"{""type"":""MultiPoint"",""coordinates"":[]}"
17336_0,0.18844835,0.7414449,0.191351,2024-05-21,17336,"{""type"":""MultiPoint"",""coordinates"":[]}"
17337_0,0.09085281,0.60518444,0.045963943,2024-05-21,17337,"{""type"":""MultiPoint"",""coordinates"":[]}"
17338_0,0.3285566,0.81396806,0.2835457,2024-05-21,17338,"{""type"":""MultiPoint"",""coordinates"":[]}"
17339_0,0.111344814,0.33592483,0.09914712,2024-05-21,17339,"{""type"":""MultiPoint"",""coordinates"":[]}"
17340_0,0.26383734,0.8263726,0.2609752,2024-05-21,17340,"{""type"":""MultiPoint"",""coordinates"":[]}"
17341_0,0.21297134,0.7783985,0.18836522,2024-05-21,17341,"{""type"":""MultiPoint"",""coordinates"":[]}"
17342_0,0.23115398,0.6970518,0.21612433,2024-05-21,17342,"{""type"":""MultiPoint"",""coordinates"":[]}"
17343_0,0.2330805,0.7904843,0.22959708,2024-05-21,17343,"{""type"":""MultiPoint"",""coordinates"":[]}"
17344_0,0.10472134,0.5297927,0.11061479,2024-05-21,17344,"{""type"":""MultiPoint"",""coordinates"":[]}"
17345_0,0.13104874,0.6530133,0.113336846,2024-05-21,17345,"{""type"":""MultiPoint"",""coordinates"":[]}"
17347_0,0.07281713,0.12056239,0.062312562,2024-05-21,17347,"{""type"":""MultiPoint"",""coordinates"":[]}"
17349_0,0.16794467,0.67391306,0.1437413,2024-05-21,17349,"{""type"":""MultiPoint"",""coordinates"":[]}"
17350_0,0.08305867,0.61497325,0.041020337,2024-05-21,17350,"{""type"":""MultiPoint"",""coordinates"":[]}"
17351_0,0.27804726,0.8577596,0.27849883,2024-05-21,17351,"{""type"":""MultiPoint"",""coordinates"":[]}"
17352_0,0.299806,0.85807574,0.2905957,2024-05-21,17352,"{""type"":""MultiPoint"",""coordinates"":[]}"
17353_0,0.27041867,0.86450434,0.25272408,2024-05-21,17353,"{""type"":""MultiPoint"",""coordinates"":[]}"
17354_0,0.2982456,0.8515206,0.2857143,2024-05-21,17354,"{""type"":""MultiPoint"",""coordinates"":[]}"
17355_0,0.20649967,0.7044766,0.18041958,2024-05-21,17355,"{""type"":""MultiPoint"",""coordinates"":[]}"
17356_0,0.22652619,0.83717215,0.23482525,2024-05-21,17356,"{""type"":""MultiPoint"",""coordinates"":[]}"
17357_0,0.33367,0.86155707,0.34279665,2024-05-21,17357,"{""type"":""MultiPoint"",""coordinates"":[]}"
17358_0,0.16283716,0.72638035,0.14646567,2024-05-21,17358,"{""type"":""MultiPoint"",""coordinates"":[]}"
17359_0,0.14505382,0.53996736,0.13813296,2024-05-21,17359,"{""type"":""MultiPoint"",""coordinates"":[]}"
17360_0,0.36713943,0.8789346,0.36158726,2024-05-21,17360,"{""type"":""MultiPoint"",""coordinates"":[]}"
17361_0,0.34327358,0.8472895,0.342723,2024-05-21,17361,"{""type"":""MultiPoint"",""coordinates"":[]}"
17362_0,0.13913392,0.57575756,0.1334006,2024-05-21,17362,"{""type"":""MultiPoint"",""coordinates"":[]}"
17363_0,0.35023043,0.786176,0.32423964,2024-05-21,17363,"{""type"":""MultiPoint"",""coordinates"":[]}"
17364_0,0.15837388,0.6969697,0.120551094,2024-05-21,17364,"{""type"":""MultiPoint"",""coordinates"":[]}"
17366_0,0.25043896,0.7730924,0.20136054,2024-05-21,17366,"{""type"":""MultiPoint"",""coordinates"":[]}"
17367_0,0.17155334,0.7317349,0.18075262,2024-05-21,17367,"{""type"":""MultiPoint"",""coordinates"":[]}"
17368_0,0.25613376,0.78987586,0.2232376,2024-05-21,17368,"{""type"":""MultiPoint"",""coordinates"":[]}"
17370_0,0.16505791,0.6669201,0.11779704,2024-05-21,17370,"{""type"":""MultiPoint"",""coordinates"":[]}"
17371_0,0.063566476,0.12859885,0.08147876,2024-05-21,17371,"{""type"":""MultiPoint"",""coordinates"":[]}"
17372_0,0.11891516,0.61566967,0.092731826,2024-05-21,17372,"{""type"":""MultiPoint"",""coordinates"":[]}"
17373_0,0.35130054,0.75839823,0.31252074,2024-05-21,17373,"{""type"":""MultiPoint"",""coordinates"":[]}"
17374_0,0.3139572,0.8343826,0.2762803,2024-05-21,17374,"{""type"":""MultiPoint"",""coordinates"":[]}"
17375_0,0.3141713,0.7879559,0.2748715,2024-05-21,17375,"{""type"":""MultiPoint"",""coordinates"":[]}"
17378_0,0.27633464,0.5861728,0.28970087,2024-05-21,17378,"{""type"":""MultiPoint"",""coordinates"":[]}"
17380_0,0.20143072,0.69584244,0.18751197,2024-05-21,17380,"{""type"":""MultiPoint"",""coordinates"":[]}"
17381_0,0.28115264,0.783022,0.1914148,2024-05-21,17381,"{""type"":""MultiPoint"",""coordinates"":[]}"
17385_0,0.13381915,0.53365856,0.09185623,2024-05-21,17385,"{""type"":""MultiPoint"",""coordinates"":[]}"
17386_0,0.15221648,0.581864,0.13747509,2024-05-21,17386,"{""type"":""MultiPoint"",""coordinates"":[]}"
17387_0,0.24579257,0.77805334,0.19624609,2024-05-21,17387,"{""type"":""MultiPoint"",""coordinates"":[]}"
17389_0,0.25215662,0.76507026,0.24337026,2024-05-21,17389,"{""type"":""MultiPoint"",""coordinates"":[]}"
17390_0,0.20547946,0.7202223,0.20494162,2024-05-21,17390,"{""type"":""MultiPoint"",""coordinates"":[]}"
17391_0,0.22295082,0.7683168,0.20228879,2024-05-21,17391,"{""type"":""MultiPoint"",""coordinates"":[]}"
17392_0,0.04227541,0.52912855,0.015182995,2024-05-21,17392,"{""type"":""MultiPoint"",""coordinates"":[]}"
17393_0,0.21413122,0.7657159,0.18777943,2024-05-21,17393,"{""type"":""MultiPoint"",""coordinates"":[]}"
17394_0,0.12844037,0.6338899,0.09467578,2024-05-21,17394,"{""type"":""MultiPoint"",""coordinates"":[]}"
17395_0,0.06861476,0.5448354,0.0389313,2024-05-21,17395,"{""type"":""MultiPoint"",""coordinates"":[]}"
17396_0,0.29016554,0.7632135,0.26363635,2024-05-21,17396,"{""type"":""MultiPoint"",""coordinates"":[]}"
17397_0,0.15305045,0.66493505,0.12210066,2024-05-21,17397,"{""type"":""MultiPoint"",""coordinates"":[]}"
17398_0,0.25702676,0.7900553,0.23792984,2024-05-21,17398,"{""type"":""MultiPoint"",""coordinates"":[]}"
17399_0,0.10602911,0.56197816,0.1138081,2024-05-21,17399,"{""type"":""MultiPoint"",""coordinates"":[]}"
17400_0,0.22580644,0.7467811,0.22130533,2024-05-21,17400,"{""type"":""MultiPoint"",""coordinates"":[]}"
17401_0,-0.0416222,0.4437299,0.2958153,2024-05-21,17401,"{""type"":""MultiPoint"",""coordinates"":[]}"
17402_0,0.19932999,0.51575315,0.19010505,2024-05-21,17402,"{""type"":""MultiPoint"",""coordinates"":[]}"
17403_0,0.18970622,0.703582,0.18599863,2024-05-21,17403,"{""type"":""MultiPoint"",""coordinates"":[]}"
17404_0,0.18064517,0.69616026,0.14285715,2024-05-21,17404,"{""type"":""MultiPoint"",""coordinates"":[]}"
17405_0,0.10509847,0.44871172,0.10145999,2024-05-21,17405,"{""type"":""MultiPoint"",""coordinates"":[]}"
17406_0,0.24560261,0.74813896,0.23732163,2024-05-21,17406,"{""type"":""MultiPoint"",""coordinates"":[]}"
17407_0,0.18667236,0.65647924,0.17468575,2024-05-21,17407,"{""type"":""MultiPoint"",""coordinates"":[]}"
17408_0,0.22368726,0.6608724,0.20285036,2024-05-21,17408,"{""type"":""MultiPoint"",""coordinates"":[]}"
17409_0,0.21471041,0.6978892,0.18154694,2024-05-21,17409,"{""type"":""MultiPoint"",""coordinates"":[]}"
17606_0,0.19219266,0.73195875,0.14608985,2024-05-21,17606,"{""type"":""MultiPoint"",""coordinates"":[]}"
17607_0,0.07848054,0.23105706,0.029633252,2024-05-21,17607,"{""type"":""MultiPoint"",""coordinates"":[]}"
17608_0,0.29183325,0.7857755,0.25391096,2024-05-21,17608,"{""type"":""MultiPoint"",""coordinates"":[]}"
17609_0,0.15297781,0.7958878,0.19087754,2024-05-21,17609,"{""type"":""MultiPoint"",""coordinates"":[]}"
17610_0,0.19603236,0.7695282,0.1954023,2024-05-21,17610,"{""type"":""MultiPoint"",""coordinates"":[]}"
17611_0,0.10580097,0.62219036,0.08787684,2024-05-21,17611,"{""type"":""MultiPoint"",""coordinates"":[]}"
17612_0,0.15678614,0.56471556,0.20930232,2024-05-21,17612,"{""type"":""MultiPoint"",""coordinates"":[]}"
17613_0,0.14921884,0.72551847,0.16088328,2024-05-21,17613,"{""type"":""MultiPoint"",""coordinates"":[]}"
17614_0,0.21602924,0.7934741,0.21745928,2024-05-21,17614,"{""type"":""MultiPoint"",""coordinates"":[]}"
17615_0,0.24385463,0.58757675,0.27364913,2024-05-21,17615,"{""type"":""MultiPoint"",""coordinates"":[]}"
17616_0,0.24289964,0.75176746,0.2288194,2024-05-21,17616,"{""type"":""MultiPoint"",""coordinates"":[]}"
17617_0,0.25979763,0.7826661,0.2188299,2024-05-21,17617,"{""type"":""MultiPoint"",""coordinates"":[]}"
17618_0,0.19510913,0.7400157,0.18427715,2024-05-21,17618,"{""type"":""MultiPoint"",""coordinates"":[]}"
17619_0,0.28096676,0.67719895,0.24540266,2024-05-21,17619,"{""type"":""MultiPoint"",""coordinates"":[]}"
17620_0,0.2904718,0.82857144,0.18706942,2024-05-21,17620,"{""type"":""MultiPoint"",""coordinates"":[]}"
17621_0,0.26181626,0.8401435,0.24824229,2024-05-21,17621,"{""type"":""MultiPoint"",""coordinates"":[]}"
17622_0,0.23144697,0.8126195,0.25148514,2024-05-21,17622,"{""type"":""MultiPoint"",""coordinates"":[]}"
17623_0,0.12046356,0.5578278,0.086185046,2024-05-21,17623,"{""type"":""MultiPoint"",""coordinates"":[]}"
17624_0,0.08250227,0.53846157,0.041666668,2024-05-21,17624,"{""type"":""MultiPoint"",""coordinates"":[]}"
17625_0,0.18971062,0.78605455,0.19605568,2024-05-21,17625,"{""type"":""MultiPoint"",""coordinates"":[]}"
17626_0,0.22169492,0.6942872,0.17823908,2024-05-21,17626,"{""type"":""MultiPoint"",""coordinates"":[]}"
17627_0,0.23894939,0.818522,0.2413793,2024-05-21,17627,"{""type"":""MultiPoint"",""coordinates"":[]}"
17628_0,0.28479055,0.76459104,0.2797282,2024-05-21,17628,"{""type"":""MultiPoint"",""coordinates"":[]}"
17629_0,0.34670293,0.7936772,0.38338146,2024-05-21,17629,"{""type"":""MultiPoint"",""coordinates"":[]}"
17630_0,0.011174636,0.45212975,-0.011833533,2024-05-21,17630,"{""type"":""MultiPoint"",""coordinates"":[]}"
17631_0,0.1797211,0.58244866,0.17390734,2024-05-21,17631,"{""type"":""MultiPoint"",""coordinates"":[]}"
17632_0,0.09803399,0.039608803,0.113745004,2024-05-21,17632,"{""type"":""MultiPoint"",""coordinates"":[]}"
17633_0,0.31680715,0.08325926,0.35948685,2024-05-21,17633,"{""type"":""MultiPoint"",""coordinates"":[]}"
17634_0,0.263175,0.77313715,0.24512582,2024-05-21,17634,"{""type"":""MultiPoint"",""coordinates"":[]}"
17635_0,0.13861968,0.5530333,0.14997827,2024-05-21,17635,"{""type"":""MultiPoint"",""coordinates"":[]}"
17636_0,0.1371409,0.6216216,0.13343637,2024-05-21,17636,"{""type"":""MultiPoint"",""coordinates"":[]}"
17637_0,0.087000646,0.44012052,0.073755145,2024-05-21,17637,"{""type"":""MultiPoint"",""coordinates"":[]}"
17638_0,-0.027572293,0.4848485,-0.06823266,2024-05-21,17638,"{""type"":""MultiPoint"",""coordinates"":[]}"
17639_0,0.113996625,0.65543073,0.08162908,2024-05-21,17639,"{""type"":""MultiPoint"",""coordinates"":[]}"
17640_0,0.35216573,0.7110048,0.35045317,2024-05-21,17640,"{""type"":""MultiPoint"",""coordinates"":[]}"
17641_0,0.23609096,0.66855705,0.25289804,2024-05-21,17641,"{""type"":""MultiPoint"",""coordinates"":[]}"
17642_0,0.24585946,0.8134034,0.2767926,2024-05-21,17642,"{""type"":""MultiPoint"",""coordinates"":[]}"
17643_0,0.054028437,0.3664036,0.09683258,2024-05-21,17643,"{""type"":""MultiPoint"",""coordinates"":[]}"
17644_0,0.33392778,0.8539435,0.12065921,2024-05-21,17644,"{""type"":""MultiPoint"",""coordinates"":[]}"
17645_0,0.11280547,0.029438822,0.1361127,2024-05-21,17645,"{""type"":""MultiPoint"",""coordinates"":[]}"
17646_0,0.017508479,0.14667715,0.042266108,2024-05-21,17646,"{""type"":""MultiPoint"",""coordinates"":[]}"
17647_0,0.1693493,0.50580204,0.18745795,2024-05-21,17647,"{""type"":""MultiPoint"",""coordinates"":[]}"
17648_0,0.14087419,0.57864076,0.05567278,2024-05-21,17648,"{""type"":""MultiPoint"",""coordinates"":[]}"
17649_0,0.39699355,0.8963709,0.36432236,2024-05-21,17649,"{""type"":""MultiPoint"",""coordinates"":[]}"
17650_0,0.3453825,0.90947497,0.4106108,2024-05-21,17650,"{""type"":""MultiPoint"",""coordinates"":[]}"
17651_0,0.2566877,0.81255686,0.23400961,2024-05-21,17651,"{""type"":""MultiPoint"",""coordinates"":[]}"
17652_0,0.34746656,0.88466465,0.34062594,2024-05-21,17652,"{""type"":""MultiPoint"",""coordinates"":[]}"
17653_0,0.123431936,0.6053257,0.08797938,2024-05-21,17653,"{""type"":""MultiPoint"",""coordinates"":[]}"
17654_0,0.2635135,0.74230146,0.24349335,2024-05-21,17654,"{""type"":""MultiPoint"",""coordinates"":[]}"
17655_0,0.16268605,0.6110228,0.113757096,2024-05-21,17655,"{""type"":""MultiPoint"",""coordinates"":[]}"
17656_0,0.27818698,0.82483506,0.22834645,2024-05-21,17656,"{""type"":""MultiPoint"",""coordinates"":[]}"
17657_0,0.1569158,0.5964206,0.17736347,2024-05-21,17657,"{""type"":""MultiPoint"",""coordinates"":[]}"
17658_0,0.3096248,0.7586207,0.29372495,2024-05-21,17658,"{""type"":""MultiPoint"",""coordinates"":[]}"
17659_0,0.37891045,0.9091432,0.3675683,2024-05-21,17659,"{""type"":""MultiPoint"",""coordinates"":[]}"
17660_0,0.24332665,0.71204704,0.17552118,2024-05-21,17660,"{""type"":""MultiPoint"",""coordinates"":[]}"
17661_0,0.28428197,0.8589575,0.29311395,2024-05-21,17661,"{""type"":""MultiPoint"",""coordinates"":[]}"
17662_0,0.09894299,0.6618257,0.10406616,2024-05-21,17662,"{""type"":""MultiPoint"",""coordinates"":[]}"
17663_0,0.17260358,0.74545455,0.14825307,2024-05-21,17663,"{""type"":""MultiPoint"",""coordinates"":[]}"
17664_0,0.09705982,0.18941899,0.11749695,2024-05-21,17664,"{""type"":""MultiPoint"",""coordinates"":[]}"
17665_0,0.36693007,0.87860525,0.34546015,2024-05-21,17665,"{""type"":""MultiPoint"",""coordinates"":[]}"
17666_0,0.27407646,0.7801401,0.24165824,2024-05-21,17666,"{""type"":""MultiPoint"",""coordinates"":[]}"
17667_0,0.25051618,0.8103362,0.24714829,2024-05-21,17667,"{""type"":""MultiPoint"",""coordinates"":[]}"
17668_0,0.12609713,0.603624,0.084724985,2024-05-21,17668,"{""type"":""MultiPoint"",""coordinates"":[]}"
17669_0,0.17484848,0.6490994,0.15316436,2024-05-21,17669,"{""type"":""MultiPoint"",""coordinates"":[]}"
17670_0,0.19266666,0.7393986,0.16569066,2024-05-21,17670,"{""type"":""MultiPoint"",""coordinates"":[]}"
17671_0,0.22436355,0.56438357,0.16709249,2024-05-21,17671,"{""type"":""MultiPoint"",""coordinates"":[]}"
17672_0,0.21133181,0.7306722,0.21795286,2024-05-21,17672,"{""type"":""MultiPoint"",""coordinates"":[]}"
17673_0,0.10091344,0.6048225,0.07371723,2024-05-21,17673,"{""type"":""MultiPoint"",""coordinates"":[]}"
18213_0,0.3444754,0.8921053,0.3414179,2024-05-21,18213,"{""type"":""MultiPoint"",""coordinates"":[]}"
18218_0,0.24833703,0.5458937,0.11449717,2024-05-21,18218,"{""type"":""MultiPoint"",""coordinates"":[]}"
18219_0,0.22601393,0.71884984,0.19688542,2024-05-21,18219,"{""type"":""MultiPoint"",""coordinates"":[]}"
18220_0,0.29595563,0.84641856,0.2806206,2024-05-21,18220,"{""type"":""MultiPoint"",""coordinates"":[]}"
18221_0,-0.020971451,0.43779597,-0.060874455,2024-05-21,18221,"{""type"":""MultiPoint"",""coordinates"":[]}"
18223_0,0.3275021,0.8822421,0.33311093,2024-05-21,18223,"{""type"":""MultiPoint"",""coordinates"":[]}"
18224_0,0.24250214,0.7413249,0.19956538,2024-05-21,18224,"{""type"":""MultiPoint"",""coordinates"":[]}"
18225_0,0.2767652,0.83609414,0.28160658,2024-05-21,18225,"{""type"":""MultiPoint"",""coordinates"":[]}"
18226_0,0.18995984,0.66433954,0.19271563,2024-05-21,18226,"{""type"":""MultiPoint"",""coordinates"":[]}"
18228_0,0.08529093,0.6560894,0.03965092,2024-05-21,18228,"{""type"":""MultiPoint"",""coordinates"":[]}"
18229_0,0.22341393,0.18524097,0.19152157,2024-05-21,18229,"{""type"":""MultiPoint"",""coordinates"":[]}"
18231_0,0.16108224,0.6979225,0.12730661,2024-05-21,18231,"{""type"":""MultiPoint"",""coordinates"":[]}"
18232_0,0.11857585,0.56800747,0.084418714,2024-05-21,18232,"{""type"":""MultiPoint"",""coordinates"":[]}"
18233_0,0.09164916,0.3152876,0.10562379,2024-05-21,18233,"{""type"":""MultiPoint"",""coordinates"":[]}"
18235_0,0.27901322,0.7951118,0.24914058,2024-05-21,18235,"{""type"":""MultiPoint"",""coordinates"":[]}"
18236_0,0.10480447,0.3883261,0.17926654,2024-05-21,18236,"{""type"":""MultiPoint"",""coordinates"":[]}"
18238_0,0.20451781,0.72523963,0.17200217,2024-05-21,18238,"{""type"":""MultiPoint"",""coordinates"":[]}"
18239_0,0.17060252,0.5977465,0.20296925,2024-05-21,18239,"{""type"":""MultiPoint"",""coordinates"":[]}"
18240_0,0.20237887,0.7036224,0.15304606,2024-05-21,18240,"{""type"":""MultiPoint"",""coordinates"":[]}"
18242_0,0.27334675,0.8490811,0.29145274,2024-05-21,18242,"{""type"":""MultiPoint"",""coordinates"":[]}"
18243_0,-0.0013163668,0.48274136,0.13000381,2024-05-21,18243,"{""type"":""MultiPoint"",""coordinates"":[]}"
18244_0,0.0670908,0.53538716,0.06682094,2024-05-21,18244,"{""type"":""MultiPoint"",""coordinates"":[]}"
18248_0,0.050939143,0.4911356,-0.007336523,2024-05-21,18248,"{""type"":""MultiPoint"",""coordinates"":[]}"
18249_0,0.33743665,0.8347871,0.32297447,2024-05-21,18249,"{""type"":""MultiPoint"",""coordinates"":[]}"
18253_0,0.16818182,0.7055319,0.12600084,2024-05-21,18253,"{""type"":""MultiPoint"",""coordinates"":[]}"
18254_0,0.17666948,0.65132225,0.16135699,2024-05-21,18254,"{""type"":""MultiPoint"",""coordinates"":[]}"
18255_0,0.11183625,0.29041806,0.07621104,2024-05-21,18255,"{""type"":""MultiPoint"",""coordinates"":[]}"
18256_0,0.2324153,0.6810396,0.19004808,2024-05-21,18256,"{""type"":""MultiPoint"",""coordinates"":[]}"
18257_0,0.0726103,0.253937,0.0050290897,2024-05-21,18257,"{""type"":""MultiPoint"",""coordinates"":[]}"
18259_0,0.24296057,0.60325646,0.2216708,2024-05-21,18259,"{""type"":""MultiPoint"",""coordinates"":[]}"
18260_0,0.06119493,0.16394255,0.0944231,2024-05-21,18260,"{""type"":""MultiPoint"",""coordinates"":[]}"
18261_0,0.14498381,0.5429229,0.11845178,2024-05-21,18261,"{""type"":""MultiPoint"",""coordinates"":[]}"
18262_0,0.2553999,0.7845912,0.22968581,2024-05-21,18262,"{""type"":""MultiPoint"",""coordinates"":[]}"
18264_0,0.18588102,0.6644951,0.17674151,2024-05-21,18264,"{""type"":""MultiPoint"",""coordinates"":[]}"
18265_0,0.3369513,0.8492118,0.32498464,2024-05-21,18265,"{""type"":""MultiPoint"",""coordinates"":[]}"
18266_0,0.20560911,0.6985782,0.22529915,2024-05-21,18266,"{""type"":""MultiPoint"",""coordinates"":[]}"
18267_0,0.109129064,-0.009548059,0.09984096,2024-05-21,18267,"{""type"":""MultiPoint"",""coordinates"":[]}"
18268_0,0.18149935,0.6129822,0.17040658,2024-05-21,18268,"{""type"":""MultiPoint"",""coordinates"":[]}"
18269_0,0.11373165,-0.050472334,0.019710144,2024-05-21,18269,"{""type"":""MultiPoint"",""coordinates"":[]}"
18270_0,0.19486792,0.8429509,0.20848791,2024-05-21,18270,"{""type"":""MultiPoint"",""coordinates"":[]}"
18271_0,0.2025377,0.6207585,0.1878581,2024-05-21,18271,"{""type"":""MultiPoint"",""coordinates"":[]}"
18272_0,0.1916598,0.66548544,0.15606937,2024-05-21,18272,"{""type"":""MultiPoint"",""coordinates"":[]}"
18273_0,0.0946932,-0.009315773,0.060978755,2024-05-21,18273,"{""type"":""MultiPoint"",""coordinates"":[]}"
18274_0,0.13901837,0.617468,0.10183066,2024-05-21,18274,"{""type"":""MultiPoint"",""coordinates"":[]}"
18275_0,0.31211993,0.85589606,0.3055397,2024-05-21,18275,"{""type"":""MultiPoint"",""coordinates"":[]}"
18276_0,0.13784765,-0.02037037,0.13755795,2024-05-21,18276,"{""type"":""MultiPoint"",""coordinates"":[]}"
18277_0,0.06593407,0.063057706,0.20053746,2024-05-21,18277,"{""type"":""MultiPoint"",""coordinates"":[]}"
18278_0,0.24150075,0.76599425,0.24283396,2024-05-21,18278,"{""type"":""MultiPoint"",""coordinates"":[]}"
18279_0,0.23599748,0.7434312,0.21525533,2024-05-21,18279,"{""type"":""MultiPoint"",""coordinates"":[]}"
18280_0,-1.2743723E-4,0.47320062,-0.009778692,2024-05-21,18280,"{""type"":""MultiPoint"",""coordinates"":[]}"
18281_0,0.1542759,0.63338304,0.13022982,2024-05-21,18281,"{""type"":""MultiPoint"",""coordinates"":[]}"
18282_0,0.20654976,0.31807986,-0.023108894,2024-05-21,18282,"{""type"":""MultiPoint"",""coordinates"":[]}"
18283_0,0.051114526,0.036431734,0.10429893,2024-05-21,18283,"{""type"":""MultiPoint"",""coordinates"":[]}"
18284_0,0.30213723,0.76573527,0.33703783,2024-05-21,18284,"{""type"":""MultiPoint"",""coordinates"":[]}"
18285_0,0.06661911,0.057411272,0.10657472,2024-05-21,18285,"{""type"":""MultiPoint"",""coordinates"":[]}"
18286_0,0.21849866,0.7020839,0.17304964,2024-05-21,18286,"{""type"":""MultiPoint"",""coordinates"":[]}"
18287_0,0.15827997,0.2908853,0.034965035,2024-05-21,18287,"{""type"":""MultiPoint"",""coordinates"":[]}"
18288_0,0.15468228,0.7655523,0.15808466,2024-05-21,18288,"{""type"":""MultiPoint"",""coordinates"":[]}"
18289_0,0.17106096,0.13009095,0.18515447,2024-05-21,18289,"{""type"":""MultiPoint"",""coordinates"":[]}"
18290_0,0.2979415,0.9739414,0.30322582,2024-05-21,18290,"{""type"":""MultiPoint"",""coordinates"":[]}"
18291_0,0.2504584,0.5023148,0.118965514,2024-05-21,18291,"{""type"":""MultiPoint"",""coordinates"":[]}"
18292_0,0.11680087,0.0682183,0.043410093,2024-05-21,18292,"{""type"":""MultiPoint"",""coordinates"":[]}"
18293_0,0.45320717,0.886634,0.44325483,2024-05-21,18293,"{""type"":""MultiPoint"",""coordinates"":[]}"
18294_0,0.07677543,0.1299435,0.12480357,2024-05-21,18294,"{""type"":""MultiPoint"",""coordinates"":[]}"
18295_0,0.051738076,0.06343714,-0.25824618,2024-05-21,18295,"{""type"":""MultiPoint"",""coordinates"":[]}"
18296_0,0.4361611,0.78741866,0.42931482,2024-05-21,18296,"{""type"":""MultiPoint"",""coordinates"":[]}"
18297_0,0.19450669,0.017909205,0.16484956,2024-05-21,18297,"{""type"":""MultiPoint"",""coordinates"":[]}"
18298_0,0.094626725,0.2759124,0.048380647,2024-05-21,18298,"{""type"":""MultiPoint"",""coordinates"":[]}"
18299_0,0.320457,0.89058095,0.33616796,2024-05-21,18299,"{""type"":""MultiPoint"",""coordinates"":[]}"
18300_0,0.075139076,0.05286767,0.05371172,2024-05-21,18300,"{""type"":""MultiPoint"",""coordinates"":[]}"
18301_0,0.3793005,0.8851185,0.3915477,2024-05-21,18301,"{""type"":""MultiPoint"",""coordinates"":[]}"
18302_0,0.31283423,0.9824176,0.2740113,2024-05-21,18302,"{""type"":""MultiPoint"",""coordinates"":[]}"
18303_0,0.05476627,0.20530452,0.08668216,2024-05-21,18303,"{""type"":""MultiPoint"",""coordinates"":[]}"
18304_0,0.06543385,0.61444443,0.05023491,2024-05-21,18304,"{""type"":""MultiPoint"",""coordinates"":[]}"
18305_0,0.16370285,0.65338457,0.15570469,2024-05-21,18305,"{""type"":""MultiPoint"",""coordinates"":[]}"
18306_0,0.13343038,0.7490119,0.13844669,2024-05-21,18306,"{""type"":""MultiPoint"",""coordinates"":[]}"
18307_0,0.23298268,0.75721484,0.21488519,2024-05-21,18307,"{""type"":""MultiPoint"",""coordinates"":[]}"
18308_0,0.031668697,0.51272726,-0.1205074,2024-05-21,18308,"{""type"":""MultiPoint"",""coordinates"":[]}"
18309_0,0.2082019,0.8104738,0.18241042,2024-05-21,18309,"{""type"":""MultiPoint"",""coordinates"":[]}"
18310_0,0.33761495,0.90784156,0.35069394,2024-05-21,18310,"{""type"":""MultiPoint"",""coordinates"":[]}"
18311_0,0.35824743,0.81530344,0.32741657,2024-05-21,18311,"{""type"":""MultiPoint"",""coordinates"":[]}"
18312_0,0.13927665,0.6676385,0.1170057,2024-05-21,18312,"{""type"":""MultiPoint"",""coordinates"":[]}"
18313_0,0.15392733,0.54438335,0.1671119,2024-05-21,18313,"{""type"":""MultiPoint"",""coordinates"":[]}"
18314_0,0.24561058,0.7046512,0.21056978,2024-05-21,18314,"{""type"":""MultiPoint"",""coordinates"":[]}"
18315_0,0.19714704,0.7161572,0.17774864,2024-05-21,18315,"{""type"":""MultiPoint"",""coordinates"":[]}"
18316_0,0.11009934,0.49476007,0.115226336,2024-05-21,18316,"{""type"":""MultiPoint"",""coordinates"":[]}"
18317_0,0.188008,0.48498145,0.1816839,2024-05-21,18317,"{""type"":""MultiPoint"",""coordinates"":[]}"
18318_0,0.11271784,0.59521776,0.07872955,2024-05-21,18318,"{""type"":""MultiPoint"",""coordinates"":[]}"
18319_0,0.27185905,0.82535213,0.2749631,2024-05-21,18319,"{""type"":""MultiPoint"",""coordinates"":[]}"
18320_0,0.30342883,0.7312627,0.26711145,2024-05-21,18320,"{""type"":""MultiPoint"",""coordinates"":[]}"
18321_0,0.21790603,0.74979466,0.20376648,2024-05-21,18321,"{""type"":""MultiPoint"",""coordinates"":[]}"
18322_0,0.06407829,0.5510404,0.033099625,2024-05-21,18322,"{""type"":""MultiPoint"",""coordinates"":[]}"
18323_0,0.07800669,0.5388889,0.02821084,2024-05-21,18323,"{""type"":""MultiPoint"",""coordinates"":[]}"
18324_0,0.011781206,0.45083013,-0.016592123,2024-05-21,18324,"{""type"":""MultiPoint"",""coordinates"":[]}"
18325_0,0.22874291,0.7475149,0.20638189,2024-05-21,18325,"{""type"":""MultiPoint"",""coordinates"":[]}"
18327_0,0.19389239,0.7099347,0.17284258,2024-05-21,18327,"{""type"":""MultiPoint"",""coordinates"":[]}"
18328_0,0.28614357,0.82816833,0.25841138,2024-05-21,18328,"{""type"":""MultiPoint"",""coordinates"":[]}"
18329_0,0.23945095,0.81588346,0.19105984,2024-05-21,18329,"{""type"":""MultiPoint"",""coordinates"":[]}"
18330_0,0.15009919,0.6598261,0.10616597,2024-05-21,18330,"{""type"":""MultiPoint"",""coordinates"":[]}"
18333_0,0.07642468,0.5427215,0.10858443,2024-05-21,18333,"{""type"":""MultiPoint"",""coordinates"":[]}"
18335_0,0.21721831,0.8204858,0.22879544,2024-05-21,18335,"{""type"":""MultiPoint"",""coordinates"":[]}"
18336_0,0.15094817,0.34476423,0.13341935,2024-05-21,18336,"{""type"":""MultiPoint"",""coordinates"":[]}"
18338_0,0.3433857,0.86422974,0.37588823,2024-05-21,18338,"{""type"":""MultiPoint"",""coordinates"":[]}"
18339_0,0.25809523,0.7814393,0.22268419,2024-05-21,18339,"{""type"":""MultiPoint"",""coordinates"":[]}"
18340_0,0.15199512,0.70240295,0.13914657,2024-05-21,18340,"{""type"":""MultiPoint"",""coordinates"":[]}"
18343_0,0.3950133,0.85547143,0.385762,2024-05-21,18343,"{""type"":""MultiPoint"",""coordinates"":[]}"
18345_0,0.11333334,0.6747704,0.10183046,2024-05-21,18345,"{""type"":""MultiPoint"",""coordinates"":[]}"
18346_0,0.24948142,0.80756015,0.22658375,2024-05-21,18346,"{""type"":""MultiPoint"",""coordinates"":[]}"
18350_0,0.15055725,0.7430957,0.12848233,2024-05-21,18350,"{""type"":""MultiPoint"",""coordinates"":[]}"
18351_0,0.21873298,0.682243,0.2275664,2024-05-21,18351,"{""type"":""MultiPoint"",""coordinates"":[]}"
18352_0,0.21747655,0.76811594,0.19504465,2024-05-21,18352,"{""type"":""MultiPoint"",""coordinates"":[]}"
18353_0,0.28107825,0.836582,0.25866956,2024-05-21,18353,"{""type"":""MultiPoint"",""coordinates"":[]}"
18354_0,0.29396528,0.7740888,0.28657418,2024-05-21,18354,"{""type"":""MultiPoint"",""coordinates"":[]}"
18355_0,0.17061421,0.6306362,0.12197195,2024-05-21,18355,"{""type"":""MultiPoint"",""coordinates"":[]}"
18356_0,0.2714005,0.7341513,0.24049151,2024-05-21,18356,"{""type"":""MultiPoint"",""coordinates"":[]}"
18358_0,0.38668373,0.79129905,0.34398538,2024-05-21,18358,"{""type"":""MultiPoint"",""coordinates"":[]}"
18359_0,0.24470589,0.7160622,0.19158122,2024-05-21,18359,"{""type"":""MultiPoint"",""coordinates"":[]}"
18360_0,0.09161042,0.59975064,0.042877465,2024-05-21,18360,"{""type"":""MultiPoint"",""coordinates"":[]}"
18361_0,-0.14150943,0.36144578,-0.1706422,2024-05-21,18361,"{""type"":""MultiPoint"",""coordinates"":[]}"
18362_0,0.29726142,0.81058246,0.315883,2024-05-21,18362,"{""type"":""MultiPoint"",""coordinates"":[]}"
18363_0,0.15911578,0.635228,0.15355805,2024-05-21,18363,"{""type"":""MultiPoint"",""coordinates"":[]}"
18364_0,0.14568126,0.60107815,0.11846854,2024-05-21,18364,"{""type"":""MultiPoint"",""coordinates"":[]}"
18365_0,0.23899648,0.6916187,0.20923851,2024-05-21,18365,"{""type"":""MultiPoint"",""coordinates"":[]}"
18366_0,0.0808757,0.56537205,0.019305019,2024-05-21,18366,"{""type"":""MultiPoint"",""coordinates"":[]}"
18368_0,0.12715855,0.4649022,0.06750524,2024-05-21,18368,"{""type"":""MultiPoint"",""coordinates"":[]}"
18369_0,0.19932999,0.6059113,0.1539823,2024-05-21,18369,"{""type"":""MultiPoint"",""coordinates"":[]}"
18370_0,0.30175707,0.7149304,0.24897288,2024-05-21,18370,"{""type"":""MultiPoint"",""coordinates"":[]}"
18371_0,0.27131784,0.7583187,0.24334365,2024-05-21,18371,"{""type"":""MultiPoint"",""coordinates"":[]}"
18372_0,0.10436714,0.7303507,0.08368042,2024-05-21,18372,"{""type"":""MultiPoint"",""coordinates"":[]}"
18373_0,0.34548944,0.81708324,0.3197686,2024-05-21,18373,"{""type"":""MultiPoint"",""coordinates"":[]}"
18374_0,0.056648776,0.52521247,0.06298124,2024-05-21,18374,"{""type"":""MultiPoint"",""coordinates"":[]}"
18375_0,0.21823594,0.6316023,0.19137903,2024-05-21,18375,"{""type"":""MultiPoint"",""coordinates"":[]}"
18376_0,0.041966427,0.5898219,-0.011392405,2024-05-21,18376,"{""type"":""MultiPoint"",""coordinates"":[]}"
18377_0,-0.0041936715,0.37711442,0.024805628,2024-05-21,18377,"{""type"":""MultiPoint"",""coordinates"":[]}"
18378_0,0.17557803,0.6421492,0.15948434,2024-05-21,18378,"{""type"":""MultiPoint"",""coordinates"":[]}"
18379_0,0.17508173,0.6935712,0.13666603,2024-05-21,18379,"{""type"":""MultiPoint"",""coordinates"":[]}"
18380_0,0.11353192,0.53287286,0.07,2024-05-21,18380,"{""type"":""MultiPoint"",""coordinates"":[]}"
18381_0,0.07697465,0.006381934,0.08731685,2024-05-21,18381,"{""type"":""MultiPoint"",""coordinates"":[]}"
18382_0,0.10359319,0.5149343,0.086313985,2024-05-21,18382,"{""type"":""MultiPoint"",""coordinates"":[]}"
18383_0,0.18456022,0.66110396,0.14487945,2024-05-21,18383,"{""type"":""MultiPoint"",""coordinates"":[]}"
18384_0,0.27051526,0.6955659,0.2525055,2024-05-21,18384,"{""type"":""MultiPoint"",""coordinates"":[]}"
18385_0,0.031017913,0.03327338,0.017714791,2024-05-21,18385,"{""type"":""MultiPoint"",""coordinates"":[]}"
18386_0,0.16374715,0.3654559,0.055889938,2024-05-21,18386,"{""type"":""MultiPoint"",""coordinates"":[]}"
18387_0,0.056642286,0.45153433,0.035981227,2024-05-21,18387,"{""type"":""MultiPoint"",""coordinates"":[]}"
18388_0,0.12102218,-7.980846E-4,0.15738387,2024-05-21,18388,"{""type"":""MultiPoint"",""coordinates"":[]}"
18389_0,0.16201118,0.7173484,0.14998111,2024-05-21,18389,"{""type"":""MultiPoint"",""coordinates"":[]}"
18390_0,0.16727568,0.6108271,0.13258617,2024-05-21,18390,"{""type"":""MultiPoint"",""coordinates"":[]}"
18391_0,0.2502525,0.71827567,0.20785318,2024-05-21,18391,"{""type"":""MultiPoint"",""coordinates"":[]}"
18392_0,0.08285004,0.5860058,0.05019305,2024-05-21,18392,"{""type"":""MultiPoint"",""coordinates"":[]}"
18846_0,0.12407071,0.8493976,0.16306235,2024-05-21,18846,"{""type"":""MultiPoint"",""coordinates"":[]}"
18847_0,0.18293373,0.7248485,0.13612774,2024-05-21,18847,"{""type"":""MultiPoint"",""coordinates"":[]}"
18849_0,0.08414873,0.4557999,0.015033073,2024-05-21,18849,"{""type"":""MultiPoint"",""coordinates"":[]}"
18850_0,0.28279632,0.77190876,0.27958387,2024-05-21,18850,"{""type"":""MultiPoint"",""coordinates"":[]}"
18851_0,0.04044904,0.23212238,0.089525744,2024-05-21,18851,"{""type"":""MultiPoint"",""coordinates"":[]}"
18852_0,0.18791424,0.7085308,0.16126435,2024-05-21,18852,"{""type"":""MultiPoint"",""coordinates"":[]}"
18853_0,0.17047451,0.6164092,0.07779751,2024-05-21,18853,"{""type"":""MultiPoint"",""coordinates"":[]}"
18859_0,0.21452928,0.7406071,0.21499482,2024-05-21,18859,"{""type"":""MultiPoint"",""coordinates"":[]}"
18860_0,0.22797105,0.7055336,0.22454771,2024-05-21,18860,"{""type"":""MultiPoint"",""coordinates"":[]}"
18861_0,0.17927423,0.64632887,0.16694154,2024-05-21,18861,"{""type"":""MultiPoint"",""coordinates"":[]}"
18862_0,0.296909,0.7882765,0.3099765,2024-05-21,18862,"{""type"":""MultiPoint"",""coordinates"":[]}"
18863_0,0.17570126,0.6122651,0.15296198,2024-05-21,18863,"{""type"":""MultiPoint"",""coordinates"":[]}"
18864_0,0.22415876,0.7250331,0.18313953,2024-05-21,18864,"{""type"":""MultiPoint"",""coordinates"":[]}"
18865_0,0.105612755,0.5851703,0.0804166,2024-05-21,18865,"{""type"":""MultiPoint"",""coordinates"":[]}"
18867_0,0.18881355,0.7746781,0.16049816,2024-05-21,18867,"{""type"":""MultiPoint"",""coordinates"":[]}"
18868_0,0.27508566,0.81085044,0.25031638,2024-05-21,18868,"{""type"":""MultiPoint"",""coordinates"":[]}"
18869_0,0.053071894,0.38203505,0.011732605,2024-05-21,18869,"{""type"":""MultiPoint"",""coordinates"":[]}"
18870_0,0.21315156,0.80582994,0.20883729,2024-05-21,18870,"{""type"":""MultiPoint"",""coordinates"":[]}"
18871_0,0.2860109,0.79985064,0.2732796,2024-05-21,18871,"{""type"":""MultiPoint"",""coordinates"":[]}"
18872_0,0.026754027,0.481175,0.0020993701,2024-05-21,18872,"{""type"":""MultiPoint"",""coordinates"":[]}"
18873_0,0.19844961,0.5769049,0.12624641,2024-05-21,18873,"{""type"":""MultiPoint"",""coordinates"":[]}"
18874_0,0.23812361,0.81201047,0.238917,2024-05-21,18874,"{""type"":""MultiPoint"",""coordinates"":[]}"
18875_0,0.2400068,0.760903,0.21143664,2024-05-21,18875,"{""type"":""MultiPoint"",""coordinates"":[]}"
18877_0,0.04752066,0.19385515,-0.11938486,2024-05-21,18877,"{""type"":""MultiPoint"",""coordinates"":[]}"
18878_0,0.20074044,0.65845275,0.19660947,2024-05-21,18878,"{""type"":""MultiPoint"",""coordinates"":[]}"
18880_0,0.1986449,0.8049225,0.2069491,2024-05-21,18880,"{""type"":""MultiPoint"",""coordinates"":[]}"
18881_0,0.234375,0.65723795,0.1843044,2024-05-21,18881,"{""type"":""MultiPoint"",""coordinates"":[]}"
18882_0,0.31202894,0.7851835,0.26929235,2024-05-21,18882,"{""type"":""MultiPoint"",""coordinates"":[]}"
18883_0,0.11704682,0.48955345,0.105503194,2024-05-21,18883,"{""type"":""MultiPoint"",""coordinates"":[]}"
18884_0,0.13021605,0.6741093,0.09051524,2024-05-21,18884,"{""type"":""MultiPoint"",""coordinates"":[]}"
18885_0,0.07025108,0.25635105,0.14365803,2024-05-21,18885,"{""type"":""MultiPoint"",""coordinates"":[]}"
18886_0,0.119165294,0.6173768,0.09378531,2024-05-21,18886,"{""type"":""MultiPoint"",""coordinates"":[]}"
18887_0,0.03333802,0.5192395,-0.011778563,2024-05-21,18887,"{""type"":""MultiPoint"",""coordinates"":[]}"
18888_0,0.114993125,0.5812847,0.10700902,2024-05-21,18888,"{""type"":""MultiPoint"",""coordinates"":[]}"
18889_0,0.10286373,-0.0054574637,0.06396497,2024-05-21,18889,"{""type"":""MultiPoint"",""coordinates"":[]}"
18890_0,0.23152211,0.73429257,0.22721873,2024-05-21,18890,"{""type"":""MultiPoint"",""coordinates"":[]}"
18891_0,0.19519787,0.70982325,0.21018182,2024-05-21,18891,"{""type"":""MultiPoint"",""coordinates"":[]}"
18893_0,0.34392586,0.66021866,0.33153456,2024-05-21,18893,"{""type"":""MultiPoint"",""coordinates"":[]}"
18894_0,0.089978784,0.7372148,0.0955098,2024-05-21,18894,"{""type"":""MultiPoint"",""coordinates"":[]}"
18897_0,0.21654068,0.6550362,0.17586529,2024-05-21,18897,"{""type"":""MultiPoint"",""coordinates"":[]}"
18899_0,0.27980253,0.8011696,0.2697291,2024-05-21,18899,"{""type"":""MultiPoint"",""coordinates"":[]}"
18900_0,0.040569395,0.058295965,0.07713373,2024-05-21,18900,"{""type"":""MultiPoint"",""coordinates"":[]}"
18901_0,0.14255765,0.5622189,0.120430104,2024-05-21,18901,"{""type"":""MultiPoint"",""coordinates"":[]}"
18902_0,0.24948454,0.59802103,0.22406442,2024-05-21,18902,"{""type"":""MultiPoint"",""coordinates"":[]}"
18903_0,0.12577319,0.38968483,0.13317756,2024-05-21,18903,"{""type"":""MultiPoint"",""coordinates"":[]}"
18905_0,0.17211533,0.008807045,0.17496212,2024-05-21,18905,"{""type"":""MultiPoint"",""coordinates"":[]}"
18906_0,0.07606182,0.2700565,0.084418714,2024-05-21,18906,"{""type"":""MultiPoint"",""coordinates"":[]}"
18907_0,0.24232225,0.68066233,0.22420849,2024-05-21,18907,"{""type"":""MultiPoint"",""coordinates"":[]}"
18908_0,0.20797138,0.5307761,0.19228765,2024-05-21,18908,"{""type"":""MultiPoint"",""coordinates"":[]}"
18909_0,0.031267766,0.44741234,0.008726004,2024-05-21,18909,"{""type"":""MultiPoint"",""coordinates"":[]}"
18910_0,0.24115983,0.7133758,0.20133978,2024-05-21,18910,"{""type"":""MultiPoint"",""coordinates"":[]}"
18911_0,0.053437095,0.4698521,0.030166114,2024-05-21,18911,"{""type"":""MultiPoint"",""coordinates"":[]}"
18912_0,0.11404958,0.45480028,0.08748036,2024-05-21,18912,"{""type"":""MultiPoint"",""coordinates"":[]}"
18913_0,0.09064861,0.5916149,0.080226585,2024-05-21,18913,"{""type"":""MultiPoint"",""coordinates"":[]}"
18914_0,0.035871755,0.025376685,0.0775,2024-05-21,18914,"{""type"":""MultiPoint"",""coordinates"":[]}"
18915_0,0.1163173,0.6020365,0.078703046,2024-05-21,18915,"{""type"":""MultiPoint"",""coordinates"":[]}"
18916_0,0.2237354,0.8361669,0.19637462,2024-05-21,18916,"{""type"":""MultiPoint"",""coordinates"":[]}"
18917_0,0.19644839,0.7048093,0.17351598,2024-05-21,18917,"{""type"":""MultiPoint"",""coordinates"":[]}"
18919_0,0.41798943,0.8407699,0.36005172,2024-05-21,18919,"{""type"":""MultiPoint"",""coordinates"":[]}"
18920_0,0.11620294,0.7032656,0.1017964,2024-05-21,18920,"{""type"":""MultiPoint"",""coordinates"":[]}"
18921_0,0.18268974,0.69857675,0.17333333,2024-05-21,18921,"{""type"":""MultiPoint"",""coordinates"":[]}"
18922_0,0.33905718,0.8582256,0.3427835,2024-05-21,18922,"{""type"":""MultiPoint"",""coordinates"":[]}"
18923_0,0.09527755,0.57717043,0.09,2024-05-21,18923,"{""type"":""MultiPoint"",""coordinates"":[]}"
18924_0,0.09369399,0.05886179,0.07868146,2024-05-21,18924,"{""type"":""MultiPoint"",""coordinates"":[]}"
18925_0,0.2551038,0.063161075,0.23677272,2024-05-21,18925,"{""type"":""MultiPoint"",""coordinates"":[]}"
18926_0,0.19569588,0.7146853,0.18097532,2024-05-21,18926,"{""type"":""MultiPoint"",""coordinates"":[]}"
18927_0,0.17749211,0.25097921,0.06475189,2024-05-21,18927,"{""type"":""MultiPoint"",""coordinates"":[]}"
18928_0,0.13423797,0.5101289,0.12072893,2024-05-21,18928,"{""type"":""MultiPoint"",""coordinates"":[]}"
18929_0,0.16916488,0.6980417,0.1616249,2024-05-21,18929,"{""type"":""MultiPoint"",""coordinates"":[]}"
18930_0,0.32100204,0.8308703,0.31350318,2024-05-21,18930,"{""type"":""MultiPoint"",""coordinates"":[]}"
18931_0,0.123895176,0.70969266,0.12280702,2024-05-21,18931,"{""type"":""MultiPoint"",""coordinates"":[]}"
18932_0,0.1940068,0.74763864,0.16068843,2024-05-21,18932,"{""type"":""MultiPoint"",""coordinates"":[]}"
18933_0,0.25732455,0.71299,0.23580275,2024-05-21,18933,"{""type"":""MultiPoint"",""coordinates"":[]}"
18934_0,0.25468385,0.8139918,0.26775956,2024-05-21,18934,"{""type"":""MultiPoint"",""coordinates"":[]}"
18935_0,0.20563069,0.79284984,0.20781723,2024-05-21,18935,"{""type"":""MultiPoint"",""coordinates"":[]}"
18936_0,0.26463842,0.7507378,0.23175211,2024-05-21,18936,"{""type"":""MultiPoint"",""coordinates"":[]}"
18937_0,0.25217897,0.7897898,0.23688112,2024-05-21,18937,"{""type"":""MultiPoint"",""coordinates"":[]}"
18938_0,0.12539284,0.60795456,0.09920699,2024-05-21,18938,"{""type"":""MultiPoint"",""coordinates"":[]}"
18939_0,0.3110872,0.8118874,0.25840092,2024-05-21,18939,"{""type"":""MultiPoint"",""coordinates"":[]}"
18940_0,0.1518726,0.7026908,0.14608076,2024-05-21,18940,"{""type"":""MultiPoint"",""coordinates"":[]}"
18941_0,0.24048583,0.66588783,0.20642978,2024-05-21,18941,"{""type"":""MultiPoint"",""coordinates"":[]}"
18942_0,0.0130705815,0.34417006,0.2733195,2024-05-21,18942,"{""type"":""MultiPoint"",""coordinates"":[]}"
18943_0,0.21078852,0.80489033,0.21830866,2024-05-21,18943,"{""type"":""MultiPoint"",""coordinates"":[]}"
18944_0,0.3352228,0.8607961,0.329309,2024-05-21,18944,"{""type"":""MultiPoint"",""coordinates"":[]}"
18945_0,0.11143652,0.612043,0.10527868,2024-05-21,18945,"{""type"":""MultiPoint"",""coordinates"":[]}"
18946_0,0.06344613,0.22611618,0.09672571,2024-05-21,18946,"{""type"":""MultiPoint"",""coordinates"":[]}"
18947_0,0.3872054,0.86990255,0.4025664,2024-05-21,18947,"{""type"":""MultiPoint"",""coordinates"":[]}"
18948_0,0.15184186,0.6532567,0.09866327,2024-05-21,18948,"{""type"":""MultiPoint"",""coordinates"":[]}"
18949_0,0.3185768,0.86398906,0.32554364,2024-05-21,18949,"{""type"":""MultiPoint"",""coordinates"":[]}"
18950_0,0.112021856,0.42345387,0.12891985,2024-05-21,18950,"{""type"":""MultiPoint"",""coordinates"":[]}"
18951_0,0.31361106,0.8181818,0.2742144,2024-05-21,18951,"{""type"":""MultiPoint"",""coordinates"":[]}"
18952_0,0.27091768,0.76568836,0.26258317,2024-05-21,18952,"{""type"":""MultiPoint"",""coordinates"":[]}"
18953_0,0.037805073,0.5452142,-0.015830247,2024-05-21,18953,"{""type"":""MultiPoint"",""coordinates"":[]}"
18954_0,0.10206599,0.6700337,0.0877193,2024-05-21,18954,"{""type"":""MultiPoint"",""coordinates"":[]}"
18955_0,0.021262782,0.5416446,-0.018409053,2024-05-21,18955,"{""type"":""MultiPoint"",""coordinates"":[]}"
18956_0,0.30881637,0.75103736,0.28170085,2024-05-21,18956,"{""type"":""MultiPoint"",""coordinates"":[]}"
18957_0,0.22654028,0.72271913,0.22285715,2024-05-21,18957,"{""type"":""MultiPoint"",""coordinates"":[]}"
18958_0,0.092828415,0.5602294,0.093284205,2024-05-21,18958,"{""type"":""MultiPoint"",""coordinates"":[]}"
18959_0,0.110983156,0.6101888,0.06819554,2024-05-21,18959,"{""type"":""MultiPoint"",""coordinates"":[]}"
18961_0,0.0959808,0.46885246,0.08638982,2024-05-21,18961,"{""type"":""MultiPoint"",""coordinates"":[]}"
18963_0,0.093797274,0.30157748,0.16840206,2024-05-21,18963,"{""type"":""MultiPoint"",""coordinates"":[]}"
18964_0,0.088541664,0.5772016,0.09326425,2024-05-21,18964,"{""type"":""MultiPoint"",""coordinates"":[]}"
18965_0,0.11549936,0.38017565,0.02915952,2024-05-21,18965,"{""type"":""MultiPoint"",""coordinates"":[]}"
18966_0,0.13842781,0.61764705,0.12262797,2024-05-21,18966,"{""type"":""MultiPoint"",""coordinates"":[]}"
18967_0,0.37402886,0.882904,0.40756303,2024-05-21,18967,"{""type"":""MultiPoint"",""coordinates"":[]}"
18969_0,0.1662978,0.011587848,0.2184656,2024-05-21,18969,"{""type"":""MultiPoint"",""coordinates"":[]}"
18970_0,0.31661692,0.74440897,0.31223714,2024-05-21,18970,"{""type"":""MultiPoint"",""coordinates"":[]}"
18971_0,0.21731785,0.5949074,0.19592102,2024-05-21,18971,"{""type"":""MultiPoint"",""coordinates"":[]}"
18972_0,0.31127897,0.7838041,0.28346884,2024-05-21,18972,"{""type"":""MultiPoint"",""coordinates"":[]}"
18973_0,0.36123526,0.8342231,0.34987593,2024-05-21,18973,"{""type"":""MultiPoint"",""coordinates"":[]}"
18974_0,0.24054277,0.7157803,0.2302563,2024-05-21,18974,"{""type"":""MultiPoint"",""coordinates"":[]}"
18975_0,0.20171265,0.6968504,0.2129456,2024-05-21,18975,"{""type"":""MultiPoint"",""coordinates"":[]}"
18977_0,0.3418431,0.8639175,0.36267713,2024-05-21,18977,"{""type"":""MultiPoint"",""coordinates"":[]}"
18978_0,-0.023144996,0.43969297,-0.06747159,2024-05-21,18978,"{""type"":""MultiPoint"",""coordinates"":[]}"
18979_0,0.21997157,0.716129,0.18507518,2024-05-21,18979,"{""type"":""MultiPoint"",""coordinates"":[]}"
18980_0,0.25827536,0.733094,0.24425349,2024-05-21,18980,"{""type"":""MultiPoint"",""coordinates"":[]}"
18981_0,0.11834499,0.54579896,0.08953817,2024-05-21,18981,"{""type"":""MultiPoint"",""coordinates"":[]}"
18982_0,0.02040246,0.5338093,0.020539332,2024-05-21,18982,"{""type"":""MultiPoint"",""coordinates"":[]}"
18983_0,0.13930054,0.6986981,0.11427409,2024-05-21,18983,"{""type"":""MultiPoint"",""coordinates"":[]}"
18984_0,0.27275234,0.8433333,0.2530803,2024-05-21,18984,"{""type"":""MultiPoint"",""coordinates"":[]}"
18985_0,0.009183673,0.4903846,-0.021567596,2024-05-21,18985,"{""type"":""MultiPoint"",""coordinates"":[]}"
18986_0,-0.032587633,0.45588234,-0.06485014,2024-05-21,18986,"{""type"":""MultiPoint"",""coordinates"":[]}"
18987_0,0.062324353,0.57569623,0.046402153,2024-05-21,18987,"{""type"":""MultiPoint"",""coordinates"":[]}"
18988_0,0.17502558,0.6942675,0.13796791,2024-05-21,18988,"{""type"":""MultiPoint"",""coordinates"":[]}"
18990_0,0.071759626,0.48296183,-0.0017247327,2024-05-21,18990,"{""type"":""MultiPoint"",""coordinates"":[]}"
18991_0,0.2231579,0.54701984,0.22560336,2024-05-21,18991,"{""type"":""MultiPoint"",""coordinates"":[]}"
18992_0,0.100251675,0.24376899,-0.023622047,2024-05-21,18992,"{""type"":""MultiPoint"",""coordinates"":[]}"
18993_0,-0.034168564,0.41921154,-0.071726896,2024-05-21,18993,"{""type"":""MultiPoint"",""coordinates"":[]}"
18994_0,0.15423077,0.5371321,0.12824579,2024-05-21,18994,"{""type"":""MultiPoint"",""coordinates"":[]}"
18995_0,0.06315282,0.5669688,0.032686245,2024-05-21,18995,"{""type"":""MultiPoint"",""coordinates"":[]}"
18996_0,0.108785786,0.5888738,0.018482279,2024-05-21,18996,"{""type"":""MultiPoint"",""coordinates"":[]}"
18997_0,0.12637693,0.63791007,0.105597705,2024-05-21,18997,"{""type"":""MultiPoint"",""coordinates"":[]}"
18998_0,0.15140562,0.3158722,0.08627027,2024-05-21,18998,"{""type"":""MultiPoint"",""coordinates"":[]}"
18999_0,0.017908407,0.2321839,0.021786492,2024-05-21,18999,"{""type"":""MultiPoint"",""coordinates"":[]}"
19000_0,0.21401295,0.8192893,0.20450345,2024-05-21,19000,"{""type"":""MultiPoint"",""coordinates"":[]}"
19001_0,-0.02008032,0.47272727,-0.08085106,2024-05-21,19001,"{""type"":""MultiPoint"",""coordinates"":[]}"
19002_0,0.104446016,0.5129482,0.08967002,2024-05-21,19002,"{""type"":""MultiPoint"",""coordinates"":[]}"
19003_0,0.14854683,0.5387578,0.14778237,2024-05-21,19003,"{""type"":""MultiPoint"",""coordinates"":[]}"
19004_0,0.039985053,0.515398,0.00753332,2024-05-21,19004,"{""type"":""MultiPoint"",""coordinates"":[]}"
19005_0,0.13794741,0.0022314312,0.16143332,2024-05-21,19005,"{""type"":""MultiPoint"",""coordinates"":[]}"
19006_0,0.015317286,0.06711788,0.024918742,2024-05-21,19006,"{""type"":""MultiPoint"",""coordinates"":[]}"
19007_0,0.25330347,0.7464977,0.22193699,2024-05-21,19007,"{""type"":""MultiPoint"",""coordinates"":[]}"
19511_0,0.24768393,0.82346743,0.22104669,2024-05-21,19511,"{""type"":""MultiPoint"",""coordinates"":[]}"
19512_0,0.1367713,0.56114286,0.08369695,2024-05-21,19512,"{""type"":""MultiPoint"",""coordinates"":[]}"
19514_0,0.23930435,0.83183503,0.2259777,2024-05-21,19514,"{""type"":""MultiPoint"",""coordinates"":[]}"
19516_0,0.21352932,0.40802824,0.123943664,2024-05-21,19516,"{""type"":""MultiPoint"",""coordinates"":[]}"
19517_0,0.22262852,0.7470074,0.19813623,2024-05-21,19517,"{""type"":""MultiPoint"",""coordinates"":[]}"
19518_0,0.21638095,0.643149,0.18904002,2024-05-21,19518,"{""type"":""MultiPoint"",""coordinates"":[]}"
19519_0,0.17626907,0.82098174,0.17716597,2024-05-21,19519,"{""type"":""MultiPoint"",""coordinates"":[]}"
19520_0,0.15560707,0.6730305,0.13351175,2024-05-21,19520,"{""type"":""MultiPoint"",""coordinates"":[]}"
19522_0,0.34292343,0.8472406,0.32656944,2024-05-21,19522,"{""type"":""MultiPoint"",""coordinates"":[]}"
19524_0,0.13904008,0.74165684,0.12076806,2024-05-21,19524,"{""type"":""MultiPoint"",""coordinates"":[]}"
19526_0,0.18814103,0.6425491,0.1501426,2024-05-21,19526,"{""type"":""MultiPoint"",""coordinates"":[]}"
19527_0,0.25004718,0.2712305,0.19244055,2024-05-21,19527,"{""type"":""MultiPoint"",""coordinates"":[]}"
19528_0,0.24350905,0.7310427,0.20619196,2024-05-21,19528,"{""type"":""MultiPoint"",""coordinates"":[]}"
19529_0,0.2368706,0.82746834,0.2342795,2024-05-21,19529,"{""type"":""MultiPoint"",""coordinates"":[]}"
19530_0,0.24455346,0.80676526,0.260243,2024-05-21,19530,"{""type"":""MultiPoint"",""coordinates"":[]}"
19534_0,0.14663899,0.4951049,0.13061872,2024-05-21,19534,"{""type"":""MultiPoint"",""coordinates"":[]}"
19535_0,0.08386904,0.014396456,0.089179546,2024-05-21,19535,"{""type"":""MultiPoint"",""coordinates"":[]}"
19537_0,0.10243902,0.6643129,0.08652482,2024-05-21,19537,"{""type"":""MultiPoint"",""coordinates"":[]}"
19538_0,0.14438502,0.62781185,0.1086351,2024-05-21,19538,"{""type"":""MultiPoint"",""coordinates"":[]}"
19539_0,0.34217,0.9044831,0.3674944,2024-05-21,19539,"{""type"":""MultiPoint"",""coordinates"":[]}"
19540_0,0.29136804,0.81282496,0.2957572,2024-05-21,19540,"{""type"":""MultiPoint"",""coordinates"":[]}"
19542_0,0.20401618,0.7188725,0.23464736,2024-05-21,19542,"{""type"":""MultiPoint"",""coordinates"":[]}"
19543_0,0.06351551,0.3227345,0.1350614,2024-05-21,19543,"{""type"":""MultiPoint"",""coordinates"":[]}"
19544_0,0.13788985,0.6492507,0.112568304,2024-05-21,19544,"{""type"":""MultiPoint"",""coordinates"":[]}"
19545_0,-0.028955098,0.2384381,0.29173887,2024-05-21,19545,"{""type"":""MultiPoint"",""coordinates"":[]}"
19546_0,0.28716418,0.8437635,0.28288287,2024-05-21,19546,"{""type"":""MultiPoint"",""coordinates"":[]}"
19547_0,0.06793119,0.1902786,-0.025479253,2024-05-21,19547,"{""type"":""MultiPoint"",""coordinates"":[]}"
19548_0,0.2211048,0.70105606,0.22099125,2024-05-21,19548,"{""type"":""MultiPoint"",""coordinates"":[]}"
19549_0,0.09205842,0.021092482,0.094492756,2024-05-21,19549,"{""type"":""MultiPoint"",""coordinates"":[]}"
19550_0,0.17848904,0.5415853,0.16168898,2024-05-21,19550,"{""type"":""MultiPoint"",""coordinates"":[]}"
19551_0,0.21304731,0.6913408,0.28795534,2024-05-21,19551,"{""type"":""MultiPoint"",""coordinates"":[]}"
19552_0,0.11297951,0.37198067,0.004716981,2024-05-21,19552,"{""type"":""MultiPoint"",""coordinates"":[]}"
19553_0,0.017926117,0.09894737,0.025741797,2024-05-21,19553,"{""type"":""MultiPoint"",""coordinates"":[]}"
19554_0,0.035004556,0.06427146,0.0036705881,2024-05-21,19554,"{""type"":""MultiPoint"",""coordinates"":[]}"
19556_0,0.13479052,0.601476,0.12248291,2024-05-21,19556,"{""type"":""MultiPoint"",""coordinates"":[]}"
19557_0,0.17061162,0.71960443,0.14885348,2024-05-21,19557,"{""type"":""MultiPoint"",""coordinates"":[]}"
19558_0,0.10272835,0.306096,0.03149808,2024-05-21,19558,"{""type"":""MultiPoint"",""coordinates"":[]}"
19559_0,0.09309309,0.5959425,0.11124191,2024-05-21,19559,"{""type"":""MultiPoint"",""coordinates"":[]}"
19560_0,0.113979846,0.54923004,0.08249103,2024-05-21,19560,"{""type"":""MultiPoint"",""coordinates"":[]}"
19561_0,0.00483504,0.45373267,-0.03658717,2024-05-21,19561,"{""type"":""MultiPoint"",""coordinates"":[]}"
19563_0,0.1839697,0.20619555,-0.018511225,2024-05-21,19563,"{""type"":""MultiPoint"",""coordinates"":[]}"
19564_0,0.41715398,0.90364736,0.3996845,2024-05-21,19564,"{""type"":""MultiPoint"",""coordinates"":[]}"
19565_0,0.3584167,0.6280899,0.3254059,2024-05-21,19565,"{""type"":""MultiPoint"",""coordinates"":[]}"
19566_0,0.14231916,0.60805863,0.12473979,2024-05-21,19566,"{""type"":""MultiPoint"",""coordinates"":[]}"
19567_0,0.2406983,0.7765958,0.3010875,2024-05-21,19567,"{""type"":""MultiPoint"",""coordinates"":[]}"
19569_0,0.074457526,0.43754908,0.05734508,2024-05-21,19569,"{""type"":""MultiPoint"",""coordinates"":[]}"
19570_0,0.3200222,0.8725779,0.32674354,2024-05-21,19570,"{""type"":""MultiPoint"",""coordinates"":[]}"
19571_0,0.04558681,0.21747765,-0.0016286644,2024-05-21,19571,"{""type"":""MultiPoint"",""coordinates"":[]}"
19572_0,0.03980253,0.45490783,-0.03183024,2024-05-21,19572,"{""type"":""MultiPoint"",""coordinates"":[]}"
19573_0,0.1360024,0.57712305,0.11639319,2024-05-21,19573,"{""type"":""MultiPoint"",""coordinates"":[]}"
19574_0,0.076625384,0.34083238,-4.1928721E-4,2024-05-21,19574,"{""type"":""MultiPoint"",""coordinates"":[]}"
19575_0,0.10289449,0.4840681,0.17200965,2024-05-21,19575,"{""type"":""MultiPoint"",""coordinates"":[]}"
19576_0,0.100983664,0.031161472,0.1362178,2024-05-21,19576,"{""type"":""MultiPoint"",""coordinates"":[]}"
19577_0,0.33959848,0.86935484,0.33314162,2024-05-21,19577,"{""type"":""MultiPoint"",""coordinates"":[]}"
19578_0,0.0617855,0.013953488,0.05011039,2024-05-21,19578,"{""type"":""MultiPoint"",""coordinates"":[]}"
19580_0,0.12634921,0.629273,0.102998696,2024-05-21,19580,"{""type"":""MultiPoint"",""coordinates"":[]}"
19581_0,0.058733646,0.1254717,-0.016082475,2024-05-21,19581,"{""type"":""MultiPoint"",""coordinates"":[]}"
19582_0,0.13755994,0.40666857,0.09896471,2024-05-21,19582,"{""type"":""MultiPoint"",""coordinates"":[]}"
19583_0,0.28592396,0.7648376,0.2771475,2024-05-21,19583,"{""type"":""MultiPoint"",""coordinates"":[]}"
19584_0,0.14006889,0.07069103,0.1802561,2024-05-21,19584,"{""type"":""MultiPoint"",""coordinates"":[]}"
19586_0,0.27500966,0.7222729,0.20314158,2024-05-21,19586,"{""type"":""MultiPoint"",""coordinates"":[]}"
19587_0,0.21724191,0.6315789,0.24037588,2024-05-21,19587,"{""type"":""MultiPoint"",""coordinates"":[]}"
19588_0,0.08834827,0.42600897,0.08717949,2024-05-21,19588,"{""type"":""MultiPoint"",""coordinates"":[]}"
19589_0,0.27358136,0.7915947,0.23369673,2024-05-21,19589,"{""type"":""MultiPoint"",""coordinates"":[]}"
19590_0,0.20583718,0.65153116,0.20400308,2024-05-21,19590,"{""type"":""MultiPoint"",""coordinates"":[]}"
19591_0,0.10848418,0.4057072,0.11187439,2024-05-21,19591,"{""type"":""MultiPoint"",""coordinates"":[]}"
19592_0,0.07262103,0.25827107,0.029694322,2024-05-21,19592,"{""type"":""MultiPoint"",""coordinates"":[]}"
19593_0,0.117665514,0.72824425,0.09407216,2024-05-21,19593,"{""type"":""MultiPoint"",""coordinates"":[]}"
19594_0,0.04392334,0.43826512,0.011811024,2024-05-21,19594,"{""type"":""MultiPoint"",""coordinates"":[]}"
19595_0,0.1440948,0.27027026,0.18540075,2024-05-21,19595,"{""type"":""MultiPoint"",""coordinates"":[]}"
19596_0,0.10087323,0.6742671,0.15863624,2024-05-21,19596,"{""type"":""MultiPoint"",""coordinates"":[]}"
19597_0,0.116791606,0.063057706,0.0964031,2024-05-21,19597,"{""type"":""MultiPoint"",""coordinates"":[]}"
19598_0,0.19512902,0.69464284,0.1552039,2024-05-21,19598,"{""type"":""MultiPoint"",""coordinates"":[]}"
19599_0,0.12854181,0.4176625,0.12501445,2024-05-21,19599,"{""type"":""MultiPoint"",""coordinates"":[]}"
19600_0,0.14338048,0.07374171,0.13332647,2024-05-21,19600,"{""type"":""MultiPoint"",""coordinates"":[]}"
19601_0,0.1126597,0.6287425,0.08539505,2024-05-21,19601,"{""type"":""MultiPoint"",""coordinates"":[]}"
19602_0,0.11840689,0.58704454,0.055181697,2024-05-21,19602,"{""type"":""MultiPoint"",""coordinates"":[]}"
19603_0,0.14917846,0.5764236,0.09374458,2024-05-21,19603,"{""type"":""MultiPoint"",""coordinates"":[]}"
19604_0,0.09579832,0.5072921,0.08451503,2024-05-21,19604,"{""type"":""MultiPoint"",""coordinates"":[]}"
19605_0,0.21554549,0.7966102,0.23161596,2024-05-21,19605,"{""type"":""MultiPoint"",""coordinates"":[]}"
19606_0,0.19714753,0.36342517,0.20646109,2024-05-21,19606,"{""type"":""MultiPoint"",""coordinates"":[]}"
19607_0,0.05019305,0.5849057,0.026968716,2024-05-21,19607,"{""type"":""MultiPoint"",""coordinates"":[]}"
19608_0,0.22832416,0.80787706,0.21106821,2024-05-21,19608,"{""type"":""MultiPoint"",""coordinates"":[]}"
19609_0,0.07908459,0.60115886,0.021093149,2024-05-21,19609,"{""type"":""MultiPoint"",""coordinates"":[]}"
19610_0,0.19274868,0.7215883,0.18300141,2024-05-21,19610,"{""type"":""MultiPoint"",""coordinates"":[]}"
19611_0,0.04068202,0.25162867,-0.021174973,2024-05-21,19611,"{""type"":""MultiPoint"",""coordinates"":[]}"
19612_0,0.04677553,0.107469514,0.05884496,2024-05-21,19612,"{""type"":""MultiPoint"",""coordinates"":[]}"
19613_0,0.25489587,0.76079404,0.19360808,2024-05-21,19613,"{""type"":""MultiPoint"",""coordinates"":[]}"
19614_0,0.18979932,0.7327189,0.18537201,2024-05-21,19614,"{""type"":""MultiPoint"",""coordinates"":[]}"
19615_0,0.12345464,0.6897507,0.09574277,2024-05-21,19615,"{""type"":""MultiPoint"",""coordinates"":[]}"
19616_0,0.31631944,0.85829073,0.31927398,2024-05-21,19616,"{""type"":""MultiPoint"",""coordinates"":[]}"
19617_0,0.28247952,0.7700447,0.25508502,2024-05-21,19617,"{""type"":""MultiPoint"",""coordinates"":[]}"
19618_0,0.2791584,0.7326405,0.21618037,2024-05-21,19618,"{""type"":""MultiPoint"",""coordinates"":[]}"
19619_0,0.034351803,0.49844882,0.017734855,2024-05-21,19619,"{""type"":""MultiPoint"",""coordinates"":[]}"
19620_0,0.15324676,0.5519713,0.111146756,2024-05-21,19620,"{""type"":""MultiPoint"",""coordinates"":[]}"
19621_0,0.31618336,0.7609329,0.24600309,2024-05-21,19621,"{""type"":""MultiPoint"",""coordinates"":[]}"
19622_0,0.38188976,0.865566,0.4316742,2024-05-21,19622,"{""type"":""MultiPoint"",""coordinates"":[]}"
19624_0,0.2095258,0.7362394,0.10796794,2024-05-21,19624,"{""type"":""MultiPoint"",""coordinates"":[]}"
19625_0,0.16355218,0.6827309,0.13994218,2024-05-21,19625,"{""type"":""MultiPoint"",""coordinates"":[]}"
19626_0,0.17702985,0.74316293,0.15070644,2024-05-21,19626,"{""type"":""MultiPoint"",""coordinates"":[]}"
19627_0,0.28432268,0.815331,0.27872372,2024-05-21,19627,"{""type"":""MultiPoint"",""coordinates"":[]}"
19628_0,0.09469154,0.092869565,0.10907166,2024-05-21,19628,"{""type"":""MultiPoint"",""coordinates"":[]}"
19629_0,0.19515584,0.7414312,0.17651838,2024-05-21,19629,"{""type"":""MultiPoint"",""coordinates"":[]}"
19630_0,0.17304122,0.7126792,0.15531956,2024-05-21,19630,"{""type"":""MultiPoint"",""coordinates"":[]}"
19631_0,0.05057336,0.610864,0.031638928,2024-05-21,19631,"{""type"":""MultiPoint"",""coordinates"":[]}"
19632_0,0.17597848,0.77642983,0.19568387,2024-05-21,19632,"{""type"":""MultiPoint"",""coordinates"":[]}"
19633_0,0.14829612,0.47822013,0.2705314,2024-05-21,19633,"{""type"":""MultiPoint"",""coordinates"":[]}"
19634_0,0.32183167,0.88933873,0.3326987,2024-05-21,19634,"{""type"":""MultiPoint"",""coordinates"":[]}"
19635_0,0.24041544,0.75354415,0.23914719,2024-05-21,19635,"{""type"":""MultiPoint"",""coordinates"":[]}"
19636_0,0.16372795,0.7316017,0.12478032,2024-05-21,19636,"{""type"":""MultiPoint"",""coordinates"":[]}"
19637_0,0.15627258,0.39140883,0.13864307,2024-05-21,19637,"{""type"":""MultiPoint"",""coordinates"":[]}"
19638_0,0.29225263,0.7811847,0.29746193,2024-05-21,19638,"{""type"":""MultiPoint"",""coordinates"":[]}"
19639_0,0.0059014456,0.5701284,-7.42611E-4,2024-05-21,19639,"{""type"":""MultiPoint"",""coordinates"":[]}"
19640_0,0.3009083,0.79337233,0.26877108,2024-05-21,19640,"{""type"":""MultiPoint"",""coordinates"":[]}"
19642_0,0.25987792,0.81402004,0.24557957,2024-05-21,19642,"{""type"":""MultiPoint"",""coordinates"":[]}"
19643_0,0.28130937,0.8177194,0.27108344,2024-05-21,19643,"{""type"":""MultiPoint"",""coordinates"":[]}"
19644_0,0.25607157,0.6786114,0.26391232,2024-05-21,19644,"{""type"":""MultiPoint"",""coordinates"":[]}"
19645_0,0.15196864,0.6260425,0.118844874,2024-05-21,19645,"{""type"":""MultiPoint"",""coordinates"":[]}"
19647_0,0.24652198,0.75967413,0.17889631,2024-05-21,19647,"{""type"":""MultiPoint"",""coordinates"":[]}"
19648_0,0.17253599,0.65499353,0.15475114,2024-05-21,19648,"{""type"":""MultiPoint"",""coordinates"":[]}"
19650_0,0.19872424,0.66047925,0.20205228,2024-05-21,19650,"{""type"":""MultiPoint"",""coordinates"":[]}"
19651_0,0.12858261,0.5785582,0.10229106,2024-05-21,19651,"{""type"":""MultiPoint"",""coordinates"":[]}"
19652_0,0.070655845,0.50481695,0.06385152,2024-05-21,19652,"{""type"":""MultiPoint"",""coordinates"":[]}"
19655_0,0.16595183,0.6774503,0.1612475,2024-05-21,19655,"{""type"":""MultiPoint"",""coordinates"":[]}"
19656_0,0.14599898,0.65843403,0.111267604,2024-05-21,19656,"{""type"":""MultiPoint"",""coordinates"":[]}"
19657_0,-0.04927795,0.42496356,-0.091359556,2024-05-21,19657,"{""type"":""MultiPoint"",""coordinates"":[]}"
19658_0,0.13477851,0.6111111,0.096278794,2024-05-21,19658,"{""type"":""MultiPoint"",""coordinates"":[]}"
19659_0,0.0060904496,0.36059773,-0.051405072,2024-05-21,19659,"{""type"":""MultiPoint"",""coordinates"":[]}"
19660_0,0.07171366,0.53095156,0.09113828,2024-05-21,19660,"{""type"":""MultiPoint"",""coordinates"":[]}"
19661_0,0.13935372,0.5170751,0.117325045,2024-05-21,19661,"{""type"":""MultiPoint"",""coordinates"":[]}"
19662_0,0.10708016,0.54550594,0.08859248,2024-05-21,19662,"{""type"":""MultiPoint"",""coordinates"":[]}"
19663_0,0.18850483,0.6741016,0.14467274,2024-05-21,19663,"{""type"":""MultiPoint"",""coordinates"":[]}"
19664_0,0.22289562,0.72,0.21264498,2024-05-21,19664,"{""type"":""MultiPoint"",""coordinates"":[]}"
19665_0,0.3571206,0.8879214,0.34414244,2024-05-21,19665,"{""type"":""MultiPoint"",""coordinates"":[]}"
19666_0,0.22027859,0.8098701,0.18282126,2024-05-21,19666,"{""type"":""MultiPoint"",""coordinates"":[]}"
19667_0,0.109663,0.6608464,0.07985376,2024-05-21,19667,"{""type"":""MultiPoint"",""coordinates"":[]}"
19668_0,0.15535055,0.5469782,0.14189316,2024-05-21,19668,"{""type"":""MultiPoint"",""coordinates"":[]}"
19670_0,-0.011262441,0.47034252,-0.0461997,2024-05-21,19670,"{""type"":""MultiPoint"",""coordinates"":[]}"
19671_0,0.055706523,0.6137434,0.023190442,2024-05-21,19671,"{""type"":""MultiPoint"",""coordinates"":[]}"
19672_0,0.16905661,0.67840046,0.15013508,2024-05-21,19672,"{""type"":""MultiPoint"",""coordinates"":[]}"
19673_0,0.006904488,0.18098159,-0.056950398,2024-05-21,19673,"{""type"":""MultiPoint"",""coordinates"":[]}"
19674_0,0.13246928,0.51438004,0.10969079,2024-05-21,19674,"{""type"":""MultiPoint"",""coordinates"":[]}"
19675_0,0.22516556,0.7198255,0.20516305,2024-05-21,19675,"{""type"":""MultiPoint"",""coordinates"":[]}"
19676_0,0.07825148,0.63808465,0.0690407,2024-05-21,19676,"{""type"":""MultiPoint"",""coordinates"":[]}"
19677_0,0.08877841,0.35909823,-0.006669282,2024-05-21,19677,"{""type"":""MultiPoint"",""coordinates"":[]}"
19678_0,0.3356845,0.81035274,0.312085,2024-05-21,19678,"{""type"":""MultiPoint"",""coordinates"":[]}"
19679_0,-0.07766143,0.41367766,-0.11244558,2024-05-21,19679,"{""type"":""MultiPoint"",""coordinates"":[]}"
19680_0,0.30197045,0.6756757,0.3059025,2024-05-21,19680,"{""type"":""MultiPoint"",""coordinates"":[]}"
19681_0,0.1796223,0.6619718,0.16308244,2024-05-21,19681,"{""type"":""MultiPoint"",""coordinates"":[]}"
19682_0,-0.011122346,0.12091792,-0.039697543,2024-05-21,19682,"{""type"":""MultiPoint"",""coordinates"":[]}"
19683_0,0.34264433,0.8563218,0.2932933,2024-05-21,19683,"{""type"":""MultiPoint"",""coordinates"":[]}"
19684_0,0.0040825335,0.052884616,-0.014955583,2024-05-21,19684,"{""type"":""MultiPoint"",""coordinates"":[]}"
19685_0,6.8563595E-4,0.44450128,-0.01585642,2024-05-21,19685,"{""type"":""MultiPoint"",""coordinates"":[]}"
19686_0,0.09040105,0.37876803,0.065676175,2024-05-21,19686,"{""type"":""MultiPoint"",""coordinates"":[]}"
19687_0,0.1723844,0.69916075,0.15085265,2024-05-21,19687,"{""type"":""MultiPoint"",""coordinates"":[]}"
19688_0,-0.08867898,0.43980584,-0.13109711,2024-05-21,19688,"{""type"":""MultiPoint"",""coordinates"":[]}"
19689_0,0.23702031,0.67901236,0.20917174,2024-05-21,19689,"{""type"":""MultiPoint"",""coordinates"":[]}"
19690_0,0.05021103,0.59849375,0.019972969,2024-05-21,19690,"{""type"":""MultiPoint"",""coordinates"":[]}"
19691_0,0.26920134,0.7123183,0.21961853,2024-05-21,19691,"{""type"":""MultiPoint"",""coordinates"":[]}"
19692_0,0.17742947,0.6635973,0.1586148,2024-05-21,19692,"{""type"":""MultiPoint"",""coordinates"":[]}"
19693_0,0.257468,0.7071784,0.21068548,2024-05-21,19693,"{""type"":""MultiPoint"",""coordinates"":[]}"
20119_0,0.24097703,0.778697,0.2459254,2024-05-21,20119,"{""type"":""MultiPoint"",""coordinates"":[]}"
20123_0,0.12954788,0.69826436,0.14337079,2024-05-21,20123,"{""type"":""MultiPoint"",""coordinates"":[]}"
20125_0,0.16756946,0.7813505,0.16508938,2024-05-21,20125,"{""type"":""MultiPoint"",""coordinates"":[]}"
20126_0,0.13766234,0.64275396,0.124588005,2024-05-21,20126,"{""type"":""MultiPoint"",""coordinates"":[]}"
20127_0,0.10144045,0.18275708,0.0865216,2024-05-21,20127,"{""type"":""MultiPoint"",""coordinates"":[]}"
20128_0,0.15575193,0.6119547,0.11114803,2024-05-21,20128,"{""type"":""MultiPoint"",""coordinates"":[]}"
20129_0,0.15754561,0.8,0.092857145,2024-05-21,20129,"{""type"":""MultiPoint"",""coordinates"":[]}"
20130_0,0.15503234,0.61667514,0.11033519,2024-05-21,20130,"{""type"":""MultiPoint"",""coordinates"":[]}"
20132_0,0.0815756,0.48563114,0.06105482,2024-05-21,20132,"{""type"":""MultiPoint"",""coordinates"":[]}"
20133_0,0.03020979,0.40795803,-0.03693734,2024-05-21,20133,"{""type"":""MultiPoint"",""coordinates"":[]}"
20134_0,0.09531272,0.5736224,0.046403363,2024-05-21,20134,"{""type"":""MultiPoint"",""coordinates"":[]}"
20135_0,0.115846336,0.5265866,0.094374426,2024-05-21,20135,"{""type"":""MultiPoint"",""coordinates"":[]}"
20137_0,0.31869078,0.8659349,0.3346418,2024-05-21,20137,"{""type"":""MultiPoint"",""coordinates"":[]}"
20138_0,0.18235102,0.67834854,0.16397536,2024-05-21,20138,"{""type"":""MultiPoint"",""coordinates"":[]}"
20140_0,0.21334742,0.7459399,0.20202175,2024-05-21,20140,"{""type"":""MultiPoint"",""coordinates"":[]}"
20141_0,0.005902707,0.29162595,0.23758976,2024-05-21,20141,"{""type"":""MultiPoint"",""coordinates"":[]}"
20142_0,0.22791252,-0.0057471264,0.21650277,2024-05-21,20142,"{""type"":""MultiPoint"",""coordinates"":[]}"
20143_0,0.100182146,0.36953643,0.12590173,2024-05-21,20143,"{""type"":""MultiPoint"",""coordinates"":[]}"
20144_0,0.328265,0.74060607,0.2704217,2024-05-21,20144,"{""type"":""MultiPoint"",""coordinates"":[]}"
20145_0,0.15999362,0.7972832,0.13288325,2024-05-21,20145,"{""type"":""MultiPoint"",""coordinates"":[]}"
20146_0,0.2764557,0.012227539,0.2796774,2024-05-21,20146,"{""type"":""MultiPoint"",""coordinates"":[]}"
20149_0,0.11775453,0.62336665,0.08791209,2024-05-21,20149,"{""type"":""MultiPoint"",""coordinates"":[]}"
20151_0,0.16546533,0.5843521,0.1554547,2024-05-21,20151,"{""type"":""MultiPoint"",""coordinates"":[]}"
20152_0,0.01953602,0.59029996,0.21620302,2024-05-21,20152,"{""type"":""MultiPoint"",""coordinates"":[]}"
20155_0,0.10708672,0.018128369,0.11983833,2024-05-21,20155,"{""type"":""MultiPoint"",""coordinates"":[]}"
20156_0,0.25369406,0.6249229,0.18997063,2024-05-21,20156,"{""type"":""MultiPoint"",""coordinates"":[]}"
20158_0,-0.001341174,0.085741356,-0.02850482,2024-05-21,20158,"{""type"":""MultiPoint"",""coordinates"":[]}"
20159_0,0.38809305,0.8843239,0.33976176,2024-05-21,20159,"{""type"":""MultiPoint"",""coordinates"":[]}"
20160_0,0.3522396,0.8499348,0.34052888,2024-05-21,20160,"{""type"":""MultiPoint"",""coordinates"":[]}"
20161_0,0.07115092,0.44189993,0.106050745,2024-05-21,20161,"{""type"":""MultiPoint"",""coordinates"":[]}"
20162_0,0.26835716,0.7985462,0.26116505,2024-05-21,20162,"{""type"":""MultiPoint"",""coordinates"":[]}"
20163_0,0.3645026,0.7375746,0.35416397,2024-05-21,20163,"{""type"":""MultiPoint"",""coordinates"":[]}"
20166_0,0.1022409,0.32006633,0.107863605,2024-05-21,20166,"{""type"":""MultiPoint"",""coordinates"":[]}"
20167_0,0.17087968,0.592577,0.1363226,2024-05-21,20167,"{""type"":""MultiPoint"",""coordinates"":[]}"
20170_0,0.3354392,0.87037665,0.3367285,2024-05-21,20170,"{""type"":""MultiPoint"",""coordinates"":[]}"
20171_0,0.30784777,0.64740163,0.24545622,2024-05-21,20171,"{""type"":""MultiPoint"",""coordinates"":[]}"
20172_0,0.088717155,0.7816258,0.11365003,2024-05-21,20172,"{""type"":""MultiPoint"",""coordinates"":[]}"
20173_0,0.1850539,0.641953,0.13659835,2024-05-21,20173,"{""type"":""MultiPoint"",""coordinates"":[]}"
20174_0,0.18618366,0.7063492,0.17506404,2024-05-21,20174,"{""type"":""MultiPoint"",""coordinates"":[]}"
20175_0,0.19976635,0.76966536,0.19553728,2024-05-21,20175,"{""type"":""MultiPoint"",""coordinates"":[]}"
20176_0,0.1119754,0.017488075,0.1318419,2024-05-21,20176,"{""type"":""MultiPoint"",""coordinates"":[]}"
20177_0,-0.009835407,0.13006231,0.07134287,2024-05-21,20177,"{""type"":""MultiPoint"",""coordinates"":[]}"
20178_0,0.2715616,0.82734776,0.26380748,2024-05-21,20178,"{""type"":""MultiPoint"",""coordinates"":[]}"
20179_0,0.26598957,0.8349375,0.25244617,2024-05-21,20179,"{""type"":""MultiPoint"",""coordinates"":[]}"
20181_0,0.050358023,0.034790367,0.06850892,2024-05-21,20181,"{""type"":""MultiPoint"",""coordinates"":[]}"
20182_0,0.1829645,0.02688172,0.21927865,2024-05-21,20182,"{""type"":""MultiPoint"",""coordinates"":[]}"
20183_0,0.08004533,0.17797817,0.052921835,2024-05-21,20183,"{""type"":""MultiPoint"",""coordinates"":[]}"
20184_0,0.073068306,0.50642675,0.030027831,2024-05-21,20184,"{""type"":""MultiPoint"",""coordinates"":[]}"
20185_0,0.08674804,0.36723164,0.07198228,2024-05-21,20185,"{""type"":""MultiPoint"",""coordinates"":[]}"
20186_0,0.0063829785,0.10556884,-0.0050730207,2024-05-21,20186,"{""type"":""MultiPoint"",""coordinates"":[]}"
20187_0,0.12270128,0.03641161,0.16101381,2024-05-21,20187,"{""type"":""MultiPoint"",""coordinates"":[]}"
20188_0,0.18444069,0.0351377,0.24260777,2024-05-21,20188,"{""type"":""MultiPoint"",""coordinates"":[]}"
20189_0,0.1987521,0.6311337,0.21994431,2024-05-21,20189,"{""type"":""MultiPoint"",""coordinates"":[]}"
20190_0,0.03319438,0.49139935,0.012147026,2024-05-21,20190,"{""type"":""MultiPoint"",""coordinates"":[]}"
20191_0,0.1527291,0.6601212,0.14860785,2024-05-21,20191,"{""type"":""MultiPoint"",""coordinates"":[]}"
20192_0,0.1177067,0.12605043,0.12584475,2024-05-21,20192,"{""type"":""MultiPoint"",""coordinates"":[]}"
20193_0,0.082474224,0.088222876,0.016962525,2024-05-21,20193,"{""type"":""MultiPoint"",""coordinates"":[]}"
20194_0,0.1958606,0.6278447,0.15993641,2024-05-21,20194,"{""type"":""MultiPoint"",""coordinates"":[]}"
20195_0,0.117348574,-0.01679842,0.07342728,2024-05-21,20195,"{""type"":""MultiPoint"",""coordinates"":[]}"
20196_0,0.054294176,0.12539046,0.025828758,2024-05-21,20196,"{""type"":""MultiPoint"",""coordinates"":[]}"
20197_0,0.089091316,0.19161677,0.07616043,2024-05-21,20197,"{""type"":""MultiPoint"",""coordinates"":[]}"
20198_0,0.37558886,0.88879937,0.3637818,2024-05-21,20198,"{""type"":""MultiPoint"",""coordinates"":[]}"
20199_0,0.16258101,0.6496228,0.13954835,2024-05-21,20199,"{""type"":""MultiPoint"",""coordinates"":[]}"
20200_0,0.1040483,0.57484406,0.091302,2024-05-21,20200,"{""type"":""MultiPoint"",""coordinates"":[]}"
20201_0,0.19201995,0.7367123,0.1980198,2024-05-21,20201,"{""type"":""MultiPoint"",""coordinates"":[]}"
20202_0,0.29766595,0.8774315,0.31903014,2024-05-21,20202,"{""type"":""MultiPoint"",""coordinates"":[]}"
20203_0,0.17512275,0.7050193,0.14820592,2024-05-21,20203,"{""type"":""MultiPoint"",""coordinates"":[]}"
20204_0,0.12509835,0.5456198,0.12071692,2024-05-21,20204,"{""type"":""MultiPoint"",""coordinates"":[]}"
20205_0,0.0864726,0.5629984,-0.042501222,2024-05-21,20205,"{""type"":""MultiPoint"",""coordinates"":[]}"
20206_0,0.088472664,0.6279292,0.06424887,2024-05-21,20206,"{""type"":""MultiPoint"",""coordinates"":[]}"
20207_0,0.1409344,0.5248538,0.11386998,2024-05-21,20207,"{""type"":""MultiPoint"",""coordinates"":[]}"
20208_0,0.07151008,0.66107786,0.06385427,2024-05-21,20208,"{""type"":""MultiPoint"",""coordinates"":[]}"
20209_0,0.050183598,0.5460674,-0.0075014425,2024-05-21,20209,"{""type"":""MultiPoint"",""coordinates"":[]}"
20210_0,0.31633836,0.866285,0.31831312,2024-05-21,20210,"{""type"":""MultiPoint"",""coordinates"":[]}"
20211_0,0.19288956,0.6764869,0.17126213,2024-05-21,20211,"{""type"":""MultiPoint"",""coordinates"":[]}"
20214_0,0.38438794,0.89058,0.37646002,2024-05-21,20214,"{""type"":""MultiPoint"",""coordinates"":[]}"
20215_0,0.19915195,0.6235489,0.16046822,2024-05-21,20215,"{""type"":""MultiPoint"",""coordinates"":[]}"
20217_0,0.1509091,0.7082228,0.10758647,2024-05-21,20217,"{""type"":""MultiPoint"",""coordinates"":[]}"
20218_0,0.18867598,0.5707845,0.19437778,2024-05-21,20218,"{""type"":""MultiPoint"",""coordinates"":[]}"
20219_0,0.3458238,0.8789205,0.3851324,2024-05-21,20219,"{""type"":""MultiPoint"",""coordinates"":[]}"
20220_0,0.27219456,0.7673836,0.26027396,2024-05-21,20220,"{""type"":""MultiPoint"",""coordinates"":[]}"
20221_0,0.14961766,0.8318584,0.16833639,2024-05-21,20221,"{""type"":""MultiPoint"",""coordinates"":[]}"
20222_0,0.10235722,0.5855169,0.079643145,2024-05-21,20222,"{""type"":""MultiPoint"",""coordinates"":[]}"
20223_0,0.41531122,0.8289726,0.36022782,2024-05-21,20223,"{""type"":""MultiPoint"",""coordinates"":[]}"
20225_0,0.037468776,0.1739759,0.02611626,2024-05-21,20225,"{""type"":""MultiPoint"",""coordinates"":[]}"
20226_0,0.09607157,0.57849723,0.052974734,2024-05-21,20226,"{""type"":""MultiPoint"",""coordinates"":[]}"
20228_0,0.007055805,0.37171465,0.17219251,2024-05-21,20228,"{""type"":""MultiPoint"",""coordinates"":[]}"
20231_0,0.24404648,0.7091601,0.22620904,2024-05-21,20231,"{""type"":""MultiPoint"",""coordinates"":[]}"
20232_0,0.23207687,0.72587305,0.19175418,2024-05-21,20232,"{""type"":""MultiPoint"",""coordinates"":[]}"
20234_0,0.051266402,0.35064936,0.03402206,2024-05-21,20234,"{""type"":""MultiPoint"",""coordinates"":[]}"
20235_0,0.17196262,0.65523547,0.15323351,2024-05-21,20235,"{""type"":""MultiPoint"",""coordinates"":[]}"
20236_0,0.31938252,0.8701299,0.31586206,2024-05-21,20236,"{""type"":""MultiPoint"",""coordinates"":[]}"
20237_0,0.14356875,0.6507592,0.116859294,2024-05-21,20237,"{""type"":""MultiPoint"",""coordinates"":[]}"
20238_0,0.22163714,0.7019822,0.20991254,2024-05-21,20238,"{""type"":""MultiPoint"",""coordinates"":[]}"
20239_0,0.24975514,0.8132456,0.24361686,2024-05-21,20239,"{""type"":""MultiPoint"",""coordinates"":[]}"
20240_0,0.27731788,0.8430256,0.26751503,2024-05-21,20240,"{""type"":""MultiPoint"",""coordinates"":[]}"
20242_0,0.3201517,0.77431905,0.28995755,2024-05-21,20242,"{""type"":""MultiPoint"",""coordinates"":[]}"
20244_0,0.2671395,0.7559055,0.26644582,2024-05-21,20244,"{""type"":""MultiPoint"",""coordinates"":[]}"
20246_0,0.24094026,0.70831656,0.15669206,2024-05-21,20246,"{""type"":""MultiPoint"",""coordinates"":[]}"
20247_0,0.2992792,0.729927,0.25812873,2024-05-21,20247,"{""type"":""MultiPoint"",""coordinates"":[]}"
20248_0,0.24170354,0.7459832,0.24938406,2024-05-21,20248,"{""type"":""MultiPoint"",""coordinates"":[]}"
20249_0,0.06620808,0.598913,0.040127277,2024-05-21,20249,"{""type"":""MultiPoint"",""coordinates"":[]}"
20250_0,0.24310693,0.75219977,0.24144903,2024-05-21,20250,"{""type"":""MultiPoint"",""coordinates"":[]}"
20251_0,0.111576304,0.32783505,0.09663687,2024-05-21,20251,"{""type"":""MultiPoint"",""coordinates"":[]}"
20252_0,0.08602308,0.5561358,0.06666667,2024-05-21,20252,"{""type"":""MultiPoint"",""coordinates"":[]}"
20253_0,0.039403975,0.5646123,0.040833194,2024-05-21,20253,"{""type"":""MultiPoint"",""coordinates"":[]}"
20254_0,0.20868707,0.6959728,0.19743693,2024-05-21,20254,"{""type"":""MultiPoint"",""coordinates"":[]}"
20255_0,0.187997,0.771135,0.16712835,2024-05-21,20255,"{""type"":""MultiPoint"",""coordinates"":[]}"
20256_0,0.29431438,0.76700336,0.27968788,2024-05-21,20256,"{""type"":""MultiPoint"",""coordinates"":[]}"
20257_0,0.3031536,0.84585553,0.29899368,2024-05-21,20257,"{""type"":""MultiPoint"",""coordinates"":[]}"
20258_0,0.074901894,0.52277064,0.014719244,2024-05-21,20258,"{""type"":""MultiPoint"",""coordinates"":[]}"
20259_0,0.082118735,0.56732225,0.092442885,2024-05-21,20259,"{""type"":""MultiPoint"",""coordinates"":[]}"
20260_0,0.2746823,0.69316286,0.24301162,2024-05-21,20260,"{""type"":""MultiPoint"",""coordinates"":[]}"
20261_0,0.12706977,0.6448492,0.103896104,2024-05-21,20261,"{""type"":""MultiPoint"",""coordinates"":[]}"
20262_0,0.20024876,0.5194508,0.21537523,2024-05-21,20262,"{""type"":""MultiPoint"",""coordinates"":[]}"
20263_0,0.22313318,0.7030739,0.19531788,2024-05-21,20263,"{""type"":""MultiPoint"",""coordinates"":[]}"
20264_0,0.18980528,0.5758636,0.16956028,2024-05-21,20264,"{""type"":""MultiPoint"",""coordinates"":[]}"
20265_0,0.11924686,0.54818326,0.07574094,2024-05-21,20265,"{""type"":""MultiPoint"",""coordinates"":[]}"
20266_0,0.05125872,0.33333334,0.033374537,2024-05-21,20266,"{""type"":""MultiPoint"",""coordinates"":[]}"
20267_0,0.05932963,0.60475653,0.038475633,2024-05-21,20267,"{""type"":""MultiPoint"",""coordinates"":[]}"
20268_0,0.17158599,0.62485206,0.1321377,2024-05-21,20268,"{""type"":""MultiPoint"",""coordinates"":[]}"
20269_0,0.07202134,0.009651945,0.048761964,2024-05-21,20269,"{""type"":""MultiPoint"",""coordinates"":[]}"
20270_0,0.045504186,0.011635866,0.059878092,2024-05-21,20270,"{""type"":""MultiPoint"",""coordinates"":[]}"
20271_0,0.093839094,0.5595777,0.061737902,2024-05-21,20271,"{""type"":""MultiPoint"",""coordinates"":[]}"
20272_0,0.085508294,0.3115397,0.117082,2024-05-21,20272,"{""type"":""MultiPoint"",""coordinates"":[]}"
20273_0,0.25617412,0.7193501,0.24173245,2024-05-21,20273,"{""type"":""MultiPoint"",""coordinates"":[]}"
20839_0,0.3058228,0.80364156,0.29638183,2024-05-21,20839,"{""type"":""MultiPoint"",""coordinates"":[]}"
20840_0,0.2174259,0.74820143,0.19434774,2024-05-21,20840,"{""type"":""MultiPoint"",""coordinates"":[]}"
20842_0,-0.0038878089,0.49889135,-0.033595424,2024-05-21,20842,"{""type"":""MultiPoint"",""coordinates"":[]}"
20843_0,0.20731515,0.7645576,0.16395079,2024-05-21,20843,"{""type"":""MultiPoint"",""coordinates"":[]}"
20844_0,0.07978381,0.052681994,0.10292918,2024-05-21,20844,"{""type"":""MultiPoint"",""coordinates"":[]}"
20845_0,0.071207896,0.06929545,0.08959303,2024-05-21,20845,"{""type"":""MultiPoint"",""coordinates"":[]}"
20846_0,0.14177215,0.6727273,0.0996016,2024-05-21,20846,"{""type"":""MultiPoint"",""coordinates"":[]}"
20850_0,0.13669065,0.6260902,0.13020559,2024-05-21,20850,"{""type"":""MultiPoint"",""coordinates"":[]}"
20851_0,0.013821138,0.55208665,0.0020567668,2024-05-21,20851,"{""type"":""MultiPoint"",""coordinates"":[]}"
20852_0,0.16580945,0.5943641,0.1160135,2024-05-21,20852,"{""type"":""MultiPoint"",""coordinates"":[]}"
20854_0,0.13861206,0.57929516,0.09361296,2024-05-21,20854,"{""type"":""MultiPoint"",""coordinates"":[]}"
20855_0,0.32554257,0.8660613,0.34094617,2024-05-21,20855,"{""type"":""MultiPoint"",""coordinates"":[]}"
20857_0,0.2489723,0.73013735,0.20910972,2024-05-21,20857,"{""type"":""MultiPoint"",""coordinates"":[]}"
20858_0,-0.068497024,0.4030384,-0.09182936,2024-05-21,20858,"{""type"":""MultiPoint"",""coordinates"":[]}"
20859_0,0.31794196,0.82209736,0.30604026,2024-05-21,20859,"{""type"":""MultiPoint"",""coordinates"":[]}"
20860_0,0.33373457,0.8667249,0.3172988,2024-05-21,20860,"{""type"":""MultiPoint"",""coordinates"":[]}"
20862_0,0.117507264,0.05099338,0.117507264,2024-05-21,20862,"{""type"":""MultiPoint"",""coordinates"":[]}"
20863_0,0.119051434,0.62637365,0.10645214,2024-05-21,20863,"{""type"":""MultiPoint"",""coordinates"":[]}"
20864_0,0.22509652,0.673261,0.13285807,2024-05-21,20864,"{""type"":""MultiPoint"",""coordinates"":[]}"
20865_0,0.27182376,0.74861366,0.26512873,2024-05-21,20865,"{""type"":""MultiPoint"",""coordinates"":[]}"
20867_0,0.18184797,0.69836694,0.17221946,2024-05-21,20867,"{""type"":""MultiPoint"",""coordinates"":[]}"
20869_0,0.030571556,0.44669366,-0.010156971,2024-05-21,20869,"{""type"":""MultiPoint"",""coordinates"":[]}"
20870_0,0.18193892,0.6092416,0.26840854,2024-05-21,20870,"{""type"":""MultiPoint"",""coordinates"":[]}"
20872_0,0.069761544,0.49372694,0.049384315,2024-05-21,20872,"{""type"":""MultiPoint"",""coordinates"":[]}"
20873_0,0.2807571,0.7352941,0.2924425,2024-05-21,20873,"{""type"":""MultiPoint"",""coordinates"":[]}"
20875_0,0.3327256,0.8979933,0.347981,2024-05-21,20875,"{""type"":""MultiPoint"",""coordinates"":[]}"
20876_0,0.119722076,0.43818402,0.037123647,2024-05-21,20876,"{""type"":""MultiPoint"",""coordinates"":[]}"
20877_0,0.28950644,0.8788774,0.29981607,2024-05-21,20877,"{""type"":""MultiPoint"",""coordinates"":[]}"
20879_0,0.28717366,0.7279213,0.30170497,2024-05-21,20879,"{""type"":""MultiPoint"",""coordinates"":[]}"
20880_0,0.28625748,0.8291536,0.27960527,2024-05-21,20880,"{""type"":""MultiPoint"",""coordinates"":[]}"
20881_0,0.04732967,0.12769486,4.904365E-4,2024-05-21,20881,"{""type"":""MultiPoint"",""coordinates"":[]}"
20882_0,0.24325117,0.74381244,0.21789235,2024-05-21,20882,"{""type"":""MultiPoint"",""coordinates"":[]}"
20883_0,0.18314321,0.6108108,0.16217095,2024-05-21,20883,"{""type"":""MultiPoint"",""coordinates"":[]}"
20884_0,0.20971951,0.6515748,0.16144662,2024-05-21,20884,"{""type"":""MultiPoint"",""coordinates"":[]}"
20885_0,0.2423077,0.6980545,0.16125599,2024-05-21,20885,"{""type"":""MultiPoint"",""coordinates"":[]}"
20886_0,0.110740125,0.75462866,0.14864145,2024-05-21,20886,"{""type"":""MultiPoint"",""coordinates"":[]}"
20888_0,0.052644465,0.16620034,0.037202936,2024-05-21,20888,"{""type"":""MultiPoint"",""coordinates"":[]}"
20889_0,0.1487051,0.49072164,0.17322515,2024-05-21,20889,"{""type"":""MultiPoint"",""coordinates"":[]}"
20890_0,0.07840923,0.3705072,0.052495807,2024-05-21,20890,"{""type"":""MultiPoint"",""coordinates"":[]}"
20891_0,0.41959468,0.8580256,0.4361603,2024-05-21,20891,"{""type"":""MultiPoint"",""coordinates"":[]}"
20893_0,0.09740349,0.5753795,0.07111551,2024-05-21,20893,"{""type"":""MultiPoint"",""coordinates"":[]}"
20894_0,0.2100416,0.6389351,0.19412032,2024-05-21,20894,"{""type"":""MultiPoint"",""coordinates"":[]}"
20895_0,0.22920354,0.5918241,0.19202226,2024-05-21,20895,"{""type"":""MultiPoint"",""coordinates"":[]}"
20896_0,0.08096118,0.46148694,0.07846287,2024-05-21,20896,"{""type"":""MultiPoint"",""coordinates"":[]}"
20897_0,0.101081334,0.4967022,0.014094191,2024-05-21,20897,"{""type"":""MultiPoint"",""coordinates"":[]}"
20898_0,0.17521855,0.6851312,0.14229248,2024-05-21,20898,"{""type"":""MultiPoint"",""coordinates"":[]}"
20899_0,0.018819284,0.09031318,0.02385227,2024-05-21,20899,"{""type"":""MultiPoint"",""coordinates"":[]}"
20900_0,0.1362936,0.5085122,0.13870652,2024-05-21,20900,"{""type"":""MultiPoint"",""coordinates"":[]}"
20901_0,0.21116103,0.78178966,0.15286948,2024-05-21,20901,"{""type"":""MultiPoint"",""coordinates"":[]}"
20905_0,0.051371053,0.030966768,-5.491488E-4,2024-05-21,20905,"{""type"":""MultiPoint"",""coordinates"":[]}"
20906_0,0.056946114,0.024875622,0.06804925,2024-05-21,20906,"{""type"":""MultiPoint"",""coordinates"":[]}"
20907_0,0.075,0.515774,0.118570656,2024-05-21,20907,"{""type"":""MultiPoint"",""coordinates"":[]}"
20908_0,0.2692409,0.85160077,0.27721485,2024-05-21,20908,"{""type"":""MultiPoint"",""coordinates"":[]}"
20910_0,0.0563969,-0.006881948,0.043018974,2024-05-21,20910,"{""type"":""MultiPoint"",""coordinates"":[]}"
20911_0,0.15083997,0.7402062,0.16877271,2024-05-21,20911,"{""type"":""MultiPoint"",""coordinates"":[]}"
20912_0,0.33608958,0.8065833,0.295043,2024-05-21,20912,"{""type"":""MultiPoint"",""coordinates"":[]}"
20913_0,0.15519468,0.63833076,0.16291827,2024-05-21,20913,"{""type"":""MultiPoint"",""coordinates"":[]}"
20915_0,0.32729468,0.8948681,0.34354743,2024-05-21,20915,"{""type"":""MultiPoint"",""coordinates"":[]}"
20916_0,0.2,0.40916032,0.22821024,2024-05-21,20916,"{""type"":""MultiPoint"",""coordinates"":[]}"
20917_0,0.21359223,0.7027864,0.20284308,2024-05-21,20917,"{""type"":""MultiPoint"",""coordinates"":[]}"
20918_0,0.32534713,0.8671906,0.31452283,2024-05-21,20918,"{""type"":""MultiPoint"",""coordinates"":[]}"
20919_0,0.19291258,-0.01338091,0.20184733,2024-05-21,20919,"{""type"":""MultiPoint"",""coordinates"":[]}"
20920_0,0.09725504,0.06452844,0.057863783,2024-05-21,20920,"{""type"":""MultiPoint"",""coordinates"":[]}"
20921_0,0.050822247,0.11275665,0.070335895,2024-05-21,20921,"{""type"":""MultiPoint"",""coordinates"":[]}"
20922_0,0.3361921,0.1680798,0.3371396,2024-05-21,20922,"{""type"":""MultiPoint"",""coordinates"":[]}"
20923_0,0.19381939,0.8022779,0.19102815,2024-05-21,20923,"{""type"":""MultiPoint"",""coordinates"":[]}"
20924_0,0.12108133,0.20114942,0.12909397,2024-05-21,20924,"{""type"":""MultiPoint"",""coordinates"":[]}"
20925_0,0.09482683,0.0878875,0.13504502,2024-05-21,20925,"{""type"":""MultiPoint"",""coordinates"":[]}"
20926_0,0.041861527,0.16322517,0.05956113,2024-05-21,20926,"{""type"":""MultiPoint"",""coordinates"":[]}"
20927_0,0.078574166,0.5218703,0.05626799,2024-05-21,20927,"{""type"":""MultiPoint"",""coordinates"":[]}"
20928_0,0.28359038,0.79569036,0.27154565,2024-05-21,20928,"{""type"":""MultiPoint"",""coordinates"":[]}"
20929_0,0.3062606,0.84628975,0.2991453,2024-05-21,20929,"{""type"":""MultiPoint"",""coordinates"":[]}"
20930_0,0.11172262,0.02698192,0.1331236,2024-05-21,20930,"{""type"":""MultiPoint"",""coordinates"":[]}"
20931_0,0.23968254,0.84893113,0.2381104,2024-05-21,20931,"{""type"":""MultiPoint"",""coordinates"":[]}"
20932_0,0.33352453,0.86765313,0.3232382,2024-05-21,20932,"{""type"":""MultiPoint"",""coordinates"":[]}"
20933_0,0.22063038,0.7123802,0.17978173,2024-05-21,20933,"{""type"":""MultiPoint"",""coordinates"":[]}"
20934_0,0.1294144,0.27572662,0.11144063,2024-05-21,20934,"{""type"":""MultiPoint"",""coordinates"":[]}"
20935_0,0.23292917,0.80301505,0.19759679,2024-05-21,20935,"{""type"":""MultiPoint"",""coordinates"":[]}"
20936_0,0.29881206,0.76305735,0.28664395,2024-05-21,20936,"{""type"":""MultiPoint"",""coordinates"":[]}"
20937_0,0.24166948,0.74993783,0.21946995,2024-05-21,20937,"{""type"":""MultiPoint"",""coordinates"":[]}"
20938_0,0.13443996,0.7388939,0.13997029,2024-05-21,20938,"{""type"":""MultiPoint"",""coordinates"":[]}"
20939_0,0.23329976,0.7148739,0.18660969,2024-05-21,20939,"{""type"":""MultiPoint"",""coordinates"":[]}"
20940_0,0.17376935,0.76096493,0.14981206,2024-05-21,20940,"{""type"":""MultiPoint"",""coordinates"":[]}"
20941_0,0.13666987,0.60733235,0.10642537,2024-05-21,20941,"{""type"":""MultiPoint"",""coordinates"":[]}"
20942_0,0.22063549,0.7467931,0.17855127,2024-05-21,20942,"{""type"":""MultiPoint"",""coordinates"":[]}"
20943_0,0.13739377,0.6789851,0.110948905,2024-05-21,20943,"{""type"":""MultiPoint"",""coordinates"":[]}"
20944_0,0.38935757,0.89406973,0.37949225,2024-05-21,20944,"{""type"":""MultiPoint"",""coordinates"":[]}"
20945_0,0.107760206,0.35490394,0.049745396,2024-05-21,20945,"{""type"":""MultiPoint"",""coordinates"":[]}"
20946_0,0.34964946,0.78691334,0.3431183,2024-05-21,20946,"{""type"":""MultiPoint"",""coordinates"":[]}"
20947_0,0.27504727,0.8099808,0.24221966,2024-05-21,20947,"{""type"":""MultiPoint"",""coordinates"":[]}"
20948_0,0.19699185,0.66992664,0.17404383,2024-05-21,20948,"{""type"":""MultiPoint"",""coordinates"":[]}"
20949_0,0.118821606,0.7115336,0.11272248,2024-05-21,20949,"{""type"":""MultiPoint"",""coordinates"":[]}"
20950_0,0.28894517,0.7847485,0.25356126,2024-05-21,20950,"{""type"":""MultiPoint"",""coordinates"":[]}"
20951_0,0.073195525,0.59491575,0.026863547,2024-05-21,20951,"{""type"":""MultiPoint"",""coordinates"":[]}"
20952_0,0.36859903,0.90348715,0.3479671,2024-05-21,20952,"{""type"":""MultiPoint"",""coordinates"":[]}"
20954_0,0.19830938,0.7304308,0.223514,2024-05-21,20954,"{""type"":""MultiPoint"",""coordinates"":[]}"
20955_0,0.049192697,0.11429524,0.029794442,2024-05-21,20955,"{""type"":""MultiPoint"",""coordinates"":[]}"
20956_0,0.18829393,0.73142594,0.19566603,2024-05-21,20956,"{""type"":""MultiPoint"",""coordinates"":[]}"
20957_0,0.13993523,0.5500459,0.14460078,2024-05-21,20957,"{""type"":""MultiPoint"",""coordinates"":[]}"
20959_0,0.18832523,0.5870736,0.20435968,2024-05-21,20959,"{""type"":""MultiPoint"",""coordinates"":[]}"
20960_0,0.17590892,0.7837492,0.10810811,2024-05-21,20960,"{""type"":""MultiPoint"",""coordinates"":[]}"
20962_0,0.021884173,0.5454172,0.012794613,2024-05-21,20962,"{""type"":""MultiPoint"",""coordinates"":[]}"
20963_0,0.22856775,0.7772744,0.22285715,2024-05-21,20963,"{""type"":""MultiPoint"",""coordinates"":[]}"
20965_0,0.30337423,0.8580539,0.33077943,2024-05-21,20965,"{""type"":""MultiPoint"",""coordinates"":[]}"
20966_0,0.11978222,0.60351646,0.11253431,2024-05-21,20966,"{""type"":""MultiPoint"",""coordinates"":[]}"
20967_0,0.06713895,0.6737366,0.049072705,2024-05-21,20967,"{""type"":""MultiPoint"",""coordinates"":[]}"
20968_0,0.22070216,0.7145594,0.20457605,2024-05-21,20968,"{""type"":""MultiPoint"",""coordinates"":[]}"
20969_0,0.22460844,0.790224,0.18844008,2024-05-21,20969,"{""type"":""MultiPoint"",""coordinates"":[]}"
20970_0,0.25516185,0.7345936,0.22183755,2024-05-21,20970,"{""type"":""MultiPoint"",""coordinates"":[]}"
20972_0,0.01420715,0.059428204,0.010958694,2024-05-21,20972,"{""type"":""MultiPoint"",""coordinates"":[]}"
20973_0,0.2853127,0.7960458,0.2584761,2024-05-21,20973,"{""type"":""MultiPoint"",""coordinates"":[]}"
20974_0,0.17093311,0.5823452,0.22927329,2024-05-21,20974,"{""type"":""MultiPoint"",""coordinates"":[]}"
20975_0,0.3603342,0.8308725,0.39825732,2024-05-21,20975,"{""type"":""MultiPoint"",""coordinates"":[]}"
20978_0,0.15369523,0.7299452,0.14587459,2024-05-21,20978,"{""type"":""MultiPoint"",""coordinates"":[]}"
20979_0,0.15398702,0.6822034,0.11107224,2024-05-21,20979,"{""type"":""MultiPoint"",""coordinates"":[]}"
20980_0,0.29100347,0.7863702,0.28668407,2024-05-21,20980,"{""type"":""MultiPoint"",""coordinates"":[]}"
20982_0,0.1515518,0.70066226,0.09907982,2024-05-21,20982,"{""type"":""MultiPoint"",""coordinates"":[]}"
20984_0,0.11896765,0.5418693,0.06771418,2024-05-21,20984,"{""type"":""MultiPoint"",""coordinates"":[]}"
20985_0,0.2997576,0.74444026,0.28057554,2024-05-21,20985,"{""type"":""MultiPoint"",""coordinates"":[]}"
20986_0,0.2596437,0.6651584,0.27089378,2024-05-21,20986,"{""type"":""MultiPoint"",""coordinates"":[]}"
20987_0,0.15587847,0.66255146,0.116793364,2024-05-21,20987,"{""type"":""MultiPoint"",""coordinates"":[]}"
20988_0,0.2623487,0.79107106,0.2871819,2024-05-21,20988,"{""type"":""MultiPoint"",""coordinates"":[]}"
20989_0,0.2740334,0.746042,0.22262444,2024-05-21,20989,"{""type"":""MultiPoint"",""coordinates"":[]}"
20990_0,0.2899466,0.7873584,0.2517912,2024-05-21,20990,"{""type"":""MultiPoint"",""coordinates"":[]}"
20991_0,0.11812443,0.6393632,0.07333712,2024-05-21,20991,"{""type"":""MultiPoint"",""coordinates"":[]}"
20992_0,0.2546504,0.76402545,0.27268934,2024-05-21,20992,"{""type"":""MultiPoint"",""coordinates"":[]}"
20994_0,0.06709992,0.5768116,0.06405868,2024-05-21,20994,"{""type"":""MultiPoint"",""coordinates"":[]}"
20995_0,0.09312639,0.6708517,0.09252274,2024-05-21,20995,"{""type"":""MultiPoint"",""coordinates"":[]}"
20996_0,0.32424054,0.75813955,0.29813266,2024-05-21,20996,"{""type"":""MultiPoint"",""coordinates"":[]}"
20997_0,0.06410257,0.47129908,0.025983145,2024-05-21,20997,"{""type"":""MultiPoint"",""coordinates"":[]}"
20999_0,0.06833494,0.47431123,0.011235955,2024-05-21,20999,"{""type"":""MultiPoint"",""coordinates"":[]}"
21000_0,0.0882203,0.57406485,0.08119219,2024-05-21,21000,"{""type"":""MultiPoint"",""coordinates"":[]}"
21001_0,0.26686218,0.73773414,0.32157394,2024-05-21,21001,"{""type"":""MultiPoint"",""coordinates"":[]}"
21002_0,0.27342388,0.82286996,0.21843387,2024-05-21,21002,"{""type"":""MultiPoint"",""coordinates"":[]}"
21003_0,0.085089274,0.3529634,0.11512134,2024-05-21,21003,"{""type"":""MultiPoint"",""coordinates"":[]}"
21004_0,0.06459526,0.5516908,0.057971016,2024-05-21,21004,"{""type"":""MultiPoint"",""coordinates"":[]}"
21005_0,0.20202808,0.6455549,0.1611316,2024-05-21,21005,"{""type"":""MultiPoint"",""coordinates"":[]}"
21006_0,0.29452938,0.83950615,0.302495,2024-05-21,21006,"{""type"":""MultiPoint"",""coordinates"":[]}"
21007_0,0.15486033,0.67257845,0.12917338,2024-05-21,21007,"{""type"":""MultiPoint"",""coordinates"":[]}"
21008_0,0.2111588,0.74025136,0.18995152,2024-05-21,21008,"{""type"":""MultiPoint"",""coordinates"":[]}"
21009_0,0.06173143,0.090811394,0.031111112,2024-05-21,21009,"{""type"":""MultiPoint"",""coordinates"":[]}"
21010_0,0.18972896,0.6238004,0.19660537,2024-05-21,21010,"{""type"":""MultiPoint"",""coordinates"":[]}"
21011_0,0.32522798,0.6963064,0.30115426,2024-05-21,21011,"{""type"":""MultiPoint"",""coordinates"":[]}"
21012_0,0.00364786,0.25860372,-0.032379992,2024-05-21,21012,"{""type"":""MultiPoint"",""coordinates"":[]}"
21013_0,0.0284143,0.28139755,0.011931394,2024-05-21,21013,"{""type"":""MultiPoint"",""coordinates"":[]}"
21014_0,0.1496388,0.4197183,0.10043668,2024-05-21,21014,"{""type"":""MultiPoint"",""coordinates"":[]}"
21015_0,0.16230191,0.65112084,0.121259846,2024-05-21,21015,"{""type"":""MultiPoint"",""coordinates"":[]}"
21016_0,0.04288564,0.5616069,0.002943723,2024-05-21,21016,"{""type"":""MultiPoint"",""coordinates"":[]}"
21017_0,0.062483095,0.55918026,0.03641924,2024-05-21,21017,"{""type"":""MultiPoint"",""coordinates"":[]}"
21018_0,0.29306597,0.73812115,0.24177247,2024-05-21,21018,"{""type"":""MultiPoint"",""coordinates"":[]}"
21588_0,0.16403683,0.70392156,0.15500914,2024-05-21,21588,"{""type"":""MultiPoint"",""coordinates"":[]}"
21589_0,0.1033588,0.5813134,0.07136459,2024-05-21,21589,"{""type"":""MultiPoint"",""coordinates"":[]}"
21590_0,0.025230769,0.652439,0.013084112,2024-05-21,21590,"{""type"":""MultiPoint"",""coordinates"":[]}"
21594_0,0.10803639,0.57110864,0.087807715,2024-05-21,21594,"{""type"":""MultiPoint"",""coordinates"":[]}"
21595_0,0.056926366,0.49561006,0.008780886,2024-05-21,21595,"{""type"":""MultiPoint"",""coordinates"":[]}"
21596_0,0.16519547,0.8424015,0.19464721,2024-05-21,21596,"{""type"":""MultiPoint"",""coordinates"":[]}"
21598_0,0.07750992,0.53262377,0.045619573,2024-05-21,21598,"{""type"":""MultiPoint"",""coordinates"":[]}"
21599_0,0.27484682,0.7995153,0.2546851,2024-05-21,21599,"{""type"":""MultiPoint"",""coordinates"":[]}"
21601_0,0.3216909,0.831656,0.31667215,2024-05-21,21601,"{""type"":""MultiPoint"",""coordinates"":[]}"
21602_0,0.25498974,0.7539995,0.25219995,2024-05-21,21602,"{""type"":""MultiPoint"",""coordinates"":[]}"
21603_0,0.10587831,0.74158525,0.10449303,2024-05-21,21603,"{""type"":""MultiPoint"",""coordinates"":[]}"
21604_0,0.17402068,0.6661884,0.10253165,2024-05-21,21604,"{""type"":""MultiPoint"",""coordinates"":[]}"
21605_0,0.18887602,0.60108674,0.18142332,2024-05-21,21605,"{""type"":""MultiPoint"",""coordinates"":[]}"
21606_0,0.100911565,0.11449413,0.11114624,2024-05-21,21606,"{""type"":""MultiPoint"",""coordinates"":[]}"
21607_0,0.11490183,0.62619644,0.079959854,2024-05-21,21607,"{""type"":""MultiPoint"",""coordinates"":[]}"
21608_0,0.27810168,0.7319907,0.2537146,2024-05-21,21608,"{""type"":""MultiPoint"",""coordinates"":[]}"
21610_0,0.101192296,0.6313341,0.0625,2024-05-21,21610,"{""type"":""MultiPoint"",""coordinates"":[]}"
21611_0,0.22652905,0.033828642,0.29994038,2024-05-21,21611,"{""type"":""MultiPoint"",""coordinates"":[]}"
21612_0,0.040807497,0.5119617,0.022052338,2024-05-21,21612,"{""type"":""MultiPoint"",""coordinates"":[]}"
21614_0,0.23120113,0.63304985,0.1674267,2024-05-21,21614,"{""type"":""MultiPoint"",""coordinates"":[]}"
21616_0,0.29237536,0.79959756,0.2990559,2024-05-21,21616,"{""type"":""MultiPoint"",""coordinates"":[]}"
21617_0,0.10834553,0.4267617,0.19337748,2024-05-21,21617,"{""type"":""MultiPoint"",""coordinates"":[]}"
21619_0,0.13263622,0.5959253,0.08796296,2024-05-21,21619,"{""type"":""MultiPoint"",""coordinates"":[]}"
21620_0,0.051614422,0.055309735,-0.026530612,2024-05-21,21620,"{""type"":""MultiPoint"",""coordinates"":[]}"
21621_0,0.2002711,0.6691536,0.15774447,2024-05-21,21621,"{""type"":""MultiPoint"",""coordinates"":[]}"
21622_0,0.30068678,0.7999598,0.31259173,2024-05-21,21622,"{""type"":""MultiPoint"",""coordinates"":[]}"
21623_0,0.07444908,0.53994733,0.06045949,2024-05-21,21623,"{""type"":""MultiPoint"",""coordinates"":[]}"
21624_0,0.087735005,0.17254174,0.016567476,2024-05-21,21624,"{""type"":""MultiPoint"",""coordinates"":[]}"
21625_0,0.2251344,0.8579767,0.24714333,2024-05-21,21625,"{""type"":""MultiPoint"",""coordinates"":[]}"
21626_0,0.060902666,0.48350763,0.032763932,2024-05-21,21626,"{""type"":""MultiPoint"",""coordinates"":[]}"
21627_0,0.26108107,0.75649023,0.22964215,2024-05-21,21627,"{""type"":""MultiPoint"",""coordinates"":[]}"
21628_0,0.028046422,0.06616612,-0.050266486,2024-05-21,21628,"{""type"":""MultiPoint"",""coordinates"":[]}"
21631_0,0.16760677,0.58833426,0.15639037,2024-05-21,21631,"{""type"":""MultiPoint"",""coordinates"":[]}"
21632_0,0.15311378,0.70873785,0.12947217,2024-05-21,21632,"{""type"":""MultiPoint"",""coordinates"":[]}"
21633_0,0.263285,0.6526138,0.2327044,2024-05-21,21633,"{""type"":""MultiPoint"",""coordinates"":[]}"
21635_0,0.06544669,0.44107744,0.023243459,2024-05-21,21635,"{""type"":""MultiPoint"",""coordinates"":[]}"
21636_0,0.35048372,0.8678011,0.31794044,2024-05-21,21636,"{""type"":""MultiPoint"",""coordinates"":[]}"
21637_0,0.06379708,0.5057208,0.038674034,2024-05-21,21637,"{""type"":""MultiPoint"",""coordinates"":[]}"
21638_0,0.15982427,0.66412216,0.11419901,2024-05-21,21638,"{""type"":""MultiPoint"",""coordinates"":[]}"
21639_0,0.099042706,0.4949608,0.043580223,2024-05-21,21639,"{""type"":""MultiPoint"",""coordinates"":[]}"
21640_0,0.2058651,0.7273332,0.17989098,2024-05-21,21640,"{""type"":""MultiPoint"",""coordinates"":[]}"
21641_0,0.09852486,-0.009017132,0.08429426,2024-05-21,21641,"{""type"":""MultiPoint"",""coordinates"":[]}"
21642_0,0.30107358,0.7676121,0.26481178,2024-05-21,21642,"{""type"":""MultiPoint"",""coordinates"":[]}"
21644_0,0.16918188,0.56880736,0.13338856,2024-05-21,21644,"{""type"":""MultiPoint"",""coordinates"":[]}"
21645_0,0.05185185,0.057795048,0.092824884,2024-05-21,21645,"{""type"":""MultiPoint"",""coordinates"":[]}"
21646_0,0.18990576,0.6372847,0.120665744,2024-05-21,21646,"{""type"":""MultiPoint"",""coordinates"":[]}"
21647_0,0.18446252,0.7441728,0.15230046,2024-05-21,21647,"{""type"":""MultiPoint"",""coordinates"":[]}"
21648_0,0.06841478,0.26865673,0.061479345,2024-05-21,21648,"{""type"":""MultiPoint"",""coordinates"":[]}"
21649_0,0.024074739,0.6293665,0.00658376,2024-05-21,21649,"{""type"":""MultiPoint"",""coordinates"":[]}"
21651_0,0.08032596,0.4915997,0.0692499,2024-05-21,21651,"{""type"":""MultiPoint"",""coordinates"":[]}"
21652_0,0.10407481,0.5338468,0.06038952,2024-05-21,21652,"{""type"":""MultiPoint"",""coordinates"":[]}"
21653_0,0.13081995,-0.004158004,0.15340625,2024-05-21,21653,"{""type"":""MultiPoint"",""coordinates"":[]}"
21654_0,0.11033369,0.3182574,0.09050894,2024-05-21,21654,"{""type"":""MultiPoint"",""coordinates"":[]}"
21655_0,0.009739859,0.4444008,-0.04420177,2024-05-21,21655,"{""type"":""MultiPoint"",""coordinates"":[]}"
21656_0,0.09530435,0.65330446,0.079780646,2024-05-21,21656,"{""type"":""MultiPoint"",""coordinates"":[]}"
21657_0,0.038358368,0.32704175,0.009805275,2024-05-21,21657,"{""type"":""MultiPoint"",""coordinates"":[]}"
21658_0,0.3959699,0.8156134,0.32501358,2024-05-21,21658,"{""type"":""MultiPoint"",""coordinates"":[]}"
21659_0,0.10642766,0.10411041,0.105354056,2024-05-21,21659,"{""type"":""MultiPoint"",""coordinates"":[]}"
21660_0,-0.00373599,0.44385028,0.0024752475,2024-05-21,21660,"{""type"":""MultiPoint"",""coordinates"":[]}"
21661_0,0.022646997,0.050994575,0.10536326,2024-05-21,21661,"{""type"":""MultiPoint"",""coordinates"":[]}"
21662_0,-6.008893E-4,0.07708666,-0.013511868,2024-05-21,21662,"{""type"":""MultiPoint"",""coordinates"":[]}"
21663_0,0.062422898,0.17926441,0.034552846,2024-05-21,21663,"{""type"":""MultiPoint"",""coordinates"":[]}"
21664_0,0.065286234,0.43517706,0.12206841,2024-05-21,21664,"{""type"":""MultiPoint"",""coordinates"":[]}"
21665_0,0.13534635,0.48851773,0.079076804,2024-05-21,21665,"{""type"":""MultiPoint"",""coordinates"":[]}"
21666_0,0.19972917,0.6968235,0.17630662,2024-05-21,21666,"{""type"":""MultiPoint"",""coordinates"":[]}"
21667_0,0.32562926,0.84533334,0.32187203,2024-05-21,21667,"{""type"":""MultiPoint"",""coordinates"":[]}"
21668_0,0.23213232,0.6044362,0.14361002,2024-05-21,21668,"{""type"":""MultiPoint"",""coordinates"":[]}"
21669_0,0.19614351,0.8050035,0.20568484,2024-05-21,21669,"{""type"":""MultiPoint"",""coordinates"":[]}"
21670_0,0.18086642,0.6609137,0.18101425,2024-05-21,21670,"{""type"":""MultiPoint"",""coordinates"":[]}"
21671_0,0.30840337,0.65665895,0.13322802,2024-05-21,21671,"{""type"":""MultiPoint"",""coordinates"":[]}"
21672_0,0.33325556,0.7299684,0.3147926,2024-05-21,21672,"{""type"":""MultiPoint"",""coordinates"":[]}"
21673_0,0.096932836,0.03280225,0.11637331,2024-05-21,21673,"{""type"":""MultiPoint"",""coordinates"":[]}"
21674_0,0.18361153,0.80443287,0.12520325,2024-05-21,21674,"{""type"":""MultiPoint"",""coordinates"":[]}"
21675_0,0.063149035,0.65498155,0.03609587,2024-05-21,21675,"{""type"":""MultiPoint"",""coordinates"":[]}"
21676_0,0.17148167,0.7333668,0.1693767,2024-05-21,21676,"{""type"":""MultiPoint"",""coordinates"":[]}"
21677_0,0.12456695,0.68186045,0.10886231,2024-05-21,21677,"{""type"":""MultiPoint"",""coordinates"":[]}"
21678_0,0.13191226,0.7508228,0.13988368,2024-05-21,21678,"{""type"":""MultiPoint"",""coordinates"":[]}"
21679_0,0.20121641,0.6976859,0.18651067,2024-05-21,21679,"{""type"":""MultiPoint"",""coordinates"":[]}"
21680_0,0.097664975,0.3838631,0.12034838,2024-05-21,21680,"{""type"":""MultiPoint"",""coordinates"":[]}"
21681_0,0.17474097,0.6874184,0.13615711,2024-05-21,21681,"{""type"":""MultiPoint"",""coordinates"":[]}"
21682_0,0.19706915,0.7078014,0.15732138,2024-05-21,21682,"{""type"":""MultiPoint"",""coordinates"":[]}"
21683_0,0.37142858,0.8272841,0.3585608,2024-05-21,21683,"{""type"":""MultiPoint"",""coordinates"":[]}"
21684_0,0.2917178,0.83790904,0.28877252,2024-05-21,21684,"{""type"":""MultiPoint"",""coordinates"":[]}"
21685_0,0.12385877,0.106796116,0.09888649,2024-05-21,21685,"{""type"":""MultiPoint"",""coordinates"":[]}"
21686_0,0.30066493,0.87288135,0.29258662,2024-05-21,21686,"{""type"":""MultiPoint"",""coordinates"":[]}"
21687_0,0.082439475,0.592068,0.059377946,2024-05-21,21687,"{""type"":""MultiPoint"",""coordinates"":[]}"
21688_0,0.33083382,0.86196387,0.31427693,2024-05-21,21688,"{""type"":""MultiPoint"",""coordinates"":[]}"
21689_0,0.21137856,0.7661848,0.21856028,2024-05-21,21689,"{""type"":""MultiPoint"",""coordinates"":[]}"
21690_0,0.35364875,0.7914043,0.33988535,2024-05-21,21690,"{""type"":""MultiPoint"",""coordinates"":[]}"
21691_0,0.27464145,0.8212479,0.2901299,2024-05-21,21691,"{""type"":""MultiPoint"",""coordinates"":[]}"
21692_0,0.2569899,0.7439734,0.25366,2024-05-21,21692,"{""type"":""MultiPoint"",""coordinates"":[]}"
21693_0,0.22389257,0.7567084,0.20688243,2024-05-21,21693,"{""type"":""MultiPoint"",""coordinates"":[]}"
21694_0,0.28285077,0.7969175,0.27500805,2024-05-21,21694,"{""type"":""MultiPoint"",""coordinates"":[]}"
21695_0,0.22085202,0.7709159,0.20842825,2024-05-21,21695,"{""type"":""MultiPoint"",""coordinates"":[]}"
21696_0,0.27776515,0.7559449,0.2766151,2024-05-21,21696,"{""type"":""MultiPoint"",""coordinates"":[]}"
21697_0,0.29363784,0.7763475,0.2591959,2024-05-21,21697,"{""type"":""MultiPoint"",""coordinates"":[]}"
21698_0,0.3300248,0.8500395,0.30077693,2024-05-21,21698,"{""type"":""MultiPoint"",""coordinates"":[]}"
21699_0,0.35014483,0.8612245,0.31341136,2024-05-21,21699,"{""type"":""MultiPoint"",""coordinates"":[]}"
21700_0,0.2963334,0.8081264,0.29193547,2024-05-21,21700,"{""type"":""MultiPoint"",""coordinates"":[]}"
21701_0,0.03539621,0.19580753,0.08610991,2024-05-21,21701,"{""type"":""MultiPoint"",""coordinates"":[]}"
21703_0,0.13485296,0.69109356,0.09369304,2024-05-21,21703,"{""type"":""MultiPoint"",""coordinates"":[]}"
21706_0,0.29802912,0.8307961,0.283415,2024-05-21,21706,"{""type"":""MultiPoint"",""coordinates"":[]}"
21707_0,0.04450669,0.21603006,0.11705493,2024-05-21,21707,"{""type"":""MultiPoint"",""coordinates"":[]}"
21708_0,0.03342142,0.57092017,-0.0030650105,2024-05-21,21708,"{""type"":""MultiPoint"",""coordinates"":[]}"
21709_0,0.32448733,0.79431075,0.32258064,2024-05-21,21709,"{""type"":""MultiPoint"",""coordinates"":[]}"
21710_0,0.08537529,0.05615662,0.07245619,2024-05-21,21710,"{""type"":""MultiPoint"",""coordinates"":[]}"
21711_0,0.18304853,0.4991459,0.18980478,2024-05-21,21711,"{""type"":""MultiPoint"",""coordinates"":[]}"
21713_0,0.20654608,0.7180797,0.18722428,2024-05-21,21713,"{""type"":""MultiPoint"",""coordinates"":[]}"
21714_0,0.0673989,0.49489322,0.06941216,2024-05-21,21714,"{""type"":""MultiPoint"",""coordinates"":[]}"
21717_0,0.19584955,0.55749404,0.16939566,2024-05-21,21717,"{""type"":""MultiPoint"",""coordinates"":[]}"
21720_0,0.35345986,0.84733146,0.3351775,2024-05-21,21720,"{""type"":""MultiPoint"",""coordinates"":[]}"
21721_0,0.31293753,0.88566273,0.3272404,2024-05-21,21721,"{""type"":""MultiPoint"",""coordinates"":[]}"
21722_0,0.22920613,0.7269076,0.21169426,2024-05-21,21722,"{""type"":""MultiPoint"",""coordinates"":[]}"
21723_0,0.110975444,0.055126224,0.11115632,2024-05-21,21723,"{""type"":""MultiPoint"",""coordinates"":[]}"
21724_0,0.35169068,0.88879937,0.34712642,2024-05-21,21724,"{""type"":""MultiPoint"",""coordinates"":[]}"
21725_0,0.17508055,0.64230174,0.15789473,2024-05-21,21725,"{""type"":""MultiPoint"",""coordinates"":[]}"
21726_0,0.055555556,0.58045673,0.026560884,2024-05-21,21726,"{""type"":""MultiPoint"",""coordinates"":[]}"
21728_0,0.24647443,0.7495056,0.19441944,2024-05-21,21728,"{""type"":""MultiPoint"",""coordinates"":[]}"
21729_0,0.33510134,0.82797384,0.3315559,2024-05-21,21729,"{""type"":""MultiPoint"",""coordinates"":[]}"
21730_0,0.26661196,0.7373086,0.2330569,2024-05-21,21730,"{""type"":""MultiPoint"",""coordinates"":[]}"
21733_0,0.34789392,0.79192936,0.3203252,2024-05-21,21733,"{""type"":""MultiPoint"",""coordinates"":[]}"
21734_0,0.1953602,0.69417477,0.17089537,2024-05-21,21734,"{""type"":""MultiPoint"",""coordinates"":[]}"
21735_0,0.10322183,0.5525384,0.09241952,2024-05-21,21735,"{""type"":""MultiPoint"",""coordinates"":[]}"
21736_0,0.045535184,0.6028097,0.018049078,2024-05-21,21736,"{""type"":""MultiPoint"",""coordinates"":[]}"
21737_0,0.20978029,0.83849555,0.19697516,2024-05-21,21737,"{""type"":""MultiPoint"",""coordinates"":[]}"
21738_0,0.13149323,0.5774359,0.0968087,2024-05-21,21738,"{""type"":""MultiPoint"",""coordinates"":[]}"
21740_0,0.09507179,0.5289659,0.09542281,2024-05-21,21740,"{""type"":""MultiPoint"",""coordinates"":[]}"
21742_0,0.33431193,0.8283215,0.2966266,2024-05-21,21742,"{""type"":""MultiPoint"",""coordinates"":[]}"
21743_0,0.017116183,0.35276967,-0.0103972275,2024-05-21,21743,"{""type"":""MultiPoint"",""coordinates"":[]}"
21744_0,0.20242669,0.6762246,0.17455003,2024-05-21,21744,"{""type"":""MultiPoint"",""coordinates"":[]}"
21745_0,0.035985474,0.54371226,0.0034129692,2024-05-21,21745,"{""type"":""MultiPoint"",""coordinates"":[]}"
21746_0,0.12040404,0.70983446,0.09499065,2024-05-21,21746,"{""type"":""MultiPoint"",""coordinates"":[]}"
21747_0,0.13640903,0.6450809,0.099916734,2024-05-21,21747,"{""type"":""MultiPoint"",""coordinates"":[]}"
21748_0,-0.0445269,0.43957114,-0.06696147,2024-05-21,21748,"{""type"":""MultiPoint"",""coordinates"":[]}"
21749_0,0.10328889,0.5195228,0.052592035,2024-05-21,21749,"{""type"":""MultiPoint"",""coordinates"":[]}"
21750_0,0.20658067,0.69540524,0.21494636,2024-05-21,21750,"{""type"":""MultiPoint"",""coordinates"":[]}"
21751_0,0.11950059,0.20944309,0.14860593,2024-05-21,21751,"{""type"":""MultiPoint"",""coordinates"":[]}"
21752_0,0.095931694,0.6083467,0.05362776,2024-05-21,21752,"{""type"":""MultiPoint"",""coordinates"":[]}"
21753_0,0.15371716,0.5480769,0.2596577,2024-05-21,21753,"{""type"":""MultiPoint"",""coordinates"":[]}"
21754_0,0.041289963,0.017223198,0.059006494,2024-05-21,21754,"{""type"":""MultiPoint"",""coordinates"":[]}"
21755_0,0.019880174,0.548328,-0.031379852,2024-05-21,21755,"{""type"":""MultiPoint"",""coordinates"":[]}"
21756_0,0.10417528,0.603073,0.072147295,2024-05-21,21756,"{""type"":""MultiPoint"",""coordinates"":[]}"
21757_0,0.23813848,0.69555336,0.21771562,2024-05-21,21757,"{""type"":""MultiPoint"",""coordinates"":[]}"
21758_0,0.31081435,0.7152875,0.30037215,2024-05-21,21758,"{""type"":""MultiPoint"",""coordinates"":[]}"
21759_0,0.025509385,0.17893218,0.03663759,2024-05-21,21759,"{""type"":""MultiPoint"",""coordinates"":[]}"
21760_0,0.10283988,0.0046005854,0.12822922,2024-05-21,21760,"{""type"":""MultiPoint"",""coordinates"":[]}"
21761_0,0.10743801,0.56459594,0.07884761,2024-05-21,21761,"{""type"":""MultiPoint"",""coordinates"":[]}"
21762_0,0.028793551,0.08399366,0.006918887,2024-05-21,21762,"{""type"":""MultiPoint"",""coordinates"":[]}"
21763_0,0.28026316,0.70849955,0.25830507,2024-05-21,21763,"{""type"":""MultiPoint"",""coordinates"":[]}"
21764_0,0.17756183,0.67915463,0.16949153,2024-05-21,21764,"{""type"":""MultiPoint"",""coordinates"":[]}"
21765_0,0.16213593,0.6618431,0.11668373,2024-05-21,21765,"{""type"":""MultiPoint"",""coordinates"":[]}"
22322_0,0.30215964,0.7464213,0.29541144,2024-05-21,22322,"{""type"":""MultiPoint"",""coordinates"":[]}"
22323_0,0.25094736,0.70053476,0.23335488,2024-05-21,22323,"{""type"":""MultiPoint"",""coordinates"":[]}"
22324_0,0.001740231,0.49519473,-0.03256423,2024-05-21,22324,"{""type"":""MultiPoint"",""coordinates"":[]}"
22326_0,0.26641124,0.68949234,0.33178222,2024-05-21,22326,"{""type"":""MultiPoint"",""coordinates"":[]}"
22328_0,0.2539105,0.6553862,0.21941009,2024-05-21,22328,"{""type"":""MultiPoint"",""coordinates"":[]}"
22330_0,0.20473023,0.7113924,0.18894473,2024-05-21,22330,"{""type"":""MultiPoint"",""coordinates"":[]}"
22332_0,0.12382609,0.59438294,0.07914458,2024-05-21,22332,"{""type"":""MultiPoint"",""coordinates"":[]}"
22333_0,0.24156187,0.80247843,0.25244617,2024-05-21,22333,"{""type"":""MultiPoint"",""coordinates"":[]}"
22335_0,0.027916035,0.27154237,0.0795082,2024-05-21,22335,"{""type"":""MultiPoint"",""coordinates"":[]}"
22336_0,0.16016522,0.7647597,0.16830783,2024-05-21,22336,"{""type"":""MultiPoint"",""coordinates"":[]}"
22337_0,0.33141315,0.8250863,0.2614834,2024-05-21,22337,"{""type"":""MultiPoint"",""coordinates"":[]}"
22338_0,0.24069746,0.8121878,0.2641115,2024-05-21,22338,"{""type"":""MultiPoint"",""coordinates"":[]}"
22339_0,0.12578203,0.62674654,0.10228233,2024-05-21,22339,"{""type"":""MultiPoint"",""coordinates"":[]}"
22341_0,0.27455458,0.73497874,0.28575712,2024-05-21,22341,"{""type"":""MultiPoint"",""coordinates"":[]}"
22342_0,0.1674131,0.62711865,0.14982578,2024-05-21,22342,"{""type"":""MultiPoint"",""coordinates"":[]}"
22343_0,0.16507043,0.7048985,0.124285996,2024-05-21,22343,"{""type"":""MultiPoint"",""coordinates"":[]}"
22345_0,0.22791252,-0.0057471264,0.21650277,2024-05-21,22345,"{""type"":""MultiPoint"",""coordinates"":[]}"
22346_0,0.18208125,0.54232806,0.1379773,2024-05-21,22346,"{""type"":""MultiPoint"",""coordinates"":[]}"
22347_0,0.26931107,0.85507244,0.18793504,2024-05-21,22347,"{""type"":""MultiPoint"",""coordinates"":[]}"
22348_0,0.16175984,0.4140715,-0.016446048,2024-05-21,22348,"{""type"":""MultiPoint"",""coordinates"":[]}"
22349_0,0.013679702,0.3957729,-0.028975062,2024-05-21,22349,"{""type"":""MultiPoint"",""coordinates"":[]}"
22350_0,0.11980055,0.40927693,0.10392733,2024-05-21,22350,"{""type"":""MultiPoint"",""coordinates"":[]}"
22355_0,0.20339537,0.6061289,0.18720853,2024-05-21,22355,"{""type"":""MultiPoint"",""coordinates"":[]}"
22356_0,0.118706234,0.6516404,0.07893361,2024-05-21,22356,"{""type"":""MultiPoint"",""coordinates"":[]}"
22357_0,0.34758466,0.8813116,0.3310561,2024-05-21,22357,"{""type"":""MultiPoint"",""coordinates"":[]}"
22358_0,0.045846816,0.45211932,0.022381874,2024-05-21,22358,"{""type"":""MultiPoint"",""coordinates"":[]}"
22360_0,0.20854093,0.7715736,0.20206659,2024-05-21,22360,"{""type"":""MultiPoint"",""coordinates"":[]}"
22361_0,0.113133155,0.65828913,0.10306749,2024-05-21,22361,"{""type"":""MultiPoint"",""coordinates"":[]}"
22362_0,0.2917955,0.75526315,0.283618,2024-05-21,22362,"{""type"":""MultiPoint"",""coordinates"":[]}"
22363_0,0.2356872,0.7290125,0.23110466,2024-05-21,22363,"{""type"":""MultiPoint"",""coordinates"":[]}"
22365_0,0.1861413,0.73354733,0.1497516,2024-05-21,22365,"{""type"":""MultiPoint"",""coordinates"":[]}"
22366_0,0.1904762,0.60509557,0.17073171,2024-05-21,22366,"{""type"":""MultiPoint"",""coordinates"":[]}"
22367_0,0.20540889,0.5529801,0.20643087,2024-05-21,22367,"{""type"":""MultiPoint"",""coordinates"":[]}"
22368_0,0.18353909,0.4771109,0.18821605,2024-05-21,22368,"{""type"":""MultiPoint"",""coordinates"":[]}"
22369_0,0.2540193,0.72292995,0.25813952,2024-05-21,22369,"{""type"":""MultiPoint"",""coordinates"":[]}"
22370_0,-0.015395805,0.40774488,-0.060790274,2024-05-21,22370,"{""type"":""MultiPoint"",""coordinates"":[]}"
22372_0,0.33000138,0.7536203,0.29372165,2024-05-21,22372,"{""type"":""MultiPoint"",""coordinates"":[]}"
22373_0,0.2676138,0.7355648,0.24303266,2024-05-21,22373,"{""type"":""MultiPoint"",""coordinates"":[]}"
22374_0,0.15772064,0.69500923,0.1340238,2024-05-21,22374,"{""type"":""MultiPoint"",""coordinates"":[]}"
22376_0,0.1755552,0.54988664,0.03619481,2024-05-21,22376,"{""type"":""MultiPoint"",""coordinates"":[]}"
22378_0,0.3581315,0.7997558,0.33032492,2024-05-21,22378,"{""type"":""MultiPoint"",""coordinates"":[]}"
22379_0,0.0069737746,0.09285409,0.0052149957,2024-05-21,22379,"{""type"":""MultiPoint"",""coordinates"":[]}"
22381_0,0.07555221,0.53674,0.0560041,2024-05-21,22381,"{""type"":""MultiPoint"",""coordinates"":[]}"
22382_0,-0.058626465,0.4012654,-0.09153713,2024-05-21,22382,"{""type"":""MultiPoint"",""coordinates"":[]}"
22384_0,0.10306871,0.54191035,0.081154965,2024-05-21,22384,"{""type"":""MultiPoint"",""coordinates"":[]}"
22385_0,0.07757342,0.060630556,0.11730892,2024-05-21,22385,"{""type"":""MultiPoint"",""coordinates"":[]}"
22387_0,0.23689139,0.7623948,0.2129406,2024-05-21,22387,"{""type"":""MultiPoint"",""coordinates"":[]}"
22388_0,0.123138905,0.537037,0.08832635,2024-05-21,22388,"{""type"":""MultiPoint"",""coordinates"":[]}"
22389_0,0.08620462,-0.0025813114,0.055017065,2024-05-21,22389,"{""type"":""MultiPoint"",""coordinates"":[]}"
22390_0,0.25244248,0.7406553,0.22786458,2024-05-21,22390,"{""type"":""MultiPoint"",""coordinates"":[]}"
22392_0,0.1510129,0.5928753,0.15179393,2024-05-21,22392,"{""type"":""MultiPoint"",""coordinates"":[]}"
22394_0,-0.023731587,0.28150135,-0.022894522,2024-05-21,22394,"{""type"":""MultiPoint"",""coordinates"":[]}"
22395_0,0.03435335,0.23654047,0.031136857,2024-05-21,22395,"{""type"":""MultiPoint"",""coordinates"":[]}"
22396_0,0.1488829,0.08521486,0.14847288,2024-05-21,22396,"{""type"":""MultiPoint"",""coordinates"":[]}"
22397_0,0.08769242,0.052741513,0.10367481,2024-05-21,22397,"{""type"":""MultiPoint"",""coordinates"":[]}"
22398_0,0.061805468,0.39068565,0.067394815,2024-05-21,22398,"{""type"":""MultiPoint"",""coordinates"":[]}"
22399_0,0.076237954,0.062586926,0.13768071,2024-05-21,22399,"{""type"":""MultiPoint"",""coordinates"":[]}"
22400_0,0.1943734,0.5395189,0.17431192,2024-05-21,22400,"{""type"":""MultiPoint"",""coordinates"":[]}"
22401_0,0.073691644,0.124109484,0.06652437,2024-05-21,22401,"{""type"":""MultiPoint"",""coordinates"":[]}"
22402_0,0.28123492,0.56872326,0.2656481,2024-05-21,22402,"{""type"":""MultiPoint"",""coordinates"":[]}"
22403_0,0.32630953,0.8603854,0.31357726,2024-05-21,22403,"{""type"":""MultiPoint"",""coordinates"":[]}"
22404_0,0.04675482,0.11845525,0.044111274,2024-05-21,22404,"{""type"":""MultiPoint"",""coordinates"":[]}"
22405_0,0.26317346,0.8162355,0.2412742,2024-05-21,22405,"{""type"":""MultiPoint"",""coordinates"":[]}"
22406_0,0.3771682,0.6804895,0.2310757,2024-05-21,22406,"{""type"":""MultiPoint"",""coordinates"":[]}"
22407_0,0.19947934,0.41121054,0.09824047,2024-05-21,22407,"{""type"":""MultiPoint"",""coordinates"":[]}"
22408_0,0.20799568,0.7198276,0.18419588,2024-05-21,22408,"{""type"":""MultiPoint"",""coordinates"":[]}"
22409_0,0.33030942,0.83891726,0.3344067,2024-05-21,22409,"{""type"":""MultiPoint"",""coordinates"":[]}"
22410_0,0.1535954,0.6725075,0.11276382,2024-05-21,22410,"{""type"":""MultiPoint"",""coordinates"":[]}"
22411_0,0.20560296,0.7315016,0.1856742,2024-05-21,22411,"{""type"":""MultiPoint"",""coordinates"":[]}"
22412_0,0.064136125,0.5800883,0.048062842,2024-05-21,22412,"{""type"":""MultiPoint"",""coordinates"":[]}"
22414_0,0.17686799,0.6596379,0.1224431,2024-05-21,22414,"{""type"":""MultiPoint"",""coordinates"":[]}"
22415_0,0.12228089,0.6165803,0.091386095,2024-05-21,22415,"{""type"":""MultiPoint"",""coordinates"":[]}"
22416_0,0.22356792,0.48739496,-0.14534041,2024-05-21,22416,"{""type"":""MultiPoint"",""coordinates"":[]}"
22419_0,-0.0034965035,0.3665962,0.011738926,2024-05-21,22419,"{""type"":""MultiPoint"",""coordinates"":[]}"
22420_0,0.11021814,0.42813918,0.098312974,2024-05-21,22420,"{""type"":""MultiPoint"",""coordinates"":[]}"
22421_0,0.1852708,0.8161747,0.2106863,2024-05-21,22421,"{""type"":""MultiPoint"",""coordinates"":[]}"
22422_0,0.31392932,0.81665105,0.32469305,2024-05-21,22422,"{""type"":""MultiPoint"",""coordinates"":[]}"
22423_0,0.32859373,0.85396826,0.32449406,2024-05-21,22423,"{""type"":""MultiPoint"",""coordinates"":[]}"
22424_0,0.17531447,0.5782313,0.14051618,2024-05-21,22424,"{""type"":""MultiPoint"",""coordinates"":[]}"
22425_0,0.2811016,0.76262295,0.27939075,2024-05-21,22425,"{""type"":""MultiPoint"",""coordinates"":[]}"
22426_0,0.2244016,0.70498085,0.20821314,2024-05-21,22426,"{""type"":""MultiPoint"",""coordinates"":[]}"
22427_0,0.26701748,0.8338164,0.27489504,2024-05-21,22427,"{""type"":""MultiPoint"",""coordinates"":[]}"
22428_0,0.2728938,0.75754577,0.28300524,2024-05-21,22428,"{""type"":""MultiPoint"",""coordinates"":[]}"
22429_0,0.08478222,0.5362479,0.0418465,2024-05-21,22429,"{""type"":""MultiPoint"",""coordinates"":[]}"
22430_0,0.27060002,0.80242634,0.2504294,2024-05-21,22430,"{""type"":""MultiPoint"",""coordinates"":[]}"
22432_0,0.19502273,0.69208425,0.16151546,2024-05-21,22432,"{""type"":""MultiPoint"",""coordinates"":[]}"
22433_0,0.18610655,0.63881403,0.16754681,2024-05-21,22433,"{""type"":""MultiPoint"",""coordinates"":[]}"
22434_0,0.045404535,0.100331426,0.057707623,2024-05-21,22434,"{""type"":""MultiPoint"",""coordinates"":[]}"
22435_0,0.2829088,0.7996485,0.24979658,2024-05-21,22435,"{""type"":""MultiPoint"",""coordinates"":[]}"
22436_0,0.23183215,0.7620677,0.21393035,2024-05-21,22436,"{""type"":""MultiPoint"",""coordinates"":[]}"
22438_0,0.14919284,0.72789896,0.113165684,2024-05-21,22438,"{""type"":""MultiPoint"",""coordinates"":[]}"
22440_0,0.4995265,0.85718554,0.49243698,2024-05-21,22440,"{""type"":""MultiPoint"",""coordinates"":[]}"
22441_0,0.3575395,0.888682,0.33841643,2024-05-21,22441,"{""type"":""MultiPoint"",""coordinates"":[]}"
22442_0,0.27723035,0.72357726,0.26429927,2024-05-21,22442,"{""type"":""MultiPoint"",""coordinates"":[]}"
22445_0,0.28942436,0.81043583,0.27147955,2024-05-21,22445,"{""type"":""MultiPoint"",""coordinates"":[]}"
22447_0,0.16134526,0.71091443,0.139738,2024-05-21,22447,"{""type"":""MultiPoint"",""coordinates"":[]}"
22448_0,0.3425574,0.8974029,0.34305683,2024-05-21,22448,"{""type"":""MultiPoint"",""coordinates"":[]}"
22451_0,0.12148492,0.16528925,0.08743854,2024-05-21,22451,"{""type"":""MultiPoint"",""coordinates"":[]}"
22452_0,0.24647567,0.69803655,0.20432173,2024-05-21,22452,"{""type"":""MultiPoint"",""coordinates"":[]}"
22454_0,0.2687161,0.5622472,0.2644598,2024-05-21,22454,"{""type"":""MultiPoint"",""coordinates"":[]}"
22456_0,0.37600958,0.9131737,0.42039454,2024-05-21,22456,"{""type"":""MultiPoint"",""coordinates"":[]}"
22460_0,0.28669167,0.7674718,0.2587156,2024-05-21,22460,"{""type"":""MultiPoint"",""coordinates"":[]}"
22461_0,0.20226501,0.6731413,0.17304532,2024-05-21,22461,"{""type"":""MultiPoint"",""coordinates"":[]}"
22465_0,0.14478804,0.6786054,0.11824324,2024-05-21,22465,"{""type"":""MultiPoint"",""coordinates"":[]}"
22466_0,0.06460774,0.6490066,0.06277788,2024-05-21,22466,"{""type"":""MultiPoint"",""coordinates"":[]}"
22467_0,0.24968083,0.70652175,0.20838946,2024-05-21,22467,"{""type"":""MultiPoint"",""coordinates"":[]}"
22468_0,0.14102335,0.614589,0.103627905,2024-05-21,22468,"{""type"":""MultiPoint"",""coordinates"":[]}"
22469_0,0.2215269,0.7046729,0.18904825,2024-05-21,22469,"{""type"":""MultiPoint"",""coordinates"":[]}"
22470_0,0.13239309,0.57604307,0.10237703,2024-05-21,22470,"{""type"":""MultiPoint"",""coordinates"":[]}"
22471_0,0.11699021,0.5815354,0.10171269,2024-05-21,22471,"{""type"":""MultiPoint"",""coordinates"":[]}"
22473_0,0.37689394,0.85832924,0.3962195,2024-05-21,22473,"{""type"":""MultiPoint"",""coordinates"":[]}"
22474_0,0.32618234,0.8741583,0.32132918,2024-05-21,22474,"{""type"":""MultiPoint"",""coordinates"":[]}"
22475_0,0.1691572,0.646849,0.14109166,2024-05-21,22475,"{""type"":""MultiPoint"",""coordinates"":[]}"
22476_0,0.089014806,0.6011268,0.0656168,2024-05-21,22476,"{""type"":""MultiPoint"",""coordinates"":[]}"
22477_0,0.010667091,0.33034915,-0.0222076,2024-05-21,22477,"{""type"":""MultiPoint"",""coordinates"":[]}"
22478_0,0.04506438,0.05583195,0.101658255,2024-05-21,22478,"{""type"":""MultiPoint"",""coordinates"":[]}"
22479_0,0.11803221,0.56535685,0.0804428,2024-05-21,22479,"{""type"":""MultiPoint"",""coordinates"":[]}"
22480_0,-0.0024271845,0.43969968,-0.037037037,2024-05-21,22480,"{""type"":""MultiPoint"",""coordinates"":[]}"
22481_0,0.15584117,0.73264956,0.1589298,2024-05-21,22481,"{""type"":""MultiPoint"",""coordinates"":[]}"
22482_0,0.03587444,0.029988004,0.020501139,2024-05-21,22482,"{""type"":""MultiPoint"",""coordinates"":[]}"
22483_0,0.26571614,0.78036755,0.2734851,2024-05-21,22483,"{""type"":""MultiPoint"",""coordinates"":[]}"
22484_0,0.33801123,0.838674,0.3368146,2024-05-21,22484,"{""type"":""MultiPoint"",""coordinates"":[]}"
22485_0,0.0,0.4839087,-0.0274209,2024-05-21,22485,"{""type"":""MultiPoint"",""coordinates"":[]}"
22486_0,0.1183687,0.68723404,0.08797805,2024-05-21,22486,"{""type"":""MultiPoint"",""coordinates"":[]}"
22487_0,0.16480605,0.71428573,0.16575317,2024-05-21,22487,"{""type"":""MultiPoint"",""coordinates"":[]}"
22488_0,0.14319667,0.68609273,0.081333615,2024-05-21,22488,"{""type"":""MultiPoint"",""coordinates"":[]}"
22489_0,0.2465035,0.71515894,0.2388521,2024-05-21,22489,"{""type"":""MultiPoint"",""coordinates"":[]}"
22490_0,0.1919436,0.65178066,0.18587662,2024-05-21,22490,"{""type"":""MultiPoint"",""coordinates"":[]}"
22491_0,0.10434197,-0.0028204324,0.08916652,2024-05-21,22491,"{""type"":""MultiPoint"",""coordinates"":[]}"
22492_0,0.22018349,0.6599251,0.18312867,2024-05-21,22492,"{""type"":""MultiPoint"",""coordinates"":[]}"
22493_0,0.22374429,0.6456328,0.25845146,2024-05-21,22493,"{""type"":""MultiPoint"",""coordinates"":[]}"
22494_0,0.046143252,0.51465416,-0.03474038,2024-05-21,22494,"{""type"":""MultiPoint"",""coordinates"":[]}"
22495_0,0.1927049,0.6938843,0.16481018,2024-05-21,22495,"{""type"":""MultiPoint"",""coordinates"":[]}"
23035_0,0.26880512,0.77199876,0.2010658,2024-05-21,23035,"{""type"":""MultiPoint"",""coordinates"":[]}"
23036_0,0.2515143,0.8737986,0.2668456,2024-05-21,23036,"{""type"":""MultiPoint"",""coordinates"":[]}"
23045_0,0.04623656,0.5723343,0.012432734,2024-05-21,23045,"{""type"":""MultiPoint"",""coordinates"":[]}"
23047_0,0.17967936,0.669855,0.15739949,2024-05-21,23047,"{""type"":""MultiPoint"",""coordinates"":[]}"
23049_0,0.24264994,0.75415283,0.24235295,2024-05-21,23049,"{""type"":""MultiPoint"",""coordinates"":[]}"
23051_0,0.19215557,0.6771084,0.17349519,2024-05-21,23051,"{""type"":""MultiPoint"",""coordinates"":[]}"
23053_0,0.06181594,0.49955317,0.048913892,2024-05-21,23053,"{""type"":""MultiPoint"",""coordinates"":[]}"
23055_0,0.34296942,0.8757613,0.3273955,2024-05-21,23055,"{""type"":""MultiPoint"",""coordinates"":[]}"
23057_0,0.41779417,0.83640665,0.46455505,2024-05-21,23057,"{""type"":""MultiPoint"",""coordinates"":[]}"
23059_0,0.18755174,0.7086551,0.13316849,2024-05-21,23059,"{""type"":""MultiPoint"",""coordinates"":[]}"
23061_0,0.09778844,0.670002,0.11384454,2024-05-21,23061,"{""type"":""MultiPoint"",""coordinates"":[]}"
23062_0,0.39248982,0.78781927,0.365,2024-05-21,23062,"{""type"":""MultiPoint"",""coordinates"":[]}"
23064_0,0.12286325,0.56748307,0.099616155,2024-05-21,23064,"{""type"":""MultiPoint"",""coordinates"":[]}"
23066_0,0.28875,0.6821918,0.23624161,2024-05-21,23066,"{""type"":""MultiPoint"",""coordinates"":[]}"
23071_0,0.18870024,0.69983685,0.17690244,2024-05-21,23071,"{""type"":""MultiPoint"",""coordinates"":[]}"
23073_0,0.19896875,0.7059378,0.1563648,2024-05-21,23073,"{""type"":""MultiPoint"",""coordinates"":[]}"
23074_0,0.18922156,0.61228406,0.10744891,2024-05-21,23074,"{""type"":""MultiPoint"",""coordinates"":[]}"
23075_0,0.2204615,0.5811024,0.1777126,2024-05-21,23075,"{""type"":""MultiPoint"",""coordinates"":[]}"
23076_0,0.020284723,0.053631283,0.063658796,2024-05-21,23076,"{""type"":""MultiPoint"",""coordinates"":[]}"
23077_0,0.37654445,0.8238005,0.37222108,2024-05-21,23077,"{""type"":""MultiPoint"",""coordinates"":[]}"
23078_0,0.12744866,0.39209926,0.07122221,2024-05-21,23078,"{""type"":""MultiPoint"",""coordinates"":[]}"
23079_0,0.34158266,0.87584996,0.32980874,2024-05-21,23079,"{""type"":""MultiPoint"",""coordinates"":[]}"
23080_0,0.2895377,0.58377427,0.21187584,2024-05-21,23080,"{""type"":""MultiPoint"",""coordinates"":[]}"
23081_0,0.14285715,0.6053333,0.09979448,2024-05-21,23081,"{""type"":""MultiPoint"",""coordinates"":[]}"
23083_0,0.029747639,0.5252174,0.009641675,2024-05-21,23083,"{""type"":""MultiPoint"",""coordinates"":[]}"
23084_0,0.2889927,0.7954071,0.2487295,2024-05-21,23084,"{""type"":""MultiPoint"",""coordinates"":[]}"
23085_0,0.416,0.8988632,0.42157006,2024-05-21,23085,"{""type"":""MultiPoint"",""coordinates"":[]}"
23086_0,0.04033092,0.033321884,0.038674034,2024-05-21,23086,"{""type"":""MultiPoint"",""coordinates"":[]}"
23087_0,0.085649885,0.1551615,-0.14325975,2024-05-21,23087,"{""type"":""MultiPoint"",""coordinates"":[]}"
23088_0,0.28749183,0.59292036,0.2465374,2024-05-21,23088,"{""type"":""MultiPoint"",""coordinates"":[]}"
23089_0,0.12647158,-0.0087241,0.1666934,2024-05-21,23089,"{""type"":""MultiPoint"",""coordinates"":[]}"
23090_0,0.041292295,0.046736844,-0.0043055974,2024-05-21,23090,"{""type"":""MultiPoint"",""coordinates"":[]}"
23091_0,0.041232876,0.025507549,0.059210967,2024-05-21,23091,"{""type"":""MultiPoint"",""coordinates"":[]}"
23092_0,0.17715111,0.64432716,0.15578635,2024-05-21,23092,"{""type"":""MultiPoint"",""coordinates"":[]}"
23093_0,0.29680365,0.7476923,0.2719582,2024-05-21,23093,"{""type"":""MultiPoint"",""coordinates"":[]}"
23094_0,0.14806506,0.59451836,0.13125536,2024-05-21,23094,"{""type"":""MultiPoint"",""coordinates"":[]}"
23096_0,0.21446131,0.7943925,0.23836231,2024-05-21,23096,"{""type"":""MultiPoint"",""coordinates"":[]}"
23097_0,0.13483307,0.45257452,0.108255796,2024-05-21,23097,"{""type"":""MultiPoint"",""coordinates"":[]}"
23098_0,0.09686039,0.41206458,0.10285335,2024-05-21,23098,"{""type"":""MultiPoint"",""coordinates"":[]}"
23099_0,0.054915253,0.575199,0.03795721,2024-05-21,23099,"{""type"":""MultiPoint"",""coordinates"":[]}"
23100_0,0.016149381,0.18860245,0.058098804,2024-05-21,23100,"{""type"":""MultiPoint"",""coordinates"":[]}"
23101_0,0.056093127,0.03636876,0.062504515,2024-05-21,23101,"{""type"":""MultiPoint"",""coordinates"":[]}"
23102_0,0.12531969,0.29583803,0.11627907,2024-05-21,23102,"{""type"":""MultiPoint"",""coordinates"":[]}"
23103_0,0.037673496,0.3979885,-0.05762712,2024-05-21,23103,"{""type"":""MultiPoint"",""coordinates"":[]}"
23104_0,0.19711903,0.5457391,0.16625115,2024-05-21,23104,"{""type"":""MultiPoint"",""coordinates"":[]}"
23105_0,0.081540205,0.37796164,0.060799073,2024-05-21,23105,"{""type"":""MultiPoint"",""coordinates"":[]}"
23106_0,0.13186814,0.7197987,0.1675922,2024-05-21,23106,"{""type"":""MultiPoint"",""coordinates"":[]}"
23107_0,0.1389253,0.72989076,0.14005236,2024-05-21,23107,"{""type"":""MultiPoint"",""coordinates"":[]}"
23108_0,0.25104186,0.015544041,0.23002656,2024-05-21,23108,"{""type"":""MultiPoint"",""coordinates"":[]}"
23109_0,0.3191776,0.0032477118,0.34807834,2024-05-21,23109,"{""type"":""MultiPoint"",""coordinates"":[]}"
23110_0,0.077954866,0.08014572,0.09823289,2024-05-21,23110,"{""type"":""MultiPoint"",""coordinates"":[]}"
23111_0,0.25617093,0.71966136,0.2092613,2024-05-21,23111,"{""type"":""MultiPoint"",""coordinates"":[]}"
23112_0,0.16309547,0.011086474,0.17631884,2024-05-21,23112,"{""type"":""MultiPoint"",""coordinates"":[]}"
23113_0,0.22936486,0.07388873,0.29064214,2024-05-21,23113,"{""type"":""MultiPoint"",""coordinates"":[]}"
23114_0,0.061802063,0.09205021,0.06467239,2024-05-21,23114,"{""type"":""MultiPoint"",""coordinates"":[]}"
23115_0,0.1022773,0.08571429,0.13344726,2024-05-21,23115,"{""type"":""MultiPoint"",""coordinates"":[]}"
23116_0,0.16623849,0.038608402,0.19087869,2024-05-21,23116,"{""type"":""MultiPoint"",""coordinates"":[]}"
23117_0,0.32319626,0.85701674,0.31726405,2024-05-21,23117,"{""type"":""MultiPoint"",""coordinates"":[]}"
23118_0,0.3610586,0.7688172,0.32128513,2024-05-21,23118,"{""type"":""MultiPoint"",""coordinates"":[]}"
23119_0,0.18471338,0.75105685,0.16209476,2024-05-21,23119,"{""type"":""MultiPoint"",""coordinates"":[]}"
23120_0,0.16451292,0.46531302,0.34655005,2024-05-21,23120,"{""type"":""MultiPoint"",""coordinates"":[]}"
23121_0,0.31515244,0.8368734,0.31849366,2024-05-21,23121,"{""type"":""MultiPoint"",""coordinates"":[]}"
23122_0,0.15439488,0.39479905,0.14883777,2024-05-21,23122,"{""type"":""MultiPoint"",""coordinates"":[]}"
23123_0,0.37688863,0.8136695,0.34797248,2024-05-21,23123,"{""type"":""MultiPoint"",""coordinates"":[]}"
23124_0,0.097799964,0.6276174,0.08201656,2024-05-21,23124,"{""type"":""MultiPoint"",""coordinates"":[]}"
23125_0,0.26739928,0.7691895,0.244713,2024-05-21,23125,"{""type"":""MultiPoint"",""coordinates"":[]}"
23127_0,0.33440688,0.81521183,0.31314623,2024-05-21,23127,"{""type"":""MultiPoint"",""coordinates"":[]}"
23130_0,0.41400427,0.8859587,0.41251835,2024-05-21,23130,"{""type"":""MultiPoint"",""coordinates"":[]}"
23131_0,0.031390134,0.085785076,0.05634227,2024-05-21,23131,"{""type"":""MultiPoint"",""coordinates"":[]}"
23132_0,0.2432133,0.769437,0.2338755,2024-05-21,23132,"{""type"":""MultiPoint"",""coordinates"":[]}"
23133_0,0.15129054,0.32304174,0.18151647,2024-05-21,23133,"{""type"":""MultiPoint"",""coordinates"":[]}"
23134_0,0.26542082,0.7470107,0.22868103,2024-05-21,23134,"{""type"":""MultiPoint"",""coordinates"":[]}"
23135_0,0.29942995,0.8029106,0.29995504,2024-05-21,23135,"{""type"":""MultiPoint"",""coordinates"":[]}"
23136_0,0.30570507,0.8138473,0.2977681,2024-05-21,23136,"{""type"":""MultiPoint"",""coordinates"":[]}"
23137_0,0.24526219,0.7489701,0.21642789,2024-05-21,23137,"{""type"":""MultiPoint"",""coordinates"":[]}"
23138_0,0.12317716,0.5352904,0.26995608,2024-05-21,23138,"{""type"":""MultiPoint"",""coordinates"":[]}"
23139_0,0.23622498,0.74778384,0.2081439,2024-05-21,23139,"{""type"":""MultiPoint"",""coordinates"":[]}"
23140_0,0.348362,0.76755106,0.3040014,2024-05-21,23140,"{""type"":""MultiPoint"",""coordinates"":[]}"
23141_0,0.35564053,0.7755037,0.34626576,2024-05-21,23141,"{""type"":""MultiPoint"",""coordinates"":[]}"
23142_0,0.10860441,0.5649547,0.09891275,2024-05-21,23142,"{""type"":""MultiPoint"",""coordinates"":[]}"
23143_0,0.22352941,0.71548706,0.16654754,2024-05-21,23143,"{""type"":""MultiPoint"",""coordinates"":[]}"
23144_0,0.08474021,0.3175707,0.008874689,2024-05-21,23144,"{""type"":""MultiPoint"",""coordinates"":[]}"
23145_0,0.015441064,0.47069597,-0.0012437811,2024-05-21,23145,"{""type"":""MultiPoint"",""coordinates"":[]}"
23146_0,0.10873505,0.59128976,0.07364852,2024-05-21,23146,"{""type"":""MultiPoint"",""coordinates"":[]}"
23147_0,0.15065335,0.66834736,0.14803393,2024-05-21,23147,"{""type"":""MultiPoint"",""coordinates"":[]}"
23149_0,0.13987672,0.66061074,0.08430086,2024-05-21,23149,"{""type"":""MultiPoint"",""coordinates"":[]}"
23151_0,0.23580338,0.8557883,0.23546682,2024-05-21,23151,"{""type"":""MultiPoint"",""coordinates"":[]}"
23152_0,0.22729473,0.7221551,0.19617386,2024-05-21,23152,"{""type"":""MultiPoint"",""coordinates"":[]}"
23154_0,0.15944563,0.6481203,0.13135484,2024-05-21,23154,"{""type"":""MultiPoint"",""coordinates"":[]}"
23156_0,0.2987013,0.8574079,0.3190288,2024-05-21,23156,"{""type"":""MultiPoint"",""coordinates"":[]}"
23158_0,0.046388727,0.50179857,0.013964784,2024-05-21,23158,"{""type"":""MultiPoint"",""coordinates"":[]}"
23162_0,0.31865227,0.76176566,0.27387938,2024-05-21,23162,"{""type"":""MultiPoint"",""coordinates"":[]}"
23164_0,0.18093672,0.72851104,0.19248217,2024-05-21,23164,"{""type"":""MultiPoint"",""coordinates"":[]}"
23166_0,0.17248255,0.6786141,0.1504606,2024-05-21,23166,"{""type"":""MultiPoint"",""coordinates"":[]}"
23168_0,0.15740348,0.6565522,0.111409396,2024-05-21,23168,"{""type"":""MultiPoint"",""coordinates"":[]}"
23169_0,0.19218977,0.7447236,0.16217573,2024-05-21,23169,"{""type"":""MultiPoint"",""coordinates"":[]}"
23172_0,0.116488464,0.4535993,0.032655574,2024-05-21,23172,"{""type"":""MultiPoint"",""coordinates"":[]}"
23173_0,0.18867202,0.7098692,0.15132105,2024-05-21,23173,"{""type"":""MultiPoint"",""coordinates"":[]}"
23175_0,0.27958754,0.76557267,0.2633597,2024-05-21,23175,"{""type"":""MultiPoint"",""coordinates"":[]}"
23176_0,0.05166599,0.596971,0.038435236,2024-05-21,23176,"{""type"":""MultiPoint"",""coordinates"":[]}"
23177_0,0.05333169,0.30031747,0.031867992,2024-05-21,23177,"{""type"":""MultiPoint"",""coordinates"":[]}"
23178_0,0.3681841,0.757085,0.34678045,2024-05-21,23178,"{""type"":""MultiPoint"",""coordinates"":[]}"
23179_0,0.32019705,0.82324994,0.28913775,2024-05-21,23179,"{""type"":""MultiPoint"",""coordinates"":[]}"
23180_0,0.059583817,0.3208681,0.041875165,2024-05-21,23180,"{""type"":""MultiPoint"",""coordinates"":[]}"
23181_0,0.23391813,0.61028194,0.19434194,2024-05-21,23181,"{""type"":""MultiPoint"",""coordinates"":[]}"
23182_0,0.028840821,0.028938906,0.0460365,2024-05-21,23182,"{""type"":""MultiPoint"",""coordinates"":[]}"
23183_0,0.02565016,0.52030736,0.0063578566,2024-05-21,23183,"{""type"":""MultiPoint"",""coordinates"":[]}"
23184_0,0.12658228,0.39957264,-0.050380573,2024-05-21,23184,"{""type"":""MultiPoint"",""coordinates"":[]}"
23185_0,0.07302158,0.5082645,0.06239767,2024-05-21,23185,"{""type"":""MultiPoint"",""coordinates"":[]}"
23186_0,-0.038919076,0.42539388,-0.06971118,2024-05-21,23186,"{""type"":""MultiPoint"",""coordinates"":[]}"
23187_0,0.12815784,0.6357579,0.10960452,2024-05-21,23187,"{""type"":""MultiPoint"",""coordinates"":[]}"
23188_0,0.14924647,0.61643183,0.12631053,2024-05-21,23188,"{""type"":""MultiPoint"",""coordinates"":[]}"
23189_0,-0.003488741,0.52511173,-0.04353562,2024-05-21,23189,"{""type"":""MultiPoint"",""coordinates"":[]}"
23190_0,0.24110807,0.43334693,0.22615519,2024-05-21,23190,"{""type"":""MultiPoint"",""coordinates"":[]}"
23191_0,0.091948226,0.52520806,0.07134262,2024-05-21,23191,"{""type"":""MultiPoint"",""coordinates"":[]}"
23192_0,0.12552121,-0.031425364,0.06329894,2024-05-21,23192,"{""type"":""MultiPoint"",""coordinates"":[]}"
23193_0,0.08151954,0.5762572,0.059133083,2024-05-21,23193,"{""type"":""MultiPoint"",""coordinates"":[]}"
23194_0,0.20541342,0.52452123,0.20732383,2024-05-21,23194,"{""type"":""MultiPoint"",""coordinates"":[]}"
23195_0,0.16161196,0.5263158,0.057009347,2024-05-21,23195,"{""type"":""MultiPoint"",""coordinates"":[]}"
23196_0,0.1051674,0.56246704,0.093121886,2024-05-21,23196,"{""type"":""MultiPoint"",""coordinates"":[]}"
23197_0,0.14958943,0.61904764,0.14593044,2024-05-21,23197,"{""type"":""MultiPoint"",""coordinates"":[]}"
23198_0,0.061278135,0.48841944,0.01158969,2024-05-21,23198,"{""type"":""MultiPoint"",""coordinates"":[]}"
23199_0,0.09486001,0.56657964,0.051248357,2024-05-21,23199,"{""type"":""MultiPoint"",""coordinates"":[]}"
23200_0,0.2298893,0.66493577,0.18683031,2024-05-21,23200,"{""type"":""MultiPoint"",""coordinates"":[]}"
23201_0,0.29527938,0.76824033,0.25641677,2024-05-21,23201,"{""type"":""MultiPoint"",""coordinates"":[]}"
23713_0,0.08894265,0.57278913,0.04003599,2024-05-21,23713,"{""type"":""MultiPoint"",""coordinates"":[]}"
23714_0,0.26464736,0.7767942,0.25642747,2024-05-21,23714,"{""type"":""MultiPoint"",""coordinates"":[]}"
23717_0,0.07559166,0.5911914,0.03698252,2024-05-21,23717,"{""type"":""MultiPoint"",""coordinates"":[]}"
23720_0,0.25673327,0.76065165,0.24308781,2024-05-21,23720,"{""type"":""MultiPoint"",""coordinates"":[]}"
23721_0,0.15463917,0.63751125,0.15356518,2024-05-21,23721,"{""type"":""MultiPoint"",""coordinates"":[]}"
23725_0,0.25272116,0.778036,0.23686337,2024-05-21,23725,"{""type"":""MultiPoint"",""coordinates"":[]}"
23726_0,0.13821377,0.6322464,0.100962274,2024-05-21,23726,"{""type"":""MultiPoint"",""coordinates"":[]}"
23728_0,0.12129861,0.7042375,0.09097619,2024-05-21,23728,"{""type"":""MultiPoint"",""coordinates"":[]}"
23729_0,0.18677631,0.70756644,0.15911852,2024-05-21,23729,"{""type"":""MultiPoint"",""coordinates"":[]}"
23730_0,0.14606422,0.45925927,0.13462923,2024-05-21,23730,"{""type"":""MultiPoint"",""coordinates"":[]}"
23731_0,0.22654462,0.74265254,0.19714965,2024-05-21,23731,"{""type"":""MultiPoint"",""coordinates"":[]}"
23732_0,0.007381163,0.48216766,-0.024687596,2024-05-21,23732,"{""type"":""MultiPoint"",""coordinates"":[]}"
23734_0,0.2210946,0.7148891,0.20363165,2024-05-21,23734,"{""type"":""MultiPoint"",""coordinates"":[]}"
23736_0,0.12178289,0.6420871,0.1098805,2024-05-21,23736,"{""type"":""MultiPoint"",""coordinates"":[]}"
23737_0,-0.009428879,0.35191637,-0.03522586,2024-05-21,23737,"{""type"":""MultiPoint"",""coordinates"":[]}"
23738_0,0.2555385,0.7176617,0.23884279,2024-05-21,23738,"{""type"":""MultiPoint"",""coordinates"":[]}"
23740_0,0.16079734,0.6531137,0.11955385,2024-05-21,23740,"{""type"":""MultiPoint"",""coordinates"":[]}"
23742_0,0.22862683,0.628987,0.1866171,2024-05-21,23742,"{""type"":""MultiPoint"",""coordinates"":[]}"
23743_0,0.20946893,0.71048886,0.1735591,2024-05-21,23743,"{""type"":""MultiPoint"",""coordinates"":[]}"
23744_0,0.086029306,0.012208657,0.07325684,2024-05-21,23744,"{""type"":""MultiPoint"",""coordinates"":[]}"
23745_0,0.06561161,0.62669563,0.028120713,2024-05-21,23745,"{""type"":""MultiPoint"",""coordinates"":[]}"
23746_0,0.061756056,0.52,0.032071654,2024-05-21,23746,"{""type"":""MultiPoint"",""coordinates"":[]}"
23748_0,0.0148959905,0.029227557,0.024814863,2024-05-21,23748,"{""type"":""MultiPoint"",""coordinates"":[]}"
23751_0,0.13417137,0.57662046,0.10985098,2024-05-21,23751,"{""type"":""MultiPoint"",""coordinates"":[]}"
23753_0,0.06252014,0.55549914,0.025623849,2024-05-21,23753,"{""type"":""MultiPoint"",""coordinates"":[]}"
23754_0,0.104504235,0.57269627,0.06864564,2024-05-21,23754,"{""type"":""MultiPoint"",""coordinates"":[]}"
23756_0,0.12839264,0.61529076,0.12346203,2024-05-21,23756,"{""type"":""MultiPoint"",""coordinates"":[]}"
23757_0,0.18779206,0.77099234,0.1729368,2024-05-21,23757,"{""type"":""MultiPoint"",""coordinates"":[]}"
23758_0,-0.009142053,0.115384616,0.011821416,2024-05-21,23758,"{""type"":""MultiPoint"",""coordinates"":[]}"
23759_0,0.021829521,0.43722942,0.028394425,2024-05-21,23759,"{""type"":""MultiPoint"",""coordinates"":[]}"
23760_0,0.12379808,0.5555556,0.0870382,2024-05-21,23760,"{""type"":""MultiPoint"",""coordinates"":[]}"
23762_0,0.014611219,0.078699745,0.02250152,2024-05-21,23762,"{""type"":""MultiPoint"",""coordinates"":[]}"
23763_0,0.07701343,0.042370535,0.089908786,2024-05-21,23763,"{""type"":""MultiPoint"",""coordinates"":[]}"
23764_0,0.029054053,0.07578428,0.030037124,2024-05-21,23764,"{""type"":""MultiPoint"",""coordinates"":[]}"
23765_0,0.2470238,0.7338965,0.23737754,2024-05-21,23765,"{""type"":""MultiPoint"",""coordinates"":[]}"
23766_0,0.3339949,0.89162564,0.3600327,2024-05-21,23766,"{""type"":""MultiPoint"",""coordinates"":[]}"
23767_0,0.05226113,0.20878243,0.058556195,2024-05-21,23767,"{""type"":""MultiPoint"",""coordinates"":[]}"
23768_0,0.2460182,0.76198936,0.19897266,2024-05-21,23768,"{""type"":""MultiPoint"",""coordinates"":[]}"
23769_0,0.09382454,0.5288889,0.050673332,2024-05-21,23769,"{""type"":""MultiPoint"",""coordinates"":[]}"
23770_0,0.13009922,0.50249463,0.14378731,2024-05-21,23770,"{""type"":""MultiPoint"",""coordinates"":[]}"
23772_0,0.1579347,0.02745098,0.17269675,2024-05-21,23772,"{""type"":""MultiPoint"",""coordinates"":[]}"
23773_0,0.13000152,0.6108677,0.121244475,2024-05-21,23773,"{""type"":""MultiPoint"",""coordinates"":[]}"
23774_0,0.27091137,0.73884296,0.28606358,2024-05-21,23774,"{""type"":""MultiPoint"",""coordinates"":[]}"
23775_0,-0.029438728,0.06572964,0.010089137,2024-05-21,23775,"{""type"":""MultiPoint"",""coordinates"":[]}"
23776_0,0.02954899,0.111527145,0.0521519,2024-05-21,23776,"{""type"":""MultiPoint"",""coordinates"":[]}"
23777_0,0.33926916,0.82251084,0.3082152,2024-05-21,23777,"{""type"":""MultiPoint"",""coordinates"":[]}"
23778_0,0.17445236,0.7409002,0.17423442,2024-05-21,23778,"{""type"":""MultiPoint"",""coordinates"":[]}"
23779_0,0.14829345,0.5814723,0.1383211,2024-05-21,23779,"{""type"":""MultiPoint"",""coordinates"":[]}"
23780_0,0.03660937,0.2800477,0.07798568,2024-05-21,23780,"{""type"":""MultiPoint"",""coordinates"":[]}"
23781_0,0.20450723,0.83345914,0.2128474,2024-05-21,23781,"{""type"":""MultiPoint"",""coordinates"":[]}"
23782_0,0.18807404,0.26657766,0.32913017,2024-05-21,23782,"{""type"":""MultiPoint"",""coordinates"":[]}"
23783_0,0.10356374,0.25474524,0.14546284,2024-05-21,23783,"{""type"":""MultiPoint"",""coordinates"":[]}"
23784_0,0.093835786,0.27599412,0.08803215,2024-05-21,23784,"{""type"":""MultiPoint"",""coordinates"":[]}"
23785_0,0.15556864,0.71605575,0.07399031,2024-05-21,23785,"{""type"":""MultiPoint"",""coordinates"":[]}"
23786_0,0.32789117,0.78409094,0.3119777,2024-05-21,23786,"{""type"":""MultiPoint"",""coordinates"":[]}"
23787_0,0.062183604,0.07398844,0.08989588,2024-05-21,23787,"{""type"":""MultiPoint"",""coordinates"":[]}"
23788_0,0.25849903,0.63,0.2570694,2024-05-21,23788,"{""type"":""MultiPoint"",""coordinates"":[]}"
23789_0,0.18638164,0.74005306,0.16820464,2024-05-21,23789,"{""type"":""MultiPoint"",""coordinates"":[]}"
23790_0,0.05653409,0.67757577,0.02049845,2024-05-21,23790,"{""type"":""MultiPoint"",""coordinates"":[]}"
23791_0,0.19924374,0.6540294,0.18369162,2024-05-21,23791,"{""type"":""MultiPoint"",""coordinates"":[]}"
23792_0,0.31193167,0.83014536,0.3141052,2024-05-21,23792,"{""type"":""MultiPoint"",""coordinates"":[]}"
23793_0,0.01998608,0.18125,0.03561644,2024-05-21,23793,"{""type"":""MultiPoint"",""coordinates"":[]}"
23794_0,0.100605264,0.64493906,0.06065266,2024-05-21,23794,"{""type"":""MultiPoint"",""coordinates"":[]}"
23795_0,0.13813771,0.025474757,0.17773788,2024-05-21,23795,"{""type"":""MultiPoint"",""coordinates"":[]}"
23796_0,0.05549467,0.09856851,0.0625,2024-05-21,23796,"{""type"":""MultiPoint"",""coordinates"":[]}"
23797_0,0.31443995,0.825,0.41909662,2024-05-21,23797,"{""type"":""MultiPoint"",""coordinates"":[]}"
23799_0,0.1160669,0.53679216,0.13017456,2024-05-21,23799,"{""type"":""MultiPoint"",""coordinates"":[]}"
23800_0,-0.096455306,0.22712934,-0.11009437,2024-05-21,23800,"{""type"":""MultiPoint"",""coordinates"":[]}"
23801_0,0.14367525,0.62993765,0.1046143,2024-05-21,23801,"{""type"":""MultiPoint"",""coordinates"":[]}"
23802_0,0.12517862,0.48533663,0.08036653,2024-05-21,23802,"{""type"":""MultiPoint"",""coordinates"":[]}"
23803_0,0.18075554,0.729226,0.16012505,2024-05-21,23803,"{""type"":""MultiPoint"",""coordinates"":[]}"
23804_0,0.21792652,0.77604455,0.22122198,2024-05-21,23804,"{""type"":""MultiPoint"",""coordinates"":[]}"
23805_0,0.11901608,0.58152795,0.0874167,2024-05-21,23805,"{""type"":""MultiPoint"",""coordinates"":[]}"
23806_0,-0.027937237,0.46422893,-0.044729676,2024-05-21,23806,"{""type"":""MultiPoint"",""coordinates"":[]}"
23807_0,0.19630769,0.71121716,0.18831572,2024-05-21,23807,"{""type"":""MultiPoint"",""coordinates"":[]}"
23808_0,0.2516958,0.6701789,0.23837209,2024-05-21,23808,"{""type"":""MultiPoint"",""coordinates"":[]}"
23810_0,0.13494809,0.60488033,0.108589955,2024-05-21,23810,"{""type"":""MultiPoint"",""coordinates"":[]}"
23811_0,0.23080783,0.73138684,0.21485275,2024-05-21,23811,"{""type"":""MultiPoint"",""coordinates"":[]}"
23812_0,0.3779274,0.9134694,0.37619257,2024-05-21,23812,"{""type"":""MultiPoint"",""coordinates"":[]}"
23813_0,0.23354603,0.68687403,0.20709166,2024-05-21,23813,"{""type"":""MultiPoint"",""coordinates"":[]}"
23814_0,0.24017003,0.81108177,0.23076923,2024-05-21,23814,"{""type"":""MultiPoint"",""coordinates"":[]}"
23815_0,0.21472637,0.774563,0.19747813,2024-05-21,23815,"{""type"":""MultiPoint"",""coordinates"":[]}"
23816_0,0.2998684,0.84681076,0.30026305,2024-05-21,23816,"{""type"":""MultiPoint"",""coordinates"":[]}"
23817_0,0.08859721,0.46242774,0.09687034,2024-05-21,23817,"{""type"":""MultiPoint"",""coordinates"":[]}"
23819_0,0.07038075,0.5718816,0.02657922,2024-05-21,23819,"{""type"":""MultiPoint"",""coordinates"":[]}"
23823_0,0.38094047,0.7950018,0.33387163,2024-05-21,23823,"{""type"":""MultiPoint"",""coordinates"":[]}"
23824_0,0.3204433,0.8087992,0.3097006,2024-05-21,23824,"{""type"":""MultiPoint"",""coordinates"":[]}"
23825_0,0.15556397,0.71173185,0.15731822,2024-05-21,23825,"{""type"":""MultiPoint"",""coordinates"":[]}"
23827_0,0.0052863434,0.45151383,-0.0117998505,2024-05-21,23827,"{""type"":""MultiPoint"",""coordinates"":[]}"
23828_0,0.17109068,0.7916838,0.15960565,2024-05-21,23828,"{""type"":""MultiPoint"",""coordinates"":[]}"
23829_0,0.17408124,0.70508057,0.12625332,2024-05-21,23829,"{""type"":""MultiPoint"",""coordinates"":[]}"
23831_0,0.21881546,0.6765819,0.20364977,2024-05-21,23831,"{""type"":""MultiPoint"",""coordinates"":[]}"
23833_0,0.053546045,0.523351,0.027272727,2024-05-21,23833,"{""type"":""MultiPoint"",""coordinates"":[]}"
23834_0,0.12847152,0.6511025,0.07721599,2024-05-21,23834,"{""type"":""MultiPoint"",""coordinates"":[]}"
23835_0,0.29226735,0.7782152,0.2517321,2024-05-21,23835,"{""type"":""MultiPoint"",""coordinates"":[]}"
23836_0,0.23092741,0.73886883,0.21428572,2024-05-21,23836,"{""type"":""MultiPoint"",""coordinates"":[]}"
23837_0,0.04086331,0.56364477,0.0058165547,2024-05-21,23837,"{""type"":""MultiPoint"",""coordinates"":[]}"
23839_0,0.16642784,0.6999395,0.15971936,2024-05-21,23839,"{""type"":""MultiPoint"",""coordinates"":[]}"
23841_0,0.21891828,0.74098796,0.21983162,2024-05-21,23841,"{""type"":""MultiPoint"",""coordinates"":[]}"
23842_0,0.26891193,0.7383041,0.25521246,2024-05-21,23842,"{""type"":""MultiPoint"",""coordinates"":[]}"
23844_0,0.25335968,0.7836594,0.24273401,2024-05-21,23844,"{""type"":""MultiPoint"",""coordinates"":[]}"
23845_0,0.22541413,0.6964556,0.20507854,2024-05-21,23845,"{""type"":""MultiPoint"",""coordinates"":[]}"
23846_0,0.016152292,0.5364486,-0.01836095,2024-05-21,23846,"{""type"":""MultiPoint"",""coordinates"":[]}"
23847_0,0.20071827,0.7190491,0.16315019,2024-05-21,23847,"{""type"":""MultiPoint"",""coordinates"":[]}"
23848_0,0.1122708,0.63986015,0.08769387,2024-05-21,23848,"{""type"":""MultiPoint"",""coordinates"":[]}"
23850_0,0.20962426,0.74691826,0.18296422,2024-05-21,23850,"{""type"":""MultiPoint"",""coordinates"":[]}"
23851_0,0.1632883,0.65814877,0.13420081,2024-05-21,23851,"{""type"":""MultiPoint"",""coordinates"":[]}"
23852_0,0.16814159,0.6940639,0.13629402,2024-05-21,23852,"{""type"":""MultiPoint"",""coordinates"":[]}"
23853_0,0.32129076,0.88617885,0.32847476,2024-05-21,23853,"{""type"":""MultiPoint"",""coordinates"":[]}"
23854_0,0.09631183,0.5606695,0.071646616,2024-05-21,23854,"{""type"":""MultiPoint"",""coordinates"":[]}"
23855_0,0.2212304,0.69725865,0.1392,2024-05-21,23855,"{""type"":""MultiPoint"",""coordinates"":[]}"
23856_0,0.28501165,0.7067224,0.2790394,2024-05-21,23856,"{""type"":""MultiPoint"",""coordinates"":[]}"
23857_0,0.0053859963,0.42953995,-0.015835973,2024-05-21,23857,"{""type"":""MultiPoint"",""coordinates"":[]}"
23858_0,0.20683628,0.61492044,0.18090653,2024-05-21,23858,"{""type"":""MultiPoint"",""coordinates"":[]}"
23859_0,0.105940595,0.65064025,0.115428574,2024-05-21,23859,"{""type"":""MultiPoint"",""coordinates"":[]}"
23860_0,0.0034471953,0.46930692,-0.03448276,2024-05-21,23860,"{""type"":""MultiPoint"",""coordinates"":[]}"
23861_0,0.27700293,0.8224852,0.24759494,2024-05-21,23861,"{""type"":""MultiPoint"",""coordinates"":[]}"
23862_0,0.0033149172,0.5490405,-0.04139865,2024-05-21,23862,"{""type"":""MultiPoint"",""coordinates"":[]}"
23863_0,0.3012225,0.7227997,0.26998723,2024-05-21,23863,"{""type"":""MultiPoint"",""coordinates"":[]}"
23864_0,0.06298468,0.41182366,0.064400375,2024-05-21,23864,"{""type"":""MultiPoint"",""coordinates"":[]}"
23865_0,0.18927664,0.659919,0.16753678,2024-05-21,23865,"{""type"":""MultiPoint"",""coordinates"":[]}"
23866_0,0.09831654,0.011225864,0.1112756,2024-05-21,23866,"{""type"":""MultiPoint"",""coordinates"":[]}"
23867_0,0.10056657,0.39594844,0.08829863,2024-05-21,23867,"{""type"":""MultiPoint"",""coordinates"":[]}"
23868_0,0.10670176,0.6639701,0.09590164,2024-05-21,23868,"{""type"":""MultiPoint"",""coordinates"":[]}"
23869_0,0.14075437,0.4155201,0.15855856,2024-05-21,23869,"{""type"":""MultiPoint"",""coordinates"":[]}"
23870_0,0.085723676,0.023379384,0.1614654,2024-05-21,23870,"{""type"":""MultiPoint"",""coordinates"":[]}"
23871_0,0.051224068,0.061919503,0.06428779,2024-05-21,23871,"{""type"":""MultiPoint"",""coordinates"":[]}"
23872_0,0.1816092,0.6201703,0.16314058,2024-05-21,23872,"{""type"":""MultiPoint"",""coordinates"":[]}"
23873_0,0.2893757,0.7051203,0.26037392,2024-05-21,23873,"{""type"":""MultiPoint"",""coordinates"":[]}"
23874_0,0.28320682,0.73894435,0.23474297,2024-05-21,23874,"{""type"":""MultiPoint"",""coordinates"":[]}"
24078_0,0.3096,0.7690802,0.22217216,2024-05-21,24078,"{""type"":""MultiPoint"",""coordinates"":[]}"
24084_0,0.07168558,0.4969325,0.075778455,2024-05-21,24084,"{""type"":""MultiPoint"",""coordinates"":[]}"
24085_0,0.25777936,0.69540524,0.22013748,2024-05-21,24085,"{""type"":""MultiPoint"",""coordinates"":[]}"
24086_0,0.3055405,0.8091198,0.27886057,2024-05-21,24086,"{""type"":""MultiPoint"",""coordinates"":[]}"
24087_0,0.24229808,0.51187336,0.11478599,2024-05-21,24087,"{""type"":""MultiPoint"",""coordinates"":[]}"
24088_0,0.13963965,0.57604414,0.17623995,2024-05-21,24088,"{""type"":""MultiPoint"",""coordinates"":[]}"
24090_0,0.03313253,0.5494453,3.1142947E-4,2024-05-21,24090,"{""type"":""MultiPoint"",""coordinates"":[]}"
24092_0,0.27904668,0.7423235,0.3092293,2024-05-21,24092,"{""type"":""MultiPoint"",""coordinates"":[]}"
24094_0,0.27649403,0.69322234,0.2212693,2024-05-21,24094,"{""type"":""MultiPoint"",""coordinates"":[]}"
24096_0,0.09409594,0.6055125,-0.026123302,2024-05-21,24096,"{""type"":""MultiPoint"",""coordinates"":[]}"
24099_0,0.17170776,0.6816102,0.15852505,2024-05-21,24099,"{""type"":""MultiPoint"",""coordinates"":[]}"
24100_0,0.2244042,0.63461536,0.1738424,2024-05-21,24100,"{""type"":""MultiPoint"",""coordinates"":[]}"
24101_0,0.14005955,0.009080142,0.15310438,2024-05-21,24101,"{""type"":""MultiPoint"",""coordinates"":[]}"
24103_0,0.2301839,0.5735901,-0.029686175,2024-05-21,24103,"{""type"":""MultiPoint"",""coordinates"":[]}"
24105_0,0.07851172,0.0110741975,0.13012533,2024-05-21,24105,"{""type"":""MultiPoint"",""coordinates"":[]}"
24107_0,0.13827792,0.6144958,0.09766113,2024-05-21,24107,"{""type"":""MultiPoint"",""coordinates"":[]}"
24108_0,0.19515306,0.6441247,0.15188172,2024-05-21,24108,"{""type"":""MultiPoint"",""coordinates"":[]}"
24109_0,0.21512605,0.62707907,0.19759451,2024-05-21,24109,"{""type"":""MultiPoint"",""coordinates"":[]}"
24110_0,0.12933458,0.09497717,0.12687969,2024-05-21,24110,"{""type"":""MultiPoint"",""coordinates"":[]}"
24111_0,0.13214621,0.58067834,-0.09262537,2024-05-21,24111,"{""type"":""MultiPoint"",""coordinates"":[]}"
24113_0,0.19538413,0.7434712,0.19423777,2024-05-21,24113,"{""type"":""MultiPoint"",""coordinates"":[]}"
24114_0,0.11689986,0.024923481,0.15581854,2024-05-21,24114,"{""type"":""MultiPoint"",""coordinates"":[]}"
24116_0,0.17873573,0.65817463,0.1634849,2024-05-21,24116,"{""type"":""MultiPoint"",""coordinates"":[]}"
24117_0,0.3365133,0.7771664,0.28514588,2024-05-21,24117,"{""type"":""MultiPoint"",""coordinates"":[]}"
24118_0,0.13930123,-0.0052863434,0.15270245,2024-05-21,24118,"{""type"":""MultiPoint"",""coordinates"":[]}"
24120_0,0.018069068,0.39321607,-0.017279575,2024-05-21,24120,"{""type"":""MultiPoint"",""coordinates"":[]}"
24121_0,0.05597274,0.015308642,0.047376465,2024-05-21,24121,"{""type"":""MultiPoint"",""coordinates"":[]}"
24122_0,0.12854807,0.42064372,0.13408151,2024-05-21,24122,"{""type"":""MultiPoint"",""coordinates"":[]}"
24123_0,0.046256848,0.21792763,-0.028215224,2024-05-21,24123,"{""type"":""MultiPoint"",""coordinates"":[]}"
24124_0,0.281471,0.5417996,0.15212208,2024-05-21,24124,"{""type"":""MultiPoint"",""coordinates"":[]}"
24125_0,-0.04907637,0.4390681,-0.08450905,2024-05-21,24125,"{""type"":""MultiPoint"",""coordinates"":[]}"
24126_0,0.21695697,0.67644846,0.18621057,2024-05-21,24126,"{""type"":""MultiPoint"",""coordinates"":[]}"
24127_0,0.09824829,0.25337654,0.1328125,2024-05-21,24127,"{""type"":""MultiPoint"",""coordinates"":[]}"
24128_0,0.20238268,0.5671476,0.21357971,2024-05-21,24128,"{""type"":""MultiPoint"",""coordinates"":[]}"
24129_0,0.1141522,0.5325062,0.07558342,2024-05-21,24129,"{""type"":""MultiPoint"",""coordinates"":[]}"
24130_0,0.15909731,0.69621307,0.15516509,2024-05-21,24130,"{""type"":""MultiPoint"",""coordinates"":[]}"
24131_0,0.09907164,0.60282433,0.055353772,2024-05-21,24131,"{""type"":""MultiPoint"",""coordinates"":[]}"
24132_0,0.18393083,0.7094017,0.17108874,2024-05-21,24132,"{""type"":""MultiPoint"",""coordinates"":[]}"
24133_0,0.065069064,0.085903816,0.07644255,2024-05-21,24133,"{""type"":""MultiPoint"",""coordinates"":[]}"
24134_0,0.28984827,0.82071364,0.2965603,2024-05-21,24134,"{""type"":""MultiPoint"",""coordinates"":[]}"
24135_0,0.12185451,0.65645313,0.10687141,2024-05-21,24135,"{""type"":""MultiPoint"",""coordinates"":[]}"
24136_0,0.054613184,0.046475194,0.060177226,2024-05-21,24136,"{""type"":""MultiPoint"",""coordinates"":[]}"
24137_0,0.09124579,0.6218956,0.08492965,2024-05-21,24137,"{""type"":""MultiPoint"",""coordinates"":[]}"
24138_0,0.09153713,0.639604,0.06752619,2024-05-21,24138,"{""type"":""MultiPoint"",""coordinates"":[]}"
24139_0,0.17934965,0.7181208,0.1883289,2024-05-21,24139,"{""type"":""MultiPoint"",""coordinates"":[]}"
24140_0,0.08193894,0.5310167,0.055545695,2024-05-21,24140,"{""type"":""MultiPoint"",""coordinates"":[]}"
24141_0,0.17030148,0.72255486,0.14323564,2024-05-21,24141,"{""type"":""MultiPoint"",""coordinates"":[]}"
24142_0,0.30465665,0.7882353,0.26613912,2024-05-21,24142,"{""type"":""MultiPoint"",""coordinates"":[]}"
24143_0,0.1764706,0.56264967,0.14469454,2024-05-21,24143,"{""type"":""MultiPoint"",""coordinates"":[]}"
24144_0,0.18481013,0.7570894,0.18598773,2024-05-21,24144,"{""type"":""MultiPoint"",""coordinates"":[]}"
24145_0,0.271012,0.7278782,0.23146474,2024-05-21,24145,"{""type"":""MultiPoint"",""coordinates"":[]}"
24147_0,0.14867724,0.0013742556,0.15204217,2024-05-21,24147,"{""type"":""MultiPoint"",""coordinates"":[]}"
24148_0,0.23373866,0.7649063,0.22049873,2024-05-21,24148,"{""type"":""MultiPoint"",""coordinates"":[]}"
24149_0,0.16706575,0.667587,0.14372277,2024-05-21,24149,"{""type"":""MultiPoint"",""coordinates"":[]}"
24150_0,0.031216362,0.52565134,0.025270758,2024-05-21,24150,"{""type"":""MultiPoint"",""coordinates"":[]}"
24151_0,0.015550619,0.45877787,-0.015384615,2024-05-21,24151,"{""type"":""MultiPoint"",""coordinates"":[]}"
24153_0,0.3459345,0.8351759,0.2906874,2024-05-21,24153,"{""type"":""MultiPoint"",""coordinates"":[]}"
24154_0,0.12240664,0.49524814,0.054748602,2024-05-21,24154,"{""type"":""MultiPoint"",""coordinates"":[]}"
24155_0,0.04658177,0.585038,-0.023933778,2024-05-21,24155,"{""type"":""MultiPoint"",""coordinates"":[]}"
24156_0,0.106932156,0.6115183,0.119272724,2024-05-21,24156,"{""type"":""MultiPoint"",""coordinates"":[]}"
24157_0,0.26501888,0.721467,0.22102965,2024-05-21,24157,"{""type"":""MultiPoint"",""coordinates"":[]}"
24158_0,0.2833362,0.75920033,0.29932886,2024-05-21,24158,"{""type"":""MultiPoint"",""coordinates"":[]}"
24159_0,0.026855763,0.45520037,0.0010840948,2024-05-21,24159,"{""type"":""MultiPoint"",""coordinates"":[]}"
24161_0,0.25554258,0.7505112,0.23372568,2024-05-21,24161,"{""type"":""MultiPoint"",""coordinates"":[]}"
24162_0,0.2998672,0.738403,0.26859045,2024-05-21,24162,"{""type"":""MultiPoint"",""coordinates"":[]}"
24163_0,0.27033493,0.7628695,0.27016032,2024-05-21,24163,"{""type"":""MultiPoint"",""coordinates"":[]}"
24165_0,0.2808151,0.7284974,0.26715624,2024-05-21,24165,"{""type"":""MultiPoint"",""coordinates"":[]}"
24167_0,0.29554263,0.7280164,0.2156087,2024-05-21,24167,"{""type"":""MultiPoint"",""coordinates"":[]}"
24169_0,0.12922706,0.6540608,0.104533225,2024-05-21,24169,"{""type"":""MultiPoint"",""coordinates"":[]}"
24170_0,0.21810828,0.76937616,0.19673966,2024-05-21,24170,"{""type"":""MultiPoint"",""coordinates"":[]}"
24171_0,0.048199445,0.57464457,0.015472779,2024-05-21,24171,"{""type"":""MultiPoint"",""coordinates"":[]}"
24172_0,0.19715448,0.6714472,0.12976426,2024-05-21,24172,"{""type"":""MultiPoint"",""coordinates"":[]}"
24173_0,0.27436742,0.73745173,0.24166475,2024-05-21,24173,"{""type"":""MultiPoint"",""coordinates"":[]}"
24174_0,0.18636283,0.76180255,0.17558618,2024-05-21,24174,"{""type"":""MultiPoint"",""coordinates"":[]}"
24175_0,0.1926221,0.677306,0.19582464,2024-05-21,24175,"{""type"":""MultiPoint"",""coordinates"":[]}"
24176_0,0.032897197,0.56393635,0.01278382,2024-05-21,24176,"{""type"":""MultiPoint"",""coordinates"":[]}"
24177_0,0.13775708,0.6195122,0.08897089,2024-05-21,24177,"{""type"":""MultiPoint"",""coordinates"":[]}"
24178_0,0.11618257,0.6002701,0.1056683,2024-05-21,24178,"{""type"":""MultiPoint"",""coordinates"":[]}"
24179_0,0.059465356,0.5804935,0.019711902,2024-05-21,24179,"{""type"":""MultiPoint"",""coordinates"":[]}"
24180_0,0.021831414,0.42004454,-0.00592454,2024-05-21,24180,"{""type"":""MultiPoint"",""coordinates"":[]}"
24181_0,0.10225485,0.30740276,0.09799789,2024-05-21,24181,"{""type"":""MultiPoint"",""coordinates"":[]}"
24182_0,0.20042361,0.7251908,0.08981314,2024-05-21,24182,"{""type"":""MultiPoint"",""coordinates"":[]}"
24183_0,0.09170912,0.20121951,0.0022894938,2024-05-21,24183,"{""type"":""MultiPoint"",""coordinates"":[]}"
24184_0,0.0033444816,0.08990457,0.019736841,2024-05-21,24184,"{""type"":""MultiPoint"",""coordinates"":[]}"
24185_0,0.15716429,0.66994536,0.15255515,2024-05-21,24185,"{""type"":""MultiPoint"",""coordinates"":[]}"
24186_0,0.2637486,0.6848249,0.13797635,2024-05-21,24186,"{""type"":""MultiPoint"",""coordinates"":[]}"
24187_0,0.04546584,0.14479874,0.0654342,2024-05-21,24187,"{""type"":""MultiPoint"",""coordinates"":[]}"
24188_0,0.22588405,0.70118135,0.20680305,2024-05-21,24188,"{""type"":""MultiPoint"",""coordinates"":[]}"
24189_0,0.22975591,0.71229696,0.1951417,2024-05-21,24189,"{""type"":""MultiPoint"",""coordinates"":[]}"
24190_0,0.2512404,0.72841054,0.24920851,2024-05-21,24190,"{""type"":""MultiPoint"",""coordinates"":[]}"
24441_0,0.13733906,0.6682832,0.13662647,2024-05-21,24441,"{""type"":""MultiPoint"",""coordinates"":[]}"
24443_0,-0.07240812,0.357174,-0.113642834,2024-05-21,24443,"{""type"":""MultiPoint"",""coordinates"":[]}"
24444_0,0.13615899,0.6723277,0.09233279,2024-05-21,24444,"{""type"":""MultiPoint"",""coordinates"":[]}"
24449_0,0.043580685,0.4699295,0.043580685,2024-05-21,24449,"{""type"":""MultiPoint"",""coordinates"":[]}"
24451_0,0.38892174,0.8585419,0.37575513,2024-05-21,24451,"{""type"":""MultiPoint"",""coordinates"":[]}"
24454_0,0.22482759,0.70396686,0.1880289,2024-05-21,24454,"{""type"":""MultiPoint"",""coordinates"":[]}"
24455_0,0.11522714,0.58435756,0.11106758,2024-05-21,24455,"{""type"":""MultiPoint"",""coordinates"":[]}"
24456_0,-0.022073923,0.4733277,-0.06727419,2024-05-21,24456,"{""type"":""MultiPoint"",""coordinates"":[]}"
24458_0,0.011674397,0.49074075,-0.03206413,2024-05-21,24458,"{""type"":""MultiPoint"",""coordinates"":[]}"
24459_0,-0.009842809,0.62118125,-0.03821175,2024-05-21,24459,"{""type"":""MultiPoint"",""coordinates"":[]}"
24460_0,0.18885353,0.023255814,0.24543288,2024-05-21,24460,"{""type"":""MultiPoint"",""coordinates"":[]}"
24461_0,0.09332652,0.561051,0.06511996,2024-05-21,24461,"{""type"":""MultiPoint"",""coordinates"":[]}"
24463_0,0.21939218,0.73769134,0.21792084,2024-05-21,24463,"{""type"":""MultiPoint"",""coordinates"":[]}"
24464_0,0.23288625,0.7549568,0.22108242,2024-05-21,24464,"{""type"":""MultiPoint"",""coordinates"":[]}"
24467_0,0.12204007,0.2729544,-0.083633095,2024-05-21,24467,"{""type"":""MultiPoint"",""coordinates"":[]}"
24468_0,0.3021728,0.6882333,0.29161322,2024-05-21,24468,"{""type"":""MultiPoint"",""coordinates"":[]}"
24469_0,0.223105,0.67252195,0.19150838,2024-05-21,24469,"{""type"":""MultiPoint"",""coordinates"":[]}"
24470_0,0.06341776,0.009483667,0.02411973,2024-05-21,24470,"{""type"":""MultiPoint"",""coordinates"":[]}"
24471_0,0.0660502,0.4603683,0.015731588,2024-05-21,24471,"{""type"":""MultiPoint"",""coordinates"":[]}"
24472_0,0.12702996,0.6074866,0.10820276,2024-05-21,24472,"{""type"":""MultiPoint"",""coordinates"":[]}"
24473_0,0.100474685,0.48518896,0.12234659,2024-05-21,24473,"{""type"":""MultiPoint"",""coordinates"":[]}"
24474_0,0.23759434,0.628802,0.22302493,2024-05-21,24474,"{""type"":""MultiPoint"",""coordinates"":[]}"
24475_0,0.21002048,0.7337632,0.2004465,2024-05-21,24475,"{""type"":""MultiPoint"",""coordinates"":[]}"
24477_0,0.14038537,0.60681754,0.11138211,2024-05-21,24477,"{""type"":""MultiPoint"",""coordinates"":[]}"
24478_0,0.028648818,0.10324484,0.057991512,2024-05-21,24478,"{""type"":""MultiPoint"",""coordinates"":[]}"
24479_0,-0.011554146,0.19407266,0.056125145,2024-05-21,24479,"{""type"":""MultiPoint"",""coordinates"":[]}"
24480_0,0.27547932,0.5125165,0.23043944,2024-05-21,24480,"{""type"":""MultiPoint"",""coordinates"":[]}"
24482_0,0.15914072,0.37662336,0.024415055,2024-05-21,24482,"{""type"":""MultiPoint"",""coordinates"":[]}"
24483_0,0.11446911,0.4897182,0.08320642,2024-05-21,24483,"{""type"":""MultiPoint"",""coordinates"":[]}"
24484_0,0.087989725,0.18051879,0.02293578,2024-05-21,24484,"{""type"":""MultiPoint"",""coordinates"":[]}"
24485_0,0.27795193,0.60282576,0.19275701,2024-05-21,24485,"{""type"":""MultiPoint"",""coordinates"":[]}"
24487_0,0.17075326,0.6230769,0.14855976,2024-05-21,24487,"{""type"":""MultiPoint"",""coordinates"":[]}"
24488_0,0.08901268,0.007206443,0.10575916,2024-05-21,24488,"{""type"":""MultiPoint"",""coordinates"":[]}"
24491_0,0.36398154,0.8559762,0.3614704,2024-05-21,24491,"{""type"":""MultiPoint"",""coordinates"":[]}"
24492_0,0.21253562,0.7673888,0.19853084,2024-05-21,24492,"{""type"":""MultiPoint"",""coordinates"":[]}"
24493_0,0.08743914,0.087077536,0.077013984,2024-05-21,24493,"{""type"":""MultiPoint"",""coordinates"":[]}"
24494_0,0.33352298,0.87487894,0.34762633,2024-05-21,24494,"{""type"":""MultiPoint"",""coordinates"":[]}"
24495_0,0.26054013,0.5779052,0.22814845,2024-05-21,24495,"{""type"":""MultiPoint"",""coordinates"":[]}"
24496_0,0.054059785,0.13962264,0.098403715,2024-05-21,24496,"{""type"":""MultiPoint"",""coordinates"":[]}"
24497_0,0.010050751,0.14431673,0.03884058,2024-05-21,24497,"{""type"":""MultiPoint"",""coordinates"":[]}"
24498_0,0.1736022,0.69122213,0.14133333,2024-05-21,24498,"{""type"":""MultiPoint"",""coordinates"":[]}"
24499_0,0.06848858,0.52892363,0.056858443,2024-05-21,24499,"{""type"":""MultiPoint"",""coordinates"":[]}"
24500_0,0.2475188,0.82807773,0.25690526,2024-05-21,24500,"{""type"":""MultiPoint"",""coordinates"":[]}"
24501_0,0.16676793,0.6749311,0.14160538,2024-05-21,24501,"{""type"":""MultiPoint"",""coordinates"":[]}"
24502_0,0.10348343,0.6870263,0.17844908,2024-05-21,24502,"{""type"":""MultiPoint"",""coordinates"":[]}"
24503_0,0.107091784,0.014359915,0.111576125,2024-05-21,24503,"{""type"":""MultiPoint"",""coordinates"":[]}"
24504_0,0.28582436,0.69920194,0.1977499,2024-05-21,24504,"{""type"":""MultiPoint"",""coordinates"":[]}"
24505_0,0.13149257,0.31011766,0.10629843,2024-05-21,24505,"{""type"":""MultiPoint"",""coordinates"":[]}"
24506_0,0.12931034,0.026106697,0.13114883,2024-05-21,24506,"{""type"":""MultiPoint"",""coordinates"":[]}"
24507_0,0.24418996,0.6940536,0.24899599,2024-05-21,24507,"{""type"":""MultiPoint"",""coordinates"":[]}"
24508_0,0.10030507,0.062776305,-0.005995452,2024-05-21,24508,"{""type"":""MultiPoint"",""coordinates"":[]}"
24509_0,0.2992941,0.7423231,0.27348134,2024-05-21,24509,"{""type"":""MultiPoint"",""coordinates"":[]}"
24510_0,0.24101894,0.72888017,0.20465435,2024-05-21,24510,"{""type"":""MultiPoint"",""coordinates"":[]}"
24512_0,0.23269013,0.75671405,0.15640599,2024-05-21,24512,"{""type"":""MultiPoint"",""coordinates"":[]}"
24513_0,0.30483872,0.83431953,0.266383,2024-05-21,24513,"{""type"":""MultiPoint"",""coordinates"":[]}"
24515_0,0.087317035,0.058948487,0.11513457,2024-05-21,24515,"{""type"":""MultiPoint"",""coordinates"":[]}"
24516_0,0.1158361,0.677686,0.09927798,2024-05-21,24516,"{""type"":""MultiPoint"",""coordinates"":[]}"
24517_0,0.13524711,0.52261305,0.108874656,2024-05-21,24517,"{""type"":""MultiPoint"",""coordinates"":[]}"
24518_0,0.13869347,0.63002163,0.13710354,2024-05-21,24518,"{""type"":""MultiPoint"",""coordinates"":[]}"
24519_0,0.3109079,0.8787879,0.30569267,2024-05-21,24519,"{""type"":""MultiPoint"",""coordinates"":[]}"
24520_0,0.19977148,0.73305213,0.1557163,2024-05-21,24520,"{""type"":""MultiPoint"",""coordinates"":[]}"
24521_0,0.04052879,0.42381433,0.011469534,2024-05-21,24521,"{""type"":""MultiPoint"",""coordinates"":[]}"
24523_0,0.22911346,0.85876995,0.26949006,2024-05-21,24523,"{""type"":""MultiPoint"",""coordinates"":[]}"
24525_0,0.09943583,0.6205899,0.046303213,2024-05-21,24525,"{""type"":""MultiPoint"",""coordinates"":[]}"
24526_0,0.028399175,0.5259027,-0.024422884,2024-05-21,24526,"{""type"":""MultiPoint"",""coordinates"":[]}"
24528_0,0.11704391,0.6048951,0.09372518,2024-05-21,24528,"{""type"":""MultiPoint"",""coordinates"":[]}"
24529_0,0.10040301,0.52699786,0.04837813,2024-05-21,24529,"{""type"":""MultiPoint"",""coordinates"":[]}"
24530_0,0.20501779,0.7300683,0.17729123,2024-05-21,24530,"{""type"":""MultiPoint"",""coordinates"":[]}"
24531_0,0.28781432,0.7720814,0.26667994,2024-05-21,24531,"{""type"":""MultiPoint"",""coordinates"":[]}"
24532_0,0.29414466,0.7410959,0.24638392,2024-05-21,24532,"{""type"":""MultiPoint"",""coordinates"":[]}"
24534_0,0.276711,0.74651814,0.2612522,2024-05-21,24534,"{""type"":""MultiPoint"",""coordinates"":[]}"
24536_0,0.23847857,0.74809605,0.22395407,2024-05-21,24536,"{""type"":""MultiPoint"",""coordinates"":[]}"
24537_0,0.28932983,0.79747653,0.22567835,2024-05-21,24537,"{""type"":""MultiPoint"",""coordinates"":[]}"
24539_0,0.20511779,0.7061199,0.16776526,2024-05-21,24539,"{""type"":""MultiPoint"",""coordinates"":[]}"
24540_0,0.08344549,0.6191875,0.09681698,2024-05-21,24540,"{""type"":""MultiPoint"",""coordinates"":[]}"
24541_0,0.34005356,0.7304833,0.27994502,2024-05-21,24541,"{""type"":""MultiPoint"",""coordinates"":[]}"
24542_0,0.13038832,0.6711314,0.09138284,2024-05-21,24542,"{""type"":""MultiPoint"",""coordinates"":[]}"
24543_0,0.18018788,0.649599,0.16412713,2024-05-21,24543,"{""type"":""MultiPoint"",""coordinates"":[]}"
24544_0,0.28721803,0.7959698,0.26446465,2024-05-21,24544,"{""type"":""MultiPoint"",""coordinates"":[]}"
24545_0,0.29575568,0.77302736,0.28532362,2024-05-21,24545,"{""type"":""MultiPoint"",""coordinates"":[]}"
24546_0,0.07662917,0.62312925,0.046261784,2024-05-21,24546,"{""type"":""MultiPoint"",""coordinates"":[]}"
24547_0,0.13408473,0.6757075,0.12110454,2024-05-21,24547,"{""type"":""MultiPoint"",""coordinates"":[]}"
24548_0,0.010303031,0.29191557,-0.0033794162,2024-05-21,24548,"{""type"":""MultiPoint"",""coordinates"":[]}"
24549_0,0.22043519,0.6171181,0.17928287,2024-05-21,24549,"{""type"":""MultiPoint"",""coordinates"":[]}"
24550_0,0.114306,0.5160745,0.037237123,2024-05-21,24550,"{""type"":""MultiPoint"",""coordinates"":[]}"
24551_0,0.2892741,0.71603054,0.26292136,2024-05-21,24551,"{""type"":""MultiPoint"",""coordinates"":[]}"
24552_0,0.07378018,0.2519916,0.04241578,2024-05-21,24552,"{""type"":""MultiPoint"",""coordinates"":[]}"
24553_0,0.07931199,0.12772585,0.059770677,2024-05-21,24553,"{""type"":""MultiPoint"",""coordinates"":[]}"
24554_0,-0.0062413313,0.42049092,-0.043134436,2024-05-21,24554,"{""type"":""MultiPoint"",""coordinates"":[]}"
24555_0,0.08456057,-0.0011675423,0.08419802,2024-05-21,24555,"{""type"":""MultiPoint"",""coordinates"":[]}"
24556_0,0.10423337,0.5467512,0.075284615,2024-05-21,24556,"{""type"":""MultiPoint"",""coordinates"":[]}"
24557_0,0.20212062,0.6635514,0.15960912,2024-05-21,24557,"{""type"":""MultiPoint"",""coordinates"":[]}"
24558_0,0.05874254,0.017417418,0.048186246,2024-05-21,24558,"{""type"":""MultiPoint"",""coordinates"":[]}"
24559_0,0.12407915,0.70661974,0.12268519,2024-05-21,24559,"{""type"":""MultiPoint"",""coordinates"":[]}"
24560_0,0.07262224,0.054532323,0.1301403,2024-05-21,24560,"{""type"":""MultiPoint"",""coordinates"":[]}"
24561_0,0.024786444,0.11143912,-0.0723745,2024-05-21,24561,"{""type"":""MultiPoint"",""coordinates"":[]}"
24562_0,0.04107529,0.030511389,-0.03081742,2024-05-21,24562,"{""type"":""MultiPoint"",""coordinates"":[]}"
24563_0,0.19789423,0.62967914,0.1852212,2024-05-21,24563,"{""type"":""MultiPoint"",""coordinates"":[]}"
24564_0,0.121670574,0.6351442,0.0837964,2024-05-21,24564,"{""type"":""MultiPoint"",""coordinates"":[]}"
24565_0,0.17501451,0.62507325,0.13062972,2024-05-21,24565,"{""type"":""MultiPoint"",""coordinates"":[]}"
24566_0,0.245679,0.73775476,0.21817018,2024-05-21,24566,"{""type"":""MultiPoint"",""coordinates"":[]}"
24842_0,0.1948379,0.67167026,0.15661062,2024-05-21,24842,"{""type"":""MultiPoint"",""coordinates"":[]}"
24844_0,0.25960472,0.71188474,0.26222616,2024-05-21,24844,"{""type"":""MultiPoint"",""coordinates"":[]}"
24847_0,0.16375259,0.71513355,0.13023074,2024-05-21,24847,"{""type"":""MultiPoint"",""coordinates"":[]}"
24850_0,0.19400777,0.7172959,0.14766282,2024-05-21,24850,"{""type"":""MultiPoint"",""coordinates"":[]}"
24853_0,0.25,0.6354916,0.19859402,2024-05-21,24853,"{""type"":""MultiPoint"",""coordinates"":[]}"
24854_0,0.22426045,0.6347197,0.21281235,2024-05-21,24854,"{""type"":""MultiPoint"",""coordinates"":[]}"
24856_0,0.19672935,0.6821741,0.19580877,2024-05-21,24856,"{""type"":""MultiPoint"",""coordinates"":[]}"
24857_0,0.11677715,0.58648926,0.08810109,2024-05-21,24857,"{""type"":""MultiPoint"",""coordinates"":[]}"
24858_0,0.16941176,0.5744963,0.11473354,2024-05-21,24858,"{""type"":""MultiPoint"",""coordinates"":[]}"
24860_0,0.11146954,0.58781165,0.07240412,2024-05-21,24860,"{""type"":""MultiPoint"",""coordinates"":[]}"
24861_0,0.08085746,0.5778628,0.04605777,2024-05-21,24861,"{""type"":""MultiPoint"",""coordinates"":[]}"
24864_0,0.038172714,0.5329643,-0.0045751636,2024-05-21,24864,"{""type"":""MultiPoint"",""coordinates"":[]}"
24866_0,0.1496607,0.0058333334,0.16702925,2024-05-21,24866,"{""type"":""MultiPoint"",""coordinates"":[]}"
24867_0,0.33962265,0.7656566,0.28152493,2024-05-21,24867,"{""type"":""MultiPoint"",""coordinates"":[]}"
24869_0,0.1018191,0.046421662,0.09805912,2024-05-21,24869,"{""type"":""MultiPoint"",""coordinates"":[]}"
24870_0,0.14832608,0.041237112,0.18266979,2024-05-21,24870,"{""type"":""MultiPoint"",""coordinates"":[]}"
24871_0,0.087246336,0.4409222,0.06366813,2024-05-21,24871,"{""type"":""MultiPoint"",""coordinates"":[]}"
24872_0,0.08092523,0.031841256,0.121012725,2024-05-21,24872,"{""type"":""MultiPoint"",""coordinates"":[]}"
24875_0,0.2647374,0.6513433,0.23454586,2024-05-21,24875,"{""type"":""MultiPoint"",""coordinates"":[]}"
24876_0,0.21648745,0.30362538,-0.11758691,2024-05-21,24876,"{""type"":""MultiPoint"",""coordinates"":[]}"
24877_0,0.11108608,-0.014662757,0.08775581,2024-05-21,24877,"{""type"":""MultiPoint"",""coordinates"":[]}"
24878_0,0.0596173,0.08162375,0.07657217,2024-05-21,24878,"{""type"":""MultiPoint"",""coordinates"":[]}"
24879_0,0.059470266,0.5977249,0.045154743,2024-05-21,24879,"{""type"":""MultiPoint"",""coordinates"":[]}"
24883_0,0.11519434,0.5407407,0.07533235,2024-05-21,24883,"{""type"":""MultiPoint"",""coordinates"":[]}"
24884_0,0.13506815,0.4318555,0.11082803,2024-05-21,24884,"{""type"":""MultiPoint"",""coordinates"":[]}"
24885_0,0.18095239,0.6924925,0.14436549,2024-05-21,24885,"{""type"":""MultiPoint"",""coordinates"":[]}"
24887_0,0.03740374,0.16191445,0.021143304,2024-05-21,24887,"{""type"":""MultiPoint"",""coordinates"":[]}"
24890_0,0.08564678,0.35549295,0.017766498,2024-05-21,24890,"{""type"":""MultiPoint"",""coordinates"":[]}"
24893_0,0.04946599,0.14461884,0.09402625,2024-05-21,24893,"{""type"":""MultiPoint"",""coordinates"":[]}"
24894_0,0.1128325,0.53458023,0.07511809,2024-05-21,24894,"{""type"":""MultiPoint"",""coordinates"":[]}"
24896_0,0.16232227,0.4386757,0.1497294,2024-05-21,24896,"{""type"":""MultiPoint"",""coordinates"":[]}"
24897_0,0.0640574,0.44594595,0.035623066,2024-05-21,24897,"{""type"":""MultiPoint"",""coordinates"":[]}"
24898_0,-0.010190114,0.48434147,0.02049845,2024-05-21,24898,"{""type"":""MultiPoint"",""coordinates"":[]}"
24899_0,0.12976445,0.029075805,0.1306332,2024-05-21,24899,"{""type"":""MultiPoint"",""coordinates"":[]}"
24900_0,0.26570857,0.7477926,0.27455837,2024-05-21,24900,"{""type"":""MultiPoint"",""coordinates"":[]}"
24901_0,0.11398142,0.14911081,0.12625699,2024-05-21,24901,"{""type"":""MultiPoint"",""coordinates"":[]}"
24902_0,0.071591064,0.25827047,0.111082636,2024-05-21,24902,"{""type"":""MultiPoint"",""coordinates"":[]}"
24903_0,0.13564457,0.6233612,0.029478459,2024-05-21,24903,"{""type"":""MultiPoint"",""coordinates"":[]}"
24904_0,0.053645115,0.54747283,0.028248588,2024-05-21,24904,"{""type"":""MultiPoint"",""coordinates"":[]}"
24905_0,0.1888323,0.67759866,0.16795665,2024-05-21,24905,"{""type"":""MultiPoint"",""coordinates"":[]}"
24907_0,0.23907295,0.79013455,0.24013668,2024-05-21,24907,"{""type"":""MultiPoint"",""coordinates"":[]}"
24908_0,0.11263068,0.047528517,0.13287073,2024-05-21,24908,"{""type"":""MultiPoint"",""coordinates"":[]}"
24909_0,0.17018634,0.8270677,0.18536586,2024-05-21,24909,"{""type"":""MultiPoint"",""coordinates"":[]}"
24910_0,0.06388643,0.0970714,0.116637364,2024-05-21,24910,"{""type"":""MultiPoint"",""coordinates"":[]}"
24911_0,0.07410338,0.04023845,0.087933496,2024-05-21,24911,"{""type"":""MultiPoint"",""coordinates"":[]}"
24912_0,0.32396695,0.81696564,0.29238755,2024-05-21,24912,"{""type"":""MultiPoint"",""coordinates"":[]}"
24913_0,0.18152866,0.6426567,0.15488327,2024-05-21,24913,"{""type"":""MultiPoint"",""coordinates"":[]}"
24914_0,0.26401666,0.7507894,0.25925925,2024-05-21,24914,"{""type"":""MultiPoint"",""coordinates"":[]}"
24915_0,0.3173029,0.7442986,0.29402718,2024-05-21,24915,"{""type"":""MultiPoint"",""coordinates"":[]}"
24917_0,0.2421466,0.73402196,0.21456026,2024-05-21,24917,"{""type"":""MultiPoint"",""coordinates"":[]}"
24918_0,0.23245615,0.72291297,0.29765886,2024-05-21,24918,"{""type"":""MultiPoint"",""coordinates"":[]}"
24919_0,0.081822634,0.6008273,-0.095265925,2024-05-21,24919,"{""type"":""MultiPoint"",""coordinates"":[]}"
24920_0,0.23620522,0.74172187,0.25,2024-05-21,24920,"{""type"":""MultiPoint"",""coordinates"":[]}"
24921_0,0.16212074,0.57472247,0.14855185,2024-05-21,24921,"{""type"":""MultiPoint"",""coordinates"":[]}"
24922_0,0.20479862,0.75349885,0.164967,2024-05-21,24922,"{""type"":""MultiPoint"",""coordinates"":[]}"
24924_0,0.26177436,0.73692554,0.23841807,2024-05-21,24924,"{""type"":""MultiPoint"",""coordinates"":[]}"
24928_0,0.13455038,0.6415446,0.092520386,2024-05-21,24928,"{""type"":""MultiPoint"",""coordinates"":[]}"
24930_0,0.0036674817,0.44279945,-0.0067943176,2024-05-21,24930,"{""type"":""MultiPoint"",""coordinates"":[]}"
24933_0,0.024051,0.3167315,0.0023696683,2024-05-21,24933,"{""type"":""MultiPoint"",""coordinates"":[]}"
24934_0,0.20853639,0.74487245,0.19390725,2024-05-21,24934,"{""type"":""MultiPoint"",""coordinates"":[]}"
24935_0,0.20801713,0.69292694,0.18256678,2024-05-21,24935,"{""type"":""MultiPoint"",""coordinates"":[]}"
24936_0,0.059483346,0.6980255,0.02758742,2024-05-21,24936,"{""type"":""MultiPoint"",""coordinates"":[]}"
24939_0,0.24618374,0.7383767,0.2379349,2024-05-21,24939,"{""type"":""MultiPoint"",""coordinates"":[]}"
24940_0,0.3058747,0.7648079,0.31213748,2024-05-21,24940,"{""type"":""MultiPoint"",""coordinates"":[]}"
24941_0,0.19992137,0.5954654,0.1356976,2024-05-21,24941,"{""type"":""MultiPoint"",""coordinates"":[]}"
24942_0,0.030103806,0.4399591,0.0026685642,2024-05-21,24942,"{""type"":""MultiPoint"",""coordinates"":[]}"
24943_0,0.2394822,0.75409836,0.21908379,2024-05-21,24943,"{""type"":""MultiPoint"",""coordinates"":[]}"
24945_0,0.18425089,0.6324461,0.14733654,2024-05-21,24945,"{""type"":""MultiPoint"",""coordinates"":[]}"
24946_0,0.108478226,0.5869417,0.094262935,2024-05-21,24946,"{""type"":""MultiPoint"",""coordinates"":[]}"
24947_0,0.011176306,0.33800077,-0.014185414,2024-05-21,24947,"{""type"":""MultiPoint"",""coordinates"":[]}"
24948_0,0.19139178,0.71531904,0.1831789,2024-05-21,24948,"{""type"":""MultiPoint"",""coordinates"":[]}"
24949_0,0.11645102,0.63693076,0.09905759,2024-05-21,24949,"{""type"":""MultiPoint"",""coordinates"":[]}"
24950_0,-0.006369427,0.5004586,-0.03023118,2024-05-21,24950,"{""type"":""MultiPoint"",""coordinates"":[]}"
24951_0,0.048280317,0.6586857,0.049814604,2024-05-21,24951,"{""type"":""MultiPoint"",""coordinates"":[]}"
24952_0,0.046528805,0.6040868,-0.013741657,2024-05-21,24952,"{""type"":""MultiPoint"",""coordinates"":[]}"
24953_0,0.255054,0.7178488,0.24204001,2024-05-21,24953,"{""type"":""MultiPoint"",""coordinates"":[]}"
24954_0,0.33772454,0.7152104,0.31432113,2024-05-21,24954,"{""type"":""MultiPoint"",""coordinates"":[]}"
24955_0,-0.0033745782,0.43450323,-0.036520585,2024-05-21,24955,"{""type"":""MultiPoint"",""coordinates"":[]}"
24956_0,0.16459198,0.0795353,0.06666667,2024-05-21,24956,"{""type"":""MultiPoint"",""coordinates"":[]}"
24957_0,0.056816243,0.49361148,0.017768301,2024-05-21,24957,"{""type"":""MultiPoint"",""coordinates"":[]}"
24958_0,0.07183863,0.55083597,0.06865951,2024-05-21,24958,"{""type"":""MultiPoint"",""coordinates"":[]}"
24959_0,-0.033398822,0.45193687,-0.019379845,2024-05-21,24959,"{""type"":""MultiPoint"",""coordinates"":[]}"
24960_0,-0.032981783,0.11816578,-0.030117601,2024-05-21,24960,"{""type"":""MultiPoint"",""coordinates"":[]}"
24961_0,0.113774665,0.017361112,0.13066024,2024-05-21,24961,"{""type"":""MultiPoint"",""coordinates"":[]}"
24962_0,-0.0034013605,0.20791477,0.100235686,2024-05-21,24962,"{""type"":""MultiPoint"",""coordinates"":[]}"
24963_0,0.120364346,0.4407381,0.2004731,2024-05-21,24963,"{""type"":""MultiPoint"",""coordinates"":[]}"
24964_0,0.050784856,0.16835871,0.036009002,2024-05-21,24964,"{""type"":""MultiPoint"",""coordinates"":[]}"
24965_0,0.32925105,0.5777461,0.21672167,2024-05-21,24965,"{""type"":""MultiPoint"",""coordinates"":[]}"
24966_0,0.06520356,0.51646286,0.046243712,2024-05-21,24966,"{""type"":""MultiPoint"",""coordinates"":[]}"
24967_0,0.08111434,0.027922077,0.09550173,2024-05-21,24967,"{""type"":""MultiPoint"",""coordinates"":[]}"
24968_0,0.2687819,0.7520492,0.26082948,2024-05-21,24968,"{""type"":""MultiPoint"",""coordinates"":[]}"
24969_0,0.20220588,0.6983308,0.1778573,2024-05-21,24969,"{""type"":""MultiPoint"",""coordinates"":[]}"
24970_0,0.31280473,0.7395018,0.29209623,2024-05-21,24970,"{""type"":""MultiPoint"",""coordinates"":[]}"
24971_0,0.2468959,0.6849177,0.22790697,2024-05-21,24971,"{""type"":""MultiPoint"",""coordinates"":[]}"
