system:index,NDII,NDVI,NDWI,date,point_id,.geo
1_0,0.29501712,0.7734375,0.2586637,2024-02-26,1,"{""type"":""MultiPoint"",""coordinates"":[]}"
2_0,0.23821218,0.6269867,0.23577236,2024-02-26,2,"{""type"":""MultiPoint"",""coordinates"":[]}"
3_0,0.052035708,0.52238804,-0.008103727,2024-02-26,3,"{""type"":""MultiPoint"",""coordinates"":[]}"
4_0,0.10989557,0.57345974,0.093211755,2024-02-26,4,"{""type"":""MultiPoint"",""coordinates"":[]}"
5_0,0.2826899,0.80853355,0.2730944,2024-02-26,5,"{""type"":""MultiPoint"",""coordinates"":[]}"
6_0,-0.045823283,0.4079088,-0.09378583,2024-02-26,6,"{""type"":""MultiPoint"",""coordinates"":[]}"
7_0,-0.052208837,0.44072947,-0.08028135,2024-02-26,7,"{""type"":""MultiPoint"",""coordinates"":[]}"
8_0,0.25914633,0.8327703,0.28212702,2024-02-26,8,"{""type"":""MultiPoint"",""coordinates"":[]}"
9_0,-0.043828074,0.53977644,-0.025587685,2024-02-26,9,"{""type"":""MultiPoint"",""coordinates"":[]}"
10_0,0.18620689,0.7557411,0.08586185,2024-02-26,10,"{""type"":""MultiPoint"",""coordinates"":[]}"
11_0,0.03846154,0.59803116,0.039487727,2024-02-26,11,"{""type"":""MultiPoint"",""coordinates"":[]}"
12_0,0.22456297,0.5428412,0.23008455,2024-02-26,12,"{""type"":""MultiPoint"",""coordinates"":[]}"
13_0,0.2991511,0.722,0.25054467,2024-02-26,13,"{""type"":""MultiPoint"",""coordinates"":[]}"
14_0,0.2541641,0.81312126,0.20276953,2024-02-26,14,"{""type"":""MultiPoint"",""coordinates"":[]}"
15_0,0.2652733,0.7782892,0.25670913,2024-02-26,15,"{""type"":""MultiPoint"",""coordinates"":[]}"
16_0,0.17888562,0.59085715,0.24731183,2024-02-26,16,"{""type"":""MultiPoint"",""coordinates"":[]}"
17_0,0.2187264,0.67114097,0.1241535,2024-02-26,17,"{""type"":""MultiPoint"",""coordinates"":[]}"
18_0,0.12855451,0.7580488,0.10113046,2024-02-26,18,"{""type"":""MultiPoint"",""coordinates"":[]}"
19_0,0.20642202,0.7824987,0.18533468,2024-02-26,19,"{""type"":""MultiPoint"",""coordinates"":[]}"
20_0,0.38325992,0.8581081,0.3836478,2024-02-26,20,"{""type"":""MultiPoint"",""coordinates"":[]}"
21_0,0.081642754,0.47562778,0.036844835,2024-02-26,21,"{""type"":""MultiPoint"",""coordinates"":[]}"
22_0,0.2982353,0.79706186,0.3758828,2024-02-26,22,"{""type"":""MultiPoint"",""coordinates"":[]}"
23_0,0.07918051,0.6766784,0.0659927,2024-02-26,23,"{""type"":""MultiPoint"",""coordinates"":[]}"
24_0,0.24230418,0.71194166,0.20346043,2024-02-26,24,"{""type"":""MultiPoint"",""coordinates"":[]}"
25_0,0.053008597,0.5632017,0.042260323,2024-02-26,25,"{""type"":""MultiPoint"",""coordinates"":[]}"
26_0,0.32582825,0.8095648,0.33418044,2024-02-26,26,"{""type"":""MultiPoint"",""coordinates"":[]}"
27_0,0.09639727,0.57328385,0.06639839,2024-02-26,27,"{""type"":""MultiPoint"",""coordinates"":[]}"
28_0,0.18342152,0.74244535,0.14863622,2024-02-26,28,"{""type"":""MultiPoint"",""coordinates"":[]}"
29_0,0.030597173,0.45341226,0.0075610285,2024-02-26,29,"{""type"":""MultiPoint"",""coordinates"":[]}"
30_0,0.15992397,0.70991135,0.15671845,2024-02-26,30,"{""type"":""MultiPoint"",""coordinates"":[]}"
31_0,0.16432819,0.625,0.10834814,2024-02-26,31,"{""type"":""MultiPoint"",""coordinates"":[]}"
32_0,0.2832475,0.714508,0.3014467,2024-02-26,32,"{""type"":""MultiPoint"",""coordinates"":[]}"
33_0,0.15992758,0.70877534,0.12010114,2024-02-26,33,"{""type"":""MultiPoint"",""coordinates"":[]}"
34_0,0.47152084,0.8555008,0.43037975,2024-02-26,34,"{""type"":""MultiPoint"",""coordinates"":[]}"
35_0,0.14123736,0.6242342,0.15600775,2024-02-26,35,"{""type"":""MultiPoint"",""coordinates"":[]}"
36_0,0.109632626,0.6202975,0.09230316,2024-02-26,36,"{""type"":""MultiPoint"",""coordinates"":[]}"
37_0,0.1059141,0.49127182,0.09223744,2024-02-26,37,"{""type"":""MultiPoint"",""coordinates"":[]}"
38_0,0.19076549,0.7094658,0.15589353,2024-02-26,38,"{""type"":""MultiPoint"",""coordinates"":[]}"
39_0,0.090701655,0.65457684,0.09173789,2024-02-26,39,"{""type"":""MultiPoint"",""coordinates"":[]}"
40_0,0.048175182,0.55278593,0.03976436,2024-02-26,40,"{""type"":""MultiPoint"",""coordinates"":[]}"
41_0,0.16450547,0.72633135,0.17374906,2024-02-26,41,"{""type"":""MultiPoint"",""coordinates"":[]}"
42_0,0.11494545,0.5432856,0.12974052,2024-02-26,42,"{""type"":""MultiPoint"",""coordinates"":[]}"
43_0,0.166822,0.5906237,0.17247763,2024-02-26,43,"{""type"":""MultiPoint"",""coordinates"":[]}"
44_0,0.38234234,0.7985154,0.32863298,2024-02-26,44,"{""type"":""MultiPoint"",""coordinates"":[]}"
45_0,0.18265896,0.6598241,0.09125964,2024-02-26,45,"{""type"":""MultiPoint"",""coordinates"":[]}"
46_0,0.30799162,0.7526289,0.20440468,2024-02-26,46,"{""type"":""MultiPoint"",""coordinates"":[]}"
47_0,0.0383016,0.55728155,0.04540517,2024-02-26,47,"{""type"":""MultiPoint"",""coordinates"":[]}"
184_0,0.058793455,0.42836365,0.032325886,2024-02-26,184,"{""type"":""MultiPoint"",""coordinates"":[]}"
185_0,0.21938089,0.7747489,0.2609582,2024-02-26,185,"{""type"":""MultiPoint"",""coordinates"":[]}"
186_0,0.18650794,0.75816715,0.18163672,2024-02-26,186,"{""type"":""MultiPoint"",""coordinates"":[]}"
187_0,0.2537935,0.76962936,0.27806562,2024-02-26,187,"{""type"":""MultiPoint"",""coordinates"":[]}"
188_0,-0.119025305,0.4113949,-0.1414914,2024-02-26,188,"{""type"":""MultiPoint"",""coordinates"":[]}"
189_0,0.11464148,0.62585276,0.046694405,2024-02-26,189,"{""type"":""MultiPoint"",""coordinates"":[]}"
190_0,0.1975372,0.7620374,0.1720487,2024-02-26,190,"{""type"":""MultiPoint"",""coordinates"":[]}"
191_0,0.17738304,0.6925373,0.1595092,2024-02-26,191,"{""type"":""MultiPoint"",""coordinates"":[]}"
192_0,0.2254031,0.70736086,0.23546606,2024-02-26,192,"{""type"":""MultiPoint"",""coordinates"":[]}"
193_0,0.3105446,0.8122449,0.3020528,2024-02-26,193,"{""type"":""MultiPoint"",""coordinates"":[]}"
194_0,0.07879469,0.49923038,0.085639976,2024-02-26,194,"{""type"":""MultiPoint"",""coordinates"":[]}"
195_0,0.31432644,0.7242851,0.35479543,2024-02-26,195,"{""type"":""MultiPoint"",""coordinates"":[]}"
196_0,0.01014869,0.4894354,0.0124793975,2024-02-26,196,"{""type"":""MultiPoint"",""coordinates"":[]}"
197_0,-0.08571429,0.43820226,-0.14077942,2024-02-26,197,"{""type"":""MultiPoint"",""coordinates"":[]}"
198_0,0.17922948,0.7509969,0.1468369,2024-02-26,198,"{""type"":""MultiPoint"",""coordinates"":[]}"
199_0,0.20942813,0.6419987,0.11848341,2024-02-26,199,"{""type"":""MultiPoint"",""coordinates"":[]}"
200_0,0.110690124,0.5917826,0.18763906,2024-02-26,200,"{""type"":""MultiPoint"",""coordinates"":[]}"
201_0,0.21179625,0.7373913,0.20325203,2024-02-26,201,"{""type"":""MultiPoint"",""coordinates"":[]}"
202_0,0.37535456,0.82358974,0.28421813,2024-02-26,202,"{""type"":""MultiPoint"",""coordinates"":[]}"
203_0,0.14675221,0.6383169,0.06830122,2024-02-26,203,"{""type"":""MultiPoint"",""coordinates"":[]}"
204_0,0.3825312,0.82493806,0.43693107,2024-02-26,204,"{""type"":""MultiPoint"",""coordinates"":[]}"
205_0,0.14285715,0.6437659,0.1040376,2024-02-26,205,"{""type"":""MultiPoint"",""coordinates"":[]}"
206_0,0.2700454,0.7595801,0.2692162,2024-02-26,206,"{""type"":""MultiPoint"",""coordinates"":[]}"
207_0,0.012006003,0.6016878,-0.01988123,2024-02-26,207,"{""type"":""MultiPoint"",""coordinates"":[]}"
208_0,0.2858684,0.79216355,0.22753793,2024-02-26,208,"{""type"":""MultiPoint"",""coordinates"":[]}"
209_0,0.16499163,0.6652568,0.16042106,2024-02-26,209,"{""type"":""MultiPoint"",""coordinates"":[]}"
210_0,0.08793208,0.7568456,0.03217503,2024-02-26,210,"{""type"":""MultiPoint"",""coordinates"":[]}"
211_0,0.34404722,0.70085126,0.3544222,2024-02-26,211,"{""type"":""MultiPoint"",""coordinates"":[]}"
212_0,0.15070686,0.70446736,0.109619685,2024-02-26,212,"{""type"":""MultiPoint"",""coordinates"":[]}"
213_0,0.067904815,0.5373257,0.077011496,2024-02-26,213,"{""type"":""MultiPoint"",""coordinates"":[]}"
214_0,0.4546713,0.8911071,0.45125347,2024-02-26,214,"{""type"":""MultiPoint"",""coordinates"":[]}"
215_0,-0.025241675,0.5835587,-0.13193004,2024-02-26,215,"{""type"":""MultiPoint"",""coordinates"":[]}"
216_0,0.19849561,0.7020316,0.22253749,2024-02-26,216,"{""type"":""MultiPoint"",""coordinates"":[]}"
217_0,0.21347627,0.82168674,0.19092627,2024-02-26,217,"{""type"":""MultiPoint"",""coordinates"":[]}"
218_0,0.093989074,0.68076396,0.05419281,2024-02-26,218,"{""type"":""MultiPoint"",""coordinates"":[]}"
219_0,0.11051394,0.7351695,0.10600945,2024-02-26,219,"{""type"":""MultiPoint"",""coordinates"":[]}"
220_0,0.068799034,0.5304348,0.040124416,2024-02-26,220,"{""type"":""MultiPoint"",""coordinates"":[]}"
221_0,0.08918864,0.50751305,0.041525424,2024-02-26,221,"{""type"":""MultiPoint"",""coordinates"":[]}"
222_0,0.013537375,0.57462686,0.003567182,2024-02-26,222,"{""type"":""MultiPoint"",""coordinates"":[]}"
223_0,0.056846473,0.57230145,0.009370233,2024-02-26,223,"{""type"":""MultiPoint"",""coordinates"":[]}"
224_0,0.07598447,0.6216216,0.078539826,2024-02-26,224,"{""type"":""MultiPoint"",""coordinates"":[]}"
225_0,0.010526316,0.48404256,-0.045337897,2024-02-26,225,"{""type"":""MultiPoint"",""coordinates"":[]}"
226_0,-0.0057410165,0.39367017,0.02974359,2024-02-26,226,"{""type"":""MultiPoint"",""coordinates"":[]}"
227_0,-0.026384598,0.5881139,-0.05755572,2024-02-26,227,"{""type"":""MultiPoint"",""coordinates"":[]}"
228_0,0.14767405,0.71240395,0.06666667,2024-02-26,228,"{""type"":""MultiPoint"",""coordinates"":[]}"
229_0,0.33149824,0.78727955,0.3259318,2024-02-26,229,"{""type"":""MultiPoint"",""coordinates"":[]}"
230_0,0.2954622,0.739816,0.30916283,2024-02-26,230,"{""type"":""MultiPoint"",""coordinates"":[]}"
231_0,-0.020833334,0.55583864,-0.08124373,2024-02-26,231,"{""type"":""MultiPoint"",""coordinates"":[]}"
232_0,0.023035659,0.6441586,-0.004542505,2024-02-26,232,"{""type"":""MultiPoint"",""coordinates"":[]}"
233_0,0.18315116,0.74769795,0.10670554,2024-02-26,233,"{""type"":""MultiPoint"",""coordinates"":[]}"
234_0,0.16118737,0.77677566,0.09065744,2024-02-26,234,"{""type"":""MultiPoint"",""coordinates"":[]}"
235_0,0.059462916,0.6217822,0.05371502,2024-02-26,235,"{""type"":""MultiPoint"",""coordinates"":[]}"
236_0,0.09182644,0.68388104,0.08906882,2024-02-26,236,"{""type"":""MultiPoint"",""coordinates"":[]}"
237_0,0.22669491,0.8040513,0.19824272,2024-02-26,237,"{""type"":""MultiPoint"",""coordinates"":[]}"
238_0,0.1840916,0.6568889,0.15848354,2024-02-26,238,"{""type"":""MultiPoint"",""coordinates"":[]}"
239_0,0.49111748,0.87298006,0.4745562,2024-02-26,239,"{""type"":""MultiPoint"",""coordinates"":[]}"
240_0,0.18070698,0.71101445,0.20205921,2024-02-26,240,"{""type"":""MultiPoint"",""coordinates"":[]}"
241_0,0.1670282,0.611465,0.18835133,2024-02-26,241,"{""type"":""MultiPoint"",""coordinates"":[]}"
242_0,0.15952143,0.60060513,0.11309837,2024-02-26,242,"{""type"":""MultiPoint"",""coordinates"":[]}"
243_0,0.37066945,0.7699634,0.33333334,2024-02-26,243,"{""type"":""MultiPoint"",""coordinates"":[]}"
244_0,0.223515,0.7893773,0.21291123,2024-02-26,244,"{""type"":""MultiPoint"",""coordinates"":[]}"
245_0,0.35013363,0.8203171,0.2911287,2024-02-26,245,"{""type"":""MultiPoint"",""coordinates"":[]}"
246_0,0.25304958,0.8029557,0.2082531,2024-02-26,246,"{""type"":""MultiPoint"",""coordinates"":[]}"
247_0,0.028955098,0.50246733,0.055895552,2024-02-26,247,"{""type"":""MultiPoint"",""coordinates"":[]}"
248_0,0.3527005,0.82645124,0.31722054,2024-02-26,248,"{""type"":""MultiPoint"",""coordinates"":[]}"
249_0,0.017793594,0.59090906,-0.016064256,2024-02-26,249,"{""type"":""MultiPoint"",""coordinates"":[]}"
250_0,0.15866958,0.592206,0.1944662,2024-02-26,250,"{""type"":""MultiPoint"",""coordinates"":[]}"
251_0,0.090576395,0.59353024,0.06535026,2024-02-26,251,"{""type"":""MultiPoint"",""coordinates"":[]}"
252_0,0.25520262,0.80466586,0.25315762,2024-02-26,252,"{""type"":""MultiPoint"",""coordinates"":[]}"
253_0,0.4010204,0.7792543,0.34486607,2024-02-26,253,"{""type"":""MultiPoint"",""coordinates"":[]}"
254_0,0.01663508,0.5216572,0.018701408,2024-02-26,254,"{""type"":""MultiPoint"",""coordinates"":[]}"
255_0,0.11853851,0.31308413,0.028597575,2024-02-26,255,"{""type"":""MultiPoint"",""coordinates"":[]}"
256_0,0.059470788,0.55404866,0.040876303,2024-02-26,256,"{""type"":""MultiPoint"",""coordinates"":[]}"
257_0,0.16852792,0.735426,0.17272727,2024-02-26,257,"{""type"":""MultiPoint"",""coordinates"":[]}"
258_0,-0.117037036,0.43160525,-0.13639788,2024-02-26,258,"{""type"":""MultiPoint"",""coordinates"":[]}"
259_0,0.102661595,0.6516605,0.08482792,2024-02-26,259,"{""type"":""MultiPoint"",""coordinates"":[]}"
260_0,0.19961612,0.8269231,0.1550152,2024-02-26,260,"{""type"":""MultiPoint"",""coordinates"":[]}"
261_0,0.34120497,0.79701024,0.35468563,2024-02-26,261,"{""type"":""MultiPoint"",""coordinates"":[]}"
262_0,0.24503945,0.71649486,0.2557153,2024-02-26,262,"{""type"":""MultiPoint"",""coordinates"":[]}"
263_0,0.21370605,0.691039,0.08081518,2024-02-26,263,"{""type"":""MultiPoint"",""coordinates"":[]}"
264_0,0.2532403,0.78289706,0.26061204,2024-02-26,264,"{""type"":""MultiPoint"",""coordinates"":[]}"
265_0,0.3626943,0.83043706,0.33743748,2024-02-26,265,"{""type"":""MultiPoint"",""coordinates"":[]}"
266_0,0.41787943,0.757265,0.4198895,2024-02-26,266,"{""type"":""MultiPoint"",""coordinates"":[]}"
267_0,0.2966154,0.77373415,0.32466766,2024-02-26,267,"{""type"":""MultiPoint"",""coordinates"":[]}"
268_0,0.36650926,0.812093,0.3815603,2024-02-26,268,"{""type"":""MultiPoint"",""coordinates"":[]}"
269_0,0.3338931,0.7721519,0.35849056,2024-02-26,269,"{""type"":""MultiPoint"",""coordinates"":[]}"
270_0,0.060701534,0.58666664,0.03119584,2024-02-26,270,"{""type"":""MultiPoint"",""coordinates"":[]}"
271_0,0.20448878,0.7002123,0.22147651,2024-02-26,271,"{""type"":""MultiPoint"",""coordinates"":[]}"
272_0,0.13654618,0.72912425,0.13654618,2024-02-26,272,"{""type"":""MultiPoint"",""coordinates"":[]}"
273_0,0.11717267,0.57291317,0.11528405,2024-02-26,273,"{""type"":""MultiPoint"",""coordinates"":[]}"
274_0,0.33316392,0.7845706,0.3028693,2024-02-26,274,"{""type"":""MultiPoint"",""coordinates"":[]}"
275_0,0.11887229,0.69021386,0.10931519,2024-02-26,275,"{""type"":""MultiPoint"",""coordinates"":[]}"
276_0,0.19324578,0.75672764,0.11704312,2024-02-26,276,"{""type"":""MultiPoint"",""coordinates"":[]}"
277_0,0.16305469,0.6364315,0.1494494,2024-02-26,277,"{""type"":""MultiPoint"",""coordinates"":[]}"
278_0,0.18689148,0.6520468,0.13796575,2024-02-26,278,"{""type"":""MultiPoint"",""coordinates"":[]}"
279_0,0.4159797,0.8628215,0.4436726,2024-02-26,279,"{""type"":""MultiPoint"",""coordinates"":[]}"
280_0,0.34522393,0.8761905,0.17729084,2024-02-26,280,"{""type"":""MultiPoint"",""coordinates"":[]}"
281_0,0.32523617,0.8153721,0.28202182,2024-02-26,281,"{""type"":""MultiPoint"",""coordinates"":[]}"
282_0,0.19002579,0.7000711,0.25729305,2024-02-26,282,"{""type"":""MultiPoint"",""coordinates"":[]}"
283_0,0.041331187,0.55440414,0.043897215,2024-02-26,283,"{""type"":""MultiPoint"",""coordinates"":[]}"
284_0,0.09698492,0.52643335,0.06576553,2024-02-26,284,"{""type"":""MultiPoint"",""coordinates"":[]}"
285_0,-0.10463576,0.44347826,-0.0024038462,2024-02-26,285,"{""type"":""MultiPoint"",""coordinates"":[]}"
286_0,0.014555724,0.5126603,0.007005254,2024-02-26,286,"{""type"":""MultiPoint"",""coordinates"":[]}"
287_0,0.24650861,0.8077745,0.2918193,2024-02-26,287,"{""type"":""MultiPoint"",""coordinates"":[]}"
288_0,0.102607846,0.6686478,0.09909469,2024-02-26,288,"{""type"":""MultiPoint"",""coordinates"":[]}"
289_0,0.10740157,0.702089,0.13886356,2024-02-26,289,"{""type"":""MultiPoint"",""coordinates"":[]}"
290_0,0.27255815,0.833713,0.1570248,2024-02-26,290,"{""type"":""MultiPoint"",""coordinates"":[]}"
291_0,0.26359543,0.7706465,0.2766247,2024-02-26,291,"{""type"":""MultiPoint"",""coordinates"":[]}"
292_0,0.316464,0.8073584,0.35523868,2024-02-26,292,"{""type"":""MultiPoint"",""coordinates"":[]}"
293_0,0.4338857,0.86386275,0.3359778,2024-02-26,293,"{""type"":""MultiPoint"",""coordinates"":[]}"
294_0,0.3703062,0.8060345,0.39511654,2024-02-26,294,"{""type"":""MultiPoint"",""coordinates"":[]}"
295_0,0.37908497,0.81883407,0.40686783,2024-02-26,295,"{""type"":""MultiPoint"",""coordinates"":[]}"
296_0,0.336563,0.82463616,0.32782227,2024-02-26,296,"{""type"":""MultiPoint"",""coordinates"":[]}"
297_0,0.17197788,0.67452645,0.1589085,2024-02-26,297,"{""type"":""MultiPoint"",""coordinates"":[]}"
301_0,-0.0019896538,0.23512477,0.010997644,2024-02-26,301,"{""type"":""MultiPoint"",""coordinates"":[]}"
432_0,0.20798668,0.73067576,0.24868467,2024-02-26,432,"{""type"":""MultiPoint"",""coordinates"":[]}"
433_0,0.042331714,0.5272727,0.03631285,2024-02-26,433,"{""type"":""MultiPoint"",""coordinates"":[]}"
434_0,0.006843066,0.5879765,-0.0025328114,2024-02-26,434,"{""type"":""MultiPoint"",""coordinates"":[]}"
435_0,0.12414467,0.6926952,0.13513513,2024-02-26,435,"{""type"":""MultiPoint"",""coordinates"":[]}"
436_0,0.382473,0.7932319,0.3838045,2024-02-26,436,"{""type"":""MultiPoint"",""coordinates"":[]}"
437_0,0.026900085,0.53180325,0.01235103,2024-02-26,437,"{""type"":""MultiPoint"",""coordinates"":[]}"
438_0,0.32117897,0.7817444,0.3256867,2024-02-26,438,"{""type"":""MultiPoint"",""coordinates"":[]}"
439_0,-0.12188197,0.42760488,-0.1345365,2024-02-26,439,"{""type"":""MultiPoint"",""coordinates"":[]}"
440_0,0.087223865,0.69590646,0.0064452155,2024-02-26,440,"{""type"":""MultiPoint"",""coordinates"":[]}"
441_0,0.0718873,0.57709926,-0.04040873,2024-02-26,441,"{""type"":""MultiPoint"",""coordinates"":[]}"
442_0,0.20140664,0.7278575,0.16594324,2024-02-26,442,"{""type"":""MultiPoint"",""coordinates"":[]}"
443_0,0.4483726,0.89330304,0.435868,2024-02-26,443,"{""type"":""MultiPoint"",""coordinates"":[]}"
444_0,-0.039728176,0.4715447,-0.15740472,2024-02-26,444,"{""type"":""MultiPoint"",""coordinates"":[]}"
445_0,0.0017966223,0.68366015,-0.0377288,2024-02-26,445,"{""type"":""MultiPoint"",""coordinates"":[]}"
446_0,0.1310012,0.68604654,-0.017226772,2024-02-26,446,"{""type"":""MultiPoint"",""coordinates"":[]}"
447_0,0.14998752,0.70884144,0.13662864,2024-02-26,447,"{""type"":""MultiPoint"",""coordinates"":[]}"
448_0,0.22466457,0.6988728,0.21683967,2024-02-26,448,"{""type"":""MultiPoint"",""coordinates"":[]}"
449_0,0.06716418,0.5931864,-0.01088647,2024-02-26,449,"{""type"":""MultiPoint"",""coordinates"":[]}"
450_0,0.33132893,0.81641734,0.33770102,2024-02-26,450,"{""type"":""MultiPoint"",""coordinates"":[]}"
451_0,-0.12932052,0.41211402,-0.16954775,2024-02-26,451,"{""type"":""MultiPoint"",""coordinates"":[]}"
452_0,0.2501496,0.7917211,0.2426715,2024-02-26,452,"{""type"":""MultiPoint"",""coordinates"":[]}"
453_0,0.30800372,0.82892966,0.29527435,2024-02-26,453,"{""type"":""MultiPoint"",""coordinates"":[]}"
454_0,-0.03507481,0.43257442,-0.12653497,2024-02-26,454,"{""type"":""MultiPoint"",""coordinates"":[]}"
455_0,0.27032968,0.757605,0.29261363,2024-02-26,455,"{""type"":""MultiPoint"",""coordinates"":[]}"
456_0,0.3095181,0.7259887,0.2584964,2024-02-26,456,"{""type"":""MultiPoint"",""coordinates"":[]}"
457_0,0.010444643,0.5258808,0.02813599,2024-02-26,457,"{""type"":""MultiPoint"",""coordinates"":[]}"
458_0,0.3345893,0.80401236,0.45172307,2024-02-26,458,"{""type"":""MultiPoint"",""coordinates"":[]}"
459_0,0.33275563,0.7380822,0.34634975,2024-02-26,459,"{""type"":""MultiPoint"",""coordinates"":[]}"
460_0,0.10885417,0.5708697,0.2080537,2024-02-26,460,"{""type"":""MultiPoint"",""coordinates"":[]}"
461_0,-0.018822968,0.58528954,-0.026897214,2024-02-26,461,"{""type"":""MultiPoint"",""coordinates"":[]}"
462_0,0.21497062,0.76663786,0.23392695,2024-02-26,462,"{""type"":""MultiPoint"",""coordinates"":[]}"
463_0,0.01867995,0.5356532,-0.07871321,2024-02-26,463,"{""type"":""MultiPoint"",""coordinates"":[]}"
464_0,0.23736493,0.83805263,0.25679347,2024-02-26,464,"{""type"":""MultiPoint"",""coordinates"":[]}"
465_0,0.3934899,0.7901673,0.41167066,2024-02-26,465,"{""type"":""MultiPoint"",""coordinates"":[]}"
466_0,0.29951045,0.73439574,0.24796942,2024-02-26,466,"{""type"":""MultiPoint"",""coordinates"":[]}"
467_0,0.22060016,0.7165049,0.15959772,2024-02-26,467,"{""type"":""MultiPoint"",""coordinates"":[]}"
468_0,0.328635,0.8556474,0.30088836,2024-02-26,468,"{""type"":""MultiPoint"",""coordinates"":[]}"
469_0,-0.033163264,0.6330965,-0.10857664,2024-02-26,469,"{""type"":""MultiPoint"",""coordinates"":[]}"
470_0,0.32933414,0.7870941,0.32077765,2024-02-26,470,"{""type"":""MultiPoint"",""coordinates"":[]}"
471_0,0.024757281,0.5960666,0.024520515,2024-02-26,471,"{""type"":""MultiPoint"",""coordinates"":[]}"
472_0,0.0039929016,0.45248583,0.01383703,2024-02-26,472,"{""type"":""MultiPoint"",""coordinates"":[]}"
473_0,-0.028887,0.48664185,-0.048484847,2024-02-26,473,"{""type"":""MultiPoint"",""coordinates"":[]}"
474_0,0.023608277,0.616509,0.05766526,2024-02-26,474,"{""type"":""MultiPoint"",""coordinates"":[]}"
475_0,0.43081397,0.7934621,0.42292956,2024-02-26,475,"{""type"":""MultiPoint"",""coordinates"":[]}"
476_0,-0.025197985,0.50675464,-0.085779645,2024-02-26,476,"{""type"":""MultiPoint"",""coordinates"":[]}"
477_0,-0.02417236,0.41854304,0.04717673,2024-02-26,477,"{""type"":""MultiPoint"",""coordinates"":[]}"
478_0,0.034071956,0.5890183,-0.02971806,2024-02-26,478,"{""type"":""MultiPoint"",""coordinates"":[]}"
479_0,-0.041822903,0.6101523,-0.06485849,2024-02-26,479,"{""type"":""MultiPoint"",""coordinates"":[]}"
480_0,0.08206979,0.52710843,0.030749682,2024-02-26,480,"{""type"":""MultiPoint"",""coordinates"":[]}"
481_0,0.11426947,0.76111114,0.09942196,2024-02-26,481,"{""type"":""MultiPoint"",""coordinates"":[]}"
482_0,0.23940435,0.78966564,0.19286872,2024-02-26,482,"{""type"":""MultiPoint"",""coordinates"":[]}"
483_0,0.09047293,0.62208986,0.06053097,2024-02-26,483,"{""type"":""MultiPoint"",""coordinates"":[]}"
484_0,-0.052013423,0.45135847,-0.06361323,2024-02-26,484,"{""type"":""MultiPoint"",""coordinates"":[]}"
485_0,0.18424213,0.625,0.14242424,2024-02-26,485,"{""type"":""MultiPoint"",""coordinates"":[]}"
486_0,0.07916223,0.6918239,0.10889728,2024-02-26,486,"{""type"":""MultiPoint"",""coordinates"":[]}"
487_0,0.13187127,0.69361705,0.1326124,2024-02-26,487,"{""type"":""MultiPoint"",""coordinates"":[]}"
488_0,-0.06634596,0.52203095,-0.0098709185,2024-02-26,488,"{""type"":""MultiPoint"",""coordinates"":[]}"
489_0,0.17307693,0.76607597,0.13357165,2024-02-26,489,"{""type"":""MultiPoint"",""coordinates"":[]}"
490_0,0.10055702,0.6620393,0.0617737,2024-02-26,490,"{""type"":""MultiPoint"",""coordinates"":[]}"
491_0,0.26665077,0.8315364,0.27785614,2024-02-26,491,"{""type"":""MultiPoint"",""coordinates"":[]}"
492_0,0.29432255,0.8257426,0.29086456,2024-02-26,492,"{""type"":""MultiPoint"",""coordinates"":[]}"
493_0,-0.013941699,0.5130338,-0.079622135,2024-02-26,493,"{""type"":""MultiPoint"",""coordinates"":[]}"
494_0,0.3102222,0.7078344,0.36393443,2024-02-26,494,"{""type"":""MultiPoint"",""coordinates"":[]}"
495_0,0.35460123,0.8141732,0.37306318,2024-02-26,495,"{""type"":""MultiPoint"",""coordinates"":[]}"
496_0,0.077167355,0.675,0.0071745813,2024-02-26,496,"{""type"":""MultiPoint"",""coordinates"":[]}"
497_0,0.20988408,0.750829,0.17594655,2024-02-26,497,"{""type"":""MultiPoint"",""coordinates"":[]}"
498_0,-0.010235581,0.43266475,-0.017842527,2024-02-26,498,"{""type"":""MultiPoint"",""coordinates"":[]}"
499_0,0.28022963,0.79816514,0.21975885,2024-02-26,499,"{""type"":""MultiPoint"",""coordinates"":[]}"
500_0,-0.04550898,0.55700326,-0.09811321,2024-02-26,500,"{""type"":""MultiPoint"",""coordinates"":[]}"
501_0,-0.04978004,0.5734893,-0.058109686,2024-02-26,501,"{""type"":""MultiPoint"",""coordinates"":[]}"
502_0,0.05882353,0.6396867,0.032215647,2024-02-26,502,"{""type"":""MultiPoint"",""coordinates"":[]}"
503_0,0.103391685,0.4774648,0.122825794,2024-02-26,503,"{""type"":""MultiPoint"",""coordinates"":[]}"
504_0,0.03914591,0.6106667,-0.041052394,2024-02-26,504,"{""type"":""MultiPoint"",""coordinates"":[]}"
505_0,0.14053935,0.59107804,0.13427562,2024-02-26,505,"{""type"":""MultiPoint"",""coordinates"":[]}"
506_0,0.30025396,0.6997592,0.27884033,2024-02-26,506,"{""type"":""MultiPoint"",""coordinates"":[]}"
507_0,0.23277833,0.71403277,0.24461588,2024-02-26,507,"{""type"":""MultiPoint"",""coordinates"":[]}"
508_0,0.0052380953,0.6089924,-0.020767163,2024-02-26,508,"{""type"":""MultiPoint"",""coordinates"":[]}"
509_0,0.20721166,0.67455846,0.16253588,2024-02-26,509,"{""type"":""MultiPoint"",""coordinates"":[]}"
510_0,0.21591511,0.77076924,0.21798941,2024-02-26,510,"{""type"":""MultiPoint"",""coordinates"":[]}"
511_0,0.10378117,0.7047354,0.04704876,2024-02-26,511,"{""type"":""MultiPoint"",""coordinates"":[]}"
512_0,0.42437232,0.8418722,0.51194185,2024-02-26,512,"{""type"":""MultiPoint"",""coordinates"":[]}"
513_0,0.19789357,0.7042415,0.21294534,2024-02-26,513,"{""type"":""MultiPoint"",""coordinates"":[]}"
514_0,0.20687404,0.7178527,0.2030601,2024-02-26,514,"{""type"":""MultiPoint"",""coordinates"":[]}"
515_0,0.21712159,0.7057728,0.18422754,2024-02-26,515,"{""type"":""MultiPoint"",""coordinates"":[]}"
516_0,0.23056826,0.7572772,0.24968153,2024-02-26,516,"{""type"":""MultiPoint"",""coordinates"":[]}"
517_0,0.38816085,0.84237725,0.35615787,2024-02-26,517,"{""type"":""MultiPoint"",""coordinates"":[]}"
518_0,0.19485658,0.6693989,0.20039293,2024-02-26,518,"{""type"":""MultiPoint"",""coordinates"":[]}"
519_0,0.25808135,0.72320676,0.17864358,2024-02-26,519,"{""type"":""MultiPoint"",""coordinates"":[]}"
520_0,0.3826692,0.80462927,0.4041514,2024-02-26,520,"{""type"":""MultiPoint"",""coordinates"":[]}"
521_0,0.23697725,0.68385345,0.2281049,2024-02-26,521,"{""type"":""MultiPoint"",""coordinates"":[]}"
522_0,0.4053006,0.83820415,0.40453073,2024-02-26,522,"{""type"":""MultiPoint"",""coordinates"":[]}"
523_0,0.09212527,0.5896328,-0.007082631,2024-02-26,523,"{""type"":""MultiPoint"",""coordinates"":[]}"
524_0,0.25541693,0.77130526,0.18299712,2024-02-26,524,"{""type"":""MultiPoint"",""coordinates"":[]}"
525_0,0.33598408,0.80664355,0.29036826,2024-02-26,525,"{""type"":""MultiPoint"",""coordinates"":[]}"
526_0,0.3078635,0.83326423,0.4062997,2024-02-26,526,"{""type"":""MultiPoint"",""coordinates"":[]}"
527_0,0.13463166,0.65134573,0.13070598,2024-02-26,527,"{""type"":""MultiPoint"",""coordinates"":[]}"
528_0,0.1960188,0.7247856,0.18452047,2024-02-26,528,"{""type"":""MultiPoint"",""coordinates"":[]}"
529_0,0.1943874,0.7034642,0.22078782,2024-02-26,529,"{""type"":""MultiPoint"",""coordinates"":[]}"
530_0,0.3584782,0.8568966,0.37547892,2024-02-26,530,"{""type"":""MultiPoint"",""coordinates"":[]}"
531_0,-0.12932555,0.15681984,-0.13486977,2024-02-26,531,"{""type"":""MultiPoint"",""coordinates"":[]}"
532_0,0.3647152,0.81873417,0.38207003,2024-02-26,532,"{""type"":""MultiPoint"",""coordinates"":[]}"
533_0,-0.06697363,0.44781145,-0.08491168,2024-02-26,533,"{""type"":""MultiPoint"",""coordinates"":[]}"
534_0,0.049446493,0.59623736,0.06621556,2024-02-26,534,"{""type"":""MultiPoint"",""coordinates"":[]}"
535_0,0.037359614,0.54234767,-0.0057471264,2024-02-26,535,"{""type"":""MultiPoint"",""coordinates"":[]}"
536_0,0.30361307,0.81292516,0.2816351,2024-02-26,536,"{""type"":""MultiPoint"",""coordinates"":[]}"
537_0,0.1324201,0.68598133,0.1173738,2024-02-26,537,"{""type"":""MultiPoint"",""coordinates"":[]}"
538_0,-0.10859136,0.524144,-0.1884058,2024-02-26,538,"{""type"":""MultiPoint"",""coordinates"":[]}"
539_0,0.08952469,0.60542274,0.06559318,2024-02-26,539,"{""type"":""MultiPoint"",""coordinates"":[]}"
540_0,0.13766089,0.7306338,0.1211862,2024-02-26,540,"{""type"":""MultiPoint"",""coordinates"":[]}"
541_0,0.1458163,0.69957805,0.12482547,2024-02-26,541,"{""type"":""MultiPoint"",""coordinates"":[]}"
542_0,0.06761251,0.5690377,0.033769812,2024-02-26,542,"{""type"":""MultiPoint"",""coordinates"":[]}"
543_0,0.107946716,0.5610435,0.072145246,2024-02-26,543,"{""type"":""MultiPoint"",""coordinates"":[]}"
544_0,-0.033522192,0.46616852,-0.106953226,2024-02-26,544,"{""type"":""MultiPoint"",""coordinates"":[]}"
545_0,0.052143052,0.5821862,0.05907859,2024-02-26,545,"{""type"":""MultiPoint"",""coordinates"":[]}"
546_0,0.19738202,0.6602629,0.1699323,2024-02-26,546,"{""type"":""MultiPoint"",""coordinates"":[]}"
547_0,0.3450897,0.8174376,0.3466788,2024-02-26,547,"{""type"":""MultiPoint"",""coordinates"":[]}"
548_0,0.39667252,0.83015954,0.44142684,2024-02-26,548,"{""type"":""MultiPoint"",""coordinates"":[]}"
553_0,0.15046492,0.59080964,0.18259455,2024-02-26,553,"{""type"":""MultiPoint"",""coordinates"":[]}"
557_0,0.3440973,0.798895,0.35103735,2024-02-26,557,"{""type"":""MultiPoint"",""coordinates"":[]}"
711_0,-0.053819124,0.4375206,-0.13302843,2024-02-26,711,"{""type"":""MultiPoint"",""coordinates"":[]}"
712_0,0.16945668,0.67429805,0.15632458,2024-02-26,712,"{""type"":""MultiPoint"",""coordinates"":[]}"
713_0,-0.027464444,0.5141509,-0.042029347,2024-02-26,713,"{""type"":""MultiPoint"",""coordinates"":[]}"
714_0,-0.004771643,0.5160511,-0.003403676,2024-02-26,714,"{""type"":""MultiPoint"",""coordinates"":[]}"
715_0,0.19360445,0.7104116,0.20710868,2024-02-26,715,"{""type"":""MultiPoint"",""coordinates"":[]}"
716_0,-0.01537279,0.08154506,-0.058069684,2024-02-26,716,"{""type"":""MultiPoint"",""coordinates"":[]}"
717_0,0.21487811,0.734054,0.21270162,2024-02-26,717,"{""type"":""MultiPoint"",""coordinates"":[]}"
718_0,0.2718644,0.7543511,0.24312897,2024-02-26,718,"{""type"":""MultiPoint"",""coordinates"":[]}"
719_0,0.2916927,0.8181818,0.28768843,2024-02-26,719,"{""type"":""MultiPoint"",""coordinates"":[]}"
720_0,-0.06660015,0.48455286,-0.07870837,2024-02-26,720,"{""type"":""MultiPoint"",""coordinates"":[]}"
721_0,-0.0013864131,0.42873177,0.003547497,2024-02-26,721,"{""type"":""MultiPoint"",""coordinates"":[]}"
722_0,0.11658551,0.68817204,0.09982487,2024-02-26,722,"{""type"":""MultiPoint"",""coordinates"":[]}"
723_0,0.23510791,0.750338,0.18740447,2024-02-26,723,"{""type"":""MultiPoint"",""coordinates"":[]}"
724_0,0.018397626,0.5629393,-0.007103714,2024-02-26,724,"{""type"":""MultiPoint"",""coordinates"":[]}"
725_0,0.34895667,0.6894309,0.34411386,2024-02-26,725,"{""type"":""MultiPoint"",""coordinates"":[]}"
726_0,0.18413416,0.6920078,0.15694769,2024-02-26,726,"{""type"":""MultiPoint"",""coordinates"":[]}"
727_0,0.2046589,0.72156197,0.17157713,2024-02-26,727,"{""type"":""MultiPoint"",""coordinates"":[]}"
728_0,0.14622642,0.7395018,0.10214205,2024-02-26,728,"{""type"":""MultiPoint"",""coordinates"":[]}"
729_0,0.19577377,0.80677795,0.15974025,2024-02-26,729,"{""type"":""MultiPoint"",""coordinates"":[]}"
730_0,0.17096166,0.7431284,0.13875286,2024-02-26,730,"{""type"":""MultiPoint"",""coordinates"":[]}"
731_0,0.25197098,0.75327104,0.22534291,2024-02-26,731,"{""type"":""MultiPoint"",""coordinates"":[]}"
732_0,0.123206064,0.74391204,0.15655118,2024-02-26,732,"{""type"":""MultiPoint"",""coordinates"":[]}"
733_0,0.18411054,0.6150666,0.19632529,2024-02-26,733,"{""type"":""MultiPoint"",""coordinates"":[]}"
734_0,0.4421239,0.8233467,0.44546095,2024-02-26,734,"{""type"":""MultiPoint"",""coordinates"":[]}"
735_0,0.040298004,0.5939525,0.020394055,2024-02-26,735,"{""type"":""MultiPoint"",""coordinates"":[]}"
736_0,0.32551122,0.7120773,0.27573794,2024-02-26,736,"{""type"":""MultiPoint"",""coordinates"":[]}"
737_0,0.19137281,0.73653847,0.20924003,2024-02-26,737,"{""type"":""MultiPoint"",""coordinates"":[]}"
738_0,-0.016240498,0.5057208,-0.0554459,2024-02-26,738,"{""type"":""MultiPoint"",""coordinates"":[]}"
739_0,0.0014646649,0.4480211,0.003107293,2024-02-26,739,"{""type"":""MultiPoint"",""coordinates"":[]}"
740_0,-0.0041658403,0.41168913,-0.07041658,2024-02-26,740,"{""type"":""MultiPoint"",""coordinates"":[]}"
741_0,-0.058345642,0.3261481,-0.0063202246,2024-02-26,741,"{""type"":""MultiPoint"",""coordinates"":[]}"
742_0,0.009867809,0.46700364,-0.008916714,2024-02-26,742,"{""type"":""MultiPoint"",""coordinates"":[]}"
743_0,0.17773677,0.8245243,0.12699968,2024-02-26,743,"{""type"":""MultiPoint"",""coordinates"":[]}"
744_0,0.20985626,0.7097863,0.22481869,2024-02-26,744,"{""type"":""MultiPoint"",""coordinates"":[]}"
745_0,0.35151157,0.79033136,0.33522382,2024-02-26,745,"{""type"":""MultiPoint"",""coordinates"":[]}"
746_0,0.11933505,0.53291076,0.17116782,2024-02-26,746,"{""type"":""MultiPoint"",""coordinates"":[]}"
747_0,0.26211795,0.6097561,0.23126407,2024-02-26,747,"{""type"":""MultiPoint"",""coordinates"":[]}"
748_0,-0.085021704,0.4320547,-0.10930276,2024-02-26,748,"{""type"":""MultiPoint"",""coordinates"":[]}"
749_0,0.06455933,0.67736024,0.023489933,2024-02-26,749,"{""type"":""MultiPoint"",""coordinates"":[]}"
750_0,0.07213115,0.5984733,0.10443038,2024-02-26,750,"{""type"":""MultiPoint"",""coordinates"":[]}"
751_0,0.27093083,0.7725305,0.23262179,2024-02-26,751,"{""type"":""MultiPoint"",""coordinates"":[]}"
752_0,0.12428039,0.72384936,0.12070724,2024-02-26,752,"{""type"":""MultiPoint"",""coordinates"":[]}"
753_0,0.057053648,0.6665144,0.04677188,2024-02-26,753,"{""type"":""MultiPoint"",""coordinates"":[]}"
754_0,-0.071915686,0.47918683,-0.061713234,2024-02-26,754,"{""type"":""MultiPoint"",""coordinates"":[]}"
755_0,-0.21098839,0.22003578,-0.021988528,2024-02-26,755,"{""type"":""MultiPoint"",""coordinates"":[]}"
756_0,0.25050214,0.76808906,0.1867995,2024-02-26,756,"{""type"":""MultiPoint"",""coordinates"":[]}"
757_0,-0.043951917,0.40413943,-0.037521,2024-02-26,757,"{""type"":""MultiPoint"",""coordinates"":[]}"
758_0,0.11911765,0.65694815,0.09811794,2024-02-26,758,"{""type"":""MultiPoint"",""coordinates"":[]}"
759_0,0.15343915,0.6779573,0.11418685,2024-02-26,759,"{""type"":""MultiPoint"",""coordinates"":[]}"
760_0,0.008614669,0.62285715,-0.07119497,2024-02-26,760,"{""type"":""MultiPoint"",""coordinates"":[]}"
761_0,0.067210756,0.634425,0.04964539,2024-02-26,761,"{""type"":""MultiPoint"",""coordinates"":[]}"
762_0,0.010397553,0.56937075,-0.07938626,2024-02-26,762,"{""type"":""MultiPoint"",""coordinates"":[]}"
763_0,0.3173558,0.73431474,0.31246683,2024-02-26,763,"{""type"":""MultiPoint"",""coordinates"":[]}"
764_0,-0.042813454,0.59815776,-0.102489494,2024-02-26,764,"{""type"":""MultiPoint"",""coordinates"":[]}"
765_0,-0.07934919,0.49349523,-0.11191336,2024-02-26,765,"{""type"":""MultiPoint"",""coordinates"":[]}"
766_0,0.012393999,0.5139785,-0.036276523,2024-02-26,766,"{""type"":""MultiPoint"",""coordinates"":[]}"
767_0,0.0145,0.6135654,-0.043133102,2024-02-26,767,"{""type"":""MultiPoint"",""coordinates"":[]}"
768_0,0.088845655,0.72786176,0.064891845,2024-02-26,768,"{""type"":""MultiPoint"",""coordinates"":[]}"
769_0,0.14693747,0.74877334,0.14011516,2024-02-26,769,"{""type"":""MultiPoint"",""coordinates"":[]}"
770_0,0.050632913,0.66296476,0.044585988,2024-02-26,770,"{""type"":""MultiPoint"",""coordinates"":[]}"
771_0,0.27739388,0.8194175,0.26110363,2024-02-26,771,"{""type"":""MultiPoint"",""coordinates"":[]}"
772_0,-0.026022306,0.48033926,-0.037593983,2024-02-26,772,"{""type"":""MultiPoint"",""coordinates"":[]}"
773_0,0.13785765,0.70467836,0.122503005,2024-02-26,773,"{""type"":""MultiPoint"",""coordinates"":[]}"
774_0,-0.038545456,0.50877196,-0.06197323,2024-02-26,774,"{""type"":""MultiPoint"",""coordinates"":[]}"
775_0,0.32951945,0.81025434,0.31341535,2024-02-26,775,"{""type"":""MultiPoint"",""coordinates"":[]}"
776_0,0.28712872,0.8410326,0.3174526,2024-02-26,776,"{""type"":""MultiPoint"",""coordinates"":[]}"
777_0,-0.014831836,0.48728815,-0.07122382,2024-02-26,777,"{""type"":""MultiPoint"",""coordinates"":[]}"
778_0,0.26376477,0.8452381,0.18584634,2024-02-26,778,"{""type"":""MultiPoint"",""coordinates"":[]}"
779_0,0.3755629,0.79679143,0.38679245,2024-02-26,779,"{""type"":""MultiPoint"",""coordinates"":[]}"
780_0,0.35149863,0.82151395,0.31530493,2024-02-26,780,"{""type"":""MultiPoint"",""coordinates"":[]}"
781_0,0.16758868,0.8072289,0.16921078,2024-02-26,781,"{""type"":""MultiPoint"",""coordinates"":[]}"
782_0,-0.08916537,0.40169492,-0.11904128,2024-02-26,782,"{""type"":""MultiPoint"",""coordinates"":[]}"
783_0,0.028017242,0.52781427,-0.016910935,2024-02-26,783,"{""type"":""MultiPoint"",""coordinates"":[]}"
784_0,0.3882288,0.8662116,0.42358762,2024-02-26,784,"{""type"":""MultiPoint"",""coordinates"":[]}"
785_0,0.15544742,0.67490494,0.06016847,2024-02-26,785,"{""type"":""MultiPoint"",""coordinates"":[]}"
786_0,0.17095542,0.7162162,0.16841298,2024-02-26,786,"{""type"":""MultiPoint"",""coordinates"":[]}"
787_0,0.1765043,0.6801376,0.1524624,2024-02-26,787,"{""type"":""MultiPoint"",""coordinates"":[]}"
788_0,0.45721823,0.8919681,0.4732992,2024-02-26,788,"{""type"":""MultiPoint"",""coordinates"":[]}"
789_0,0.10181818,0.6320097,0.09542218,2024-02-26,789,"{""type"":""MultiPoint"",""coordinates"":[]}"
790_0,0.08792373,0.6895425,0.09129287,2024-02-26,790,"{""type"":""MultiPoint"",""coordinates"":[]}"
791_0,0.056556556,0.5939005,0.026091449,2024-02-26,791,"{""type"":""MultiPoint"",""coordinates"":[]}"
792_0,0.27407774,0.6833922,0.23804574,2024-02-26,792,"{""type"":""MultiPoint"",""coordinates"":[]}"
793_0,0.022944551,0.5163636,-0.010480522,2024-02-26,793,"{""type"":""MultiPoint"",""coordinates"":[]}"
794_0,0.016631529,0.51603055,-0.027662179,2024-02-26,794,"{""type"":""MultiPoint"",""coordinates"":[]}"
795_0,0.098332375,0.75624377,0.057125676,2024-02-26,795,"{""type"":""MultiPoint"",""coordinates"":[]}"
796_0,0.016160062,0.346918,0.016727552,2024-02-26,796,"{""type"":""MultiPoint"",""coordinates"":[]}"
797_0,0.16855799,0.70246,0.18413906,2024-02-26,797,"{""type"":""MultiPoint"",""coordinates"":[]}"
798_0,0.22397281,0.78924733,0.2470024,2024-02-26,798,"{""type"":""MultiPoint"",""coordinates"":[]}"
799_0,0.4007919,0.8523043,0.4201788,2024-02-26,799,"{""type"":""MultiPoint"",""coordinates"":[]}"
800_0,0.17579117,0.72647196,0.021393308,2024-02-26,800,"{""type"":""MultiPoint"",""coordinates"":[]}"
801_0,0.2023318,0.7219101,0.19785051,2024-02-26,801,"{""type"":""MultiPoint"",""coordinates"":[]}"
802_0,0.37061402,0.84036607,0.35529765,2024-02-26,802,"{""type"":""MultiPoint"",""coordinates"":[]}"
803_0,0.42805496,0.85279685,0.40948114,2024-02-26,803,"{""type"":""MultiPoint"",""coordinates"":[]}"
804_0,0.21037464,0.68027544,0.1615097,2024-02-26,804,"{""type"":""MultiPoint"",""coordinates"":[]}"
805_0,0.352081,0.8215816,0.33982807,2024-02-26,805,"{""type"":""MultiPoint"",""coordinates"":[]}"
806_0,0.3385384,0.80537534,0.2956435,2024-02-26,806,"{""type"":""MultiPoint"",""coordinates"":[]}"
807_0,0.075303644,0.56212264,0.03669338,2024-02-26,807,"{""type"":""MultiPoint"",""coordinates"":[]}"
808_0,-0.1149903,0.45294118,-0.1516886,2024-02-26,808,"{""type"":""MultiPoint"",""coordinates"":[]}"
809_0,0.31760544,0.8350437,0.35200223,2024-02-26,809,"{""type"":""MultiPoint"",""coordinates"":[]}"
810_0,0.28142804,0.76,0.30081302,2024-02-26,810,"{""type"":""MultiPoint"",""coordinates"":[]}"
811_0,0.036128152,0.5903614,0.10901071,2024-02-26,811,"{""type"":""MultiPoint"",""coordinates"":[]}"
812_0,0.4479016,0.8841871,0.3784114,2024-02-26,812,"{""type"":""MultiPoint"",""coordinates"":[]}"
813_0,0.47083583,0.87309396,0.3678161,2024-02-26,813,"{""type"":""MultiPoint"",""coordinates"":[]}"
814_0,0.12695548,0.69184893,0.07960673,2024-02-26,814,"{""type"":""MultiPoint"",""coordinates"":[]}"
815_0,0.20243044,0.4790777,0.16280632,2024-02-26,815,"{""type"":""MultiPoint"",""coordinates"":[]}"
816_0,0.14972274,0.69497114,0.12165848,2024-02-26,816,"{""type"":""MultiPoint"",""coordinates"":[]}"
817_0,0.1860074,0.7368421,0.19117647,2024-02-26,817,"{""type"":""MultiPoint"",""coordinates"":[]}"
818_0,0.122976564,0.6741818,0.118290015,2024-02-26,818,"{""type"":""MultiPoint"",""coordinates"":[]}"
819_0,0.054968286,0.6253102,-0.0116937,2024-02-26,819,"{""type"":""MultiPoint"",""coordinates"":[]}"
820_0,0.09518658,0.65266347,0.065624125,2024-02-26,820,"{""type"":""MultiPoint"",""coordinates"":[]}"
821_0,0.25327814,0.7856033,0.22879544,2024-02-26,821,"{""type"":""MultiPoint"",""coordinates"":[]}"
822_0,0.10672596,0.6827586,0.06488217,2024-02-26,822,"{""type"":""MultiPoint"",""coordinates"":[]}"
823_0,0.09706439,0.65576714,0.09427689,2024-02-26,823,"{""type"":""MultiPoint"",""coordinates"":[]}"
824_0,0.24024025,0.80443287,0.24274169,2024-02-26,824,"{""type"":""MultiPoint"",""coordinates"":[]}"
825_0,0.19108582,0.71094286,0.1860687,2024-02-26,825,"{""type"":""MultiPoint"",""coordinates"":[]}"
826_0,0.021006564,0.60879123,-0.0092488155,2024-02-26,826,"{""type"":""MultiPoint"",""coordinates"":[]}"
827_0,0.122365035,0.61585367,0.10791743,2024-02-26,827,"{""type"":""MultiPoint"",""coordinates"":[]}"
828_0,0.49385113,0.89456207,0.48955613,2024-02-26,828,"{""type"":""MultiPoint"",""coordinates"":[]}"
829_0,0.35342285,0.7946257,0.30906546,2024-02-26,829,"{""type"":""MultiPoint"",""coordinates"":[]}"
830_0,0.42865986,0.8477905,0.41967934,2024-02-26,830,"{""type"":""MultiPoint"",""coordinates"":[]}"
831_0,0.06319154,0.43721235,0.068687364,2024-02-26,831,"{""type"":""MultiPoint"",""coordinates"":[]}"
832_0,0.3599722,0.8171846,0.3667927,2024-02-26,832,"{""type"":""MultiPoint"",""coordinates"":[]}"
833_0,0.41449085,0.8452381,0.4150636,2024-02-26,833,"{""type"":""MultiPoint"",""coordinates"":[]}"
837_0,0.23748545,0.8143646,0.11246613,2024-02-26,837,"{""type"":""MultiPoint"",""coordinates"":[]}"
840_0,0.20128998,0.6718266,0.18486013,2024-02-26,840,"{""type"":""MultiPoint"",""coordinates"":[]}"
842_0,0.32082415,0.7992868,0.31349945,2024-02-26,842,"{""type"":""MultiPoint"",""coordinates"":[]}"
998_0,0.15137209,0.6527643,0.08465945,2024-02-26,998,"{""type"":""MultiPoint"",""coordinates"":[]}"
999_0,0.09065771,0.5407326,0.10078125,2024-02-26,999,"{""type"":""MultiPoint"",""coordinates"":[]}"
1000_0,-0.04620988,0.52684563,-0.11607576,2024-02-26,1000,"{""type"":""MultiPoint"",""coordinates"":[]}"
1001_0,0.18996206,0.7217462,0.20640366,2024-02-26,1001,"{""type"":""MultiPoint"",""coordinates"":[]}"
1002_0,-0.043829788,0.5110821,-0.028295955,2024-02-26,1002,"{""type"":""MultiPoint"",""coordinates"":[]}"
1003_0,0.072710104,0.42857143,-0.006147541,2024-02-26,1003,"{""type"":""MultiPoint"",""coordinates"":[]}"
1004_0,0.38176426,0.8379531,0.34792808,2024-02-26,1004,"{""type"":""MultiPoint"",""coordinates"":[]}"
1005_0,-0.017266188,0.66696995,-0.07310903,2024-02-26,1005,"{""type"":""MultiPoint"",""coordinates"":[]}"
1006_0,0.31393397,0.8464286,0.25561628,2024-02-26,1006,"{""type"":""MultiPoint"",""coordinates"":[]}"
1007_0,0.3256322,0.87369376,0.3125398,2024-02-26,1007,"{""type"":""MultiPoint"",""coordinates"":[]}"
1008_0,0.035824858,0.5265113,0.018018018,2024-02-26,1008,"{""type"":""MultiPoint"",""coordinates"":[]}"
1009_0,0.35434574,0.7811966,0.34538412,2024-02-26,1009,"{""type"":""MultiPoint"",""coordinates"":[]}"
1010_0,0.15369128,0.736468,0.11477712,2024-02-26,1010,"{""type"":""MultiPoint"",""coordinates"":[]}"
1011_0,0.04682081,0.6084656,0.006925625,2024-02-26,1011,"{""type"":""MultiPoint"",""coordinates"":[]}"
1012_0,-0.030684104,0.60471976,-0.036681,2024-02-26,1012,"{""type"":""MultiPoint"",""coordinates"":[]}"
1013_0,0.11639842,0.6303584,0.1010916,2024-02-26,1013,"{""type"":""MultiPoint"",""coordinates"":[]}"
1014_0,0.10233497,0.6357647,0.054931715,2024-02-26,1014,"{""type"":""MultiPoint"",""coordinates"":[]}"
1015_0,0.06620493,0.5114693,0.030866807,2024-02-26,1015,"{""type"":""MultiPoint"",""coordinates"":[]}"
1016_0,0.09130672,0.57795274,0.09328969,2024-02-26,1016,"{""type"":""MultiPoint"",""coordinates"":[]}"
1017_0,0.17828685,0.66462314,0.16624558,2024-02-26,1017,"{""type"":""MultiPoint"",""coordinates"":[]}"
1018_0,0.40589416,0.82718545,0.34174398,2024-02-26,1018,"{""type"":""MultiPoint"",""coordinates"":[]}"
1019_0,0.38533628,0.8066586,0.33768934,2024-02-26,1019,"{""type"":""MultiPoint"",""coordinates"":[]}"
1020_0,0.41935483,0.8405968,0.43715513,2024-02-26,1020,"{""type"":""MultiPoint"",""coordinates"":[]}"
1021_0,0.10848617,0.5861124,0.09526814,2024-02-26,1021,"{""type"":""MultiPoint"",""coordinates"":[]}"
1022_0,0.37835085,0.77433807,0.40788624,2024-02-26,1022,"{""type"":""MultiPoint"",""coordinates"":[]}"
1023_0,-0.015237662,0.54809844,-0.0362117,2024-02-26,1023,"{""type"":""MultiPoint"",""coordinates"":[]}"
1024_0,0.044463325,0.56078434,0.08240414,2024-02-26,1024,"{""type"":""MultiPoint"",""coordinates"":[]}"
1025_0,-0.072344795,0.47798562,-0.09942136,2024-02-26,1025,"{""type"":""MultiPoint"",""coordinates"":[]}"
1026_0,0.007226739,0.5379985,-0.036303632,2024-02-26,1026,"{""type"":""MultiPoint"",""coordinates"":[]}"
1027_0,-0.10919399,0.323993,0.003984064,2024-02-26,1027,"{""type"":""MultiPoint"",""coordinates"":[]}"
1028_0,0.2544208,0.5802469,0.23396367,2024-02-26,1028,"{""type"":""MultiPoint"",""coordinates"":[]}"
1029_0,0.22887163,0.75625,0.14227642,2024-02-26,1029,"{""type"":""MultiPoint"",""coordinates"":[]}"
1030_0,0.3548387,0.8203098,0.4086308,2024-02-26,1030,"{""type"":""MultiPoint"",""coordinates"":[]}"
1031_0,0.08092651,0.6189624,0.05940884,2024-02-26,1031,"{""type"":""MultiPoint"",""coordinates"":[]}"
1032_0,0.17311609,0.71218795,0.0692343,2024-02-26,1032,"{""type"":""MultiPoint"",""coordinates"":[]}"
1033_0,-0.030627871,0.54788613,-0.059008654,2024-02-26,1033,"{""type"":""MultiPoint"",""coordinates"":[]}"
1034_0,3.742515E-4,0.3617225,0.03172014,2024-02-26,1034,"{""type"":""MultiPoint"",""coordinates"":[]}"
1035_0,0.36631235,0.77483445,0.38418752,2024-02-26,1035,"{""type"":""MultiPoint"",""coordinates"":[]}"
1036_0,0.10839844,0.6487353,0.1178744,2024-02-26,1036,"{""type"":""MultiPoint"",""coordinates"":[]}"
1037_0,0.05025808,0.6313498,-0.018054746,2024-02-26,1037,"{""type"":""MultiPoint"",""coordinates"":[]}"
1038_0,0.094201125,0.59003556,0.09375765,2024-02-26,1038,"{""type"":""MultiPoint"",""coordinates"":[]}"
1039_0,0.1651854,0.70610684,0.1352381,2024-02-26,1039,"{""type"":""MultiPoint"",""coordinates"":[]}"
1040_0,0.005002084,0.60507536,-0.08229426,2024-02-26,1040,"{""type"":""MultiPoint"",""coordinates"":[]}"
1041_0,0.06769231,0.5215311,0.024154589,2024-02-26,1041,"{""type"":""MultiPoint"",""coordinates"":[]}"
1042_0,0.07640587,0.62192816,0.0635265,2024-02-26,1042,"{""type"":""MultiPoint"",""coordinates"":[]}"
1043_0,0.055612244,0.61547965,0.029110936,2024-02-26,1043,"{""type"":""MultiPoint"",""coordinates"":[]}"
1044_0,-0.076168224,0.4870968,-0.11068242,2024-02-26,1044,"{""type"":""MultiPoint"",""coordinates"":[]}"
1045_0,-0.057732575,0.5262321,-0.10224439,2024-02-26,1045,"{""type"":""MultiPoint"",""coordinates"":[]}"
1046_0,-0.051919825,0.5313741,-0.060886506,2024-02-26,1046,"{""type"":""MultiPoint"",""coordinates"":[]}"
1047_0,-0.050281953,0.46585736,-0.07271418,2024-02-26,1047,"{""type"":""MultiPoint"",""coordinates"":[]}"
1048_0,-0.0028363047,0.5391414,-0.00753104,2024-02-26,1048,"{""type"":""MultiPoint"",""coordinates"":[]}"
1049_0,-0.08494298,0.50599915,-0.123102866,2024-02-26,1049,"{""type"":""MultiPoint"",""coordinates"":[]}"
1050_0,0.14905769,0.74660236,0.14417002,2024-02-26,1050,"{""type"":""MultiPoint"",""coordinates"":[]}"
1051_0,-0.09924006,0.4692966,-0.109406725,2024-02-26,1051,"{""type"":""MultiPoint"",""coordinates"":[]}"
1052_0,-0.026558569,0.60546875,-0.055172414,2024-02-26,1052,"{""type"":""MultiPoint"",""coordinates"":[]}"
1053_0,0.144,0.7406508,0.12598178,2024-02-26,1053,"{""type"":""MultiPoint"",""coordinates"":[]}"
1054_0,0.12866183,0.645324,0.06559437,2024-02-26,1054,"{""type"":""MultiPoint"",""coordinates"":[]}"
1055_0,0.36782634,0.86493504,0.33913586,2024-02-26,1055,"{""type"":""MultiPoint"",""coordinates"":[]}"
1056_0,0.026117237,0.570736,0.030057803,2024-02-26,1056,"{""type"":""MultiPoint"",""coordinates"":[]}"
1057_0,0.2733311,0.8570152,0.31021437,2024-02-26,1057,"{""type"":""MultiPoint"",""coordinates"":[]}"
1058_0,0.06556814,0.5619048,0.040535778,2024-02-26,1058,"{""type"":""MultiPoint"",""coordinates"":[]}"
1059_0,0.25402656,0.5658167,0.2650334,2024-02-26,1059,"{""type"":""MultiPoint"",""coordinates"":[]}"
1060_0,0.16093536,0.743806,0.15100905,2024-02-26,1060,"{""type"":""MultiPoint"",""coordinates"":[]}"
1061_0,0.33170584,0.8509213,0.33736762,2024-02-26,1061,"{""type"":""MultiPoint"",""coordinates"":[]}"
1062_0,0.31226486,0.84009546,0.25570032,2024-02-26,1062,"{""type"":""MultiPoint"",""coordinates"":[]}"
1063_0,0.25140992,0.8181818,0.13659705,2024-02-26,1063,"{""type"":""MultiPoint"",""coordinates"":[]}"
1064_0,0.3458904,0.8545455,0.38327414,2024-02-26,1064,"{""type"":""MultiPoint"",""coordinates"":[]}"
1065_0,0.31843948,0.82098174,0.29855868,2024-02-26,1065,"{""type"":""MultiPoint"",""coordinates"":[]}"
1066_0,0.2063121,0.7097021,0.24471635,2024-02-26,1066,"{""type"":""MultiPoint"",""coordinates"":[]}"
1067_0,0.02159309,0.52221733,-0.08198461,2024-02-26,1067,"{""type"":""MultiPoint"",""coordinates"":[]}"
1068_0,0.181764,0.6099443,0.15533681,2024-02-26,1068,"{""type"":""MultiPoint"",""coordinates"":[]}"
1069_0,0.2440868,0.75396025,0.25337186,2024-02-26,1069,"{""type"":""MultiPoint"",""coordinates"":[]}"
1070_0,0.17086029,0.6365768,0.09518828,2024-02-26,1070,"{""type"":""MultiPoint"",""coordinates"":[]}"
1071_0,0.13061798,0.7030353,0.055682685,2024-02-26,1071,"{""type"":""MultiPoint"",""coordinates"":[]}"
1072_0,-0.026993485,0.618904,-0.013782542,2024-02-26,1072,"{""type"":""MultiPoint"",""coordinates"":[]}"
1073_0,0.4196952,0.85439456,0.42575407,2024-02-26,1073,"{""type"":""MultiPoint"",""coordinates"":[]}"
1074_0,0.25757575,0.8327526,0.25787166,2024-02-26,1074,"{""type"":""MultiPoint"",""coordinates"":[]}"
1075_0,-0.062471706,0.42750373,-0.10265445,2024-02-26,1075,"{""type"":""MultiPoint"",""coordinates"":[]}"
1076_0,0.096757725,0.5976505,0.10316857,2024-02-26,1076,"{""type"":""MultiPoint"",""coordinates"":[]}"
1077_0,0.042355374,0.5262768,0.053115424,2024-02-26,1077,"{""type"":""MultiPoint"",""coordinates"":[]}"
1078_0,-0.009264025,0.5607321,-0.022152724,2024-02-26,1078,"{""type"":""MultiPoint"",""coordinates"":[]}"
1079_0,0.009192065,0.46966806,-0.030699547,2024-02-26,1079,"{""type"":""MultiPoint"",""coordinates"":[]}"
1080_0,0.3755249,0.847348,0.3459001,2024-02-26,1080,"{""type"":""MultiPoint"",""coordinates"":[]}"
1081_0,0.009201171,0.5700809,-0.0082996385,2024-02-26,1081,"{""type"":""MultiPoint"",""coordinates"":[]}"
1082_0,0.32470334,0.79106736,0.30790493,2024-02-26,1082,"{""type"":""MultiPoint"",""coordinates"":[]}"
1083_0,0.18123457,0.5909891,0.15364982,2024-02-26,1083,"{""type"":""MultiPoint"",""coordinates"":[]}"
1084_0,0.31484213,0.75,0.24241436,2024-02-26,1084,"{""type"":""MultiPoint"",""coordinates"":[]}"
1085_0,0.32555595,0.8531702,0.28598997,2024-02-26,1085,"{""type"":""MultiPoint"",""coordinates"":[]}"
1086_0,-0.06757991,0.52205294,-0.10387158,2024-02-26,1086,"{""type"":""MultiPoint"",""coordinates"":[]}"
1087_0,0.24467775,0.6936682,0.29791272,2024-02-26,1087,"{""type"":""MultiPoint"",""coordinates"":[]}"
1088_0,0.12508452,0.6302839,0.14209944,2024-02-26,1088,"{""type"":""MultiPoint"",""coordinates"":[]}"
1089_0,0.24479167,0.7222222,0.22542734,2024-02-26,1089,"{""type"":""MultiPoint"",""coordinates"":[]}"
1090_0,0.27558452,0.79551125,0.20754717,2024-02-26,1090,"{""type"":""MultiPoint"",""coordinates"":[]}"
1091_0,0.3967684,0.8273963,0.42334095,2024-02-26,1091,"{""type"":""MultiPoint"",""coordinates"":[]}"
1092_0,0.33825794,0.79707915,0.37005568,2024-02-26,1092,"{""type"":""MultiPoint"",""coordinates"":[]}"
1093_0,-0.008171316,0.44256455,-0.049574655,2024-02-26,1093,"{""type"":""MultiPoint"",""coordinates"":[]}"
1094_0,0.26260763,0.75158226,0.2973923,2024-02-26,1094,"{""type"":""MultiPoint"",""coordinates"":[]}"
1095_0,-0.132789,0.40980035,-0.15159458,2024-02-26,1095,"{""type"":""MultiPoint"",""coordinates"":[]}"
1096_0,0.19428007,0.7919773,0.21404521,2024-02-26,1096,"{""type"":""MultiPoint"",""coordinates"":[]}"
1097_0,0.3328397,0.81463414,0.24570951,2024-02-26,1097,"{""type"":""MultiPoint"",""coordinates"":[]}"
1098_0,0.41167882,0.8485401,0.43079096,2024-02-26,1098,"{""type"":""MultiPoint"",""coordinates"":[]}"
1099_0,0.26579142,0.7328844,0.21958926,2024-02-26,1099,"{""type"":""MultiPoint"",""coordinates"":[]}"
1100_0,0.12133072,0.6140667,0.14121772,2024-02-26,1100,"{""type"":""MultiPoint"",""coordinates"":[]}"
1101_0,0.43179035,0.8845323,0.4491928,2024-02-26,1101,"{""type"":""MultiPoint"",""coordinates"":[]}"
1102_0,0.103491664,0.6839917,0.06403941,2024-02-26,1102,"{""type"":""MultiPoint"",""coordinates"":[]}"
1103_0,0.2072473,0.7684013,0.20395787,2024-02-26,1103,"{""type"":""MultiPoint"",""coordinates"":[]}"
1104_0,0.25304326,0.72362787,0.21115974,2024-02-26,1104,"{""type"":""MultiPoint"",""coordinates"":[]}"
1105_0,0.20912021,0.69786096,0.19332863,2024-02-26,1105,"{""type"":""MultiPoint"",""coordinates"":[]}"
1106_0,0.14997105,0.7226399,0.16827196,2024-02-26,1106,"{""type"":""MultiPoint"",""coordinates"":[]}"
1107_0,0.3520026,0.86856127,0.35785738,2024-02-26,1107,"{""type"":""MultiPoint"",""coordinates"":[]}"
1108_0,0.21267234,0.77566046,0.20872642,2024-02-26,1108,"{""type"":""MultiPoint"",""coordinates"":[]}"
1109_0,0.30788803,0.8285275,0.32037756,2024-02-26,1109,"{""type"":""MultiPoint"",""coordinates"":[]}"
1110_0,0.1726883,0.7119712,0.16938211,2024-02-26,1110,"{""type"":""MultiPoint"",""coordinates"":[]}"
1111_0,0.08935323,0.54245883,0.030919103,2024-02-26,1111,"{""type"":""MultiPoint"",""coordinates"":[]}"
1112_0,0.2556156,0.77341515,0.24705206,2024-02-26,1112,"{""type"":""MultiPoint"",""coordinates"":[]}"
1113_0,0.087659575,0.6619411,-0.026819924,2024-02-26,1113,"{""type"":""MultiPoint"",""coordinates"":[]}"
1114_0,0.2578534,0.7669492,0.19057816,2024-02-26,1114,"{""type"":""MultiPoint"",""coordinates"":[]}"
1115_0,-0.0115621155,0.4834437,-0.009823183,2024-02-26,1115,"{""type"":""MultiPoint"",""coordinates"":[]}"
1116_0,0.2108341,0.7821782,0.21397915,2024-02-26,1116,"{""type"":""MultiPoint"",""coordinates"":[]}"
1117_0,0.29972184,0.73166025,0.28097108,2024-02-26,1117,"{""type"":""MultiPoint"",""coordinates"":[]}"
1118_0,0.13843775,0.7045658,0.065174825,2024-02-26,1118,"{""type"":""MultiPoint"",""coordinates"":[]}"
1119_0,0.4380265,0.7852247,0.43014032,2024-02-26,1119,"{""type"":""MultiPoint"",""coordinates"":[]}"
1120_0,0.25992003,0.7339535,0.21552005,2024-02-26,1120,"{""type"":""MultiPoint"",""coordinates"":[]}"
1124_0,0.28845662,0.73931324,0.2820248,2024-02-26,1124,"{""type"":""MultiPoint"",""coordinates"":[]}"
1262_0,0.13877077,0.7561509,0.18088235,2024-02-26,1262,"{""type"":""MultiPoint"",""coordinates"":[]}"
1263_0,0.11873508,0.69964665,0.13143194,2024-02-26,1263,"{""type"":""MultiPoint"",""coordinates"":[]}"
1264_0,0.08379658,0.55921054,0.03155604,2024-02-26,1264,"{""type"":""MultiPoint"",""coordinates"":[]}"
1265_0,0.27489072,0.8503775,0.28718072,2024-02-26,1265,"{""type"":""MultiPoint"",""coordinates"":[]}"
1266_0,0.025297297,0.4805039,0.04531978,2024-02-26,1266,"{""type"":""MultiPoint"",""coordinates"":[]}"
1267_0,0.029545905,0.5409009,-0.067393675,2024-02-26,1267,"{""type"":""MultiPoint"",""coordinates"":[]}"
1268_0,0.096658714,0.6666667,0.17583016,2024-02-26,1268,"{""type"":""MultiPoint"",""coordinates"":[]}"
1269_0,0.073622406,0.6599424,0.058094144,2024-02-26,1269,"{""type"":""MultiPoint"",""coordinates"":[]}"
1270_0,0.11420983,0.6039727,0.12715377,2024-02-26,1270,"{""type"":""MultiPoint"",""coordinates"":[]}"
1271_0,0.2961048,0.7991266,0.23491944,2024-02-26,1271,"{""type"":""MultiPoint"",""coordinates"":[]}"
1272_0,0.30548304,0.71824163,0.30220357,2024-02-26,1272,"{""type"":""MultiPoint"",""coordinates"":[]}"
1273_0,0.2160938,0.6502701,0.3272353,2024-02-26,1273,"{""type"":""MultiPoint"",""coordinates"":[]}"
1274_0,0.13973577,0.5436853,0.04807422,2024-02-26,1274,"{""type"":""MultiPoint"",""coordinates"":[]}"
1275_0,0.21945289,0.76707727,0.102725364,2024-02-26,1275,"{""type"":""MultiPoint"",""coordinates"":[]}"
1276_0,0.078657195,0.60603523,0.009483667,2024-02-26,1276,"{""type"":""MultiPoint"",""coordinates"":[]}"
1277_0,-0.03637552,0.48995984,-0.033224754,2024-02-26,1277,"{""type"":""MultiPoint"",""coordinates"":[]}"
1278_0,0.069186874,0.7508731,0.07084372,2024-02-26,1278,"{""type"":""MultiPoint"",""coordinates"":[]}"
1279_0,0.13115256,0.61276287,0.22030178,2024-02-26,1279,"{""type"":""MultiPoint"",""coordinates"":[]}"
1280_0,0.1505031,0.6399395,0.15466553,2024-02-26,1280,"{""type"":""MultiPoint"",""coordinates"":[]}"
1281_0,0.24976555,0.76941174,0.22077923,2024-02-26,1281,"{""type"":""MultiPoint"",""coordinates"":[]}"
1282_0,-0.0563786,0.48257655,-0.09865183,2024-02-26,1282,"{""type"":""MultiPoint"",""coordinates"":[]}"
1283_0,0.25176206,0.8550233,0.24495022,2024-02-26,1283,"{""type"":""MultiPoint"",""coordinates"":[]}"
1284_0,0.096627355,0.5813953,0.08411999,2024-02-26,1284,"{""type"":""MultiPoint"",""coordinates"":[]}"
1285_0,0.28063515,0.774515,0.2377469,2024-02-26,1285,"{""type"":""MultiPoint"",""coordinates"":[]}"
1286_0,0.302644,0.7676768,0.30932897,2024-02-26,1286,"{""type"":""MultiPoint"",""coordinates"":[]}"
1287_0,0.32818958,0.82806164,0.29801324,2024-02-26,1287,"{""type"":""MultiPoint"",""coordinates"":[]}"
1288_0,0.092929296,0.5067669,0.05473684,2024-02-26,1288,"{""type"":""MultiPoint"",""coordinates"":[]}"
1289_0,0.17790623,0.79229647,0.17896087,2024-02-26,1289,"{""type"":""MultiPoint"",""coordinates"":[]}"
1290_0,0.036776762,0.51304346,0.08459484,2024-02-26,1290,"{""type"":""MultiPoint"",""coordinates"":[]}"
1291_0,0.05191172,0.6384778,0.008130081,2024-02-26,1291,"{""type"":""MultiPoint"",""coordinates"":[]}"
1292_0,0.1272381,0.4846531,0.113561615,2024-02-26,1292,"{""type"":""MultiPoint"",""coordinates"":[]}"
1293_0,0.43468717,0.8765432,0.40496823,2024-02-26,1293,"{""type"":""MultiPoint"",""coordinates"":[]}"
1294_0,0.3006664,0.75285566,0.30852714,2024-02-26,1294,"{""type"":""MultiPoint"",""coordinates"":[]}"
1295_0,0.28720802,0.6889495,0.21432075,2024-02-26,1295,"{""type"":""MultiPoint"",""coordinates"":[]}"
1296_0,0.20076239,0.7512538,0.16245006,2024-02-26,1296,"{""type"":""MultiPoint"",""coordinates"":[]}"
1297_0,0.17681007,0.6548988,0.14145006,2024-02-26,1297,"{""type"":""MultiPoint"",""coordinates"":[]}"
1298_0,0.28237036,0.81354266,0.20823799,2024-02-26,1298,"{""type"":""MultiPoint"",""coordinates"":[]}"
1299_0,0.06355685,0.5491651,0.01953602,2024-02-26,1299,"{""type"":""MultiPoint"",""coordinates"":[]}"
1300_0,0.24078624,0.63064295,0.24621014,2024-02-26,1300,"{""type"":""MultiPoint"",""coordinates"":[]}"
1301_0,0.15839243,0.7856477,0.14730538,2024-02-26,1301,"{""type"":""MultiPoint"",""coordinates"":[]}"
1302_0,0.1893864,0.7236662,0.015310233,2024-02-26,1302,"{""type"":""MultiPoint"",""coordinates"":[]}"
1303_0,0.39383322,0.82522523,0.40159115,2024-02-26,1303,"{""type"":""MultiPoint"",""coordinates"":[]}"
1304_0,0.3163234,0.75306624,0.31695333,2024-02-26,1304,"{""type"":""MultiPoint"",""coordinates"":[]}"
1305_0,0.4767025,0.84997416,0.4625767,2024-02-26,1305,"{""type"":""MultiPoint"",""coordinates"":[]}"
1306_0,0.013001083,0.56560683,-0.020728292,2024-02-26,1306,"{""type"":""MultiPoint"",""coordinates"":[]}"
1307_0,0.19783968,0.7361173,0.16136701,2024-02-26,1307,"{""type"":""MultiPoint"",""coordinates"":[]}"
1308_0,0.20079173,0.69936156,0.2341412,2024-02-26,1308,"{""type"":""MultiPoint"",""coordinates"":[]}"
1309_0,0.14095035,0.7135506,0.10784586,2024-02-26,1309,"{""type"":""MultiPoint"",""coordinates"":[]}"
1310_0,0.09572176,0.6429942,0.07639107,2024-02-26,1310,"{""type"":""MultiPoint"",""coordinates"":[]}"
1311_0,0.019939907,0.55537593,0.034965035,2024-02-26,1311,"{""type"":""MultiPoint"",""coordinates"":[]}"
1312_0,0.21747212,0.74345076,0.20889446,2024-02-26,1312,"{""type"":""MultiPoint"",""coordinates"":[]}"
1313_0,0.10974674,0.5942968,0.029288704,2024-02-26,1313,"{""type"":""MultiPoint"",""coordinates"":[]}"
1314_0,0.36703297,0.7699634,0.3542601,2024-02-26,1314,"{""type"":""MultiPoint"",""coordinates"":[]}"
1315_0,0.025174076,0.55457747,-0.015058561,2024-02-26,1315,"{""type"":""MultiPoint"",""coordinates"":[]}"
1316_0,0.36502132,0.78332037,0.37417418,2024-02-26,1316,"{""type"":""MultiPoint"",""coordinates"":[]}"
1317_0,0.006521739,0.6020495,0.012958963,2024-02-26,1317,"{""type"":""MultiPoint"",""coordinates"":[]}"
1318_0,0.26381767,0.6517335,0.24267292,2024-02-26,1318,"{""type"":""MultiPoint"",""coordinates"":[]}"
1319_0,0.16062465,0.7649707,0.13131313,2024-02-26,1319,"{""type"":""MultiPoint"",""coordinates"":[]}"
1320_0,0.30107528,0.82071364,0.30872694,2024-02-26,1320,"{""type"":""MultiPoint"",""coordinates"":[]}"
1321_0,0.010502413,0.5685885,-0.04968383,2024-02-26,1321,"{""type"":""MultiPoint"",""coordinates"":[]}"
1322_0,0.42541066,0.84476537,0.40916926,2024-02-26,1322,"{""type"":""MultiPoint"",""coordinates"":[]}"
1323_0,0.11606181,0.7785467,0.11255411,2024-02-26,1323,"{""type"":""MultiPoint"",""coordinates"":[]}"
1324_0,0.061254077,0.6465374,0.06868033,2024-02-26,1324,"{""type"":""MultiPoint"",""coordinates"":[]}"
1325_0,0.16551358,0.64254296,0.13418001,2024-02-26,1325,"{""type"":""MultiPoint"",""coordinates"":[]}"
1326_0,0.41846064,0.8945712,0.41897467,2024-02-26,1326,"{""type"":""MultiPoint"",""coordinates"":[]}"
1327_0,0.3436729,0.81757325,0.39993554,2024-02-26,1327,"{""type"":""MultiPoint"",""coordinates"":[]}"
1328_0,0.20069565,0.7402459,0.1724883,2024-02-26,1328,"{""type"":""MultiPoint"",""coordinates"":[]}"
1329_0,0.06059996,0.68043745,0.08491861,2024-02-26,1329,"{""type"":""MultiPoint"",""coordinates"":[]}"
1330_0,0.19150944,0.69728667,0.20464037,2024-02-26,1330,"{""type"":""MultiPoint"",""coordinates"":[]}"
1331_0,0.1658031,0.7737059,0.14387001,2024-02-26,1331,"{""type"":""MultiPoint"",""coordinates"":[]}"
1332_0,0.1364992,0.59547025,0.14803079,2024-02-26,1332,"{""type"":""MultiPoint"",""coordinates"":[]}"
1333_0,0.17922735,0.7471051,0.18541798,2024-02-26,1333,"{""type"":""MultiPoint"",""coordinates"":[]}"
1334_0,0.24029952,0.73772264,0.18121791,2024-02-26,1334,"{""type"":""MultiPoint"",""coordinates"":[]}"
1335_0,0.20753793,0.7362146,0.18004557,2024-02-26,1335,"{""type"":""MultiPoint"",""coordinates"":[]}"
1336_0,8.532423E-4,0.56340957,-0.018703785,2024-02-26,1336,"{""type"":""MultiPoint"",""coordinates"":[]}"
1337_0,0.21167883,0.7904762,0.2125631,2024-02-26,1337,"{""type"":""MultiPoint"",""coordinates"":[]}"
1338_0,0.088597536,0.68729335,0.21786566,2024-02-26,1338,"{""type"":""MultiPoint"",""coordinates"":[]}"
1339_0,-0.049303725,0.5648415,-0.12419355,2024-02-26,1339,"{""type"":""MultiPoint"",""coordinates"":[]}"
1340_0,0.33891493,0.8268282,0.3470063,2024-02-26,1340,"{""type"":""MultiPoint"",""coordinates"":[]}"
1341_0,0.16911764,0.6902724,0.15716569,2024-02-26,1341,"{""type"":""MultiPoint"",""coordinates"":[]}"
1342_0,0.34726286,0.86004514,0.026791276,2024-02-26,1342,"{""type"":""MultiPoint"",""coordinates"":[]}"
1343_0,0.30154115,0.80176824,0.23430029,2024-02-26,1343,"{""type"":""MultiPoint"",""coordinates"":[]}"
1344_0,0.17144097,0.7136886,0.12611581,2024-02-26,1344,"{""type"":""MultiPoint"",""coordinates"":[]}"
1345_0,0.2025996,0.73713315,0.18273965,2024-02-26,1345,"{""type"":""MultiPoint"",""coordinates"":[]}"
1346_0,0.24531835,0.7597173,0.105438404,2024-02-26,1346,"{""type"":""MultiPoint"",""coordinates"":[]}"
1347_0,0.031613078,0.64513016,-0.024585478,2024-02-26,1347,"{""type"":""MultiPoint"",""coordinates"":[]}"
1348_0,0.10634921,0.67050487,0.055104896,2024-02-26,1348,"{""type"":""MultiPoint"",""coordinates"":[]}"
1349_0,0.4055866,0.85987264,0.37411764,2024-02-26,1349,"{""type"":""MultiPoint"",""coordinates"":[]}"
1350_0,0.16211386,0.64141035,0.14285715,2024-02-26,1350,"{""type"":""MultiPoint"",""coordinates"":[]}"
1351_0,0.20427047,0.7287412,0.25681365,2024-02-26,1351,"{""type"":""MultiPoint"",""coordinates"":[]}"
1352_0,0.36317688,0.8082192,0.265,2024-02-26,1352,"{""type"":""MultiPoint"",""coordinates"":[]}"
1353_0,0.29540065,0.79268295,0.22563836,2024-02-26,1353,"{""type"":""MultiPoint"",""coordinates"":[]}"
1354_0,0.3529412,0.8333333,0.33834586,2024-02-26,1354,"{""type"":""MultiPoint"",""coordinates"":[]}"
1355_0,0.12373014,0.60030985,0.10245464,2024-02-26,1355,"{""type"":""MultiPoint"",""coordinates"":[]}"
1356_0,0.26969892,0.75722545,0.2682927,2024-02-26,1356,"{""type"":""MultiPoint"",""coordinates"":[]}"
1357_0,0.35225376,0.83341175,0.25192803,2024-02-26,1357,"{""type"":""MultiPoint"",""coordinates"":[]}"
1358_0,0.2657672,0.81834215,0.2759901,2024-02-26,1358,"{""type"":""MultiPoint"",""coordinates"":[]}"
1359_0,0.014953715,0.58324146,0.018680539,2024-02-26,1359,"{""type"":""MultiPoint"",""coordinates"":[]}"
1360_0,0.15294118,0.7286512,0.16639742,2024-02-26,1360,"{""type"":""MultiPoint"",""coordinates"":[]}"
1361_0,0.06370656,0.65171105,0.056420233,2024-02-26,1361,"{""type"":""MultiPoint"",""coordinates"":[]}"
1362_0,0.22145894,0.7686099,0.24731183,2024-02-26,1362,"{""type"":""MultiPoint"",""coordinates"":[]}"
1363_0,0.3498112,0.8210477,0.3493645,2024-02-26,1363,"{""type"":""MultiPoint"",""coordinates"":[]}"
1364_0,0.15472607,0.77757007,0.15063521,2024-02-26,1364,"{""type"":""MultiPoint"",""coordinates"":[]}"
1365_0,0.3442917,0.81922764,0.33736032,2024-02-26,1365,"{""type"":""MultiPoint"",""coordinates"":[]}"
1366_0,0.20132835,0.7452229,0.26170376,2024-02-26,1366,"{""type"":""MultiPoint"",""coordinates"":[]}"
1367_0,0.03715523,0.52249134,0.020408163,2024-02-26,1367,"{""type"":""MultiPoint"",""coordinates"":[]}"
1368_0,0.34789696,0.77814984,0.35979512,2024-02-26,1368,"{""type"":""MultiPoint"",""coordinates"":[]}"
1369_0,0.010975357,0.5168394,-0.009725158,2024-02-26,1369,"{""type"":""MultiPoint"",""coordinates"":[]}"
1370_0,0.375,0.8036176,0.40348527,2024-02-26,1370,"{""type"":""MultiPoint"",""coordinates"":[]}"
1371_0,0.34197462,0.8149211,0.359119,2024-02-26,1371,"{""type"":""MultiPoint"",""coordinates"":[]}"
1372_0,0.32197416,0.82492113,0.33448672,2024-02-26,1372,"{""type"":""MultiPoint"",""coordinates"":[]}"
1376_0,0.29102448,0.73839664,0.27435818,2024-02-26,1376,"{""type"":""MultiPoint"",""coordinates"":[]}"
1381_0,0.25990677,0.71271586,0.26419467,2024-02-26,1381,"{""type"":""MultiPoint"",""coordinates"":[]}"
1536_0,0.27622148,0.8074813,0.2398221,2024-02-26,1536,"{""type"":""MultiPoint"",""coordinates"":[]}"
1537_0,0.052366283,0.6512524,0.0064591896,2024-02-26,1537,"{""type"":""MultiPoint"",""coordinates"":[]}"
1538_0,0.24649777,0.78315264,0.2569077,2024-02-26,1538,"{""type"":""MultiPoint"",""coordinates"":[]}"
1539_0,0.2972973,0.8091603,0.24736843,2024-02-26,1539,"{""type"":""MultiPoint"",""coordinates"":[]}"
1540_0,0.20841406,0.7161771,0.18378995,2024-02-26,1540,"{""type"":""MultiPoint"",""coordinates"":[]}"
1541_0,0.011038635,0.60951287,0.0312116,2024-02-26,1541,"{""type"":""MultiPoint"",""coordinates"":[]}"
1542_0,0.044135675,0.5897122,0.052077003,2024-02-26,1542,"{""type"":""MultiPoint"",""coordinates"":[]}"
1543_0,0.020225776,0.5865281,0.030486386,2024-02-26,1543,"{""type"":""MultiPoint"",""coordinates"":[]}"
1544_0,0.2714517,0.7200647,0.22324511,2024-02-26,1544,"{""type"":""MultiPoint"",""coordinates"":[]}"
1545_0,0.008356546,0.5906433,-0.18022905,2024-02-26,1545,"{""type"":""MultiPoint"",""coordinates"":[]}"
1546_0,0.23113208,0.7611276,0.23613642,2024-02-26,1546,"{""type"":""MultiPoint"",""coordinates"":[]}"
1547_0,0.2400906,0.73204905,0.19156626,2024-02-26,1547,"{""type"":""MultiPoint"",""coordinates"":[]}"
1548_0,0.1326624,0.6955645,0.083762884,2024-02-26,1548,"{""type"":""MultiPoint"",""coordinates"":[]}"
1549_0,0.26226828,0.745325,0.18321763,2024-02-26,1549,"{""type"":""MultiPoint"",""coordinates"":[]}"
1550_0,0.07853136,0.6239044,0.060078025,2024-02-26,1550,"{""type"":""MultiPoint"",""coordinates"":[]}"
1551_0,0.11783167,0.65656567,0.0038659794,2024-02-26,1551,"{""type"":""MultiPoint"",""coordinates"":[]}"
1552_0,0.099669605,0.56355286,0.11068806,2024-02-26,1552,"{""type"":""MultiPoint"",""coordinates"":[]}"
1553_0,0.07343608,0.68150526,0.08885587,2024-02-26,1553,"{""type"":""MultiPoint"",""coordinates"":[]}"
1554_0,-0.087605774,0.53291255,-0.12483913,2024-02-26,1554,"{""type"":""MultiPoint"",""coordinates"":[]}"
1555_0,0.24254534,0.72147787,0.26491648,2024-02-26,1555,"{""type"":""MultiPoint"",""coordinates"":[]}"
1556_0,0.28371027,0.67335695,0.2591057,2024-02-26,1556,"{""type"":""MultiPoint"",""coordinates"":[]}"
1557_0,0.25227773,0.75337535,0.24155512,2024-02-26,1557,"{""type"":""MultiPoint"",""coordinates"":[]}"
1558_0,0.15072,0.72301424,0.12090096,2024-02-26,1558,"{""type"":""MultiPoint"",""coordinates"":[]}"
1559_0,0.24508914,0.74673957,0.24872181,2024-02-26,1559,"{""type"":""MultiPoint"",""coordinates"":[]}"
1560_0,-0.026830632,0.54086316,-0.04523471,2024-02-26,1560,"{""type"":""MultiPoint"",""coordinates"":[]}"
1561_0,0.061248526,0.5203553,0.12609649,2024-02-26,1561,"{""type"":""MultiPoint"",""coordinates"":[]}"
1562_0,0.25827047,0.76944554,0.26887873,2024-02-26,1562,"{""type"":""MultiPoint"",""coordinates"":[]}"
1563_0,0.1253362,0.7196088,0.06336406,2024-02-26,1563,"{""type"":""MultiPoint"",""coordinates"":[]}"
1564_0,0.023416711,0.4723032,0.047989625,2024-02-26,1564,"{""type"":""MultiPoint"",""coordinates"":[]}"
1565_0,0.109381944,0.6807818,0.12590006,2024-02-26,1565,"{""type"":""MultiPoint"",""coordinates"":[]}"
1566_0,0.36084732,0.77172774,0.31827036,2024-02-26,1566,"{""type"":""MultiPoint"",""coordinates"":[]}"
1567_0,0.28085107,0.74158525,0.30992243,2024-02-26,1567,"{""type"":""MultiPoint"",""coordinates"":[]}"
1568_0,0.25440612,0.7338167,0.26482812,2024-02-26,1568,"{""type"":""MultiPoint"",""coordinates"":[]}"
1569_0,0.09766454,0.6234375,0.10005294,2024-02-26,1569,"{""type"":""MultiPoint"",""coordinates"":[]}"
1570_0,0.36189747,0.7982591,0.35598457,2024-02-26,1570,"{""type"":""MultiPoint"",""coordinates"":[]}"
1571_0,0.15061378,0.5796998,0.10251933,2024-02-26,1571,"{""type"":""MultiPoint"",""coordinates"":[]}"
1572_0,0.007115948,0.40929705,0.023466447,2024-02-26,1572,"{""type"":""MultiPoint"",""coordinates"":[]}"
1573_0,0.085232906,0.66378635,0.06861756,2024-02-26,1573,"{""type"":""MultiPoint"",""coordinates"":[]}"
1574_0,0.45941228,0.8387828,0.507031,2024-02-26,1574,"{""type"":""MultiPoint"",""coordinates"":[]}"
1575_0,0.36333027,0.80443716,0.35723114,2024-02-26,1575,"{""type"":""MultiPoint"",""coordinates"":[]}"
1576_0,0.012147506,0.46247318,-0.053435113,2024-02-26,1576,"{""type"":""MultiPoint"",""coordinates"":[]}"
1577_0,-0.008196721,0.5692929,-0.092311285,2024-02-26,1577,"{""type"":""MultiPoint"",""coordinates"":[]}"
1578_0,0.065958634,0.6062992,0.099434115,2024-02-26,1578,"{""type"":""MultiPoint"",""coordinates"":[]}"
1579_0,-0.07360026,0.31208998,-0.0714641,2024-02-26,1579,"{""type"":""MultiPoint"",""coordinates"":[]}"
1580_0,-0.02259887,0.57772624,-0.071249716,2024-02-26,1580,"{""type"":""MultiPoint"",""coordinates"":[]}"
1581_0,0.041120652,0.5264837,0.059813913,2024-02-26,1581,"{""type"":""MultiPoint"",""coordinates"":[]}"
1582_0,0.2537517,0.7261568,0.25119781,2024-02-26,1582,"{""type"":""MultiPoint"",""coordinates"":[]}"
1583_0,0.08954777,0.62147886,0.09577633,2024-02-26,1583,"{""type"":""MultiPoint"",""coordinates"":[]}"
1584_0,-0.054835495,0.43057674,-0.06033273,2024-02-26,1584,"{""type"":""MultiPoint"",""coordinates"":[]}"
1585_0,0.056509834,0.572663,0.027457017,2024-02-26,1585,"{""type"":""MultiPoint"",""coordinates"":[]}"
1586_0,-0.10334006,0.48228487,-0.09111062,2024-02-26,1586,"{""type"":""MultiPoint"",""coordinates"":[]}"
1587_0,0.42293763,0.86278194,0.4686921,2024-02-26,1587,"{""type"":""MultiPoint"",""coordinates"":[]}"
1588_0,-0.038778476,0.52633834,-0.09197452,2024-02-26,1588,"{""type"":""MultiPoint"",""coordinates"":[]}"
1589_0,0.065712094,0.64906,0.0040883073,2024-02-26,1589,"{""type"":""MultiPoint"",""coordinates"":[]}"
1590_0,-0.01995685,0.5053942,-0.020782726,2024-02-26,1590,"{""type"":""MultiPoint"",""coordinates"":[]}"
1591_0,-0.068470456,0.51476014,-0.08191222,2024-02-26,1591,"{""type"":""MultiPoint"",""coordinates"":[]}"
1592_0,0.1524935,0.76465696,0.18151447,2024-02-26,1592,"{""type"":""MultiPoint"",""coordinates"":[]}"
1593_0,0.067371935,0.6578512,0.08992121,2024-02-26,1593,"{""type"":""MultiPoint"",""coordinates"":[]}"
1594_0,0.23582837,0.80064905,0.2283365,2024-02-26,1594,"{""type"":""MultiPoint"",""coordinates"":[]}"
1595_0,0.08404155,0.74300516,0.07236213,2024-02-26,1595,"{""type"":""MultiPoint"",""coordinates"":[]}"
1596_0,0.3039626,0.71172416,0.2741273,2024-02-26,1596,"{""type"":""MultiPoint"",""coordinates"":[]}"
1597_0,0.24681285,0.79810965,0.23372243,2024-02-26,1597,"{""type"":""MultiPoint"",""coordinates"":[]}"
1598_0,0.114321604,0.7157208,0.09557409,2024-02-26,1598,"{""type"":""MultiPoint"",""coordinates"":[]}"
1599_0,0.36660808,0.91516334,0.37102968,2024-02-26,1599,"{""type"":""MultiPoint"",""coordinates"":[]}"
1600_0,0.32951945,0.8293839,0.32798165,2024-02-26,1600,"{""type"":""MultiPoint"",""coordinates"":[]}"
1601_0,0.2159256,0.798574,0.1986932,2024-02-26,1601,"{""type"":""MultiPoint"",""coordinates"":[]}"
1602_0,0.30087307,0.7709402,0.33119178,2024-02-26,1602,"{""type"":""MultiPoint"",""coordinates"":[]}"
1603_0,-0.04790146,0.5076083,-0.08630882,2024-02-26,1603,"{""type"":""MultiPoint"",""coordinates"":[]}"
1604_0,0.23259544,0.7405359,0.26218385,2024-02-26,1604,"{""type"":""MultiPoint"",""coordinates"":[]}"
1605_0,0.12087327,0.7056396,0.0595272,2024-02-26,1605,"{""type"":""MultiPoint"",""coordinates"":[]}"
1606_0,-0.035445757,0.4981203,-0.09483248,2024-02-26,1606,"{""type"":""MultiPoint"",""coordinates"":[]}"
1607_0,0.1357015,0.7055483,0.07164425,2024-02-26,1607,"{""type"":""MultiPoint"",""coordinates"":[]}"
1608_0,0.28876445,0.8268533,0.2685385,2024-02-26,1608,"{""type"":""MultiPoint"",""coordinates"":[]}"
1609_0,0.26650366,0.734767,0.170698,2024-02-26,1609,"{""type"":""MultiPoint"",""coordinates"":[]}"
1610_0,0.14804469,0.79908675,0.12732475,2024-02-26,1610,"{""type"":""MultiPoint"",""coordinates"":[]}"
1611_0,0.26353574,0.82713914,0.2639761,2024-02-26,1611,"{""type"":""MultiPoint"",""coordinates"":[]}"
1612_0,0.24109015,0.7900284,0.27079138,2024-02-26,1612,"{""type"":""MultiPoint"",""coordinates"":[]}"
1613_0,0.060165975,0.60553634,0.011995638,2024-02-26,1613,"{""type"":""MultiPoint"",""coordinates"":[]}"
1614_0,0.058298633,0.6,-0.05008292,2024-02-26,1614,"{""type"":""MultiPoint"",""coordinates"":[]}"
1615_0,0.053456876,0.5921746,0.030185005,2024-02-26,1615,"{""type"":""MultiPoint"",""coordinates"":[]}"
1616_0,0.07175374,0.6418511,0.066899106,2024-02-26,1616,"{""type"":""MultiPoint"",""coordinates"":[]}"
1617_0,0.18791312,0.6226913,0.1770335,2024-02-26,1617,"{""type"":""MultiPoint"",""coordinates"":[]}"
1618_0,0.17471325,0.68495077,0.21531829,2024-02-26,1618,"{""type"":""MultiPoint"",""coordinates"":[]}"
1619_0,0.13808177,0.64742833,0.1118177,2024-02-26,1619,"{""type"":""MultiPoint"",""coordinates"":[]}"
1620_0,0.17946506,0.63568264,0.116171,2024-02-26,1620,"{""type"":""MultiPoint"",""coordinates"":[]}"
1621_0,0.37592867,0.85863876,0.33962265,2024-02-26,1621,"{""type"":""MultiPoint"",""coordinates"":[]}"
1622_0,0.13794313,0.72592187,0.12160229,2024-02-26,1622,"{""type"":""MultiPoint"",""coordinates"":[]}"
1623_0,0.2056928,0.7072797,0.20205018,2024-02-26,1623,"{""type"":""MultiPoint"",""coordinates"":[]}"
1624_0,0.36881188,0.8284206,0.34151065,2024-02-26,1624,"{""type"":""MultiPoint"",""coordinates"":[]}"
1625_0,0.27123696,0.82023627,0.28872728,2024-02-26,1625,"{""type"":""MultiPoint"",""coordinates"":[]}"
1626_0,0.2600897,0.69867414,0.29336187,2024-02-26,1626,"{""type"":""MultiPoint"",""coordinates"":[]}"
1627_0,0.33093894,0.82118297,0.34008098,2024-02-26,1627,"{""type"":""MultiPoint"",""coordinates"":[]}"
1628_0,0.41468406,0.81850535,0.45653206,2024-02-26,1628,"{""type"":""MultiPoint"",""coordinates"":[]}"
1629_0,0.33171913,0.7829716,0.26465365,2024-02-26,1629,"{""type"":""MultiPoint"",""coordinates"":[]}"
1630_0,0.35835174,0.8048387,0.4392283,2024-02-26,1630,"{""type"":""MultiPoint"",""coordinates"":[]}"
1631_0,0.33385274,0.7953116,0.29484537,2024-02-26,1631,"{""type"":""MultiPoint"",""coordinates"":[]}"
1632_0,0.13578063,0.66435504,0.102434546,2024-02-26,1632,"{""type"":""MultiPoint"",""coordinates"":[]}"
1633_0,0.18313353,0.67834914,0.12913178,2024-02-26,1633,"{""type"":""MultiPoint"",""coordinates"":[]}"
1634_0,0.35085946,0.8838618,0.34623218,2024-02-26,1634,"{""type"":""MultiPoint"",""coordinates"":[]}"
1635_0,0.3512786,0.7827344,0.28337795,2024-02-26,1635,"{""type"":""MultiPoint"",""coordinates"":[]}"
1636_0,0.2747253,0.7849944,0.249706,2024-02-26,1636,"{""type"":""MultiPoint"",""coordinates"":[]}"
1637_0,0.35511714,0.79184735,0.3277635,2024-02-26,1637,"{""type"":""MultiPoint"",""coordinates"":[]}"
1638_0,0.273778,0.7597234,0.1489842,2024-02-26,1638,"{""type"":""MultiPoint"",""coordinates"":[]}"
1639_0,0.3888288,0.83931625,0.31112915,2024-02-26,1639,"{""type"":""MultiPoint"",""coordinates"":[]}"
1640_0,0.24641092,0.7697228,0.21730629,2024-02-26,1640,"{""type"":""MultiPoint"",""coordinates"":[]}"
1641_0,0.3660826,0.8096981,0.32263458,2024-02-26,1641,"{""type"":""MultiPoint"",""coordinates"":[]}"
1642_0,0.15309633,0.6982947,0.13600469,2024-02-26,1642,"{""type"":""MultiPoint"",""coordinates"":[]}"
1643_0,0.20501044,0.7777778,0.23225807,2024-02-26,1643,"{""type"":""MultiPoint"",""coordinates"":[]}"
1644_0,0.02771569,0.48034644,0.010689106,2024-02-26,1644,"{""type"":""MultiPoint"",""coordinates"":[]}"
1645_0,-0.014354067,0.568662,-0.0055803573,2024-02-26,1645,"{""type"":""MultiPoint"",""coordinates"":[]}"
1646_0,0.17581016,0.7674766,0.18823825,2024-02-26,1646,"{""type"":""MultiPoint"",""coordinates"":[]}"
1647_0,0.0070999456,0.59855336,-0.013943112,2024-02-26,1647,"{""type"":""MultiPoint"",""coordinates"":[]}"
1648_0,0.1937355,0.68728524,0.17113894,2024-02-26,1648,"{""type"":""MultiPoint"",""coordinates"":[]}"
1649_0,0.10855064,0.6187528,0.10909091,2024-02-26,1649,"{""type"":""MultiPoint"",""coordinates"":[]}"
1650_0,0.34043393,0.82994455,0.40625,2024-02-26,1650,"{""type"":""MultiPoint"",""coordinates"":[]}"
1651_0,-0.080705926,0.37419552,-0.0972418,2024-02-26,1651,"{""type"":""MultiPoint"",""coordinates"":[]}"
1652_0,0.36284775,0.8208441,0.329978,2024-02-26,1652,"{""type"":""MultiPoint"",""coordinates"":[]}"
1653_0,0.28616953,0.8065134,0.25482368,2024-02-26,1653,"{""type"":""MultiPoint"",""coordinates"":[]}"
1654_0,0.10750429,0.62406844,0.11460504,2024-02-26,1654,"{""type"":""MultiPoint"",""coordinates"":[]}"
1655_0,0.39623955,0.84370613,0.38879097,2024-02-26,1655,"{""type"":""MultiPoint"",""coordinates"":[]}"
1656_0,0.026054002,0.7053045,0.026975865,2024-02-26,1656,"{""type"":""MultiPoint"",""coordinates"":[]}"
1657_0,0.28729963,0.80948764,0.34689265,2024-02-26,1657,"{""type"":""MultiPoint"",""coordinates"":[]}"
1658_0,0.08197407,0.53968257,0.14005877,2024-02-26,1658,"{""type"":""MultiPoint"",""coordinates"":[]}"
1659_0,0.22762951,0.8408051,0.24120913,2024-02-26,1659,"{""type"":""MultiPoint"",""coordinates"":[]}"
1660_0,0.15471943,0.6732994,0.16232723,2024-02-26,1660,"{""type"":""MultiPoint"",""coordinates"":[]}"
1661_0,0.28564382,0.48069805,0.31826743,2024-02-26,1661,"{""type"":""MultiPoint"",""coordinates"":[]}"
1662_0,0.37875646,0.8053097,0.3235543,2024-02-26,1662,"{""type"":""MultiPoint"",""coordinates"":[]}"
1663_0,0.3720856,0.78280544,0.33423638,2024-02-26,1663,"{""type"":""MultiPoint"",""coordinates"":[]}"
1664_0,0.4586061,0.86653954,0.4716272,2024-02-26,1664,"{""type"":""MultiPoint"",""coordinates"":[]}"
1844_0,-0.0055800295,0.5241379,0.016091954,2024-02-26,1844,"{""type"":""MultiPoint"",""coordinates"":[]}"
1845_0,-0.0038543898,0.56373936,-0.029876977,2024-02-26,1845,"{""type"":""MultiPoint"",""coordinates"":[]}"
1846_0,0.3080845,0.7933306,0.39258313,2024-02-26,1846,"{""type"":""MultiPoint"",""coordinates"":[]}"
1847_0,0.10987364,0.5976016,0.071492404,2024-02-26,1847,"{""type"":""MultiPoint"",""coordinates"":[]}"
1848_0,0.13390875,0.68370825,0.16895409,2024-02-26,1848,"{""type"":""MultiPoint"",""coordinates"":[]}"
1849_0,0.30819318,0.7724551,0.35262758,2024-02-26,1849,"{""type"":""MultiPoint"",""coordinates"":[]}"
1850_0,0.12487709,0.6430466,0.098277606,2024-02-26,1850,"{""type"":""MultiPoint"",""coordinates"":[]}"
1851_0,-0.069685385,0.48004094,-0.11424196,2024-02-26,1851,"{""type"":""MultiPoint"",""coordinates"":[]}"
1852_0,0.31623933,0.8378378,0.34325296,2024-02-26,1852,"{""type"":""MultiPoint"",""coordinates"":[]}"
1853_0,0.105321266,0.5555556,0.037529692,2024-02-26,1853,"{""type"":""MultiPoint"",""coordinates"":[]}"
1854_0,0.3751,0.8088871,0.3248848,2024-02-26,1854,"{""type"":""MultiPoint"",""coordinates"":[]}"
1855_0,0.079231374,0.6187175,0.03290019,2024-02-26,1855,"{""type"":""MultiPoint"",""coordinates"":[]}"
1856_0,0.14377557,0.51745784,0.13798176,2024-02-26,1856,"{""type"":""MultiPoint"",""coordinates"":[]}"
1857_0,0.18993007,0.71405226,0.18330513,2024-02-26,1857,"{""type"":""MultiPoint"",""coordinates"":[]}"
1858_0,0.36335596,0.80203515,0.30738255,2024-02-26,1858,"{""type"":""MultiPoint"",""coordinates"":[]}"
1859_0,0.21194549,0.6105611,0.17909998,2024-02-26,1859,"{""type"":""MultiPoint"",""coordinates"":[]}"
1860_0,0.20080322,0.7240356,0.18692544,2024-02-26,1860,"{""type"":""MultiPoint"",""coordinates"":[]}"
1861_0,-0.018481243,0.4930362,-0.01885411,2024-02-26,1861,"{""type"":""MultiPoint"",""coordinates"":[]}"
1862_0,0.25282767,0.7997205,0.26481178,2024-02-26,1862,"{""type"":""MultiPoint"",""coordinates"":[]}"
1863_0,0.10541872,0.61577797,0.09831182,2024-02-26,1863,"{""type"":""MultiPoint"",""coordinates"":[]}"
1864_0,0.11873214,0.7044111,0.049859945,2024-02-26,1864,"{""type"":""MultiPoint"",""coordinates"":[]}"
1865_0,-0.0025599254,0.52021563,-0.04360465,2024-02-26,1865,"{""type"":""MultiPoint"",""coordinates"":[]}"
1866_0,0.3073955,0.8308185,0.30042222,2024-02-26,1866,"{""type"":""MultiPoint"",""coordinates"":[]}"
1867_0,0.16589147,0.74380165,0.11308935,2024-02-26,1867,"{""type"":""MultiPoint"",""coordinates"":[]}"
1868_0,0.24053785,0.69738185,0.24148221,2024-02-26,1868,"{""type"":""MultiPoint"",""coordinates"":[]}"
1869_0,0.115111835,0.63605726,0.08978675,2024-02-26,1869,"{""type"":""MultiPoint"",""coordinates"":[]}"
1870_0,0.23816852,0.7561592,0.16806723,2024-02-26,1870,"{""type"":""MultiPoint"",""coordinates"":[]}"
1871_0,0.15928306,0.52182955,0.08164019,2024-02-26,1871,"{""type"":""MultiPoint"",""coordinates"":[]}"
1872_0,0.15368712,0.6958525,0.09037037,2024-02-26,1872,"{""type"":""MultiPoint"",""coordinates"":[]}"
1873_0,0.034274954,0.472909,0.043997016,2024-02-26,1873,"{""type"":""MultiPoint"",""coordinates"":[]}"
1874_0,0.1264717,0.68112403,0.089469515,2024-02-26,1874,"{""type"":""MultiPoint"",""coordinates"":[]}"
1875_0,0.40399384,0.7914831,0.40445128,2024-02-26,1875,"{""type"":""MultiPoint"",""coordinates"":[]}"
1876_0,0.25184503,0.7413156,0.18451484,2024-02-26,1876,"{""type"":""MultiPoint"",""coordinates"":[]}"
1877_0,0.097412035,0.7354807,0.06786787,2024-02-26,1877,"{""type"":""MultiPoint"",""coordinates"":[]}"
1878_0,0.15287839,0.62920046,0.11720302,2024-02-26,1878,"{""type"":""MultiPoint"",""coordinates"":[]}"
1879_0,0.13281539,0.5641671,0.14013205,2024-02-26,1879,"{""type"":""MultiPoint"",""coordinates"":[]}"
1880_0,0.099389225,0.65735567,0.04644327,2024-02-26,1880,"{""type"":""MultiPoint"",""coordinates"":[]}"
1881_0,-0.018037012,0.46999562,-0.12853804,2024-02-26,1881,"{""type"":""MultiPoint"",""coordinates"":[]}"
1882_0,-0.03707317,0.5135135,-0.10098395,2024-02-26,1882,"{""type"":""MultiPoint"",""coordinates"":[]}"
1883_0,0.29847327,0.71549,0.2783667,2024-02-26,1883,"{""type"":""MultiPoint"",""coordinates"":[]}"
1884_0,0.017971015,0.46936417,1.9673421E-4,2024-02-26,1884,"{""type"":""MultiPoint"",""coordinates"":[]}"
1885_0,-0.04931769,0.3546625,-0.115977086,2024-02-26,1885,"{""type"":""MultiPoint"",""coordinates"":[]}"
1886_0,-0.037199125,0.41167665,-0.061458074,2024-02-26,1886,"{""type"":""MultiPoint"",""coordinates"":[]}"
1887_0,0.20815367,0.7042093,0.19457735,2024-02-26,1887,"{""type"":""MultiPoint"",""coordinates"":[]}"
1888_0,0.033770584,0.5626072,0.025612159,2024-02-26,1888,"{""type"":""MultiPoint"",""coordinates"":[]}"
1889_0,-0.054818746,0.42145014,-0.1180881,2024-02-26,1889,"{""type"":""MultiPoint"",""coordinates"":[]}"
1890_0,0.22827283,0.6969697,0.23563062,2024-02-26,1890,"{""type"":""MultiPoint"",""coordinates"":[]}"
1891_0,0.10863378,0.60256,0.1425964,2024-02-26,1891,"{""type"":""MultiPoint"",""coordinates"":[]}"
1892_0,0.27175978,0.7881651,0.30478954,2024-02-26,1892,"{""type"":""MultiPoint"",""coordinates"":[]}"
1893_0,0.14609224,0.62250876,0.146328,2024-02-26,1893,"{""type"":""MultiPoint"",""coordinates"":[]}"
1894_0,-0.017236944,0.6385321,-0.050757375,2024-02-26,1894,"{""type"":""MultiPoint"",""coordinates"":[]}"
1895_0,-0.023518905,0.517094,-0.09525327,2024-02-26,1895,"{""type"":""MultiPoint"",""coordinates"":[]}"
1896_0,0.27767694,0.7890366,0.28673837,2024-02-26,1896,"{""type"":""MultiPoint"",""coordinates"":[]}"
1897_0,0.030921986,0.5524718,0.023441967,2024-02-26,1897,"{""type"":""MultiPoint"",""coordinates"":[]}"
1898_0,-0.10177244,0.57628167,-0.20324695,2024-02-26,1898,"{""type"":""MultiPoint"",""coordinates"":[]}"
1899_0,0.0073157004,0.5398973,-0.033391915,2024-02-26,1899,"{""type"":""MultiPoint"",""coordinates"":[]}"
1900_0,0.11018903,0.45304778,0.15646853,2024-02-26,1900,"{""type"":""MultiPoint"",""coordinates"":[]}"
1901_0,-0.05910416,0.53406996,-0.09061135,2024-02-26,1901,"{""type"":""MultiPoint"",""coordinates"":[]}"
1902_0,-0.12052288,0.4776053,-0.12522972,2024-02-26,1902,"{""type"":""MultiPoint"",""coordinates"":[]}"
1903_0,-0.0741945,0.4863613,-0.11438209,2024-02-26,1903,"{""type"":""MultiPoint"",""coordinates"":[]}"
1904_0,0.42053542,0.84460765,0.47238508,2024-02-26,1904,"{""type"":""MultiPoint"",""coordinates"":[]}"
1905_0,-0.034872297,0.588386,-0.062263675,2024-02-26,1905,"{""type"":""MultiPoint"",""coordinates"":[]}"
1906_0,0.29764134,0.81505376,0.2856055,2024-02-26,1906,"{""type"":""MultiPoint"",""coordinates"":[]}"
1907_0,-0.14900573,0.47259954,-0.14588428,2024-02-26,1907,"{""type"":""MultiPoint"",""coordinates"":[]}"
1908_0,0.20622331,0.8087458,0.1825322,2024-02-26,1908,"{""type"":""MultiPoint"",""coordinates"":[]}"
1909_0,-0.07349666,0.5546875,-0.095454544,2024-02-26,1909,"{""type"":""MultiPoint"",""coordinates"":[]}"
1910_0,0.11928812,0.72511846,0.127472,2024-02-26,1910,"{""type"":""MultiPoint"",""coordinates"":[]}"
1911_0,0.3239824,0.8347623,0.3139827,2024-02-26,1911,"{""type"":""MultiPoint"",""coordinates"":[]}"
1912_0,0.0045095826,0.58614403,-0.0074158586,2024-02-26,1912,"{""type"":""MultiPoint"",""coordinates"":[]}"
1913_0,0.3005739,0.81958765,0.183075,2024-02-26,1913,"{""type"":""MultiPoint"",""coordinates"":[]}"
1914_0,0.29114693,0.7858921,0.29755804,2024-02-26,1914,"{""type"":""MultiPoint"",""coordinates"":[]}"
1915_0,0.2525117,0.80246913,0.25945586,2024-02-26,1915,"{""type"":""MultiPoint"",""coordinates"":[]}"
1916_0,0.15436241,0.7950398,0.13929313,2024-02-26,1916,"{""type"":""MultiPoint"",""coordinates"":[]}"
1917_0,0.37759143,0.81905746,0.3286432,2024-02-26,1917,"{""type"":""MultiPoint"",""coordinates"":[]}"
1918_0,0.09666759,0.7215428,0.054755043,2024-02-26,1918,"{""type"":""MultiPoint"",""coordinates"":[]}"
1919_0,0.3691508,0.81489456,0.39695162,2024-02-26,1919,"{""type"":""MultiPoint"",""coordinates"":[]}"
1920_0,0.25248724,0.71555555,0.24986508,2024-02-26,1920,"{""type"":""MultiPoint"",""coordinates"":[]}"
1921_0,-0.07135678,0.51132077,-0.14193894,2024-02-26,1921,"{""type"":""MultiPoint"",""coordinates"":[]}"
1922_0,0.063255556,0.6986055,0.06246483,2024-02-26,1922,"{""type"":""MultiPoint"",""coordinates"":[]}"
1923_0,0.15821727,0.7642384,0.13878597,2024-02-26,1923,"{""type"":""MultiPoint"",""coordinates"":[]}"
1924_0,-0.026151445,0.57797104,0.017379928,2024-02-26,1924,"{""type"":""MultiPoint"",""coordinates"":[]}"
1925_0,0.25415564,0.50759447,0.15915263,2024-02-26,1925,"{""type"":""MultiPoint"",""coordinates"":[]}"
1926_0,-0.029932804,0.54433835,-0.055288963,2024-02-26,1926,"{""type"":""MultiPoint"",""coordinates"":[]}"
1927_0,0.32659933,0.77723575,0.29119906,2024-02-26,1927,"{""type"":""MultiPoint"",""coordinates"":[]}"
1928_0,0.4339491,0.8423956,0.48444444,2024-02-26,1928,"{""type"":""MultiPoint"",""coordinates"":[]}"
1929_0,0.048237476,0.6821026,-0.067637876,2024-02-26,1929,"{""type"":""MultiPoint"",""coordinates"":[]}"
1930_0,0.24950592,0.6063408,0.23108074,2024-02-26,1930,"{""type"":""MultiPoint"",""coordinates"":[]}"
1931_0,0.122998826,0.68995774,0.07304994,2024-02-26,1931,"{""type"":""MultiPoint"",""coordinates"":[]}"
1932_0,0.22908013,0.7977528,0.24891587,2024-02-26,1932,"{""type"":""MultiPoint"",""coordinates"":[]}"
1933_0,0.11384287,0.58727694,0.10475162,2024-02-26,1933,"{""type"":""MultiPoint"",""coordinates"":[]}"
1934_0,-0.03817253,0.47093022,-0.06440678,2024-02-26,1934,"{""type"":""MultiPoint"",""coordinates"":[]}"
1935_0,0.26171035,0.77952754,0.22437923,2024-02-26,1935,"{""type"":""MultiPoint"",""coordinates"":[]}"
1936_0,0.09827329,0.6172582,0.047082677,2024-02-26,1936,"{""type"":""MultiPoint"",""coordinates"":[]}"
1937_0,0.24053451,0.5862808,0.040787622,2024-02-26,1937,"{""type"":""MultiPoint"",""coordinates"":[]}"
1938_0,0.38086835,0.8356164,0.36287686,2024-02-26,1938,"{""type"":""MultiPoint"",""coordinates"":[]}"
1939_0,0.11643836,0.5328467,0.025982678,2024-02-26,1939,"{""type"":""MultiPoint"",""coordinates"":[]}"
1940_0,0.44589308,0.8623006,0.44589308,2024-02-26,1940,"{""type"":""MultiPoint"",""coordinates"":[]}"
1941_0,0.036838252,0.4177606,-0.036220472,2024-02-26,1941,"{""type"":""MultiPoint"",""coordinates"":[]}"
1942_0,0.116230905,0.55725193,0.0888711,2024-02-26,1942,"{""type"":""MultiPoint"",""coordinates"":[]}"
1943_0,0.3154132,0.8243123,0.26406395,2024-02-26,1943,"{""type"":""MultiPoint"",""coordinates"":[]}"
1944_0,0.3962617,0.85351044,0.43183818,2024-02-26,1944,"{""type"":""MultiPoint"",""coordinates"":[]}"
1945_0,0.4449761,0.83667755,0.49373814,2024-02-26,1945,"{""type"":""MultiPoint"",""coordinates"":[]}"
1946_0,0.25437742,0.71630293,0.27121463,2024-02-26,1946,"{""type"":""MultiPoint"",""coordinates"":[]}"
1947_0,0.21647261,0.72125983,0.09218086,2024-02-26,1947,"{""type"":""MultiPoint"",""coordinates"":[]}"
1948_0,0.082757086,0.6626941,0.056447912,2024-02-26,1948,"{""type"":""MultiPoint"",""coordinates"":[]}"
1949_0,0.31498638,0.8445304,0.35189483,2024-02-26,1949,"{""type"":""MultiPoint"",""coordinates"":[]}"
1950_0,0.10549501,0.6412316,0.11937914,2024-02-26,1950,"{""type"":""MultiPoint"",""coordinates"":[]}"
1951_0,0.44133833,0.8423985,0.4646699,2024-02-26,1951,"{""type"":""MultiPoint"",""coordinates"":[]}"
1952_0,0.06355443,0.5251479,0.008806262,2024-02-26,1952,"{""type"":""MultiPoint"",""coordinates"":[]}"
1953_0,0.38369152,0.86178184,0.39271256,2024-02-26,1953,"{""type"":""MultiPoint"",""coordinates"":[]}"
1954_0,-0.05620094,0.5193312,-0.072704084,2024-02-26,1954,"{""type"":""MultiPoint"",""coordinates"":[]}"
1955_0,0.26715523,0.7790158,0.27055702,2024-02-26,1955,"{""type"":""MultiPoint"",""coordinates"":[]}"
1956_0,0.33352718,0.81556684,0.3037667,2024-02-26,1956,"{""type"":""MultiPoint"",""coordinates"":[]}"
1957_0,0.0034291744,0.5378289,-0.005054536,2024-02-26,1957,"{""type"":""MultiPoint"",""coordinates"":[]}"
1958_0,0.27995256,0.8566243,0.25521472,2024-02-26,1958,"{""type"":""MultiPoint"",""coordinates"":[]}"
1959_0,0.07893508,0.7132104,0.07156309,2024-02-26,1959,"{""type"":""MultiPoint"",""coordinates"":[]}"
1960_0,0.0069000768,0.5828367,0.012452351,2024-02-26,1960,"{""type"":""MultiPoint"",""coordinates"":[]}"
1961_0,0.06075013,0.60392,0.049706038,2024-02-26,1961,"{""type"":""MultiPoint"",""coordinates"":[]}"
1962_0,0.01812415,0.4866779,0.008464882,2024-02-26,1962,"{""type"":""MultiPoint"",""coordinates"":[]}"
1963_0,0.09728151,0.6066522,0.05034271,2024-02-26,1963,"{""type"":""MultiPoint"",""coordinates"":[]}"
1964_0,0.23367286,0.7740806,0.22602119,2024-02-26,1964,"{""type"":""MultiPoint"",""coordinates"":[]}"
1965_0,0.28041303,0.8062157,0.27855062,2024-02-26,1965,"{""type"":""MultiPoint"",""coordinates"":[]}"
1966_0,0.20163488,0.7256172,0.1854323,2024-02-26,1966,"{""type"":""MultiPoint"",""coordinates"":[]}"
1967_0,0.20087816,0.69129723,0.17178611,2024-02-26,1967,"{""type"":""MultiPoint"",""coordinates"":[]}"
1968_0,0.3483728,0.80701756,0.44010168,2024-02-26,1968,"{""type"":""MultiPoint"",""coordinates"":[]}"
1969_0,0.3308422,0.71505135,0.24513619,2024-02-26,1969,"{""type"":""MultiPoint"",""coordinates"":[]}"
1970_0,0.11074785,0.5237033,0.11328443,2024-02-26,1970,"{""type"":""MultiPoint"",""coordinates"":[]}"
1971_0,0.34451613,0.8473091,0.37089783,2024-02-26,1971,"{""type"":""MultiPoint"",""coordinates"":[]}"
1972_0,-0.091638796,0.5086042,-0.21609537,2024-02-26,1972,"{""type"":""MultiPoint"",""coordinates"":[]}"
1973_0,-0.04890241,0.49005425,-0.07891795,2024-02-26,1973,"{""type"":""MultiPoint"",""coordinates"":[]}"
1974_0,0.46870747,0.8675335,0.49269244,2024-02-26,1974,"{""type"":""MultiPoint"",""coordinates"":[]}"
1975_0,0.13183099,0.6936791,0.15119801,2024-02-26,1975,"{""type"":""MultiPoint"",""coordinates"":[]}"
1976_0,0.48091602,0.8590747,0.46576878,2024-02-26,1976,"{""type"":""MultiPoint"",""coordinates"":[]}"
1977_0,0.30963922,0.7693222,0.27034718,2024-02-26,1977,"{""type"":""MultiPoint"",""coordinates"":[]}"
1985_0,0.09127556,0.61617976,0.06516588,2024-02-26,1985,"{""type"":""MultiPoint"",""coordinates"":[]}"
2135_0,0.016705435,0.5747202,0.014203943,2024-02-26,2135,"{""type"":""MultiPoint"",""coordinates"":[]}"
2136_0,-0.06550218,0.673932,0.0584344,2024-02-26,2136,"{""type"":""MultiPoint"",""coordinates"":[]}"
2137_0,0.2603878,0.8076136,0.24640135,2024-02-26,2137,"{""type"":""MultiPoint"",""coordinates"":[]}"
2138_0,0.097876415,0.6191388,0.0900306,2024-02-26,2138,"{""type"":""MultiPoint"",""coordinates"":[]}"
2139_0,-0.04157044,0.5061932,-0.10566315,2024-02-26,2139,"{""type"":""MultiPoint"",""coordinates"":[]}"
2140_0,0.28826934,0.82091796,0.28279883,2024-02-26,2140,"{""type"":""MultiPoint"",""coordinates"":[]}"
2141_0,0.13022842,0.7090725,0.06979696,2024-02-26,2141,"{""type"":""MultiPoint"",""coordinates"":[]}"
2142_0,0.29070076,0.8074434,0.25329593,2024-02-26,2142,"{""type"":""MultiPoint"",""coordinates"":[]}"
2143_0,0.25478193,0.7636656,0.20054719,2024-02-26,2143,"{""type"":""MultiPoint"",""coordinates"":[]}"
2144_0,0.22884187,0.804329,0.20149899,2024-02-26,2144,"{""type"":""MultiPoint"",""coordinates"":[]}"
2145_0,0.41355932,0.87166834,0.37341544,2024-02-26,2145,"{""type"":""MultiPoint"",""coordinates"":[]}"
2146_0,0.006125272,0.58410597,-0.025066232,2024-02-26,2146,"{""type"":""MultiPoint"",""coordinates"":[]}"
2147_0,0.2628012,0.73501575,0.05820106,2024-02-26,2147,"{""type"":""MultiPoint"",""coordinates"":[]}"
2148_0,0.26098028,0.8076564,0.25024217,2024-02-26,2148,"{""type"":""MultiPoint"",""coordinates"":[]}"
2149_0,0.17261904,0.6712871,0.2469835,2024-02-26,2149,"{""type"":""MultiPoint"",""coordinates"":[]}"
2150_0,0.23086984,0.7095436,0.024875622,2024-02-26,2150,"{""type"":""MultiPoint"",""coordinates"":[]}"
2151_0,0.08786936,0.5114912,0.093158096,2024-02-26,2151,"{""type"":""MultiPoint"",""coordinates"":[]}"
2152_0,-0.10422535,0.51466125,-0.13360325,2024-02-26,2152,"{""type"":""MultiPoint"",""coordinates"":[]}"
2153_0,0.022771131,0.5708609,-0.032626428,2024-02-26,2153,"{""type"":""MultiPoint"",""coordinates"":[]}"
2154_0,0.18175937,0.7734266,0.20113672,2024-02-26,2154,"{""type"":""MultiPoint"",""coordinates"":[]}"
2155_0,0.017457383,0.4989761,-0.04272014,2024-02-26,2155,"{""type"":""MultiPoint"",""coordinates"":[]}"
2156_0,0.34550768,0.7761733,0.315508,2024-02-26,2156,"{""type"":""MultiPoint"",""coordinates"":[]}"
2157_0,-0.005652621,0.4720416,-0.07086183,2024-02-26,2157,"{""type"":""MultiPoint"",""coordinates"":[]}"
2158_0,0.08959157,0.6496063,0.09614127,2024-02-26,2158,"{""type"":""MultiPoint"",""coordinates"":[]}"
2159_0,0.015764583,0.60777384,-0.014351476,2024-02-26,2159,"{""type"":""MultiPoint"",""coordinates"":[]}"
2160_0,0.22556072,0.82539684,0.11380145,2024-02-26,2160,"{""type"":""MultiPoint"",""coordinates"":[]}"
2161_0,0.23330283,0.8473896,0.1882467,2024-02-26,2161,"{""type"":""MultiPoint"",""coordinates"":[]}"
2162_0,0.28774732,0.83466667,0.14571191,2024-02-26,2162,"{""type"":""MultiPoint"",""coordinates"":[]}"
2163_0,0.04723415,0.5552124,0.03282051,2024-02-26,2163,"{""type"":""MultiPoint"",""coordinates"":[]}"
2164_0,0.35116544,0.530014,0.3188929,2024-02-26,2164,"{""type"":""MultiPoint"",""coordinates"":[]}"
2165_0,0.040588535,0.6112257,0.015873017,2024-02-26,2165,"{""type"":""MultiPoint"",""coordinates"":[]}"
2166_0,0.34586465,0.72864324,0.2746642,2024-02-26,2166,"{""type"":""MultiPoint"",""coordinates"":[]}"
2167_0,0.17570093,0.70658684,0.12759644,2024-02-26,2167,"{""type"":""MultiPoint"",""coordinates"":[]}"
2168_0,0.3285968,0.82667357,0.3012939,2024-02-26,2168,"{""type"":""MultiPoint"",""coordinates"":[]}"
2169_0,0.24186456,0.7241379,0.22061484,2024-02-26,2169,"{""type"":""MultiPoint"",""coordinates"":[]}"
2170_0,-0.0056214863,0.5832636,0.08052541,2024-02-26,2170,"{""type"":""MultiPoint"",""coordinates"":[]}"
2171_0,0.028015334,0.56442,0.017292785,2024-02-26,2171,"{""type"":""MultiPoint"",""coordinates"":[]}"
2172_0,0.18969381,0.7833935,0.15465523,2024-02-26,2172,"{""type"":""MultiPoint"",""coordinates"":[]}"
2173_0,0.059235074,0.5711027,0.01200098,2024-02-26,2173,"{""type"":""MultiPoint"",""coordinates"":[]}"
2174_0,0.05975861,0.5708436,0.0913229,2024-02-26,2174,"{""type"":""MultiPoint"",""coordinates"":[]}"
2175_0,0.11985313,0.6231884,0.063093245,2024-02-26,2175,"{""type"":""MultiPoint"",""coordinates"":[]}"
2176_0,0.10682647,0.61999136,0.04618809,2024-02-26,2176,"{""type"":""MultiPoint"",""coordinates"":[]}"
2177_0,-0.028034003,0.48250145,-0.047548838,2024-02-26,2177,"{""type"":""MultiPoint"",""coordinates"":[]}"
2178_0,0.011778224,0.59427696,-0.048780486,2024-02-26,2178,"{""type"":""MultiPoint"",""coordinates"":[]}"
2179_0,0.11013645,0.6359447,0.21731676,2024-02-26,2179,"{""type"":""MultiPoint"",""coordinates"":[]}"
2180_0,0.1266464,0.6599532,0.15628059,2024-02-26,2180,"{""type"":""MultiPoint"",""coordinates"":[]}"
2181_0,0.14121038,0.7644006,0.11805327,2024-02-26,2181,"{""type"":""MultiPoint"",""coordinates"":[]}"
2182_0,0.26687044,0.71007055,0.26201183,2024-02-26,2182,"{""type"":""MultiPoint"",""coordinates"":[]}"
2183_0,-0.08437801,0.43887278,-0.12873274,2024-02-26,2183,"{""type"":""MultiPoint"",""coordinates"":[]}"
2184_0,0.29399294,0.7509506,0.2967265,2024-02-26,2184,"{""type"":""MultiPoint"",""coordinates"":[]}"
2185_0,0.051049348,0.58106923,0.03767616,2024-02-26,2185,"{""type"":""MultiPoint"",""coordinates"":[]}"
2186_0,-0.07705818,0.5268911,-0.16837342,2024-02-26,2186,"{""type"":""MultiPoint"",""coordinates"":[]}"
2187_0,-0.028785262,0.58047765,-0.080084614,2024-02-26,2187,"{""type"":""MultiPoint"",""coordinates"":[]}"
2188_0,-0.05994787,0.54536587,-0.07205624,2024-02-26,2188,"{""type"":""MultiPoint"",""coordinates"":[]}"
2189_0,0.08227661,0.64168733,0.030529596,2024-02-26,2189,"{""type"":""MultiPoint"",""coordinates"":[]}"
2190_0,0.288353,0.8188178,0.30423877,2024-02-26,2190,"{""type"":""MultiPoint"",""coordinates"":[]}"
2191_0,0.118585296,0.697035,0.10650264,2024-02-26,2191,"{""type"":""MultiPoint"",""coordinates"":[]}"
2192_0,-0.054299816,0.48550045,-0.121924244,2024-02-26,2192,"{""type"":""MultiPoint"",""coordinates"":[]}"
2193_0,0.0016233766,0.61341405,-0.03159072,2024-02-26,2193,"{""type"":""MultiPoint"",""coordinates"":[]}"
2194_0,-0.063576944,0.47945204,-0.108359136,2024-02-26,2194,"{""type"":""MultiPoint"",""coordinates"":[]}"
2195_0,0.16807228,0.7763578,0.16982266,2024-02-26,2195,"{""type"":""MultiPoint"",""coordinates"":[]}"
2196_0,0.21412803,0.77018046,0.19871382,2024-02-26,2196,"{""type"":""MultiPoint"",""coordinates"":[]}"
2197_0,-0.021157278,0.42004263,-0.0012496876,2024-02-26,2197,"{""type"":""MultiPoint"",""coordinates"":[]}"
2198_0,0.25744212,0.76236045,0.24262019,2024-02-26,2198,"{""type"":""MultiPoint"",""coordinates"":[]}"
2199_0,0.22609423,0.79535264,0.22674094,2024-02-26,2199,"{""type"":""MultiPoint"",""coordinates"":[]}"
2200_0,0.29347825,0.81252855,0.31171408,2024-02-26,2200,"{""type"":""MultiPoint"",""coordinates"":[]}"
2201_0,0.22146274,0.7082067,0.19362831,2024-02-26,2201,"{""type"":""MultiPoint"",""coordinates"":[]}"
2202_0,0.37555358,0.8541806,0.32568148,2024-02-26,2202,"{""type"":""MultiPoint"",""coordinates"":[]}"
2203_0,0.40716374,0.8298103,0.35094038,2024-02-26,2203,"{""type"":""MultiPoint"",""coordinates"":[]}"
2204_0,0.23352881,0.87564766,0.2393016,2024-02-26,2204,"{""type"":""MultiPoint"",""coordinates"":[]}"
2205_0,0.12676056,0.7092666,0.048208997,2024-02-26,2205,"{""type"":""MultiPoint"",""coordinates"":[]}"
2206_0,0.25247237,0.6875219,0.30521762,2024-02-26,2206,"{""type"":""MultiPoint"",""coordinates"":[]}"
2207_0,0.2280508,0.7308524,0.17716303,2024-02-26,2207,"{""type"":""MultiPoint"",""coordinates"":[]}"
2208_0,0.028687142,0.80771744,-0.0202056,2024-02-26,2208,"{""type"":""MultiPoint"",""coordinates"":[]}"
2209_0,0.3751905,0.83208954,0.31415188,2024-02-26,2209,"{""type"":""MultiPoint"",""coordinates"":[]}"
2210_0,0.26349577,0.6561514,0.2492564,2024-02-26,2210,"{""type"":""MultiPoint"",""coordinates"":[]}"
2211_0,0.15395284,0.60699415,0.117221415,2024-02-26,2211,"{""type"":""MultiPoint"",""coordinates"":[]}"
2212_0,0.012415933,0.58752996,0.019768935,2024-02-26,2212,"{""type"":""MultiPoint"",""coordinates"":[]}"
2213_0,0.28957054,0.81417054,0.2973301,2024-02-26,2213,"{""type"":""MultiPoint"",""coordinates"":[]}"
2214_0,0.34829593,0.80963045,0.34666666,2024-02-26,2214,"{""type"":""MultiPoint"",""coordinates"":[]}"
2215_0,0.07984959,0.69856983,0.05368517,2024-02-26,2215,"{""type"":""MultiPoint"",""coordinates"":[]}"
2216_0,0.2830014,0.84303796,0.30582958,2024-02-26,2216,"{""type"":""MultiPoint"",""coordinates"":[]}"
2217_0,0.26175076,0.72024816,0.2809744,2024-02-26,2217,"{""type"":""MultiPoint"",""coordinates"":[]}"
2218_0,-0.044368602,0.4597515,-0.036548406,2024-02-26,2218,"{""type"":""MultiPoint"",""coordinates"":[]}"
2219_0,-0.041234054,0.48170128,-0.079004,2024-02-26,2219,"{""type"":""MultiPoint"",""coordinates"":[]}"
2220_0,0.068596885,0.6423638,0.011581186,2024-02-26,2220,"{""type"":""MultiPoint"",""coordinates"":[]}"
2221_0,-0.0050882967,0.5737374,-0.03738029,2024-02-26,2221,"{""type"":""MultiPoint"",""coordinates"":[]}"
2222_0,0.16422841,0.66686356,0.22882648,2024-02-26,2222,"{""type"":""MultiPoint"",""coordinates"":[]}"
2223_0,0.31638867,0.6453538,0.1983856,2024-02-26,2223,"{""type"":""MultiPoint"",""coordinates"":[]}"
2224_0,0.23662551,0.8097126,0.24259952,2024-02-26,2224,"{""type"":""MultiPoint"",""coordinates"":[]}"
2225_0,0.16645932,0.6770007,0.16270933,2024-02-26,2225,"{""type"":""MultiPoint"",""coordinates"":[]}"
2226_0,0.082310684,0.59056604,0.04753029,2024-02-26,2226,"{""type"":""MultiPoint"",""coordinates"":[]}"
2227_0,0.032082196,0.5250488,0.007738607,2024-02-26,2227,"{""type"":""MultiPoint"",""coordinates"":[]}"
2228_0,0.21359491,0.69091624,0.20347047,2024-02-26,2228,"{""type"":""MultiPoint"",""coordinates"":[]}"
2229_0,0.30169857,0.79766536,0.2815534,2024-02-26,2229,"{""type"":""MultiPoint"",""coordinates"":[]}"
2230_0,0.2650357,0.7480851,0.1750572,2024-02-26,2230,"{""type"":""MultiPoint"",""coordinates"":[]}"
2231_0,0.32245922,0.8049225,0.29411766,2024-02-26,2231,"{""type"":""MultiPoint"",""coordinates"":[]}"
2232_0,0.2405361,0.7507246,0.25455806,2024-02-26,2232,"{""type"":""MultiPoint"",""coordinates"":[]}"
2233_0,0.018436406,0.53387725,0.013833528,2024-02-26,2233,"{""type"":""MultiPoint"",""coordinates"":[]}"
2234_0,0.3589673,0.7683215,0.38335535,2024-02-26,2234,"{""type"":""MultiPoint"",""coordinates"":[]}"
2235_0,0.050693702,0.54070264,0.0053117136,2024-02-26,2235,"{""type"":""MultiPoint"",""coordinates"":[]}"
2236_0,0.26641968,0.7953125,0.35695305,2024-02-26,2236,"{""type"":""MultiPoint"",""coordinates"":[]}"
2237_0,0.13302277,0.64267814,0.15595868,2024-02-26,2237,"{""type"":""MultiPoint"",""coordinates"":[]}"
2238_0,0.22981367,0.71546733,0.20651542,2024-02-26,2238,"{""type"":""MultiPoint"",""coordinates"":[]}"
2239_0,0.053585712,0.54019743,0.103308916,2024-02-26,2239,"{""type"":""MultiPoint"",""coordinates"":[]}"
2240_0,0.1746916,0.71568626,0.14895363,2024-02-26,2240,"{""type"":""MultiPoint"",""coordinates"":[]}"
2241_0,0.24915563,0.7496136,0.22081424,2024-02-26,2241,"{""type"":""MultiPoint"",""coordinates"":[]}"
2242_0,-0.06797853,0.52838427,-0.12253212,2024-02-26,2242,"{""type"":""MultiPoint"",""coordinates"":[]}"
2243_0,0.31557092,0.8215768,0.27941713,2024-02-26,2243,"{""type"":""MultiPoint"",""coordinates"":[]}"
2244_0,0.26085797,0.7544135,0.23433618,2024-02-26,2244,"{""type"":""MultiPoint"",""coordinates"":[]}"
2245_0,0.20812711,0.6541122,0.17211328,2024-02-26,2245,"{""type"":""MultiPoint"",""coordinates"":[]}"
2246_0,0.22749591,0.69172215,0.20216362,2024-02-26,2246,"{""type"":""MultiPoint"",""coordinates"":[]}"
2247_0,0.17128874,0.6397676,0.1764706,2024-02-26,2247,"{""type"":""MultiPoint"",""coordinates"":[]}"
2248_0,0.3739367,0.88617885,0.3882979,2024-02-26,2248,"{""type"":""MultiPoint"",""coordinates"":[]}"
2249_0,0.13612314,0.6309362,0.1447619,2024-02-26,2249,"{""type"":""MultiPoint"",""coordinates"":[]}"
2250_0,0.0111259455,0.544385,-0.012762078,2024-02-26,2250,"{""type"":""MultiPoint"",""coordinates"":[]}"
2251_0,0.13571654,0.7638266,0.12882653,2024-02-26,2251,"{""type"":""MultiPoint"",""coordinates"":[]}"
2252_0,0.12217471,0.74190336,0.09764521,2024-02-26,2252,"{""type"":""MultiPoint"",""coordinates"":[]}"
2253_0,0.031987414,0.5277778,0.0064585577,2024-02-26,2253,"{""type"":""MultiPoint"",""coordinates"":[]}"
2254_0,0.17295597,0.7098098,0.18449612,2024-02-26,2254,"{""type"":""MultiPoint"",""coordinates"":[]}"
2255_0,0.19049169,0.71905696,0.16939525,2024-02-26,2255,"{""type"":""MultiPoint"",""coordinates"":[]}"
2256_0,0.13073744,0.64026845,0.10040522,2024-02-26,2256,"{""type"":""MultiPoint"",""coordinates"":[]}"
2257_0,0.04136375,0.5392,0.0031282585,2024-02-26,2257,"{""type"":""MultiPoint"",""coordinates"":[]}"
2258_0,0.19417219,0.7713163,0.19417219,2024-02-26,2258,"{""type"":""MultiPoint"",""coordinates"":[]}"
2259_0,0.38129497,0.7951901,0.40115047,2024-02-26,2259,"{""type"":""MultiPoint"",""coordinates"":[]}"
2260_0,-0.007684729,0.4822983,-5.8696925E-4,2024-02-26,2260,"{""type"":""MultiPoint"",""coordinates"":[]}"
2261_0,0.34982556,0.77530766,0.37135848,2024-02-26,2261,"{""type"":""MultiPoint"",""coordinates"":[]}"
2262_0,0.44880047,0.8367683,0.40567824,2024-02-26,2262,"{""type"":""MultiPoint"",""coordinates"":[]}"
2265_0,0.28862974,0.79761904,0.26814637,2024-02-26,2265,"{""type"":""MultiPoint"",""coordinates"":[]}"
2298_0,0.1593813,0.7374861,0.110953055,2024-02-26,2298,"{""type"":""MultiPoint"",""coordinates"":[]}"
2299_0,0.40282992,0.84506416,0.33675432,2024-02-26,2299,"{""type"":""MultiPoint"",""coordinates"":[]}"
2300_0,0.37736398,0.85906315,0.3615752,2024-02-26,2300,"{""type"":""MultiPoint"",""coordinates"":[]}"
2301_0,0.077976584,0.5986183,0.051579185,2024-02-26,2301,"{""type"":""MultiPoint"",""coordinates"":[]}"
2302_0,0.39899734,0.8641606,0.36332396,2024-02-26,2302,"{""type"":""MultiPoint"",""coordinates"":[]}"
2303_0,0.24599434,0.6911447,0.22057678,2024-02-26,2303,"{""type"":""MultiPoint"",""coordinates"":[]}"
2304_0,0.0048365253,0.5907131,-0.035010062,2024-02-26,2304,"{""type"":""MultiPoint"",""coordinates"":[]}"
2305_0,-0.030064626,0.6218324,-0.048327137,2024-02-26,2305,"{""type"":""MultiPoint"",""coordinates"":[]}"
2306_0,0.41575414,0.83525246,0.42945844,2024-02-26,2306,"{""type"":""MultiPoint"",""coordinates"":[]}"
2307_0,0.067044385,0.6467641,-0.0010131713,2024-02-26,2307,"{""type"":""MultiPoint"",""coordinates"":[]}"
2308_0,0.32875368,0.83347785,0.34649682,2024-02-26,2308,"{""type"":""MultiPoint"",""coordinates"":[]}"
2309_0,0.020838441,0.5111785,-7.516913E-4,2024-02-26,2309,"{""type"":""MultiPoint"",""coordinates"":[]}"
2310_0,-0.06498195,0.47817653,-0.07468124,2024-02-26,2310,"{""type"":""MultiPoint"",""coordinates"":[]}"
2311_0,0.3563403,0.8044164,0.3629865,2024-02-26,2311,"{""type"":""MultiPoint"",""coordinates"":[]}"
2312_0,0.01772018,0.5648464,-0.0062313736,2024-02-26,2312,"{""type"":""MultiPoint"",""coordinates"":[]}"
2313_0,-0.06886792,0.5157715,-0.1206726,2024-02-26,2313,"{""type"":""MultiPoint"",""coordinates"":[]}"
2314_0,0.17951454,0.7041053,0.17710005,2024-02-26,2314,"{""type"":""MultiPoint"",""coordinates"":[]}"
2315_0,-0.0706296,0.52934474,-0.11037455,2024-02-26,2315,"{""type"":""MultiPoint"",""coordinates"":[]}"
2316_0,-0.045541197,0.4834254,-0.06932409,2024-02-26,2316,"{""type"":""MultiPoint"",""coordinates"":[]}"
2317_0,0.041405268,0.6225448,-0.002624672,2024-02-26,2317,"{""type"":""MultiPoint"",""coordinates"":[]}"
2318_0,0.08998302,0.7056043,0.08179872,2024-02-26,2318,"{""type"":""MultiPoint"",""coordinates"":[]}"
2319_0,0.0471107,0.6363636,0.033654977,2024-02-26,2319,"{""type"":""MultiPoint"",""coordinates"":[]}"
2320_0,0.18039517,0.73833203,0.17446369,2024-02-26,2320,"{""type"":""MultiPoint"",""coordinates"":[]}"
2321_0,0.24466611,0.80914515,0.33398485,2024-02-26,2321,"{""type"":""MultiPoint"",""coordinates"":[]}"
2322_0,0.25793102,0.7399185,0.28170896,2024-02-26,2322,"{""type"":""MultiPoint"",""coordinates"":[]}"
2323_0,0.08906369,0.6410671,0.06143791,2024-02-26,2323,"{""type"":""MultiPoint"",""coordinates"":[]}"
2324_0,0.3983082,0.8278146,0.3387227,2024-02-26,2324,"{""type"":""MultiPoint"",""coordinates"":[]}"
2325_0,0.19484629,0.6766382,0.13857315,2024-02-26,2325,"{""type"":""MultiPoint"",""coordinates"":[]}"
2326_0,0.2786783,0.82475156,0.2716399,2024-02-26,2326,"{""type"":""MultiPoint"",""coordinates"":[]}"
2327_0,0.4431449,0.8496525,0.2615252,2024-02-26,2327,"{""type"":""MultiPoint"",""coordinates"":[]}"
2328_0,0.447807,0.88095945,0.43224353,2024-02-26,2328,"{""type"":""MultiPoint"",""coordinates"":[]}"
2329_0,0.28177705,0.7532014,0.26607817,2024-02-26,2329,"{""type"":""MultiPoint"",""coordinates"":[]}"
2330_0,0.10569106,0.61805,0.06581741,2024-02-26,2330,"{""type"":""MultiPoint"",""coordinates"":[]}"
2331_0,0.24853611,0.7355534,0.21079604,2024-02-26,2331,"{""type"":""MultiPoint"",""coordinates"":[]}"
2332_0,0.35171485,0.8507463,0.33194733,2024-02-26,2332,"{""type"":""MultiPoint"",""coordinates"":[]}"
2333_0,0.22969188,0.7968128,0.24242425,2024-02-26,2333,"{""type"":""MultiPoint"",""coordinates"":[]}"
2334_0,0.27938485,0.82829267,0.31140658,2024-02-26,2334,"{""type"":""MultiPoint"",""coordinates"":[]}"
2335_0,0.20318507,0.72347265,0.19276774,2024-02-26,2335,"{""type"":""MultiPoint"",""coordinates"":[]}"
2336_0,0.27562517,0.7590685,0.1968312,2024-02-26,2336,"{""type"":""MultiPoint"",""coordinates"":[]}"
2337_0,0.22164156,0.7817057,0.2285192,2024-02-26,2337,"{""type"":""MultiPoint"",""coordinates"":[]}"
2338_0,0.043711342,0.53290325,0.012140575,2024-02-26,2338,"{""type"":""MultiPoint"",""coordinates"":[]}"
2339_0,0.29332477,0.7828467,0.2792144,2024-02-26,2339,"{""type"":""MultiPoint"",""coordinates"":[]}"
2340_0,0.12427666,0.68037236,0.15366179,2024-02-26,2340,"{""type"":""MultiPoint"",""coordinates"":[]}"
2341_0,0.17059553,0.68373764,0.16723762,2024-02-26,2341,"{""type"":""MultiPoint"",""coordinates"":[]}"
2342_0,0.107668474,0.59431136,0.10419907,2024-02-26,2342,"{""type"":""MultiPoint"",""coordinates"":[]}"
2343_0,0.36020437,0.76285714,0.3730181,2024-02-26,2343,"{""type"":""MultiPoint"",""coordinates"":[]}"
2413_0,0.2113867,0.7292863,0.2021671,2024-02-26,2413,"{""type"":""MultiPoint"",""coordinates"":[]}"
2414_0,0.25258216,0.78719395,0.22768435,2024-02-26,2414,"{""type"":""MultiPoint"",""coordinates"":[]}"
2415_0,0.29138047,0.8106236,0.26364264,2024-02-26,2415,"{""type"":""MultiPoint"",""coordinates"":[]}"
2416_0,0.14672217,0.6676148,0.111592636,2024-02-26,2416,"{""type"":""MultiPoint"",""coordinates"":[]}"
2417_0,0.13706234,0.6633019,0.11650273,2024-02-26,2417,"{""type"":""MultiPoint"",""coordinates"":[]}"
2418_0,0.06228561,0.58511287,1.9249278E-4,2024-02-26,2418,"{""type"":""MultiPoint"",""coordinates"":[]}"
2419_0,0.18659659,0.7373868,0.18247853,2024-02-26,2419,"{""type"":""MultiPoint"",""coordinates"":[]}"
2420_0,-0.04492449,0.32186234,-0.02263798,2024-02-26,2420,"{""type"":""MultiPoint"",""coordinates"":[]}"
2421_0,0.039393302,0.52960855,0.0013140604,2024-02-26,2421,"{""type"":""MultiPoint"",""coordinates"":[]}"
2422_0,0.22682585,0.801005,0.2388524,2024-02-26,2422,"{""type"":""MultiPoint"",""coordinates"":[]}"
2423_0,0.035879914,0.51232874,-0.011005887,2024-02-26,2423,"{""type"":""MultiPoint"",""coordinates"":[]}"
2424_0,0.10283316,0.6173958,0.0982598,2024-02-26,2424,"{""type"":""MultiPoint"",""coordinates"":[]}"
2425_0,0.051369864,0.648441,0.0464716,2024-02-26,2425,"{""type"":""MultiPoint"",""coordinates"":[]}"
2426_0,0.18004207,0.7534006,0.18857823,2024-02-26,2426,"{""type"":""MultiPoint"",""coordinates"":[]}"
2427_0,0.06056701,0.68819815,0.087609515,2024-02-26,2427,"{""type"":""MultiPoint"",""coordinates"":[]}"
2428_0,0.019457385,0.54783356,0.0041747843,2024-02-26,2428,"{""type"":""MultiPoint"",""coordinates"":[]}"
2429_0,-0.00505689,0.5323246,-0.034034252,2024-02-26,2429,"{""type"":""MultiPoint"",""coordinates"":[]}"
2430_0,-0.09863014,0.46566522,-0.189558,2024-02-26,2430,"{""type"":""MultiPoint"",""coordinates"":[]}"
2431_0,0.20981473,0.75782114,0.204236,2024-02-26,2431,"{""type"":""MultiPoint"",""coordinates"":[]}"
2432_0,0.07007727,0.5918186,0.012729844,2024-02-26,2432,"{""type"":""MultiPoint"",""coordinates"":[]}"
2433_0,0.30643776,0.8207237,0.29246935,2024-02-26,2433,"{""type"":""MultiPoint"",""coordinates"":[]}"
2434_0,0.17177914,0.6345216,0.1891892,2024-02-26,2434,"{""type"":""MultiPoint"",""coordinates"":[]}"
2435_0,0.040047113,0.62455964,-0.0049321824,2024-02-26,2435,"{""type"":""MultiPoint"",""coordinates"":[]}"
2436_0,0.22100365,0.6671547,0.18611111,2024-02-26,2436,"{""type"":""MultiPoint"",""coordinates"":[]}"
2437_0,0.28347826,0.7194245,0.29979604,2024-02-26,2437,"{""type"":""MultiPoint"",""coordinates"":[]}"
2438_0,0.15413533,0.7138225,0.22055428,2024-02-26,2438,"{""type"":""MultiPoint"",""coordinates"":[]}"
2439_0,0.3612633,0.8147598,0.29791003,2024-02-26,2439,"{""type"":""MultiPoint"",""coordinates"":[]}"
2440_0,0.037441496,0.54534316,0.010821643,2024-02-26,2440,"{""type"":""MultiPoint"",""coordinates"":[]}"
2441_0,0.3030426,0.7692676,0.36534908,2024-02-26,2441,"{""type"":""MultiPoint"",""coordinates"":[]}"
2442_0,0.14749722,0.80868167,0.08017283,2024-02-26,2442,"{""type"":""MultiPoint"",""coordinates"":[]}"
2443_0,0.23814867,0.77560973,0.093457945,2024-02-26,2443,"{""type"":""MultiPoint"",""coordinates"":[]}"
2444_0,0.13960749,0.68125856,0.12058354,2024-02-26,2444,"{""type"":""MultiPoint"",""coordinates"":[]}"
2445_0,-0.09237307,0.48357525,-0.114051096,2024-02-26,2445,"{""type"":""MultiPoint"",""coordinates"":[]}"
2446_0,0.30238816,0.8422782,0.23721957,2024-02-26,2446,"{""type"":""MultiPoint"",""coordinates"":[]}"
2447_0,0.30629882,0.82328063,0.3249232,2024-02-26,2447,"{""type"":""MultiPoint"",""coordinates"":[]}"
2448_0,0.3956936,0.8383642,0.3760933,2024-02-26,2448,"{""type"":""MultiPoint"",""coordinates"":[]}"
2449_0,0.36141303,0.81230354,0.48218876,2024-02-26,2449,"{""type"":""MultiPoint"",""coordinates"":[]}"
2450_0,0.38713196,0.8460237,0.44264463,2024-02-26,2450,"{""type"":""MultiPoint"",""coordinates"":[]}"
2451_0,0.019118534,0.48104265,0.012760786,2024-02-26,2451,"{""type"":""MultiPoint"",""coordinates"":[]}"
2452_0,0.07566833,0.60481584,0.052484903,2024-02-26,2452,"{""type"":""MultiPoint"",""coordinates"":[]}"
2453_0,0.28837788,0.8023572,0.2690712,2024-02-26,2453,"{""type"":""MultiPoint"",""coordinates"":[]}"
2454_0,0.18385291,0.730071,0.035427492,2024-02-26,2454,"{""type"":""MultiPoint"",""coordinates"":[]}"
2455_0,0.17858212,0.68849206,0.10699187,2024-02-26,2455,"{""type"":""MultiPoint"",""coordinates"":[]}"
2456_0,0.13526689,0.594046,0.1409201,2024-02-26,2456,"{""type"":""MultiPoint"",""coordinates"":[]}"
2457_0,0.251548,0.78979594,0.2892319,2024-02-26,2457,"{""type"":""MultiPoint"",""coordinates"":[]}"
2628_0,-0.011129975,0.5188439,0.0,2024-02-26,2628,"{""type"":""MultiPoint"",""coordinates"":[]}"
2629_0,0.13478342,0.64686286,0.12072549,2024-02-26,2629,"{""type"":""MultiPoint"",""coordinates"":[]}"
2630_0,0.2435404,0.80458385,0.23977901,2024-02-26,2630,"{""type"":""MultiPoint"",""coordinates"":[]}"
2631_0,0.27564895,0.7999078,0.2496799,2024-02-26,2631,"{""type"":""MultiPoint"",""coordinates"":[]}"
2632_0,0.18685396,0.7475083,0.1566795,2024-02-26,2632,"{""type"":""MultiPoint"",""coordinates"":[]}"
2633_0,0.20204191,0.83083117,0.25470513,2024-02-26,2633,"{""type"":""MultiPoint"",""coordinates"":[]}"
2634_0,-0.01577287,0.54697984,-0.023305085,2024-02-26,2634,"{""type"":""MultiPoint"",""coordinates"":[]}"
2635_0,0.06274784,0.5987081,-0.0072699925,2024-02-26,2635,"{""type"":""MultiPoint"",""coordinates"":[]}"
2636_0,0.16778097,0.7323457,0.14603071,2024-02-26,2636,"{""type"":""MultiPoint"",""coordinates"":[]}"
2637_0,-0.05559189,0.49803922,-0.027371101,2024-02-26,2637,"{""type"":""MultiPoint"",""coordinates"":[]}"
2638_0,0.041909195,0.6423077,0.01848539,2024-02-26,2638,"{""type"":""MultiPoint"",""coordinates"":[]}"
2639_0,0.1543836,0.7741244,0.13905461,2024-02-26,2639,"{""type"":""MultiPoint"",""coordinates"":[]}"
2640_0,0.25623187,0.76536316,0.26580828,2024-02-26,2640,"{""type"":""MultiPoint"",""coordinates"":[]}"
2641_0,-0.01940266,0.6196415,-0.058876812,2024-02-26,2641,"{""type"":""MultiPoint"",""coordinates"":[]}"
2642_0,0.17759795,0.61992294,0.17177783,2024-02-26,2642,"{""type"":""MultiPoint"",""coordinates"":[]}"
2643_0,0.33633843,0.84428716,0.31175837,2024-02-26,2643,"{""type"":""MultiPoint"",""coordinates"":[]}"
2644_0,0.16806282,0.6703297,0.1085554,2024-02-26,2644,"{""type"":""MultiPoint"",""coordinates"":[]}"
2645_0,0.18402283,0.6731491,0.1765835,2024-02-26,2645,"{""type"":""MultiPoint"",""coordinates"":[]}"
2646_0,0.172772,0.75801283,0.1837065,2024-02-26,2646,"{""type"":""MultiPoint"",""coordinates"":[]}"
2647_0,0.2735978,0.8286059,0.31083712,2024-02-26,2647,"{""type"":""MultiPoint"",""coordinates"":[]}"
2648_0,0.18046133,0.7612081,0.21405335,2024-02-26,2648,"{""type"":""MultiPoint"",""coordinates"":[]}"
2649_0,-0.028332002,0.4684796,-0.040581465,2024-02-26,2649,"{""type"":""MultiPoint"",""coordinates"":[]}"
2650_0,0.09429726,0.5561497,0.07157653,2024-02-26,2650,"{""type"":""MultiPoint"",""coordinates"":[]}"
2651_0,-0.011520363,0.48919135,-0.05535805,2024-02-26,2651,"{""type"":""MultiPoint"",""coordinates"":[]}"
2652_0,0.008739077,0.5146591,0.038508113,2024-02-26,2652,"{""type"":""MultiPoint"",""coordinates"":[]}"
2653_0,0.14482759,0.73536646,0.105956115,2024-02-26,2653,"{""type"":""MultiPoint"",""coordinates"":[]}"
2654_0,0.1620997,0.6948494,0.15765019,2024-02-26,2654,"{""type"":""MultiPoint"",""coordinates"":[]}"
2655_0,0.13971652,0.6976744,0.08181538,2024-02-26,2655,"{""type"":""MultiPoint"",""coordinates"":[]}"
2656_0,0.22097379,0.7475118,0.18634424,2024-02-26,2656,"{""type"":""MultiPoint"",""coordinates"":[]}"
2657_0,0.10358566,0.51926607,0.069767445,2024-02-26,2657,"{""type"":""MultiPoint"",""coordinates"":[]}"
2658_0,0.11512028,0.6559613,0.09833674,2024-02-26,2658,"{""type"":""MultiPoint"",""coordinates"":[]}"
2659_0,0.025999442,0.6826568,-0.120257236,2024-02-26,2659,"{""type"":""MultiPoint"",""coordinates"":[]}"
2660_0,0.07800963,0.5655868,0.013058419,2024-02-26,2660,"{""type"":""MultiPoint"",""coordinates"":[]}"
2661_0,0.15401301,0.7245869,0.11564626,2024-02-26,2661,"{""type"":""MultiPoint"",""coordinates"":[]}"
2662_0,0.35558408,0.74771875,0.36749265,2024-02-26,2662,"{""type"":""MultiPoint"",""coordinates"":[]}"
2663_0,0.19475906,0.77606773,0.12011648,2024-02-26,2663,"{""type"":""MultiPoint"",""coordinates"":[]}"
2664_0,0.26531827,0.85423726,0.27841076,2024-02-26,2664,"{""type"":""MultiPoint"",""coordinates"":[]}"
2665_0,0.028151155,0.66795367,-0.051591657,2024-02-26,2665,"{""type"":""MultiPoint"",""coordinates"":[]}"
2666_0,0.28599867,0.8165768,0.2650273,2024-02-26,2666,"{""type"":""MultiPoint"",""coordinates"":[]}"
2667_0,0.30983463,0.764268,0.28397292,2024-02-26,2667,"{""type"":""MultiPoint"",""coordinates"":[]}"
2668_0,-0.080564186,0.48487198,-0.08289411,2024-02-26,2668,"{""type"":""MultiPoint"",""coordinates"":[]}"
2669_0,0.25465527,0.7590361,0.25258642,2024-02-26,2669,"{""type"":""MultiPoint"",""coordinates"":[]}"
2670_0,0.36591277,0.864532,0.3170944,2024-02-26,2670,"{""type"":""MultiPoint"",""coordinates"":[]}"
2671_0,0.041903775,0.6263949,-0.04988662,2024-02-26,2671,"{""type"":""MultiPoint"",""coordinates"":[]}"
2672_0,0.14221218,0.6078985,0.14285715,2024-02-26,2672,"{""type"":""MultiPoint"",""coordinates"":[]}"
2673_0,0.2633807,0.71243244,0.13062099,2024-02-26,2673,"{""type"":""MultiPoint"",""coordinates"":[]}"
2674_0,0.15145724,0.69179356,0.123828314,2024-02-26,2674,"{""type"":""MultiPoint"",""coordinates"":[]}"
2675_0,-0.08539326,0.54650134,-0.16077866,2024-02-26,2675,"{""type"":""MultiPoint"",""coordinates"":[]}"
2676_0,0.06780126,0.6996412,-0.011918951,2024-02-26,2676,"{""type"":""MultiPoint"",""coordinates"":[]}"
2677_0,-0.047566064,0.5743505,-0.1387965,2024-02-26,2677,"{""type"":""MultiPoint"",""coordinates"":[]}"
2678_0,0.28557408,0.7605285,0.32258064,2024-02-26,2678,"{""type"":""MultiPoint"",""coordinates"":[]}"
2679_0,-0.04160689,0.54108524,-0.12210201,2024-02-26,2679,"{""type"":""MultiPoint"",""coordinates"":[]}"
2680_0,0.06630003,0.627573,0.053283766,2024-02-26,2680,"{""type"":""MultiPoint"",""coordinates"":[]}"
2681_0,0.32043415,0.82797676,0.34929958,2024-02-26,2681,"{""type"":""MultiPoint"",""coordinates"":[]}"
2682_0,0.25374252,0.8672073,0.29764003,2024-02-26,2682,"{""type"":""MultiPoint"",""coordinates"":[]}"
2683_0,0.37318712,0.78860104,0.32159266,2024-02-26,2683,"{""type"":""MultiPoint"",""coordinates"":[]}"
2684_0,0.37111518,0.83117557,0.3455099,2024-02-26,2684,"{""type"":""MultiPoint"",""coordinates"":[]}"
2685_0,0.20417854,0.7514996,0.2384126,2024-02-26,2685,"{""type"":""MultiPoint"",""coordinates"":[]}"
2686_0,0.132,0.70690966,0.12851405,2024-02-26,2686,"{""type"":""MultiPoint"",""coordinates"":[]}"
2687_0,0.2841772,0.8061938,0.23035046,2024-02-26,2687,"{""type"":""MultiPoint"",""coordinates"":[]}"
2688_0,0.48369265,0.87829757,0.481687,2024-02-26,2688,"{""type"":""MultiPoint"",""coordinates"":[]}"
2689_0,2.8320588E-4,0.5607804,-0.061654136,2024-02-26,2689,"{""type"":""MultiPoint"",""coordinates"":[]}"
2690_0,0.1810934,0.71166664,0.17640321,2024-02-26,2690,"{""type"":""MultiPoint"",""coordinates"":[]}"
2691_0,0.11631309,0.62344325,0.10029791,2024-02-26,2691,"{""type"":""MultiPoint"",""coordinates"":[]}"
2692_0,0.1297491,0.5571227,0.15400697,2024-02-26,2692,"{""type"":""MultiPoint"",""coordinates"":[]}"
2693_0,0.26024362,0.7870693,0.26673985,2024-02-26,2693,"{""type"":""MultiPoint"",""coordinates"":[]}"
2694_0,0.042123485,0.55133927,0.055028465,2024-02-26,2694,"{""type"":""MultiPoint"",""coordinates"":[]}"
2695_0,0.17563893,0.63951737,0.17831978,2024-02-26,2695,"{""type"":""MultiPoint"",""coordinates"":[]}"
2696_0,0.3008256,0.8164117,0.31686413,2024-02-26,2696,"{""type"":""MultiPoint"",""coordinates"":[]}"
2697_0,0.2599837,0.7297297,0.1535115,2024-02-26,2697,"{""type"":""MultiPoint"",""coordinates"":[]}"
2698_0,0.09766395,0.63587445,0.06448789,2024-02-26,2698,"{""type"":""MultiPoint"",""coordinates"":[]}"
2699_0,0.21615918,0.7294118,0.2257296,2024-02-26,2699,"{""type"":""MultiPoint"",""coordinates"":[]}"
2700_0,0.22685301,0.81958765,0.15516771,2024-02-26,2700,"{""type"":""MultiPoint"",""coordinates"":[]}"
2701_0,0.11731266,0.60520273,0.10246979,2024-02-26,2701,"{""type"":""MultiPoint"",""coordinates"":[]}"
2702_0,0.15382835,0.67964673,0.06707472,2024-02-26,2702,"{""type"":""MultiPoint"",""coordinates"":[]}"
2703_0,0.042316258,0.5337509,0.012402388,2024-02-26,2703,"{""type"":""MultiPoint"",""coordinates"":[]}"
2704_0,0.15040751,0.5713292,0.13524385,2024-02-26,2704,"{""type"":""MultiPoint"",""coordinates"":[]}"
2705_0,0.047698744,0.6721915,0.03093954,2024-02-26,2705,"{""type"":""MultiPoint"",""coordinates"":[]}"
2706_0,0.04121475,0.5699831,0.025895316,2024-02-26,2706,"{""type"":""MultiPoint"",""coordinates"":[]}"
2707_0,-0.0302267,0.5855856,-0.07490145,2024-02-26,2707,"{""type"":""MultiPoint"",""coordinates"":[]}"
2708_0,0.31966943,0.7524917,0.3443772,2024-02-26,2708,"{""type"":""MultiPoint"",""coordinates"":[]}"
2709_0,-0.05170609,0.45145473,-0.061707523,2024-02-26,2709,"{""type"":""MultiPoint"",""coordinates"":[]}"
2710_0,0.15082742,0.65,0.12518266,2024-02-26,2710,"{""type"":""MultiPoint"",""coordinates"":[]}"
2711_0,0.3077354,0.82713914,0.2624664,2024-02-26,2711,"{""type"":""MultiPoint"",""coordinates"":[]}"
2716_0,0.2764415,0.8221191,0.3642154,2024-02-26,2716,"{""type"":""MultiPoint"",""coordinates"":[]}"
2717_0,0.31226054,0.78595,0.27499157,2024-02-26,2717,"{""type"":""MultiPoint"",""coordinates"":[]}"
2886_0,0.33286715,0.8212851,0.31069365,2024-02-26,2886,"{""type"":""MultiPoint"",""coordinates"":[]}"
2887_0,0.11902877,0.64042306,0.1129418,2024-02-26,2887,"{""type"":""MultiPoint"",""coordinates"":[]}"
2888_0,0.048053183,0.42261904,-0.02369281,2024-02-26,2888,"{""type"":""MultiPoint"",""coordinates"":[]}"
2889_0,0.29911098,0.78103375,0.28328446,2024-02-26,2889,"{""type"":""MultiPoint"",""coordinates"":[]}"
2890_0,0.2486973,0.6943042,0.19410568,2024-02-26,2890,"{""type"":""MultiPoint"",""coordinates"":[]}"
2891_0,0.17568888,0.64021736,0.17729667,2024-02-26,2891,"{""type"":""MultiPoint"",""coordinates"":[]}"
2892_0,0.050039094,0.52068967,0.04255319,2024-02-26,2892,"{""type"":""MultiPoint"",""coordinates"":[]}"
2893_0,0.31176624,0.83394027,0.3124837,2024-02-26,2893,"{""type"":""MultiPoint"",""coordinates"":[]}"
2894_0,-0.099303134,0.5764273,-0.19169028,2024-02-26,2894,"{""type"":""MultiPoint"",""coordinates"":[]}"
2895_0,0.3199757,0.83675617,0.21787709,2024-02-26,2895,"{""type"":""MultiPoint"",""coordinates"":[]}"
2896_0,0.1356784,0.6665434,0.2131324,2024-02-26,2896,"{""type"":""MultiPoint"",""coordinates"":[]}"
2897_0,-0.010852713,0.5412715,-0.019660411,2024-02-26,2897,"{""type"":""MultiPoint"",""coordinates"":[]}"
2898_0,0.28691196,0.80394876,0.25949213,2024-02-26,2898,"{""type"":""MultiPoint"",""coordinates"":[]}"
2899_0,0.018686598,0.5840667,-0.03607666,2024-02-26,2899,"{""type"":""MultiPoint"",""coordinates"":[]}"
2900_0,0.14439462,0.5697259,0.15984148,2024-02-26,2900,"{""type"":""MultiPoint"",""coordinates"":[]}"
2901_0,0.22595191,0.74621654,0.18577075,2024-02-26,2901,"{""type"":""MultiPoint"",""coordinates"":[]}"
2902_0,0.34537727,0.85442513,0.41629818,2024-02-26,2902,"{""type"":""MultiPoint"",""coordinates"":[]}"
2903_0,0.24215569,0.7237569,0.27927107,2024-02-26,2903,"{""type"":""MultiPoint"",""coordinates"":[]}"
2904_0,0.077539474,0.4794856,0.10496227,2024-02-26,2904,"{""type"":""MultiPoint"",""coordinates"":[]}"
2905_0,0.24345952,0.7707129,0.19856538,2024-02-26,2905,"{""type"":""MultiPoint"",""coordinates"":[]}"
2906_0,0.4364261,0.85310733,0.43589744,2024-02-26,2906,"{""type"":""MultiPoint"",""coordinates"":[]}"
2907_0,0.031500928,0.5901857,0.009684211,2024-02-26,2907,"{""type"":""MultiPoint"",""coordinates"":[]}"
2908_0,0.19449776,0.77621764,0.23301858,2024-02-26,2908,"{""type"":""MultiPoint"",""coordinates"":[]}"
2909_0,0.07239057,0.6265237,0.004516712,2024-02-26,2909,"{""type"":""MultiPoint"",""coordinates"":[]}"
2910_0,0.028172405,0.52469575,0.027000964,2024-02-26,2910,"{""type"":""MultiPoint"",""coordinates"":[]}"
2911_0,-0.043942705,0.4774631,-0.07446277,2024-02-26,2911,"{""type"":""MultiPoint"",""coordinates"":[]}"
2912_0,0.36373353,0.8586258,0.3559322,2024-02-26,2912,"{""type"":""MultiPoint"",""coordinates"":[]}"
2913_0,-0.11306257,0.3990307,-0.0787234,2024-02-26,2913,"{""type"":""MultiPoint"",""coordinates"":[]}"
2914_0,0.1989882,0.6910206,0.2295215,2024-02-26,2914,"{""type"":""MultiPoint"",""coordinates"":[]}"
2915_0,0.10838323,0.34382376,0.06850172,2024-02-26,2915,"{""type"":""MultiPoint"",""coordinates"":[]}"
2916_0,0.2424,0.7257019,0.2557957,2024-02-26,2916,"{""type"":""MultiPoint"",""coordinates"":[]}"
2917_0,0.05647977,0.53610224,0.022761114,2024-02-26,2917,"{""type"":""MultiPoint"",""coordinates"":[]}"
2918_0,0.21812204,0.75716233,0.09245123,2024-02-26,2918,"{""type"":""MultiPoint"",""coordinates"":[]}"
2919_0,0.16192994,0.7353914,0.10767066,2024-02-26,2919,"{""type"":""MultiPoint"",""coordinates"":[]}"
2920_0,0.09872532,0.57229155,0.039680425,2024-02-26,2920,"{""type"":""MultiPoint"",""coordinates"":[]}"
2921_0,0.30266345,0.828,0.28913963,2024-02-26,2921,"{""type"":""MultiPoint"",""coordinates"":[]}"
2922_0,0.19446336,0.7159547,0.13939394,2024-02-26,2922,"{""type"":""MultiPoint"",""coordinates"":[]}"
2923_0,-0.03529412,0.6391129,-0.1401375,2024-02-26,2923,"{""type"":""MultiPoint"",""coordinates"":[]}"
2924_0,0.028722003,0.5823986,-0.0024476475,2024-02-26,2924,"{""type"":""MultiPoint"",""coordinates"":[]}"
2925_0,-0.091216214,0.42098767,-0.116145134,2024-02-26,2925,"{""type"":""MultiPoint"",""coordinates"":[]}"
2926_0,0.1579274,0.6939163,0.13539344,2024-02-26,2926,"{""type"":""MultiPoint"",""coordinates"":[]}"
2927_0,0.0122816125,0.44777474,0.05510508,2024-02-26,2927,"{""type"":""MultiPoint"",""coordinates"":[]}"
2928_0,0.0042503863,0.47767586,-0.032245144,2024-02-26,2928,"{""type"":""MultiPoint"",""coordinates"":[]}"
2929_0,0.0979064,0.644715,0.0071162316,2024-02-26,2929,"{""type"":""MultiPoint"",""coordinates"":[]}"
2930_0,0.06573929,0.54488516,0.10873288,2024-02-26,2930,"{""type"":""MultiPoint"",""coordinates"":[]}"
2931_0,0.041101787,0.6248175,-4.490346E-4,2024-02-26,2931,"{""type"":""MultiPoint"",""coordinates"":[]}"
2932_0,0.003827228,0.5443886,0.006001091,2024-02-26,2932,"{""type"":""MultiPoint"",""coordinates"":[]}"
2933_0,-0.017391304,0.5844995,-0.053376205,2024-02-26,2933,"{""type"":""MultiPoint"",""coordinates"":[]}"
2934_0,-0.06050549,0.5445545,-0.11816958,2024-02-26,2934,"{""type"":""MultiPoint"",""coordinates"":[]}"
2935_0,0.17846271,0.6416643,0.14647163,2024-02-26,2935,"{""type"":""MultiPoint"",""coordinates"":[]}"
2936_0,0.04776675,0.6957228,0.009996776,2024-02-26,2936,"{""type"":""MultiPoint"",""coordinates"":[]}"
2937_0,0.22457245,0.71755725,0.2208908,2024-02-26,2937,"{""type"":""MultiPoint"",""coordinates"":[]}"
2938_0,0.07038976,0.677889,0.071470074,2024-02-26,2938,"{""type"":""MultiPoint"",""coordinates"":[]}"
2939_0,-0.0020876827,0.5121951,-0.020656137,2024-02-26,2939,"{""type"":""MultiPoint"",""coordinates"":[]}"
2940_0,0.012820513,0.65108323,-0.030789826,2024-02-26,2940,"{""type"":""MultiPoint"",""coordinates"":[]}"
2941_0,-0.014647137,0.58180225,-0.026124427,2024-02-26,2941,"{""type"":""MultiPoint"",""coordinates"":[]}"
2942_0,0.004996877,0.5688259,-0.013681197,2024-02-26,2942,"{""type"":""MultiPoint"",""coordinates"":[]}"
2943_0,-0.13971095,0.47043315,-0.11992786,2024-02-26,2943,"{""type"":""MultiPoint"",""coordinates"":[]}"
2944_0,-0.08098859,0.3875598,-0.10129769,2024-02-26,2944,"{""type"":""MultiPoint"",""coordinates"":[]}"
2945_0,0.29750693,0.84484094,0.30444324,2024-02-26,2945,"{""type"":""MultiPoint"",""coordinates"":[]}"
2946_0,0.052702703,0.64262646,0.042349726,2024-02-26,2946,"{""type"":""MultiPoint"",""coordinates"":[]}"
2947_0,0.08087092,0.6342711,-0.16224189,2024-02-26,2947,"{""type"":""MultiPoint"",""coordinates"":[]}"
2948_0,0.39985946,0.88971084,0.37374726,2024-02-26,2948,"{""type"":""MultiPoint"",""coordinates"":[]}"
2949_0,0.25389755,0.75643224,0.20897284,2024-02-26,2949,"{""type"":""MultiPoint"",""coordinates"":[]}"
2950_0,0.09314587,0.66572237,0.06521739,2024-02-26,2950,"{""type"":""MultiPoint"",""coordinates"":[]}"
2951_0,-0.0126760565,0.66462666,-0.027877055,2024-02-26,2951,"{""type"":""MultiPoint"",""coordinates"":[]}"
2952_0,-0.005614714,0.4155251,-0.023045106,2024-02-26,2952,"{""type"":""MultiPoint"",""coordinates"":[]}"
2953_0,0.19794014,0.6962963,0.19038336,2024-02-26,2953,"{""type"":""MultiPoint"",""coordinates"":[]}"
2954_0,0.19354838,0.76026547,0.17172833,2024-02-26,2954,"{""type"":""MultiPoint"",""coordinates"":[]}"
2955_0,0.085075706,0.62046206,0.07439825,2024-02-26,2955,"{""type"":""MultiPoint"",""coordinates"":[]}"
2956_0,0.2042838,0.8211649,0.1980572,2024-02-26,2956,"{""type"":""MultiPoint"",""coordinates"":[]}"
2957_0,0.22804801,0.78446114,0.27218583,2024-02-26,2957,"{""type"":""MultiPoint"",""coordinates"":[]}"
2958_0,-0.0031421839,0.5075209,0.028897338,2024-02-26,2958,"{""type"":""MultiPoint"",""coordinates"":[]}"
2959_0,0.2672065,0.7163058,0.21034591,2024-02-26,2959,"{""type"":""MultiPoint"",""coordinates"":[]}"
2960_0,0.16085678,0.8230191,0.22407767,2024-02-26,2960,"{""type"":""MultiPoint"",""coordinates"":[]}"
2961_0,0.3007388,0.6720327,0.31136316,2024-02-26,2961,"{""type"":""MultiPoint"",""coordinates"":[]}"
2962_0,0.08496732,0.4737409,0.069585614,2024-02-26,2962,"{""type"":""MultiPoint"",""coordinates"":[]}"
2963_0,0.013385063,0.47974163,-0.004542761,2024-02-26,2963,"{""type"":""MultiPoint"",""coordinates"":[]}"
2964_0,0.2597015,0.83765966,0.28530258,2024-02-26,2964,"{""type"":""MultiPoint"",""coordinates"":[]}"
2965_0,0.07704043,0.7567568,0.035856575,2024-02-26,2965,"{""type"":""MultiPoint"",""coordinates"":[]}"
2966_0,0.14357567,0.71282053,0.23221971,2024-02-26,2966,"{""type"":""MultiPoint"",""coordinates"":[]}"
2967_0,0.24694926,0.61662424,0.2382654,2024-02-26,2967,"{""type"":""MultiPoint"",""coordinates"":[]}"
2968_0,0.18717375,0.7004104,0.20650327,2024-02-26,2968,"{""type"":""MultiPoint"",""coordinates"":[]}"
2969_0,0.025302999,0.58495635,0.014617369,2024-02-26,2969,"{""type"":""MultiPoint"",""coordinates"":[]}"
2970_0,0.0354197,0.63529414,-0.010676157,2024-02-26,2970,"{""type"":""MultiPoint"",""coordinates"":[]}"
2971_0,0.28088728,0.7355623,0.24197933,2024-02-26,2971,"{""type"":""MultiPoint"",""coordinates"":[]}"
2972_0,0.15498722,0.7012579,0.1341719,2024-02-26,2972,"{""type"":""MultiPoint"",""coordinates"":[]}"
2973_0,0.3830137,0.8200734,0.4507317,2024-02-26,2973,"{""type"":""MultiPoint"",""coordinates"":[]}"
2974_0,0.28429902,0.80919933,0.28106153,2024-02-26,2974,"{""type"":""MultiPoint"",""coordinates"":[]}"
2975_0,0.2290204,0.77463365,0.20728773,2024-02-26,2975,"{""type"":""MultiPoint"",""coordinates"":[]}"
2976_0,0.057274524,0.4888583,0.11495674,2024-02-26,2976,"{""type"":""MultiPoint"",""coordinates"":[]}"
2977_0,0.0656168,0.5788752,0.08075117,2024-02-26,2977,"{""type"":""MultiPoint"",""coordinates"":[]}"
2978_0,0.383478,0.8267327,0.39552474,2024-02-26,2978,"{""type"":""MultiPoint"",""coordinates"":[]}"
2979_0,-0.0523117,0.6119403,-0.1830161,2024-02-26,2979,"{""type"":""MultiPoint"",""coordinates"":[]}"
2980_0,0.04489164,0.5736598,0.003499327,2024-02-26,2980,"{""type"":""MultiPoint"",""coordinates"":[]}"
2981_0,0.18142548,0.7654321,0.0030688294,2024-02-26,2981,"{""type"":""MultiPoint"",""coordinates"":[]}"
2982_0,0.17541036,0.756917,0.1624714,2024-02-26,2982,"{""type"":""MultiPoint"",""coordinates"":[]}"
2983_0,0.21809955,0.7862469,0.24913093,2024-02-26,2983,"{""type"":""MultiPoint"",""coordinates"":[]}"
2984_0,0.0677837,0.65611225,0.058944132,2024-02-26,2984,"{""type"":""MultiPoint"",""coordinates"":[]}"
2985_0,0.17975008,0.7509044,0.13920645,2024-02-26,2985,"{""type"":""MultiPoint"",""coordinates"":[]}"
2986_0,0.061123595,0.64907277,0.050670303,2024-02-26,2986,"{""type"":""MultiPoint"",""coordinates"":[]}"
2987_0,0.16689354,0.64731497,0.19473684,2024-02-26,2987,"{""type"":""MultiPoint"",""coordinates"":[]}"
2988_0,0.08518754,0.6494845,0.052977953,2024-02-26,2988,"{""type"":""MultiPoint"",""coordinates"":[]}"
2989_0,0.042678613,0.63461536,0.04245283,2024-02-26,2989,"{""type"":""MultiPoint"",""coordinates"":[]}"
2990_0,0.30709195,0.84481925,0.30425894,2024-02-26,2990,"{""type"":""MultiPoint"",""coordinates"":[]}"
2991_0,0.14978397,0.6540616,0.1429954,2024-02-26,2991,"{""type"":""MultiPoint"",""coordinates"":[]}"
2992_0,0.08471412,0.6334107,0.03707341,2024-02-26,2992,"{""type"":""MultiPoint"",""coordinates"":[]}"
2993_0,0.100879885,0.6912752,0.09271113,2024-02-26,2993,"{""type"":""MultiPoint"",""coordinates"":[]}"
2994_0,0.3530572,0.7882353,0.34189406,2024-02-26,2994,"{""type"":""MultiPoint"",""coordinates"":[]}"
2995_0,0.08007163,0.61446774,0.044125464,2024-02-26,2995,"{""type"":""MultiPoint"",""coordinates"":[]}"
2996_0,0.13773862,0.6783831,0.13084665,2024-02-26,2996,"{""type"":""MultiPoint"",""coordinates"":[]}"
2997_0,0.1787947,0.5919779,0.1673428,2024-02-26,2997,"{""type"":""MultiPoint"",""coordinates"":[]}"
2998_0,0.2960251,0.7699634,0.28442317,2024-02-26,2998,"{""type"":""MultiPoint"",""coordinates"":[]}"
3004_0,0.18333806,0.7389295,0.22087051,2024-02-26,3004,"{""type"":""MultiPoint"",""coordinates"":[]}"
3008_0,0.015452539,0.6022099,-0.0124858115,2024-02-26,3008,"{""type"":""MultiPoint"",""coordinates"":[]}"
3061_0,0.031218015,0.7358491,0.010196079,2024-02-26,3061,"{""type"":""MultiPoint"",""coordinates"":[]}"
3062_0,0.24575037,0.78055555,0.24556716,2024-02-26,3062,"{""type"":""MultiPoint"",""coordinates"":[]}"
3063_0,0.01393062,0.6157821,-0.024113474,2024-02-26,3063,"{""type"":""MultiPoint"",""coordinates"":[]}"
3064_0,0.24079755,0.7959866,0.1824938,2024-02-26,3064,"{""type"":""MultiPoint"",""coordinates"":[]}"
3065_0,0.08524073,0.6025237,0.04569782,2024-02-26,3065,"{""type"":""MultiPoint"",""coordinates"":[]}"
3066_0,0.29885414,0.7893004,0.3151845,2024-02-26,3066,"{""type"":""MultiPoint"",""coordinates"":[]}"
3067_0,0.30541238,0.8393612,0.28985506,2024-02-26,3067,"{""type"":""MultiPoint"",""coordinates"":[]}"
3068_0,0.14946325,0.5893939,0.15179797,2024-02-26,3068,"{""type"":""MultiPoint"",""coordinates"":[]}"
3069_0,0.30597016,0.8374444,0.37905917,2024-02-26,3069,"{""type"":""MultiPoint"",""coordinates"":[]}"
3070_0,0.30974633,0.8138138,0.34307498,2024-02-26,3070,"{""type"":""MultiPoint"",""coordinates"":[]}"
3071_0,0.07174734,0.61275625,0.023121387,2024-02-26,3071,"{""type"":""MultiPoint"",""coordinates"":[]}"
3072_0,0.15006435,0.60228086,0.15311618,2024-02-26,3072,"{""type"":""MultiPoint"",""coordinates"":[]}"
3475_0,0.24776547,0.7384224,0.23768117,2024-02-26,3475,"{""type"":""MultiPoint"",""coordinates"":[]}"
3476_0,0.27278125,0.7853403,0.25099358,2024-02-26,3476,"{""type"":""MultiPoint"",""coordinates"":[]}"
3477_0,-0.030075189,0.49580395,-0.07762368,2024-02-26,3477,"{""type"":""MultiPoint"",""coordinates"":[]}"
3478_0,0.23029174,0.79669505,0.18259723,2024-02-26,3478,"{""type"":""MultiPoint"",""coordinates"":[]}"
3479_0,0.066188455,0.69899666,0.031123139,2024-02-26,3479,"{""type"":""MultiPoint"",""coordinates"":[]}"
3480_0,0.21987373,0.79073757,0.19008264,2024-02-26,3480,"{""type"":""MultiPoint"",""coordinates"":[]}"
3481_0,0.09491599,0.70067114,0.09982639,2024-02-26,3481,"{""type"":""MultiPoint"",""coordinates"":[]}"
3482_0,0.14972459,0.74800867,0.17412451,2024-02-26,3482,"{""type"":""MultiPoint"",""coordinates"":[]}"
3483_0,-0.08951126,0.4704325,-0.08712329,2024-02-26,3483,"{""type"":""MultiPoint"",""coordinates"":[]}"
3484_0,0.07214255,0.5502166,-0.040701926,2024-02-26,3484,"{""type"":""MultiPoint"",""coordinates"":[]}"
3485_0,0.05837075,0.58732253,0.04385584,2024-02-26,3485,"{""type"":""MultiPoint"",""coordinates"":[]}"
3486_0,0.09837226,0.6032689,0.060702875,2024-02-26,3486,"{""type"":""MultiPoint"",""coordinates"":[]}"
3487_0,0.35322425,0.78854996,0.3595934,2024-02-26,3487,"{""type"":""MultiPoint"",""coordinates"":[]}"
3488_0,0.1200691,0.7122302,0.10955711,2024-02-26,3488,"{""type"":""MultiPoint"",""coordinates"":[]}"
3489_0,-0.16337323,0.4097222,-0.2636034,2024-02-26,3489,"{""type"":""MultiPoint"",""coordinates"":[]}"
3490_0,-0.07875,0.48438895,-0.21749353,2024-02-26,3490,"{""type"":""MultiPoint"",""coordinates"":[]}"
3491_0,0.32468298,0.8016194,0.21709402,2024-02-26,3491,"{""type"":""MultiPoint"",""coordinates"":[]}"
3492_0,-0.023905996,0.55474985,-0.08199529,2024-02-26,3492,"{""type"":""MultiPoint"",""coordinates"":[]}"
3493_0,0.23902439,0.76166666,0.20181921,2024-02-26,3493,"{""type"":""MultiPoint"",""coordinates"":[]}"
3494_0,0.12208936,0.7035378,0.15377615,2024-02-26,3494,"{""type"":""MultiPoint"",""coordinates"":[]}"
3495_0,0.19343325,0.74927115,0.14068441,2024-02-26,3495,"{""type"":""MultiPoint"",""coordinates"":[]}"
3496_0,0.14844587,0.69168687,0.1375848,2024-02-26,3496,"{""type"":""MultiPoint"",""coordinates"":[]}"
3497_0,0.23922902,0.7910448,0.19205298,2024-02-26,3497,"{""type"":""MultiPoint"",""coordinates"":[]}"
3498_0,0.12162474,0.71671575,0.15926662,2024-02-26,3498,"{""type"":""MultiPoint"",""coordinates"":[]}"
3499_0,0.28910238,0.78784066,0.28588662,2024-02-26,3499,"{""type"":""MultiPoint"",""coordinates"":[]}"
3500_0,0.0011918951,0.5618812,0.0019849148,2024-02-26,3500,"{""type"":""MultiPoint"",""coordinates"":[]}"
3501_0,0.095227115,0.62691134,0.040586796,2024-02-26,3501,"{""type"":""MultiPoint"",""coordinates"":[]}"
3502_0,-0.1700077,0.30142945,-0.18346657,2024-02-26,3502,"{""type"":""MultiPoint"",""coordinates"":[]}"
3503_0,-0.056904927,0.41207075,-0.057638887,2024-02-26,3503,"{""type"":""MultiPoint"",""coordinates"":[]}"
3504_0,0.14923547,0.808867,0.13789898,2024-02-26,3504,"{""type"":""MultiPoint"",""coordinates"":[]}"
3505_0,0.16137655,0.7645968,0.20544477,2024-02-26,3505,"{""type"":""MultiPoint"",""coordinates"":[]}"
3506_0,0.121250525,0.5884165,0.10691284,2024-02-26,3506,"{""type"":""MultiPoint"",""coordinates"":[]}"
3507_0,0.22839117,0.6042618,0.26568598,2024-02-26,3507,"{""type"":""MultiPoint"",""coordinates"":[]}"
3508_0,-0.03257329,0.6948229,-0.00955414,2024-02-26,3508,"{""type"":""MultiPoint"",""coordinates"":[]}"
3509_0,0.16988525,0.81785065,0.14745617,2024-02-26,3509,"{""type"":""MultiPoint"",""coordinates"":[]}"
3510_0,0.28275862,0.77923495,0.24464832,2024-02-26,3510,"{""type"":""MultiPoint"",""coordinates"":[]}"
3511_0,0.41946423,0.8427336,0.44667098,2024-02-26,3511,"{""type"":""MultiPoint"",""coordinates"":[]}"
3512_0,0.05430584,0.6473248,0.024607452,2024-02-26,3512,"{""type"":""MultiPoint"",""coordinates"":[]}"
3513_0,0.1840138,0.69723564,0.1535938,2024-02-26,3513,"{""type"":""MultiPoint"",""coordinates"":[]}"
3514_0,0.2553011,0.75321335,0.21677074,2024-02-26,3514,"{""type"":""MultiPoint"",""coordinates"":[]}"
3515_0,0.22231404,0.70691997,0.14415644,2024-02-26,3515,"{""type"":""MultiPoint"",""coordinates"":[]}"
3516_0,0.2711421,0.775076,0.271777,2024-02-26,3516,"{""type"":""MultiPoint"",""coordinates"":[]}"
3517_0,0.23779193,0.65591395,0.2226633,2024-02-26,3517,"{""type"":""MultiPoint"",""coordinates"":[]}"
3518_0,0.03329753,0.38167566,-0.12149533,2024-02-26,3518,"{""type"":""MultiPoint"",""coordinates"":[]}"
3519_0,0.32555008,0.7289334,0.32281333,2024-02-26,3519,"{""type"":""MultiPoint"",""coordinates"":[]}"
3520_0,0.22173145,0.7080103,0.20018157,2024-02-26,3520,"{""type"":""MultiPoint"",""coordinates"":[]}"
3521_0,0.087147884,0.5753425,0.09904431,2024-02-26,3521,"{""type"":""MultiPoint"",""coordinates"":[]}"
3522_0,0.18290314,0.7125097,0.19912949,2024-02-26,3522,"{""type"":""MultiPoint"",""coordinates"":[]}"
3523_0,0.38815412,0.7979651,0.39853024,2024-02-26,3523,"{""type"":""MultiPoint"",""coordinates"":[]}"
3524_0,0.034773868,0.61916935,0.026950354,2024-02-26,3524,"{""type"":""MultiPoint"",""coordinates"":[]}"
3525_0,-0.0780379,0.4733619,-0.093273036,2024-02-26,3525,"{""type"":""MultiPoint"",""coordinates"":[]}"
3526_0,0.38938054,0.8389928,0.37165624,2024-02-26,3526,"{""type"":""MultiPoint"",""coordinates"":[]}"
3527_0,-0.07744681,0.6784314,-0.11804534,2024-02-26,3527,"{""type"":""MultiPoint"",""coordinates"":[]}"
3528_0,0.16330957,0.714564,0.1318328,2024-02-26,3528,"{""type"":""MultiPoint"",""coordinates"":[]}"
3529_0,0.050104383,0.5596578,-0.024774775,2024-02-26,3529,"{""type"":""MultiPoint"",""coordinates"":[]}"
3530_0,0.03941909,0.5645029,0.013844515,2024-02-26,3530,"{""type"":""MultiPoint"",""coordinates"":[]}"
3531_0,-0.017114915,0.621673,0.079063885,2024-02-26,3531,"{""type"":""MultiPoint"",""coordinates"":[]}"
3532_0,0.13086118,0.75209874,0.11152882,2024-02-26,3532,"{""type"":""MultiPoint"",""coordinates"":[]}"
3533_0,0.3454099,0.71143377,0.2777778,2024-02-26,3533,"{""type"":""MultiPoint"",""coordinates"":[]}"
3534_0,-0.055294838,0.45746818,-0.086098276,2024-02-26,3534,"{""type"":""MultiPoint"",""coordinates"":[]}"
3535_0,-0.22406547,0.32943633,-0.26955724,2024-02-26,3535,"{""type"":""MultiPoint"",""coordinates"":[]}"
3536_0,-0.06920078,0.5924596,-0.10584678,2024-02-26,3536,"{""type"":""MultiPoint"",""coordinates"":[]}"
3537_0,-0.16359551,0.4465306,-0.18734235,2024-02-26,3537,"{""type"":""MultiPoint"",""coordinates"":[]}"
3538_0,0.07239122,0.5873707,0.09521127,2024-02-26,3538,"{""type"":""MultiPoint"",""coordinates"":[]}"
3539_0,-0.044217687,0.476652,-0.12366013,2024-02-26,3539,"{""type"":""MultiPoint"",""coordinates"":[]}"
3540_0,0.3881551,0.8202838,0.41387755,2024-02-26,3540,"{""type"":""MultiPoint"",""coordinates"":[]}"
3541_0,0.4240882,0.87117213,0.44594043,2024-02-26,3541,"{""type"":""MultiPoint"",""coordinates"":[]}"
3542_0,-0.022871664,0.65453494,-0.058514137,2024-02-26,3542,"{""type"":""MultiPoint"",""coordinates"":[]}"
3543_0,0.0470948,0.5848681,0.0107936505,2024-02-26,3543,"{""type"":""MultiPoint"",""coordinates"":[]}"
3544_0,-0.16334662,0.36051503,-0.21111572,2024-02-26,3544,"{""type"":""MultiPoint"",""coordinates"":[]}"
3545_0,-0.059962127,0.45674044,-0.073971435,2024-02-26,3545,"{""type"":""MultiPoint"",""coordinates"":[]}"
3546_0,-0.106281474,0.49528795,-0.18748222,2024-02-26,3546,"{""type"":""MultiPoint"",""coordinates"":[]}"
3547_0,-0.07071269,0.46186242,-0.1035868,2024-02-26,3547,"{""type"":""MultiPoint"",""coordinates"":[]}"
3548_0,-0.053045187,0.43814263,-0.105610564,2024-02-26,3548,"{""type"":""MultiPoint"",""coordinates"":[]}"
3549_0,0.21415839,0.74820143,0.22325699,2024-02-26,3549,"{""type"":""MultiPoint"",""coordinates"":[]}"
3550_0,-0.07231209,0.42692938,-0.12925851,2024-02-26,3550,"{""type"":""MultiPoint"",""coordinates"":[]}"
3551_0,-0.122122765,0.48306596,-0.16883117,2024-02-26,3551,"{""type"":""MultiPoint"",""coordinates"":[]}"
3552_0,0.02506414,0.53629714,0.05,2024-02-26,3552,"{""type"":""MultiPoint"",""coordinates"":[]}"
3553_0,0.0024505183,0.524159,-0.029972753,2024-02-26,3553,"{""type"":""MultiPoint"",""coordinates"":[]}"
3554_0,-0.039250445,0.33614036,-0.037411526,2024-02-26,3554,"{""type"":""MultiPoint"",""coordinates"":[]}"
3555_0,-0.12727273,0.44510385,-0.13229398,2024-02-26,3555,"{""type"":""MultiPoint"",""coordinates"":[]}"
3556_0,-0.15638208,0.45137882,-0.1554054,2024-02-26,3556,"{""type"":""MultiPoint"",""coordinates"":[]}"
3557_0,0.22964264,0.80136985,0.23076923,2024-02-26,3557,"{""type"":""MultiPoint"",""coordinates"":[]}"
3558_0,0.19629748,0.7917861,0.1968102,2024-02-26,3558,"{""type"":""MultiPoint"",""coordinates"":[]}"
3559_0,-0.12996845,0.47835737,-0.14697406,2024-02-26,3559,"{""type"":""MultiPoint"",""coordinates"":[]}"
3560_0,0.014259787,0.6260018,-0.020123424,2024-02-26,3560,"{""type"":""MultiPoint"",""coordinates"":[]}"
3561_0,0.22965205,0.75826347,0.16661212,2024-02-26,3561,"{""type"":""MultiPoint"",""coordinates"":[]}"
3562_0,-0.17111771,0.40545005,-0.16363636,2024-02-26,3562,"{""type"":""MultiPoint"",""coordinates"":[]}"
3563_0,0.23361248,0.7466307,0.18862733,2024-02-26,3563,"{""type"":""MultiPoint"",""coordinates"":[]}"
3564_0,0.1204918,0.54055727,0.07380233,2024-02-26,3564,"{""type"":""MultiPoint"",""coordinates"":[]}"
3565_0,0.19958474,0.8292777,0.2112532,2024-02-26,3565,"{""type"":""MultiPoint"",""coordinates"":[]}"
3566_0,0.0139094405,0.5229563,-0.101123594,2024-02-26,3566,"{""type"":""MultiPoint"",""coordinates"":[]}"
3567_0,-0.18851781,0.37662336,-0.29737872,2024-02-26,3567,"{""type"":""MultiPoint"",""coordinates"":[]}"
3568_0,-0.15225564,0.4827018,-0.15333961,2024-02-26,3568,"{""type"":""MultiPoint"",""coordinates"":[]}"
3569_0,0.30242053,0.8497409,0.28340325,2024-02-26,3569,"{""type"":""MultiPoint"",""coordinates"":[]}"
3570_0,0.27115592,0.83671546,0.31575388,2024-02-26,3570,"{""type"":""MultiPoint"",""coordinates"":[]}"
3571_0,-0.0023596035,0.5193676,-0.049925853,2024-02-26,3571,"{""type"":""MultiPoint"",""coordinates"":[]}"
3572_0,0.20547053,0.7575129,0.16323732,2024-02-26,3572,"{""type"":""MultiPoint"",""coordinates"":[]}"
3573_0,0.26846993,0.86315787,0.21963824,2024-02-26,3573,"{""type"":""MultiPoint"",""coordinates"":[]}"
3574_0,0.091664195,0.67709213,0.12887624,2024-02-26,3574,"{""type"":""MultiPoint"",""coordinates"":[]}"
3575_0,-0.113840625,0.45762712,-0.14930448,2024-02-26,3575,"{""type"":""MultiPoint"",""coordinates"":[]}"
3576_0,0.26115134,0.7790698,0.11627907,2024-02-26,3576,"{""type"":""MultiPoint"",""coordinates"":[]}"
3577_0,0.21065675,0.6737712,0.20325203,2024-02-26,3577,"{""type"":""MultiPoint"",""coordinates"":[]}"
3578_0,-0.058569267,0.5675676,-0.03969433,2024-02-26,3578,"{""type"":""MultiPoint"",""coordinates"":[]}"
3579_0,0.064379595,0.37976983,0.040657833,2024-02-26,3579,"{""type"":""MultiPoint"",""coordinates"":[]}"
3580_0,0.033307515,0.38432837,0.0863836,2024-02-26,3580,"{""type"":""MultiPoint"",""coordinates"":[]}"
3581_0,0.14210527,0.7355446,0.13781957,2024-02-26,3581,"{""type"":""MultiPoint"",""coordinates"":[]}"
3582_0,-0.06663237,0.44093177,-0.08961892,2024-02-26,3582,"{""type"":""MultiPoint"",""coordinates"":[]}"
3583_0,0.37992564,0.8546713,0.31695333,2024-02-26,3583,"{""type"":""MultiPoint"",""coordinates"":[]}"
3584_0,0.24960455,0.7449799,0.18878248,2024-02-26,3584,"{""type"":""MultiPoint"",""coordinates"":[]}"
3585_0,-0.21972872,0.37622878,-0.2324944,2024-02-26,3585,"{""type"":""MultiPoint"",""coordinates"":[]}"
3586_0,0.12885489,0.6068966,0.21091382,2024-02-26,3586,"{""type"":""MultiPoint"",""coordinates"":[]}"
3587_0,0.3689095,0.8162619,0.46092865,2024-02-26,3587,"{""type"":""MultiPoint"",""coordinates"":[]}"
3588_0,0.023919044,0.54986525,0.040253278,2024-02-26,3588,"{""type"":""MultiPoint"",""coordinates"":[]}"
3589_0,0.23987292,0.772973,0.090736344,2024-02-26,3589,"{""type"":""MultiPoint"",""coordinates"":[]}"
3590_0,0.34586024,0.85882354,0.41368422,2024-02-26,3590,"{""type"":""MultiPoint"",""coordinates"":[]}"
3591_0,0.3760488,0.8939234,0.3744583,2024-02-26,3591,"{""type"":""MultiPoint"",""coordinates"":[]}"
3592_0,0.37723482,0.8172165,0.39261842,2024-02-26,3592,"{""type"":""MultiPoint"",""coordinates"":[]}"
3593_0,0.16663794,0.68814373,0.18613261,2024-02-26,3593,"{""type"":""MultiPoint"",""coordinates"":[]}"
3594_0,0.22435251,0.74596775,0.20069323,2024-02-26,3594,"{""type"":""MultiPoint"",""coordinates"":[]}"
3595_0,0.36304423,0.82331586,0.41737223,2024-02-26,3595,"{""type"":""MultiPoint"",""coordinates"":[]}"
3596_0,0.17464954,0.7406484,0.19418307,2024-02-26,3596,"{""type"":""MultiPoint"",""coordinates"":[]}"
3597_0,0.4414208,0.83425415,0.46295786,2024-02-26,3597,"{""type"":""MultiPoint"",""coordinates"":[]}"
3598_0,0.07806347,0.6176385,0.1670155,2024-02-26,3598,"{""type"":""MultiPoint"",""coordinates"":[]}"
3599_0,0.36680797,0.82830626,0.33968037,2024-02-26,3599,"{""type"":""MultiPoint"",""coordinates"":[]}"
3600_0,0.17196766,0.7725284,0.13756317,2024-02-26,3600,"{""type"":""MultiPoint"",""coordinates"":[]}"
3601_0,-0.02581835,0.47429398,-0.044355784,2024-02-26,3601,"{""type"":""MultiPoint"",""coordinates"":[]}"
3602_0,0.3683274,0.8405189,0.38740292,2024-02-26,3602,"{""type"":""MultiPoint"",""coordinates"":[]}"
3603_0,0.1398736,0.73698145,0.11406737,2024-02-26,3603,"{""type"":""MultiPoint"",""coordinates"":[]}"
3604_0,-0.023692004,0.4844904,-0.01567091,2024-02-26,3604,"{""type"":""MultiPoint"",""coordinates"":[]}"
3605_0,0.15287244,0.63138807,0.1741813,2024-02-26,3605,"{""type"":""MultiPoint"",""coordinates"":[]}"
3606_0,0.19831224,0.70302606,0.14556213,2024-02-26,3606,"{""type"":""MultiPoint"",""coordinates"":[]}"
3607_0,0.30496454,0.8014364,0.3083768,2024-02-26,3607,"{""type"":""MultiPoint"",""coordinates"":[]}"
3608_0,0.18741512,0.67540574,0.1984818,2024-02-26,3608,"{""type"":""MultiPoint"",""coordinates"":[]}"
3609_0,0.041024424,0.6,0.027417028,2024-02-26,3609,"{""type"":""MultiPoint"",""coordinates"":[]}"
3610_0,0.18860796,0.76077396,0.1783402,2024-02-26,3610,"{""type"":""MultiPoint"",""coordinates"":[]}"
3611_0,0.084745765,0.66463,0.082321785,2024-02-26,3611,"{""type"":""MultiPoint"",""coordinates"":[]}"
3612_0,0.20036101,0.7313699,0.1869073,2024-02-26,3612,"{""type"":""MultiPoint"",""coordinates"":[]}"
3613_0,0.3719893,0.83789957,0.39152983,2024-02-26,3613,"{""type"":""MultiPoint"",""coordinates"":[]}"
3614_0,0.16241956,0.7023186,0.16628234,2024-02-26,3614,"{""type"":""MultiPoint"",""coordinates"":[]}"
3615_0,0.33774,0.8250883,0.32520846,2024-02-26,3615,"{""type"":""MultiPoint"",""coordinates"":[]}"
3616_0,0.2773507,0.7509976,0.28454334,2024-02-26,3616,"{""type"":""MultiPoint"",""coordinates"":[]}"
3617_0,0.11543367,0.71330667,0.039140977,2024-02-26,3617,"{""type"":""MultiPoint"",""coordinates"":[]}"
3618_0,0.3461813,0.796371,0.3209785,2024-02-26,3618,"{""type"":""MultiPoint"",""coordinates"":[]}"
3619_0,0.3150773,0.722107,0.32271424,2024-02-26,3619,"{""type"":""MultiPoint"",""coordinates"":[]}"
3988_0,-0.004672897,0.46894804,-0.010036302,2024-02-26,3988,"{""type"":""MultiPoint"",""coordinates"":[]}"
3989_0,0.11025145,0.6693052,0.08209806,2024-02-26,3989,"{""type"":""MultiPoint"",""coordinates"":[]}"
3990_0,0.076243095,0.5996829,0.093766935,2024-02-26,3990,"{""type"":""MultiPoint"",""coordinates"":[]}"
3991_0,0.23019868,0.6804049,0.2306063,2024-02-26,3991,"{""type"":""MultiPoint"",""coordinates"":[]}"
3992_0,-0.05979619,0.40377805,-0.0736268,2024-02-26,3992,"{""type"":""MultiPoint"",""coordinates"":[]}"
3993_0,0.36121857,0.80534124,0.39445335,2024-02-26,3993,"{""type"":""MultiPoint"",""coordinates"":[]}"
3994_0,0.15278995,0.72922504,0.121744394,2024-02-26,3994,"{""type"":""MultiPoint"",""coordinates"":[]}"
3995_0,0.062170707,0.5076381,0.18085596,2024-02-26,3995,"{""type"":""MultiPoint"",""coordinates"":[]}"
3996_0,0.22453277,0.8129622,0.17177397,2024-02-26,3996,"{""type"":""MultiPoint"",""coordinates"":[]}"
3997_0,0.272541,0.8290946,0.25602514,2024-02-26,3997,"{""type"":""MultiPoint"",""coordinates"":[]}"
3998_0,-0.17364341,0.44646466,-0.22657305,2024-02-26,3998,"{""type"":""MultiPoint"",""coordinates"":[]}"
3999_0,-0.14532019,0.44784084,-0.21823421,2024-02-26,3999,"{""type"":""MultiPoint"",""coordinates"":[]}"
4000_0,-0.05666598,0.4407767,-0.070563674,2024-02-26,4000,"{""type"":""MultiPoint"",""coordinates"":[]}"
4001_0,-0.013938528,0.52912915,-0.054059073,2024-02-26,4001,"{""type"":""MultiPoint"",""coordinates"":[]}"
4002_0,0.41347733,0.844696,0.4744372,2024-02-26,4002,"{""type"":""MultiPoint"",""coordinates"":[]}"
4003_0,0.17508331,0.6987993,0.2122399,2024-02-26,4003,"{""type"":""MultiPoint"",""coordinates"":[]}"
4004_0,-0.1350219,0.3961039,-0.16179337,2024-02-26,4004,"{""type"":""MultiPoint"",""coordinates"":[]}"
4005_0,0.21422765,0.74301046,0.22972704,2024-02-26,4005,"{""type"":""MultiPoint"",""coordinates"":[]}"
4006_0,0.27373374,0.82533437,0.27753305,2024-02-26,4006,"{""type"":""MultiPoint"",""coordinates"":[]}"
4007_0,0.22812755,0.7953488,0.1018078,2024-02-26,4007,"{""type"":""MultiPoint"",""coordinates"":[]}"
4008_0,0.16582279,0.67286974,0.12888302,2024-02-26,4008,"{""type"":""MultiPoint"",""coordinates"":[]}"
4009_0,-0.2060996,0.38061938,-0.2936366,2024-02-26,4009,"{""type"":""MultiPoint"",""coordinates"":[]}"
4010_0,0.108123906,0.69310343,0.12550144,2024-02-26,4010,"{""type"":""MultiPoint"",""coordinates"":[]}"
4011_0,-0.09756097,0.42237344,-0.12734865,2024-02-26,4011,"{""type"":""MultiPoint"",""coordinates"":[]}"
4012_0,0.15582451,0.563523,0.17965305,2024-02-26,4012,"{""type"":""MultiPoint"",""coordinates"":[]}"
4013_0,-0.22931178,0.37162954,-0.30687204,2024-02-26,4013,"{""type"":""MultiPoint"",""coordinates"":[]}"
4014_0,0.06294368,0.57664233,0.04347826,2024-02-26,4014,"{""type"":""MultiPoint"",""coordinates"":[]}"
4015_0,0.20090166,0.68478686,0.20604703,2024-02-26,4015,"{""type"":""MultiPoint"",""coordinates"":[]}"
4016_0,-0.13179041,0.3553459,-0.153103,2024-02-26,4016,"{""type"":""MultiPoint"",""coordinates"":[]}"
4017_0,-0.14821701,0.20619622,0.015504999,2024-02-26,4017,"{""type"":""MultiPoint"",""coordinates"":[]}"
4018_0,0.061075147,0.5352433,0.0059594754,2024-02-26,4018,"{""type"":""MultiPoint"",""coordinates"":[]}"
4019_0,0.063349724,0.6217195,0.050718263,2024-02-26,4019,"{""type"":""MultiPoint"",""coordinates"":[]}"
4020_0,-0.046763323,0.39546442,-0.06591807,2024-02-26,4020,"{""type"":""MultiPoint"",""coordinates"":[]}"
4021_0,-0.048409406,0.36387208,0.020038785,2024-02-26,4021,"{""type"":""MultiPoint"",""coordinates"":[]}"
4022_0,0.20641913,0.6914987,0.20965214,2024-02-26,4022,"{""type"":""MultiPoint"",""coordinates"":[]}"
4023_0,0.18105975,0.75192714,0.15848008,2024-02-26,4023,"{""type"":""MultiPoint"",""coordinates"":[]}"
4024_0,-0.15663157,0.427957,-0.15931632,2024-02-26,4024,"{""type"":""MultiPoint"",""coordinates"":[]}"
4025_0,0.13365068,0.7193426,0.06960283,2024-02-26,4025,"{""type"":""MultiPoint"",""coordinates"":[]}"
4026_0,0.2291372,0.742279,0.20029347,2024-02-26,4026,"{""type"":""MultiPoint"",""coordinates"":[]}"
4027_0,0.106319256,0.63479835,0.09466019,2024-02-26,4027,"{""type"":""MultiPoint"",""coordinates"":[]}"
4028_0,0.109864734,0.78108394,0.10809917,2024-02-26,4028,"{""type"":""MultiPoint"",""coordinates"":[]}"
4029_0,0.051282052,0.46504992,0.07258486,2024-02-26,4029,"{""type"":""MultiPoint"",""coordinates"":[]}"
4030_0,0.1706399,0.6092233,0.14433657,2024-02-26,4030,"{""type"":""MultiPoint"",""coordinates"":[]}"
4031_0,-0.13055491,0.41149774,-0.13631104,2024-02-26,4031,"{""type"":""MultiPoint"",""coordinates"":[]}"
4032_0,0.053012047,0.51580846,0.032615386,2024-02-26,4032,"{""type"":""MultiPoint"",""coordinates"":[]}"
4033_0,0.2446281,0.74358976,0.3006886,2024-02-26,4033,"{""type"":""MultiPoint"",""coordinates"":[]}"
4034_0,-0.05902607,0.3919075,-0.0876484,2024-02-26,4034,"{""type"":""MultiPoint"",""coordinates"":[]}"
4035_0,0.11015548,0.6666667,0.098827474,2024-02-26,4035,"{""type"":""MultiPoint"",""coordinates"":[]}"
4036_0,0.1134336,0.59006214,0.13974771,2024-02-26,4036,"{""type"":""MultiPoint"",""coordinates"":[]}"
4037_0,0.041877832,0.51490617,0.06798132,2024-02-26,4037,"{""type"":""MultiPoint"",""coordinates"":[]}"
4038_0,-0.035035037,0.42200726,-0.047194652,2024-02-26,4038,"{""type"":""MultiPoint"",""coordinates"":[]}"
4039_0,0.1413465,0.5809069,0.15240084,2024-02-26,4039,"{""type"":""MultiPoint"",""coordinates"":[]}"
4040_0,0.31505656,0.8115539,0.30137596,2024-02-26,4040,"{""type"":""MultiPoint"",""coordinates"":[]}"
4041_0,0.07339956,0.5056267,0.07211937,2024-02-26,4041,"{""type"":""MultiPoint"",""coordinates"":[]}"
4042_0,-0.025095057,0.56882256,-0.033214103,2024-02-26,4042,"{""type"":""MultiPoint"",""coordinates"":[]}"
4043_0,0.16230717,0.66108376,0.14889267,2024-02-26,4043,"{""type"":""MultiPoint"",""coordinates"":[]}"
4044_0,0.0035620993,0.43762377,0.018709075,2024-02-26,4044,"{""type"":""MultiPoint"",""coordinates"":[]}"
4045_0,-0.109375,0.426529,-0.14679335,2024-02-26,4045,"{""type"":""MultiPoint"",""coordinates"":[]}"
4046_0,-0.060842432,0.45236188,-0.13495469,2024-02-26,4046,"{""type"":""MultiPoint"",""coordinates"":[]}"
4047_0,-0.03213166,0.4386533,-0.084843494,2024-02-26,4047,"{""type"":""MultiPoint"",""coordinates"":[]}"
4048_0,0.024,0.6822695,0.011513859,2024-02-26,4048,"{""type"":""MultiPoint"",""coordinates"":[]}"
4049_0,-0.07949273,0.5442177,-0.123270035,2024-02-26,4049,"{""type"":""MultiPoint"",""coordinates"":[]}"
4050_0,-8.618213E-4,0.54876274,-0.043738768,2024-02-26,4050,"{""type"":""MultiPoint"",""coordinates"":[]}"
4051_0,-0.07635695,0.4818252,-0.09962406,2024-02-26,4051,"{""type"":""MultiPoint"",""coordinates"":[]}"
4052_0,0.16257901,0.6897485,0.1375,2024-02-26,4052,"{""type"":""MultiPoint"",""coordinates"":[]}"
4053_0,-0.072747625,0.55700326,-0.14413609,2024-02-26,4053,"{""type"":""MultiPoint"",""coordinates"":[]}"
4054_0,0.053430658,0.6478734,0.013690295,2024-02-26,4054,"{""type"":""MultiPoint"",""coordinates"":[]}"
4055_0,-0.07546764,0.45839018,-0.078249626,2024-02-26,4055,"{""type"":""MultiPoint"",""coordinates"":[]}"
4056_0,-0.1422665,0.39410785,-0.09572742,2024-02-26,4056,"{""type"":""MultiPoint"",""coordinates"":[]}"
4057_0,-0.059468348,0.48902383,-0.09611568,2024-02-26,4057,"{""type"":""MultiPoint"",""coordinates"":[]}"
4058_0,-0.11528564,0.48541576,-0.11902918,2024-02-26,4058,"{""type"":""MultiPoint"",""coordinates"":[]}"
4059_0,-0.121540844,0.48295003,-0.15057915,2024-02-26,4059,"{""type"":""MultiPoint"",""coordinates"":[]}"
4060_0,-0.029911075,0.5759036,0.013168086,2024-02-26,4060,"{""type"":""MultiPoint"",""coordinates"":[]}"
4061_0,0.049863014,0.6530806,0.0028752156,2024-02-26,4061,"{""type"":""MultiPoint"",""coordinates"":[]}"
4062_0,-0.1259467,0.50071055,-0.117794484,2024-02-26,4062,"{""type"":""MultiPoint"",""coordinates"":[]}"
4063_0,-0.13588111,0.3989071,-0.16430902,2024-02-26,4063,"{""type"":""MultiPoint"",""coordinates"":[]}"
4064_0,-0.054318305,0.5452992,-0.17743403,2024-02-26,4064,"{""type"":""MultiPoint"",""coordinates"":[]}"
4065_0,-0.07254902,0.5825,-0.12899897,2024-02-26,4065,"{""type"":""MultiPoint"",""coordinates"":[]}"
4066_0,-0.07184648,0.4715483,-0.15715007,2024-02-26,4066,"{""type"":""MultiPoint"",""coordinates"":[]}"
4067_0,-0.082773015,0.4202319,-0.13597664,2024-02-26,4067,"{""type"":""MultiPoint"",""coordinates"":[]}"
4068_0,0.18091698,0.7901673,0.14378238,2024-02-26,4068,"{""type"":""MultiPoint"",""coordinates"":[]}"
4069_0,-0.13408893,0.116745904,-0.21207604,2024-02-26,4069,"{""type"":""MultiPoint"",""coordinates"":[]}"
4070_0,0.011987091,0.6405384,-0.016844602,2024-02-26,4070,"{""type"":""MultiPoint"",""coordinates"":[]}"
4071_0,-0.104,0.46628052,-0.043196544,2024-02-26,4071,"{""type"":""MultiPoint"",""coordinates"":[]}"
4072_0,-0.068900295,0.4813278,-0.16147974,2024-02-26,4072,"{""type"":""MultiPoint"",""coordinates"":[]}"
4073_0,-0.14520098,0.3922356,-0.14614122,2024-02-26,4073,"{""type"":""MultiPoint"",""coordinates"":[]}"
4074_0,-0.046755455,0.56134534,-0.056938484,2024-02-26,4074,"{""type"":""MultiPoint"",""coordinates"":[]}"
4075_0,0.24230036,0.72688586,0.23246825,2024-02-26,4075,"{""type"":""MultiPoint"",""coordinates"":[]}"
4076_0,-0.078043096,0.4885246,-0.15219422,2024-02-26,4076,"{""type"":""MultiPoint"",""coordinates"":[]}"
4077_0,0.259658,0.80532444,0.29979035,2024-02-26,4077,"{""type"":""MultiPoint"",""coordinates"":[]}"
4078_0,0.4305472,0.8445283,0.4414627,2024-02-26,4078,"{""type"":""MultiPoint"",""coordinates"":[]}"
4079_0,0.32823342,0.8234611,0.24900557,2024-02-26,4079,"{""type"":""MultiPoint"",""coordinates"":[]}"
4080_0,0.15142232,0.6394472,0.14750494,2024-02-26,4080,"{""type"":""MultiPoint"",""coordinates"":[]}"
4081_0,0.42321643,0.816717,0.43203017,2024-02-26,4081,"{""type"":""MultiPoint"",""coordinates"":[]}"
4082_0,0.08125677,0.44917044,0.062361788,2024-02-26,4082,"{""type"":""MultiPoint"",""coordinates"":[]}"
4083_0,0.28072363,0.8929375,0.2919865,2024-02-26,4083,"{""type"":""MultiPoint"",""coordinates"":[]}"
4084_0,-0.027250776,0.55050504,-0.09606183,2024-02-26,4084,"{""type"":""MultiPoint"",""coordinates"":[]}"
4085_0,-0.00745319,0.5728733,-0.02345337,2024-02-26,4085,"{""type"":""MultiPoint"",""coordinates"":[]}"
4086_0,0.029606069,0.53109306,-2.522068E-4,2024-02-26,4086,"{""type"":""MultiPoint"",""coordinates"":[]}"
4087_0,0.110268086,0.5826634,0.12552822,2024-02-26,4087,"{""type"":""MultiPoint"",""coordinates"":[]}"
4088_0,-0.024390243,0.51635283,-0.06507791,2024-02-26,4088,"{""type"":""MultiPoint"",""coordinates"":[]}"
4089_0,0.120889984,0.6698752,0.1368932,2024-02-26,4089,"{""type"":""MultiPoint"",""coordinates"":[]}"
4090_0,0.1492205,0.6041667,0.09478673,2024-02-26,4090,"{""type"":""MultiPoint"",""coordinates"":[]}"
4091_0,0.109681375,0.6770538,0.100030966,2024-02-26,4091,"{""type"":""MultiPoint"",""coordinates"":[]}"
4092_0,0.25480768,0.7477966,0.249031,2024-02-26,4092,"{""type"":""MultiPoint"",""coordinates"":[]}"
4093_0,0.14922206,0.8067633,0.10855872,2024-02-26,4093,"{""type"":""MultiPoint"",""coordinates"":[]}"
4094_0,0.2447741,0.6763285,0.2459605,2024-02-26,4094,"{""type"":""MultiPoint"",""coordinates"":[]}"
4095_0,0.40775195,0.8561947,0.2745917,2024-02-26,4095,"{""type"":""MultiPoint"",""coordinates"":[]}"
4096_0,0.42226,0.80306,0.3851718,2024-02-26,4096,"{""type"":""MultiPoint"",""coordinates"":[]}"
4097_0,0.24207792,0.8219585,0.11602545,2024-02-26,4097,"{""type"":""MultiPoint"",""coordinates"":[]}"
4098_0,0.31811488,0.826337,0.26332536,2024-02-26,4098,"{""type"":""MultiPoint"",""coordinates"":[]}"
4099_0,0.23966943,0.6318811,0.30453563,2024-02-26,4099,"{""type"":""MultiPoint"",""coordinates"":[]}"
4100_0,0.3099328,0.83772165,0.29840547,2024-02-26,4100,"{""type"":""MultiPoint"",""coordinates"":[]}"
4101_0,0.3308481,0.8458166,0.40216488,2024-02-26,4101,"{""type"":""MultiPoint"",""coordinates"":[]}"
4102_0,0.18172377,0.73512745,0.21708892,2024-02-26,4102,"{""type"":""MultiPoint"",""coordinates"":[]}"
4103_0,0.2933866,0.85190725,0.2173058,2024-02-26,4103,"{""type"":""MultiPoint"",""coordinates"":[]}"
4104_0,0.30967546,0.78794813,0.34635267,2024-02-26,4104,"{""type"":""MultiPoint"",""coordinates"":[]}"
4105_0,0.4467463,0.8733229,0.4512932,2024-02-26,4105,"{""type"":""MultiPoint"",""coordinates"":[]}"
4106_0,-0.0072062085,0.57322985,-0.05670253,2024-02-26,4106,"{""type"":""MultiPoint"",""coordinates"":[]}"
4107_0,-0.06676449,0.5187266,-0.14698923,2024-02-26,4107,"{""type"":""MultiPoint"",""coordinates"":[]}"
4108_0,0.4333513,0.844979,0.39411426,2024-02-26,4108,"{""type"":""MultiPoint"",""coordinates"":[]}"
4109_0,0.24145475,0.6533333,0.23348992,2024-02-26,4109,"{""type"":""MultiPoint"",""coordinates"":[]}"
4110_0,0.28416148,0.7914798,0.26825398,2024-02-26,4110,"{""type"":""MultiPoint"",""coordinates"":[]}"
4111_0,0.24408849,0.6857635,0.2672828,2024-02-26,4111,"{""type"":""MultiPoint"",""coordinates"":[]}"
4112_0,0.08008949,0.7436464,-0.1315355,2024-02-26,4112,"{""type"":""MultiPoint"",""coordinates"":[]}"
4113_0,0.40926892,0.8832252,0.3837249,2024-02-26,4113,"{""type"":""MultiPoint"",""coordinates"":[]}"
4114_0,0.043724887,0.66017145,0.025764508,2024-02-26,4114,"{""type"":""MultiPoint"",""coordinates"":[]}"
4115_0,0.20185079,0.7986705,0.1569945,2024-02-26,4115,"{""type"":""MultiPoint"",""coordinates"":[]}"
4116_0,0.110086456,0.6897001,0.1146789,2024-02-26,4116,"{""type"":""MultiPoint"",""coordinates"":[]}"
4117_0,0.12965216,0.6799707,0.123683564,2024-02-26,4117,"{""type"":""MultiPoint"",""coordinates"":[]}"
4118_0,-0.024390243,0.54443485,-0.0746963,2024-02-26,4118,"{""type"":""MultiPoint"",""coordinates"":[]}"
4119_0,0.077919275,0.47760165,0.0018691589,2024-02-26,4119,"{""type"":""MultiPoint"",""coordinates"":[]}"
4120_0,-0.06637086,0.34818032,-0.07491614,2024-02-26,4120,"{""type"":""MultiPoint"",""coordinates"":[]}"
4121_0,0.27389652,0.7956332,0.24681625,2024-02-26,4121,"{""type"":""MultiPoint"",""coordinates"":[]}"
4122_0,0.17129892,0.7498982,0.19035745,2024-02-26,4122,"{""type"":""MultiPoint"",""coordinates"":[]}"
4123_0,0.29777437,0.8228897,0.31588784,2024-02-26,4123,"{""type"":""MultiPoint"",""coordinates"":[]}"
4124_0,0.264738,0.7685009,0.2673375,2024-02-26,4124,"{""type"":""MultiPoint"",""coordinates"":[]}"
4125_0,-0.024595924,0.46436608,-0.056777,2024-02-26,4125,"{""type"":""MultiPoint"",""coordinates"":[]}"
4126_0,0.3035894,0.7701045,0.30475554,2024-02-26,4126,"{""type"":""MultiPoint"",""coordinates"":[]}"
4127_0,0.31206006,0.8333333,-0.05240488,2024-02-26,4127,"{""type"":""MultiPoint"",""coordinates"":[]}"
4128_0,0.33395523,0.8263773,0.34274316,2024-02-26,4128,"{""type"":""MultiPoint"",""coordinates"":[]}"
4129_0,0.20808187,0.7681388,0.19541456,2024-02-26,4129,"{""type"":""MultiPoint"",""coordinates"":[]}"
4130_0,0.38539043,0.8047277,0.34559387,2024-02-26,4130,"{""type"":""MultiPoint"",""coordinates"":[]}"
4131_0,0.35940555,0.8158948,0.31948483,2024-02-26,4131,"{""type"":""MultiPoint"",""coordinates"":[]}"
4132_0,0.19628964,0.63316387,0.21713786,2024-02-26,4132,"{""type"":""MultiPoint"",""coordinates"":[]}"
4486_0,0.030509835,0.5418919,-0.028315946,2024-02-26,4486,"{""type"":""MultiPoint"",""coordinates"":[]}"
4487_0,0.18748343,0.7677841,0.17054683,2024-02-26,4487,"{""type"":""MultiPoint"",""coordinates"":[]}"
4488_0,-0.0010917031,0.5088372,-0.061342593,2024-02-26,4488,"{""type"":""MultiPoint"",""coordinates"":[]}"
4489_0,0.01858736,0.6672444,-0.014344262,2024-02-26,4489,"{""type"":""MultiPoint"",""coordinates"":[]}"
4490_0,0.23013294,0.8004435,0.21812181,2024-02-26,4490,"{""type"":""MultiPoint"",""coordinates"":[]}"
4491_0,0.18275861,0.78514427,0.10193255,2024-02-26,4491,"{""type"":""MultiPoint"",""coordinates"":[]}"
4492_0,0.008494733,0.3961039,0.015519568,2024-02-26,4492,"{""type"":""MultiPoint"",""coordinates"":[]}"
4493_0,0.037095815,0.4424057,0.076659694,2024-02-26,4493,"{""type"":""MultiPoint"",""coordinates"":[]}"
4494_0,0.34043133,0.8292683,0.30133024,2024-02-26,4494,"{""type"":""MultiPoint"",""coordinates"":[]}"
4495_0,-0.04095064,0.46313363,-0.056989048,2024-02-26,4495,"{""type"":""MultiPoint"",""coordinates"":[]}"
4496_0,0.26846343,0.7352755,0.13457558,2024-02-26,4496,"{""type"":""MultiPoint"",""coordinates"":[]}"
4497_0,0.057770073,0.35511982,0.06720046,2024-02-26,4497,"{""type"":""MultiPoint"",""coordinates"":[]}"
4498_0,0.11991658,0.44942528,0.08894646,2024-02-26,4498,"{""type"":""MultiPoint"",""coordinates"":[]}"
4499_0,0.07267364,0.5725429,0.07663552,2024-02-26,4499,"{""type"":""MultiPoint"",""coordinates"":[]}"
4500_0,0.08620102,0.35900727,0.08432912,2024-02-26,4500,"{""type"":""MultiPoint"",""coordinates"":[]}"
4501_0,0.02270547,0.6443089,0.028607756,2024-02-26,4501,"{""type"":""MultiPoint"",""coordinates"":[]}"
4502_0,0.25052005,0.78042555,0.24783775,2024-02-26,4502,"{""type"":""MultiPoint"",""coordinates"":[]}"
4503_0,0.009254219,0.4654479,0.048117153,2024-02-26,4503,"{""type"":""MultiPoint"",""coordinates"":[]}"
4504_0,-0.11642251,0.37055838,-0.087495305,2024-02-26,4504,"{""type"":""MultiPoint"",""coordinates"":[]}"
4505_0,0.068772286,0.6750823,-0.09004174,2024-02-26,4505,"{""type"":""MultiPoint"",""coordinates"":[]}"
4506_0,-0.065625764,0.47630522,-0.086026855,2024-02-26,4506,"{""type"":""MultiPoint"",""coordinates"":[]}"
4507_0,0.07505736,0.6092416,0.06339197,2024-02-26,4507,"{""type"":""MultiPoint"",""coordinates"":[]}"
4508_0,0.13460428,0.66044444,0.10992276,2024-02-26,4508,"{""type"":""MultiPoint"",""coordinates"":[]}"
4509_0,0.05374593,0.5749752,-0.04716131,2024-02-26,4509,"{""type"":""MultiPoint"",""coordinates"":[]}"
4510_0,0.26242483,0.5654912,0.36181867,2024-02-26,4510,"{""type"":""MultiPoint"",""coordinates"":[]}"
4511_0,0.09248748,0.6515151,0.057885617,2024-02-26,4511,"{""type"":""MultiPoint"",""coordinates"":[]}"
4512_0,0.14577812,0.5928994,0.08811641,2024-02-26,4512,"{""type"":""MultiPoint"",""coordinates"":[]}"
4513_0,0.18249075,0.6137592,0.106469005,2024-02-26,4513,"{""type"":""MultiPoint"",""coordinates"":[]}"
4514_0,0.094527364,0.7039611,-0.05364724,2024-02-26,4514,"{""type"":""MultiPoint"",""coordinates"":[]}"
4515_0,-0.24630056,0.40149626,-0.25538257,2024-02-26,4515,"{""type"":""MultiPoint"",""coordinates"":[]}"
4516_0,0.16397849,0.76508623,0.13671061,2024-02-26,4516,"{""type"":""MultiPoint"",""coordinates"":[]}"
4517_0,-0.04384411,0.42351276,-0.079459585,2024-02-26,4517,"{""type"":""MultiPoint"",""coordinates"":[]}"
4518_0,0.02369413,0.6335283,-0.039266266,2024-02-26,4518,"{""type"":""MultiPoint"",""coordinates"":[]}"
4519_0,0.2590384,0.7392278,0.21978022,2024-02-26,4519,"{""type"":""MultiPoint"",""coordinates"":[]}"
4520_0,0.24814357,0.64995605,0.21384665,2024-02-26,4520,"{""type"":""MultiPoint"",""coordinates"":[]}"
4521_0,0.2866817,0.7880018,0.28367877,2024-02-26,4521,"{""type"":""MultiPoint"",""coordinates"":[]}"
4522_0,0.25543636,0.8097686,0.24381626,2024-02-26,4522,"{""type"":""MultiPoint"",""coordinates"":[]}"
4523_0,0.27913278,0.81632656,0.2517581,2024-02-26,4523,"{""type"":""MultiPoint"",""coordinates"":[]}"
4524_0,0.24477611,0.79816514,0.12708454,2024-02-26,4524,"{""type"":""MultiPoint"",""coordinates"":[]}"
4525_0,0.16798197,0.61211413,0.20008671,2024-02-26,4525,"{""type"":""MultiPoint"",""coordinates"":[]}"
4526_0,0.12941177,0.705414,0.10383922,2024-02-26,4526,"{""type"":""MultiPoint"",""coordinates"":[]}"
4527_0,0.07240342,0.58458,0.157386,2024-02-26,4527,"{""type"":""MultiPoint"",""coordinates"":[]}"
4528_0,-0.058555998,0.43452382,-0.07361138,2024-02-26,4528,"{""type"":""MultiPoint"",""coordinates"":[]}"
4529_0,0.36398467,0.82482433,0.32336956,2024-02-26,4529,"{""type"":""MultiPoint"",""coordinates"":[]}"
4530_0,0.33179724,0.7847423,0.30204573,2024-02-26,4530,"{""type"":""MultiPoint"",""coordinates"":[]}"
4531_0,0.17795458,0.70082194,0.18881655,2024-02-26,4531,"{""type"":""MultiPoint"",""coordinates"":[]}"
4532_0,0.15616728,0.5876777,0.1154273,2024-02-26,4532,"{""type"":""MultiPoint"",""coordinates"":[]}"
4533_0,0.08580263,0.511879,0.08415075,2024-02-26,4533,"{""type"":""MultiPoint"",""coordinates"":[]}"
4534_0,0.2959057,0.81395346,0.2823269,2024-02-26,4534,"{""type"":""MultiPoint"",""coordinates"":[]}"
4535_0,0.079426765,0.63556266,0.037338074,2024-02-26,4535,"{""type"":""MultiPoint"",""coordinates"":[]}"
4536_0,0.1138081,0.54694486,0.03515333,2024-02-26,4536,"{""type"":""MultiPoint"",""coordinates"":[]}"
4537_0,0.03102837,0.5635622,0.025412394,2024-02-26,4537,"{""type"":""MultiPoint"",""coordinates"":[]}"
4538_0,-0.0073682223,0.49196908,-0.030537302,2024-02-26,4538,"{""type"":""MultiPoint"",""coordinates"":[]}"
4539_0,0.12889397,0.6683979,0.15614618,2024-02-26,4539,"{""type"":""MultiPoint"",""coordinates"":[]}"
4540_0,0.18099548,0.6640502,0.14946684,2024-02-26,4540,"{""type"":""MultiPoint"",""coordinates"":[]}"
4541_0,0.21677943,0.72626585,0.20253514,2024-02-26,4541,"{""type"":""MultiPoint"",""coordinates"":[]}"
4542_0,0.2696266,0.7477954,0.22952853,2024-02-26,4542,"{""type"":""MultiPoint"",""coordinates"":[]}"
4543_0,-0.02901842,0.52853596,-0.04913815,2024-02-26,4543,"{""type"":""MultiPoint"",""coordinates"":[]}"
4544_0,0.055214725,0.62539184,0.037259314,2024-02-26,4544,"{""type"":""MultiPoint"",""coordinates"":[]}"
4545_0,0.4468928,0.841211,0.45472297,2024-02-26,4545,"{""type"":""MultiPoint"",""coordinates"":[]}"
4548_0,0.40832508,0.8019549,0.27942064,2024-02-26,4548,"{""type"":""MultiPoint"",""coordinates"":[]}"
4550_0,0.4179441,0.8112384,0.4400347,2024-02-26,4550,"{""type"":""MultiPoint"",""coordinates"":[]}"
4552_0,0.030714002,0.5766052,0.010183299,2024-02-26,4552,"{""type"":""MultiPoint"",""coordinates"":[]}"
4559_0,0.3515424,0.7785052,0.23531641,2024-02-26,4559,"{""type"":""MultiPoint"",""coordinates"":[]}"
4673_0,0.49393845,0.9074074,0.4335421,2024-02-26,4673,"{""type"":""MultiPoint"",""coordinates"":[]}"
4674_0,0.0911105,0.65453005,0.08706537,2024-02-26,4674,"{""type"":""MultiPoint"",""coordinates"":[]}"
4675_0,-0.083599575,0.4412581,-0.13275814,2024-02-26,4675,"{""type"":""MultiPoint"",""coordinates"":[]}"
4676_0,-0.08588064,0.41686746,-0.11844078,2024-02-26,4676,"{""type"":""MultiPoint"",""coordinates"":[]}"
4677_0,-0.2438592,0.39011568,-0.30015883,2024-02-26,4677,"{""type"":""MultiPoint"",""coordinates"":[]}"
4678_0,0.091635235,0.5529,0.13097008,2024-02-26,4678,"{""type"":""MultiPoint"",""coordinates"":[]}"
4679_0,0.34671926,0.87152034,0.48429096,2024-02-26,4679,"{""type"":""MultiPoint"",""coordinates"":[]}"
4680_0,0.24461153,0.8596623,0.24366374,2024-02-26,4680,"{""type"":""MultiPoint"",""coordinates"":[]}"
4681_0,0.30638954,0.75384617,0.33871558,2024-02-26,4681,"{""type"":""MultiPoint"",""coordinates"":[]}"
4682_0,-0.08662614,0.45715177,-0.10042324,2024-02-26,4682,"{""type"":""MultiPoint"",""coordinates"":[]}"
4683_0,0.22350897,0.72407883,0.2001193,2024-02-26,4683,"{""type"":""MultiPoint"",""coordinates"":[]}"
4684_0,-0.077506594,0.34988913,-0.03533513,2024-02-26,4684,"{""type"":""MultiPoint"",""coordinates"":[]}"
4685_0,0.2427133,0.7352071,0.2429139,2024-02-26,4685,"{""type"":""MultiPoint"",""coordinates"":[]}"
4686_0,0.29578868,0.7754087,0.27742267,2024-02-26,4686,"{""type"":""MultiPoint"",""coordinates"":[]}"
4687_0,-0.21340482,0.27802154,-0.171022,2024-02-26,4687,"{""type"":""MultiPoint"",""coordinates"":[]}"
4688_0,0.033898305,0.4844849,-0.03858521,2024-02-26,4688,"{""type"":""MultiPoint"",""coordinates"":[]}"
4689_0,0.04376013,0.64746946,0.0,2024-02-26,4689,"{""type"":""MultiPoint"",""coordinates"":[]}"
4690_0,0.30268198,0.8266254,0.36732328,2024-02-26,4690,"{""type"":""MultiPoint"",""coordinates"":[]}"
4691_0,0.060687162,9.563277E-4,-0.0166758,2024-02-26,4691,"{""type"":""MultiPoint"",""coordinates"":[]}"
4692_0,0.04551724,0.6564195,0.028635599,2024-02-26,4692,"{""type"":""MultiPoint"",""coordinates"":[]}"
4693_0,-0.09484536,0.33135214,-0.08478039,2024-02-26,4693,"{""type"":""MultiPoint"",""coordinates"":[]}"
4694_0,-0.06427424,0.46381244,-0.16096991,2024-02-26,4694,"{""type"":""MultiPoint"",""coordinates"":[]}"
4695_0,0.0918006,0.62410784,0.1025572,2024-02-26,4695,"{""type"":""MultiPoint"",""coordinates"":[]}"
4696_0,0.25315228,0.8519566,0.25937802,2024-02-26,4696,"{""type"":""MultiPoint"",""coordinates"":[]}"
4697_0,0.37968275,0.8342268,0.4152084,2024-02-26,4697,"{""type"":""MultiPoint"",""coordinates"":[]}"
4698_0,0.016221873,0.19064006,-0.041551247,2024-02-26,4698,"{""type"":""MultiPoint"",""coordinates"":[]}"
4699_0,0.057380844,0.6002961,0.029768992,2024-02-26,4699,"{""type"":""MultiPoint"",""coordinates"":[]}"
4700_0,0.3863445,0.80406386,0.38960314,2024-02-26,4700,"{""type"":""MultiPoint"",""coordinates"":[]}"
4701_0,-0.048040736,0.44877344,-0.08205714,2024-02-26,4701,"{""type"":""MultiPoint"",""coordinates"":[]}"
4702_0,0.18940938,0.5962509,0.16342618,2024-02-26,4702,"{""type"":""MultiPoint"",""coordinates"":[]}"
4703_0,0.07347204,0.6455696,0.04522613,2024-02-26,4703,"{""type"":""MultiPoint"",""coordinates"":[]}"
4704_0,-0.15240642,0.5368421,-0.1922545,2024-02-26,4704,"{""type"":""MultiPoint"",""coordinates"":[]}"
4705_0,0.35174254,0.7648485,0.3627855,2024-02-26,4705,"{""type"":""MultiPoint"",""coordinates"":[]}"
4706_0,0.1608154,0.65788215,0.21766673,2024-02-26,4706,"{""type"":""MultiPoint"",""coordinates"":[]}"
4707_0,0.11737904,0.6363636,0.12403101,2024-02-26,4707,"{""type"":""MultiPoint"",""coordinates"":[]}"
4708_0,0.035265103,0.57739556,-0.0077279755,2024-02-26,4708,"{""type"":""MultiPoint"",""coordinates"":[]}"
4709_0,-0.04205128,0.70552146,-0.098378375,2024-02-26,4709,"{""type"":""MultiPoint"",""coordinates"":[]}"
4710_0,-0.176272,0.36759582,-0.21676229,2024-02-26,4710,"{""type"":""MultiPoint"",""coordinates"":[]}"
4711_0,0.054409005,0.46561015,0.06839187,2024-02-26,4711,"{""type"":""MultiPoint"",""coordinates"":[]}"
4712_0,-0.06457167,0.4870968,-0.14570303,2024-02-26,4712,"{""type"":""MultiPoint"",""coordinates"":[]}"
4713_0,-0.2077142,0.24986331,-0.2512283,2024-02-26,4713,"{""type"":""MultiPoint"",""coordinates"":[]}"
4714_0,-0.119553074,0.5098361,-0.15251897,2024-02-26,4714,"{""type"":""MultiPoint"",""coordinates"":[]}"
4715_0,0.1516422,0.7400864,0.097844936,2024-02-26,4715,"{""type"":""MultiPoint"",""coordinates"":[]}"
4716_0,-0.21002561,0.33554816,-0.24393456,2024-02-26,4716,"{""type"":""MultiPoint"",""coordinates"":[]}"
4717_0,-0.056873128,0.40630183,-0.1500877,2024-02-26,4717,"{""type"":""MultiPoint"",""coordinates"":[]}"
4718_0,0.093380615,0.7241379,0.093380615,2024-02-26,4718,"{""type"":""MultiPoint"",""coordinates"":[]}"
4719_0,0.048023347,0.55575067,-0.0061693774,2024-02-26,4719,"{""type"":""MultiPoint"",""coordinates"":[]}"
4720_0,0.14971751,0.7455516,0.13181424,2024-02-26,4720,"{""type"":""MultiPoint"",""coordinates"":[]}"
4721_0,-0.029361805,0.605669,-0.04818384,2024-02-26,4721,"{""type"":""MultiPoint"",""coordinates"":[]}"
4722_0,0.15688162,0.7731507,0.103683494,2024-02-26,4722,"{""type"":""MultiPoint"",""coordinates"":[]}"
4723_0,0.14637224,0.73803264,0.099500835,2024-02-26,4723,"{""type"":""MultiPoint"",""coordinates"":[]}"
4724_0,-0.0388584,0.39083558,-0.06817156,2024-02-26,4724,"{""type"":""MultiPoint"",""coordinates"":[]}"
4725_0,-0.17426126,0.3855624,-0.26397145,2024-02-26,4725,"{""type"":""MultiPoint"",""coordinates"":[]}"
4726_0,0.25453985,0.7565789,0.2763669,2024-02-26,4726,"{""type"":""MultiPoint"",""coordinates"":[]}"
4727_0,0.17982155,0.7782139,0.2051879,2024-02-26,4727,"{""type"":""MultiPoint"",""coordinates"":[]}"
4728_0,0.03819058,0.53386,0.023343373,2024-02-26,4728,"{""type"":""MultiPoint"",""coordinates"":[]}"
4729_0,-0.039689865,0.48222083,-0.084745765,2024-02-26,4729,"{""type"":""MultiPoint"",""coordinates"":[]}"
4730_0,0.25676,0.78131485,0.2473952,2024-02-26,4730,"{""type"":""MultiPoint"",""coordinates"":[]}"
4731_0,0.30428672,0.8492147,0.40801275,2024-02-26,4731,"{""type"":""MultiPoint"",""coordinates"":[]}"
4732_0,0.098029435,0.5873016,0.086407274,2024-02-26,4732,"{""type"":""MultiPoint"",""coordinates"":[]}"
4733_0,0.30806908,0.7574803,0.24902071,2024-02-26,4733,"{""type"":""MultiPoint"",""coordinates"":[]}"
4734_0,0.048964217,0.5841996,0.0029615005,2024-02-26,4734,"{""type"":""MultiPoint"",""coordinates"":[]}"
4735_0,0.17805943,0.6386895,0.14074717,2024-02-26,4735,"{""type"":""MultiPoint"",""coordinates"":[]}"
4736_0,0.22934933,0.7119454,0.20057444,2024-02-26,4736,"{""type"":""MultiPoint"",""coordinates"":[]}"
4737_0,0.20879121,0.72364926,0.17441158,2024-02-26,4737,"{""type"":""MultiPoint"",""coordinates"":[]}"
4738_0,-0.12660028,0.43940336,-0.15536106,2024-02-26,4738,"{""type"":""MultiPoint"",""coordinates"":[]}"
4739_0,0.22268519,0.7679715,0.19337016,2024-02-26,4739,"{""type"":""MultiPoint"",""coordinates"":[]}"
4740_0,0.45142144,0.8538523,0.45330012,2024-02-26,4740,"{""type"":""MultiPoint"",""coordinates"":[]}"
4741_0,0.35149863,0.8741396,0.5241903,2024-02-26,4741,"{""type"":""MultiPoint"",""coordinates"":[]}"
4742_0,0.31468186,0.77793646,0.28549302,2024-02-26,4742,"{""type"":""MultiPoint"",""coordinates"":[]}"
4743_0,0.24812968,0.7777778,0.24388714,2024-02-26,4743,"{""type"":""MultiPoint"",""coordinates"":[]}"
4744_0,-0.11236569,0.36959064,-0.13194959,2024-02-26,4744,"{""type"":""MultiPoint"",""coordinates"":[]}"
4745_0,0.020440882,0.4725015,0.009323064,2024-02-26,4745,"{""type"":""MultiPoint"",""coordinates"":[]}"
4746_0,0.037580203,0.44528562,0.0,2024-02-26,4746,"{""type"":""MultiPoint"",""coordinates"":[]}"
4747_0,0.17991632,0.69982845,0.14831981,2024-02-26,4747,"{""type"":""MultiPoint"",""coordinates"":[]}"
4748_0,-0.05838125,0.4822335,-0.07865675,2024-02-26,4748,"{""type"":""MultiPoint"",""coordinates"":[]}"
4749_0,0.36547735,0.84227717,0.33333334,2024-02-26,4749,"{""type"":""MultiPoint"",""coordinates"":[]}"
4750_0,-0.07375554,0.49149507,-0.10574342,2024-02-26,4750,"{""type"":""MultiPoint"",""coordinates"":[]}"
5044_0,0.3649131,0.81594294,0.3549323,2024-02-26,5044,"{""type"":""MultiPoint"",""coordinates"":[]}"
5045_0,0.28428286,0.7827655,0.28036845,2024-02-26,5045,"{""type"":""MultiPoint"",""coordinates"":[]}"
5046_0,-0.20606309,0.3006135,-0.2135202,2024-02-26,5046,"{""type"":""MultiPoint"",""coordinates"":[]}"
5047_0,-0.26771006,0.28213978,-0.34881684,2024-02-26,5047,"{""type"":""MultiPoint"",""coordinates"":[]}"
5048_0,-0.022995168,0.46517625,-0.01748991,2024-02-26,5048,"{""type"":""MultiPoint"",""coordinates"":[]}"
5049_0,0.2541879,0.79422265,0.2855814,2024-02-26,5049,"{""type"":""MultiPoint"",""coordinates"":[]}"
5050_0,0.2870624,0.82030547,0.26743823,2024-02-26,5050,"{""type"":""MultiPoint"",""coordinates"":[]}"
5051_0,0.052359406,0.48858872,0.04308094,2024-02-26,5051,"{""type"":""MultiPoint"",""coordinates"":[]}"
5052_0,0.27305937,0.7393103,0.22605737,2024-02-26,5052,"{""type"":""MultiPoint"",""coordinates"":[]}"
5053_0,0.13555472,0.65260404,0.108725354,2024-02-26,5053,"{""type"":""MultiPoint"",""coordinates"":[]}"
5054_0,-0.14140645,0.38903862,-0.185029,2024-02-26,5054,"{""type"":""MultiPoint"",""coordinates"":[]}"
5055_0,0.16729023,0.733564,0.12521055,2024-02-26,5055,"{""type"":""MultiPoint"",""coordinates"":[]}"
5056_0,-0.25183016,0.29490873,-0.31101456,2024-02-26,5056,"{""type"":""MultiPoint"",""coordinates"":[]}"
5057_0,-0.26193047,0.2787821,-0.36990154,2024-02-26,5057,"{""type"":""MultiPoint"",""coordinates"":[]}"
5058_0,0.007952286,0.68481374,-0.029502785,2024-02-26,5058,"{""type"":""MultiPoint"",""coordinates"":[]}"
5059_0,-0.049950544,0.6091644,-0.28007236,2024-02-26,5059,"{""type"":""MultiPoint"",""coordinates"":[]}"
5060_0,-0.19403541,0.31118643,-0.24703135,2024-02-26,5060,"{""type"":""MultiPoint"",""coordinates"":[]}"
5061_0,0.2388785,0.7733746,0.16897959,2024-02-26,5061,"{""type"":""MultiPoint"",""coordinates"":[]}"
5062_0,0.26252806,0.8401207,0.2997159,2024-02-26,5062,"{""type"":""MultiPoint"",""coordinates"":[]}"
5063_0,0.35753292,0.80743396,0.33730948,2024-02-26,5063,"{""type"":""MultiPoint"",""coordinates"":[]}"
5064_0,0.31520316,0.8440617,0.32120818,2024-02-26,5064,"{""type"":""MultiPoint"",""coordinates"":[]}"
5065_0,-0.09510268,0.41386554,-0.12569016,2024-02-26,5065,"{""type"":""MultiPoint"",""coordinates"":[]}"
5066_0,0.10526316,0.76623374,0.09090909,2024-02-26,5066,"{""type"":""MultiPoint"",""coordinates"":[]}"
5067_0,-0.13193873,0.28842106,-0.16791299,2024-02-26,5067,"{""type"":""MultiPoint"",""coordinates"":[]}"
5068_0,-0.11386522,0.32833958,-0.14948042,2024-02-26,5068,"{""type"":""MultiPoint"",""coordinates"":[]}"
5069_0,-0.08444444,0.43247864,-0.13429752,2024-02-26,5069,"{""type"":""MultiPoint"",""coordinates"":[]}"
5070_0,-0.20836408,0.3381295,-0.30707824,2024-02-26,5070,"{""type"":""MultiPoint"",""coordinates"":[]}"
5071_0,-0.22279383,0.3380158,-0.3394018,2024-02-26,5071,"{""type"":""MultiPoint"",""coordinates"":[]}"
5072_0,-0.11137072,0.2764505,-0.20829806,2024-02-26,5072,"{""type"":""MultiPoint"",""coordinates"":[]}"
5073_0,-0.11369295,0.3205645,-0.12301255,2024-02-26,5073,"{""type"":""MultiPoint"",""coordinates"":[]}"
5074_0,-0.042679902,0.5030303,-0.0951264,2024-02-26,5074,"{""type"":""MultiPoint"",""coordinates"":[]}"
5075_0,-0.2177366,0.32525253,-0.16751269,2024-02-26,5075,"{""type"":""MultiPoint"",""coordinates"":[]}"
5076_0,-0.19141324,0.2991102,-0.16790882,2024-02-26,5076,"{""type"":""MultiPoint"",""coordinates"":[]}"
5077_0,-0.07921715,0.49695387,-0.14767095,2024-02-26,5077,"{""type"":""MultiPoint"",""coordinates"":[]}"
5078_0,0.11444142,0.5990801,0.124225274,2024-02-26,5078,"{""type"":""MultiPoint"",""coordinates"":[]}"
5079_0,0.05173786,0.66977614,8.3869166E-4,2024-02-26,5079,"{""type"":""MultiPoint"",""coordinates"":[]}"
5080_0,0.352513,0.78215384,0.21578506,2024-02-26,5080,"{""type"":""MultiPoint"",""coordinates"":[]}"
5081_0,-0.11835468,0.35580975,-0.12271134,2024-02-26,5081,"{""type"":""MultiPoint"",""coordinates"":[]}"
5082_0,-0.08319559,0.43615818,-0.07412129,2024-02-26,5082,"{""type"":""MultiPoint"",""coordinates"":[]}"
5083_0,-0.08344875,0.081259154,-0.0287687,2024-02-26,5083,"{""type"":""MultiPoint"",""coordinates"":[]}"
5084_0,-0.22304936,0.41493976,-0.2034726,2024-02-26,5084,"{""type"":""MultiPoint"",""coordinates"":[]}"
5085_0,0.3470074,0.83374083,0.21408337,2024-02-26,5085,"{""type"":""MultiPoint"",""coordinates"":[]}"
5086_0,-0.014829602,0.057249535,-0.023071947,2024-02-26,5086,"{""type"":""MultiPoint"",""coordinates"":[]}"
5087_0,0.21917808,0.66449934,0.16788322,2024-02-26,5087,"{""type"":""MultiPoint"",""coordinates"":[]}"
5088_0,-0.1352075,0.373297,-0.1810585,2024-02-26,5088,"{""type"":""MultiPoint"",""coordinates"":[]}"
5089_0,0.039007697,0.047530863,0.09439742,2024-02-26,5089,"{""type"":""MultiPoint"",""coordinates"":[]}"
5090_0,-0.1491228,0.2881145,-0.2439737,2024-02-26,5090,"{""type"":""MultiPoint"",""coordinates"":[]}"
5091_0,-0.13407966,0.43355483,-0.11577869,2024-02-26,5091,"{""type"":""MultiPoint"",""coordinates"":[]}"
5092_0,-0.053451177,0.44891232,-0.06487981,2024-02-26,5092,"{""type"":""MultiPoint"",""coordinates"":[]}"
5093_0,-0.037844036,0.56202805,-0.11111111,2024-02-26,5093,"{""type"":""MultiPoint"",""coordinates"":[]}"
5094_0,-0.12593174,0.44189283,-0.16147308,2024-02-26,5094,"{""type"":""MultiPoint"",""coordinates"":[]}"
5095_0,0.10110894,0.6786758,0.11154094,2024-02-26,5095,"{""type"":""MultiPoint"",""coordinates"":[]}"
5096_0,-0.10295475,0.27754533,-0.13195924,2024-02-26,5096,"{""type"":""MultiPoint"",""coordinates"":[]}"
5097_0,0.24413879,0.802969,0.2474323,2024-02-26,5097,"{""type"":""MultiPoint"",""coordinates"":[]}"
5098_0,0.2560307,0.81105447,0.25988546,2024-02-26,5098,"{""type"":""MultiPoint"",""coordinates"":[]}"
5099_0,-0.058705803,0.5196305,-0.09335171,2024-02-26,5099,"{""type"":""MultiPoint"",""coordinates"":[]}"
5100_0,0.34616458,0.8773006,0.3524862,2024-02-26,5100,"{""type"":""MultiPoint"",""coordinates"":[]}"
5101_0,0.11952924,0.8006349,0.08451243,2024-02-26,5101,"{""type"":""MultiPoint"",""coordinates"":[]}"
5102_0,0.1807791,0.7189151,0.16301239,2024-02-26,5102,"{""type"":""MultiPoint"",""coordinates"":[]}"
5103_0,-0.13997902,0.42518517,-0.17068966,2024-02-26,5103,"{""type"":""MultiPoint"",""coordinates"":[]}"
5104_0,0.0014201663,0.48675033,-0.071630746,2024-02-26,5104,"{""type"":""MultiPoint"",""coordinates"":[]}"
5105_0,0.42153645,0.7893756,0.37093896,2024-02-26,5105,"{""type"":""MultiPoint"",""coordinates"":[]}"
5106_0,0.32043254,0.78163546,0.24045801,2024-02-26,5106,"{""type"":""MultiPoint"",""coordinates"":[]}"
5107_0,-0.08349431,0.50993377,-0.16099356,2024-02-26,5107,"{""type"":""MultiPoint"",""coordinates"":[]}"
5108_0,0.21352921,0.7051705,0.14772306,2024-02-26,5108,"{""type"":""MultiPoint"",""coordinates"":[]}"
5109_0,0.47076714,0.87540984,0.49006838,2024-02-26,5109,"{""type"":""MultiPoint"",""coordinates"":[]}"
5110_0,-0.0051139006,0.6329206,0.018165303,2024-02-26,5110,"{""type"":""MultiPoint"",""coordinates"":[]}"
5111_0,0.4825,0.85463893,0.5232246,2024-02-26,5111,"{""type"":""MultiPoint"",""coordinates"":[]}"
5112_0,0.32739782,0.79591835,0.32411548,2024-02-26,5112,"{""type"":""MultiPoint"",""coordinates"":[]}"
5113_0,0.076394394,0.5901235,0.050285403,2024-02-26,5113,"{""type"":""MultiPoint"",""coordinates"":[]}"
5114_0,0.17863475,0.5652174,0.15252687,2024-02-26,5114,"{""type"":""MultiPoint"",""coordinates"":[]}"
5115_0,0.34927663,0.9003736,0.16133942,2024-02-26,5115,"{""type"":""MultiPoint"",""coordinates"":[]}"
5116_0,0.43578154,0.9051345,0.44456804,2024-02-26,5116,"{""type"":""MultiPoint"",""coordinates"":[]}"
5117_0,0.3205908,0.78299594,0.30488887,2024-02-26,5117,"{""type"":""MultiPoint"",""coordinates"":[]}"
5118_0,0.091573305,0.6476923,0.06912903,2024-02-26,5118,"{""type"":""MultiPoint"",""coordinates"":[]}"
5119_0,0.42730102,0.8681199,0.4537744,2024-02-26,5119,"{""type"":""MultiPoint"",""coordinates"":[]}"
5120_0,0.41039112,0.9055614,0.28520876,2024-02-26,5120,"{""type"":""MultiPoint"",""coordinates"":[]}"
5121_0,0.24901769,0.6655149,0.22366083,2024-02-26,5121,"{""type"":""MultiPoint"",""coordinates"":[]}"
5122_0,0.08846688,0.5933333,0.09683341,2024-02-26,5122,"{""type"":""MultiPoint"",""coordinates"":[]}"
5123_0,-0.061959654,0.44986302,-0.053986415,2024-02-26,5123,"{""type"":""MultiPoint"",""coordinates"":[]}"
5124_0,0.27506426,0.7638962,0.25593668,2024-02-26,5124,"{""type"":""MultiPoint"",""coordinates"":[]}"
5125_0,0.24509804,0.7718121,0.22834645,2024-02-26,5125,"{""type"":""MultiPoint"",""coordinates"":[]}"
5126_0,-0.07033528,0.4186791,-0.09283721,2024-02-26,5126,"{""type"":""MultiPoint"",""coordinates"":[]}"
5127_0,0.26496816,0.7754106,0.26823083,2024-02-26,5127,"{""type"":""MultiPoint"",""coordinates"":[]}"
5128_0,0.28456256,0.7679753,0.2517177,2024-02-26,5128,"{""type"":""MultiPoint"",""coordinates"":[]}"
5129_0,0.36927223,0.807379,0.28342974,2024-02-26,5129,"{""type"":""MultiPoint"",""coordinates"":[]}"
5142_0,0.33158308,0.81733954,0.36650908,2024-02-26,5142,"{""type"":""MultiPoint"",""coordinates"":[]}"
5471_0,-0.13671209,0.37437364,-0.16321638,2024-02-26,5471,"{""type"":""MultiPoint"",""coordinates"":[]}"
5472_0,-0.20500107,0.37919602,-0.25364432,2024-02-26,5472,"{""type"":""MultiPoint"",""coordinates"":[]}"
5473_0,0.2964124,0.49361515,0.2535107,2024-02-26,5473,"{""type"":""MultiPoint"",""coordinates"":[]}"
5474_0,0.09689508,0.75130785,0.12658556,2024-02-26,5474,"{""type"":""MultiPoint"",""coordinates"":[]}"
5475_0,0.20512201,0.6993007,0.19263804,2024-02-26,5475,"{""type"":""MultiPoint"",""coordinates"":[]}"
5476_0,0.3046595,0.82118297,0.26095238,2024-02-26,5476,"{""type"":""MultiPoint"",""coordinates"":[]}"
5477_0,0.3951636,0.82473224,0.55809605,2024-02-26,5477,"{""type"":""MultiPoint"",""coordinates"":[]}"
5478_0,0.03142041,0.34111187,0.02330453,2024-02-26,5478,"{""type"":""MultiPoint"",""coordinates"":[]}"
5479_0,-0.063570164,0.45360824,-0.08995563,2024-02-26,5479,"{""type"":""MultiPoint"",""coordinates"":[]}"
5480_0,0.076025344,0.45743272,0.08773663,2024-02-26,5480,"{""type"":""MultiPoint"",""coordinates"":[]}"
5481_0,-0.09555189,0.4365507,-0.152846,2024-02-26,5481,"{""type"":""MultiPoint"",""coordinates"":[]}"
5482_0,0.13424657,0.63656884,-0.04290429,2024-02-26,5482,"{""type"":""MultiPoint"",""coordinates"":[]}"
5483_0,-0.12619181,0.44647262,-0.15601613,2024-02-26,5483,"{""type"":""MultiPoint"",""coordinates"":[]}"
5484_0,-0.2208499,0.27213115,-0.25096524,2024-02-26,5484,"{""type"":""MultiPoint"",""coordinates"":[]}"
5485_0,0.052300785,0.61887735,0.034971427,2024-02-26,5485,"{""type"":""MultiPoint"",""coordinates"":[]}"
5486_0,0.21889095,0.7651297,0.24936257,2024-02-26,5486,"{""type"":""MultiPoint"",""coordinates"":[]}"
5487_0,-0.18066406,0.32459018,-0.19881012,2024-02-26,5487,"{""type"":""MultiPoint"",""coordinates"":[]}"
5488_0,0.03359031,0.60805863,2.8481914E-4,2024-02-26,5488,"{""type"":""MultiPoint"",""coordinates"":[]}"
5489_0,-0.11076923,0.38499752,-0.12847765,2024-02-26,5489,"{""type"":""MultiPoint"",""coordinates"":[]}"
5490_0,0.18432333,0.7276135,0.21785085,2024-02-26,5490,"{""type"":""MultiPoint"",""coordinates"":[]}"
5491_0,0.13089533,0.75077397,0.13525721,2024-02-26,5491,"{""type"":""MultiPoint"",""coordinates"":[]}"
5492_0,0.1918473,0.6790951,0.23209345,2024-02-26,5492,"{""type"":""MultiPoint"",""coordinates"":[]}"
5493_0,0.22007722,0.78507465,0.19361277,2024-02-26,5493,"{""type"":""MultiPoint"",""coordinates"":[]}"
5494_0,-0.18368948,0.22917801,-0.14421073,2024-02-26,5494,"{""type"":""MultiPoint"",""coordinates"":[]}"
5495_0,-0.13975628,0.3341853,-0.17811455,2024-02-26,5495,"{""type"":""MultiPoint"",""coordinates"":[]}"
5496_0,0.2927242,0.8044053,0.32428062,2024-02-26,5496,"{""type"":""MultiPoint"",""coordinates"":[]}"
5497_0,-0.1922159,0.30476847,-0.26465434,2024-02-26,5497,"{""type"":""MultiPoint"",""coordinates"":[]}"
5498_0,-0.030737706,0.26080477,-0.08639309,2024-02-26,5498,"{""type"":""MultiPoint"",""coordinates"":[]}"
5499_0,0.017879011,0.42669585,-0.012370613,2024-02-26,5499,"{""type"":""MultiPoint"",""coordinates"":[]}"
5500_0,-0.0066508316,0.5024612,-0.032902755,2024-02-26,5500,"{""type"":""MultiPoint"",""coordinates"":[]}"
5501_0,-0.024801841,0.49317738,-0.13348417,2024-02-26,5501,"{""type"":""MultiPoint"",""coordinates"":[]}"
5502_0,-0.12036389,0.34346846,-0.1460272,2024-02-26,5502,"{""type"":""MultiPoint"",""coordinates"":[]}"
5503_0,0.18253447,0.77669114,-0.06638116,2024-02-26,5503,"{""type"":""MultiPoint"",""coordinates"":[]}"
5504_0,0.18247011,0.68301433,0.1565968,2024-02-26,5504,"{""type"":""MultiPoint"",""coordinates"":[]}"
5505_0,-0.19009009,0.33545816,-0.22371468,2024-02-26,5505,"{""type"":""MultiPoint"",""coordinates"":[]}"
5506_0,-0.17841637,0.37242472,-0.24399826,2024-02-26,5506,"{""type"":""MultiPoint"",""coordinates"":[]}"
5507_0,-0.09408867,0.38554704,-0.12827025,2024-02-26,5507,"{""type"":""MultiPoint"",""coordinates"":[]}"
5508_0,0.006195787,0.5184867,-0.063378416,2024-02-26,5508,"{""type"":""MultiPoint"",""coordinates"":[]}"
5509_0,0.26660815,0.73490816,0.35694122,2024-02-26,5509,"{""type"":""MultiPoint"",""coordinates"":[]}"
5510_0,0.35696736,0.8333333,0.21909633,2024-02-26,5510,"{""type"":""MultiPoint"",""coordinates"":[]}"
5511_0,-0.008781559,0.5217571,-5.443658E-4,2024-02-26,5511,"{""type"":""MultiPoint"",""coordinates"":[]}"
5512_0,-0.19937937,0.37810218,-0.24176706,2024-02-26,5512,"{""type"":""MultiPoint"",""coordinates"":[]}"
5513_0,-0.11600832,0.41409692,-0.16442516,2024-02-26,5513,"{""type"":""MultiPoint"",""coordinates"":[]}"
5514_0,0.24110462,0.7846154,0.21332233,2024-02-26,5514,"{""type"":""MultiPoint"",""coordinates"":[]}"
5515_0,-0.0061791968,0.55421686,-0.0393617,2024-02-26,5515,"{""type"":""MultiPoint"",""coordinates"":[]}"
5516_0,0.14484426,0.7986315,0.13091579,2024-02-26,5516,"{""type"":""MultiPoint"",""coordinates"":[]}"
5517_0,0.007822149,0.5060936,-0.0130306855,2024-02-26,5517,"{""type"":""MultiPoint"",""coordinates"":[]}"
5518_0,-0.13493334,0.25437573,-0.19505803,2024-02-26,5518,"{""type"":""MultiPoint"",""coordinates"":[]}"
5519_0,0.15148127,0.54190874,0.1007109,2024-02-26,5519,"{""type"":""MultiPoint"",""coordinates"":[]}"
5520_0,-0.18849674,0.3647541,-0.26102635,2024-02-26,5520,"{""type"":""MultiPoint"",""coordinates"":[]}"
5521_0,-0.01944505,0.47615758,-0.04408145,2024-02-26,5521,"{""type"":""MultiPoint"",""coordinates"":[]}"
5522_0,-0.105346985,0.34795764,-0.15364522,2024-02-26,5522,"{""type"":""MultiPoint"",""coordinates"":[]}"
5523_0,0.041931383,0.56647396,0.037651565,2024-02-26,5523,"{""type"":""MultiPoint"",""coordinates"":[]}"
5524_0,-0.10864745,0.43423423,-0.11358575,2024-02-26,5524,"{""type"":""MultiPoint"",""coordinates"":[]}"
5525_0,0.24152291,0.79879624,0.24264924,2024-02-26,5525,"{""type"":""MultiPoint"",""coordinates"":[]}"
5526_0,0.03528827,0.405628,0.026823765,2024-02-26,5526,"{""type"":""MultiPoint"",""coordinates"":[]}"
5527_0,-0.118644066,0.5168539,-0.14691943,2024-02-26,5527,"{""type"":""MultiPoint"",""coordinates"":[]}"
5528_0,-0.12664181,0.3352081,-0.18809849,2024-02-26,5528,"{""type"":""MultiPoint"",""coordinates"":[]}"
5529_0,-0.08606778,0.36498517,-0.11270323,2024-02-26,5529,"{""type"":""MultiPoint"",""coordinates"":[]}"
5530_0,0.21459228,0.62256324,0.28094304,2024-02-26,5530,"{""type"":""MultiPoint"",""coordinates"":[]}"
5531_0,0.093419984,0.7644645,0.124476984,2024-02-26,5531,"{""type"":""MultiPoint"",""coordinates"":[]}"
5532_0,-0.12515189,0.3686636,-0.1539968,2024-02-26,5532,"{""type"":""MultiPoint"",""coordinates"":[]}"
5533_0,-0.12382353,0.30092797,-0.12963784,2024-02-26,5533,"{""type"":""MultiPoint"",""coordinates"":[]}"
5534_0,-0.26408353,0.3412399,-0.2979684,2024-02-26,5534,"{""type"":""MultiPoint"",""coordinates"":[]}"
5535_0,-0.08223684,0.51622874,-0.1458424,2024-02-26,5535,"{""type"":""MultiPoint"",""coordinates"":[]}"
5536_0,-0.17275204,0.19848567,-0.18589273,2024-02-26,5536,"{""type"":""MultiPoint"",""coordinates"":[]}"
5537_0,0.04168439,0.50631136,-0.023858214,2024-02-26,5537,"{""type"":""MultiPoint"",""coordinates"":[]}"
5538_0,-0.20575258,0.24400872,-0.23522519,2024-02-26,5538,"{""type"":""MultiPoint"",""coordinates"":[]}"
5539_0,0.27249274,0.78780115,0.21448468,2024-02-26,5539,"{""type"":""MultiPoint"",""coordinates"":[]}"
5540_0,0.024798155,0.532635,0.058725297,2024-02-26,5540,"{""type"":""MultiPoint"",""coordinates"":[]}"
5541_0,-0.0342131,0.5107008,-0.080694586,2024-02-26,5541,"{""type"":""MultiPoint"",""coordinates"":[]}"
5542_0,-0.055126224,0.51024044,-0.094017096,2024-02-26,5542,"{""type"":""MultiPoint"",""coordinates"":[]}"
5543_0,-0.1775641,0.21783182,-0.20895031,2024-02-26,5543,"{""type"":""MultiPoint"",""coordinates"":[]}"
5544_0,-0.030192608,0.5153584,-0.12029437,2024-02-26,5544,"{""type"":""MultiPoint"",""coordinates"":[]}"
5545_0,-0.032425422,0.597392,-0.0075949365,2024-02-26,5545,"{""type"":""MultiPoint"",""coordinates"":[]}"
5546_0,0.1555384,0.54573303,0.23496504,2024-02-26,5546,"{""type"":""MultiPoint"",""coordinates"":[]}"
5547_0,-0.2193968,0.26760563,-0.25846812,2024-02-26,5547,"{""type"":""MultiPoint"",""coordinates"":[]}"
5548_0,0.10789369,0.25394237,0.012513721,2024-02-26,5548,"{""type"":""MultiPoint"",""coordinates"":[]}"
5549_0,-0.13005224,0.46332046,-0.15093811,2024-02-26,5549,"{""type"":""MultiPoint"",""coordinates"":[]}"
5550_0,-0.22280702,0.23625557,-0.2524708,2024-02-26,5550,"{""type"":""MultiPoint"",""coordinates"":[]}"
5551_0,-0.19165659,0.35152838,-0.22842006,2024-02-26,5551,"{""type"":""MultiPoint"",""coordinates"":[]}"
5552_0,-0.14919053,0.39583334,-0.17854406,2024-02-26,5552,"{""type"":""MultiPoint"",""coordinates"":[]}"
5553_0,-0.19934101,0.37996545,-0.22913651,2024-02-26,5553,"{""type"":""MultiPoint"",""coordinates"":[]}"
5554_0,-0.18297009,0.4141601,-0.20870015,2024-02-26,5554,"{""type"":""MultiPoint"",""coordinates"":[]}"
5555_0,-0.004637681,0.63091785,-0.0131540485,2024-02-26,5555,"{""type"":""MultiPoint"",""coordinates"":[]}"
5556_0,-0.1408046,0.43449298,-0.17829129,2024-02-26,5556,"{""type"":""MultiPoint"",""coordinates"":[]}"
5557_0,-0.17714904,0.32157394,-0.25278097,2024-02-26,5557,"{""type"":""MultiPoint"",""coordinates"":[]}"
5558_0,-0.09652684,0.32014653,-0.14859438,2024-02-26,5558,"{""type"":""MultiPoint"",""coordinates"":[]}"
5559_0,-0.08660914,0.479092,-0.15724982,2024-02-26,5559,"{""type"":""MultiPoint"",""coordinates"":[]}"
5560_0,-0.11182266,0.43035343,-0.2424993,2024-02-26,5560,"{""type"":""MultiPoint"",""coordinates"":[]}"
5561_0,-0.13717924,0.36162007,-0.16367225,2024-02-26,5561,"{""type"":""MultiPoint"",""coordinates"":[]}"
5562_0,-0.061320756,0.45861602,-0.07027027,2024-02-26,5562,"{""type"":""MultiPoint"",""coordinates"":[]}"
5563_0,0.058135536,0.62203026,0.046325322,2024-02-26,5563,"{""type"":""MultiPoint"",""coordinates"":[]}"
5564_0,0.13807012,0.7452357,0.11217641,2024-02-26,5564,"{""type"":""MultiPoint"",""coordinates"":[]}"
5565_0,-0.12454315,0.40328467,-0.13058224,2024-02-26,5565,"{""type"":""MultiPoint"",""coordinates"":[]}"
5566_0,0.13127303,0.6210164,0.10251904,2024-02-26,5566,"{""type"":""MultiPoint"",""coordinates"":[]}"
5567_0,-0.037018996,0.489426,-0.038283344,2024-02-26,5567,"{""type"":""MultiPoint"",""coordinates"":[]}"
5568_0,-0.05687754,0.5212264,-0.17068467,2024-02-26,5568,"{""type"":""MultiPoint"",""coordinates"":[]}"
5569_0,0.028016644,0.6590229,-0.025761124,2024-02-26,5569,"{""type"":""MultiPoint"",""coordinates"":[]}"
5570_0,-0.21691678,0.35200748,-0.21261555,2024-02-26,5570,"{""type"":""MultiPoint"",""coordinates"":[]}"
5571_0,-0.18375693,0.4208417,-0.17653891,2024-02-26,5571,"{""type"":""MultiPoint"",""coordinates"":[]}"
5572_0,0.4089347,0.8405229,0.38129497,2024-02-26,5572,"{""type"":""MultiPoint"",""coordinates"":[]}"
5573_0,0.28575304,0.85398984,0.248,2024-02-26,5573,"{""type"":""MultiPoint"",""coordinates"":[]}"
5574_0,0.24693422,0.7076532,0.27071524,2024-02-26,5574,"{""type"":""MultiPoint"",""coordinates"":[]}"
5575_0,0.17292929,0.84641635,0.027784374,2024-02-26,5575,"{""type"":""MultiPoint"",""coordinates"":[]}"
5576_0,0.28659162,0.7463698,0.44262296,2024-02-26,5576,"{""type"":""MultiPoint"",""coordinates"":[]}"
5577_0,0.34408602,0.7881773,0.3548989,2024-02-26,5577,"{""type"":""MultiPoint"",""coordinates"":[]}"
5578_0,0.21561451,0.7637564,0.30298102,2024-02-26,5578,"{""type"":""MultiPoint"",""coordinates"":[]}"
5579_0,0.151101,0.68429893,0.089329354,2024-02-26,5579,"{""type"":""MultiPoint"",""coordinates"":[]}"
5580_0,0.23809524,0.71915746,0.27057078,2024-02-26,5580,"{""type"":""MultiPoint"",""coordinates"":[]}"
5581_0,0.34920156,0.82046676,0.30501932,2024-02-26,5581,"{""type"":""MultiPoint"",""coordinates"":[]}"
5582_0,0.027135678,0.52671754,-0.0093847755,2024-02-26,5582,"{""type"":""MultiPoint"",""coordinates"":[]}"
5583_0,0.34240946,0.89139074,0.38104448,2024-02-26,5583,"{""type"":""MultiPoint"",""coordinates"":[]}"
5584_0,-0.07940371,0.4851592,-0.12634921,2024-02-26,5584,"{""type"":""MultiPoint"",""coordinates"":[]}"
5585_0,0.15846209,0.62174666,0.08977847,2024-02-26,5585,"{""type"":""MultiPoint"",""coordinates"":[]}"
5586_0,0.089192025,0.5551537,0.08631579,2024-02-26,5586,"{""type"":""MultiPoint"",""coordinates"":[]}"
5587_0,0.16579008,0.6936416,0.12476008,2024-02-26,5587,"{""type"":""MultiPoint"",""coordinates"":[]}"
5588_0,0.3690026,0.79530203,0.32713178,2024-02-26,5588,"{""type"":""MultiPoint"",""coordinates"":[]}"
5589_0,0.33996382,0.8638673,0.30674264,2024-02-26,5589,"{""type"":""MultiPoint"",""coordinates"":[]}"
5590_0,0.14752688,0.74610245,0.22547871,2024-02-26,5590,"{""type"":""MultiPoint"",""coordinates"":[]}"
5591_0,-0.031067962,0.48669797,-0.055666003,2024-02-26,5591,"{""type"":""MultiPoint"",""coordinates"":[]}"
5592_0,0.18613037,0.6520826,0.23334204,2024-02-26,5592,"{""type"":""MultiPoint"",""coordinates"":[]}"
5593_0,0.23889312,0.732019,0.22552311,2024-02-26,5593,"{""type"":""MultiPoint"",""coordinates"":[]}"
5594_0,0.20657673,0.6290421,0.17311072,2024-02-26,5594,"{""type"":""MultiPoint"",""coordinates"":[]}"
5595_0,0.42437232,0.8468647,0.49705726,2024-02-26,5595,"{""type"":""MultiPoint"",""coordinates"":[]}"
5596_0,0.24541797,0.8500395,0.16269842,2024-02-26,5596,"{""type"":""MultiPoint"",""coordinates"":[]}"
5597_0,0.23054418,0.70366067,0.054297015,2024-02-26,5597,"{""type"":""MultiPoint"",""coordinates"":[]}"
5598_0,0.22985229,0.74068326,0.2027897,2024-02-26,5598,"{""type"":""MultiPoint"",""coordinates"":[]}"
5599_0,-0.019783698,0.54417837,-0.016565869,2024-02-26,5599,"{""type"":""MultiPoint"",""coordinates"":[]}"
5600_0,0.3202203,0.7765593,0.33333334,2024-02-26,5600,"{""type"":""MultiPoint"",""coordinates"":[]}"
5601_0,0.063317634,0.6985871,0.09458776,2024-02-26,5601,"{""type"":""MultiPoint"",""coordinates"":[]}"
5602_0,0.25403467,0.7836718,0.26588234,2024-02-26,5602,"{""type"":""MultiPoint"",""coordinates"":[]}"
5603_0,0.033719175,0.5345912,0.008264462,2024-02-26,5603,"{""type"":""MultiPoint"",""coordinates"":[]}"
5604_0,0.4070773,0.85598874,0.40047708,2024-02-26,5604,"{""type"":""MultiPoint"",""coordinates"":[]}"
5605_0,0.2971787,0.7847604,0.33922783,2024-02-26,5605,"{""type"":""MultiPoint"",""coordinates"":[]}"
5606_0,0.06633349,0.5762595,0.052777138,2024-02-26,5606,"{""type"":""MultiPoint"",""coordinates"":[]}"
5607_0,0.25463092,0.75176424,0.2203586,2024-02-26,5607,"{""type"":""MultiPoint"",""coordinates"":[]}"
5608_0,0.3227848,0.8257694,0.3430545,2024-02-26,5608,"{""type"":""MultiPoint"",""coordinates"":[]}"
5609_0,0.10153703,0.6560102,0.1462713,2024-02-26,5609,"{""type"":""MultiPoint"",""coordinates"":[]}"
5610_0,0.22196442,0.76511055,0.28194147,2024-02-26,5610,"{""type"":""MultiPoint"",""coordinates"":[]}"
5611_0,0.40017906,0.869316,0.41756013,2024-02-26,5611,"{""type"":""MultiPoint"",""coordinates"":[]}"
5612_0,0.13333334,0.72617745,0.039577838,2024-02-26,5612,"{""type"":""MultiPoint"",""coordinates"":[]}"
5613_0,0.30652604,0.7986042,0.26330534,2024-02-26,5613,"{""type"":""MultiPoint"",""coordinates"":[]}"
5614_0,0.32546374,0.85641605,0.34479934,2024-02-26,5614,"{""type"":""MultiPoint"",""coordinates"":[]}"
5615_0,0.029598309,0.5375238,-0.06422444,2024-02-26,5615,"{""type"":""MultiPoint"",""coordinates"":[]}"
5616_0,0.2822757,0.82304525,0.21369863,2024-02-26,5616,"{""type"":""MultiPoint"",""coordinates"":[]}"
5617_0,0.23354565,0.7982018,0.24869928,2024-02-26,5617,"{""type"":""MultiPoint"",""coordinates"":[]}"
5618_0,0.044532627,0.4861461,0.04263309,2024-02-26,5618,"{""type"":""MultiPoint"",""coordinates"":[]}"
5619_0,-0.050491802,0.44683808,-0.07157191,2024-02-26,5619,"{""type"":""MultiPoint"",""coordinates"":[]}"
5620_0,0.07265388,0.56068504,0.065582104,2024-02-26,5620,"{""type"":""MultiPoint"",""coordinates"":[]}"
5621_0,0.24661091,0.77889025,0.24025597,2024-02-26,5621,"{""type"":""MultiPoint"",""coordinates"":[]}"
5622_0,0.21388312,0.73830974,0.20919129,2024-02-26,5622,"{""type"":""MultiPoint"",""coordinates"":[]}"
5623_0,0.16924842,0.69257045,0.15568513,2024-02-26,5623,"{""type"":""MultiPoint"",""coordinates"":[]}"
5624_0,-0.058660325,0.47620633,-0.092656985,2024-02-26,5624,"{""type"":""MultiPoint"",""coordinates"":[]}"
5625_0,0.11105734,0.5977377,0.10324628,2024-02-26,5625,"{""type"":""MultiPoint"",""coordinates"":[]}"
5626_0,0.3951448,0.87463677,0.37181044,2024-02-26,5626,"{""type"":""MultiPoint"",""coordinates"":[]}"
5627_0,0.05662002,0.56229824,0.04966385,2024-02-26,5627,"{""type"":""MultiPoint"",""coordinates"":[]}"
5628_0,0.35013834,0.7956449,0.33958137,2024-02-26,5628,"{""type"":""MultiPoint"",""coordinates"":[]}"
5629_0,0.24190593,0.7684004,0.18435754,2024-02-26,5629,"{""type"":""MultiPoint"",""coordinates"":[]}"
5630_0,0.32615384,0.7155361,0.2831424,2024-02-26,5630,"{""type"":""MultiPoint"",""coordinates"":[]}"
5631_0,0.37977964,0.8215063,0.3722532,2024-02-26,5631,"{""type"":""MultiPoint"",""coordinates"":[]}"
5632_0,0.3219512,0.76534575,0.28980982,2024-02-26,5632,"{""type"":""MultiPoint"",""coordinates"":[]}"
5633_0,0.35706732,0.8174603,0.33527696,2024-02-26,5633,"{""type"":""MultiPoint"",""coordinates"":[]}"
6156_0,-0.17849554,0.4090909,-0.21330124,2024-02-26,6156,"{""type"":""MultiPoint"",""coordinates"":[]}"
6157_0,0.26924306,0.8044826,0.24637681,2024-02-26,6157,"{""type"":""MultiPoint"",""coordinates"":[]}"
6158_0,0.055068836,0.60078025,0.041675482,2024-02-26,6158,"{""type"":""MultiPoint"",""coordinates"":[]}"
6159_0,0.30892324,0.85441804,0.30306345,2024-02-26,6159,"{""type"":""MultiPoint"",""coordinates"":[]}"
6160_0,-0.25255474,0.33791327,-0.31681648,2024-02-26,6160,"{""type"":""MultiPoint"",""coordinates"":[]}"
6161_0,-0.23666416,0.36960602,-0.25680834,2024-02-26,6161,"{""type"":""MultiPoint"",""coordinates"":[]}"
6162_0,-0.08579089,0.47329378,-0.10054348,2024-02-26,6162,"{""type"":""MultiPoint"",""coordinates"":[]}"
6163_0,-0.21913825,0.38297874,-0.27897948,2024-02-26,6163,"{""type"":""MultiPoint"",""coordinates"":[]}"
6164_0,-0.2139759,0.41410488,-0.23389664,2024-02-26,6164,"{""type"":""MultiPoint"",""coordinates"":[]}"
6165_0,0.20572846,0.71702635,0.19665737,2024-02-26,6165,"{""type"":""MultiPoint"",""coordinates"":[]}"
6166_0,0.48809522,0.88535035,0.4860148,2024-02-26,6166,"{""type"":""MultiPoint"",""coordinates"":[]}"
6167_0,0.3016052,0.8534554,0.28447777,2024-02-26,6167,"{""type"":""MultiPoint"",""coordinates"":[]}"
6168_0,0.10952146,0.58302855,0.090450995,2024-02-26,6168,"{""type"":""MultiPoint"",""coordinates"":[]}"
6169_0,0.16743058,0.6622964,0.15071507,2024-02-26,6169,"{""type"":""MultiPoint"",""coordinates"":[]}"
6170_0,-0.03930131,0.4248804,-0.10664467,2024-02-26,6170,"{""type"":""MultiPoint"",""coordinates"":[]}"
6171_0,0.07749238,0.6502301,0.084467486,2024-02-26,6171,"{""type"":""MultiPoint"",""coordinates"":[]}"
6172_0,-0.00465437,0.42871794,-0.022456141,2024-02-26,6172,"{""type"":""MultiPoint"",""coordinates"":[]}"
6173_0,-0.037695892,0.5445545,-0.057401814,2024-02-26,6173,"{""type"":""MultiPoint"",""coordinates"":[]}"
6174_0,0.015499533,0.5721562,0.026228298,2024-02-26,6174,"{""type"":""MultiPoint"",""coordinates"":[]}"
6175_0,-0.16241299,0.41713014,-0.22269677,2024-02-26,6175,"{""type"":""MultiPoint"",""coordinates"":[]}"
6176_0,0.023957834,0.5608999,-0.006174364,2024-02-26,6176,"{""type"":""MultiPoint"",""coordinates"":[]}"
6177_0,-0.07677961,0.38537794,-0.21543859,2024-02-26,6177,"{""type"":""MultiPoint"",""coordinates"":[]}"
6178_0,0.14366198,0.63752395,0.1690205,2024-02-26,6178,"{""type"":""MultiPoint"",""coordinates"":[]}"
6179_0,0.21728471,0.7856817,0.21051005,2024-02-26,6179,"{""type"":""MultiPoint"",""coordinates"":[]}"
6180_0,-0.15158637,0.24665391,-0.2009804,2024-02-26,6180,"{""type"":""MultiPoint"",""coordinates"":[]}"
6181_0,0.06833003,0.6383634,0.062482167,2024-02-26,6181,"{""type"":""MultiPoint"",""coordinates"":[]}"
6182_0,-0.12890095,0.4433151,-0.1497006,2024-02-26,6182,"{""type"":""MultiPoint"",""coordinates"":[]}"
6183_0,0.4011628,0.87323207,0.36906585,2024-02-26,6183,"{""type"":""MultiPoint"",""coordinates"":[]}"
6184_0,0.10424967,0.7131474,0.12088628,2024-02-26,6184,"{""type"":""MultiPoint"",""coordinates"":[]}"
6185_0,0.035916824,0.6978417,-0.15796302,2024-02-26,6185,"{""type"":""MultiPoint"",""coordinates"":[]}"
6186_0,0.06324687,0.58614403,0.03973708,2024-02-26,6186,"{""type"":""MultiPoint"",""coordinates"":[]}"
6187_0,0.14064436,0.68474406,0.0901935,2024-02-26,6187,"{""type"":""MultiPoint"",""coordinates"":[]}"
6188_0,0.17701682,0.7893821,0.18364997,2024-02-26,6188,"{""type"":""MultiPoint"",""coordinates"":[]}"
6189_0,0.12494651,0.5785075,0.12774579,2024-02-26,6189,"{""type"":""MultiPoint"",""coordinates"":[]}"
6190_0,0.3975666,0.8376916,0.37982395,2024-02-26,6190,"{""type"":""MultiPoint"",""coordinates"":[]}"
6191_0,-0.1820236,0.3026087,-0.22222222,2024-02-26,6191,"{""type"":""MultiPoint"",""coordinates"":[]}"
6192_0,-0.18558776,0.26155794,-0.1930322,2024-02-26,6192,"{""type"":""MultiPoint"",""coordinates"":[]}"
6193_0,0.21549512,0.719685,0.034417428,2024-02-26,6193,"{""type"":""MultiPoint"",""coordinates"":[]}"
6194_0,0.024436992,0.5930144,0.014997581,2024-02-26,6194,"{""type"":""MultiPoint"",""coordinates"":[]}"
6195_0,0.071806945,0.56431925,0.027443726,2024-02-26,6195,"{""type"":""MultiPoint"",""coordinates"":[]}"
6196_0,-0.021904763,0.557793,-0.051960785,2024-02-26,6196,"{""type"":""MultiPoint"",""coordinates"":[]}"
6197_0,0.19570488,0.62530893,0.17219251,2024-02-26,6197,"{""type"":""MultiPoint"",""coordinates"":[]}"
6198_0,0.021692637,0.57313704,0.03292057,2024-02-26,6198,"{""type"":""MultiPoint"",""coordinates"":[]}"
6199_0,0.21594684,0.8252052,0.3338038,2024-02-26,6199,"{""type"":""MultiPoint"",""coordinates"":[]}"
6200_0,0.35686037,0.8543273,0.34368208,2024-02-26,6200,"{""type"":""MultiPoint"",""coordinates"":[]}"
6201_0,-0.13553277,0.43771628,-0.21026371,2024-02-26,6201,"{""type"":""MultiPoint"",""coordinates"":[]}"
6202_0,0.03926097,0.578022,-0.073548384,2024-02-26,6202,"{""type"":""MultiPoint"",""coordinates"":[]}"
6203_0,0.2827298,0.7773655,-0.036217302,2024-02-26,6203,"{""type"":""MultiPoint"",""coordinates"":[]}"
6204_0,-0.029885057,0.5719844,-0.051643193,2024-02-26,6204,"{""type"":""MultiPoint"",""coordinates"":[]}"
6205_0,0.23830049,0.79184735,0.25098395,2024-02-26,6205,"{""type"":""MultiPoint"",""coordinates"":[]}"
6206_0,-0.117232546,0.40860975,-0.13443191,2024-02-26,6206,"{""type"":""MultiPoint"",""coordinates"":[]}"
6207_0,0.15848807,0.7589577,0.12149533,2024-02-26,6207,"{""type"":""MultiPoint"",""coordinates"":[]}"
6208_0,-0.056356806,0.20263158,-0.08759671,2024-02-26,6208,"{""type"":""MultiPoint"",""coordinates"":[]}"
6209_0,0.26201048,0.67105263,0.16300367,2024-02-26,6209,"{""type"":""MultiPoint"",""coordinates"":[]}"
6210_0,0.2431843,0.61864406,0.29447645,2024-02-26,6210,"{""type"":""MultiPoint"",""coordinates"":[]}"
6211_0,-0.08783784,0.42707554,-0.11727966,2024-02-26,6211,"{""type"":""MultiPoint"",""coordinates"":[]}"
6212_0,-0.19884726,0.31800264,-0.18422122,2024-02-26,6212,"{""type"":""MultiPoint"",""coordinates"":[]}"
6213_0,-0.05574994,0.46569568,-0.08407186,2024-02-26,6213,"{""type"":""MultiPoint"",""coordinates"":[]}"
6214_0,-0.15158159,0.2923077,-0.31110716,2024-02-26,6214,"{""type"":""MultiPoint"",""coordinates"":[]}"
6215_0,0.25822902,0.7555792,0.21530162,2024-02-26,6215,"{""type"":""MultiPoint"",""coordinates"":[]}"
6216_0,0.2591116,0.8109925,0.27541074,2024-02-26,6216,"{""type"":""MultiPoint"",""coordinates"":[]}"
6217_0,-0.018127639,0.47343567,-0.045385007,2024-02-26,6217,"{""type"":""MultiPoint"",""coordinates"":[]}"
6218_0,-0.1390484,0.24005134,-0.17944361,2024-02-26,6218,"{""type"":""MultiPoint"",""coordinates"":[]}"
6219_0,0.05467372,0.6857639,0.017286537,2024-02-26,6219,"{""type"":""MultiPoint"",""coordinates"":[]}"
6220_0,0.34458995,0.77560973,0.3136052,2024-02-26,6220,"{""type"":""MultiPoint"",""coordinates"":[]}"
6221_0,0.30718955,0.7678812,0.24465558,2024-02-26,6221,"{""type"":""MultiPoint"",""coordinates"":[]}"
6222_0,-0.096497625,0.099378884,0.02915287,2024-02-26,6222,"{""type"":""MultiPoint"",""coordinates"":[]}"
6223_0,0.08192091,0.6711968,0.07958086,2024-02-26,6223,"{""type"":""MultiPoint"",""coordinates"":[]}"
6224_0,-0.04043243,0.52167416,-0.083295815,2024-02-26,6224,"{""type"":""MultiPoint"",""coordinates"":[]}"
6225_0,0.043878492,0.69048846,0.026858214,2024-02-26,6225,"{""type"":""MultiPoint"",""coordinates"":[]}"
6226_0,0.043786384,0.554854,0.020989893,2024-02-26,6226,"{""type"":""MultiPoint"",""coordinates"":[]}"
6227_0,0.053978596,0.53148615,0.02283105,2024-02-26,6227,"{""type"":""MultiPoint"",""coordinates"":[]}"
6228_0,0.28470826,0.8043478,0.32987747,2024-02-26,6228,"{""type"":""MultiPoint"",""coordinates"":[]}"
6229_0,-0.06838759,0.34902883,-0.09496545,2024-02-26,6229,"{""type"":""MultiPoint"",""coordinates"":[]}"
6230_0,0.32292044,0.819398,0.4002574,2024-02-26,6230,"{""type"":""MultiPoint"",""coordinates"":[]}"
6231_0,0.32717475,0.8256546,0.35498154,2024-02-26,6231,"{""type"":""MultiPoint"",""coordinates"":[]}"
6232_0,0.0041169208,0.6331361,-0.015320042,2024-02-26,6232,"{""type"":""MultiPoint"",""coordinates"":[]}"
6233_0,-0.03406271,0.57060283,-0.09298999,2024-02-26,6233,"{""type"":""MultiPoint"",""coordinates"":[]}"
6234_0,-0.2160464,0.30289018,-0.25215662,2024-02-26,6234,"{""type"":""MultiPoint"",""coordinates"":[]}"
6235_0,-0.092404716,0.44840887,-0.14024042,2024-02-26,6235,"{""type"":""MultiPoint"",""coordinates"":[]}"
6236_0,0.04252999,0.7096774,0.012928612,2024-02-26,6236,"{""type"":""MultiPoint"",""coordinates"":[]}"
6237_0,-0.12233677,0.47715735,-0.16767965,2024-02-26,6237,"{""type"":""MultiPoint"",""coordinates"":[]}"
6238_0,-0.06581439,0.46794626,-0.08143166,2024-02-26,6238,"{""type"":""MultiPoint"",""coordinates"":[]}"
6239_0,-0.2451666,0.26758522,-0.2678534,2024-02-26,6239,"{""type"":""MultiPoint"",""coordinates"":[]}"
6240_0,-0.040816326,0.50491804,-0.064935066,2024-02-26,6240,"{""type"":""MultiPoint"",""coordinates"":[]}"
6241_0,-0.12935182,0.4554102,-0.23951538,2024-02-26,6241,"{""type"":""MultiPoint"",""coordinates"":[]}"
6242_0,-0.1876583,0.38006756,-0.22430572,2024-02-26,6242,"{""type"":""MultiPoint"",""coordinates"":[]}"
6243_0,-0.025494277,0.5875,-0.051480394,2024-02-26,6243,"{""type"":""MultiPoint"",""coordinates"":[]}"
6244_0,-0.09199734,0.4496124,-0.13685668,2024-02-26,6244,"{""type"":""MultiPoint"",""coordinates"":[]}"
6245_0,0.081547454,0.64093024,0.033391915,2024-02-26,6245,"{""type"":""MultiPoint"",""coordinates"":[]}"
6246_0,-0.14155251,0.36373666,-0.17213663,2024-02-26,6246,"{""type"":""MultiPoint"",""coordinates"":[]}"
6247_0,-0.04715519,0.35131896,-0.024031175,2024-02-26,6247,"{""type"":""MultiPoint"",""coordinates"":[]}"
6248_0,0.030392338,0.6021314,0.01386287,2024-02-26,6248,"{""type"":""MultiPoint"",""coordinates"":[]}"
6249_0,-0.032179225,0.69007266,0.048441608,2024-02-26,6249,"{""type"":""MultiPoint"",""coordinates"":[]}"
6250_0,-0.02119864,0.6077227,-0.031456515,2024-02-26,6250,"{""type"":""MultiPoint"",""coordinates"":[]}"
6251_0,-0.13342282,0.44595185,-0.12197714,2024-02-26,6251,"{""type"":""MultiPoint"",""coordinates"":[]}"
6252_0,0.056233265,0.63616794,-0.021249196,2024-02-26,6252,"{""type"":""MultiPoint"",""coordinates"":[]}"
6253_0,-0.20712318,0.33172303,-0.2650522,2024-02-26,6253,"{""type"":""MultiPoint"",""coordinates"":[]}"
6254_0,-0.09402795,0.14147286,-0.04596072,2024-02-26,6254,"{""type"":""MultiPoint"",""coordinates"":[]}"
6255_0,-0.23200428,0.3368984,-0.21094161,2024-02-26,6255,"{""type"":""MultiPoint"",""coordinates"":[]}"
6256_0,-0.047425818,0.5117057,-0.13243762,2024-02-26,6256,"{""type"":""MultiPoint"",""coordinates"":[]}"
6257_0,-0.019734904,0.532197,-0.033741415,2024-02-26,6257,"{""type"":""MultiPoint"",""coordinates"":[]}"
6258_0,-0.03048037,0.5398521,-0.05994482,2024-02-26,6258,"{""type"":""MultiPoint"",""coordinates"":[]}"
6259_0,0.3224249,0.73699015,0.32333243,2024-02-26,6259,"{""type"":""MultiPoint"",""coordinates"":[]}"
6260_0,6.2150403E-4,0.48599875,-0.005,2024-02-26,6260,"{""type"":""MultiPoint"",""coordinates"":[]}"
6261_0,-0.022974607,0.5354523,-0.0051485146,2024-02-26,6261,"{""type"":""MultiPoint"",""coordinates"":[]}"
6262_0,0.15292747,0.69919425,0.13245824,2024-02-26,6262,"{""type"":""MultiPoint"",""coordinates"":[]}"
6263_0,0.17892079,0.6956957,0.1312187,2024-02-26,6263,"{""type"":""MultiPoint"",""coordinates"":[]}"
6264_0,-0.010638298,0.45992115,-0.012883163,2024-02-26,6264,"{""type"":""MultiPoint"",""coordinates"":[]}"
6265_0,0.25330687,0.7491459,0.22697707,2024-02-26,6265,"{""type"":""MultiPoint"",""coordinates"":[]}"
6266_0,-0.01871315,0.60188454,-0.18733194,2024-02-26,6266,"{""type"":""MultiPoint"",""coordinates"":[]}"
6267_0,0.32791877,0.7833566,0.31776023,2024-02-26,6267,"{""type"":""MultiPoint"",""coordinates"":[]}"
6268_0,-0.12223091,0.46975353,-0.044892017,2024-02-26,6268,"{""type"":""MultiPoint"",""coordinates"":[]}"
6269_0,-0.1839369,0.43028685,-0.21263312,2024-02-26,6269,"{""type"":""MultiPoint"",""coordinates"":[]}"
6270_0,0.15740162,0.7352941,0.13497916,2024-02-26,6270,"{""type"":""MultiPoint"",""coordinates"":[]}"
6271_0,0.23659517,0.74811625,0.17553385,2024-02-26,6271,"{""type"":""MultiPoint"",""coordinates"":[]}"
6272_0,-0.11161436,0.39043382,-0.15768194,2024-02-26,6272,"{""type"":""MultiPoint"",""coordinates"":[]}"
6273_0,-0.10158383,0.4002596,-0.10976616,2024-02-26,6273,"{""type"":""MultiPoint"",""coordinates"":[]}"
6274_0,0.08201358,0.64998174,0.16361763,2024-02-26,6274,"{""type"":""MultiPoint"",""coordinates"":[]}"
6275_0,-0.11591791,0.5102459,-0.15433161,2024-02-26,6275,"{""type"":""MultiPoint"",""coordinates"":[]}"
6276_0,-0.22295979,0.26617745,-0.24532804,2024-02-26,6276,"{""type"":""MultiPoint"",""coordinates"":[]}"
6277_0,-0.039760835,0.44584838,-0.041005686,2024-02-26,6277,"{""type"":""MultiPoint"",""coordinates"":[]}"
6278_0,0.36070383,0.8847027,0.311434,2024-02-26,6278,"{""type"":""MultiPoint"",""coordinates"":[]}"
6279_0,0.0731042,0.5019889,0.05269027,2024-02-26,6279,"{""type"":""MultiPoint"",""coordinates"":[]}"
6280_0,0.31320283,0.8335419,0.2797554,2024-02-26,6280,"{""type"":""MultiPoint"",""coordinates"":[]}"
6281_0,-0.07861937,0.5967228,-0.123876125,2024-02-26,6281,"{""type"":""MultiPoint"",""coordinates"":[]}"
6282_0,0.2390925,0.7320021,0.2037984,2024-02-26,6282,"{""type"":""MultiPoint"",""coordinates"":[]}"
6283_0,-0.008833384,0.57529795,-0.06495177,2024-02-26,6283,"{""type"":""MultiPoint"",""coordinates"":[]}"
6284_0,0.0123531185,0.47325933,-0.3837062,2024-02-26,6284,"{""type"":""MultiPoint"",""coordinates"":[]}"
6285_0,0.24732786,0.77861875,0.30133826,2024-02-26,6285,"{""type"":""MultiPoint"",""coordinates"":[]}"
6286_0,0.2730507,0.8267717,0.26010862,2024-02-26,6286,"{""type"":""MultiPoint"",""coordinates"":[]}"
6287_0,0.065268986,0.5883382,0.07096521,2024-02-26,6287,"{""type"":""MultiPoint"",""coordinates"":[]}"
6288_0,-0.17111598,0.38087773,-0.20594862,2024-02-26,6288,"{""type"":""MultiPoint"",""coordinates"":[]}"
6289_0,0.12536873,0.6528519,0.061956234,2024-02-26,6289,"{""type"":""MultiPoint"",""coordinates"":[]}"
6290_0,-0.1425128,0.46589595,-0.19848293,2024-02-26,6290,"{""type"":""MultiPoint"",""coordinates"":[]}"
6291_0,-0.18872356,0.42676502,-0.25419995,2024-02-26,6291,"{""type"":""MultiPoint"",""coordinates"":[]}"
6292_0,0.23046489,0.68820226,0.21414141,2024-02-26,6292,"{""type"":""MultiPoint"",""coordinates"":[]}"
6293_0,0.09729093,0.7046612,0.06353861,2024-02-26,6293,"{""type"":""MultiPoint"",""coordinates"":[]}"
6294_0,0.35632807,0.7881997,0.33220625,2024-02-26,6294,"{""type"":""MultiPoint"",""coordinates"":[]}"
6295_0,0.077876106,0.5421115,0.11016226,2024-02-26,6295,"{""type"":""MultiPoint"",""coordinates"":[]}"
6296_0,-0.100137174,0.4148265,-0.14571428,2024-02-26,6296,"{""type"":""MultiPoint"",""coordinates"":[]}"
6297_0,0.23745255,0.8249833,0.20352423,2024-02-26,6297,"{""type"":""MultiPoint"",""coordinates"":[]}"
6298_0,0.11119239,0.6411455,0.072164945,2024-02-26,6298,"{""type"":""MultiPoint"",""coordinates"":[]}"
6299_0,0.3122172,0.76609725,0.37704918,2024-02-26,6299,"{""type"":""MultiPoint"",""coordinates"":[]}"
6300_0,0.19843215,0.76447725,0.16231439,2024-02-26,6300,"{""type"":""MultiPoint"",""coordinates"":[]}"
6301_0,0.30124778,0.7857543,0.34006733,2024-02-26,6301,"{""type"":""MultiPoint"",""coordinates"":[]}"
6302_0,0.2078296,0.64908916,0.11111111,2024-02-26,6302,"{""type"":""MultiPoint"",""coordinates"":[]}"
6303_0,0.28174937,0.7715092,0.3245452,2024-02-26,6303,"{""type"":""MultiPoint"",""coordinates"":[]}"
6304_0,0.3968421,0.8907721,0.27330375,2024-02-26,6304,"{""type"":""MultiPoint"",""coordinates"":[]}"
6305_0,-0.050645888,0.5526507,-0.09021276,2024-02-26,6305,"{""type"":""MultiPoint"",""coordinates"":[]}"
6306_0,0.19530824,0.7270004,0.15545377,2024-02-26,6306,"{""type"":""MultiPoint"",""coordinates"":[]}"
6307_0,0.33045787,0.81916124,0.40171954,2024-02-26,6307,"{""type"":""MultiPoint"",""coordinates"":[]}"
6308_0,0.41253102,0.829434,0.43814892,2024-02-26,6308,"{""type"":""MultiPoint"",""coordinates"":[]}"
6309_0,0.3512476,0.7942815,0.34259516,2024-02-26,6309,"{""type"":""MultiPoint"",""coordinates"":[]}"
6310_0,0.21641587,0.518444,0.22510822,2024-02-26,6310,"{""type"":""MultiPoint"",""coordinates"":[]}"
6311_0,-0.16805427,0.30827066,-0.21722364,2024-02-26,6311,"{""type"":""MultiPoint"",""coordinates"":[]}"
6312_0,0.4546356,0.8360656,0.41050375,2024-02-26,6312,"{""type"":""MultiPoint"",""coordinates"":[]}"
6313_0,0.34158415,0.8014941,0.35800484,2024-02-26,6313,"{""type"":""MultiPoint"",""coordinates"":[]}"
6314_0,0.19264214,0.75663716,0.13631485,2024-02-26,6314,"{""type"":""MultiPoint"",""coordinates"":[]}"
6315_0,0.027266372,0.6020043,0.034913294,2024-02-26,6315,"{""type"":""MultiPoint"",""coordinates"":[]}"
6316_0,0.09968469,0.59744865,0.096836984,2024-02-26,6316,"{""type"":""MultiPoint"",""coordinates"":[]}"
6317_0,0.35437882,0.83090377,0.32910052,2024-02-26,6317,"{""type"":""MultiPoint"",""coordinates"":[]}"
6318_0,0.17507419,0.7273594,0.13179263,2024-02-26,6318,"{""type"":""MultiPoint"",""coordinates"":[]}"
6319_0,0.13902254,0.6365079,0.09622541,2024-02-26,6319,"{""type"":""MultiPoint"",""coordinates"":[]}"
6320_0,0.14041802,0.7122929,0.14719626,2024-02-26,6320,"{""type"":""MultiPoint"",""coordinates"":[]}"
6321_0,0.11585525,0.7145092,0.12699229,2024-02-26,6321,"{""type"":""MultiPoint"",""coordinates"":[]}"
6322_0,0.19370647,0.6076336,0.14799672,2024-02-26,6322,"{""type"":""MultiPoint"",""coordinates"":[]}"
6323_0,0.1990646,0.7749196,0.09451421,2024-02-26,6323,"{""type"":""MultiPoint"",""coordinates"":[]}"
6324_0,0.31937638,0.877551,0.27168733,2024-02-26,6324,"{""type"":""MultiPoint"",""coordinates"":[]}"
6325_0,0.038371548,0.53825504,0.054520357,2024-02-26,6325,"{""type"":""MultiPoint"",""coordinates"":[]}"
6326_0,0.16421397,0.66548544,0.13553998,2024-02-26,6326,"{""type"":""MultiPoint"",""coordinates"":[]}"
6327_0,0.14243102,0.66391885,0.06580016,2024-02-26,6327,"{""type"":""MultiPoint"",""coordinates"":[]}"
6328_0,0.15658833,0.65653247,0.115970105,2024-02-26,6328,"{""type"":""MultiPoint"",""coordinates"":[]}"
6329_0,0.3030091,0.7836002,0.29710656,2024-02-26,6329,"{""type"":""MultiPoint"",""coordinates"":[]}"
6330_0,0.33971044,0.7430537,0.42542183,2024-02-26,6330,"{""type"":""MultiPoint"",""coordinates"":[]}"
6331_0,0.021891221,0.58178633,0.020564971,2024-02-26,6331,"{""type"":""MultiPoint"",""coordinates"":[]}"
6332_0,0.10436173,0.6204482,0.0825731,2024-02-26,6332,"{""type"":""MultiPoint"",""coordinates"":[]}"
6333_0,0.035435434,0.54041207,0.0043397397,2024-02-26,6333,"{""type"":""MultiPoint"",""coordinates"":[]}"
6334_0,0.22001371,0.85057473,0.2586319,2024-02-26,6334,"{""type"":""MultiPoint"",""coordinates"":[]}"
6335_0,0.1682755,0.68421054,0.16149396,2024-02-26,6335,"{""type"":""MultiPoint"",""coordinates"":[]}"
6336_0,0.17830941,0.75097275,0.1658031,2024-02-26,6336,"{""type"":""MultiPoint"",""coordinates"":[]}"
6337_0,0.3597561,0.82207096,0.43656573,2024-02-26,6337,"{""type"":""MultiPoint"",""coordinates"":[]}"
6338_0,0.21239555,0.6939203,0.17655624,2024-02-26,6338,"{""type"":""MultiPoint"",""coordinates"":[]}"
6339_0,0.4454749,0.83404255,0.49782798,2024-02-26,6339,"{""type"":""MultiPoint"",""coordinates"":[]}"
6343_0,0.004904632,0.5655233,-0.012756517,2024-02-26,6343,"{""type"":""MultiPoint"",""coordinates"":[]}"
6344_0,0.13333334,0.69280344,0.11273241,2024-02-26,6344,"{""type"":""MultiPoint"",""coordinates"":[]}"
6952_0,0.16529132,0.7787643,0.18045667,2024-02-26,6952,"{""type"":""MultiPoint"",""coordinates"":[]}"
6953_0,-0.2030166,0.37826845,-0.25408804,2024-02-26,6953,"{""type"":""MultiPoint"",""coordinates"":[]}"
6954_0,0.27249023,0.7663145,0.25863597,2024-02-26,6954,"{""type"":""MultiPoint"",""coordinates"":[]}"
6955_0,-0.11297811,0.39003137,-0.11593882,2024-02-26,6955,"{""type"":""MultiPoint"",""coordinates"":[]}"
6956_0,-0.22501308,0.39158577,-0.28945193,2024-02-26,6956,"{""type"":""MultiPoint"",""coordinates"":[]}"
6957_0,-0.15239991,0.34272996,-0.18006796,2024-02-26,6957,"{""type"":""MultiPoint"",""coordinates"":[]}"
6958_0,-0.2472481,0.2899364,-0.26167023,2024-02-26,6958,"{""type"":""MultiPoint"",""coordinates"":[]}"
6959_0,-0.10570825,0.47534516,-0.16610925,2024-02-26,6959,"{""type"":""MultiPoint"",""coordinates"":[]}"
6960_0,-0.018895349,0.46478873,-0.005498446,2024-02-26,6960,"{""type"":""MultiPoint"",""coordinates"":[]}"
6961_0,-0.033213727,0.063498564,-0.039141297,2024-02-26,6961,"{""type"":""MultiPoint"",""coordinates"":[]}"
6962_0,-0.102792636,0.076647244,-0.07365985,2024-02-26,6962,"{""type"":""MultiPoint"",""coordinates"":[]}"
6963_0,0.07130658,0.036520313,0.074664965,2024-02-26,6963,"{""type"":""MultiPoint"",""coordinates"":[]}"
6964_0,0.35832855,0.80031204,0.34616506,2024-02-26,6964,"{""type"":""MultiPoint"",""coordinates"":[]}"
6965_0,0.13656828,0.60566705,0.08337759,2024-02-26,6965,"{""type"":""MultiPoint"",""coordinates"":[]}"
6966_0,0.2564178,0.7350465,0.21690491,2024-02-26,6966,"{""type"":""MultiPoint"",""coordinates"":[]}"
6967_0,0.23037605,0.7945533,0.28103682,2024-02-26,6967,"{""type"":""MultiPoint"",""coordinates"":[]}"
6968_0,-0.2468369,0.28604832,-0.24311927,2024-02-26,6968,"{""type"":""MultiPoint"",""coordinates"":[]}"
6969_0,0.08440705,0.66529113,0.021085184,2024-02-26,6969,"{""type"":""MultiPoint"",""coordinates"":[]}"
6970_0,-0.23157895,0.23076923,-0.3220339,2024-02-26,6970,"{""type"":""MultiPoint"",""coordinates"":[]}"
6971_0,0.21332671,0.6630824,0.18913378,2024-02-26,6971,"{""type"":""MultiPoint"",""coordinates"":[]}"
6972_0,-0.17845707,0.425,-0.15459213,2024-02-26,6972,"{""type"":""MultiPoint"",""coordinates"":[]}"
6973_0,0.18309858,0.5505226,0.2520516,2024-02-26,6973,"{""type"":""MultiPoint"",""coordinates"":[]}"
6974_0,-0.17815863,0.29161748,-0.14930016,2024-02-26,6974,"{""type"":""MultiPoint"",""coordinates"":[]}"
6975_0,0.046658985,0.69827586,-0.024450634,2024-02-26,6975,"{""type"":""MultiPoint"",""coordinates"":[]}"
6976_0,-0.008821171,0.5467565,-0.01369863,2024-02-26,6976,"{""type"":""MultiPoint"",""coordinates"":[]}"
6977_0,-0.026237013,0.416855,-0.14095536,2024-02-26,6977,"{""type"":""MultiPoint"",""coordinates"":[]}"
6978_0,-0.1640884,0.43144655,-0.29861325,2024-02-26,6978,"{""type"":""MultiPoint"",""coordinates"":[]}"
6979_0,-0.08352145,0.7790368,-0.20906802,2024-02-26,6979,"{""type"":""MultiPoint"",""coordinates"":[]}"
6980_0,-0.09827421,0.41867045,-0.066325344,2024-02-26,6980,"{""type"":""MultiPoint"",""coordinates"":[]}"
6981_0,-0.14217156,0.41320625,-0.29435757,2024-02-26,6981,"{""type"":""MultiPoint"",""coordinates"":[]}"
6982_0,0.014144545,0.44359255,0.017760618,2024-02-26,6982,"{""type"":""MultiPoint"",""coordinates"":[]}"
6983_0,0.28305647,0.71310204,0.2103915,2024-02-26,6983,"{""type"":""MultiPoint"",""coordinates"":[]}"
6984_0,-0.093392394,0.42678064,-0.083790705,2024-02-26,6984,"{""type"":""MultiPoint"",""coordinates"":[]}"
6985_0,0.11460309,0.7256817,0.12946191,2024-02-26,6985,"{""type"":""MultiPoint"",""coordinates"":[]}"
6986_0,0.028211586,0.53106874,-0.021445591,2024-02-26,6986,"{""type"":""MultiPoint"",""coordinates"":[]}"
6987_0,0.035894845,0.5880851,-0.010866684,2024-02-26,6987,"{""type"":""MultiPoint"",""coordinates"":[]}"
6988_0,0.12815338,0.664096,0.058310628,2024-02-26,6988,"{""type"":""MultiPoint"",""coordinates"":[]}"
6989_0,0.15653776,0.66442955,0.17403066,2024-02-26,6989,"{""type"":""MultiPoint"",""coordinates"":[]}"
6990_0,-0.16775796,0.16141732,-0.18732782,2024-02-26,6990,"{""type"":""MultiPoint"",""coordinates"":[]}"
6991_0,-0.25925925,0.23444976,-0.29700273,2024-02-26,6991,"{""type"":""MultiPoint"",""coordinates"":[]}"
6992_0,0.019914294,0.46244133,0.12353472,2024-02-26,6992,"{""type"":""MultiPoint"",""coordinates"":[]}"
6993_0,0.029652996,0.55772114,-0.05222349,2024-02-26,6993,"{""type"":""MultiPoint"",""coordinates"":[]}"
6994_0,-0.13370217,0.29039812,-0.054685824,2024-02-26,6994,"{""type"":""MultiPoint"",""coordinates"":[]}"
6995_0,0.0013422819,0.51428574,-0.01583834,2024-02-26,6995,"{""type"":""MultiPoint"",""coordinates"":[]}"
6996_0,0.20527226,0.6588755,0.1762598,2024-02-26,6996,"{""type"":""MultiPoint"",""coordinates"":[]}"
6997_0,-0.18390805,0.38297874,-0.22619048,2024-02-26,6997,"{""type"":""MultiPoint"",""coordinates"":[]}"
6998_0,0.28551993,0.7868132,0.2777996,2024-02-26,6998,"{""type"":""MultiPoint"",""coordinates"":[]}"
6999_0,0.14285715,0.6989823,0.10522648,2024-02-26,6999,"{""type"":""MultiPoint"",""coordinates"":[]}"
7000_0,0.1238468,0.61353385,0.1559386,2024-02-26,7000,"{""type"":""MultiPoint"",""coordinates"":[]}"
7001_0,0.20401338,0.77272725,0.15630035,2024-02-26,7001,"{""type"":""MultiPoint"",""coordinates"":[]}"
7002_0,0.19169484,0.5381149,0.10048361,2024-02-26,7002,"{""type"":""MultiPoint"",""coordinates"":[]}"
7003_0,-0.14540705,0.37568307,-0.132831,2024-02-26,7003,"{""type"":""MultiPoint"",""coordinates"":[]}"
7004_0,0.120464444,0.7081616,0.15528296,2024-02-26,7004,"{""type"":""MultiPoint"",""coordinates"":[]}"
7005_0,-0.23449,0.49008498,-0.38117647,2024-02-26,7005,"{""type"":""MultiPoint"",""coordinates"":[]}"
7006_0,0.009168885,0.561753,-0.03299414,2024-02-26,7006,"{""type"":""MultiPoint"",""coordinates"":[]}"
7007_0,0.3000316,0.8323826,0.30704224,2024-02-26,7007,"{""type"":""MultiPoint"",""coordinates"":[]}"
7008_0,0.18048024,0.54332876,0.029357798,2024-02-26,7008,"{""type"":""MultiPoint"",""coordinates"":[]}"
7009_0,0.06251486,0.569961,0.0582617,2024-02-26,7009,"{""type"":""MultiPoint"",""coordinates"":[]}"
7010_0,0.09162862,0.62157047,0.06924517,2024-02-26,7010,"{""type"":""MultiPoint"",""coordinates"":[]}"
7011_0,-0.02181731,0.5543041,-0.048978586,2024-02-26,7011,"{""type"":""MultiPoint"",""coordinates"":[]}"
7012_0,0.07259164,0.0317225,0.092535906,2024-02-26,7012,"{""type"":""MultiPoint"",""coordinates"":[]}"
7013_0,-0.0389436,0.39265537,-0.08129513,2024-02-26,7013,"{""type"":""MultiPoint"",""coordinates"":[]}"
7014_0,0.258547,0.8015564,0.14320987,2024-02-26,7014,"{""type"":""MultiPoint"",""coordinates"":[]}"
7015_0,-0.19694613,0.33476394,-0.259634,2024-02-26,7015,"{""type"":""MultiPoint"",""coordinates"":[]}"
7016_0,0.06106396,0.57044786,0.02869379,2024-02-26,7016,"{""type"":""MultiPoint"",""coordinates"":[]}"
7017_0,0.06962025,0.6004006,0.04172099,2024-02-26,7017,"{""type"":""MultiPoint"",""coordinates"":[]}"
7018_0,-0.18644068,0.44460028,-0.20386474,2024-02-26,7018,"{""type"":""MultiPoint"",""coordinates"":[]}"
7019_0,-0.10118655,0.16810934,-0.13158341,2024-02-26,7019,"{""type"":""MultiPoint"",""coordinates"":[]}"
7020_0,-0.11487414,0.2888889,-0.13513513,2024-02-26,7020,"{""type"":""MultiPoint"",""coordinates"":[]}"
7021_0,0.085376166,0.71428573,0.07757886,2024-02-26,7021,"{""type"":""MultiPoint"",""coordinates"":[]}"
7022_0,-0.020864382,0.536403,-0.025705017,2024-02-26,7022,"{""type"":""MultiPoint"",""coordinates"":[]}"
7023_0,-0.032859474,0.48637235,-0.06743738,2024-02-26,7023,"{""type"":""MultiPoint"",""coordinates"":[]}"
7024_0,-0.11850083,0.39503232,-0.19513153,2024-02-26,7024,"{""type"":""MultiPoint"",""coordinates"":[]}"
7025_0,0.05980239,0.64398736,0.06948019,2024-02-26,7025,"{""type"":""MultiPoint"",""coordinates"":[]}"
7026_0,-0.16923775,0.34592146,-0.18238129,2024-02-26,7026,"{""type"":""MultiPoint"",""coordinates"":[]}"
7027_0,0.27368158,0.70341206,0.28229192,2024-02-26,7027,"{""type"":""MultiPoint"",""coordinates"":[]}"
7028_0,-0.070462234,0.502666,-0.10118875,2024-02-26,7028,"{""type"":""MultiPoint"",""coordinates"":[]}"
7029_0,0.020006351,0.6163793,-0.014130792,2024-02-26,7029,"{""type"":""MultiPoint"",""coordinates"":[]}"
7030_0,0.117701575,0.6994329,0.11469312,2024-02-26,7030,"{""type"":""MultiPoint"",""coordinates"":[]}"
7031_0,-0.16503704,0.4113475,-0.2443038,2024-02-26,7031,"{""type"":""MultiPoint"",""coordinates"":[]}"
7032_0,-0.09051095,0.43937418,-0.15011548,2024-02-26,7032,"{""type"":""MultiPoint"",""coordinates"":[]}"
7033_0,-0.048387095,0.6040201,-0.14675221,2024-02-26,7033,"{""type"":""MultiPoint"",""coordinates"":[]}"
7034_0,-0.043386243,0.528109,-0.047265004,2024-02-26,7034,"{""type"":""MultiPoint"",""coordinates"":[]}"
7035_0,-0.24373652,0.22337963,-0.27874446,2024-02-26,7035,"{""type"":""MultiPoint"",""coordinates"":[]}"
7036_0,-0.20104544,0.3108614,-0.26113573,2024-02-26,7036,"{""type"":""MultiPoint"",""coordinates"":[]}"
7037_0,-0.07531943,0.3857143,-0.15743756,2024-02-26,7037,"{""type"":""MultiPoint"",""coordinates"":[]}"
7038_0,-0.024140012,0.5957031,-0.01891324,2024-02-26,7038,"{""type"":""MultiPoint"",""coordinates"":[]}"
7039_0,-0.120190024,0.48996156,-0.14968309,2024-02-26,7039,"{""type"":""MultiPoint"",""coordinates"":[]}"
7040_0,-0.046261273,0.63303834,-0.13010685,2024-02-26,7040,"{""type"":""MultiPoint"",""coordinates"":[]}"
7041_0,0.30461228,0.7591191,0.30142567,2024-02-26,7041,"{""type"":""MultiPoint"",""coordinates"":[]}"
7042_0,-0.04693465,0.48966452,-0.029366305,2024-02-26,7042,"{""type"":""MultiPoint"",""coordinates"":[]}"
7043_0,0.026806526,0.58388007,0.005952381,2024-02-26,7043,"{""type"":""MultiPoint"",""coordinates"":[]}"
7044_0,-0.15461347,0.25487727,-0.1642917,2024-02-26,7044,"{""type"":""MultiPoint"",""coordinates"":[]}"
7045_0,-0.21184826,0.32058635,-0.25601438,2024-02-26,7045,"{""type"":""MultiPoint"",""coordinates"":[]}"
7046_0,0.1529774,0.6655897,0.11099138,2024-02-26,7046,"{""type"":""MultiPoint"",""coordinates"":[]}"
7047_0,0.070909716,0.7136515,0.06962244,2024-02-26,7047,"{""type"":""MultiPoint"",""coordinates"":[]}"
7048_0,-0.06559821,0.41391107,-0.070987076,2024-02-26,7048,"{""type"":""MultiPoint"",""coordinates"":[]}"
7049_0,-0.198915,0.42046857,-0.26647565,2024-02-26,7049,"{""type"":""MultiPoint"",""coordinates"":[]}"
7050_0,0.054789677,0.7139614,0.060765717,2024-02-26,7050,"{""type"":""MultiPoint"",""coordinates"":[]}"
7051_0,0.027890604,0.6074933,0.0019460662,2024-02-26,7051,"{""type"":""MultiPoint"",""coordinates"":[]}"
7052_0,-0.17616126,0.369863,-0.15839447,2024-02-26,7052,"{""type"":""MultiPoint"",""coordinates"":[]}"
7053_0,-0.017891683,0.5625,-0.025578562,2024-02-26,7053,"{""type"":""MultiPoint"",""coordinates"":[]}"
7054_0,0.1618973,0.8212005,0.14308617,2024-02-26,7054,"{""type"":""MultiPoint"",""coordinates"":[]}"
7055_0,0.11433071,0.6732283,0.09465551,2024-02-26,7055,"{""type"":""MultiPoint"",""coordinates"":[]}"
7056_0,-0.10889443,0.3568147,-0.2018018,2024-02-26,7056,"{""type"":""MultiPoint"",""coordinates"":[]}"
7057_0,-0.18631579,0.3255633,-0.13838384,2024-02-26,7057,"{""type"":""MultiPoint"",""coordinates"":[]}"
7058_0,0.0025062656,0.5711679,0.03922752,2024-02-26,7058,"{""type"":""MultiPoint"",""coordinates"":[]}"
7059_0,0.24646781,0.7712766,0.24953096,2024-02-26,7059,"{""type"":""MultiPoint"",""coordinates"":[]}"
7060_0,0.103891924,0.6539326,0.02757417,2024-02-26,7060,"{""type"":""MultiPoint"",""coordinates"":[]}"
7061_0,-0.20990005,0.2973384,-0.19679849,2024-02-26,7061,"{""type"":""MultiPoint"",""coordinates"":[]}"
7062_0,-0.1340929,0.45334798,-0.18897396,2024-02-26,7062,"{""type"":""MultiPoint"",""coordinates"":[]}"
7063_0,0.011518325,0.59080964,0.013240418,2024-02-26,7063,"{""type"":""MultiPoint"",""coordinates"":[]}"
7064_0,-0.11577522,0.40431267,-0.08516242,2024-02-26,7064,"{""type"":""MultiPoint"",""coordinates"":[]}"
7065_0,-0.020340113,0.58862364,0.010989011,2024-02-26,7065,"{""type"":""MultiPoint"",""coordinates"":[]}"
7066_0,-0.10063898,0.51055515,-0.17576791,2024-02-26,7066,"{""type"":""MultiPoint"",""coordinates"":[]}"
7067_0,0.029278142,0.5583832,0.039700374,2024-02-26,7067,"{""type"":""MultiPoint"",""coordinates"":[]}"
7068_0,0.021290977,0.5908479,-0.101140685,2024-02-26,7068,"{""type"":""MultiPoint"",""coordinates"":[]}"
7069_0,0.23553851,0.74563104,0.2010688,2024-02-26,7069,"{""type"":""MultiPoint"",""coordinates"":[]}"
7070_0,0.36782992,0.82431054,0.3877234,2024-02-26,7070,"{""type"":""MultiPoint"",""coordinates"":[]}"
7071_0,0.31346914,0.734,0.2113168,2024-02-26,7071,"{""type"":""MultiPoint"",""coordinates"":[]}"
7072_0,0.3686901,0.81409,0.30471498,2024-02-26,7072,"{""type"":""MultiPoint"",""coordinates"":[]}"
7073_0,-0.056207232,0.419128,-0.034218714,2024-02-26,7073,"{""type"":""MultiPoint"",""coordinates"":[]}"
7074_0,0.3838534,0.8017348,0.40077072,2024-02-26,7074,"{""type"":""MultiPoint"",""coordinates"":[]}"
7075_0,0.10550583,0.65176785,0.20048484,2024-02-26,7075,"{""type"":""MultiPoint"",""coordinates"":[]}"
7076_0,0.0800285,0.70376176,0.05765021,2024-02-26,7076,"{""type"":""MultiPoint"",""coordinates"":[]}"
7077_0,0.1472006,0.7595773,0.26937738,2024-02-26,7077,"{""type"":""MultiPoint"",""coordinates"":[]}"
7078_0,0.42802197,0.8857143,0.3906936,2024-02-26,7078,"{""type"":""MultiPoint"",""coordinates"":[]}"
7079_0,0.09799898,0.6428866,0.0624,2024-02-26,7079,"{""type"":""MultiPoint"",""coordinates"":[]}"
7080_0,-0.042723168,0.5378107,-0.015905246,2024-02-26,7080,"{""type"":""MultiPoint"",""coordinates"":[]}"
7081_0,-0.03701957,0.5109667,-0.08351811,2024-02-26,7081,"{""type"":""MultiPoint"",""coordinates"":[]}"
7082_0,0.110966906,0.7563971,0.11211925,2024-02-26,7082,"{""type"":""MultiPoint"",""coordinates"":[]}"
7083_0,0.10289064,0.68716043,0.14142,2024-02-26,7083,"{""type"":""MultiPoint"",""coordinates"":[]}"
7084_0,0.1869213,0.7246249,0.1634415,2024-02-26,7084,"{""type"":""MultiPoint"",""coordinates"":[]}"
7085_0,-0.015330189,0.62168676,-0.12255541,2024-02-26,7085,"{""type"":""MultiPoint"",""coordinates"":[]}"
7086_0,0.2628003,0.75972694,0.25848183,2024-02-26,7086,"{""type"":""MultiPoint"",""coordinates"":[]}"
7087_0,-0.10406005,0.3991684,-0.091767885,2024-02-26,7087,"{""type"":""MultiPoint"",""coordinates"":[]}"
7088_0,0.39330673,0.8339041,0.3686901,2024-02-26,7088,"{""type"":""MultiPoint"",""coordinates"":[]}"
7089_0,0.19223192,0.711659,0.1759977,2024-02-26,7089,"{""type"":""MultiPoint"",""coordinates"":[]}"
7090_0,-0.09487913,0.42458588,-0.12620321,2024-02-26,7090,"{""type"":""MultiPoint"",""coordinates"":[]}"
7091_0,0.16091676,0.7420995,0.15929417,2024-02-26,7091,"{""type"":""MultiPoint"",""coordinates"":[]}"
7092_0,0.29187816,0.806151,0.2691552,2024-02-26,7092,"{""type"":""MultiPoint"",""coordinates"":[]}"
7093_0,0.10914871,0.5613048,0.04794262,2024-02-26,7093,"{""type"":""MultiPoint"",""coordinates"":[]}"
7094_0,-0.11803903,0.39689922,-0.13177547,2024-02-26,7094,"{""type"":""MultiPoint"",""coordinates"":[]}"
7095_0,0.21267486,0.76884425,0.28233153,2024-02-26,7095,"{""type"":""MultiPoint"",""coordinates"":[]}"
7096_0,0.24428532,0.5700326,0.27445796,2024-02-26,7096,"{""type"":""MultiPoint"",""coordinates"":[]}"
7097_0,0.085766844,0.57336956,0.07620818,2024-02-26,7097,"{""type"":""MultiPoint"",""coordinates"":[]}"
7098_0,0.48025048,0.86206895,0.45982477,2024-02-26,7098,"{""type"":""MultiPoint"",""coordinates"":[]}"
7099_0,0.117286175,0.7447699,0.15392597,2024-02-26,7099,"{""type"":""MultiPoint"",""coordinates"":[]}"
7100_0,0.29026097,0.67614627,0.12856585,2024-02-26,7100,"{""type"":""MultiPoint"",""coordinates"":[]}"
7101_0,-0.15478146,0.3957034,-0.27134588,2024-02-26,7101,"{""type"":""MultiPoint"",""coordinates"":[]}"
7102_0,0.40062112,0.8410838,0.44524288,2024-02-26,7102,"{""type"":""MultiPoint"",""coordinates"":[]}"
7103_0,0.03322785,0.43103448,0.07178124,2024-02-26,7103,"{""type"":""MultiPoint"",""coordinates"":[]}"
7104_0,0.39803582,0.8255335,0.40114942,2024-02-26,7104,"{""type"":""MultiPoint"",""coordinates"":[]}"
7105_0,-0.16644295,0.40762463,-0.18311776,2024-02-26,7105,"{""type"":""MultiPoint"",""coordinates"":[]}"
7106_0,0.30118972,0.8257899,0.314075,2024-02-26,7106,"{""type"":""MultiPoint"",""coordinates"":[]}"
7107_0,0.11911623,0.6605375,0.1229077,2024-02-26,7107,"{""type"":""MultiPoint"",""coordinates"":[]}"
7108_0,-0.15570766,0.37876803,-0.19939117,2024-02-26,7108,"{""type"":""MultiPoint"",""coordinates"":[]}"
7109_0,0.4488671,0.8956397,0.49324325,2024-02-26,7109,"{""type"":""MultiPoint"",""coordinates"":[]}"
7110_0,0.13619007,0.64034784,0.07328175,2024-02-26,7110,"{""type"":""MultiPoint"",""coordinates"":[]}"
7111_0,0.124925286,0.6895161,0.067515925,2024-02-26,7111,"{""type"":""MultiPoint"",""coordinates"":[]}"
7112_0,0.3466794,0.8083121,0.34936708,2024-02-26,7112,"{""type"":""MultiPoint"",""coordinates"":[]}"
7113_0,0.2835165,0.6053939,0.26864836,2024-02-26,7113,"{""type"":""MultiPoint"",""coordinates"":[]}"
7114_0,0.17526302,0.5963894,0.2128337,2024-02-26,7114,"{""type"":""MultiPoint"",""coordinates"":[]}"
7115_0,0.33089578,0.72038096,0.34564957,2024-02-26,7115,"{""type"":""MultiPoint"",""coordinates"":[]}"
7116_0,0.43543154,0.902267,0.36910805,2024-02-26,7116,"{""type"":""MultiPoint"",""coordinates"":[]}"
7117_0,0.012288276,0.5234375,0.023957992,2024-02-26,7117,"{""type"":""MultiPoint"",""coordinates"":[]}"
7118_0,0.2565848,0.7703827,0.25768322,2024-02-26,7118,"{""type"":""MultiPoint"",""coordinates"":[]}"
7119_0,0.040616967,0.5181467,0.026096033,2024-02-26,7119,"{""type"":""MultiPoint"",""coordinates"":[]}"
7120_0,0.01943435,0.5150424,-0.025954703,2024-02-26,7120,"{""type"":""MultiPoint"",""coordinates"":[]}"
7121_0,0.12756114,0.9114094,0.037900876,2024-02-26,7121,"{""type"":""MultiPoint"",""coordinates"":[]}"
7122_0,0.20550689,0.77271056,0.20590442,2024-02-26,7122,"{""type"":""MultiPoint"",""coordinates"":[]}"
7123_0,0.0097402595,0.49318463,-0.006185567,2024-02-26,7123,"{""type"":""MultiPoint"",""coordinates"":[]}"
7124_0,0.39214423,0.86372006,0.3638814,2024-02-26,7124,"{""type"":""MultiPoint"",""coordinates"":[]}"
7125_0,0.17790787,0.6778917,0.17327873,2024-02-26,7125,"{""type"":""MultiPoint"",""coordinates"":[]}"
7126_0,0.21303841,0.6888889,0.20564042,2024-02-26,7126,"{""type"":""MultiPoint"",""coordinates"":[]}"
7127_0,0.32956383,0.82669103,0.33475822,2024-02-26,7127,"{""type"":""MultiPoint"",""coordinates"":[]}"
7128_0,0.03620204,0.51565075,0.0170241,2024-02-26,7128,"{""type"":""MultiPoint"",""coordinates"":[]}"
7129_0,-0.19626169,0.35753748,-0.21960072,2024-02-26,7129,"{""type"":""MultiPoint"",""coordinates"":[]}"
7130_0,0.053187743,0.64719903,0.013939839,2024-02-26,7130,"{""type"":""MultiPoint"",""coordinates"":[]}"
7131_0,-0.12386439,0.3152639,-0.15799087,2024-02-26,7131,"{""type"":""MultiPoint"",""coordinates"":[]}"
7132_0,-0.026859503,0.38380283,-0.026223416,2024-02-26,7132,"{""type"":""MultiPoint"",""coordinates"":[]}"
7133_0,0.28402156,0.8095238,0.19564341,2024-02-26,7133,"{""type"":""MultiPoint"",""coordinates"":[]}"
7134_0,0.31856772,0.8056365,0.33620998,2024-02-26,7134,"{""type"":""MultiPoint"",""coordinates"":[]}"
7135_0,0.24354501,0.74702513,0.29288974,2024-02-26,7135,"{""type"":""MultiPoint"",""coordinates"":[]}"
7136_0,0.39511874,0.8217968,0.4591566,2024-02-26,7136,"{""type"":""MultiPoint"",""coordinates"":[]}"
7137_0,0.28643534,0.77300084,0.2915753,2024-02-26,7137,"{""type"":""MultiPoint"",""coordinates"":[]}"
7140_0,0.5156325,0.8508475,0.46106502,2024-02-26,7140,"{""type"":""MultiPoint"",""coordinates"":[]}"
7748_0,0.09306104,0.63580245,0.040746197,2024-02-26,7748,"{""type"":""MultiPoint"",""coordinates"":[]}"
7749_0,0.046626985,0.5843961,0.047099654,2024-02-26,7749,"{""type"":""MultiPoint"",""coordinates"":[]}"
7750_0,-0.18483856,0.35784313,-0.2074392,2024-02-26,7750,"{""type"":""MultiPoint"",""coordinates"":[]}"
7751_0,0.29787928,0.78651685,0.1927982,2024-02-26,7751,"{""type"":""MultiPoint"",""coordinates"":[]}"
7752_0,0.034876347,0.49492902,-0.016021362,2024-02-26,7752,"{""type"":""MultiPoint"",""coordinates"":[]}"
7753_0,-0.1427966,0.25835475,-0.15875402,2024-02-26,7753,"{""type"":""MultiPoint"",""coordinates"":[]}"
7754_0,-0.02657555,0.26903552,-0.039200615,2024-02-26,7754,"{""type"":""MultiPoint"",""coordinates"":[]}"
7755_0,-0.054840248,0.20593081,-0.20348205,2024-02-26,7755,"{""type"":""MultiPoint"",""coordinates"":[]}"
7756_0,-0.19760479,0.23184358,-0.22699386,2024-02-26,7756,"{""type"":""MultiPoint"",""coordinates"":[]}"
7757_0,-0.16173121,0.37651822,-0.2,2024-02-26,7757,"{""type"":""MultiPoint"",""coordinates"":[]}"
7758_0,-0.2541068,0.38080496,-0.29225072,2024-02-26,7758,"{""type"":""MultiPoint"",""coordinates"":[]}"
7759_0,0.23842655,0.7357911,0.22726038,2024-02-26,7759,"{""type"":""MultiPoint"",""coordinates"":[]}"
7760_0,0.2167952,0.73664284,0.20174673,2024-02-26,7760,"{""type"":""MultiPoint"",""coordinates"":[]}"
7761_0,0.3628381,0.7893951,0.4508023,2024-02-26,7761,"{""type"":""MultiPoint"",""coordinates"":[]}"
7762_0,0.03120227,0.39322382,0.1001216,2024-02-26,7762,"{""type"":""MultiPoint"",""coordinates"":[]}"
7763_0,-0.2081712,0.35727787,-0.26734695,2024-02-26,7763,"{""type"":""MultiPoint"",""coordinates"":[]}"
7764_0,-0.1467482,0.41715398,-0.17315894,2024-02-26,7764,"{""type"":""MultiPoint"",""coordinates"":[]}"
7765_0,0.113061436,0.7424084,-0.015966883,2024-02-26,7765,"{""type"":""MultiPoint"",""coordinates"":[]}"
7766_0,-0.13976377,0.3938053,-0.295302,2024-02-26,7766,"{""type"":""MultiPoint"",""coordinates"":[]}"
7767_0,0.27758187,0.7410214,0.296369,2024-02-26,7767,"{""type"":""MultiPoint"",""coordinates"":[]}"
7768_0,0.18761845,0.7229358,0.18710493,2024-02-26,7768,"{""type"":""MultiPoint"",""coordinates"":[]}"
7769_0,-0.15125181,0.32818532,-0.19041507,2024-02-26,7769,"{""type"":""MultiPoint"",""coordinates"":[]}"
7770_0,-0.048588146,0.40536398,-0.058279846,2024-02-26,7770,"{""type"":""MultiPoint"",""coordinates"":[]}"
7771_0,-0.11151296,0.2253873,-0.20130293,2024-02-26,7771,"{""type"":""MultiPoint"",""coordinates"":[]}"
7772_0,0.20077096,0.7074041,0.21215959,2024-02-26,7772,"{""type"":""MultiPoint"",""coordinates"":[]}"
7773_0,-0.21001789,0.40304434,-0.22937113,2024-02-26,7773,"{""type"":""MultiPoint"",""coordinates"":[]}"
7774_0,-0.20874679,0.30864197,-0.24042995,2024-02-26,7774,"{""type"":""MultiPoint"",""coordinates"":[]}"
7775_0,0.22738387,0.742236,0.22422259,2024-02-26,7775,"{""type"":""MultiPoint"",""coordinates"":[]}"
7776_0,0.28919652,0.80985916,0.270312,2024-02-26,7776,"{""type"":""MultiPoint"",""coordinates"":[]}"
7777_0,-0.24753325,0.28735632,-0.386082,2024-02-26,7777,"{""type"":""MultiPoint"",""coordinates"":[]}"
7778_0,0.061551087,0.5300462,-0.07044231,2024-02-26,7778,"{""type"":""MultiPoint"",""coordinates"":[]}"
7779_0,0.19832985,0.748191,0.22267206,2024-02-26,7779,"{""type"":""MultiPoint"",""coordinates"":[]}"
7780_0,-0.18950437,0.37984496,-0.16692668,2024-02-26,7780,"{""type"":""MultiPoint"",""coordinates"":[]}"
7781_0,-0.2177713,0.28690535,-0.313089,2024-02-26,7781,"{""type"":""MultiPoint"",""coordinates"":[]}"
7782_0,0.21043578,0.6652858,0.18689105,2024-02-26,7782,"{""type"":""MultiPoint"",""coordinates"":[]}"
7783_0,0.38015166,0.83501375,0.36097893,2024-02-26,7783,"{""type"":""MultiPoint"",""coordinates"":[]}"
7784_0,0.043700486,0.7163972,-0.0034861893,2024-02-26,7784,"{""type"":""MultiPoint"",""coordinates"":[]}"
7785_0,0.37211037,0.8452067,0.4272109,2024-02-26,7785,"{""type"":""MultiPoint"",""coordinates"":[]}"
7786_0,-0.14557646,0.41505864,-0.17220008,2024-02-26,7786,"{""type"":""MultiPoint"",""coordinates"":[]}"
7787_0,0.17831776,0.73195875,0.15817694,2024-02-26,7787,"{""type"":""MultiPoint"",""coordinates"":[]}"
7788_0,0.08236808,0.6359918,0.05750165,2024-02-26,7788,"{""type"":""MultiPoint"",""coordinates"":[]}"
7789_0,-0.14418605,0.5836735,-0.11818182,2024-02-26,7789,"{""type"":""MultiPoint"",""coordinates"":[]}"
7790_0,0.3576362,0.76697063,0.35141417,2024-02-26,7790,"{""type"":""MultiPoint"",""coordinates"":[]}"
7791_0,-0.19008641,0.39687756,-0.21241602,2024-02-26,7791,"{""type"":""MultiPoint"",""coordinates"":[]}"
7792_0,-0.07418699,0.43336833,-0.07436897,2024-02-26,7792,"{""type"":""MultiPoint"",""coordinates"":[]}"
7793_0,-0.19210213,0.3221321,-0.2752104,2024-02-26,7793,"{""type"":""MultiPoint"",""coordinates"":[]}"
7794_0,0.23989502,0.7602405,0.2358839,2024-02-26,7794,"{""type"":""MultiPoint"",""coordinates"":[]}"
7795_0,0.2158137,0.6641104,0.19955777,2024-02-26,7795,"{""type"":""MultiPoint"",""coordinates"":[]}"
7796_0,0.2169646,0.71117705,0.21531437,2024-02-26,7796,"{""type"":""MultiPoint"",""coordinates"":[]}"
7797_0,0.06884952,0.56819737,0.048579287,2024-02-26,7797,"{""type"":""MultiPoint"",""coordinates"":[]}"
7798_0,-0.14570007,0.32427424,-0.20119224,2024-02-26,7798,"{""type"":""MultiPoint"",""coordinates"":[]}"
7799_0,0.082535885,0.5819881,0.096584216,2024-02-26,7799,"{""type"":""MultiPoint"",""coordinates"":[]}"
7800_0,0.2769799,0.7018284,0.15734099,2024-02-26,7800,"{""type"":""MultiPoint"",""coordinates"":[]}"
7801_0,-0.18612522,0.30592993,-0.2878927,2024-02-26,7801,"{""type"":""MultiPoint"",""coordinates"":[]}"
7802_0,-0.18195413,0.33333334,-0.2050826,2024-02-26,7802,"{""type"":""MultiPoint"",""coordinates"":[]}"
7803_0,-0.045688767,0.52380955,-0.09260589,2024-02-26,7803,"{""type"":""MultiPoint"",""coordinates"":[]}"
7804_0,-0.1580727,0.37147215,-0.20758043,2024-02-26,7804,"{""type"":""MultiPoint"",""coordinates"":[]}"
7805_0,0.25968546,0.7187338,0.26363984,2024-02-26,7805,"{""type"":""MultiPoint"",""coordinates"":[]}"
7806_0,0.19607843,0.6125202,0.1671875,2024-02-26,7806,"{""type"":""MultiPoint"",""coordinates"":[]}"
7807_0,-0.021464346,0.23792984,-0.091627374,2024-02-26,7807,"{""type"":""MultiPoint"",""coordinates"":[]}"
7808_0,0.3712092,0.7672887,0.32564843,2024-02-26,7808,"{""type"":""MultiPoint"",""coordinates"":[]}"
7809_0,-0.12284895,0.43835616,-0.16604617,2024-02-26,7809,"{""type"":""MultiPoint"",""coordinates"":[]}"
7810_0,-0.04597701,0.50378335,-0.0929618,2024-02-26,7810,"{""type"":""MultiPoint"",""coordinates"":[]}"
7811_0,-0.031943694,0.12827586,-0.07622812,2024-02-26,7811,"{""type"":""MultiPoint"",""coordinates"":[]}"
7812_0,-0.18128102,0.3418476,-0.22650307,2024-02-26,7812,"{""type"":""MultiPoint"",""coordinates"":[]}"
7813_0,-0.01855304,0.09142053,-0.10401232,2024-02-26,7813,"{""type"":""MultiPoint"",""coordinates"":[]}"
7814_0,-0.19050518,0.32136446,-0.33182025,2024-02-26,7814,"{""type"":""MultiPoint"",""coordinates"":[]}"
7815_0,-0.09615099,0.08169014,-0.15683815,2024-02-26,7815,"{""type"":""MultiPoint"",""coordinates"":[]}"
7816_0,-0.16867469,0.2945824,-0.22012578,2024-02-26,7816,"{""type"":""MultiPoint"",""coordinates"":[]}"
7817_0,0.28910238,0.775739,0.19070403,2024-02-26,7817,"{""type"":""MultiPoint"",""coordinates"":[]}"
7818_0,0.08306602,0.031922277,0.04543457,2024-02-26,7818,"{""type"":""MultiPoint"",""coordinates"":[]}"
7819_0,-0.072841726,0.41721854,-0.10667904,2024-02-26,7819,"{""type"":""MultiPoint"",""coordinates"":[]}"
7820_0,0.29215688,0.7724069,0.23812874,2024-02-26,7820,"{""type"":""MultiPoint"",""coordinates"":[]}"
7821_0,0.085129544,0.55429333,0.050824486,2024-02-26,7821,"{""type"":""MultiPoint"",""coordinates"":[]}"
7822_0,-0.08472315,0.3982103,-0.13073714,2024-02-26,7822,"{""type"":""MultiPoint"",""coordinates"":[]}"
7823_0,0.24863453,0.72006524,0.24988146,2024-02-26,7823,"{""type"":""MultiPoint"",""coordinates"":[]}"
7824_0,-0.27465323,0.23846154,-0.32477063,2024-02-26,7824,"{""type"":""MultiPoint"",""coordinates"":[]}"
7825_0,0.20433436,0.61641675,0.22892289,2024-02-26,7825,"{""type"":""MultiPoint"",""coordinates"":[]}"
7826_0,-0.07064083,0.105372764,-0.0074794316,2024-02-26,7826,"{""type"":""MultiPoint"",""coordinates"":[]}"
7827_0,-0.13692947,0.33791208,-0.16894197,2024-02-26,7827,"{""type"":""MultiPoint"",""coordinates"":[]}"
7828_0,-0.1969669,0.29335073,-0.23984674,2024-02-26,7828,"{""type"":""MultiPoint"",""coordinates"":[]}"
7829_0,-0.20228523,0.420237,-0.2916572,2024-02-26,7829,"{""type"":""MultiPoint"",""coordinates"":[]}"
7830_0,-0.10261101,0.43013367,-0.16951844,2024-02-26,7830,"{""type"":""MultiPoint"",""coordinates"":[]}"
7831_0,-0.16212961,0.3596307,-0.19642857,2024-02-26,7831,"{""type"":""MultiPoint"",""coordinates"":[]}"
7832_0,-0.22401847,0.29053178,-0.18858308,2024-02-26,7832,"{""type"":""MultiPoint"",""coordinates"":[]}"
7833_0,0.04818653,0.6598875,0.021571238,2024-02-26,7833,"{""type"":""MultiPoint"",""coordinates"":[]}"
7834_0,-0.045233645,0.47211155,0.027816411,2024-02-26,7834,"{""type"":""MultiPoint"",""coordinates"":[]}"
7835_0,-0.09431631,0.4191762,-0.12895687,2024-02-26,7835,"{""type"":""MultiPoint"",""coordinates"":[]}"
7836_0,-0.08829833,0.38991305,-0.11924179,2024-02-26,7836,"{""type"":""MultiPoint"",""coordinates"":[]}"
7837_0,-0.21088769,0.41604477,-0.23852521,2024-02-26,7837,"{""type"":""MultiPoint"",""coordinates"":[]}"
7838_0,-0.07268951,0.4601376,-0.06770026,2024-02-26,7838,"{""type"":""MultiPoint"",""coordinates"":[]}"
7839_0,-0.21350165,0.3392157,-0.23623148,2024-02-26,7839,"{""type"":""MultiPoint"",""coordinates"":[]}"
7840_0,-0.15293454,0.40795287,-0.17515099,2024-02-26,7840,"{""type"":""MultiPoint"",""coordinates"":[]}"
7841_0,-0.018448023,0.5535714,-0.052344933,2024-02-26,7841,"{""type"":""MultiPoint"",""coordinates"":[]}"
7842_0,-0.111455105,0.43437344,-0.106999695,2024-02-26,7842,"{""type"":""MultiPoint"",""coordinates"":[]}"
7843_0,-0.08322497,0.5114679,-0.116621986,2024-02-26,7843,"{""type"":""MultiPoint"",""coordinates"":[]}"
7844_0,-0.21929026,0.4025974,-0.15916955,2024-02-26,7844,"{""type"":""MultiPoint"",""coordinates"":[]}"
7845_0,-0.22545736,0.35914811,-0.2575357,2024-02-26,7845,"{""type"":""MultiPoint"",""coordinates"":[]}"
7846_0,0.20741184,0.86353946,0.13728042,2024-02-26,7846,"{""type"":""MultiPoint"",""coordinates"":[]}"
7847_0,-0.1944104,0.30850202,-0.2023692,2024-02-26,7847,"{""type"":""MultiPoint"",""coordinates"":[]}"
7848_0,-0.056803994,0.6024465,-0.037059724,2024-02-26,7848,"{""type"":""MultiPoint"",""coordinates"":[]}"
7849_0,-0.060118545,0.491076,-0.1245509,2024-02-26,7849,"{""type"":""MultiPoint"",""coordinates"":[]}"
7850_0,0.24276316,0.8268949,0.23749585,2024-02-26,7850,"{""type"":""MultiPoint"",""coordinates"":[]}"
7851_0,0.019779209,0.5502531,0.0030409356,2024-02-26,7851,"{""type"":""MultiPoint"",""coordinates"":[]}"
7852_0,0.21118793,0.8,0.19266646,2024-02-26,7852,"{""type"":""MultiPoint"",""coordinates"":[]}"
7853_0,0.1480826,0.7756184,0.16386798,2024-02-26,7853,"{""type"":""MultiPoint"",""coordinates"":[]}"
7854_0,0.2296664,0.8138234,0.23806927,2024-02-26,7854,"{""type"":""MultiPoint"",""coordinates"":[]}"
7855_0,0.06368773,0.6086956,0.06392811,2024-02-26,7855,"{""type"":""MultiPoint"",""coordinates"":[]}"
7856_0,-0.04104318,0.5492537,-0.07958324,2024-02-26,7856,"{""type"":""MultiPoint"",""coordinates"":[]}"
7857_0,-0.039775185,0.43060037,-0.040900238,2024-02-26,7857,"{""type"":""MultiPoint"",""coordinates"":[]}"
7858_0,0.39571282,0.8498388,0.38674033,2024-02-26,7858,"{""type"":""MultiPoint"",""coordinates"":[]}"
7859_0,0.29659212,0.71657556,0.28147948,2024-02-26,7859,"{""type"":""MultiPoint"",""coordinates"":[]}"
7860_0,0.47262517,0.82377625,0.48620924,2024-02-26,7860,"{""type"":""MultiPoint"",""coordinates"":[]}"
7861_0,-0.1394381,0.31227437,-0.20197585,2024-02-26,7861,"{""type"":""MultiPoint"",""coordinates"":[]}"
7862_0,0.21241565,0.7406297,0.2282465,2024-02-26,7862,"{""type"":""MultiPoint"",""coordinates"":[]}"
7863_0,0.21573876,0.580126,0.21300027,2024-02-26,7863,"{""type"":""MultiPoint"",""coordinates"":[]}"
7864_0,-0.13477609,0.33567417,-0.16395605,2024-02-26,7864,"{""type"":""MultiPoint"",""coordinates"":[]}"
7865_0,0.09135667,0.644753,0.09605442,2024-02-26,7865,"{""type"":""MultiPoint"",""coordinates"":[]}"
7866_0,0.015143017,0.62699157,-0.005727377,2024-02-26,7866,"{""type"":""MultiPoint"",""coordinates"":[]}"
7867_0,0.19116135,0.73333335,0.20625316,2024-02-26,7867,"{""type"":""MultiPoint"",""coordinates"":[]}"
7868_0,0.18605207,0.59654945,0.17080292,2024-02-26,7868,"{""type"":""MultiPoint"",""coordinates"":[]}"
7869_0,0.029484902,0.54330707,-0.0747443,2024-02-26,7869,"{""type"":""MultiPoint"",""coordinates"":[]}"
7870_0,0.35520685,0.8270999,0.24477862,2024-02-26,7870,"{""type"":""MultiPoint"",""coordinates"":[]}"
7871_0,0.14454111,0.5715323,0.1735358,2024-02-26,7871,"{""type"":""MultiPoint"",""coordinates"":[]}"
7872_0,-0.095636025,0.44461942,-0.1252384,2024-02-26,7872,"{""type"":""MultiPoint"",""coordinates"":[]}"
7873_0,-0.21350546,0.3456376,-0.20750988,2024-02-26,7873,"{""type"":""MultiPoint"",""coordinates"":[]}"
7874_0,0.036920305,0.52755904,0.042310275,2024-02-26,7874,"{""type"":""MultiPoint"",""coordinates"":[]}"
7875_0,-0.0968931,0.40509915,-0.16662,2024-02-26,7875,"{""type"":""MultiPoint"",""coordinates"":[]}"
7876_0,0.15452363,0.7564246,0.19634703,2024-02-26,7876,"{""type"":""MultiPoint"",""coordinates"":[]}"
7877_0,-0.058569267,0.5675676,-0.03969433,2024-02-26,7877,"{""type"":""MultiPoint"",""coordinates"":[]}"
7878_0,0.24558304,0.75207984,0.24357839,2024-02-26,7878,"{""type"":""MultiPoint"",""coordinates"":[]}"
7879_0,-0.024582967,0.51557904,0.04967427,2024-02-26,7879,"{""type"":""MultiPoint"",""coordinates"":[]}"
7880_0,0.26559713,0.8592275,0.2733686,2024-02-26,7880,"{""type"":""MultiPoint"",""coordinates"":[]}"
7881_0,0.1251337,0.6159479,0.0966317,2024-02-26,7881,"{""type"":""MultiPoint"",""coordinates"":[]}"
7882_0,0.12028007,0.7434237,0.10094557,2024-02-26,7882,"{""type"":""MultiPoint"",""coordinates"":[]}"
7883_0,0.15253374,0.6868009,0.15231788,2024-02-26,7883,"{""type"":""MultiPoint"",""coordinates"":[]}"
7884_0,0.059125964,0.5960429,0.028146574,2024-02-26,7884,"{""type"":""MultiPoint"",""coordinates"":[]}"
7885_0,-0.17985612,0.29696217,-0.19662058,2024-02-26,7885,"{""type"":""MultiPoint"",""coordinates"":[]}"
7886_0,0.30505416,0.78165936,0.32038835,2024-02-26,7886,"{""type"":""MultiPoint"",""coordinates"":[]}"
7887_0,0.14789236,0.61563516,0.16186461,2024-02-26,7887,"{""type"":""MultiPoint"",""coordinates"":[]}"
7888_0,0.05422174,0.6201859,0.02149037,2024-02-26,7888,"{""type"":""MultiPoint"",""coordinates"":[]}"
7889_0,0.23221825,0.6166505,0.17110799,2024-02-26,7889,"{""type"":""MultiPoint"",""coordinates"":[]}"
7890_0,0.18950437,0.6947296,0.15619892,2024-02-26,7890,"{""type"":""MultiPoint"",""coordinates"":[]}"
7891_0,0.16094705,0.7635934,0.17326343,2024-02-26,7891,"{""type"":""MultiPoint"",""coordinates"":[]}"
7892_0,0.2988436,0.8036176,0.29020333,2024-02-26,7892,"{""type"":""MultiPoint"",""coordinates"":[]}"
7893_0,0.28455284,0.79954094,0.29658213,2024-02-26,7893,"{""type"":""MultiPoint"",""coordinates"":[]}"
7894_0,0.3838473,0.8452915,0.5167012,2024-02-26,7894,"{""type"":""MultiPoint"",""coordinates"":[]}"
7895_0,-2.9163022E-4,0.5162173,0.061559506,2024-02-26,7895,"{""type"":""MultiPoint"",""coordinates"":[]}"
7896_0,0.40463215,0.8274209,0.37122303,2024-02-26,7896,"{""type"":""MultiPoint"",""coordinates"":[]}"
7897_0,0.27081138,0.7240642,0.21660377,2024-02-26,7897,"{""type"":""MultiPoint"",""coordinates"":[]}"
7898_0,-0.0059911436,0.555724,0.030379111,2024-02-26,7898,"{""type"":""MultiPoint"",""coordinates"":[]}"
7899_0,-0.12192192,0.38015607,-0.20283322,2024-02-26,7899,"{""type"":""MultiPoint"",""coordinates"":[]}"
7900_0,0.20763984,0.8122322,0.23133934,2024-02-26,7900,"{""type"":""MultiPoint"",""coordinates"":[]}"
7901_0,0.0055197794,0.48434377,0.015034169,2024-02-26,7901,"{""type"":""MultiPoint"",""coordinates"":[]}"
7902_0,0.24746099,0.6883117,0.26244235,2024-02-26,7902,"{""type"":""MultiPoint"",""coordinates"":[]}"
7903_0,0.087135136,0.53014827,0.047597565,2024-02-26,7903,"{""type"":""MultiPoint"",""coordinates"":[]}"
7904_0,0.23379052,0.74507964,0.20478809,2024-02-26,7904,"{""type"":""MultiPoint"",""coordinates"":[]}"
7905_0,0.23369566,0.8004307,0.28024504,2024-02-26,7905,"{""type"":""MultiPoint"",""coordinates"":[]}"
7906_0,0.39514622,0.841919,0.4133977,2024-02-26,7906,"{""type"":""MultiPoint"",""coordinates"":[]}"
7907_0,0.21476015,0.70698464,0.30638853,2024-02-26,7907,"{""type"":""MultiPoint"",""coordinates"":[]}"
7908_0,0.16686675,0.78158456,0.23031424,2024-02-26,7908,"{""type"":""MultiPoint"",""coordinates"":[]}"
7909_0,0.043309633,0.5598018,-0.0036166366,2024-02-26,7909,"{""type"":""MultiPoint"",""coordinates"":[]}"
7910_0,0.37654686,0.8918919,0.47073537,2024-02-26,7910,"{""type"":""MultiPoint"",""coordinates"":[]}"
7911_0,0.3459171,0.8268184,0.39689746,2024-02-26,7911,"{""type"":""MultiPoint"",""coordinates"":[]}"
7912_0,0.15723573,0.6683064,0.15130942,2024-02-26,7912,"{""type"":""MultiPoint"",""coordinates"":[]}"
7913_0,0.081385024,0.59534466,0.0689862,2024-02-26,7913,"{""type"":""MultiPoint"",""coordinates"":[]}"
7914_0,0.18486719,0.68711656,0.18311374,2024-02-26,7914,"{""type"":""MultiPoint"",""coordinates"":[]}"
7915_0,-0.070131496,0.49405405,-0.105791,2024-02-26,7915,"{""type"":""MultiPoint"",""coordinates"":[]}"
7916_0,0.2547307,0.817288,0.26815322,2024-02-26,7916,"{""type"":""MultiPoint"",""coordinates"":[]}"
7917_0,0.112786315,0.7558248,0.103690684,2024-02-26,7917,"{""type"":""MultiPoint"",""coordinates"":[]}"
7918_0,0.35496482,0.8055866,0.32404754,2024-02-26,7918,"{""type"":""MultiPoint"",""coordinates"":[]}"
7919_0,0.19367589,0.74636513,0.20445682,2024-02-26,7919,"{""type"":""MultiPoint"",""coordinates"":[]}"
7920_0,0.20330237,0.65802383,0.21023017,2024-02-26,7920,"{""type"":""MultiPoint"",""coordinates"":[]}"
7921_0,-0.078314684,0.4019577,-0.0100334445,2024-02-26,7921,"{""type"":""MultiPoint"",""coordinates"":[]}"
7922_0,0.22073877,0.70362973,0.18728243,2024-02-26,7922,"{""type"":""MultiPoint"",""coordinates"":[]}"
7923_0,0.17248791,0.7690593,0.12599319,2024-02-26,7923,"{""type"":""MultiPoint"",""coordinates"":[]}"
7924_0,0.04375531,0.5432223,0.009460947,2024-02-26,7924,"{""type"":""MultiPoint"",""coordinates"":[]}"
7925_0,0.1315627,0.6475694,0.14891042,2024-02-26,7925,"{""type"":""MultiPoint"",""coordinates"":[]}"
7926_0,0.2027417,0.7278481,0.1943128,2024-02-26,7926,"{""type"":""MultiPoint"",""coordinates"":[]}"
7927_0,0.27648765,0.80678314,0.27622506,2024-02-26,7927,"{""type"":""MultiPoint"",""coordinates"":[]}"
7928_0,0.41449085,0.81517,0.3977845,2024-02-26,7928,"{""type"":""MultiPoint"",""coordinates"":[]}"
7929_0,0.2705448,0.7471801,0.3092393,2024-02-26,7929,"{""type"":""MultiPoint"",""coordinates"":[]}"
7930_0,0.44111675,0.8621604,0.43697265,2024-02-26,7930,"{""type"":""MultiPoint"",""coordinates"":[]}"
7931_0,0.32581252,0.8104601,0.29434916,2024-02-26,7931,"{""type"":""MultiPoint"",""coordinates"":[]}"
7940_0,0.20103687,0.8181818,0.24352331,2024-02-26,7940,"{""type"":""MultiPoint"",""coordinates"":[]}"
8480_0,0.15388522,0.6682316,0.122696154,2024-02-26,8480,"{""type"":""MultiPoint"",""coordinates"":[]}"
8481_0,0.047896996,0.5458015,-0.065923505,2024-02-26,8481,"{""type"":""MultiPoint"",""coordinates"":[]}"
8482_0,-0.22139038,0.33472586,-0.2824256,2024-02-26,8482,"{""type"":""MultiPoint"",""coordinates"":[]}"
8483_0,-0.20501436,0.38519925,-0.22484736,2024-02-26,8483,"{""type"":""MultiPoint"",""coordinates"":[]}"
8484_0,-0.21921238,0.2939189,-0.27220902,2024-02-26,8484,"{""type"":""MultiPoint"",""coordinates"":[]}"
8485_0,0.23805998,0.8650576,0.24587761,2024-02-26,8485,"{""type"":""MultiPoint"",""coordinates"":[]}"
8486_0,0.06516619,0.6146509,0.08457202,2024-02-26,8486,"{""type"":""MultiPoint"",""coordinates"":[]}"
8487_0,-0.062200956,0.3908282,-0.113631405,2024-02-26,8487,"{""type"":""MultiPoint"",""coordinates"":[]}"
8488_0,0.21941638,0.7109244,0.18821126,2024-02-26,8488,"{""type"":""MultiPoint"",""coordinates"":[]}"
8489_0,0.18724526,0.7592105,0.22407873,2024-02-26,8489,"{""type"":""MultiPoint"",""coordinates"":[]}"
8490_0,0.033816423,0.015256588,0.022346368,2024-02-26,8490,"{""type"":""MultiPoint"",""coordinates"":[]}"
8491_0,-0.21215756,0.31883073,-0.21947294,2024-02-26,8491,"{""type"":""MultiPoint"",""coordinates"":[]}"
8492_0,-0.22168879,0.37623113,-0.34724385,2024-02-26,8492,"{""type"":""MultiPoint"",""coordinates"":[]}"
8493_0,0.18438624,0.67596835,0.11777778,2024-02-26,8493,"{""type"":""MultiPoint"",""coordinates"":[]}"
8494_0,-0.14755839,0.37588653,-0.1642434,2024-02-26,8494,"{""type"":""MultiPoint"",""coordinates"":[]}"
8495_0,0.020926757,0.5599785,0.050724637,2024-02-26,8495,"{""type"":""MultiPoint"",""coordinates"":[]}"
8496_0,-0.11893061,0.37286323,-0.05096012,2024-02-26,8496,"{""type"":""MultiPoint"",""coordinates"":[]}"
8497_0,-0.14832535,0.45816073,-0.10204082,2024-02-26,8497,"{""type"":""MultiPoint"",""coordinates"":[]}"
8498_0,-0.1627815,0.30047506,-0.14669783,2024-02-26,8498,"{""type"":""MultiPoint"",""coordinates"":[]}"
8499_0,-0.17356713,0.2883232,-0.21642545,2024-02-26,8499,"{""type"":""MultiPoint"",""coordinates"":[]}"
8500_0,0.12340736,0.71779144,0.07526882,2024-02-26,8500,"{""type"":""MultiPoint"",""coordinates"":[]}"
8501_0,0.1652285,0.75289965,0.14191853,2024-02-26,8501,"{""type"":""MultiPoint"",""coordinates"":[]}"
8502_0,0.024137931,0.5010482,0.04044563,2024-02-26,8502,"{""type"":""MultiPoint"",""coordinates"":[]}"
8503_0,0.27150086,0.81653225,0.25052047,2024-02-26,8503,"{""type"":""MultiPoint"",""coordinates"":[]}"
8504_0,-0.1621937,0.3122807,-0.14220184,2024-02-26,8504,"{""type"":""MultiPoint"",""coordinates"":[]}"
8505_0,-0.13089731,0.19199058,-0.09420452,2024-02-26,8505,"{""type"":""MultiPoint"",""coordinates"":[]}"
8506_0,0.11289804,0.42446044,0.069186635,2024-02-26,8506,"{""type"":""MultiPoint"",""coordinates"":[]}"
8507_0,-0.21629655,0.29551452,-0.27820653,2024-02-26,8507,"{""type"":""MultiPoint"",""coordinates"":[]}"
8508_0,0.31613755,0.7730737,0.33887467,2024-02-26,8508,"{""type"":""MultiPoint"",""coordinates"":[]}"
8509_0,0.28798342,0.78105056,0.27521968,2024-02-26,8509,"{""type"":""MultiPoint"",""coordinates"":[]}"
8510_0,0.091817945,0.6475513,0.065511644,2024-02-26,8510,"{""type"":""MultiPoint"",""coordinates"":[]}"
8511_0,0.1692778,0.592719,0.12585445,2024-02-26,8511,"{""type"":""MultiPoint"",""coordinates"":[]}"
8512_0,-0.21758242,0.37211636,-0.17266405,2024-02-26,8512,"{""type"":""MultiPoint"",""coordinates"":[]}"
8513_0,0.040659986,0.66631687,-0.012437811,2024-02-26,8513,"{""type"":""MultiPoint"",""coordinates"":[]}"
8514_0,-0.15492958,0.2821088,-0.19050992,2024-02-26,8514,"{""type"":""MultiPoint"",""coordinates"":[]}"
8515_0,-0.07824904,0.39027596,-0.058090363,2024-02-26,8515,"{""type"":""MultiPoint"",""coordinates"":[]}"
8516_0,0.0576253,0.5406844,0.070824526,2024-02-26,8516,"{""type"":""MultiPoint"",""coordinates"":[]}"
8517_0,-0.18352513,0.4424166,-0.26064515,2024-02-26,8517,"{""type"":""MultiPoint"",""coordinates"":[]}"
8518_0,0.29312426,0.7168597,0.20560326,2024-02-26,8518,"{""type"":""MultiPoint"",""coordinates"":[]}"
8519_0,0.052221358,0.15406163,0.008156607,2024-02-26,8519,"{""type"":""MultiPoint"",""coordinates"":[]}"
8520_0,-0.077345535,0.44043043,-0.113528855,2024-02-26,8520,"{""type"":""MultiPoint"",""coordinates"":[]}"
8521_0,-0.1513742,0.36893204,-0.15946348,2024-02-26,8521,"{""type"":""MultiPoint"",""coordinates"":[]}"
8522_0,-0.14263959,0.38788354,-0.12129515,2024-02-26,8522,"{""type"":""MultiPoint"",""coordinates"":[]}"
8523_0,-0.099742934,0.5300353,-0.10514079,2024-02-26,8523,"{""type"":""MultiPoint"",""coordinates"":[]}"
8524_0,-0.15649867,0.24919094,-0.1509019,2024-02-26,8524,"{""type"":""MultiPoint"",""coordinates"":[]}"
8525_0,0.08216136,0.65672845,0.05005107,2024-02-26,8525,"{""type"":""MultiPoint"",""coordinates"":[]}"
8526_0,0.20406942,0.68393326,0.18103448,2024-02-26,8526,"{""type"":""MultiPoint"",""coordinates"":[]}"
8527_0,-0.11764706,0.36988202,-0.12654868,2024-02-26,8527,"{""type"":""MultiPoint"",""coordinates"":[]}"
8528_0,-0.07233733,0.4262398,-0.12983531,2024-02-26,8528,"{""type"":""MultiPoint"",""coordinates"":[]}"
8529_0,0.042016808,0.5921483,0.09898382,2024-02-26,8529,"{""type"":""MultiPoint"",""coordinates"":[]}"
8530_0,-0.07390418,0.64903224,-0.24490398,2024-02-26,8530,"{""type"":""MultiPoint"",""coordinates"":[]}"
8531_0,-0.12064965,0.44087192,-0.122323655,2024-02-26,8531,"{""type"":""MultiPoint"",""coordinates"":[]}"
8532_0,-0.26789027,0.2620244,-0.272351,2024-02-26,8532,"{""type"":""MultiPoint"",""coordinates"":[]}"
8533_0,-0.18698592,0.26803443,-0.25779584,2024-02-26,8533,"{""type"":""MultiPoint"",""coordinates"":[]}"
8534_0,-0.17096774,0.5457876,-0.26480836,2024-02-26,8534,"{""type"":""MultiPoint"",""coordinates"":[]}"
8535_0,-0.19319148,0.31150442,-0.17322175,2024-02-26,8535,"{""type"":""MultiPoint"",""coordinates"":[]}"
8536_0,-0.08808583,0.50131696,-0.05966456,2024-02-26,8536,"{""type"":""MultiPoint"",""coordinates"":[]}"
8537_0,-0.12968619,0.46068603,-0.19016969,2024-02-26,8537,"{""type"":""MultiPoint"",""coordinates"":[]}"
8538_0,-0.12438258,0.45785123,-0.17338331,2024-02-26,8538,"{""type"":""MultiPoint"",""coordinates"":[]}"
8539_0,-0.107445806,0.44816053,-0.15139638,2024-02-26,8539,"{""type"":""MultiPoint"",""coordinates"":[]}"
8540_0,-0.16719915,0.404816,-0.17281969,2024-02-26,8540,"{""type"":""MultiPoint"",""coordinates"":[]}"
8541_0,0.11782683,0.7737143,0.088740796,2024-02-26,8541,"{""type"":""MultiPoint"",""coordinates"":[]}"
8542_0,-0.13747811,0.34114203,-0.17291196,2024-02-26,8542,"{""type"":""MultiPoint"",""coordinates"":[]}"
8543_0,-0.1863097,0.3629301,-0.27272728,2024-02-26,8543,"{""type"":""MultiPoint"",""coordinates"":[]}"
8544_0,-0.12032265,0.48869836,-0.13378684,2024-02-26,8544,"{""type"":""MultiPoint"",""coordinates"":[]}"
8545_0,-0.235,0.26268464,-0.27507374,2024-02-26,8545,"{""type"":""MultiPoint"",""coordinates"":[]}"
8546_0,-0.05228935,0.535461,-0.05715841,2024-02-26,8546,"{""type"":""MultiPoint"",""coordinates"":[]}"
8547_0,-0.032556094,0.4643399,-0.097498246,2024-02-26,8547,"{""type"":""MultiPoint"",""coordinates"":[]}"
8548_0,-0.18258706,0.42578125,-0.23898879,2024-02-26,8548,"{""type"":""MultiPoint"",""coordinates"":[]}"
8549_0,-0.21129707,0.37809187,-0.19504644,2024-02-26,8549,"{""type"":""MultiPoint"",""coordinates"":[]}"
8550_0,0.11729623,0.6801706,0.083906464,2024-02-26,8550,"{""type"":""MultiPoint"",""coordinates"":[]}"
8551_0,-0.15784314,0.4438406,-0.19413549,2024-02-26,8551,"{""type"":""MultiPoint"",""coordinates"":[]}"
8552_0,-0.13202748,0.4173765,-0.14425302,2024-02-26,8552,"{""type"":""MultiPoint"",""coordinates"":[]}"
8553_0,0.020730503,0.5900487,-0.006085193,2024-02-26,8553,"{""type"":""MultiPoint"",""coordinates"":[]}"
8554_0,0.010027347,0.59641254,-0.008356546,2024-02-26,8554,"{""type"":""MultiPoint"",""coordinates"":[]}"
8555_0,-0.16723193,0.3791786,-0.21543059,2024-02-26,8555,"{""type"":""MultiPoint"",""coordinates"":[]}"
8556_0,-0.084745765,0.47419748,-0.14554875,2024-02-26,8556,"{""type"":""MultiPoint"",""coordinates"":[]}"
8557_0,-0.13426058,0.4369287,-0.43534482,2024-02-26,8557,"{""type"":""MultiPoint"",""coordinates"":[]}"
8558_0,0.19531026,0.7544957,0.22925226,2024-02-26,8558,"{""type"":""MultiPoint"",""coordinates"":[]}"
8559_0,0.03448276,0.5166375,-0.0011534025,2024-02-26,8559,"{""type"":""MultiPoint"",""coordinates"":[]}"
8560_0,0.02022302,0.56062424,0.0015408321,2024-02-26,8560,"{""type"":""MultiPoint"",""coordinates"":[]}"
8561_0,0.34762275,0.8336851,0.443669,2024-02-26,8561,"{""type"":""MultiPoint"",""coordinates"":[]}"
8562_0,-0.08834586,0.46115035,-0.090737835,2024-02-26,8562,"{""type"":""MultiPoint"",""coordinates"":[]}"
8563_0,0.15927634,0.77978545,0.14161536,2024-02-26,8563,"{""type"":""MultiPoint"",""coordinates"":[]}"
8564_0,-0.033915047,0.48619074,-0.048064087,2024-02-26,8564,"{""type"":""MultiPoint"",""coordinates"":[]}"
8565_0,-0.09099223,0.52575636,-0.12229539,2024-02-26,8565,"{""type"":""MultiPoint"",""coordinates"":[]}"
8566_0,0.23992994,0.8228412,0.20249908,2024-02-26,8566,"{""type"":""MultiPoint"",""coordinates"":[]}"
8567_0,0.40667492,0.8471111,0.36800528,2024-02-26,8567,"{""type"":""MultiPoint"",""coordinates"":[]}"
8568_0,0.26603457,0.79360163,0.13817944,2024-02-26,8568,"{""type"":""MultiPoint"",""coordinates"":[]}"
8569_0,0.2863124,0.8403941,0.25537634,2024-02-26,8569,"{""type"":""MultiPoint"",""coordinates"":[]}"
8570_0,0.36445242,0.8575668,0.35939196,2024-02-26,8570,"{""type"":""MultiPoint"",""coordinates"":[]}"
8571_0,0.2596685,0.7077059,0.25725466,2024-02-26,8571,"{""type"":""MultiPoint"",""coordinates"":[]}"
8572_0,-0.055921856,0.47218737,-0.102498725,2024-02-26,8572,"{""type"":""MultiPoint"",""coordinates"":[]}"
8573_0,0.14343786,0.6919014,0.1315867,2024-02-26,8573,"{""type"":""MultiPoint"",""coordinates"":[]}"
8574_0,0.31243682,0.8521983,0.32,2024-02-26,8574,"{""type"":""MultiPoint"",""coordinates"":[]}"
8575_0,0.328315,0.8608913,0.3164408,2024-02-26,8575,"{""type"":""MultiPoint"",""coordinates"":[]}"
8576_0,0.43322477,0.8743295,0.4375551,2024-02-26,8576,"{""type"":""MultiPoint"",""coordinates"":[]}"
8577_0,-0.07101972,0.54462934,-0.10595447,2024-02-26,8577,"{""type"":""MultiPoint"",""coordinates"":[]}"
8578_0,0.1992032,0.761302,0.16125186,2024-02-26,8578,"{""type"":""MultiPoint"",""coordinates"":[]}"
8579_0,0.10449504,0.74242425,0.024173029,2024-02-26,8579,"{""type"":""MultiPoint"",""coordinates"":[]}"
8580_0,0.067208275,0.7205964,0.10457285,2024-02-26,8580,"{""type"":""MultiPoint"",""coordinates"":[]}"
8581_0,0.29513982,0.8809821,0.27037662,2024-02-26,8581,"{""type"":""MultiPoint"",""coordinates"":[]}"
8582_0,-0.11333334,0.4398093,-0.16052814,2024-02-26,8582,"{""type"":""MultiPoint"",""coordinates"":[]}"
8583_0,-0.05265537,0.480433,-0.13416119,2024-02-26,8583,"{""type"":""MultiPoint"",""coordinates"":[]}"
8584_0,0.19555438,0.69358015,0.17166212,2024-02-26,8584,"{""type"":""MultiPoint"",""coordinates"":[]}"
8585_0,0.18407643,0.7992868,0.15917295,2024-02-26,8585,"{""type"":""MultiPoint"",""coordinates"":[]}"
8586_0,0.35906643,0.7879811,0.4240387,2024-02-26,8586,"{""type"":""MultiPoint"",""coordinates"":[]}"
8587_0,-0.012148823,0.56490165,-0.015232292,2024-02-26,8587,"{""type"":""MultiPoint"",""coordinates"":[]}"
8588_0,0.1267106,0.64467007,0.016833095,2024-02-26,8588,"{""type"":""MultiPoint"",""coordinates"":[]}"
8589_0,-0.13987002,0.44461304,-0.17097242,2024-02-26,8589,"{""type"":""MultiPoint"",""coordinates"":[]}"
8590_0,0.44719204,0.83642447,0.43263757,2024-02-26,8590,"{""type"":""MultiPoint"",""coordinates"":[]}"
8591_0,0.2031203,0.68842614,0.22700815,2024-02-26,8591,"{""type"":""MultiPoint"",""coordinates"":[]}"
8592_0,0.2313099,0.744789,0.17574511,2024-02-26,8592,"{""type"":""MultiPoint"",""coordinates"":[]}"
8593_0,-0.08952959,0.712317,-0.181893,2024-02-26,8593,"{""type"":""MultiPoint"",""coordinates"":[]}"
8594_0,0.2860412,0.7714286,0.2994012,2024-02-26,8594,"{""type"":""MultiPoint"",""coordinates"":[]}"
8595_0,-0.19182561,0.37339902,-0.22144653,2024-02-26,8595,"{""type"":""MultiPoint"",""coordinates"":[]}"
8596_0,0.20671189,0.83777654,0.18637861,2024-02-26,8596,"{""type"":""MultiPoint"",""coordinates"":[]}"
8597_0,0.3801598,0.84417963,0.36731225,2024-02-26,8597,"{""type"":""MultiPoint"",""coordinates"":[]}"
8598_0,0.3665875,0.8254586,0.34479934,2024-02-26,8598,"{""type"":""MultiPoint"",""coordinates"":[]}"
8599_0,0.30225208,0.84108967,0.29500997,2024-02-26,8599,"{""type"":""MultiPoint"",""coordinates"":[]}"
8600_0,0.38508877,0.871712,0.21911632,2024-02-26,8600,"{""type"":""MultiPoint"",""coordinates"":[]}"
8601_0,0.16717792,0.7268386,0.2494817,2024-02-26,8601,"{""type"":""MultiPoint"",""coordinates"":[]}"
8602_0,-0.10331384,0.5053619,-0.062799916,2024-02-26,8602,"{""type"":""MultiPoint"",""coordinates"":[]}"
8603_0,0.47450796,0.84546137,0.37892377,2024-02-26,8603,"{""type"":""MultiPoint"",""coordinates"":[]}"
8604_0,-0.24546447,0.27753934,-0.22934197,2024-02-26,8604,"{""type"":""MultiPoint"",""coordinates"":[]}"
8605_0,0.353514,0.7760173,0.5271714,2024-02-26,8605,"{""type"":""MultiPoint"",""coordinates"":[]}"
8606_0,0.23022096,0.63703024,0.24633636,2024-02-26,8606,"{""type"":""MultiPoint"",""coordinates"":[]}"
8607_0,0.067477554,0.53223085,0.17010309,2024-02-26,8607,"{""type"":""MultiPoint"",""coordinates"":[]}"
8608_0,-0.08737864,0.42587346,-0.10065515,2024-02-26,8608,"{""type"":""MultiPoint"",""coordinates"":[]}"
8609_0,0.35721597,0.85227275,0.3498965,2024-02-26,8609,"{""type"":""MultiPoint"",""coordinates"":[]}"
8610_0,0.31414267,0.89484864,0.3691481,2024-02-26,8610,"{""type"":""MultiPoint"",""coordinates"":[]}"
8611_0,0.3308785,0.7690334,0.23832336,2024-02-26,8611,"{""type"":""MultiPoint"",""coordinates"":[]}"
8612_0,-0.089066915,0.46791443,-0.025515864,2024-02-26,8612,"{""type"":""MultiPoint"",""coordinates"":[]}"
8613_0,0.10585242,0.6534181,0.08418035,2024-02-26,8613,"{""type"":""MultiPoint"",""coordinates"":[]}"
8614_0,-0.12079102,0.38262478,-0.16726969,2024-02-26,8614,"{""type"":""MultiPoint"",""coordinates"":[]}"
8615_0,0.34712297,0.7977296,0.3348659,2024-02-26,8615,"{""type"":""MultiPoint"",""coordinates"":[]}"
8616_0,0.2769751,0.70411986,0.21495327,2024-02-26,8616,"{""type"":""MultiPoint"",""coordinates"":[]}"
8617_0,0.30073905,0.8530102,0.31666666,2024-02-26,8617,"{""type"":""MultiPoint"",""coordinates"":[]}"
8618_0,0.3586207,0.8123934,0.31139448,2024-02-26,8618,"{""type"":""MultiPoint"",""coordinates"":[]}"
8619_0,0.29931507,0.7556155,0.31273094,2024-02-26,8619,"{""type"":""MultiPoint"",""coordinates"":[]}"
8620_0,0.463865,0.861204,0.45110822,2024-02-26,8620,"{""type"":""MultiPoint"",""coordinates"":[]}"
9208_0,0.032506417,0.45575514,-0.016629213,2024-02-26,9208,"{""type"":""MultiPoint"",""coordinates"":[]}"
9209_0,0.023192361,0.5561731,-0.04576436,2024-02-26,9209,"{""type"":""MultiPoint"",""coordinates"":[]}"
9210_0,0.2576923,0.762598,0.23985821,2024-02-26,9210,"{""type"":""MultiPoint"",""coordinates"":[]}"
9211_0,0.1764706,0.721519,0.1956044,2024-02-26,9211,"{""type"":""MultiPoint"",""coordinates"":[]}"
9212_0,0.07726378,0.6694491,0.032258064,2024-02-26,9212,"{""type"":""MultiPoint"",""coordinates"":[]}"
9213_0,-0.14597774,0.37567666,-0.17738456,2024-02-26,9213,"{""type"":""MultiPoint"",""coordinates"":[]}"
9214_0,0.2765303,0.8115096,0.29749104,2024-02-26,9214,"{""type"":""MultiPoint"",""coordinates"":[]}"
9215_0,-0.1674281,0.35589942,-0.21544488,2024-02-26,9215,"{""type"":""MultiPoint"",""coordinates"":[]}"
9216_0,0.010660981,0.60034376,0.0016137708,2024-02-26,9216,"{""type"":""MultiPoint"",""coordinates"":[]}"
9217_0,0.16431361,0.8118105,0.0017940438,2024-02-26,9217,"{""type"":""MultiPoint"",""coordinates"":[]}"
9218_0,-0.19660756,0.3706607,-0.25668016,2024-02-26,9218,"{""type"":""MultiPoint"",""coordinates"":[]}"
9219_0,0.10542689,0.7300552,0.14247847,2024-02-26,9219,"{""type"":""MultiPoint"",""coordinates"":[]}"
9220_0,-0.050177097,0.5510588,-0.038225852,2024-02-26,9220,"{""type"":""MultiPoint"",""coordinates"":[]}"
9221_0,0.19344094,0.7136294,0.17418678,2024-02-26,9221,"{""type"":""MultiPoint"",""coordinates"":[]}"
9222_0,-0.09865229,0.3824746,-0.05159959,2024-02-26,9222,"{""type"":""MultiPoint"",""coordinates"":[]}"
9223_0,0.027393391,0.5952075,0.03959844,2024-02-26,9223,"{""type"":""MultiPoint"",""coordinates"":[]}"
9224_0,0.03334796,0.5818313,-0.00204685,2024-02-26,9224,"{""type"":""MultiPoint"",""coordinates"":[]}"
9225_0,0.069601424,0.102639295,0.05745279,2024-02-26,9225,"{""type"":""MultiPoint"",""coordinates"":[]}"
9226_0,-0.25151002,0.27565083,-0.21710527,2024-02-26,9226,"{""type"":""MultiPoint"",""coordinates"":[]}"
9227_0,0.31369048,0.82501143,0.26677266,2024-02-26,9227,"{""type"":""MultiPoint"",""coordinates"":[]}"
9228_0,-0.072765954,0.42551675,-0.11523999,2024-02-26,9228,"{""type"":""MultiPoint"",""coordinates"":[]}"
9229_0,0.2839037,0.8031384,0.25313947,2024-02-26,9229,"{""type"":""MultiPoint"",""coordinates"":[]}"
9230_0,-0.19695817,0.4206278,-0.19695817,2024-02-26,9230,"{""type"":""MultiPoint"",""coordinates"":[]}"
9231_0,0.2748221,0.82642996,0.2676249,2024-02-26,9231,"{""type"":""MultiPoint"",""coordinates"":[]}"
9232_0,-0.2025893,0.41800112,-0.3227848,2024-02-26,9232,"{""type"":""MultiPoint"",""coordinates"":[]}"
9233_0,-0.21619976,0.36243385,-0.31945822,2024-02-26,9233,"{""type"":""MultiPoint"",""coordinates"":[]}"
9234_0,0.08735492,0.66249377,0.05263158,2024-02-26,9234,"{""type"":""MultiPoint"",""coordinates"":[]}"
9235_0,-0.17288491,0.4125,-0.17042474,2024-02-26,9235,"{""type"":""MultiPoint"",""coordinates"":[]}"
9236_0,0.19879337,0.6547945,0.064129665,2024-02-26,9236,"{""type"":""MultiPoint"",""coordinates"":[]}"
9237_0,0.18448439,0.68946964,0.1208567,2024-02-26,9237,"{""type"":""MultiPoint"",""coordinates"":[]}"
9238_0,0.33777037,0.8076564,0.32105082,2024-02-26,9238,"{""type"":""MultiPoint"",""coordinates"":[]}"
9239_0,0.082345605,0.66239315,0.028080609,2024-02-26,9239,"{""type"":""MultiPoint"",""coordinates"":[]}"
9240_0,-0.21978582,0.3388506,-0.24324325,2024-02-26,9240,"{""type"":""MultiPoint"",""coordinates"":[]}"
9241_0,-0.22078568,0.30890498,-0.2302681,2024-02-26,9241,"{""type"":""MultiPoint"",""coordinates"":[]}"
9242_0,-0.132553,0.43354037,-0.21603261,2024-02-26,9242,"{""type"":""MultiPoint"",""coordinates"":[]}"
9243_0,0.118857905,0.65804064,0.14963153,2024-02-26,9243,"{""type"":""MultiPoint"",""coordinates"":[]}"
9244_0,-0.25585184,0.31836408,-0.30471557,2024-02-26,9244,"{""type"":""MultiPoint"",""coordinates"":[]}"
9245_0,0.30737135,0.7638225,0.26728788,2024-02-26,9245,"{""type"":""MultiPoint"",""coordinates"":[]}"
9246_0,0.1898105,0.73326725,0.14547837,2024-02-26,9246,"{""type"":""MultiPoint"",""coordinates"":[]}"
9247_0,0.092515595,0.6261225,0.06581059,2024-02-26,9247,"{""type"":""MultiPoint"",""coordinates"":[]}"
9248_0,0.085602865,0.026612539,0.112074755,2024-02-26,9248,"{""type"":""MultiPoint"",""coordinates"":[]}"
9249_0,-0.12266772,0.24396135,-0.15711948,2024-02-26,9249,"{""type"":""MultiPoint"",""coordinates"":[]}"
9250_0,-0.16444792,0.28010303,-0.1987102,2024-02-26,9250,"{""type"":""MultiPoint"",""coordinates"":[]}"
9251_0,-0.1862921,0.37553257,-0.13691044,2024-02-26,9251,"{""type"":""MultiPoint"",""coordinates"":[]}"
9252_0,-0.19862041,0.37041885,-0.1703645,2024-02-26,9252,"{""type"":""MultiPoint"",""coordinates"":[]}"
9253_0,0.1477997,0.58002675,0.115869015,2024-02-26,9253,"{""type"":""MultiPoint"",""coordinates"":[]}"
9254_0,0.21685433,0.6056338,0.1578125,2024-02-26,9254,"{""type"":""MultiPoint"",""coordinates"":[]}"
9255_0,0.060899653,0.58354115,-0.033117626,2024-02-26,9255,"{""type"":""MultiPoint"",""coordinates"":[]}"
9256_0,-0.14232558,0.37819025,-0.26545754,2024-02-26,9256,"{""type"":""MultiPoint"",""coordinates"":[]}"
9257_0,-0.08395678,0.18056175,0.00761035,2024-02-26,9257,"{""type"":""MultiPoint"",""coordinates"":[]}"
9258_0,-0.06581673,0.41823444,-0.06429026,2024-02-26,9258,"{""type"":""MultiPoint"",""coordinates"":[]}"
9259_0,0.32045206,0.7350126,0.2976639,2024-02-26,9259,"{""type"":""MultiPoint"",""coordinates"":[]}"
9260_0,0.46805555,0.85432893,0.45089605,2024-02-26,9260,"{""type"":""MultiPoint"",""coordinates"":[]}"
9261_0,0.077083334,0.6395257,0.078523144,2024-02-26,9261,"{""type"":""MultiPoint"",""coordinates"":[]}"
9262_0,0.32122287,0.76600987,0.30363637,2024-02-26,9262,"{""type"":""MultiPoint"",""coordinates"":[]}"
9263_0,-0.05043558,0.46524063,-0.022083426,2024-02-26,9263,"{""type"":""MultiPoint"",""coordinates"":[]}"
9264_0,0.159601,0.7288136,0.095302016,2024-02-26,9264,"{""type"":""MultiPoint"",""coordinates"":[]}"
9265_0,0.24937531,0.7659425,0.2531079,2024-02-26,9265,"{""type"":""MultiPoint"",""coordinates"":[]}"
9266_0,0.06397595,0.53557795,0.0072859745,2024-02-26,9266,"{""type"":""MultiPoint"",""coordinates"":[]}"
9267_0,-0.2006312,0.2699906,-0.32718664,2024-02-26,9267,"{""type"":""MultiPoint"",""coordinates"":[]}"
9268_0,-0.038117927,0.5418719,-0.1639399,2024-02-26,9268,"{""type"":""MultiPoint"",""coordinates"":[]}"
9269_0,0.05543376,0.5434555,-0.011401744,2024-02-26,9269,"{""type"":""MultiPoint"",""coordinates"":[]}"
9270_0,0.11566108,0.59596556,0.13983051,2024-02-26,9270,"{""type"":""MultiPoint"",""coordinates"":[]}"
9271_0,0.23907144,0.7563851,0.17245902,2024-02-26,9271,"{""type"":""MultiPoint"",""coordinates"":[]}"
9272_0,-0.094479226,0.50558215,-0.15184186,2024-02-26,9272,"{""type"":""MultiPoint"",""coordinates"":[]}"
9273_0,0.18473381,0.75147927,0.123145916,2024-02-26,9273,"{""type"":""MultiPoint"",""coordinates"":[]}"
9274_0,-0.10668861,0.31638417,-0.13889745,2024-02-26,9274,"{""type"":""MultiPoint"",""coordinates"":[]}"
9275_0,-0.11964411,0.22993931,-0.13451958,2024-02-26,9275,"{""type"":""MultiPoint"",""coordinates"":[]}"
9276_0,0.22199062,0.77901876,0.19795863,2024-02-26,9276,"{""type"":""MultiPoint"",""coordinates"":[]}"
9277_0,-0.15166461,0.3890762,-0.15261209,2024-02-26,9277,"{""type"":""MultiPoint"",""coordinates"":[]}"
9278_0,-0.17574021,0.39679456,-0.2625641,2024-02-26,9278,"{""type"":""MultiPoint"",""coordinates"":[]}"
9279_0,-0.0889811,0.4388807,-0.094531976,2024-02-26,9279,"{""type"":""MultiPoint"",""coordinates"":[]}"
9280_0,0.21152264,0.71677905,0.20188837,2024-02-26,9280,"{""type"":""MultiPoint"",""coordinates"":[]}"
9281_0,-0.2157061,0.24913494,-0.24961026,2024-02-26,9281,"{""type"":""MultiPoint"",""coordinates"":[]}"
9282_0,-0.079612695,0.49527666,-0.09403107,2024-02-26,9282,"{""type"":""MultiPoint"",""coordinates"":[]}"
9283_0,-0.15155062,0.44162437,-0.26804122,2024-02-26,9283,"{""type"":""MultiPoint"",""coordinates"":[]}"
9284_0,-0.09510802,0.6363636,-0.14754099,2024-02-26,9284,"{""type"":""MultiPoint"",""coordinates"":[]}"
9285_0,-0.14246042,0.4613583,-0.13740669,2024-02-26,9285,"{""type"":""MultiPoint"",""coordinates"":[]}"
9286_0,-0.14244348,0.15111239,-0.12564468,2024-02-26,9286,"{""type"":""MultiPoint"",""coordinates"":[]}"
9287_0,-0.013469827,0.55668014,-0.10032173,2024-02-26,9287,"{""type"":""MultiPoint"",""coordinates"":[]}"
9288_0,-0.065313555,0.4621072,-0.12813447,2024-02-26,9288,"{""type"":""MultiPoint"",""coordinates"":[]}"
9289_0,-0.1544186,0.48259643,-0.2232627,2024-02-26,9289,"{""type"":""MultiPoint"",""coordinates"":[]}"
9290_0,-0.24480805,0.29882354,-0.2835821,2024-02-26,9290,"{""type"":""MultiPoint"",""coordinates"":[]}"
9291_0,-0.08711656,0.4679967,-0.112785734,2024-02-26,9291,"{""type"":""MultiPoint"",""coordinates"":[]}"
9292_0,-0.0015007504,0.6348438,-0.037305698,2024-02-26,9292,"{""type"":""MultiPoint"",""coordinates"":[]}"
9293_0,-0.008645534,0.6109046,-0.09565217,2024-02-26,9293,"{""type"":""MultiPoint"",""coordinates"":[]}"
9294_0,-0.13843079,0.50418925,-0.19768664,2024-02-26,9294,"{""type"":""MultiPoint"",""coordinates"":[]}"
9295_0,-0.22768259,0.3031111,-0.30007163,2024-02-26,9295,"{""type"":""MultiPoint"",""coordinates"":[]}"
9296_0,-0.20376432,0.33430445,-0.23250942,2024-02-26,9296,"{""type"":""MultiPoint"",""coordinates"":[]}"
9297_0,0.044785667,0.6167604,0.02894309,2024-02-26,9297,"{""type"":""MultiPoint"",""coordinates"":[]}"
9298_0,-0.13372229,0.4113475,-0.20815718,2024-02-26,9298,"{""type"":""MultiPoint"",""coordinates"":[]}"
9299_0,-0.039447732,0.46619216,-0.122470714,2024-02-26,9299,"{""type"":""MultiPoint"",""coordinates"":[]}"
9300_0,-0.06968464,0.1017964,-0.118914604,2024-02-26,9300,"{""type"":""MultiPoint"",""coordinates"":[]}"
9301_0,-0.12615384,0.23059867,-0.10574018,2024-02-26,9301,"{""type"":""MultiPoint"",""coordinates"":[]}"
9302_0,-0.18274358,0.2620142,-0.23544304,2024-02-26,9302,"{""type"":""MultiPoint"",""coordinates"":[]}"
9303_0,0.28752375,0.8173474,0.2753623,2024-02-26,9303,"{""type"":""MultiPoint"",""coordinates"":[]}"
9304_0,-0.010789084,0.32598832,-0.077339344,2024-02-26,9304,"{""type"":""MultiPoint"",""coordinates"":[]}"
9305_0,-0.13375796,0.44554454,-0.14569923,2024-02-26,9305,"{""type"":""MultiPoint"",""coordinates"":[]}"
9306_0,0.11729623,0.7246377,0.10121457,2024-02-26,9306,"{""type"":""MultiPoint"",""coordinates"":[]}"
9307_0,-0.18855219,0.25059667,-0.14796747,2024-02-26,9307,"{""type"":""MultiPoint"",""coordinates"":[]}"
9308_0,0.25904146,0.7596899,0.18075423,2024-02-26,9308,"{""type"":""MultiPoint"",""coordinates"":[]}"
9309_0,0.16474292,0.5174207,0.18907906,2024-02-26,9309,"{""type"":""MultiPoint"",""coordinates"":[]}"
9310_0,0.3577352,0.80948645,0.34538037,2024-02-26,9310,"{""type"":""MultiPoint"",""coordinates"":[]}"
9311_0,0.010163228,0.6193088,-0.04249108,2024-02-26,9311,"{""type"":""MultiPoint"",""coordinates"":[]}"
9312_0,0.031023486,0.69491524,0.008602789,2024-02-26,9312,"{""type"":""MultiPoint"",""coordinates"":[]}"
9313_0,-0.20629519,0.25869703,-0.17530045,2024-02-26,9313,"{""type"":""MultiPoint"",""coordinates"":[]}"
9314_0,0.23899557,0.7953615,0.21030043,2024-02-26,9314,"{""type"":""MultiPoint"",""coordinates"":[]}"
9315_0,0.24381413,0.75979555,0.2449533,2024-02-26,9315,"{""type"":""MultiPoint"",""coordinates"":[]}"
9316_0,0.11473738,0.70877045,0.079533406,2024-02-26,9316,"{""type"":""MultiPoint"",""coordinates"":[]}"
9317_0,0.32436222,0.7828571,0.34882465,2024-02-26,9317,"{""type"":""MultiPoint"",""coordinates"":[]}"
9318_0,0.3074649,0.827957,0.18415324,2024-02-26,9318,"{""type"":""MultiPoint"",""coordinates"":[]}"
9319_0,0.13464527,0.73161614,0.109986685,2024-02-26,9319,"{""type"":""MultiPoint"",""coordinates"":[]}"
9320_0,0.38242123,0.81039757,0.31215367,2024-02-26,9320,"{""type"":""MultiPoint"",""coordinates"":[]}"
9321_0,0.27864715,0.7846154,0.23766337,2024-02-26,9321,"{""type"":""MultiPoint"",""coordinates"":[]}"
9322_0,0.33767772,0.7842283,0.24510466,2024-02-26,9322,"{""type"":""MultiPoint"",""coordinates"":[]}"
9323_0,-0.14981785,0.3958172,-0.16709036,2024-02-26,9323,"{""type"":""MultiPoint"",""coordinates"":[]}"
9324_0,0.1748354,0.6590214,0.123770066,2024-02-26,9324,"{""type"":""MultiPoint"",""coordinates"":[]}"
9325_0,-0.18789144,0.3602966,-0.2569956,2024-02-26,9325,"{""type"":""MultiPoint"",""coordinates"":[]}"
9326_0,-0.16436583,0.41447124,-0.17220412,2024-02-26,9326,"{""type"":""MultiPoint"",""coordinates"":[]}"
9327_0,-0.21828522,0.30871955,-0.25140417,2024-02-26,9327,"{""type"":""MultiPoint"",""coordinates"":[]}"
9328_0,0.06930693,0.6237458,0.11193816,2024-02-26,9328,"{""type"":""MultiPoint"",""coordinates"":[]}"
9329_0,0.14375453,0.6573495,0.17427772,2024-02-26,9329,"{""type"":""MultiPoint"",""coordinates"":[]}"
9330_0,0.16642207,0.69038314,0.20714684,2024-02-26,9330,"{""type"":""MultiPoint"",""coordinates"":[]}"
9331_0,0.25365752,0.7122442,0.18551832,2024-02-26,9331,"{""type"":""MultiPoint"",""coordinates"":[]}"
9332_0,-0.08133971,0.4808023,-0.100904666,2024-02-26,9332,"{""type"":""MultiPoint"",""coordinates"":[]}"
9333_0,0.21332389,0.8020833,0.21830986,2024-02-26,9333,"{""type"":""MultiPoint"",""coordinates"":[]}"
9334_0,0.23476891,0.77138156,0.19302133,2024-02-26,9334,"{""type"":""MultiPoint"",""coordinates"":[]}"
9335_0,-0.06698003,0.5124125,-0.06823529,2024-02-26,9335,"{""type"":""MultiPoint"",""coordinates"":[]}"
9336_0,0.043897953,0.66091526,0.031206334,2024-02-26,9336,"{""type"":""MultiPoint"",""coordinates"":[]}"
9337_0,0.2857836,0.77441543,0.27344522,2024-02-26,9337,"{""type"":""MultiPoint"",""coordinates"":[]}"
9338_0,-0.15011315,0.46728972,-0.18589577,2024-02-26,9338,"{""type"":""MultiPoint"",""coordinates"":[]}"
9339_0,-0.2459406,0.28,-0.27834213,2024-02-26,9339,"{""type"":""MultiPoint"",""coordinates"":[]}"
9340_0,0.27795526,0.76894224,0.3096362,2024-02-26,9340,"{""type"":""MultiPoint"",""coordinates"":[]}"
9341_0,0.3849711,0.8579068,0.39130434,2024-02-26,9341,"{""type"":""MultiPoint"",""coordinates"":[]}"
9342_0,0.21960156,0.7451147,0.09313465,2024-02-26,9342,"{""type"":""MultiPoint"",""coordinates"":[]}"
9343_0,0.10283942,0.5865281,0.08158281,2024-02-26,9343,"{""type"":""MultiPoint"",""coordinates"":[]}"
9344_0,-0.21134868,0.42222223,-0.122285716,2024-02-26,9344,"{""type"":""MultiPoint"",""coordinates"":[]}"
9345_0,-0.032428358,0.48642266,-0.041856926,2024-02-26,9345,"{""type"":""MultiPoint"",""coordinates"":[]}"
9346_0,0.029216794,0.5313741,-0.012548015,2024-02-26,9346,"{""type"":""MultiPoint"",""coordinates"":[]}"
9347_0,0.24965288,0.7417645,0.2599288,2024-02-26,9347,"{""type"":""MultiPoint"",""coordinates"":[]}"
9348_0,0.33226117,0.798419,0.27361792,2024-02-26,9348,"{""type"":""MultiPoint"",""coordinates"":[]}"
9349_0,0.005161896,0.58528954,-0.022672456,2024-02-26,9349,"{""type"":""MultiPoint"",""coordinates"":[]}"
9350_0,0.40677387,0.8392063,0.5122363,2024-02-26,9350,"{""type"":""MultiPoint"",""coordinates"":[]}"
9351_0,0.41278565,0.85204655,0.41683424,2024-02-26,9351,"{""type"":""MultiPoint"",""coordinates"":[]}"
9352_0,0.45038167,0.8619705,0.33606556,2024-02-26,9352,"{""type"":""MultiPoint"",""coordinates"":[]}"
9353_0,0.3545979,0.8057743,0.4863624,2024-02-26,9353,"{""type"":""MultiPoint"",""coordinates"":[]}"
9354_0,-0.20749937,0.27302906,-0.21674751,2024-02-26,9354,"{""type"":""MultiPoint"",""coordinates"":[]}"
9355_0,0.27316633,0.78230226,0.30804598,2024-02-26,9355,"{""type"":""MultiPoint"",""coordinates"":[]}"
9356_0,0.35499516,0.7783839,0.3245302,2024-02-26,9356,"{""type"":""MultiPoint"",""coordinates"":[]}"
9357_0,0.053701572,0.55609167,0.022389539,2024-02-26,9357,"{""type"":""MultiPoint"",""coordinates"":[]}"
9358_0,0.39567536,0.8235741,0.38054118,2024-02-26,9358,"{""type"":""MultiPoint"",""coordinates"":[]}"
9359_0,0.16895674,0.6651584,0.1497006,2024-02-26,9359,"{""type"":""MultiPoint"",""coordinates"":[]}"
9360_0,0.31899977,0.7701613,0.2877047,2024-02-26,9360,"{""type"":""MultiPoint"",""coordinates"":[]}"
9361_0,-0.20435308,0.283415,-0.23931979,2024-02-26,9361,"{""type"":""MultiPoint"",""coordinates"":[]}"
9362_0,0.08658609,0.6113689,0.093055286,2024-02-26,9362,"{""type"":""MultiPoint"",""coordinates"":[]}"
9363_0,0.40587696,0.8660664,0.43861172,2024-02-26,9363,"{""type"":""MultiPoint"",""coordinates"":[]}"
9364_0,0.25375125,0.73839664,0.29600504,2024-02-26,9364,"{""type"":""MultiPoint"",""coordinates"":[]}"
9365_0,0.11771562,0.7235622,0.102016605,2024-02-26,9365,"{""type"":""MultiPoint"",""coordinates"":[]}"
9366_0,0.18614475,0.6601478,0.13859911,2024-02-26,9366,"{""type"":""MultiPoint"",""coordinates"":[]}"
9367_0,0.25200555,0.7484472,0.24972253,2024-02-26,9367,"{""type"":""MultiPoint"",""coordinates"":[]}"
9368_0,0.08200213,0.7046205,0.09023747,2024-02-26,9368,"{""type"":""MultiPoint"",""coordinates"":[]}"
9369_0,-0.077270165,0.43822598,-0.16748166,2024-02-26,9369,"{""type"":""MultiPoint"",""coordinates"":[]}"
9370_0,0.31660983,0.8293805,0.2962127,2024-02-26,9370,"{""type"":""MultiPoint"",""coordinates"":[]}"
9371_0,0.20405369,0.7156943,0.17932788,2024-02-26,9371,"{""type"":""MultiPoint"",""coordinates"":[]}"
9372_0,0.3096411,0.75384617,0.27090302,2024-02-26,9372,"{""type"":""MultiPoint"",""coordinates"":[]}"
9373_0,0.2195122,0.7825726,0.2416185,2024-02-26,9373,"{""type"":""MultiPoint"",""coordinates"":[]}"
9374_0,0.2666076,0.85727525,0.23475046,2024-02-26,9374,"{""type"":""MultiPoint"",""coordinates"":[]}"
9375_0,0.09168242,0.7140679,0.07817746,2024-02-26,9375,"{""type"":""MultiPoint"",""coordinates"":[]}"
9376_0,0.16313823,0.7211155,0.125,2024-02-26,9376,"{""type"":""MultiPoint"",""coordinates"":[]}"
9377_0,0.17610514,0.6443452,0.12353838,2024-02-26,9377,"{""type"":""MultiPoint"",""coordinates"":[]}"
9378_0,0.28383395,0.76237625,0.2530799,2024-02-26,9378,"{""type"":""MultiPoint"",""coordinates"":[]}"
9379_0,0.25615364,0.7803468,0.2211838,2024-02-26,9379,"{""type"":""MultiPoint"",""coordinates"":[]}"
9380_0,0.3778059,0.84889644,0.3776091,2024-02-26,9380,"{""type"":""MultiPoint"",""coordinates"":[]}"
9381_0,0.27951154,0.7938719,0.29058117,2024-02-26,9381,"{""type"":""MultiPoint"",""coordinates"":[]}"
9382_0,0.36988378,0.80269694,0.3414312,2024-02-26,9382,"{""type"":""MultiPoint"",""coordinates"":[]}"
9383_0,0.19759904,0.81778103,0.19372739,2024-02-26,9383,"{""type"":""MultiPoint"",""coordinates"":[]}"
9387_0,0.257566,0.7179931,0.26537114,2024-02-26,9387,"{""type"":""MultiPoint"",""coordinates"":[]}"
9389_0,0.25711247,0.72801185,0.25194108,2024-02-26,9389,"{""type"":""MultiPoint"",""coordinates"":[]}"
9974_0,0.42964152,0.8551701,0.44188482,2024-02-26,9974,"{""type"":""MultiPoint"",""coordinates"":[]}"
9975_0,-0.29081914,0.35808384,-0.3486502,2024-02-26,9975,"{""type"":""MultiPoint"",""coordinates"":[]}"
9976_0,0.34793815,0.79564166,0.29378927,2024-02-26,9976,"{""type"":""MultiPoint"",""coordinates"":[]}"
9977_0,0.11405357,0.686723,0.07070707,2024-02-26,9977,"{""type"":""MultiPoint"",""coordinates"":[]}"
9978_0,0.14964215,0.7516843,0.164055,2024-02-26,9978,"{""type"":""MultiPoint"",""coordinates"":[]}"
9979_0,-0.050090525,0.41232228,-0.07739938,2024-02-26,9979,"{""type"":""MultiPoint"",""coordinates"":[]}"
9980_0,0.06260809,0.7030162,0.040028337,2024-02-26,9980,"{""type"":""MultiPoint"",""coordinates"":[]}"
9981_0,-0.22088155,0.33214763,-0.24666834,2024-02-26,9981,"{""type"":""MultiPoint"",""coordinates"":[]}"
9982_0,0.17760105,0.73903745,0.13428672,2024-02-26,9982,"{""type"":""MultiPoint"",""coordinates"":[]}"
9983_0,-0.18158236,0.3618729,-0.14615223,2024-02-26,9983,"{""type"":""MultiPoint"",""coordinates"":[]}"
9984_0,0.17694587,0.7651896,0.116763,2024-02-26,9984,"{""type"":""MultiPoint"",""coordinates"":[]}"
9985_0,-0.2095151,0.34839925,-0.29735035,2024-02-26,9985,"{""type"":""MultiPoint"",""coordinates"":[]}"
9986_0,0.21086077,0.79761904,0.21494253,2024-02-26,9986,"{""type"":""MultiPoint"",""coordinates"":[]}"
9987_0,-0.20707071,0.30232558,-0.17444718,2024-02-26,9987,"{""type"":""MultiPoint"",""coordinates"":[]}"
9988_0,-0.042431418,0.5217391,-0.051981676,2024-02-26,9988,"{""type"":""MultiPoint"",""coordinates"":[]}"
9989_0,0.079978526,0.61864406,0.054083884,2024-02-26,9989,"{""type"":""MultiPoint"",""coordinates"":[]}"
9990_0,0.15561225,0.70252424,0.1395893,2024-02-26,9990,"{""type"":""MultiPoint"",""coordinates"":[]}"
9991_0,-0.01942502,0.47351396,-0.038522426,2024-02-26,9991,"{""type"":""MultiPoint"",""coordinates"":[]}"
9992_0,-0.037121646,0.461867,-0.0640625,2024-02-26,9992,"{""type"":""MultiPoint"",""coordinates"":[]}"
9993_0,-0.03858093,0.5122699,-0.08576727,2024-02-26,9993,"{""type"":""MultiPoint"",""coordinates"":[]}"
9994_0,0.11321331,0.65413535,0.09554933,2024-02-26,9994,"{""type"":""MultiPoint"",""coordinates"":[]}"
9995_0,0.18417138,0.78677464,0.18319929,2024-02-26,9995,"{""type"":""MultiPoint"",""coordinates"":[]}"
9996_0,0.13062449,0.5474339,0.110491075,2024-02-26,9996,"{""type"":""MultiPoint"",""coordinates"":[]}"
9997_0,0.034780107,0.585693,-0.025343511,2024-02-26,9997,"{""type"":""MultiPoint"",""coordinates"":[]}"
9998_0,0.20479646,0.79591835,0.20050761,2024-02-26,9998,"{""type"":""MultiPoint"",""coordinates"":[]}"
9999_0,0.27170518,0.7670068,0.2811344,2024-02-26,9999,"{""type"":""MultiPoint"",""coordinates"":[]}"
10000_0,-0.092304945,0.23981434,-0.11989749,2024-02-26,10000,"{""type"":""MultiPoint"",""coordinates"":[]}"
10001_0,-0.08384953,0.21942315,-0.035657573,2024-02-26,10001,"{""type"":""MultiPoint"",""coordinates"":[]}"
10002_0,-0.13483493,0.25932062,-0.09496874,2024-02-26,10002,"{""type"":""MultiPoint"",""coordinates"":[]}"
10003_0,-0.13768116,0.36716077,-0.08192956,2024-02-26,10003,"{""type"":""MultiPoint"",""coordinates"":[]}"
10004_0,-0.1836636,0.42446044,-0.21448053,2024-02-26,10004,"{""type"":""MultiPoint"",""coordinates"":[]}"
10005_0,-0.21553297,0.4013346,-0.22672278,2024-02-26,10005,"{""type"":""MultiPoint"",""coordinates"":[]}"
10006_0,0.09219858,0.64426875,0.09243698,2024-02-26,10006,"{""type"":""MultiPoint"",""coordinates"":[]}"
10007_0,-0.120414175,0.24226646,-0.21486643,2024-02-26,10007,"{""type"":""MultiPoint"",""coordinates"":[]}"
10008_0,0.155044,0.7837838,0.2267658,2024-02-26,10008,"{""type"":""MultiPoint"",""coordinates"":[]}"
10009_0,-0.1986137,0.39784947,-0.26719278,2024-02-26,10009,"{""type"":""MultiPoint"",""coordinates"":[]}"
10010_0,0.08927063,0.6271478,0.0788949,2024-02-26,10010,"{""type"":""MultiPoint"",""coordinates"":[]}"
10011_0,0.30917552,0.71954423,0.30756414,2024-02-26,10011,"{""type"":""MultiPoint"",""coordinates"":[]}"
10012_0,0.058252428,0.9019608,0.0,2024-02-26,10012,"{""type"":""MultiPoint"",""coordinates"":[]}"
10013_0,0.21996616,0.81575656,0.2232519,2024-02-26,10013,"{""type"":""MultiPoint"",""coordinates"":[]}"
10014_0,0.13910072,0.6387249,-0.08231405,2024-02-26,10014,"{""type"":""MultiPoint"",""coordinates"":[]}"
10015_0,0.18535735,0.73239434,0.16795252,2024-02-26,10015,"{""type"":""MultiPoint"",""coordinates"":[]}"
10016_0,0.16794544,0.7176274,0.16818182,2024-02-26,10016,"{""type"":""MultiPoint"",""coordinates"":[]}"
10017_0,0.20561941,0.8100675,0.16733602,2024-02-26,10017,"{""type"":""MultiPoint"",""coordinates"":[]}"
10018_0,0.1675,0.5812133,0.0963365,2024-02-26,10018,"{""type"":""MultiPoint"",""coordinates"":[]}"
10019_0,-0.14311175,0.34523144,-0.14148425,2024-02-26,10019,"{""type"":""MultiPoint"",""coordinates"":[]}"
10020_0,-0.0875353,0.3886156,-0.15410958,2024-02-26,10020,"{""type"":""MultiPoint"",""coordinates"":[]}"
10021_0,0.13886179,0.6023222,0.111409396,2024-02-26,10021,"{""type"":""MultiPoint"",""coordinates"":[]}"
10022_0,0.12478749,0.61981064,-0.07294706,2024-02-26,10022,"{""type"":""MultiPoint"",""coordinates"":[]}"
10023_0,-0.0032697548,0.58787876,-0.07881629,2024-02-26,10023,"{""type"":""MultiPoint"",""coordinates"":[]}"
10024_0,0.3651256,0.8396299,0.46470228,2024-02-26,10024,"{""type"":""MultiPoint"",""coordinates"":[]}"
10025_0,0.057616893,0.65995973,0.02739726,2024-02-26,10025,"{""type"":""MultiPoint"",""coordinates"":[]}"
10026_0,-0.18561938,0.27369118,-0.2243745,2024-02-26,10026,"{""type"":""MultiPoint"",""coordinates"":[]}"
10027_0,-0.13619007,0.34885314,-0.15232357,2024-02-26,10027,"{""type"":""MultiPoint"",""coordinates"":[]}"
10028_0,-0.046573877,0.5390244,0.12703729,2024-02-26,10028,"{""type"":""MultiPoint"",""coordinates"":[]}"
10029_0,-0.18008988,0.17416482,-0.12859504,2024-02-26,10029,"{""type"":""MultiPoint"",""coordinates"":[]}"
10030_0,0.07751751,0.43119267,0.06692721,2024-02-26,10030,"{""type"":""MultiPoint"",""coordinates"":[]}"
10031_0,0.095939085,0.6183575,0.060406227,2024-02-26,10031,"{""type"":""MultiPoint"",""coordinates"":[]}"
10032_0,-0.14816473,0.4264181,-0.17579646,2024-02-26,10032,"{""type"":""MultiPoint"",""coordinates"":[]}"
10033_0,-0.10400379,0.3787173,-0.09543958,2024-02-26,10033,"{""type"":""MultiPoint"",""coordinates"":[]}"
10034_0,0.2056575,0.7011494,0.15010224,2024-02-26,10034,"{""type"":""MultiPoint"",""coordinates"":[]}"
10035_0,0.23180841,0.81524664,0.23603053,2024-02-26,10035,"{""type"":""MultiPoint"",""coordinates"":[]}"
10036_0,-0.105802044,0.31951642,-0.11981567,2024-02-26,10036,"{""type"":""MultiPoint"",""coordinates"":[]}"
10037_0,0.29564032,0.75812745,0.13327745,2024-02-26,10037,"{""type"":""MultiPoint"",""coordinates"":[]}"
10038_0,0.04669524,0.53112036,0.023341807,2024-02-26,10038,"{""type"":""MultiPoint"",""coordinates"":[]}"
10039_0,-0.06615679,0.11876248,-0.10854871,2024-02-26,10039,"{""type"":""MultiPoint"",""coordinates"":[]}"
10040_0,-0.10527539,0.5457014,-0.16397455,2024-02-26,10040,"{""type"":""MultiPoint"",""coordinates"":[]}"
10041_0,-0.13433495,0.25593328,-0.13458563,2024-02-26,10041,"{""type"":""MultiPoint"",""coordinates"":[]}"
10042_0,-0.064129084,0.437788,-0.15751575,2024-02-26,10042,"{""type"":""MultiPoint"",""coordinates"":[]}"
10043_0,-0.13054037,0.3766058,-0.15676123,2024-02-26,10043,"{""type"":""MultiPoint"",""coordinates"":[]}"
10044_0,-0.17084612,0.27598566,-0.20609552,2024-02-26,10044,"{""type"":""MultiPoint"",""coordinates"":[]}"
10045_0,0.2938053,0.7640118,0.19959879,2024-02-26,10045,"{""type"":""MultiPoint"",""coordinates"":[]}"
10046_0,0.22739561,0.62944984,0.22060606,2024-02-26,10046,"{""type"":""MultiPoint"",""coordinates"":[]}"
10047_0,-0.2279381,0.36692914,-0.25684932,2024-02-26,10047,"{""type"":""MultiPoint"",""coordinates"":[]}"
10048_0,0.16178483,0.6816,0.15717039,2024-02-26,10048,"{""type"":""MultiPoint"",""coordinates"":[]}"
10049_0,-0.20969118,0.2675357,-0.26901737,2024-02-26,10049,"{""type"":""MultiPoint"",""coordinates"":[]}"
10050_0,0.22782174,0.72654814,0.20599572,2024-02-26,10050,"{""type"":""MultiPoint"",""coordinates"":[]}"
10051_0,0.020182788,0.02393747,0.041296653,2024-02-26,10051,"{""type"":""MultiPoint"",""coordinates"":[]}"
10052_0,0.023290386,0.50793654,-0.018341513,2024-02-26,10052,"{""type"":""MultiPoint"",""coordinates"":[]}"
10053_0,-0.149987,0.42054263,-0.20282762,2024-02-26,10053,"{""type"":""MultiPoint"",""coordinates"":[]}"
10054_0,-0.21305841,0.311138,-0.2394663,2024-02-26,10054,"{""type"":""MultiPoint"",""coordinates"":[]}"
10055_0,-0.11884452,0.0982906,-0.16786401,2024-02-26,10055,"{""type"":""MultiPoint"",""coordinates"":[]}"
10056_0,-0.15272024,0.46145722,-0.20253529,2024-02-26,10056,"{""type"":""MultiPoint"",""coordinates"":[]}"
10057_0,0.047785547,0.623216,0.021556886,2024-02-26,10057,"{""type"":""MultiPoint"",""coordinates"":[]}"
10058_0,-0.106287,0.4669663,-0.091819696,2024-02-26,10058,"{""type"":""MultiPoint"",""coordinates"":[]}"
10059_0,-0.2063854,0.28901735,-0.17468542,2024-02-26,10059,"{""type"":""MultiPoint"",""coordinates"":[]}"
10060_0,-0.18439455,0.36783215,-0.24391186,2024-02-26,10060,"{""type"":""MultiPoint"",""coordinates"":[]}"
10061_0,-0.16022599,0.41105223,-0.15865493,2024-02-26,10061,"{""type"":""MultiPoint"",""coordinates"":[]}"
10062_0,-0.06358059,0.4683942,-0.009796134,2024-02-26,10062,"{""type"":""MultiPoint"",""coordinates"":[]}"
10063_0,0.021428572,0.61255115,-0.07366771,2024-02-26,10063,"{""type"":""MultiPoint"",""coordinates"":[]}"
10064_0,-0.1654321,0.2733378,-0.23609991,2024-02-26,10064,"{""type"":""MultiPoint"",""coordinates"":[]}"
10065_0,0.06737588,0.7098692,0.04467853,2024-02-26,10065,"{""type"":""MultiPoint"",""coordinates"":[]}"
10066_0,-0.20191388,0.35945484,-0.22297955,2024-02-26,10066,"{""type"":""MultiPoint"",""coordinates"":[]}"
10067_0,-0.1537158,0.39367312,-0.20080625,2024-02-26,10067,"{""type"":""MultiPoint"",""coordinates"":[]}"
10068_0,-0.13813414,0.3437297,-0.18309303,2024-02-26,10068,"{""type"":""MultiPoint"",""coordinates"":[]}"
10069_0,0.09606044,0.6457327,0.09922022,2024-02-26,10069,"{""type"":""MultiPoint"",""coordinates"":[]}"
10070_0,0.23649539,0.80767316,0.22031617,2024-02-26,10070,"{""type"":""MultiPoint"",""coordinates"":[]}"
10071_0,0.08655914,0.5959596,0.05479833,2024-02-26,10071,"{""type"":""MultiPoint"",""coordinates"":[]}"
10072_0,-0.038967744,0.44617668,-0.016409997,2024-02-26,10072,"{""type"":""MultiPoint"",""coordinates"":[]}"
10073_0,0.14981166,0.75900143,0.11063959,2024-02-26,10073,"{""type"":""MultiPoint"",""coordinates"":[]}"
10074_0,0.36155748,0.88782716,0.37488654,2024-02-26,10074,"{""type"":""MultiPoint"",""coordinates"":[]}"
10075_0,-0.15743756,0.44292238,-0.25559482,2024-02-26,10075,"{""type"":""MultiPoint"",""coordinates"":[]}"
10076_0,0.15275063,0.6927083,0.12489184,2024-02-26,10076,"{""type"":""MultiPoint"",""coordinates"":[]}"
10077_0,-0.18904686,0.37911832,-0.20619658,2024-02-26,10077,"{""type"":""MultiPoint"",""coordinates"":[]}"
10078_0,0.26153025,0.7673667,0.22474112,2024-02-26,10078,"{""type"":""MultiPoint"",""coordinates"":[]}"
10079_0,0.2823462,0.8329198,0.27944574,2024-02-26,10079,"{""type"":""MultiPoint"",""coordinates"":[]}"
10080_0,0.18347895,0.74718195,0.16918103,2024-02-26,10080,"{""type"":""MultiPoint"",""coordinates"":[]}"
10081_0,0.41925132,0.9165927,0.49791956,2024-02-26,10081,"{""type"":""MultiPoint"",""coordinates"":[]}"
10082_0,-0.09415149,0.31080267,-0.1355224,2024-02-26,10082,"{""type"":""MultiPoint"",""coordinates"":[]}"
10083_0,0.14799054,0.62125343,0.13821138,2024-02-26,10083,"{""type"":""MultiPoint"",""coordinates"":[]}"
10084_0,-0.10317195,0.5153313,-0.03768844,2024-02-26,10084,"{""type"":""MultiPoint"",""coordinates"":[]}"
10085_0,-0.24721754,0.41712707,-0.28626087,2024-02-26,10085,"{""type"":""MultiPoint"",""coordinates"":[]}"
10086_0,0.398461,0.8564791,0.33333334,2024-02-26,10086,"{""type"":""MultiPoint"",""coordinates"":[]}"
10087_0,-0.10211706,0.557047,-0.119544595,2024-02-26,10087,"{""type"":""MultiPoint"",""coordinates"":[]}"
10088_0,0.32910296,0.81247663,0.35190862,2024-02-26,10088,"{""type"":""MultiPoint"",""coordinates"":[]}"
10089_0,0.2837838,0.8281647,0.28199643,2024-02-26,10089,"{""type"":""MultiPoint"",""coordinates"":[]}"
10090_0,0.4132539,0.91981673,0.36038962,2024-02-26,10090,"{""type"":""MultiPoint"",""coordinates"":[]}"
10091_0,0.34901097,0.75670373,0.28917685,2024-02-26,10091,"{""type"":""MultiPoint"",""coordinates"":[]}"
10092_0,0.20297644,0.847482,0.14234875,2024-02-26,10092,"{""type"":""MultiPoint"",""coordinates"":[]}"
10093_0,-0.117858306,0.4533407,-0.13077939,2024-02-26,10093,"{""type"":""MultiPoint"",""coordinates"":[]}"
10094_0,-0.2106459,0.34583822,-0.2379688,2024-02-26,10094,"{""type"":""MultiPoint"",""coordinates"":[]}"
10095_0,0.04369879,0.5670886,0.0050740815,2024-02-26,10095,"{""type"":""MultiPoint"",""coordinates"":[]}"
10096_0,0.16889709,0.7616959,0.14462122,2024-02-26,10096,"{""type"":""MultiPoint"",""coordinates"":[]}"
10097_0,0.08704319,0.647587,0.0330753,2024-02-26,10097,"{""type"":""MultiPoint"",""coordinates"":[]}"
10098_0,-0.011228946,0.57150805,-0.06890867,2024-02-26,10098,"{""type"":""MultiPoint"",""coordinates"":[]}"
10099_0,0.14424075,0.7250859,0.09806781,2024-02-26,10099,"{""type"":""MultiPoint"",""coordinates"":[]}"
10100_0,0.383409,0.8197425,0.2600297,2024-02-26,10100,"{""type"":""MultiPoint"",""coordinates"":[]}"
10101_0,0.24412608,0.7085502,0.2706663,2024-02-26,10101,"{""type"":""MultiPoint"",""coordinates"":[]}"
10102_0,-0.0336866,0.5157621,-0.07880703,2024-02-26,10102,"{""type"":""MultiPoint"",""coordinates"":[]}"
10103_0,0.024521934,0.48411867,-0.00978109,2024-02-26,10103,"{""type"":""MultiPoint"",""coordinates"":[]}"
10104_0,0.09457618,0.6916628,0.04457866,2024-02-26,10104,"{""type"":""MultiPoint"",""coordinates"":[]}"
10105_0,0.3374645,0.8569904,0.34086823,2024-02-26,10105,"{""type"":""MultiPoint"",""coordinates"":[]}"
10106_0,0.0025374857,0.43440235,-0.046973366,2024-02-26,10106,"{""type"":""MultiPoint"",""coordinates"":[]}"
10107_0,0.21426317,0.6925647,0.2387649,2024-02-26,10107,"{""type"":""MultiPoint"",""coordinates"":[]}"
10108_0,0.09139785,0.49888,0.07185355,2024-02-26,10108,"{""type"":""MultiPoint"",""coordinates"":[]}"
10109_0,0.19834924,0.65415645,0.20552148,2024-02-26,10109,"{""type"":""MultiPoint"",""coordinates"":[]}"
10110_0,0.028132992,0.667587,-0.0033003301,2024-02-26,10110,"{""type"":""MultiPoint"",""coordinates"":[]}"
10111_0,0.20317385,0.7227878,0.140783,2024-02-26,10111,"{""type"":""MultiPoint"",""coordinates"":[]}"
10112_0,0.20278378,0.68089575,0.18237755,2024-02-26,10112,"{""type"":""MultiPoint"",""coordinates"":[]}"
10113_0,-0.14176245,0.39249772,-0.18977907,2024-02-26,10113,"{""type"":""MultiPoint"",""coordinates"":[]}"
10114_0,0.058666665,0.5942948,-0.025665859,2024-02-26,10114,"{""type"":""MultiPoint"",""coordinates"":[]}"
10115_0,-0.022262199,0.46035433,0.050344683,2024-02-26,10115,"{""type"":""MultiPoint"",""coordinates"":[]}"
10116_0,0.473467,0.83187526,0.45895183,2024-02-26,10116,"{""type"":""MultiPoint"",""coordinates"":[]}"
10117_0,0.048835125,0.48828125,0.036969833,2024-02-26,10117,"{""type"":""MultiPoint"",""coordinates"":[]}"
10118_0,0.17032443,0.64019006,0.16293623,2024-02-26,10118,"{""type"":""MultiPoint"",""coordinates"":[]}"
10119_0,0.24142353,0.78190255,0.23751208,2024-02-26,10119,"{""type"":""MultiPoint"",""coordinates"":[]}"
10120_0,0.26490065,0.7368188,0.23231688,2024-02-26,10120,"{""type"":""MultiPoint"",""coordinates"":[]}"
10121_0,0.3663518,0.8506835,0.3604741,2024-02-26,10121,"{""type"":""MultiPoint"",""coordinates"":[]}"
10122_0,-0.10443795,0.43575418,-0.1480663,2024-02-26,10122,"{""type"":""MultiPoint"",""coordinates"":[]}"
10123_0,0.41683424,0.8426159,0.43280247,2024-02-26,10123,"{""type"":""MultiPoint"",""coordinates"":[]}"
10124_0,0.19683602,0.7127937,0.1970803,2024-02-26,10124,"{""type"":""MultiPoint"",""coordinates"":[]}"
10125_0,0.23834607,0.827476,0.22549544,2024-02-26,10125,"{""type"":""MultiPoint"",""coordinates"":[]}"
10126_0,0.235313,0.7872745,0.2248617,2024-02-26,10126,"{""type"":""MultiPoint"",""coordinates"":[]}"
10127_0,0.29279628,0.8064516,0.3517927,2024-02-26,10127,"{""type"":""MultiPoint"",""coordinates"":[]}"
10128_0,0.33828148,0.8184237,0.4045723,2024-02-26,10128,"{""type"":""MultiPoint"",""coordinates"":[]}"
10129_0,0.12520431,0.640588,0.12777053,2024-02-26,10129,"{""type"":""MultiPoint"",""coordinates"":[]}"
10130_0,0.39336494,0.8225864,0.40318158,2024-02-26,10130,"{""type"":""MultiPoint"",""coordinates"":[]}"
10131_0,0.431127,0.8313253,0.32698414,2024-02-26,10131,"{""type"":""MultiPoint"",""coordinates"":[]}"
10132_0,-0.09326301,0.44354838,-0.12039312,2024-02-26,10132,"{""type"":""MultiPoint"",""coordinates"":[]}"
10133_0,0.31034482,0.87139106,0.2870036,2024-02-26,10133,"{""type"":""MultiPoint"",""coordinates"":[]}"
10134_0,0.21546096,0.8090825,0.13028373,2024-02-26,10134,"{""type"":""MultiPoint"",""coordinates"":[]}"
10135_0,-0.14211988,0.44444445,-0.19204475,2024-02-26,10135,"{""type"":""MultiPoint"",""coordinates"":[]}"
10136_0,0.20686835,0.7640264,0.19009185,2024-02-26,10136,"{""type"":""MultiPoint"",""coordinates"":[]}"
10137_0,-0.11154752,0.44147843,-0.14667746,2024-02-26,10137,"{""type"":""MultiPoint"",""coordinates"":[]}"
10138_0,0.23190263,0.78105056,0.2041155,2024-02-26,10138,"{""type"":""MultiPoint"",""coordinates"":[]}"
10139_0,0.22470063,0.759886,0.19873817,2024-02-26,10139,"{""type"":""MultiPoint"",""coordinates"":[]}"
10140_0,0.226366,0.7312939,0.22027972,2024-02-26,10140,"{""type"":""MultiPoint"",""coordinates"":[]}"
10141_0,0.18108033,0.7396569,0.0818952,2024-02-26,10141,"{""type"":""MultiPoint"",""coordinates"":[]}"
10142_0,0.0930289,0.69858587,0.05920887,2024-02-26,10142,"{""type"":""MultiPoint"",""coordinates"":[]}"
10143_0,0.31516185,0.8331288,0.3002611,2024-02-26,10143,"{""type"":""MultiPoint"",""coordinates"":[]}"
10144_0,0.2528257,0.866462,0.318872,2024-02-26,10144,"{""type"":""MultiPoint"",""coordinates"":[]}"
10145_0,0.19337016,0.7384556,0.1648466,2024-02-26,10145,"{""type"":""MultiPoint"",""coordinates"":[]}"
10146_0,0.07865169,0.5825801,0.044185415,2024-02-26,10146,"{""type"":""MultiPoint"",""coordinates"":[]}"
10147_0,0.2178289,0.6995516,0.16436252,2024-02-26,10147,"{""type"":""MultiPoint"",""coordinates"":[]}"
10148_0,0.38083068,0.78797615,0.3356188,2024-02-26,10148,"{""type"":""MultiPoint"",""coordinates"":[]}"
10149_0,0.0671567,0.559799,0.05291723,2024-02-26,10149,"{""type"":""MultiPoint"",""coordinates"":[]}"
10150_0,0.4127121,0.84029037,0.4974157,2024-02-26,10150,"{""type"":""MultiPoint"",""coordinates"":[]}"
10152_0,0.4193297,0.8712163,0.39059305,2024-02-26,10152,"{""type"":""MultiPoint"",""coordinates"":[]}"
10154_0,0.2882958,0.7731653,0.30283225,2024-02-26,10154,"{""type"":""MultiPoint"",""coordinates"":[]}"
10155_0,0.30820546,0.7651822,0.2542251,2024-02-26,10155,"{""type"":""MultiPoint"",""coordinates"":[]}"
10726_0,0.024971878,0.63314503,2.3068051E-4,2024-02-26,10726,"{""type"":""MultiPoint"",""coordinates"":[]}"
10727_0,0.0028105679,0.57649255,-0.024249423,2024-02-26,10727,"{""type"":""MultiPoint"",""coordinates"":[]}"
10728_0,-0.1705379,0.3805054,-0.33402994,2024-02-26,10728,"{""type"":""MultiPoint"",""coordinates"":[]}"
10729_0,0.22564974,0.75967133,0.23439,2024-02-26,10729,"{""type"":""MultiPoint"",""coordinates"":[]}"
10730_0,0.2458493,0.7690678,0.17151876,2024-02-26,10730,"{""type"":""MultiPoint"",""coordinates"":[]}"
10731_0,0.16706635,0.84261715,0.14285715,2024-02-26,10731,"{""type"":""MultiPoint"",""coordinates"":[]}"
10732_0,0.14423077,0.6238136,0.053456478,2024-02-26,10732,"{""type"":""MultiPoint"",""coordinates"":[]}"
10733_0,0.003078502,0.6421452,-0.057990745,2024-02-26,10733,"{""type"":""MultiPoint"",""coordinates"":[]}"
10734_0,-0.23452584,0.40372047,-0.21792717,2024-02-26,10734,"{""type"":""MultiPoint"",""coordinates"":[]}"
10735_0,-0.1991126,0.26823387,-0.21301664,2024-02-26,10735,"{""type"":""MultiPoint"",""coordinates"":[]}"
10736_0,-0.2054986,0.34339622,-0.28995264,2024-02-26,10736,"{""type"":""MultiPoint"",""coordinates"":[]}"
10737_0,0.35039052,0.8447359,0.36659664,2024-02-26,10737,"{""type"":""MultiPoint"",""coordinates"":[]}"
10738_0,0.24648713,0.78373986,0.26055732,2024-02-26,10738,"{""type"":""MultiPoint"",""coordinates"":[]}"
10739_0,-0.14551084,0.36010364,-0.27586207,2024-02-26,10739,"{""type"":""MultiPoint"",""coordinates"":[]}"
10740_0,0.09681757,0.44827586,0.049752418,2024-02-26,10740,"{""type"":""MultiPoint"",""coordinates"":[]}"
10741_0,-0.14056225,0.3651877,-0.17355372,2024-02-26,10741,"{""type"":""MultiPoint"",""coordinates"":[]}"
10742_0,0.053051457,0.51150894,-0.002110595,2024-02-26,10742,"{""type"":""MultiPoint"",""coordinates"":[]}"
10743_0,0.020719219,0.5468531,0.036551077,2024-02-26,10743,"{""type"":""MultiPoint"",""coordinates"":[]}"
10744_0,0.31234717,0.73426574,0.3297587,2024-02-26,10744,"{""type"":""MultiPoint"",""coordinates"":[]}"
10745_0,-0.15750916,0.29308665,-0.28177392,2024-02-26,10745,"{""type"":""MultiPoint"",""coordinates"":[]}"
10746_0,-0.197411,0.3651877,-0.2982456,2024-02-26,10746,"{""type"":""MultiPoint"",""coordinates"":[]}"
10747_0,0.34855074,0.75972927,0.26880845,2024-02-26,10747,"{""type"":""MultiPoint"",""coordinates"":[]}"
10748_0,0.31154102,0.7587477,0.29843643,2024-02-26,10748,"{""type"":""MultiPoint"",""coordinates"":[]}"
10749_0,-0.14179105,0.44101635,-0.14852548,2024-02-26,10749,"{""type"":""MultiPoint"",""coordinates"":[]}"
10750_0,0.055555556,0.64176416,0.006067292,2024-02-26,10750,"{""type"":""MultiPoint"",""coordinates"":[]}"
10751_0,0.33006215,0.86193293,0.2967033,2024-02-26,10751,"{""type"":""MultiPoint"",""coordinates"":[]}"
10752_0,-0.20753871,0.3836478,-0.2398065,2024-02-26,10752,"{""type"":""MultiPoint"",""coordinates"":[]}"
10753_0,0.09952869,0.5549958,0.06559263,2024-02-26,10753,"{""type"":""MultiPoint"",""coordinates"":[]}"
10754_0,0.09399407,0.56989247,0.097155124,2024-02-26,10754,"{""type"":""MultiPoint"",""coordinates"":[]}"
10755_0,0.08095238,0.5857843,0.055464927,2024-02-26,10755,"{""type"":""MultiPoint"",""coordinates"":[]}"
10756_0,-0.19292852,0.36314067,-0.30128562,2024-02-26,10756,"{""type"":""MultiPoint"",""coordinates"":[]}"
10757_0,-0.03558282,0.4934334,-0.029268293,2024-02-26,10757,"{""type"":""MultiPoint"",""coordinates"":[]}"
10758_0,0.11174513,0.5602431,0.07753086,2024-02-26,10758,"{""type"":""MultiPoint"",""coordinates"":[]}"
10759_0,-0.09936909,0.40597758,-0.10503369,2024-02-26,10759,"{""type"":""MultiPoint"",""coordinates"":[]}"
10760_0,0.12698826,0.67465323,0.08674304,2024-02-26,10760,"{""type"":""MultiPoint"",""coordinates"":[]}"
10761_0,0.14118053,0.6948762,0.08394698,2024-02-26,10761,"{""type"":""MultiPoint"",""coordinates"":[]}"
10762_0,0.26289308,0.72326285,0.2373102,2024-02-26,10762,"{""type"":""MultiPoint"",""coordinates"":[]}"
10763_0,-0.21648571,0.35901925,-0.27763557,2024-02-26,10763,"{""type"":""MultiPoint"",""coordinates"":[]}"
10764_0,-0.18816838,0.394793,-0.23015313,2024-02-26,10764,"{""type"":""MultiPoint"",""coordinates"":[]}"
10765_0,-0.19232324,0.311588,-0.31770486,2024-02-26,10765,"{""type"":""MultiPoint"",""coordinates"":[]}"
10766_0,0.09311527,0.60091746,0.09834776,2024-02-26,10766,"{""type"":""MultiPoint"",""coordinates"":[]}"
10767_0,0.10462428,0.7212954,0.06206479,2024-02-26,10767,"{""type"":""MultiPoint"",""coordinates"":[]}"
10768_0,0.3412766,0.8213439,0.32987013,2024-02-26,10768,"{""type"":""MultiPoint"",""coordinates"":[]}"
10769_0,-0.17263158,0.43130052,-0.17684343,2024-02-26,10769,"{""type"":""MultiPoint"",""coordinates"":[]}"
10770_0,-0.16286644,0.32659507,-0.15254237,2024-02-26,10770,"{""type"":""MultiPoint"",""coordinates"":[]}"
10771_0,0.19822006,0.63166577,0.19919191,2024-02-26,10771,"{""type"":""MultiPoint"",""coordinates"":[]}"
10772_0,0.14249493,0.73458236,0.1357015,2024-02-26,10772,"{""type"":""MultiPoint"",""coordinates"":[]}"
10773_0,0.25373963,0.79506934,0.2673375,2024-02-26,10773,"{""type"":""MultiPoint"",""coordinates"":[]}"
10774_0,-0.16815476,0.34530386,-0.23427673,2024-02-26,10774,"{""type"":""MultiPoint"",""coordinates"":[]}"
10775_0,-5.7803467E-4,0.5544327,-0.011393514,2024-02-26,10775,"{""type"":""MultiPoint"",""coordinates"":[]}"
10776_0,-0.16046369,0.3152174,-0.13416816,2024-02-26,10776,"{""type"":""MultiPoint"",""coordinates"":[]}"
10777_0,-0.037474334,0.5704918,-0.026670054,2024-02-26,10777,"{""type"":""MultiPoint"",""coordinates"":[]}"
10778_0,-0.15831265,0.44742268,-0.24879615,2024-02-26,10778,"{""type"":""MultiPoint"",""coordinates"":[]}"
10779_0,0.11911717,0.7009047,0.081556685,2024-02-26,10779,"{""type"":""MultiPoint"",""coordinates"":[]}"
10780_0,0.24090339,0.8239509,0.19117647,2024-02-26,10780,"{""type"":""MultiPoint"",""coordinates"":[]}"
10781_0,0.073069975,0.654321,0.0565046,2024-02-26,10781,"{""type"":""MultiPoint"",""coordinates"":[]}"
10782_0,-0.09124199,0.48655772,-0.11819887,2024-02-26,10782,"{""type"":""MultiPoint"",""coordinates"":[]}"
10783_0,0.1549956,0.754717,0.12658994,2024-02-26,10783,"{""type"":""MultiPoint"",""coordinates"":[]}"
10784_0,-0.17506444,0.3208633,-0.1545015,2024-02-26,10784,"{""type"":""MultiPoint"",""coordinates"":[]}"
10785_0,-0.06721234,0.2455914,-0.07858734,2024-02-26,10785,"{""type"":""MultiPoint"",""coordinates"":[]}"
10786_0,0.13147877,0.70677876,0.045381397,2024-02-26,10786,"{""type"":""MultiPoint"",""coordinates"":[]}"
10787_0,0.06551298,0.45545658,0.07087259,2024-02-26,10787,"{""type"":""MultiPoint"",""coordinates"":[]}"
10788_0,-0.13450292,0.5372751,-0.12954876,2024-02-26,10788,"{""type"":""MultiPoint"",""coordinates"":[]}"
10789_0,0.07064364,0.53739476,0.023746701,2024-02-26,10789,"{""type"":""MultiPoint"",""coordinates"":[]}"
10790_0,-0.061873637,0.42337662,-0.0529272,2024-02-26,10790,"{""type"":""MultiPoint"",""coordinates"":[]}"
10791_0,0.18040399,0.5596817,0.19972795,2024-02-26,10791,"{""type"":""MultiPoint"",""coordinates"":[]}"
10792_0,-0.030218244,0.49902913,-0.08774003,2024-02-26,10792,"{""type"":""MultiPoint"",""coordinates"":[]}"
10793_0,-0.1743634,0.51401085,-0.20105937,2024-02-26,10793,"{""type"":""MultiPoint"",""coordinates"":[]}"
10794_0,0.031718712,0.57878786,0.028374044,2024-02-26,10794,"{""type"":""MultiPoint"",""coordinates"":[]}"
10795_0,0.029537875,0.47414604,0.07177033,2024-02-26,10795,"{""type"":""MultiPoint"",""coordinates"":[]}"
10796_0,0.3148024,0.7418514,0.32408324,2024-02-26,10796,"{""type"":""MultiPoint"",""coordinates"":[]}"
10797_0,0.00992384,0.5603577,-0.01203114,2024-02-26,10797,"{""type"":""MultiPoint"",""coordinates"":[]}"
10798_0,0.42881072,0.795133,0.39858907,2024-02-26,10798,"{""type"":""MultiPoint"",""coordinates"":[]}"
10799_0,0.052543942,-0.002096436,0.054555524,2024-02-26,10799,"{""type"":""MultiPoint"",""coordinates"":[]}"
10800_0,-0.09862087,0.41465348,-0.083397485,2024-02-26,10800,"{""type"":""MultiPoint"",""coordinates"":[]}"
10801_0,-0.095791005,0.47654322,-0.116038434,2024-02-26,10801,"{""type"":""MultiPoint"",""coordinates"":[]}"
10802_0,-0.15182328,0.18967742,-0.08577095,2024-02-26,10802,"{""type"":""MultiPoint"",""coordinates"":[]}"
10803_0,0.2445465,0.7041769,0.13704918,2024-02-26,10803,"{""type"":""MultiPoint"",""coordinates"":[]}"
10804_0,-0.1318408,0.47482014,-0.16219668,2024-02-26,10804,"{""type"":""MultiPoint"",""coordinates"":[]}"
10805_0,-0.029429076,0.5493562,-0.09552145,2024-02-26,10805,"{""type"":""MultiPoint"",""coordinates"":[]}"
10806_0,-0.13636364,0.42037037,-0.15575124,2024-02-26,10806,"{""type"":""MultiPoint"",""coordinates"":[]}"
10807_0,0.12608582,0.6995851,0.10463862,2024-02-26,10807,"{""type"":""MultiPoint"",""coordinates"":[]}"
10808_0,-0.17114915,0.17905918,-0.16215123,2024-02-26,10808,"{""type"":""MultiPoint"",""coordinates"":[]}"
10809_0,-0.026254224,0.5099567,-0.061861217,2024-02-26,10809,"{""type"":""MultiPoint"",""coordinates"":[]}"
10810_0,0.014262023,0.5044776,0.008672448,2024-02-26,10810,"{""type"":""MultiPoint"",""coordinates"":[]}"
10811_0,0.0073126145,0.6125326,-0.026788529,2024-02-26,10811,"{""type"":""MultiPoint"",""coordinates"":[]}"
10812_0,0.27298445,0.70252573,0.27808988,2024-02-26,10812,"{""type"":""MultiPoint"",""coordinates"":[]}"
10813_0,-0.15736285,0.43258426,-0.22236341,2024-02-26,10813,"{""type"":""MultiPoint"",""coordinates"":[]}"
10814_0,0.011092311,0.44672403,-0.092192695,2024-02-26,10814,"{""type"":""MultiPoint"",""coordinates"":[]}"
10815_0,-0.17952365,0.34354743,-0.18542336,2024-02-26,10815,"{""type"":""MultiPoint"",""coordinates"":[]}"
10816_0,-0.07133086,0.43152866,-0.20775501,2024-02-26,10816,"{""type"":""MultiPoint"",""coordinates"":[]}"
10817_0,0.039753255,0.5499398,-0.042023055,2024-02-26,10817,"{""type"":""MultiPoint"",""coordinates"":[]}"
10818_0,-0.054472093,0.5434661,-0.06521739,2024-02-26,10818,"{""type"":""MultiPoint"",""coordinates"":[]}"
10819_0,0.026796589,0.5829292,0.010526316,2024-02-26,10819,"{""type"":""MultiPoint"",""coordinates"":[]}"
10820_0,-0.05971968,0.5075681,-0.07578101,2024-02-26,10820,"{""type"":""MultiPoint"",""coordinates"":[]}"
10821_0,-0.22494529,0.2045944,-0.2503909,2024-02-26,10821,"{""type"":""MultiPoint"",""coordinates"":[]}"
10822_0,0.081626415,0.71540725,0.07569231,2024-02-26,10822,"{""type"":""MultiPoint"",""coordinates"":[]}"
10823_0,-0.0655141,0.5059195,-0.10211765,2024-02-26,10823,"{""type"":""MultiPoint"",""coordinates"":[]}"
10824_0,0.033495035,0.52549577,0.0146019785,2024-02-26,10824,"{""type"":""MultiPoint"",""coordinates"":[]}"
10825_0,-0.22121015,0.4497717,-0.1928821,2024-02-26,10825,"{""type"":""MultiPoint"",""coordinates"":[]}"
10826_0,-0.1871774,0.37835154,-0.22306186,2024-02-26,10826,"{""type"":""MultiPoint"",""coordinates"":[]}"
10827_0,0.2382134,0.7821782,0.23441397,2024-02-26,10827,"{""type"":""MultiPoint"",""coordinates"":[]}"
10828_0,0.04901673,0.6483932,0.03686088,2024-02-26,10828,"{""type"":""MultiPoint"",""coordinates"":[]}"
10829_0,0.4330152,0.8517179,0.43719298,2024-02-26,10829,"{""type"":""MultiPoint"",""coordinates"":[]}"
10830_0,-0.16648291,0.4012624,-0.25982377,2024-02-26,10830,"{""type"":""MultiPoint"",""coordinates"":[]}"
10831_0,0.06618373,0.675841,0.1498801,2024-02-26,10831,"{""type"":""MultiPoint"",""coordinates"":[]}"
10832_0,-0.041463416,0.54232484,-0.057192374,2024-02-26,10832,"{""type"":""MultiPoint"",""coordinates"":[]}"
10833_0,0.28723404,0.8135048,0.1913096,2024-02-26,10833,"{""type"":""MultiPoint"",""coordinates"":[]}"
10834_0,0.009427121,0.56354517,-0.045674916,2024-02-26,10834,"{""type"":""MultiPoint"",""coordinates"":[]}"
10835_0,0.16674793,0.72431827,0.14911626,2024-02-26,10835,"{""type"":""MultiPoint"",""coordinates"":[]}"
10836_0,0.09663409,0.8048492,0.10021629,2024-02-26,10836,"{""type"":""MultiPoint"",""coordinates"":[]}"
10837_0,0.014102163,0.5585586,0.047532547,2024-02-26,10837,"{""type"":""MultiPoint"",""coordinates"":[]}"
10838_0,0.40214217,0.8559242,0.3601945,2024-02-26,10838,"{""type"":""MultiPoint"",""coordinates"":[]}"
10839_0,0.24819833,0.77529055,0.22519311,2024-02-26,10839,"{""type"":""MultiPoint"",""coordinates"":[]}"
10840_0,0.2869711,0.5749129,0.14083797,2024-02-26,10840,"{""type"":""MultiPoint"",""coordinates"":[]}"
10841_0,0.312462,0.76966083,0.35463622,2024-02-26,10841,"{""type"":""MultiPoint"",""coordinates"":[]}"
10842_0,0.11437566,0.5742424,0.10355815,2024-02-26,10842,"{""type"":""MultiPoint"",""coordinates"":[]}"
10843_0,0.11678116,0.23449883,0.19064748,2024-02-26,10843,"{""type"":""MultiPoint"",""coordinates"":[]}"
10844_0,0.29504326,0.7921325,0.23375143,2024-02-26,10844,"{""type"":""MultiPoint"",""coordinates"":[]}"
10845_0,-0.02131783,0.49023637,-0.18493536,2024-02-26,10845,"{""type"":""MultiPoint"",""coordinates"":[]}"
10846_0,0.26220432,0.69290125,0.1989071,2024-02-26,10846,"{""type"":""MultiPoint"",""coordinates"":[]}"
10847_0,0.29850745,0.73429954,0.2940823,2024-02-26,10847,"{""type"":""MultiPoint"",""coordinates"":[]}"
10848_0,0.18516043,0.7044025,0.143058,2024-02-26,10848,"{""type"":""MultiPoint"",""coordinates"":[]}"
10849_0,0.44710946,0.85746825,0.5209166,2024-02-26,10849,"{""type"":""MultiPoint"",""coordinates"":[]}"
10850_0,0.13835701,0.7604061,0.10834132,2024-02-26,10850,"{""type"":""MultiPoint"",""coordinates"":[]}"
10851_0,-0.1342226,0.4003044,-0.1931594,2024-02-26,10851,"{""type"":""MultiPoint"",""coordinates"":[]}"
10852_0,0.34132764,0.8214486,0.35675448,2024-02-26,10852,"{""type"":""MultiPoint"",""coordinates"":[]}"
10853_0,0.12481203,0.64551723,0.15488867,2024-02-26,10853,"{""type"":""MultiPoint"",""coordinates"":[]}"
10854_0,0.28442085,0.8106098,0.22880216,2024-02-26,10854,"{""type"":""MultiPoint"",""coordinates"":[]}"
10855_0,0.10248058,0.6280443,0.10382787,2024-02-26,10855,"{""type"":""MultiPoint"",""coordinates"":[]}"
10856_0,0.19874148,0.7232458,0.1798175,2024-02-26,10856,"{""type"":""MultiPoint"",""coordinates"":[]}"
10857_0,-0.13391557,0.43768117,-0.22196078,2024-02-26,10857,"{""type"":""MultiPoint"",""coordinates"":[]}"
10858_0,-0.056356486,0.5218447,-0.12491277,2024-02-26,10858,"{""type"":""MultiPoint"",""coordinates"":[]}"
10859_0,0.021957913,0.44138372,0.025524156,2024-02-26,10859,"{""type"":""MultiPoint"",""coordinates"":[]}"
10860_0,0.32373723,0.72184485,0.30162162,2024-02-26,10860,"{""type"":""MultiPoint"",""coordinates"":[]}"
10861_0,0.37698323,0.8296774,0.34089833,2024-02-26,10861,"{""type"":""MultiPoint"",""coordinates"":[]}"
10862_0,0.03256881,0.56002873,0.014255667,2024-02-26,10862,"{""type"":""MultiPoint"",""coordinates"":[]}"
10863_0,0.1469348,0.6421053,0.13229957,2024-02-26,10863,"{""type"":""MultiPoint"",""coordinates"":[]}"
10864_0,0.1969697,0.7235116,0.21091811,2024-02-26,10864,"{""type"":""MultiPoint"",""coordinates"":[]}"
10865_0,0.27656424,0.81984735,0.2933092,2024-02-26,10865,"{""type"":""MultiPoint"",""coordinates"":[]}"
10866_0,0.19714965,0.69532955,0.17911354,2024-02-26,10866,"{""type"":""MultiPoint"",""coordinates"":[]}"
10867_0,-0.14551455,0.4362573,-0.21708639,2024-02-26,10867,"{""type"":""MultiPoint"",""coordinates"":[]}"
10868_0,0.32084805,0.82941175,0.32012734,2024-02-26,10868,"{""type"":""MultiPoint"",""coordinates"":[]}"
10869_0,-0.15668482,0.44725987,-0.2178344,2024-02-26,10869,"{""type"":""MultiPoint"",""coordinates"":[]}"
10870_0,0.073189825,0.6568933,0.05732484,2024-02-26,10870,"{""type"":""MultiPoint"",""coordinates"":[]}"
10871_0,0.249501,0.82696956,0.2524851,2024-02-26,10871,"{""type"":""MultiPoint"",""coordinates"":[]}"
10872_0,0.38746527,0.8553275,0.3134948,2024-02-26,10872,"{""type"":""MultiPoint"",""coordinates"":[]}"
10873_0,0.15205327,0.6706827,0.042606518,2024-02-26,10873,"{""type"":""MultiPoint"",""coordinates"":[]}"
10874_0,0.38001928,0.8219521,0.450612,2024-02-26,10874,"{""type"":""MultiPoint"",""coordinates"":[]}"
10875_0,0.47271585,0.8239437,0.4227512,2024-02-26,10875,"{""type"":""MultiPoint"",""coordinates"":[]}"
10876_0,0.06253429,0.52492213,0.067902915,2024-02-26,10876,"{""type"":""MultiPoint"",""coordinates"":[]}"
10877_0,0.023793932,0.5359888,-0.00857014,2024-02-26,10877,"{""type"":""MultiPoint"",""coordinates"":[]}"
10878_0,0.3081118,0.8314351,0.3289256,2024-02-26,10878,"{""type"":""MultiPoint"",""coordinates"":[]}"
10879_0,-0.07908064,0.50993377,-0.0970297,2024-02-26,10879,"{""type"":""MultiPoint"",""coordinates"":[]}"
10880_0,0.27045768,0.8559078,0.24025036,2024-02-26,10880,"{""type"":""MultiPoint"",""coordinates"":[]}"
10881_0,0.111187965,0.5882043,0.07984246,2024-02-26,10881,"{""type"":""MultiPoint"",""coordinates"":[]}"
10882_0,0.124068156,0.63517916,0.09937038,2024-02-26,10882,"{""type"":""MultiPoint"",""coordinates"":[]}"
10883_0,0.35807675,0.8564857,0.452321,2024-02-26,10883,"{""type"":""MultiPoint"",""coordinates"":[]}"
10884_0,0.19303097,0.7479407,0.18514381,2024-02-26,10884,"{""type"":""MultiPoint"",""coordinates"":[]}"
10885_0,-0.17651573,0.36376604,-0.23182,2024-02-26,10885,"{""type"":""MultiPoint"",""coordinates"":[]}"
10886_0,0.09368718,0.71946794,0.11573166,2024-02-26,10886,"{""type"":""MultiPoint"",""coordinates"":[]}"
10887_0,0.09033005,0.6708311,-0.010614346,2024-02-26,10887,"{""type"":""MultiPoint"",""coordinates"":[]}"
10888_0,0.17908497,0.74290484,0.10985117,2024-02-26,10888,"{""type"":""MultiPoint"",""coordinates"":[]}"
10889_0,-0.014578587,0.5103735,-0.009748356,2024-02-26,10889,"{""type"":""MultiPoint"",""coordinates"":[]}"
10890_0,0.051619433,0.5513245,0.0,2024-02-26,10890,"{""type"":""MultiPoint"",""coordinates"":[]}"
10891_0,0.21021488,0.74113137,0.17769131,2024-02-26,10891,"{""type"":""MultiPoint"",""coordinates"":[]}"
10892_0,0.11572107,0.63105303,0.09072218,2024-02-26,10892,"{""type"":""MultiPoint"",""coordinates"":[]}"
10893_0,0.26166818,0.7885615,0.25471124,2024-02-26,10893,"{""type"":""MultiPoint"",""coordinates"":[]}"
10894_0,0.36370596,0.80417335,0.33969012,2024-02-26,10894,"{""type"":""MultiPoint"",""coordinates"":[]}"
10895_0,0.39089185,0.8242321,0.37891003,2024-02-26,10895,"{""type"":""MultiPoint"",""coordinates"":[]}"
10896_0,0.15250902,0.75804377,0.027840482,2024-02-26,10896,"{""type"":""MultiPoint"",""coordinates"":[]}"
10897_0,0.32796997,0.80368096,0.30485436,2024-02-26,10897,"{""type"":""MultiPoint"",""coordinates"":[]}"
10907_0,0.23823422,0.752657,0.26941916,2024-02-26,10907,"{""type"":""MultiPoint"",""coordinates"":[]}"
10908_0,0.21213794,0.70870626,0.1904762,2024-02-26,10908,"{""type"":""MultiPoint"",""coordinates"":[]}"
11405_0,0.040218133,0.6799205,-0.11099421,2024-02-26,11405,"{""type"":""MultiPoint"",""coordinates"":[]}"
11406_0,0.26490438,0.7518027,0.2769018,2024-02-26,11406,"{""type"":""MultiPoint"",""coordinates"":[]}"
11407_0,0.31502044,0.814219,0.19726028,2024-02-26,11407,"{""type"":""MultiPoint"",""coordinates"":[]}"
11408_0,0.08496732,0.73183215,0.11978822,2024-02-26,11408,"{""type"":""MultiPoint"",""coordinates"":[]}"
11409_0,0.19448154,0.70921713,0.10084451,2024-02-26,11409,"{""type"":""MultiPoint"",""coordinates"":[]}"
11410_0,0.08160206,0.53505534,0.07586207,2024-02-26,11410,"{""type"":""MultiPoint"",""coordinates"":[]}"
11411_0,0.24528302,0.6398892,0.17460318,2024-02-26,11411,"{""type"":""MultiPoint"",""coordinates"":[]}"
11412_0,0.284492,0.77690804,0.25831485,2024-02-26,11412,"{""type"":""MultiPoint"",""coordinates"":[]}"
11413_0,0.20259741,0.7699115,0.15543328,2024-02-26,11413,"{""type"":""MultiPoint"",""coordinates"":[]}"
11414_0,-0.08908159,0.42970297,-0.1211199,2024-02-26,11414,"{""type"":""MultiPoint"",""coordinates"":[]}"
11415_0,-0.186169,0.31063238,-0.15728329,2024-02-26,11415,"{""type"":""MultiPoint"",""coordinates"":[]}"
11416_0,-0.20877379,0.36103895,-0.27161524,2024-02-26,11416,"{""type"":""MultiPoint"",""coordinates"":[]}"
11417_0,-0.16959827,0.35928527,-0.11673232,2024-02-26,11417,"{""type"":""MultiPoint"",""coordinates"":[]}"
11418_0,0.30272108,0.8292862,0.33799785,2024-02-26,11418,"{""type"":""MultiPoint"",""coordinates"":[]}"
11419_0,0.36498517,0.8495118,0.42984015,2024-02-26,11419,"{""type"":""MultiPoint"",""coordinates"":[]}"
11420_0,0.28274968,0.8192144,0.26948482,2024-02-26,11420,"{""type"":""MultiPoint"",""coordinates"":[]}"
11421_0,-0.047694754,0.5517799,-0.0151476255,2024-02-26,11421,"{""type"":""MultiPoint"",""coordinates"":[]}"
11422_0,0.44195518,0.8423552,0.50426465,2024-02-26,11422,"{""type"":""MultiPoint"",""coordinates"":[]}"
11423_0,0.21445087,0.79096305,0.18157181,2024-02-26,11423,"{""type"":""MultiPoint"",""coordinates"":[]}"
11424_0,0.1701857,0.7051377,0.16806936,2024-02-26,11424,"{""type"":""MultiPoint"",""coordinates"":[]}"
11425_0,0.18969423,0.7377483,0.15798764,2024-02-26,11425,"{""type"":""MultiPoint"",""coordinates"":[]}"
11426_0,0.09129115,0.5834212,0.07333333,2024-02-26,11426,"{""type"":""MultiPoint"",""coordinates"":[]}"
11427_0,0.111174785,0.57102615,0.114473306,2024-02-26,11427,"{""type"":""MultiPoint"",""coordinates"":[]}"
11428_0,-0.1718333,0.35832733,-0.20472774,2024-02-26,11428,"{""type"":""MultiPoint"",""coordinates"":[]}"
11429_0,-0.19158562,0.31500202,-0.23661971,2024-02-26,11429,"{""type"":""MultiPoint"",""coordinates"":[]}"
11430_0,-0.26160467,0.37605396,-0.25274727,2024-02-26,11430,"{""type"":""MultiPoint"",""coordinates"":[]}"
11431_0,0.20170628,0.759058,0.19434194,2024-02-26,11431,"{""type"":""MultiPoint"",""coordinates"":[]}"
11432_0,0.022164276,0.5709402,-0.009964988,2024-02-26,11432,"{""type"":""MultiPoint"",""coordinates"":[]}"
11433_0,0.09867452,0.45441696,0.057010785,2024-02-26,11433,"{""type"":""MultiPoint"",""coordinates"":[]}"
11434_0,0.37504575,0.7903158,0.42684564,2024-02-26,11434,"{""type"":""MultiPoint"",""coordinates"":[]}"
11435_0,0.14189644,0.71187335,0.119392686,2024-02-26,11435,"{""type"":""MultiPoint"",""coordinates"":[]}"
11436_0,-0.19869708,0.2374779,-0.22394678,2024-02-26,11436,"{""type"":""MultiPoint"",""coordinates"":[]}"
11437_0,0.23709323,0.78081155,0.20194523,2024-02-26,11437,"{""type"":""MultiPoint"",""coordinates"":[]}"
11438_0,-0.20175679,0.31069958,-0.2642218,2024-02-26,11438,"{""type"":""MultiPoint"",""coordinates"":[]}"
11439_0,0.09207366,0.6023246,0.063068025,2024-02-26,11439,"{""type"":""MultiPoint"",""coordinates"":[]}"
11440_0,0.076727964,0.56039965,0.08254568,2024-02-26,11440,"{""type"":""MultiPoint"",""coordinates"":[]}"
11441_0,0.104695246,0.5908676,0.063167535,2024-02-26,11441,"{""type"":""MultiPoint"",""coordinates"":[]}"
11442_0,-0.056706652,0.5652174,-0.22580644,2024-02-26,11442,"{""type"":""MultiPoint"",""coordinates"":[]}"
11443_0,0.08101644,0.6332244,0.06480073,2024-02-26,11443,"{""type"":""MultiPoint"",""coordinates"":[]}"
11444_0,-0.17025518,0.3297587,-0.2566902,2024-02-26,11444,"{""type"":""MultiPoint"",""coordinates"":[]}"
11445_0,0.042474836,0.45324674,0.068767905,2024-02-26,11445,"{""type"":""MultiPoint"",""coordinates"":[]}"
11446_0,-0.13294798,0.44238684,-0.14093137,2024-02-26,11446,"{""type"":""MultiPoint"",""coordinates"":[]}"
11447_0,0.30287328,0.77196807,0.24489796,2024-02-26,11447,"{""type"":""MultiPoint"",""coordinates"":[]}"
11448_0,-0.12593943,0.3998378,-0.17770366,2024-02-26,11448,"{""type"":""MultiPoint"",""coordinates"":[]}"
11449_0,0.2496925,0.77506775,0.17752808,2024-02-26,11449,"{""type"":""MultiPoint"",""coordinates"":[]}"
11450_0,-0.11764706,0.19385934,-0.099744245,2024-02-26,11450,"{""type"":""MultiPoint"",""coordinates"":[]}"
11451_0,0.11985019,0.61206305,4.253509E-4,2024-02-26,11451,"{""type"":""MultiPoint"",""coordinates"":[]}"
11452_0,0.19559748,0.6484716,0.082825385,2024-02-26,11452,"{""type"":""MultiPoint"",""coordinates"":[]}"
11453_0,0.031209698,0.5402205,0.0021253985,2024-02-26,11453,"{""type"":""MultiPoint"",""coordinates"":[]}"
11454_0,0.38488576,0.8089316,0.39130434,2024-02-26,11454,"{""type"":""MultiPoint"",""coordinates"":[]}"
11455_0,0.27053344,0.7085973,0.24346872,2024-02-26,11455,"{""type"":""MultiPoint"",""coordinates"":[]}"
11456_0,-0.0945,0.4660793,-0.13625745,2024-02-26,11456,"{""type"":""MultiPoint"",""coordinates"":[]}"
11457_0,-0.119348615,0.35496956,-0.13171577,2024-02-26,11457,"{""type"":""MultiPoint"",""coordinates"":[]}"
11458_0,0.14551564,0.54813045,0.0814115,2024-02-26,11458,"{""type"":""MultiPoint"",""coordinates"":[]}"
11459_0,-0.30614096,0.3699395,-0.32384014,2024-02-26,11459,"{""type"":""MultiPoint"",""coordinates"":[]}"
11460_0,0.04467564,0.67564595,-0.011993517,2024-02-26,11460,"{""type"":""MultiPoint"",""coordinates"":[]}"
11461_0,-0.09978416,0.35935828,-0.131534,2024-02-26,11461,"{""type"":""MultiPoint"",""coordinates"":[]}"
11462_0,-0.046374917,0.44767442,-0.09351536,2024-02-26,11462,"{""type"":""MultiPoint"",""coordinates"":[]}"
11463_0,-0.052321296,0.06631533,-0.014410391,2024-02-26,11463,"{""type"":""MultiPoint"",""coordinates"":[]}"
11464_0,0.04845594,0.48036253,0.016861219,2024-02-26,11464,"{""type"":""MultiPoint"",""coordinates"":[]}"
11465_0,-0.023027325,0.6298701,-0.050441362,2024-02-26,11465,"{""type"":""MultiPoint"",""coordinates"":[]}"
11466_0,0.25756338,0.7213771,0.22437358,2024-02-26,11466,"{""type"":""MultiPoint"",""coordinates"":[]}"
11467_0,0.24924745,0.80129033,0.2535169,2024-02-26,11467,"{""type"":""MultiPoint"",""coordinates"":[]}"
11468_0,0.013455192,0.6238492,-0.023978919,2024-02-26,11468,"{""type"":""MultiPoint"",""coordinates"":[]}"
11469_0,0.020701077,0.58237547,-0.035610043,2024-02-26,11469,"{""type"":""MultiPoint"",""coordinates"":[]}"
11470_0,-0.03859174,0.56641096,-0.08512143,2024-02-26,11470,"{""type"":""MultiPoint"",""coordinates"":[]}"
11471_0,-0.022677395,0.5792966,-0.08037094,2024-02-26,11471,"{""type"":""MultiPoint"",""coordinates"":[]}"
11472_0,-0.18923968,0.30769232,-0.2031752,2024-02-26,11472,"{""type"":""MultiPoint"",""coordinates"":[]}"
11473_0,-0.04228638,0.5711874,-0.12284009,2024-02-26,11473,"{""type"":""MultiPoint"",""coordinates"":[]}"
11474_0,-0.21425267,0.28038898,-0.24833491,2024-02-26,11474,"{""type"":""MultiPoint"",""coordinates"":[]}"
11475_0,-0.16473317,0.54285717,-0.10694598,2024-02-26,11475,"{""type"":""MultiPoint"",""coordinates"":[]}"
11476_0,0.024547048,0.6280042,-0.034397274,2024-02-26,11476,"{""type"":""MultiPoint"",""coordinates"":[]}"
11477_0,-0.091738194,0.48461184,-0.11476308,2024-02-26,11477,"{""type"":""MultiPoint"",""coordinates"":[]}"
11478_0,-0.11279621,0.5156951,-0.16295196,2024-02-26,11478,"{""type"":""MultiPoint"",""coordinates"":[]}"
11479_0,-0.19394922,0.3731884,-0.18625872,2024-02-26,11479,"{""type"":""MultiPoint"",""coordinates"":[]}"
11480_0,-0.11603094,0.44195122,-0.1719888,2024-02-26,11480,"{""type"":""MultiPoint"",""coordinates"":[]}"
11481_0,-0.18250471,0.45351472,-0.18886429,2024-02-26,11481,"{""type"":""MultiPoint"",""coordinates"":[]}"
11482_0,-0.20214123,0.328,-0.22429906,2024-02-26,11482,"{""type"":""MultiPoint"",""coordinates"":[]}"
11483_0,-0.0782344,0.49361098,-0.057629142,2024-02-26,11483,"{""type"":""MultiPoint"",""coordinates"":[]}"
11484_0,-0.16440587,0.41520467,-0.19288494,2024-02-26,11484,"{""type"":""MultiPoint"",""coordinates"":[]}"
11485_0,-0.20682068,0.3598063,-0.21956642,2024-02-26,11485,"{""type"":""MultiPoint"",""coordinates"":[]}"
11486_0,-0.237591,0.2955665,-0.27994525,2024-02-26,11486,"{""type"":""MultiPoint"",""coordinates"":[]}"
11487_0,-0.080825664,0.4781502,-0.1100894,2024-02-26,11487,"{""type"":""MultiPoint"",""coordinates"":[]}"
11488_0,0.346177,0.79067725,0.3042921,2024-02-26,11488,"{""type"":""MultiPoint"",""coordinates"":[]}"
11489_0,0.31956735,0.8105516,0.18524332,2024-02-26,11489,"{""type"":""MultiPoint"",""coordinates"":[]}"
11490_0,0.28946593,0.8517638,0.319774,2024-02-26,11490,"{""type"":""MultiPoint"",""coordinates"":[]}"
11491_0,0.06978037,0.69924814,0.03878196,2024-02-26,11491,"{""type"":""MultiPoint"",""coordinates"":[]}"
11492_0,0.09379428,0.6029144,0.047930934,2024-02-26,11492,"{""type"":""MultiPoint"",""coordinates"":[]}"
11493_0,-0.036363635,0.5789967,-0.08453384,2024-02-26,11493,"{""type"":""MultiPoint"",""coordinates"":[]}"
11494_0,-0.21320754,0.44892472,-0.2830063,2024-02-26,11494,"{""type"":""MultiPoint"",""coordinates"":[]}"
11495_0,-0.07019756,0.50441176,-0.10888502,2024-02-26,11495,"{""type"":""MultiPoint"",""coordinates"":[]}"
11496_0,0.3492635,0.8253359,0.3135359,2024-02-26,11496,"{""type"":""MultiPoint"",""coordinates"":[]}"
11497_0,0.19966063,0.7462012,0.20079073,2024-02-26,11497,"{""type"":""MultiPoint"",""coordinates"":[]}"
11498_0,-0.090599954,0.42215216,-0.10891578,2024-02-26,11498,"{""type"":""MultiPoint"",""coordinates"":[]}"
11499_0,-0.12439234,0.402746,-0.23182957,2024-02-26,11499,"{""type"":""MultiPoint"",""coordinates"":[]}"
11500_0,0.38037023,0.7305389,0.3231591,2024-02-26,11500,"{""type"":""MultiPoint"",""coordinates"":[]}"
11501_0,-0.22645012,0.33096716,-0.27588704,2024-02-26,11501,"{""type"":""MultiPoint"",""coordinates"":[]}"
11502_0,0.1086335,0.6358588,0.1389119,2024-02-26,11502,"{""type"":""MultiPoint"",""coordinates"":[]}"
11503_0,0.33495146,0.86949927,0.31670824,2024-02-26,11503,"{""type"":""MultiPoint"",""coordinates"":[]}"
11504_0,0.16067451,0.69111687,0.26985884,2024-02-26,11504,"{""type"":""MultiPoint"",""coordinates"":[]}"
11505_0,0.2699005,0.8140021,0.19312714,2024-02-26,11505,"{""type"":""MultiPoint"",""coordinates"":[]}"
11506_0,0.2267895,0.8402626,0.21312658,2024-02-26,11506,"{""type"":""MultiPoint"",""coordinates"":[]}"
11507_0,0.20140876,0.7581318,0.07496175,2024-02-26,11507,"{""type"":""MultiPoint"",""coordinates"":[]}"
11508_0,0.4034982,0.8567239,0.38283932,2024-02-26,11508,"{""type"":""MultiPoint"",""coordinates"":[]}"
11509_0,-0.09532914,0.44322345,-0.119798936,2024-02-26,11509,"{""type"":""MultiPoint"",""coordinates"":[]}"
11510_0,0.1045,0.5420801,0.0789406,2024-02-26,11510,"{""type"":""MultiPoint"",""coordinates"":[]}"
11511_0,0.04339964,0.6430868,0.073717386,2024-02-26,11511,"{""type"":""MultiPoint"",""coordinates"":[]}"
11512_0,-0.020095693,0.5109005,-0.0015659254,2024-02-26,11512,"{""type"":""MultiPoint"",""coordinates"":[]}"
11513_0,-0.14850037,0.40288925,-0.14794053,2024-02-26,11513,"{""type"":""MultiPoint"",""coordinates"":[]}"
11514_0,-0.2298029,0.39724886,-0.25758582,2024-02-26,11514,"{""type"":""MultiPoint"",""coordinates"":[]}"
11515_0,0.44152468,0.84539706,0.46173114,2024-02-26,11515,"{""type"":""MultiPoint"",""coordinates"":[]}"
11516_0,-0.13989943,0.38588452,-0.12067462,2024-02-26,11516,"{""type"":""MultiPoint"",""coordinates"":[]}"
11517_0,0.3618955,0.79907835,0.33015332,2024-02-26,11517,"{""type"":""MultiPoint"",""coordinates"":[]}"
11518_0,0.33537605,0.8095238,0.30538574,2024-02-26,11518,"{""type"":""MultiPoint"",""coordinates"":[]}"
11519_0,0.37015438,0.83538175,0.45712596,2024-02-26,11519,"{""type"":""MultiPoint"",""coordinates"":[]}"
11520_0,-0.18200693,0.46196252,-0.1259064,2024-02-26,11520,"{""type"":""MultiPoint"",""coordinates"":[]}"
11521_0,0.098379366,0.62223625,0.13053049,2024-02-26,11521,"{""type"":""MultiPoint"",""coordinates"":[]}"
11522_0,-0.21914618,0.35350478,-0.27420226,2024-02-26,11522,"{""type"":""MultiPoint"",""coordinates"":[]}"
11523_0,-0.2808783,0.35825545,-0.31661442,2024-02-26,11523,"{""type"":""MultiPoint"",""coordinates"":[]}"
11524_0,-0.18715964,0.58167034,-0.3186883,2024-02-26,11524,"{""type"":""MultiPoint"",""coordinates"":[]}"
11525_0,0.21058257,0.75790805,0.17045774,2024-02-26,11525,"{""type"":""MultiPoint"",""coordinates"":[]}"
11526_0,0.27721867,0.7615894,0.2846363,2024-02-26,11526,"{""type"":""MultiPoint"",""coordinates"":[]}"
11527_0,0.3364929,0.8704871,0.32038835,2024-02-26,11527,"{""type"":""MultiPoint"",""coordinates"":[]}"
11528_0,0.17362887,0.64428943,0.12934132,2024-02-26,11528,"{""type"":""MultiPoint"",""coordinates"":[]}"
11529_0,0.33670887,0.83101946,0.323774,2024-02-26,11529,"{""type"":""MultiPoint"",""coordinates"":[]}"
11530_0,0.24958402,0.74398756,0.24854207,2024-02-26,11530,"{""type"":""MultiPoint"",""coordinates"":[]}"
11531_0,0.0331384,0.6530612,-0.20975609,2024-02-26,11531,"{""type"":""MultiPoint"",""coordinates"":[]}"
11532_0,0.29317728,0.7806826,0.32899728,2024-02-26,11532,"{""type"":""MultiPoint"",""coordinates"":[]}"
11533_0,-0.029691441,0.4770278,-0.009320905,2024-02-26,11533,"{""type"":""MultiPoint"",""coordinates"":[]}"
11534_0,0.044684757,0.5040773,0.030842476,2024-02-26,11534,"{""type"":""MultiPoint"",""coordinates"":[]}"
11535_0,-0.24200767,0.2720588,-0.30347258,2024-02-26,11535,"{""type"":""MultiPoint"",""coordinates"":[]}"
11536_0,0.29847494,0.81842107,0.17717206,2024-02-26,11536,"{""type"":""MultiPoint"",""coordinates"":[]}"
11537_0,0.33695653,0.82889736,0.32689655,2024-02-26,11537,"{""type"":""MultiPoint"",""coordinates"":[]}"
11538_0,0.311408,0.9274705,0.5207439,2024-02-26,11538,"{""type"":""MultiPoint"",""coordinates"":[]}"
11539_0,0.2522444,0.78384894,0.26459697,2024-02-26,11539,"{""type"":""MultiPoint"",""coordinates"":[]}"
11540_0,-0.1764706,0.32,-0.175,2024-02-26,11540,"{""type"":""MultiPoint"",""coordinates"":[]}"
11541_0,0.34717935,0.8404485,0.29451016,2024-02-26,11541,"{""type"":""MultiPoint"",""coordinates"":[]}"
11542_0,0.11821512,0.72392637,0.12026578,2024-02-26,11542,"{""type"":""MultiPoint"",""coordinates"":[]}"
11543_0,0.27646017,0.7728119,0.3014354,2024-02-26,11543,"{""type"":""MultiPoint"",""coordinates"":[]}"
11544_0,0.44668588,0.8761308,0.4371002,2024-02-26,11544,"{""type"":""MultiPoint"",""coordinates"":[]}"
11545_0,0.21315396,0.74170405,0.19214241,2024-02-26,11545,"{""type"":""MultiPoint"",""coordinates"":[]}"
11546_0,0.37331536,0.8342887,0.30855018,2024-02-26,11546,"{""type"":""MultiPoint"",""coordinates"":[]}"
11547_0,-0.13183673,0.38207382,-0.17028908,2024-02-26,11547,"{""type"":""MultiPoint"",""coordinates"":[]}"
11548_0,0.21869159,0.75429976,0.18834952,2024-02-26,11548,"{""type"":""MultiPoint"",""coordinates"":[]}"
11549_0,0.1843014,0.65147454,0.17445186,2024-02-26,11549,"{""type"":""MultiPoint"",""coordinates"":[]}"
11550_0,0.22420688,0.75101054,0.1963546,2024-02-26,11550,"{""type"":""MultiPoint"",""coordinates"":[]}"
11551_0,-0.00985945,0.4174894,-0.08988001,2024-02-26,11551,"{""type"":""MultiPoint"",""coordinates"":[]}"
11552_0,0.4029188,0.8441237,0.40761724,2024-02-26,11552,"{""type"":""MultiPoint"",""coordinates"":[]}"
11553_0,0.20522626,0.75274724,0.21100917,2024-02-26,11553,"{""type"":""MultiPoint"",""coordinates"":[]}"
11554_0,0.25231788,0.7222457,0.2874724,2024-02-26,11554,"{""type"":""MultiPoint"",""coordinates"":[]}"
11555_0,0.23947647,0.76453346,0.25373134,2024-02-26,11555,"{""type"":""MultiPoint"",""coordinates"":[]}"
11556_0,0.078784116,0.6255708,0.09035222,2024-02-26,11556,"{""type"":""MultiPoint"",""coordinates"":[]}"
11557_0,0.28017598,0.77118313,0.26810175,2024-02-26,11557,"{""type"":""MultiPoint"",""coordinates"":[]}"
11558_0,0.35437068,0.804287,0.37013447,2024-02-26,11558,"{""type"":""MultiPoint"",""coordinates"":[]}"
11559_0,0.18538484,0.64675987,0.17675544,2024-02-26,11559,"{""type"":""MultiPoint"",""coordinates"":[]}"
11560_0,0.36074477,0.82702094,0.32459018,2024-02-26,11560,"{""type"":""MultiPoint"",""coordinates"":[]}"
11561_0,0.46839,0.84879726,0.47964796,2024-02-26,11561,"{""type"":""MultiPoint"",""coordinates"":[]}"
11562_0,0.41353384,0.8287671,0.44568527,2024-02-26,11562,"{""type"":""MultiPoint"",""coordinates"":[]}"
11564_0,0.4702163,0.8720749,0.38674885,2024-02-26,11564,"{""type"":""MultiPoint"",""coordinates"":[]}"
11801_0,-0.2546858,0.26504672,-0.3372503,2024-02-26,11801,"{""type"":""MultiPoint"",""coordinates"":[]}"
11802_0,-0.24875975,0.2893652,-0.2564773,2024-02-26,11802,"{""type"":""MultiPoint"",""coordinates"":[]}"
11803_0,0.15888527,0.79838276,0.17879859,2024-02-26,11803,"{""type"":""MultiPoint"",""coordinates"":[]}"
11804_0,-0.101666264,0.4088586,-0.15933926,2024-02-26,11804,"{""type"":""MultiPoint"",""coordinates"":[]}"
11805_0,-0.010613752,0.5025604,-0.03204524,2024-02-26,11805,"{""type"":""MultiPoint"",""coordinates"":[]}"
11806_0,-0.21923165,0.34472933,-0.30349237,2024-02-26,11806,"{""type"":""MultiPoint"",""coordinates"":[]}"
11807_0,0.32094842,0.779402,0.31694123,2024-02-26,11807,"{""type"":""MultiPoint"",""coordinates"":[]}"
11808_0,0.20629096,0.75948346,0.18029237,2024-02-26,11808,"{""type"":""MultiPoint"",""coordinates"":[]}"
11809_0,0.24440163,0.7706598,0.27579045,2024-02-26,11809,"{""type"":""MultiPoint"",""coordinates"":[]}"
11810_0,0.18281211,0.672563,0.16061635,2024-02-26,11810,"{""type"":""MultiPoint"",""coordinates"":[]}"
11811_0,0.14512414,0.5976548,0.13246754,2024-02-26,11811,"{""type"":""MultiPoint"",""coordinates"":[]}"
11812_0,-0.209708,0.37041157,-0.26637554,2024-02-26,11812,"{""type"":""MultiPoint"",""coordinates"":[]}"
11813_0,-0.16335322,0.29853374,-0.22655022,2024-02-26,11813,"{""type"":""MultiPoint"",""coordinates"":[]}"
11814_0,0.28584257,0.7804878,0.26289776,2024-02-26,11814,"{""type"":""MultiPoint"",""coordinates"":[]}"
11815_0,-0.11063373,0.28987518,-0.052953158,2024-02-26,11815,"{""type"":""MultiPoint"",""coordinates"":[]}"
11816_0,0.35619155,0.8629518,0.37063712,2024-02-26,11816,"{""type"":""MultiPoint"",""coordinates"":[]}"
11817_0,0.29148868,0.87396187,0.28037384,2024-02-26,11817,"{""type"":""MultiPoint"",""coordinates"":[]}"
11818_0,0.26133075,0.7780596,0.099176794,2024-02-26,11818,"{""type"":""MultiPoint"",""coordinates"":[]}"
11819_0,-0.25916988,0.2855831,-0.30157146,2024-02-26,11819,"{""type"":""MultiPoint"",""coordinates"":[]}"
11820_0,-0.19620629,0.3004448,-0.30614886,2024-02-26,11820,"{""type"":""MultiPoint"",""coordinates"":[]}"
11821_0,0.17384014,0.63957596,0.17106001,2024-02-26,11821,"{""type"":""MultiPoint"",""coordinates"":[]}"
11822_0,-0.06084656,0.1511194,0.15529549,2024-02-26,11822,"{""type"":""MultiPoint"",""coordinates"":[]}"
11823_0,-0.09834776,0.47155768,-0.2041403,2024-02-26,11823,"{""type"":""MultiPoint"",""coordinates"":[]}"
11824_0,-0.16912316,0.4074074,-0.23678647,2024-02-26,11824,"{""type"":""MultiPoint"",""coordinates"":[]}"
11825_0,0.37670016,0.74209243,0.4619704,2024-02-26,11825,"{""type"":""MultiPoint"",""coordinates"":[]}"
11826_0,-0.1967851,0.28909585,-0.03127506,2024-02-26,11826,"{""type"":""MultiPoint"",""coordinates"":[]}"
11827_0,0.30814153,0.79657966,0.32933733,2024-02-26,11827,"{""type"":""MultiPoint"",""coordinates"":[]}"
11828_0,-0.24423791,0.24513619,-0.27093223,2024-02-26,11828,"{""type"":""MultiPoint"",""coordinates"":[]}"
11829_0,-0.17752597,0.39507222,-0.20599613,2024-02-26,11829,"{""type"":""MultiPoint"",""coordinates"":[]}"
11830_0,-0.080897704,0.44849446,-0.062323675,2024-02-26,11830,"{""type"":""MultiPoint"",""coordinates"":[]}"
11831_0,-0.1689663,0.37773883,-0.24350336,2024-02-26,11831,"{""type"":""MultiPoint"",""coordinates"":[]}"
11832_0,-0.15210609,0.3615894,-0.17924152,2024-02-26,11832,"{""type"":""MultiPoint"",""coordinates"":[]}"
11833_0,-0.23453237,0.3939394,-0.21702127,2024-02-26,11833,"{""type"":""MultiPoint"",""coordinates"":[]}"
11834_0,-0.0947249,0.48232847,-0.15017879,2024-02-26,11834,"{""type"":""MultiPoint"",""coordinates"":[]}"
11835_0,0.20396695,0.8219677,0.18483412,2024-02-26,11835,"{""type"":""MultiPoint"",""coordinates"":[]}"
11836_0,-0.11060104,0.2585794,-0.017445482,2024-02-26,11836,"{""type"":""MultiPoint"",""coordinates"":[]}"
11837_0,-0.0017452007,0.023343848,-0.06982079,2024-02-26,11837,"{""type"":""MultiPoint"",""coordinates"":[]}"
11838_0,0.0027075813,0.05936073,0.07181856,2024-02-26,11838,"{""type"":""MultiPoint"",""coordinates"":[]}"
11839_0,0.35315713,0.8138249,0.38153738,2024-02-26,11839,"{""type"":""MultiPoint"",""coordinates"":[]}"
11840_0,0.21082239,0.6561151,0.21960264,2024-02-26,11840,"{""type"":""MultiPoint"",""coordinates"":[]}"
11841_0,-0.052471153,0.4604982,-0.081673756,2024-02-26,11841,"{""type"":""MultiPoint"",""coordinates"":[]}"
11842_0,-0.15027158,0.24549356,-0.13553768,2024-02-26,11842,"{""type"":""MultiPoint"",""coordinates"":[]}"
11843_0,-0.16503544,0.24430312,-0.19034483,2024-02-26,11843,"{""type"":""MultiPoint"",""coordinates"":[]}"
11844_0,-0.18973829,0.3461063,-0.2266998,2024-02-26,11844,"{""type"":""MultiPoint"",""coordinates"":[]}"
11845_0,-0.076229,0.07371349,-0.19792208,2024-02-26,11845,"{""type"":""MultiPoint"",""coordinates"":[]}"
11846_0,0.022173489,0.031668298,-0.118918166,2024-02-26,11846,"{""type"":""MultiPoint"",""coordinates"":[]}"
11847_0,-0.10328014,0.35088328,-0.12142374,2024-02-26,11847,"{""type"":""MultiPoint"",""coordinates"":[]}"
11848_0,-0.19198543,0.25056434,-0.19241983,2024-02-26,11848,"{""type"":""MultiPoint"",""coordinates"":[]}"
11849_0,-0.071127184,0.38663745,-0.16792639,2024-02-26,11849,"{""type"":""MultiPoint"",""coordinates"":[]}"
11850_0,-0.21549717,0.28253224,-0.25106966,2024-02-26,11850,"{""type"":""MultiPoint"",""coordinates"":[]}"
11851_0,-0.20432043,0.41118014,-0.27712378,2024-02-26,11851,"{""type"":""MultiPoint"",""coordinates"":[]}"
11852_0,-0.21404494,0.3775216,-0.20222531,2024-02-26,11852,"{""type"":""MultiPoint"",""coordinates"":[]}"
11853_0,-0.04606365,0.47692308,-0.061623458,2024-02-26,11853,"{""type"":""MultiPoint"",""coordinates"":[]}"
11854_0,-0.123427205,0.5611285,-0.113089934,2024-02-26,11854,"{""type"":""MultiPoint"",""coordinates"":[]}"
11855_0,-0.009113002,0.65800864,-0.040400878,2024-02-26,11855,"{""type"":""MultiPoint"",""coordinates"":[]}"
11856_0,-0.08671953,0.41798106,-0.098972686,2024-02-26,11856,"{""type"":""MultiPoint"",""coordinates"":[]}"
11857_0,-0.19163764,0.37607327,-0.17445055,2024-02-26,11857,"{""type"":""MultiPoint"",""coordinates"":[]}"
11858_0,-0.14868982,0.41721854,-0.18964973,2024-02-26,11858,"{""type"":""MultiPoint"",""coordinates"":[]}"
11859_0,0.16420408,0.6758221,0.18199182,2024-02-26,11859,"{""type"":""MultiPoint"",""coordinates"":[]}"
11860_0,0.05778699,0.5443038,0.035543766,2024-02-26,11860,"{""type"":""MultiPoint"",""coordinates"":[]}"
11861_0,-0.20702888,0.32286996,-0.2559899,2024-02-26,11861,"{""type"":""MultiPoint"",""coordinates"":[]}"
11862_0,0.024076147,0.64365673,0.0054208273,2024-02-26,11862,"{""type"":""MultiPoint"",""coordinates"":[]}"
11863_0,-0.20224445,0.35077068,-0.26035807,2024-02-26,11863,"{""type"":""MultiPoint"",""coordinates"":[]}"
11864_0,0.1804263,0.76395065,0.13360837,2024-02-26,11864,"{""type"":""MultiPoint"",""coordinates"":[]}"
11865_0,-0.14574617,0.48318043,-0.25755838,2024-02-26,11865,"{""type"":""MultiPoint"",""coordinates"":[]}"
11866_0,-0.20392837,0.38136646,-0.30413017,2024-02-26,11866,"{""type"":""MultiPoint"",""coordinates"":[]}"
11867_0,-0.13487242,0.47425476,-0.19082023,2024-02-26,11867,"{""type"":""MultiPoint"",""coordinates"":[]}"
11868_0,-0.01940545,0.3501144,-0.02257196,2024-02-26,11868,"{""type"":""MultiPoint"",""coordinates"":[]}"
11869_0,0.20311527,0.7293666,0.16975008,2024-02-26,11869,"{""type"":""MultiPoint"",""coordinates"":[]}"
11870_0,-0.14553764,0.36733067,-0.1623139,2024-02-26,11870,"{""type"":""MultiPoint"",""coordinates"":[]}"
11871_0,-0.04979643,0.5350635,-0.09328115,2024-02-26,11871,"{""type"":""MultiPoint"",""coordinates"":[]}"
11872_0,-0.1640118,0.36050156,-0.2048855,2024-02-26,11872,"{""type"":""MultiPoint"",""coordinates"":[]}"
11873_0,-0.14351177,0.40924093,-0.23287672,2024-02-26,11873,"{""type"":""MultiPoint"",""coordinates"":[]}"
11874_0,-0.023452953,0.6450816,-0.042302158,2024-02-26,11874,"{""type"":""MultiPoint"",""coordinates"":[]}"
11875_0,0.22022839,0.7622378,0.13718411,2024-02-26,11875,"{""type"":""MultiPoint"",""coordinates"":[]}"
11876_0,0.36696187,0.86329585,0.095211886,2024-02-26,11876,"{""type"":""MultiPoint"",""coordinates"":[]}"
11877_0,0.0038546256,0.6947791,-0.034601085,2024-02-26,11877,"{""type"":""MultiPoint"",""coordinates"":[]}"
11878_0,-0.2137628,0.38156995,-0.24194756,2024-02-26,11878,"{""type"":""MultiPoint"",""coordinates"":[]}"
11879_0,0.3813738,0.8299055,0.38319328,2024-02-26,11879,"{""type"":""MultiPoint"",""coordinates"":[]}"
11880_0,0.042464115,0.654979,0.050133493,2024-02-26,11880,"{""type"":""MultiPoint"",""coordinates"":[]}"
11881_0,0.29192826,0.81392145,0.25005937,2024-02-26,11881,"{""type"":""MultiPoint"",""coordinates"":[]}"
11882_0,0.05652424,0.61206895,0.030708661,2024-02-26,11882,"{""type"":""MultiPoint"",""coordinates"":[]}"
11883_0,-0.07135913,0.43933055,-0.14339074,2024-02-26,11883,"{""type"":""MultiPoint"",""coordinates"":[]}"
11884_0,0.07625977,0.64705884,0.059791554,2024-02-26,11884,"{""type"":""MultiPoint"",""coordinates"":[]}"
11885_0,0.2370676,0.7051724,0.24402516,2024-02-26,11885,"{""type"":""MultiPoint"",""coordinates"":[]}"
11886_0,0.39688474,0.8138869,0.44717303,2024-02-26,11886,"{""type"":""MultiPoint"",""coordinates"":[]}"
11887_0,0.38024098,0.89429176,0.35279316,2024-02-26,11887,"{""type"":""MultiPoint"",""coordinates"":[]}"
11888_0,0.2302098,0.67665756,0.14587213,2024-02-26,11888,"{""type"":""MultiPoint"",""coordinates"":[]}"
11889_0,-0.19805825,0.3096321,-0.21816386,2024-02-26,11889,"{""type"":""MultiPoint"",""coordinates"":[]}"
11890_0,0.1534196,0.67718446,0.0937871,2024-02-26,11890,"{""type"":""MultiPoint"",""coordinates"":[]}"
11891_0,-0.11962432,0.4001657,-0.1453856,2024-02-26,11891,"{""type"":""MultiPoint"",""coordinates"":[]}"
11892_0,0.2893082,0.792,0.3711742,2024-02-26,11892,"{""type"":""MultiPoint"",""coordinates"":[]}"
11893_0,0.076863505,0.47933206,0.06252458,2024-02-26,11893,"{""type"":""MultiPoint"",""coordinates"":[]}"
11894_0,0.23851076,0.84008527,0.13739704,2024-02-26,11894,"{""type"":""MultiPoint"",""coordinates"":[]}"
11895_0,0.3228216,0.7956036,0.3108108,2024-02-26,11895,"{""type"":""MultiPoint"",""coordinates"":[]}"
11896_0,0.32074425,0.7777778,0.28374818,2024-02-26,11896,"{""type"":""MultiPoint"",""coordinates"":[]}"
11897_0,0.23205268,0.61273813,0.23707743,2024-02-26,11897,"{""type"":""MultiPoint"",""coordinates"":[]}"
11898_0,0.2708814,0.861678,0.35032895,2024-02-26,11898,"{""type"":""MultiPoint"",""coordinates"":[]}"
11899_0,0.48658538,0.8631841,0.40690303,2024-02-26,11899,"{""type"":""MultiPoint"",""coordinates"":[]}"
11900_0,0.35589987,0.7987578,0.3637862,2024-02-26,11900,"{""type"":""MultiPoint"",""coordinates"":[]}"
11901_0,0.36150235,0.8247484,0.4092364,2024-02-26,11901,"{""type"":""MultiPoint"",""coordinates"":[]}"
11902_0,0.37320575,0.780383,0.3698136,2024-02-26,11902,"{""type"":""MultiPoint"",""coordinates"":[]}"
11903_0,-0.009665838,0.5144893,-0.06838106,2024-02-26,11903,"{""type"":""MultiPoint"",""coordinates"":[]}"
11904_0,0.12639304,0.7151824,0.15264961,2024-02-26,11904,"{""type"":""MultiPoint"",""coordinates"":[]}"
11905_0,0.39344722,0.86022305,0.3958159,2024-02-26,11905,"{""type"":""MultiPoint"",""coordinates"":[]}"
11906_0,0.3664446,0.8388934,0.36721113,2024-02-26,11906,"{""type"":""MultiPoint"",""coordinates"":[]}"
11907_0,0.38966066,0.8425839,0.37353903,2024-02-26,11907,"{""type"":""MultiPoint"",""coordinates"":[]}"
11908_0,0.34617597,0.8269231,0.29532072,2024-02-26,11908,"{""type"":""MultiPoint"",""coordinates"":[]}"
11909_0,0.16251673,0.6868268,0.13111112,2024-02-26,11909,"{""type"":""MultiPoint"",""coordinates"":[]}"
11910_0,-0.067281604,0.53396225,-0.09490676,2024-02-26,11910,"{""type"":""MultiPoint"",""coordinates"":[]}"
11911_0,0.13558014,0.66015786,0.08646003,2024-02-26,11911,"{""type"":""MultiPoint"",""coordinates"":[]}"
11912_0,0.12021136,0.63054186,0.08792112,2024-02-26,11912,"{""type"":""MultiPoint"",""coordinates"":[]}"
11913_0,0.021422142,0.43051913,0.00183621,2024-02-26,11913,"{""type"":""MultiPoint"",""coordinates"":[]}"
11914_0,0.24414168,0.6932422,0.23306608,2024-02-26,11914,"{""type"":""MultiPoint"",""coordinates"":[]}"
11915_0,0.19674513,0.766837,0.15834348,2024-02-26,11915,"{""type"":""MultiPoint"",""coordinates"":[]}"
11916_0,0.4090909,0.8922334,0.4097453,2024-02-26,11916,"{""type"":""MultiPoint"",""coordinates"":[]}"
11917_0,0.30169266,0.7677165,0.26123595,2024-02-26,11917,"{""type"":""MultiPoint"",""coordinates"":[]}"
11918_0,0.23585913,0.8052209,0.25208914,2024-02-26,11918,"{""type"":""MultiPoint"",""coordinates"":[]}"
11919_0,-0.11661414,0.35430464,-0.20505345,2024-02-26,11919,"{""type"":""MultiPoint"",""coordinates"":[]}"
11920_0,0.23806591,0.6531424,0.25369534,2024-02-26,11920,"{""type"":""MultiPoint"",""coordinates"":[]}"
11921_0,0.32858709,0.76754385,0.32711306,2024-02-26,11921,"{""type"":""MultiPoint"",""coordinates"":[]}"
12456_0,0.33352017,0.84504795,0.32037726,2024-02-26,12456,"{""type"":""MultiPoint"",""coordinates"":[]}"
12457_0,-0.19593692,0.39721793,-0.10605686,2024-02-26,12457,"{""type"":""MultiPoint"",""coordinates"":[]}"
12458_0,-0.25348836,0.3846154,-0.24913093,2024-02-26,12458,"{""type"":""MultiPoint"",""coordinates"":[]}"
12459_0,0.029806886,0.5555556,-0.03146619,2024-02-26,12459,"{""type"":""MultiPoint"",""coordinates"":[]}"
12460_0,0.109088324,0.046473484,0.1,2024-02-26,12460,"{""type"":""MultiPoint"",""coordinates"":[]}"
12461_0,-0.2013935,0.17815211,-0.22145388,2024-02-26,12461,"{""type"":""MultiPoint"",""coordinates"":[]}"
12462_0,-0.19946572,0.3653846,-0.26597744,2024-02-26,12462,"{""type"":""MultiPoint"",""coordinates"":[]}"
12463_0,-0.057334326,0.40469974,-0.13782051,2024-02-26,12463,"{""type"":""MultiPoint"",""coordinates"":[]}"
12464_0,-0.2612533,0.28608924,-0.3207024,2024-02-26,12464,"{""type"":""MultiPoint"",""coordinates"":[]}"
12465_0,0.23281302,0.8021169,0.25795054,2024-02-26,12465,"{""type"":""MultiPoint"",""coordinates"":[]}"
12466_0,0.08835467,0.6407982,0.006802721,2024-02-26,12466,"{""type"":""MultiPoint"",""coordinates"":[]}"
12467_0,0.27989417,0.74796146,0.26808283,2024-02-26,12467,"{""type"":""MultiPoint"",""coordinates"":[]}"
12468_0,0.21860768,0.77944624,0.22441071,2024-02-26,12468,"{""type"":""MultiPoint"",""coordinates"":[]}"
12469_0,-0.16266666,0.43589744,-0.23544565,2024-02-26,12469,"{""type"":""MultiPoint"",""coordinates"":[]}"
12470_0,-0.17060614,0.29925925,-0.17555816,2024-02-26,12470,"{""type"":""MultiPoint"",""coordinates"":[]}"
12471_0,0.23069027,0.8320721,0.25810444,2024-02-26,12471,"{""type"":""MultiPoint"",""coordinates"":[]}"
12472_0,-0.14171779,0.34138972,-0.16567491,2024-02-26,12472,"{""type"":""MultiPoint"",""coordinates"":[]}"
12473_0,0.33275864,0.80388695,0.27505463,2024-02-26,12473,"{""type"":""MultiPoint"",""coordinates"":[]}"
12474_0,0.06997518,0.5508982,0.050177395,2024-02-26,12474,"{""type"":""MultiPoint"",""coordinates"":[]}"
12475_0,-0.23972602,0.36447582,-0.2263628,2024-02-26,12475,"{""type"":""MultiPoint"",""coordinates"":[]}"
12476_0,0.27138007,0.7882562,0.26018807,2024-02-26,12476,"{""type"":""MultiPoint"",""coordinates"":[]}"
12477_0,0.12213967,0.65522873,0.15672281,2024-02-26,12477,"{""type"":""MultiPoint"",""coordinates"":[]}"
12478_0,-0.17356893,0.3753943,-0.18777943,2024-02-26,12478,"{""type"":""MultiPoint"",""coordinates"":[]}"
12479_0,0.06474104,0.672428,0.03938619,2024-02-26,12479,"{""type"":""MultiPoint"",""coordinates"":[]}"
12480_0,0.16473664,0.628103,0.21708684,2024-02-26,12480,"{""type"":""MultiPoint"",""coordinates"":[]}"
12481_0,-0.24774225,0.30666667,-0.40671435,2024-02-26,12481,"{""type"":""MultiPoint"",""coordinates"":[]}"
12482_0,0.2689927,0.83908045,0.24891587,2024-02-26,12482,"{""type"":""MultiPoint"",""coordinates"":[]}"
12483_0,-0.2768006,0.21091811,-0.27703702,2024-02-26,12483,"{""type"":""MultiPoint"",""coordinates"":[]}"
12484_0,0.055469155,0.6437459,0.1588181,2024-02-26,12484,"{""type"":""MultiPoint"",""coordinates"":[]}"
12485_0,0.23949094,0.7136038,0.18579686,2024-02-26,12485,"{""type"":""MultiPoint"",""coordinates"":[]}"
12486_0,-0.17229286,0.37138197,-0.22773187,2024-02-26,12486,"{""type"":""MultiPoint"",""coordinates"":[]}"
12487_0,-0.17701326,0.38302583,-0.24068071,2024-02-26,12487,"{""type"":""MultiPoint"",""coordinates"":[]}"
12488_0,-0.13572024,0.41031942,-0.08598726,2024-02-26,12488,"{""type"":""MultiPoint"",""coordinates"":[]}"
12489_0,-0.14816579,0.38893616,-0.19247897,2024-02-26,12489,"{""type"":""MultiPoint"",""coordinates"":[]}"
12490_0,-0.16644259,0.38953218,-0.1823385,2024-02-26,12490,"{""type"":""MultiPoint"",""coordinates"":[]}"
12491_0,-0.17896865,0.337855,-0.297574,2024-02-26,12491,"{""type"":""MultiPoint"",""coordinates"":[]}"
12492_0,-0.22681259,0.2616633,-0.28628802,2024-02-26,12492,"{""type"":""MultiPoint"",""coordinates"":[]}"
12493_0,0.28961748,0.8110384,0.30107528,2024-02-26,12493,"{""type"":""MultiPoint"",""coordinates"":[]}"
12494_0,0.19981669,0.57515526,0.18449323,2024-02-26,12494,"{""type"":""MultiPoint"",""coordinates"":[]}"
12495_0,0.067917205,0.6752312,0.061543472,2024-02-26,12495,"{""type"":""MultiPoint"",""coordinates"":[]}"
12496_0,-0.124197,0.44680852,-0.1679644,2024-02-26,12496,"{""type"":""MultiPoint"",""coordinates"":[]}"
12497_0,0.31968504,0.7830865,0.36703297,2024-02-26,12497,"{""type"":""MultiPoint"",""coordinates"":[]}"
12498_0,-0.14977458,0.3706947,-0.18908651,2024-02-26,12498,"{""type"":""MultiPoint"",""coordinates"":[]}"
12499_0,-0.17290765,0.26415095,-0.21383357,2024-02-26,12499,"{""type"":""MultiPoint"",""coordinates"":[]}"
12500_0,0.4079127,0.8029197,0.3895921,2024-02-26,12500,"{""type"":""MultiPoint"",""coordinates"":[]}"
12501_0,0.2563418,0.7680827,0.16051243,2024-02-26,12501,"{""type"":""MultiPoint"",""coordinates"":[]}"
12502_0,-0.08812616,0.32970768,-0.090655506,2024-02-26,12502,"{""type"":""MultiPoint"",""coordinates"":[]}"
12503_0,0.013881177,0.54575706,0.022564666,2024-02-26,12503,"{""type"":""MultiPoint"",""coordinates"":[]}"
12504_0,0.292863,0.74492097,0.28405315,2024-02-26,12504,"{""type"":""MultiPoint"",""coordinates"":[]}"
12505_0,-0.107236266,0.4608985,-0.18249534,2024-02-26,12505,"{""type"":""MultiPoint"",""coordinates"":[]}"
12506_0,-0.035257824,0.39468807,-0.01975255,2024-02-26,12506,"{""type"":""MultiPoint"",""coordinates"":[]}"
12507_0,0.2275574,0.7016949,0.21586436,2024-02-26,12507,"{""type"":""MultiPoint"",""coordinates"":[]}"
12508_0,-0.018303484,0.11699165,-0.094871975,2024-02-26,12508,"{""type"":""MultiPoint"",""coordinates"":[]}"
12509_0,-0.15642788,0.2836439,-0.22596754,2024-02-26,12509,"{""type"":""MultiPoint"",""coordinates"":[]}"
12510_0,-0.17794836,0.31513083,-0.18706048,2024-02-26,12510,"{""type"":""MultiPoint"",""coordinates"":[]}"
12511_0,-0.09017912,0.5192621,-0.11532386,2024-02-26,12511,"{""type"":""MultiPoint"",""coordinates"":[]}"
12512_0,-0.19307248,0.23305085,-0.23015873,2024-02-26,12512,"{""type"":""MultiPoint"",""coordinates"":[]}"
12513_0,0.046551302,0.5396284,0.018564977,2024-02-26,12513,"{""type"":""MultiPoint"",""coordinates"":[]}"
12514_0,-0.06835654,0.3671562,-0.11322797,2024-02-26,12514,"{""type"":""MultiPoint"",""coordinates"":[]}"
12515_0,-0.2228261,0.2913669,-0.3056093,2024-02-26,12515,"{""type"":""MultiPoint"",""coordinates"":[]}"
12516_0,0.050464474,0.58960223,0.03248913,2024-02-26,12516,"{""type"":""MultiPoint"",""coordinates"":[]}"
12517_0,0.16024567,0.77119035,0.11943794,2024-02-26,12517,"{""type"":""MultiPoint"",""coordinates"":[]}"
12518_0,0.30018502,0.7386055,0.31117687,2024-02-26,12518,"{""type"":""MultiPoint"",""coordinates"":[]}"
12519_0,0.13849236,0.6914974,0.13306452,2024-02-26,12519,"{""type"":""MultiPoint"",""coordinates"":[]}"
12520_0,-0.059792843,0.4643399,-0.07677589,2024-02-26,12520,"{""type"":""MultiPoint"",""coordinates"":[]}"
12521_0,0.0065396647,0.561351,0.022110272,2024-02-26,12521,"{""type"":""MultiPoint"",""coordinates"":[]}"
12522_0,-0.14608696,0.45780292,-0.26064083,2024-02-26,12522,"{""type"":""MultiPoint"",""coordinates"":[]}"
12523_0,0.041059602,0.59574467,0.017639078,2024-02-26,12523,"{""type"":""MultiPoint"",""coordinates"":[]}"
12524_0,-0.16495575,0.3045045,-0.20483251,2024-02-26,12524,"{""type"":""MultiPoint"",""coordinates"":[]}"
12525_0,-0.17682283,0.3084112,-0.19727647,2024-02-26,12525,"{""type"":""MultiPoint"",""coordinates"":[]}"
12526_0,-0.14665127,0.42184153,-0.1985516,2024-02-26,12526,"{""type"":""MultiPoint"",""coordinates"":[]}"
12527_0,2.8401022E-4,0.53016454,-0.025043681,2024-02-26,12527,"{""type"":""MultiPoint"",""coordinates"":[]}"
12528_0,0.15857956,0.6296296,0.02389937,2024-02-26,12528,"{""type"":""MultiPoint"",""coordinates"":[]}"
12529_0,-0.012808349,0.42372882,-0.049913943,2024-02-26,12529,"{""type"":""MultiPoint"",""coordinates"":[]}"
12530_0,-0.15703444,0.40859142,-0.16863208,2024-02-26,12530,"{""type"":""MultiPoint"",""coordinates"":[]}"
12531_0,-0.03135135,0.07157464,-0.064494535,2024-02-26,12531,"{""type"":""MultiPoint"",""coordinates"":[]}"
12532_0,-0.026126903,0.57904947,-0.046559297,2024-02-26,12532,"{""type"":""MultiPoint"",""coordinates"":[]}"
12533_0,-0.1307272,0.24211779,-0.12599415,2024-02-26,12533,"{""type"":""MultiPoint"",""coordinates"":[]}"
12534_0,-0.19463971,0.31135532,-0.20603238,2024-02-26,12534,"{""type"":""MultiPoint"",""coordinates"":[]}"
12535_0,-0.07531274,0.48362955,-0.14084508,2024-02-26,12535,"{""type"":""MultiPoint"",""coordinates"":[]}"
12536_0,-0.20850202,0.47406083,-0.18334985,2024-02-26,12536,"{""type"":""MultiPoint"",""coordinates"":[]}"
12537_0,-0.061742984,0.57581764,-0.061116032,2024-02-26,12537,"{""type"":""MultiPoint"",""coordinates"":[]}"
12538_0,-0.16714422,0.44313085,-0.15994304,2024-02-26,12538,"{""type"":""MultiPoint"",""coordinates"":[]}"
12539_0,0.012402654,0.615534,-0.014218009,2024-02-26,12539,"{""type"":""MultiPoint"",""coordinates"":[]}"
12540_0,-0.034737166,0.539267,-0.06755471,2024-02-26,12540,"{""type"":""MultiPoint"",""coordinates"":[]}"
12541_0,-0.18065867,0.3114241,-0.29830438,2024-02-26,12541,"{""type"":""MultiPoint"",""coordinates"":[]}"
12542_0,0.12630515,0.6909091,0.068581685,2024-02-26,12542,"{""type"":""MultiPoint"",""coordinates"":[]}"
12543_0,-0.02432886,0.48343557,-0.004938272,2024-02-26,12543,"{""type"":""MultiPoint"",""coordinates"":[]}"
12544_0,0.39363742,0.88478583,0.23463957,2024-02-26,12544,"{""type"":""MultiPoint"",""coordinates"":[]}"
12545_0,-0.15328467,0.43712574,-0.22808899,2024-02-26,12545,"{""type"":""MultiPoint"",""coordinates"":[]}"
12546_0,-0.0016466713,0.3251684,0.008152807,2024-02-26,12546,"{""type"":""MultiPoint"",""coordinates"":[]}"
12547_0,-0.18613243,0.41102362,-0.21655494,2024-02-26,12547,"{""type"":""MultiPoint"",""coordinates"":[]}"
12548_0,0.34250584,0.7748562,0.31586963,2024-02-26,12548,"{""type"":""MultiPoint"",""coordinates"":[]}"
12549_0,-0.19244912,0.37505752,-0.23892002,2024-02-26,12549,"{""type"":""MultiPoint"",""coordinates"":[]}"
12550_0,-0.16698763,0.44287065,-0.16251028,2024-02-26,12550,"{""type"":""MultiPoint"",""coordinates"":[]}"
12551_0,0.110079214,0.6926995,0.10074524,2024-02-26,12551,"{""type"":""MultiPoint"",""coordinates"":[]}"
12552_0,0.21208565,0.7039587,0.19169424,2024-02-26,12552,"{""type"":""MultiPoint"",""coordinates"":[]}"
12553_0,-0.11569363,0.4693535,-0.08687712,2024-02-26,12553,"{""type"":""MultiPoint"",""coordinates"":[]}"
12554_0,0.22446094,0.78432685,0.09674763,2024-02-26,12554,"{""type"":""MultiPoint"",""coordinates"":[]}"
12555_0,0.029460812,0.6904277,-0.02524956,2024-02-26,12555,"{""type"":""MultiPoint"",""coordinates"":[]}"
12556_0,0.12002946,0.7848101,0.08253359,2024-02-26,12556,"{""type"":""MultiPoint"",""coordinates"":[]}"
12557_0,0.32952225,0.6167723,0.33763614,2024-02-26,12557,"{""type"":""MultiPoint"",""coordinates"":[]}"
12558_0,-0.005524862,0.5632184,-0.1446541,2024-02-26,12558,"{""type"":""MultiPoint"",""coordinates"":[]}"
12559_0,-0.046875,0.65747124,-0.11288834,2024-02-26,12559,"{""type"":""MultiPoint"",""coordinates"":[]}"
12560_0,0.10903427,0.64513016,0.08801021,2024-02-26,12560,"{""type"":""MultiPoint"",""coordinates"":[]}"
12561_0,0.30092722,0.802438,0.26564345,2024-02-26,12561,"{""type"":""MultiPoint"",""coordinates"":[]}"
12562_0,-0.17597999,0.30994153,-0.22289678,2024-02-26,12562,"{""type"":""MultiPoint"",""coordinates"":[]}"
12563_0,0.18144265,0.6982718,0.17063747,2024-02-26,12563,"{""type"":""MultiPoint"",""coordinates"":[]}"
12564_0,-0.1518719,0.44359255,-0.2996812,2024-02-26,12564,"{""type"":""MultiPoint"",""coordinates"":[]}"
12565_0,0.11549123,0.67636216,0.17518668,2024-02-26,12565,"{""type"":""MultiPoint"",""coordinates"":[]}"
12566_0,-0.12851405,0.47774482,-0.1366657,2024-02-26,12566,"{""type"":""MultiPoint"",""coordinates"":[]}"
12567_0,0.010402024,0.47783253,-0.0797546,2024-02-26,12567,"{""type"":""MultiPoint"",""coordinates"":[]}"
12568_0,0.22613579,0.72609454,0.23819095,2024-02-26,12568,"{""type"":""MultiPoint"",""coordinates"":[]}"
12569_0,0.15232722,0.64720047,0.06459144,2024-02-26,12569,"{""type"":""MultiPoint"",""coordinates"":[]}"
12570_0,-0.04103927,0.48103186,-0.09265572,2024-02-26,12570,"{""type"":""MultiPoint"",""coordinates"":[]}"
12571_0,-0.04505097,0.60366786,-0.004742333,2024-02-26,12571,"{""type"":""MultiPoint"",""coordinates"":[]}"
12572_0,0.18972002,0.6781457,0.13302034,2024-02-26,12572,"{""type"":""MultiPoint"",""coordinates"":[]}"
12573_0,0.28087938,0.841785,0.29234272,2024-02-26,12573,"{""type"":""MultiPoint"",""coordinates"":[]}"
12574_0,0.09902371,0.7172577,0.0585835,2024-02-26,12574,"{""type"":""MultiPoint"",""coordinates"":[]}"
12575_0,-0.11204188,0.2970297,-0.14935064,2024-02-26,12575,"{""type"":""MultiPoint"",""coordinates"":[]}"
12576_0,0.15877812,0.75405544,0.1444179,2024-02-26,12576,"{""type"":""MultiPoint"",""coordinates"":[]}"
12577_0,0.41054502,0.86880857,0.4745181,2024-02-26,12577,"{""type"":""MultiPoint"",""coordinates"":[]}"
12578_0,0.23361436,0.72106,0.27314934,2024-02-26,12578,"{""type"":""MultiPoint"",""coordinates"":[]}"
12579_0,0.16461916,0.73625463,0.1570248,2024-02-26,12579,"{""type"":""MultiPoint"",""coordinates"":[]}"
12580_0,0.36867636,0.8052309,0.28069484,2024-02-26,12580,"{""type"":""MultiPoint"",""coordinates"":[]}"
12581_0,-0.125,0.44671842,-0.123557076,2024-02-26,12581,"{""type"":""MultiPoint"",""coordinates"":[]}"
12582_0,0.21419518,0.7069409,0.14482759,2024-02-26,12582,"{""type"":""MultiPoint"",""coordinates"":[]}"
12583_0,-0.13919052,0.4319192,-0.13137256,2024-02-26,12583,"{""type"":""MultiPoint"",""coordinates"":[]}"
12584_0,0.38018018,0.83480823,0.36903888,2024-02-26,12584,"{""type"":""MultiPoint"",""coordinates"":[]}"
12585_0,0.33178347,0.83722806,0.38770542,2024-02-26,12585,"{""type"":""MultiPoint"",""coordinates"":[]}"
12586_0,0.10425433,0.5822997,0.10383536,2024-02-26,12586,"{""type"":""MultiPoint"",""coordinates"":[]}"
12587_0,0.26398,0.8845438,0.26420987,2024-02-26,12587,"{""type"":""MultiPoint"",""coordinates"":[]}"
12588_0,0.122112215,0.69762844,0.08016347,2024-02-26,12588,"{""type"":""MultiPoint"",""coordinates"":[]}"
12589_0,-0.18465473,0.39679793,-0.17862596,2024-02-26,12589,"{""type"":""MultiPoint"",""coordinates"":[]}"
12590_0,0.32433861,0.82969433,0.32629913,2024-02-26,12590,"{""type"":""MultiPoint"",""coordinates"":[]}"
12591_0,0.16815667,0.7097936,0.14373356,2024-02-26,12591,"{""type"":""MultiPoint"",""coordinates"":[]}"
12592_0,0.46766436,0.85891527,0.44941956,2024-02-26,12592,"{""type"":""MultiPoint"",""coordinates"":[]}"
12593_0,0.2919962,0.7536424,0.27922705,2024-02-26,12593,"{""type"":""MultiPoint"",""coordinates"":[]}"
12594_0,-0.14554727,0.42777777,-0.17363344,2024-02-26,12594,"{""type"":""MultiPoint"",""coordinates"":[]}"
12595_0,0.24139814,0.68899715,0.19919285,2024-02-26,12595,"{""type"":""MultiPoint"",""coordinates"":[]}"
12596_0,-0.0025461488,0.642015,-0.013839717,2024-02-26,12596,"{""type"":""MultiPoint"",""coordinates"":[]}"
12597_0,0.3807566,0.8127946,0.2825155,2024-02-26,12597,"{""type"":""MultiPoint"",""coordinates"":[]}"
12598_0,0.2871861,0.8651685,0.32189894,2024-02-26,12598,"{""type"":""MultiPoint"",""coordinates"":[]}"
12599_0,-0.08789666,0.43192065,-0.09900709,2024-02-26,12599,"{""type"":""MultiPoint"",""coordinates"":[]}"
12600_0,0.31235352,0.7481552,0.28257072,2024-02-26,12600,"{""type"":""MultiPoint"",""coordinates"":[]}"
12601_0,0.40055555,0.81660765,0.362858,2024-02-26,12601,"{""type"":""MultiPoint"",""coordinates"":[]}"
12602_0,0.37731957,0.81229156,0.35470086,2024-02-26,12602,"{""type"":""MultiPoint"",""coordinates"":[]}"
12603_0,0.1445055,0.63861006,0.15357435,2024-02-26,12603,"{""type"":""MultiPoint"",""coordinates"":[]}"
12604_0,0.4616429,0.8497692,0.47080413,2024-02-26,12604,"{""type"":""MultiPoint"",""coordinates"":[]}"
12605_0,-0.08682838,0.5032051,-0.12192839,2024-02-26,12605,"{""type"":""MultiPoint"",""coordinates"":[]}"
12606_0,0.33668005,0.7978142,0.33153456,2024-02-26,12606,"{""type"":""MultiPoint"",""coordinates"":[]}"
12607_0,0.22246377,0.7912867,0.24463217,2024-02-26,12607,"{""type"":""MultiPoint"",""coordinates"":[]}"
12608_0,0.14729951,0.71405226,0.14613494,2024-02-26,12608,"{""type"":""MultiPoint"",""coordinates"":[]}"
12609_0,0.17906336,0.7554626,0.16940229,2024-02-26,12609,"{""type"":""MultiPoint"",""coordinates"":[]}"
12610_0,0.23208295,0.8199435,0.2832337,2024-02-26,12610,"{""type"":""MultiPoint"",""coordinates"":[]}"
12611_0,0.3540759,0.8504065,0.3735667,2024-02-26,12611,"{""type"":""MultiPoint"",""coordinates"":[]}"
12612_0,0.25906736,0.72091335,0.24815983,2024-02-26,12612,"{""type"":""MultiPoint"",""coordinates"":[]}"
12613_0,0.15614815,0.65004224,0.1563981,2024-02-26,12613,"{""type"":""MultiPoint"",""coordinates"":[]}"
12614_0,0.07960057,0.642732,0.07537977,2024-02-26,12614,"{""type"":""MultiPoint"",""coordinates"":[]}"
12615_0,0.087698296,0.6073981,0.112922005,2024-02-26,12615,"{""type"":""MultiPoint"",""coordinates"":[]}"
12616_0,0.42704627,0.8510839,0.41856265,2024-02-26,12616,"{""type"":""MultiPoint"",""coordinates"":[]}"
12617_0,0.07579214,0.68379444,0.077662535,2024-02-26,12617,"{""type"":""MultiPoint"",""coordinates"":[]}"
12618_0,-0.050726485,0.4339921,-0.06374194,2024-02-26,12618,"{""type"":""MultiPoint"",""coordinates"":[]}"
12619_0,0.19535655,0.7158931,0.20276043,2024-02-26,12619,"{""type"":""MultiPoint"",""coordinates"":[]}"
12620_0,0.2704819,0.8122181,0.29201987,2024-02-26,12620,"{""type"":""MultiPoint"",""coordinates"":[]}"
12621_0,0.38832876,0.8071768,0.35231316,2024-02-26,12621,"{""type"":""MultiPoint"",""coordinates"":[]}"
12623_0,0.21222606,0.7697665,0.22518435,2024-02-26,12623,"{""type"":""MultiPoint"",""coordinates"":[]}"
13167_0,0.20419325,0.83307576,0.15201554,2024-02-26,13167,"{""type"":""MultiPoint"",""coordinates"":[]}"
13168_0,0.10812357,0.64962864,0.09544531,2024-02-26,13168,"{""type"":""MultiPoint"",""coordinates"":[]}"
13169_0,0.09588486,0.6862745,0.1346527,2024-02-26,13169,"{""type"":""MultiPoint"",""coordinates"":[]}"
13170_0,-0.31,1.0,-0.31658292,2024-02-26,13170,"{""type"":""MultiPoint"",""coordinates"":[]}"
13171_0,-0.060782038,0.41007194,-0.07619796,2024-02-26,13171,"{""type"":""MultiPoint"",""coordinates"":[]}"
13172_0,-0.092623405,0.48468468,-0.08899945,2024-02-26,13172,"{""type"":""MultiPoint"",""coordinates"":[]}"
13173_0,0.24243332,0.79334503,0.23671497,2024-02-26,13173,"{""type"":""MultiPoint"",""coordinates"":[]}"
13174_0,0.10706967,0.64204115,0.1059246,2024-02-26,13174,"{""type"":""MultiPoint"",""coordinates"":[]}"
13175_0,0.27227724,0.8066076,0.3118783,2024-02-26,13175,"{""type"":""MultiPoint"",""coordinates"":[]}"
13176_0,0.31673247,0.8129005,0.30705267,2024-02-26,13176,"{""type"":""MultiPoint"",""coordinates"":[]}"
13177_0,0.2259313,0.74439305,0.20987654,2024-02-26,13177,"{""type"":""MultiPoint"",""coordinates"":[]}"
13178_0,0.18851781,0.71214956,0.109630525,2024-02-26,13178,"{""type"":""MultiPoint"",""coordinates"":[]}"
13179_0,0.28848186,0.7859209,0.29419985,2024-02-26,13179,"{""type"":""MultiPoint"",""coordinates"":[]}"
13180_0,-0.14903358,0.3869258,-0.17994255,2024-02-26,13180,"{""type"":""MultiPoint"",""coordinates"":[]}"
13181_0,0.06140815,0.6067086,0.038763892,2024-02-26,13181,"{""type"":""MultiPoint"",""coordinates"":[]}"
13182_0,0.3663807,0.8094028,0.36354932,2024-02-26,13182,"{""type"":""MultiPoint"",""coordinates"":[]}"
13183_0,-0.23116472,0.35336086,-0.26673448,2024-02-26,13183,"{""type"":""MultiPoint"",""coordinates"":[]}"
13184_0,0.11116883,0.571835,0.12726346,2024-02-26,13184,"{""type"":""MultiPoint"",""coordinates"":[]}"
13185_0,0.22266935,0.7254902,0.08125248,2024-02-26,13185,"{""type"":""MultiPoint"",""coordinates"":[]}"
13186_0,-0.17396002,0.4775673,-0.18905608,2024-02-26,13186,"{""type"":""MultiPoint"",""coordinates"":[]}"
13187_0,0.29442972,0.7678959,0.21009651,2024-02-26,13187,"{""type"":""MultiPoint"",""coordinates"":[]}"
13188_0,0.3968958,0.84190005,0.40965816,2024-02-26,13188,"{""type"":""MultiPoint"",""coordinates"":[]}"
13189_0,-0.23674205,0.26203966,-0.2684729,2024-02-26,13189,"{""type"":""MultiPoint"",""coordinates"":[]}"
13190_0,0.102115914,0.7542473,0.06423777,2024-02-26,13190,"{""type"":""MultiPoint"",""coordinates"":[]}"
13191_0,-0.22935176,0.303207,-0.352643,2024-02-26,13191,"{""type"":""MultiPoint"",""coordinates"":[]}"
13192_0,0.10475162,0.5943239,0.0706278,2024-02-26,13192,"{""type"":""MultiPoint"",""coordinates"":[]}"
13193_0,-0.12111801,0.33018124,-0.124026984,2024-02-26,13193,"{""type"":""MultiPoint"",""coordinates"":[]}"
13194_0,0.032712404,0.43905818,-0.0121226525,2024-02-26,13194,"{""type"":""MultiPoint"",""coordinates"":[]}"
13195_0,-0.0127602415,0.5860899,0.107164,2024-02-26,13195,"{""type"":""MultiPoint"",""coordinates"":[]}"
13196_0,0.3993311,0.8258258,0.40647718,2024-02-26,13196,"{""type"":""MultiPoint"",""coordinates"":[]}"
13197_0,-0.22881152,0.2580404,-0.20679085,2024-02-26,13197,"{""type"":""MultiPoint"",""coordinates"":[]}"
13198_0,0.07377522,0.57363015,0.0670537,2024-02-26,13198,"{""type"":""MultiPoint"",""coordinates"":[]}"
13199_0,0.3128079,0.7611408,0.27813712,2024-02-26,13199,"{""type"":""MultiPoint"",""coordinates"":[]}"
13200_0,-0.21052632,0.2851064,-0.15642458,2024-02-26,13200,"{""type"":""MultiPoint"",""coordinates"":[]}"
13201_0,-0.22769013,0.34965035,-0.25608286,2024-02-26,13201,"{""type"":""MultiPoint"",""coordinates"":[]}"
13202_0,-0.12442008,0.41930985,-0.13398553,2024-02-26,13202,"{""type"":""MultiPoint"",""coordinates"":[]}"
13203_0,-0.094339624,0.18293838,-0.054545455,2024-02-26,13203,"{""type"":""MultiPoint"",""coordinates"":[]}"
13204_0,0.018736798,0.031982943,0.036333222,2024-02-26,13204,"{""type"":""MultiPoint"",""coordinates"":[]}"
13205_0,-0.0978852,0.31843022,-0.15585242,2024-02-26,13205,"{""type"":""MultiPoint"",""coordinates"":[]}"
13206_0,0.29095563,0.7217676,0.31008717,2024-02-26,13206,"{""type"":""MultiPoint"",""coordinates"":[]}"
13207_0,0.3672848,0.84109586,0.34592274,2024-02-26,13207,"{""type"":""MultiPoint"",""coordinates"":[]}"
13208_0,-0.18135855,0.43317664,-0.114706494,2024-02-26,13208,"{""type"":""MultiPoint"",""coordinates"":[]}"
13209_0,0.13172337,0.5641026,0.072684646,2024-02-26,13209,"{""type"":""MultiPoint"",""coordinates"":[]}"
13210_0,-0.26600984,0.22178988,-0.2415459,2024-02-26,13210,"{""type"":""MultiPoint"",""coordinates"":[]}"
13211_0,0.035575047,0.50961536,0.052429974,2024-02-26,13211,"{""type"":""MultiPoint"",""coordinates"":[]}"
13212_0,-0.11821086,0.39651838,-0.18510158,2024-02-26,13212,"{""type"":""MultiPoint"",""coordinates"":[]}"
13213_0,0.18213867,0.78283715,0.18786465,2024-02-26,13213,"{""type"":""MultiPoint"",""coordinates"":[]}"
13214_0,-0.14997128,0.34871796,-0.17587152,2024-02-26,13214,"{""type"":""MultiPoint"",""coordinates"":[]}"
13215_0,0.14568041,0.7207411,0.11442786,2024-02-26,13215,"{""type"":""MultiPoint"",""coordinates"":[]}"
13216_0,0.307091,0.79285717,0.23607264,2024-02-26,13216,"{""type"":""MultiPoint"",""coordinates"":[]}"
13217_0,-0.13633634,0.3979239,-0.16838205,2024-02-26,13217,"{""type"":""MultiPoint"",""coordinates"":[]}"
13218_0,-0.17709082,0.35953757,-0.16398104,2024-02-26,13218,"{""type"":""MultiPoint"",""coordinates"":[]}"
13219_0,0.050935254,0.6361018,0.01640322,2024-02-26,13219,"{""type"":""MultiPoint"",""coordinates"":[]}"
13220_0,0.14603692,0.7433056,0.091014154,2024-02-26,13220,"{""type"":""MultiPoint"",""coordinates"":[]}"
13221_0,-0.0980055,0.38559815,-0.14464958,2024-02-26,13221,"{""type"":""MultiPoint"",""coordinates"":[]}"
13222_0,-0.17535545,0.38119912,-0.20898686,2024-02-26,13222,"{""type"":""MultiPoint"",""coordinates"":[]}"
13223_0,-0.0813923,0.3978979,-0.051934827,2024-02-26,13223,"{""type"":""MultiPoint"",""coordinates"":[]}"
13224_0,-0.15245597,0.40717766,-0.2206135,2024-02-26,13224,"{""type"":""MultiPoint"",""coordinates"":[]}"
13225_0,-0.25313655,0.45565748,-0.28150943,2024-02-26,13225,"{""type"":""MultiPoint"",""coordinates"":[]}"
13226_0,-0.048585933,0.4903537,-0.078299776,2024-02-26,13226,"{""type"":""MultiPoint"",""coordinates"":[]}"
13227_0,-0.092002094,0.09546539,-0.0644586,2024-02-26,13227,"{""type"":""MultiPoint"",""coordinates"":[]}"
13228_0,-0.0989011,0.59477127,-0.17845118,2024-02-26,13228,"{""type"":""MultiPoint"",""coordinates"":[]}"
13229_0,-0.20614204,0.31088084,-0.21641502,2024-02-26,13229,"{""type"":""MultiPoint"",""coordinates"":[]}"
13230_0,-0.16871795,0.45636365,-0.17443958,2024-02-26,13230,"{""type"":""MultiPoint"",""coordinates"":[]}"
13231_0,0.06464089,0.70910823,0.02840746,2024-02-26,13231,"{""type"":""MultiPoint"",""coordinates"":[]}"
13232_0,-0.23475823,0.3251121,-0.19701087,2024-02-26,13232,"{""type"":""MultiPoint"",""coordinates"":[]}"
13233_0,0.0071798963,0.63224894,-0.037731916,2024-02-26,13233,"{""type"":""MultiPoint"",""coordinates"":[]}"
13234_0,-0.18794474,0.36367026,-0.2164595,2024-02-26,13234,"{""type"":""MultiPoint"",""coordinates"":[]}"
13235_0,-0.118442625,0.39182058,-0.12791899,2024-02-26,13235,"{""type"":""MultiPoint"",""coordinates"":[]}"
13236_0,-0.0038013014,0.045114864,-0.015512971,2024-02-26,13236,"{""type"":""MultiPoint"",""coordinates"":[]}"
13237_0,-0.18643102,0.40807715,-0.28100955,2024-02-26,13237,"{""type"":""MultiPoint"",""coordinates"":[]}"
13238_0,-0.0787309,0.5546476,-0.09350804,2024-02-26,13238,"{""type"":""MultiPoint"",""coordinates"":[]}"
13239_0,-0.19135654,0.34415585,-0.19941987,2024-02-26,13239,"{""type"":""MultiPoint"",""coordinates"":[]}"
13240_0,-0.18532306,0.39130434,-0.19421376,2024-02-26,13240,"{""type"":""MultiPoint"",""coordinates"":[]}"
13241_0,-0.054595444,0.4327411,-0.08638479,2024-02-26,13241,"{""type"":""MultiPoint"",""coordinates"":[]}"
13242_0,0.321483,0.6907999,0.33366585,2024-02-26,13242,"{""type"":""MultiPoint"",""coordinates"":[]}"
13243_0,-0.1483077,0.3272472,-0.19385797,2024-02-26,13243,"{""type"":""MultiPoint"",""coordinates"":[]}"
13244_0,-0.23691764,0.2932331,-0.36934733,2024-02-26,13244,"{""type"":""MultiPoint"",""coordinates"":[]}"
13245_0,0.11144853,0.69727045,0.077844314,2024-02-26,13245,"{""type"":""MultiPoint"",""coordinates"":[]}"
13246_0,-0.11571987,0.5167785,-0.15566625,2024-02-26,13246,"{""type"":""MultiPoint"",""coordinates"":[]}"
13247_0,-0.123874575,0.47162905,-0.20026526,2024-02-26,13247,"{""type"":""MultiPoint"",""coordinates"":[]}"
13248_0,0.030483613,0.56367666,7.087172E-4,2024-02-26,13248,"{""type"":""MultiPoint"",""coordinates"":[]}"
13249_0,-0.06471307,0.39910978,-0.07230694,2024-02-26,13249,"{""type"":""MultiPoint"",""coordinates"":[]}"
13250_0,-0.13823447,0.48667324,-0.14212476,2024-02-26,13250,"{""type"":""MultiPoint"",""coordinates"":[]}"
13251_0,-0.056823265,0.509608,-0.09200185,2024-02-26,13251,"{""type"":""MultiPoint"",""coordinates"":[]}"
13252_0,0.05796136,0.65981734,0.013947002,2024-02-26,13252,"{""type"":""MultiPoint"",""coordinates"":[]}"
13253_0,-0.111770816,0.30176625,-0.038979053,2024-02-26,13253,"{""type"":""MultiPoint"",""coordinates"":[]}"
13254_0,-0.19711672,0.42035398,-0.25413883,2024-02-26,13254,"{""type"":""MultiPoint"",""coordinates"":[]}"
13255_0,0.073076926,0.7759871,0.13287073,2024-02-26,13255,"{""type"":""MultiPoint"",""coordinates"":[]}"
13256_0,-0.18003565,0.28268155,-0.21189931,2024-02-26,13256,"{""type"":""MultiPoint"",""coordinates"":[]}"
13257_0,-0.044022243,0.5502686,-0.054528434,2024-02-26,13257,"{""type"":""MultiPoint"",""coordinates"":[]}"
13258_0,-0.077056274,0.4929134,-0.1350365,2024-02-26,13258,"{""type"":""MultiPoint"",""coordinates"":[]}"
13259_0,-0.074697524,0.5220372,-0.13594662,2024-02-26,13259,"{""type"":""MultiPoint"",""coordinates"":[]}"
13260_0,-0.16120815,0.36553526,-0.20802574,2024-02-26,13260,"{""type"":""MultiPoint"",""coordinates"":[]}"
13261_0,-0.102425106,0.5314413,-0.1680774,2024-02-26,13261,"{""type"":""MultiPoint"",""coordinates"":[]}"
13262_0,0.1502994,0.6851683,0.13237542,2024-02-26,13262,"{""type"":""MultiPoint"",""coordinates"":[]}"
13263_0,0.0837088,0.34802786,0.09210526,2024-02-26,13263,"{""type"":""MultiPoint"",""coordinates"":[]}"
13264_0,0.2338105,0.8339,0.25365207,2024-02-26,13264,"{""type"":""MultiPoint"",""coordinates"":[]}"
13265_0,0.023645615,0.5641791,-0.01842023,2024-02-26,13265,"{""type"":""MultiPoint"",""coordinates"":[]}"
13266_0,0.017671809,0.5022355,-0.07324548,2024-02-26,13266,"{""type"":""MultiPoint"",""coordinates"":[]}"
13267_0,0.13442805,0.5945252,0.0903773,2024-02-26,13267,"{""type"":""MultiPoint"",""coordinates"":[]}"
13268_0,-0.100421526,0.33333334,-0.07640068,2024-02-26,13268,"{""type"":""MultiPoint"",""coordinates"":[]}"
13269_0,-0.15703498,0.24474789,-0.22599608,2024-02-26,13269,"{""type"":""MultiPoint"",""coordinates"":[]}"
13270_0,-0.20137931,0.4511126,-0.23633783,2024-02-26,13270,"{""type"":""MultiPoint"",""coordinates"":[]}"
13271_0,0.17895879,0.65554357,0.007863696,2024-02-26,13271,"{""type"":""MultiPoint"",""coordinates"":[]}"
13272_0,0.3162446,0.87514186,0.38242677,2024-02-26,13272,"{""type"":""MultiPoint"",""coordinates"":[]}"
13273_0,-0.09186102,0.40938362,-0.19916362,2024-02-26,13273,"{""type"":""MultiPoint"",""coordinates"":[]}"
13274_0,0.4147836,0.83699363,0.42252457,2024-02-26,13274,"{""type"":""MultiPoint"",""coordinates"":[]}"
13275_0,0.29972628,0.7724181,0.30243126,2024-02-26,13275,"{""type"":""MultiPoint"",""coordinates"":[]}"
13276_0,0.009775171,0.62607205,-0.033146355,2024-02-26,13276,"{""type"":""MultiPoint"",""coordinates"":[]}"
13277_0,0.120071284,0.69107854,0.12513843,2024-02-26,13277,"{""type"":""MultiPoint"",""coordinates"":[]}"
13278_0,0.31868133,0.96480936,0.2310519,2024-02-26,13278,"{""type"":""MultiPoint"",""coordinates"":[]}"
13279_0,0.20803264,0.7948469,0.18790218,2024-02-26,13279,"{""type"":""MultiPoint"",""coordinates"":[]}"
13280_0,0.23148507,0.7927876,0.2248729,2024-02-26,13280,"{""type"":""MultiPoint"",""coordinates"":[]}"
13281_0,0.35060838,0.8236447,0.319159,2024-02-26,13281,"{""type"":""MultiPoint"",""coordinates"":[]}"
13282_0,0.22959183,0.7999381,0.23187791,2024-02-26,13282,"{""type"":""MultiPoint"",""coordinates"":[]}"
13283_0,-0.009509875,0.5477449,-0.051829267,2024-02-26,13283,"{""type"":""MultiPoint"",""coordinates"":[]}"
13284_0,0.42044833,0.8179329,0.42949408,2024-02-26,13284,"{""type"":""MultiPoint"",""coordinates"":[]}"
13285_0,-0.081661485,0.49669388,0.0026055237,2024-02-26,13285,"{""type"":""MultiPoint"",""coordinates"":[]}"
13286_0,0.22960044,0.64422715,0.22981715,2024-02-26,13286,"{""type"":""MultiPoint"",""coordinates"":[]}"
13287_0,-0.12871927,0.49373978,-0.119666345,2024-02-26,13287,"{""type"":""MultiPoint"",""coordinates"":[]}"
13288_0,-0.15428571,0.39429694,-0.19864368,2024-02-26,13288,"{""type"":""MultiPoint"",""coordinates"":[]}"
13289_0,-0.097035885,0.47403315,-0.13712807,2024-02-26,13289,"{""type"":""MultiPoint"",""coordinates"":[]}"
13290_0,-0.11331829,0.38372093,-0.19361085,2024-02-26,13290,"{""type"":""MultiPoint"",""coordinates"":[]}"
13291_0,0.4084093,0.8628215,0.4075383,2024-02-26,13291,"{""type"":""MultiPoint"",""coordinates"":[]}"
13292_0,0.243343,0.87644786,0.25743854,2024-02-26,13292,"{""type"":""MultiPoint"",""coordinates"":[]}"
13293_0,0.013233459,0.5928144,-0.02970297,2024-02-26,13293,"{""type"":""MultiPoint"",""coordinates"":[]}"
13294_0,-0.16029374,0.38267148,-0.19853519,2024-02-26,13294,"{""type"":""MultiPoint"",""coordinates"":[]}"
13295_0,-0.17330863,0.37732342,-0.26158446,2024-02-26,13295,"{""type"":""MultiPoint"",""coordinates"":[]}"
13296_0,0.21398747,0.7582418,0.16006693,2024-02-26,13296,"{""type"":""MultiPoint"",""coordinates"":[]}"
13297_0,0.26220205,0.80197346,0.23941025,2024-02-26,13297,"{""type"":""MultiPoint"",""coordinates"":[]}"
13298_0,0.31393567,0.69138277,0.22177187,2024-02-26,13298,"{""type"":""MultiPoint"",""coordinates"":[]}"
13299_0,-0.1164232,0.426216,-0.18626529,2024-02-26,13299,"{""type"":""MultiPoint"",""coordinates"":[]}"
13300_0,0.16282114,0.6930126,0.072179906,2024-02-26,13300,"{""type"":""MultiPoint"",""coordinates"":[]}"
13301_0,0.42028984,0.81142855,0.47613505,2024-02-26,13301,"{""type"":""MultiPoint"",""coordinates"":[]}"
13302_0,-0.022646537,0.53257793,-0.031117082,2024-02-26,13302,"{""type"":""MultiPoint"",""coordinates"":[]}"
13303_0,0.09870427,0.6977612,0.07163886,2024-02-26,13303,"{""type"":""MultiPoint"",""coordinates"":[]}"
13304_0,0.14260407,0.67549103,0.14938489,2024-02-26,13304,"{""type"":""MultiPoint"",""coordinates"":[]}"
13305_0,0.31964287,0.7579204,0.30873904,2024-02-26,13305,"{""type"":""MultiPoint"",""coordinates"":[]}"
13306_0,0.32901618,0.7808581,0.33399257,2024-02-26,13306,"{""type"":""MultiPoint"",""coordinates"":[]}"
13307_0,0.13406903,0.63527656,0.08531746,2024-02-26,13307,"{""type"":""MultiPoint"",""coordinates"":[]}"
13308_0,0.24752475,0.7301751,0.28374937,2024-02-26,13308,"{""type"":""MultiPoint"",""coordinates"":[]}"
13309_0,-0.077480085,0.50401354,-0.11266202,2024-02-26,13309,"{""type"":""MultiPoint"",""coordinates"":[]}"
13310_0,0.18783543,0.6352531,0.082298584,2024-02-26,13310,"{""type"":""MultiPoint"",""coordinates"":[]}"
13311_0,0.17195004,0.61229944,0.1663443,2024-02-26,13311,"{""type"":""MultiPoint"",""coordinates"":[]}"
13312_0,0.31358024,0.78664833,0.40021574,2024-02-26,13312,"{""type"":""MultiPoint"",""coordinates"":[]}"
13313_0,0.26735923,0.80598366,0.19567826,2024-02-26,13313,"{""type"":""MultiPoint"",""coordinates"":[]}"
13314_0,-0.07545533,0.5299867,-0.03852596,2024-02-26,13314,"{""type"":""MultiPoint"",""coordinates"":[]}"
13315_0,0.15936255,0.48846677,0.19531463,2024-02-26,13315,"{""type"":""MultiPoint"",""coordinates"":[]}"
13316_0,0.29853374,0.82896084,0.38350517,2024-02-26,13316,"{""type"":""MultiPoint"",""coordinates"":[]}"
13317_0,0.33536586,0.7915395,0.30661577,2024-02-26,13317,"{""type"":""MultiPoint"",""coordinates"":[]}"
13318_0,0.12612613,0.6096823,-0.084731184,2024-02-26,13318,"{""type"":""MultiPoint"",""coordinates"":[]}"
13319_0,0.024409764,0.6789168,0.03292344,2024-02-26,13319,"{""type"":""MultiPoint"",""coordinates"":[]}"
13320_0,-0.042024832,0.6022275,-0.04003813,2024-02-26,13320,"{""type"":""MultiPoint"",""coordinates"":[]}"
13321_0,0.017098445,0.50928485,0.0034147622,2024-02-26,13321,"{""type"":""MultiPoint"",""coordinates"":[]}"
13322_0,0.06839378,0.5906433,0.09511827,2024-02-26,13322,"{""type"":""MultiPoint"",""coordinates"":[]}"
13323_0,0.16347305,0.6745763,0.17165728,2024-02-26,13323,"{""type"":""MultiPoint"",""coordinates"":[]}"
13324_0,0.08582638,0.6152056,0.055245817,2024-02-26,13324,"{""type"":""MultiPoint"",""coordinates"":[]}"
13325_0,0.41342756,0.86121,0.43189597,2024-02-26,13325,"{""type"":""MultiPoint"",""coordinates"":[]}"
13326_0,-0.1681868,0.322691,-0.15972474,2024-02-26,13326,"{""type"":""MultiPoint"",""coordinates"":[]}"
13327_0,0.24182208,0.7029536,0.23879682,2024-02-26,13327,"{""type"":""MultiPoint"",""coordinates"":[]}"
13328_0,0.1417097,0.7247543,0.12667835,2024-02-26,13328,"{""type"":""MultiPoint"",""coordinates"":[]}"
13329_0,0.44680852,0.8364486,0.4605141,2024-02-26,13329,"{""type"":""MultiPoint"",""coordinates"":[]}"
13330_0,0.17962308,0.80497754,0.22718446,2024-02-26,13330,"{""type"":""MultiPoint"",""coordinates"":[]}"
13331_0,0.37933227,0.8574109,0.3396482,2024-02-26,13331,"{""type"":""MultiPoint"",""coordinates"":[]}"
13332_0,0.19803278,0.74353975,0.1876453,2024-02-26,13332,"{""type"":""MultiPoint"",""coordinates"":[]}"
13333_0,0.19778839,0.599013,0.23782235,2024-02-26,13333,"{""type"":""MultiPoint"",""coordinates"":[]}"
13334_0,0.26539028,0.7505358,0.2417148,2024-02-26,13334,"{""type"":""MultiPoint"",""coordinates"":[]}"
13874_0,-0.22147025,0.36682615,-0.20849688,2024-02-26,13874,"{""type"":""MultiPoint"",""coordinates"":[]}"
13875_0,-0.23704414,0.33457595,-0.28578553,2024-02-26,13875,"{""type"":""MultiPoint"",""coordinates"":[]}"
13876_0,-0.22089301,0.3046919,-0.2217164,2024-02-26,13876,"{""type"":""MultiPoint"",""coordinates"":[]}"
13877_0,0.15338697,0.7450425,0.2034188,2024-02-26,13877,"{""type"":""MultiPoint"",""coordinates"":[]}"
13878_0,0.3935878,0.8459132,0.4076946,2024-02-26,13878,"{""type"":""MultiPoint"",""coordinates"":[]}"
13879_0,0.13390875,0.71058315,0.1500484,2024-02-26,13879,"{""type"":""MultiPoint"",""coordinates"":[]}"
13880_0,0.15451758,0.59030837,0.09449217,2024-02-26,13880,"{""type"":""MultiPoint"",""coordinates"":[]}"
13881_0,0.13193229,0.73758495,0.0555732,2024-02-26,13881,"{""type"":""MultiPoint"",""coordinates"":[]}"
13882_0,0.057922453,0.5039337,-0.040169135,2024-02-26,13882,"{""type"":""MultiPoint"",""coordinates"":[]}"
13883_0,0.13693467,0.7945066,0.124282986,2024-02-26,13883,"{""type"":""MultiPoint"",""coordinates"":[]}"
13884_0,-0.20783934,0.35589942,-0.28065675,2024-02-26,13884,"{""type"":""MultiPoint"",""coordinates"":[]}"
13885_0,-0.17942922,0.40466926,-0.18210138,2024-02-26,13885,"{""type"":""MultiPoint"",""coordinates"":[]}"
13886_0,-0.15752351,0.3243607,-0.20032507,2024-02-26,13886,"{""type"":""MultiPoint"",""coordinates"":[]}"
13887_0,0.04170958,0.66758496,-0.012238238,2024-02-26,13887,"{""type"":""MultiPoint"",""coordinates"":[]}"
13888_0,0.056794055,0.67336684,0.058543045,2024-02-26,13888,"{""type"":""MultiPoint"",""coordinates"":[]}"
13889_0,0.25132075,0.7328825,0.15884681,2024-02-26,13889,"{""type"":""MultiPoint"",""coordinates"":[]}"
13890_0,-0.17716701,0.28142947,-0.16193657,2024-02-26,13890,"{""type"":""MultiPoint"",""coordinates"":[]}"
13891_0,-0.23352285,0.34447673,-0.22577946,2024-02-26,13891,"{""type"":""MultiPoint"",""coordinates"":[]}"
13892_0,-0.0016014642,0.30093676,0.0074812965,2024-02-26,13892,"{""type"":""MultiPoint"",""coordinates"":[]}"
13893_0,0.33592665,0.8455548,0.40826938,2024-02-26,13893,"{""type"":""MultiPoint"",""coordinates"":[]}"
13894_0,-0.1688421,0.36603773,-0.21064109,2024-02-26,13894,"{""type"":""MultiPoint"",""coordinates"":[]}"
13895_0,-0.21069732,0.33693695,-0.24014337,2024-02-26,13895,"{""type"":""MultiPoint"",""coordinates"":[]}"
13896_0,0.15754305,0.7039877,0.15099715,2024-02-26,13896,"{""type"":""MultiPoint"",""coordinates"":[]}"
13897_0,-0.13497049,0.37515843,-0.15744516,2024-02-26,13897,"{""type"":""MultiPoint"",""coordinates"":[]}"
13898_0,0.15749285,0.7688723,0.17815022,2024-02-26,13898,"{""type"":""MultiPoint"",""coordinates"":[]}"
13899_0,-0.0068855933,0.4670139,-0.058758005,2024-02-26,13899,"{""type"":""MultiPoint"",""coordinates"":[]}"
13900_0,-0.24233662,0.26496816,-0.23732719,2024-02-26,13900,"{""type"":""MultiPoint"",""coordinates"":[]}"
13901_0,0.3282199,0.7789292,0.324333,2024-02-26,13901,"{""type"":""MultiPoint"",""coordinates"":[]}"
13902_0,-0.004036327,0.44193062,-0.01998975,2024-02-26,13902,"{""type"":""MultiPoint"",""coordinates"":[]}"
13903_0,0.3258637,0.777969,0.31216258,2024-02-26,13903,"{""type"":""MultiPoint"",""coordinates"":[]}"
13904_0,0.19016969,0.74247056,0.18106508,2024-02-26,13904,"{""type"":""MultiPoint"",""coordinates"":[]}"
13905_0,0.008148356,0.65591395,-0.020526163,2024-02-26,13905,"{""type"":""MultiPoint"",""coordinates"":[]}"
13906_0,0.021840874,0.56373936,0.013375295,2024-02-26,13906,"{""type"":""MultiPoint"",""coordinates"":[]}"
13907_0,0.31044865,0.77701545,0.28815666,2024-02-26,13907,"{""type"":""MultiPoint"",""coordinates"":[]}"
13908_0,0.0961007,0.7813121,0.09803922,2024-02-26,13908,"{""type"":""MultiPoint"",""coordinates"":[]}"
13909_0,0.22635005,0.6925996,0.27702218,2024-02-26,13909,"{""type"":""MultiPoint"",""coordinates"":[]}"
13910_0,0.30405965,0.7417417,0.26637554,2024-02-26,13910,"{""type"":""MultiPoint"",""coordinates"":[]}"
13911_0,-0.19041917,0.41906872,-0.21664627,2024-02-26,13911,"{""type"":""MultiPoint"",""coordinates"":[]}"
13912_0,-0.10472494,0.12159038,-0.04096457,2024-02-26,13912,"{""type"":""MultiPoint"",""coordinates"":[]}"
13913_0,0.10299296,0.7748729,0.09058456,2024-02-26,13913,"{""type"":""MultiPoint"",""coordinates"":[]}"
13914_0,0.30032572,0.76650816,0.2177713,2024-02-26,13914,"{""type"":""MultiPoint"",""coordinates"":[]}"
13915_0,-0.140557,0.46219167,-0.18356287,2024-02-26,13915,"{""type"":""MultiPoint"",""coordinates"":[]}"
13916_0,0.2606361,0.7524468,0.2594125,2024-02-26,13916,"{""type"":""MultiPoint"",""coordinates"":[]}"
13917_0,0.03758713,0.053595968,0.10930247,2024-02-26,13917,"{""type"":""MultiPoint"",""coordinates"":[]}"
13918_0,0.22259338,0.79609543,0.23582089,2024-02-26,13918,"{""type"":""MultiPoint"",""coordinates"":[]}"
13919_0,0.064425774,0.68008703,0.03231558,2024-02-26,13919,"{""type"":""MultiPoint"",""coordinates"":[]}"
13920_0,-0.10816777,0.375,-0.11804009,2024-02-26,13920,"{""type"":""MultiPoint"",""coordinates"":[]}"
13921_0,0.2115,0.6119601,0.21209092,2024-02-26,13921,"{""type"":""MultiPoint"",""coordinates"":[]}"
13922_0,0.12034026,0.580177,0.11879699,2024-02-26,13922,"{""type"":""MultiPoint"",""coordinates"":[]}"
13923_0,-0.21687813,0.39597315,-0.24592145,2024-02-26,13923,"{""type"":""MultiPoint"",""coordinates"":[]}"
13924_0,0.3243684,0.82125604,0.29054344,2024-02-26,13924,"{""type"":""MultiPoint"",""coordinates"":[]}"
13925_0,0.13495007,0.74354064,0.09167166,2024-02-26,13925,"{""type"":""MultiPoint"",""coordinates"":[]}"
13926_0,-0.019277763,0.17250673,-0.03787669,2024-02-26,13926,"{""type"":""MultiPoint"",""coordinates"":[]}"
13927_0,0.15492958,0.76975167,0.14536157,2024-02-26,13927,"{""type"":""MultiPoint"",""coordinates"":[]}"
13928_0,0.09245742,0.016784452,0.10487161,2024-02-26,13928,"{""type"":""MultiPoint"",""coordinates"":[]}"
13929_0,0.14671814,0.7615112,0.11732402,2024-02-26,13929,"{""type"":""MultiPoint"",""coordinates"":[]}"
13930_0,-0.16611348,0.28702208,-0.21368647,2024-02-26,13930,"{""type"":""MultiPoint"",""coordinates"":[]}"
13931_0,-0.18709074,0.35231316,-0.25086248,2024-02-26,13931,"{""type"":""MultiPoint"",""coordinates"":[]}"
13932_0,-0.029268293,0.58829087,-0.112869196,2024-02-26,13932,"{""type"":""MultiPoint"",""coordinates"":[]}"
13933_0,-0.059690494,0.5174954,-0.023002135,2024-02-26,13933,"{""type"":""MultiPoint"",""coordinates"":[]}"
13934_0,0.00929907,0.07792737,0.03223286,2024-02-26,13934,"{""type"":""MultiPoint"",""coordinates"":[]}"
13935_0,0.0016599041,0.072386056,0.016979933,2024-02-26,13935,"{""type"":""MultiPoint"",""coordinates"":[]}"
13936_0,0.2413793,0.7963738,0.21700788,2024-02-26,13936,"{""type"":""MultiPoint"",""coordinates"":[]}"
13937_0,0.29650438,0.71978986,0.27078617,2024-02-26,13937,"{""type"":""MultiPoint"",""coordinates"":[]}"
13938_0,0.254832,0.7982271,0.25923735,2024-02-26,13938,"{""type"":""MultiPoint"",""coordinates"":[]}"
13939_0,0.10397878,0.6349065,0.04170213,2024-02-26,13939,"{""type"":""MultiPoint"",""coordinates"":[]}"
13940_0,0.0061637806,0.55258125,-0.02080193,2024-02-26,13940,"{""type"":""MultiPoint"",""coordinates"":[]}"
13941_0,-0.1327927,0.3686118,-0.08416202,2024-02-26,13941,"{""type"":""MultiPoint"",""coordinates"":[]}"
13942_0,-0.17145136,0.35075375,-0.18611224,2024-02-26,13942,"{""type"":""MultiPoint"",""coordinates"":[]}"
13943_0,-0.086723216,0.059671607,-0.0852204,2024-02-26,13943,"{""type"":""MultiPoint"",""coordinates"":[]}"
13944_0,-0.09031618,0.16309848,-0.12542075,2024-02-26,13944,"{""type"":""MultiPoint"",""coordinates"":[]}"
13945_0,-0.25887802,0.32937685,-0.29076517,2024-02-26,13945,"{""type"":""MultiPoint"",""coordinates"":[]}"
13946_0,-0.24009171,0.2529983,-0.26622075,2024-02-26,13946,"{""type"":""MultiPoint"",""coordinates"":[]}"
13947_0,-0.0230953,0.55959964,-0.058500413,2024-02-26,13947,"{""type"":""MultiPoint"",""coordinates"":[]}"
13948_0,-0.107770704,0.34919286,-0.15576822,2024-02-26,13948,"{""type"":""MultiPoint"",""coordinates"":[]}"
13949_0,-0.22094509,0.28683183,-0.25789472,2024-02-26,13949,"{""type"":""MultiPoint"",""coordinates"":[]}"
13950_0,-0.027946537,0.6491935,-0.016826924,2024-02-26,13950,"{""type"":""MultiPoint"",""coordinates"":[]}"
13951_0,0.1449119,0.709607,0.1368421,2024-02-26,13951,"{""type"":""MultiPoint"",""coordinates"":[]}"
13952_0,-0.13390093,0.20325203,-0.047550946,2024-02-26,13952,"{""type"":""MultiPoint"",""coordinates"":[]}"
13953_0,-0.07711757,0.44684386,-0.10020661,2024-02-26,13953,"{""type"":""MultiPoint"",""coordinates"":[]}"
13954_0,-0.06530916,0.5107084,-0.07816034,2024-02-26,13954,"{""type"":""MultiPoint"",""coordinates"":[]}"
13955_0,-0.039572712,0.5011802,-0.057545073,2024-02-26,13955,"{""type"":""MultiPoint"",""coordinates"":[]}"
13956_0,-0.17634292,0.41815096,-0.12916666,2024-02-26,13956,"{""type"":""MultiPoint"",""coordinates"":[]}"
13957_0,0.04193739,0.65330845,0.04475854,2024-02-26,13957,"{""type"":""MultiPoint"",""coordinates"":[]}"
13958_0,0.12553495,0.72196263,0.09185185,2024-02-26,13958,"{""type"":""MultiPoint"",""coordinates"":[]}"
13959_0,-0.025939178,0.51724136,0.00821444,2024-02-26,13959,"{""type"":""MultiPoint"",""coordinates"":[]}"
13960_0,-0.1366141,0.26662743,-0.16313435,2024-02-26,13960,"{""type"":""MultiPoint"",""coordinates"":[]}"
13961_0,0.07222787,0.55191255,-0.07737744,2024-02-26,13961,"{""type"":""MultiPoint"",""coordinates"":[]}"
13962_0,0.011024644,0.655615,0.0074845427,2024-02-26,13962,"{""type"":""MultiPoint"",""coordinates"":[]}"
13963_0,0.0032085562,0.6585366,0.010615711,2024-02-26,13963,"{""type"":""MultiPoint"",""coordinates"":[]}"
13964_0,-0.19644701,0.39411765,-0.20868114,2024-02-26,13964,"{""type"":""MultiPoint"",""coordinates"":[]}"
13965_0,-0.06559376,0.548951,-0.104372,2024-02-26,13965,"{""type"":""MultiPoint"",""coordinates"":[]}"
13966_0,-0.118398845,0.54594594,-0.14944237,2024-02-26,13966,"{""type"":""MultiPoint"",""coordinates"":[]}"
13967_0,0.042478442,0.6082924,-0.008409015,2024-02-26,13967,"{""type"":""MultiPoint"",""coordinates"":[]}"
13968_0,0.41587764,0.8534884,0.3305509,2024-02-26,13968,"{""type"":""MultiPoint"",""coordinates"":[]}"
13969_0,0.040189125,0.33233234,0.04433111,2024-02-26,13969,"{""type"":""MultiPoint"",""coordinates"":[]}"
13970_0,0.057182707,0.6449198,0.06435986,2024-02-26,13970,"{""type"":""MultiPoint"",""coordinates"":[]}"
13971_0,0.15519497,0.6575758,0.15097317,2024-02-26,13971,"{""type"":""MultiPoint"",""coordinates"":[]}"
13972_0,0.18457802,0.76229864,0.2022572,2024-02-26,13972,"{""type"":""MultiPoint"",""coordinates"":[]}"
13973_0,0.21918179,0.7904762,0.20011102,2024-02-26,13973,"{""type"":""MultiPoint"",""coordinates"":[]}"
13974_0,-0.1257485,0.3515625,-0.17105894,2024-02-26,13974,"{""type"":""MultiPoint"",""coordinates"":[]}"
13975_0,-0.13321899,0.45967287,-0.21001221,2024-02-26,13975,"{""type"":""MultiPoint"",""coordinates"":[]}"
13976_0,0.120905586,0.79304767,0.09720504,2024-02-26,13976,"{""type"":""MultiPoint"",""coordinates"":[]}"
13977_0,0.052165665,0.6263949,0.05574803,2024-02-26,13977,"{""type"":""MultiPoint"",""coordinates"":[]}"
13978_0,-0.1624907,0.29485178,-0.17062204,2024-02-26,13978,"{""type"":""MultiPoint"",""coordinates"":[]}"
13979_0,0.054002296,0.6114519,-0.02192801,2024-02-26,13979,"{""type"":""MultiPoint"",""coordinates"":[]}"
13980_0,0.2069053,0.70186335,0.16782099,2024-02-26,13980,"{""type"":""MultiPoint"",""coordinates"":[]}"
13981_0,0.07865169,0.6402439,0.058707774,2024-02-26,13981,"{""type"":""MultiPoint"",""coordinates"":[]}"
13982_0,0.22868103,0.8090629,0.2227178,2024-02-26,13982,"{""type"":""MultiPoint"",""coordinates"":[]}"
13983_0,0.29499888,0.83439493,0.23664123,2024-02-26,13983,"{""type"":""MultiPoint"",""coordinates"":[]}"
13984_0,0.34327683,0.8701299,0.25506282,2024-02-26,13984,"{""type"":""MultiPoint"",""coordinates"":[]}"
13985_0,0.3361433,0.7624288,0.2964824,2024-02-26,13985,"{""type"":""MultiPoint"",""coordinates"":[]}"
13986_0,0.017178552,0.51215684,0.01048218,2024-02-26,13986,"{""type"":""MultiPoint"",""coordinates"":[]}"
13987_0,0.07414911,0.6466355,6.560245E-4,2024-02-26,13987,"{""type"":""MultiPoint"",""coordinates"":[]}"
13988_0,0.17824216,0.73819745,0.09570511,2024-02-26,13988,"{""type"":""MultiPoint"",""coordinates"":[]}"
13989_0,0.29881337,0.8094731,0.27102804,2024-02-26,13989,"{""type"":""MultiPoint"",""coordinates"":[]}"
13990_0,0.29101503,0.8126126,0.270202,2024-02-26,13990,"{""type"":""MultiPoint"",""coordinates"":[]}"
13991_0,-0.09146968,0.43584993,-0.15623298,2024-02-26,13991,"{""type"":""MultiPoint"",""coordinates"":[]}"
13992_0,0.17806083,0.66715974,0.17548892,2024-02-26,13992,"{""type"":""MultiPoint"",""coordinates"":[]}"
13993_0,0.12584221,0.6943805,0.12355633,2024-02-26,13993,"{""type"":""MultiPoint"",""coordinates"":[]}"
13994_0,0.27058288,0.81442004,0.28565082,2024-02-26,13994,"{""type"":""MultiPoint"",""coordinates"":[]}"
13995_0,0.23425254,0.7651361,0.2443426,2024-02-26,13995,"{""type"":""MultiPoint"",""coordinates"":[]}"
13996_0,-0.005812175,0.53052634,-0.06132989,2024-02-26,13996,"{""type"":""MultiPoint"",""coordinates"":[]}"
13997_0,0.3673611,0.8351706,0.31478,2024-02-26,13997,"{""type"":""MultiPoint"",""coordinates"":[]}"
13998_0,0.19688867,0.8494624,0.020166073,2024-02-26,13998,"{""type"":""MultiPoint"",""coordinates"":[]}"
13999_0,-0.1742297,0.42326075,-0.22002329,2024-02-26,13999,"{""type"":""MultiPoint"",""coordinates"":[]}"
14000_0,0.24921334,0.761578,0.26516783,2024-02-26,14000,"{""type"":""MultiPoint"",""coordinates"":[]}"
14001_0,-0.13094918,0.3859155,-0.1751886,2024-02-26,14001,"{""type"":""MultiPoint"",""coordinates"":[]}"
14002_0,-0.18897323,0.25666413,-0.28664073,2024-02-26,14002,"{""type"":""MultiPoint"",""coordinates"":[]}"
14003_0,0.29621622,0.8078238,0.29277566,2024-02-26,14003,"{""type"":""MultiPoint"",""coordinates"":[]}"
14004_0,0.28955406,0.7516883,0.18357319,2024-02-26,14004,"{""type"":""MultiPoint"",""coordinates"":[]}"
14005_0,0.32803944,0.8990048,0.35471997,2024-02-26,14005,"{""type"":""MultiPoint"",""coordinates"":[]}"
14006_0,0.3213018,0.7941512,0.3462525,2024-02-26,14006,"{""type"":""MultiPoint"",""coordinates"":[]}"
14007_0,0.25494388,0.6620462,0.28732106,2024-02-26,14007,"{""type"":""MultiPoint"",""coordinates"":[]}"
14008_0,0.31090373,0.7363344,0.31611016,2024-02-26,14008,"{""type"":""MultiPoint"",""coordinates"":[]}"
14009_0,0.21398176,0.725938,0.24141978,2024-02-26,14009,"{""type"":""MultiPoint"",""coordinates"":[]}"
14010_0,0.1553719,0.6621881,0.060949463,2024-02-26,14010,"{""type"":""MultiPoint"",""coordinates"":[]}"
14011_0,-0.14301834,0.512054,-0.12743461,2024-02-26,14011,"{""type"":""MultiPoint"",""coordinates"":[]}"
14012_0,0.2634941,0.73779315,0.3243481,2024-02-26,14012,"{""type"":""MultiPoint"",""coordinates"":[]}"
14013_0,0.077529564,0.63437927,0.06441581,2024-02-26,14013,"{""type"":""MultiPoint"",""coordinates"":[]}"
14014_0,0.3003223,0.8442723,0.3090278,2024-02-26,14014,"{""type"":""MultiPoint"",""coordinates"":[]}"
14015_0,0.20213507,0.69275784,0.14753285,2024-02-26,14015,"{""type"":""MultiPoint"",""coordinates"":[]}"
14016_0,0.43481576,0.84435797,0.43781596,2024-02-26,14016,"{""type"":""MultiPoint"",""coordinates"":[]}"
14017_0,0.28223845,0.76589304,0.19453925,2024-02-26,14017,"{""type"":""MultiPoint"",""coordinates"":[]}"
14018_0,0.27695888,0.818041,0.25360385,2024-02-26,14018,"{""type"":""MultiPoint"",""coordinates"":[]}"
14019_0,0.3551804,0.8452481,0.38510102,2024-02-26,14019,"{""type"":""MultiPoint"",""coordinates"":[]}"
14020_0,0.20468597,0.6122547,0.15898141,2024-02-26,14020,"{""type"":""MultiPoint"",""coordinates"":[]}"
14021_0,0.19452338,0.7482759,0.13074993,2024-02-26,14021,"{""type"":""MultiPoint"",""coordinates"":[]}"
14022_0,-0.18286714,0.3691362,-0.23040552,2024-02-26,14022,"{""type"":""MultiPoint"",""coordinates"":[]}"
14023_0,-0.12336496,0.44688323,-0.14121939,2024-02-26,14023,"{""type"":""MultiPoint"",""coordinates"":[]}"
14024_0,0.40344828,0.8311589,0.3936916,2024-02-26,14024,"{""type"":""MultiPoint"",""coordinates"":[]}"
14025_0,-0.060613878,0.47782427,-0.075876504,2024-02-26,14025,"{""type"":""MultiPoint"",""coordinates"":[]}"
14026_0,0.05682422,0.5789053,0.053304903,2024-02-26,14026,"{""type"":""MultiPoint"",""coordinates"":[]}"
14027_0,0.059901338,0.625,2.4981264E-4,2024-02-26,14027,"{""type"":""MultiPoint"",""coordinates"":[]}"
14028_0,0.18667835,0.7824747,0.18501171,2024-02-26,14028,"{""type"":""MultiPoint"",""coordinates"":[]}"
14029_0,0.1500664,0.63420075,0.15745129,2024-02-26,14029,"{""type"":""MultiPoint"",""coordinates"":[]}"
14030_0,0.10868031,0.7058824,0.04858757,2024-02-26,14030,"{""type"":""MultiPoint"",""coordinates"":[]}"
14031_0,0.2611465,0.8001885,0.24429968,2024-02-26,14031,"{""type"":""MultiPoint"",""coordinates"":[]}"
14032_0,0.18425299,0.69026953,0.1881824,2024-02-26,14032,"{""type"":""MultiPoint"",""coordinates"":[]}"
14033_0,0.091998085,0.66431373,0.056509834,2024-02-26,14033,"{""type"":""MultiPoint"",""coordinates"":[]}"
14034_0,0.11360163,0.70148057,0.0998448,2024-02-26,14034,"{""type"":""MultiPoint"",""coordinates"":[]}"
14035_0,0.18487173,0.6765889,0.1497931,2024-02-26,14035,"{""type"":""MultiPoint"",""coordinates"":[]}"
14036_0,0.010487916,0.5285768,-0.029411765,2024-02-26,14036,"{""type"":""MultiPoint"",""coordinates"":[]}"
14037_0,0.39086688,0.8409311,0.41378027,2024-02-26,14037,"{""type"":""MultiPoint"",""coordinates"":[]}"
14038_0,0.40542606,0.8303821,0.432531,2024-02-26,14038,"{""type"":""MultiPoint"",""coordinates"":[]}"
14039_0,0.30077693,0.78846157,0.3681043,2024-02-26,14039,"{""type"":""MultiPoint"",""coordinates"":[]}"
14040_0,0.39540365,0.84313726,0.37477148,2024-02-26,14040,"{""type"":""MultiPoint"",""coordinates"":[]}"
14043_0,0.15970792,0.60424227,0.12309496,2024-02-26,14043,"{""type"":""MultiPoint"",""coordinates"":[]}"
14045_0,0.16811445,0.6953846,0.15031315,2024-02-26,14045,"{""type"":""MultiPoint"",""coordinates"":[]}"
14577_0,0.022421524,0.51689434,0.009327912,2024-02-26,14577,"{""type"":""MultiPoint"",""coordinates"":[]}"
14578_0,0.2876329,0.8341613,0.30683365,2024-02-26,14578,"{""type"":""MultiPoint"",""coordinates"":[]}"
14579_0,-0.1769991,0.43234995,-0.16513489,2024-02-26,14579,"{""type"":""MultiPoint"",""coordinates"":[]}"
14580_0,0.11764706,0.7043741,0.10920245,2024-02-26,14580,"{""type"":""MultiPoint"",""coordinates"":[]}"
14581_0,0.3047056,0.8189702,0.42565846,2024-02-26,14581,"{""type"":""MultiPoint"",""coordinates"":[]}"
14582_0,0.22398001,0.79914695,0.24798279,2024-02-26,14582,"{""type"":""MultiPoint"",""coordinates"":[]}"
14583_0,0.26401868,0.8118971,0.28286853,2024-02-26,14583,"{""type"":""MultiPoint"",""coordinates"":[]}"
14584_0,0.036953073,0.5569958,-0.019683149,2024-02-26,14584,"{""type"":""MultiPoint"",""coordinates"":[]}"
14585_0,0.33124286,0.84077984,0.31782496,2024-02-26,14585,"{""type"":""MultiPoint"",""coordinates"":[]}"
14586_0,0.10294118,0.59229803,0.09059633,2024-02-26,14586,"{""type"":""MultiPoint"",""coordinates"":[]}"
14587_0,0.20231852,0.8014888,0.20231852,2024-02-26,14587,"{""type"":""MultiPoint"",""coordinates"":[]}"
14588_0,0.17261055,0.75489485,0.16346154,2024-02-26,14588,"{""type"":""MultiPoint"",""coordinates"":[]}"
14589_0,-0.23866393,0.29612607,-0.2541092,2024-02-26,14589,"{""type"":""MultiPoint"",""coordinates"":[]}"
14590_0,0.0199573,0.042016808,0.08023347,2024-02-26,14590,"{""type"":""MultiPoint"",""coordinates"":[]}"
14591_0,0.2667851,0.8628945,0.24781342,2024-02-26,14591,"{""type"":""MultiPoint"",""coordinates"":[]}"
14592_0,0.23137492,0.7720392,0.2212335,2024-02-26,14592,"{""type"":""MultiPoint"",""coordinates"":[]}"
14593_0,-0.1872808,0.31987077,-0.21687035,2024-02-26,14593,"{""type"":""MultiPoint"",""coordinates"":[]}"
14594_0,0.30315843,0.7593583,0.16977778,2024-02-26,14594,"{""type"":""MultiPoint"",""coordinates"":[]}"
14595_0,0.21616162,0.86541474,0.1026827,2024-02-26,14595,"{""type"":""MultiPoint"",""coordinates"":[]}"
14596_0,-0.17862925,0.31703272,-0.092,2024-02-26,14596,"{""type"":""MultiPoint"",""coordinates"":[]}"
14597_0,-0.24116829,0.38132733,-0.2899682,2024-02-26,14597,"{""type"":""MultiPoint"",""coordinates"":[]}"
14598_0,0.3368329,0.83409756,0.3185496,2024-02-26,14598,"{""type"":""MultiPoint"",""coordinates"":[]}"
14599_0,-0.11647586,0.44676617,-0.21341628,2024-02-26,14599,"{""type"":""MultiPoint"",""coordinates"":[]}"
14600_0,0.1555103,0.7247069,0.089711934,2024-02-26,14600,"{""type"":""MultiPoint"",""coordinates"":[]}"
14601_0,-0.1951749,0.37203166,-0.22714888,2024-02-26,14601,"{""type"":""MultiPoint"",""coordinates"":[]}"
14602_0,0.1993985,0.7629775,0.1497924,2024-02-26,14602,"{""type"":""MultiPoint"",""coordinates"":[]}"
14603_0,-0.15476681,0.31464174,-0.24743646,2024-02-26,14603,"{""type"":""MultiPoint"",""coordinates"":[]}"
14604_0,0.4253854,0.834125,0.4825753,2024-02-26,14604,"{""type"":""MultiPoint"",""coordinates"":[]}"
14605_0,0.27580175,0.82328653,0.28,2024-02-26,14605,"{""type"":""MultiPoint"",""coordinates"":[]}"
14606_0,0.025456723,0.5367347,-0.03862113,2024-02-26,14606,"{""type"":""MultiPoint"",""coordinates"":[]}"
14607_0,0.19315264,0.6902887,0.15481171,2024-02-26,14607,"{""type"":""MultiPoint"",""coordinates"":[]}"
14608_0,0.3099377,0.82844245,0.21257485,2024-02-26,14608,"{""type"":""MultiPoint"",""coordinates"":[]}"
14609_0,-0.19130434,0.4232558,-0.28337237,2024-02-26,14609,"{""type"":""MultiPoint"",""coordinates"":[]}"
14610_0,0.40865567,0.8191161,0.39260426,2024-02-26,14610,"{""type"":""MultiPoint"",""coordinates"":[]}"
14611_0,0.1846673,0.72507125,0.17772914,2024-02-26,14611,"{""type"":""MultiPoint"",""coordinates"":[]}"
14612_0,0.15667132,0.6870968,0.07117256,2024-02-26,14612,"{""type"":""MultiPoint"",""coordinates"":[]}"
14613_0,0.37743732,0.8031359,0.39676112,2024-02-26,14613,"{""type"":""MultiPoint"",""coordinates"":[]}"
14614_0,0.036879808,0.53022313,0.019184005,2024-02-26,14614,"{""type"":""MultiPoint"",""coordinates"":[]}"
14615_0,0.08258757,0.62991005,-0.020477816,2024-02-26,14615,"{""type"":""MultiPoint"",""coordinates"":[]}"
14616_0,-0.13189448,0.25443786,-0.19493671,2024-02-26,14616,"{""type"":""MultiPoint"",""coordinates"":[]}"
14617_0,-0.06725012,0.5276382,-0.11905337,2024-02-26,14617,"{""type"":""MultiPoint"",""coordinates"":[]}"
14618_0,-0.09907834,0.312187,-0.096551724,2024-02-26,14618,"{""type"":""MultiPoint"",""coordinates"":[]}"
14619_0,0.3456578,0.80314136,0.38703182,2024-02-26,14619,"{""type"":""MultiPoint"",""coordinates"":[]}"
14620_0,-0.105098166,0.2354916,-0.13046414,2024-02-26,14620,"{""type"":""MultiPoint"",""coordinates"":[]}"
14621_0,0.22177567,0.7558931,0.22291134,2024-02-26,14621,"{""type"":""MultiPoint"",""coordinates"":[]}"
14622_0,-0.15273064,0.57919073,-0.15522572,2024-02-26,14622,"{""type"":""MultiPoint"",""coordinates"":[]}"
14623_0,0.13311897,0.7735426,0.07986348,2024-02-26,14623,"{""type"":""MultiPoint"",""coordinates"":[]}"
14624_0,0.10706904,0.6484284,0.13461539,2024-02-26,14624,"{""type"":""MultiPoint"",""coordinates"":[]}"
14625_0,-0.099415205,0.46737212,-0.08521166,2024-02-26,14625,"{""type"":""MultiPoint"",""coordinates"":[]}"
14626_0,0.2992861,0.83031183,0.32842106,2024-02-26,14626,"{""type"":""MultiPoint"",""coordinates"":[]}"
14627_0,0.19067544,0.71093047,0.16625616,2024-02-26,14627,"{""type"":""MultiPoint"",""coordinates"":[]}"
14628_0,-0.16563876,0.3546945,-0.18548387,2024-02-26,14628,"{""type"":""MultiPoint"",""coordinates"":[]}"
14629_0,0.0148986885,0.63013697,-0.07302824,2024-02-26,14629,"{""type"":""MultiPoint"",""coordinates"":[]}"
14630_0,-0.11853692,0.40502355,-0.16100305,2024-02-26,14630,"{""type"":""MultiPoint"",""coordinates"":[]}"
14631_0,-0.15837105,0.37320212,-0.17055327,2024-02-26,14631,"{""type"":""MultiPoint"",""coordinates"":[]}"
14632_0,0.30824372,0.734758,0.2825279,2024-02-26,14632,"{""type"":""MultiPoint"",""coordinates"":[]}"
14633_0,0.15002789,0.7287279,0.147651,2024-02-26,14633,"{""type"":""MultiPoint"",""coordinates"":[]}"
14634_0,-0.19639117,0.18177634,-0.18229581,2024-02-26,14634,"{""type"":""MultiPoint"",""coordinates"":[]}"
14635_0,-0.03412844,0.19082378,-0.10466484,2024-02-26,14635,"{""type"":""MultiPoint"",""coordinates"":[]}"
14636_0,0.026277637,0.06593002,0.037183046,2024-02-26,14636,"{""type"":""MultiPoint"",""coordinates"":[]}"
14637_0,0.0022088988,0.5347112,-0.04390888,2024-02-26,14637,"{""type"":""MultiPoint"",""coordinates"":[]}"
14638_0,0.30538923,0.7573616,0.2951389,2024-02-26,14638,"{""type"":""MultiPoint"",""coordinates"":[]}"
14639_0,-0.13240972,0.54192966,-0.18629551,2024-02-26,14639,"{""type"":""MultiPoint"",""coordinates"":[]}"
14640_0,0.07122507,0.52785516,0.0573494,2024-02-26,14640,"{""type"":""MultiPoint"",""coordinates"":[]}"
14641_0,0.08386277,0.74686193,0.073264785,2024-02-26,14641,"{""type"":""MultiPoint"",""coordinates"":[]}"
14642_0,0.3755818,0.83827496,0.40233037,2024-02-26,14642,"{""type"":""MultiPoint"",""coordinates"":[]}"
14643_0,-0.1974189,0.2842674,-0.28697282,2024-02-26,14643,"{""type"":""MultiPoint"",""coordinates"":[]}"
14644_0,-0.006085193,0.539039,-0.042503502,2024-02-26,14644,"{""type"":""MultiPoint"",""coordinates"":[]}"
14645_0,0.07620614,0.6046803,0.06518724,2024-02-26,14645,"{""type"":""MultiPoint"",""coordinates"":[]}"
14646_0,-0.08232558,0.3439117,-0.08865497,2024-02-26,14646,"{""type"":""MultiPoint"",""coordinates"":[]}"
14647_0,-0.19399379,0.29535398,-0.19255301,2024-02-26,14647,"{""type"":""MultiPoint"",""coordinates"":[]}"
14648_0,0.15812673,0.51466995,0.038993713,2024-02-26,14648,"{""type"":""MultiPoint"",""coordinates"":[]}"
14649_0,-0.1844,0.38616937,-0.24805059,2024-02-26,14649,"{""type"":""MultiPoint"",""coordinates"":[]}"
14650_0,-0.08984944,0.5105162,-0.17364016,2024-02-26,14650,"{""type"":""MultiPoint"",""coordinates"":[]}"
14651_0,2.4479805E-4,0.44189602,-0.03971487,2024-02-26,14651,"{""type"":""MultiPoint"",""coordinates"":[]}"
14652_0,-0.23125918,0.3322005,-0.23156089,2024-02-26,14652,"{""type"":""MultiPoint"",""coordinates"":[]}"
14653_0,-0.08732548,0.5139514,-0.082878955,2024-02-26,14653,"{""type"":""MultiPoint"",""coordinates"":[]}"
14654_0,-0.07698962,0.38572904,-0.10666667,2024-02-26,14654,"{""type"":""MultiPoint"",""coordinates"":[]}"
14655_0,-0.008704303,0.50107527,0.016011644,2024-02-26,14655,"{""type"":""MultiPoint"",""coordinates"":[]}"
14656_0,-0.02975347,0.5726496,-0.046357617,2024-02-26,14656,"{""type"":""MultiPoint"",""coordinates"":[]}"
14657_0,-0.17847939,0.41317365,-0.16981132,2024-02-26,14657,"{""type"":""MultiPoint"",""coordinates"":[]}"
14658_0,-0.12005584,0.49313816,-0.19187918,2024-02-26,14658,"{""type"":""MultiPoint"",""coordinates"":[]}"
14659_0,0.041080784,0.6334012,-0.04038289,2024-02-26,14659,"{""type"":""MultiPoint"",""coordinates"":[]}"
14660_0,-0.07844827,0.4012561,-0.10953437,2024-02-26,14660,"{""type"":""MultiPoint"",""coordinates"":[]}"
14661_0,0.1301059,0.7495591,0.06983014,2024-02-26,14661,"{""type"":""MultiPoint"",""coordinates"":[]}"
14662_0,-0.11659991,0.37142858,-0.0973103,2024-02-26,14662,"{""type"":""MultiPoint"",""coordinates"":[]}"
14663_0,-0.13950211,0.3916811,-0.20337301,2024-02-26,14663,"{""type"":""MultiPoint"",""coordinates"":[]}"
14664_0,-0.19805646,0.36548224,-0.23197716,2024-02-26,14664,"{""type"":""MultiPoint"",""coordinates"":[]}"
14665_0,0.14127764,0.74757284,0.14963503,2024-02-26,14665,"{""type"":""MultiPoint"",""coordinates"":[]}"
14666_0,-0.015367926,0.5025455,-0.15223636,2024-02-26,14666,"{""type"":""MultiPoint"",""coordinates"":[]}"
14667_0,-0.050624292,0.42519137,-0.060981203,2024-02-26,14667,"{""type"":""MultiPoint"",""coordinates"":[]}"
14668_0,0.0,0.49934238,-0.04947193,2024-02-26,14668,"{""type"":""MultiPoint"",""coordinates"":[]}"
14669_0,0.01625819,0.5244045,-0.018848957,2024-02-26,14669,"{""type"":""MultiPoint"",""coordinates"":[]}"
14670_0,-0.21955086,0.39636365,-0.26396495,2024-02-26,14670,"{""type"":""MultiPoint"",""coordinates"":[]}"
14671_0,-0.07082885,0.4473863,-0.076856464,2024-02-26,14671,"{""type"":""MultiPoint"",""coordinates"":[]}"
14672_0,-0.114663385,0.4501398,-0.07628376,2024-02-26,14672,"{""type"":""MultiPoint"",""coordinates"":[]}"
14673_0,-0.20114805,0.4099099,-0.33457348,2024-02-26,14673,"{""type"":""MultiPoint"",""coordinates"":[]}"
14674_0,-0.27012745,0.52395207,-0.33485788,2024-02-26,14674,"{""type"":""MultiPoint"",""coordinates"":[]}"
14675_0,0.28583544,0.8145161,0.28095645,2024-02-26,14675,"{""type"":""MultiPoint"",""coordinates"":[]}"
14676_0,-0.051373184,0.50163627,-0.006495515,2024-02-26,14676,"{""type"":""MultiPoint"",""coordinates"":[]}"
14677_0,-0.042679634,0.5096066,-0.07821229,2024-02-26,14677,"{""type"":""MultiPoint"",""coordinates"":[]}"
14678_0,0.15238817,0.7423702,0.13445161,2024-02-26,14678,"{""type"":""MultiPoint"",""coordinates"":[]}"
14679_0,-0.010397553,0.53961456,-0.069255665,2024-02-26,14679,"{""type"":""MultiPoint"",""coordinates"":[]}"
14680_0,-0.16363636,0.44171506,-0.1336554,2024-02-26,14680,"{""type"":""MultiPoint"",""coordinates"":[]}"
14681_0,0.025969407,0.5216783,-0.0032979113,2024-02-26,14681,"{""type"":""MultiPoint"",""coordinates"":[]}"
14682_0,0.2933111,0.7862026,0.20225894,2024-02-26,14682,"{""type"":""MultiPoint"",""coordinates"":[]}"
14683_0,0.44004726,0.85003,0.5297619,2024-02-26,14683,"{""type"":""MultiPoint"",""coordinates"":[]}"
14684_0,0.30212015,0.8016529,0.24690181,2024-02-26,14684,"{""type"":""MultiPoint"",""coordinates"":[]}"
14685_0,0.13916221,0.68867546,0.15902224,2024-02-26,14685,"{""type"":""MultiPoint"",""coordinates"":[]}"
14686_0,0.34861615,0.8082192,0.35403383,2024-02-26,14686,"{""type"":""MultiPoint"",""coordinates"":[]}"
14687_0,0.3987616,0.81280786,0.38911608,2024-02-26,14687,"{""type"":""MultiPoint"",""coordinates"":[]}"
14688_0,0.0043076924,0.5257329,-0.017823443,2024-02-26,14688,"{""type"":""MultiPoint"",""coordinates"":[]}"
14689_0,0.08522114,0.7345133,0.072210066,2024-02-26,14689,"{""type"":""MultiPoint"",""coordinates"":[]}"
14690_0,0.40586382,0.88673836,0.36443752,2024-02-26,14690,"{""type"":""MultiPoint"",""coordinates"":[]}"
14691_0,-0.12293412,0.38535032,-0.17535545,2024-02-26,14691,"{""type"":""MultiPoint"",""coordinates"":[]}"
14692_0,0.1851617,0.64646465,0.20703487,2024-02-26,14692,"{""type"":""MultiPoint"",""coordinates"":[]}"
14693_0,0.33110976,0.8221529,0.35853446,2024-02-26,14693,"{""type"":""MultiPoint"",""coordinates"":[]}"
14694_0,0.21191604,0.89376444,0.16975749,2024-02-26,14694,"{""type"":""MultiPoint"",""coordinates"":[]}"
14695_0,0.20429467,0.7329843,0.19638555,2024-02-26,14695,"{""type"":""MultiPoint"",""coordinates"":[]}"
14696_0,-0.15428571,0.42066422,-0.15869981,2024-02-26,14696,"{""type"":""MultiPoint"",""coordinates"":[]}"
14697_0,-0.084860176,0.51898736,-0.18110237,2024-02-26,14697,"{""type"":""MultiPoint"",""coordinates"":[]}"
14698_0,-0.029243937,0.4789189,-0.026680896,2024-02-26,14698,"{""type"":""MultiPoint"",""coordinates"":[]}"
14699_0,-0.13642247,0.37078652,-0.1610685,2024-02-26,14699,"{""type"":""MultiPoint"",""coordinates"":[]}"
14700_0,0.379717,0.8186929,0.42197803,2024-02-26,14700,"{""type"":""MultiPoint"",""coordinates"":[]}"
14701_0,0.03954802,0.5985853,-0.039064575,2024-02-26,14701,"{""type"":""MultiPoint"",""coordinates"":[]}"
14702_0,0.10121269,0.6130467,0.060687304,2024-02-26,14702,"{""type"":""MultiPoint"",""coordinates"":[]}"
14703_0,-0.20749937,0.3283721,-0.25059038,2024-02-26,14703,"{""type"":""MultiPoint"",""coordinates"":[]}"
14704_0,-0.11155299,0.3553719,-0.21548162,2024-02-26,14704,"{""type"":""MultiPoint"",""coordinates"":[]}"
14705_0,0.21011059,0.40611354,0.21433061,2024-02-26,14705,"{""type"":""MultiPoint"",""coordinates"":[]}"
14706_0,0.08865535,0.6026112,0.074692205,2024-02-26,14706,"{""type"":""MultiPoint"",""coordinates"":[]}"
14707_0,-0.050895765,0.43434343,-0.033433434,2024-02-26,14707,"{""type"":""MultiPoint"",""coordinates"":[]}"
14708_0,0.26327136,0.77513856,0.24244943,2024-02-26,14708,"{""type"":""MultiPoint"",""coordinates"":[]}"
14709_0,0.3567625,0.8035928,0.24875621,2024-02-26,14709,"{""type"":""MultiPoint"",""coordinates"":[]}"
14710_0,0.41302842,0.8156554,0.39650872,2024-02-26,14710,"{""type"":""MultiPoint"",""coordinates"":[]}"
14711_0,0.21182899,0.7521008,0.15272978,2024-02-26,14711,"{""type"":""MultiPoint"",""coordinates"":[]}"
14712_0,0.069717936,0.63786006,0.0647405,2024-02-26,14712,"{""type"":""MultiPoint"",""coordinates"":[]}"
14713_0,0.14767095,0.66601944,0.14171657,2024-02-26,14713,"{""type"":""MultiPoint"",""coordinates"":[]}"
14714_0,0.18469048,0.68054503,0.16627266,2024-02-26,14714,"{""type"":""MultiPoint"",""coordinates"":[]}"
14715_0,0.38852155,0.8237496,0.39728883,2024-02-26,14715,"{""type"":""MultiPoint"",""coordinates"":[]}"
14716_0,0.34093592,0.80565554,0.3538936,2024-02-26,14716,"{""type"":""MultiPoint"",""coordinates"":[]}"
14717_0,0.30467525,0.8023788,0.28005198,2024-02-26,14717,"{""type"":""MultiPoint"",""coordinates"":[]}"
14718_0,-0.18055834,0.3485294,-0.23151058,2024-02-26,14718,"{""type"":""MultiPoint"",""coordinates"":[]}"
14719_0,0.26231766,0.757079,0.27528393,2024-02-26,14719,"{""type"":""MultiPoint"",""coordinates"":[]}"
14720_0,0.27251044,0.8154539,0.32967034,2024-02-26,14720,"{""type"":""MultiPoint"",""coordinates"":[]}"
14721_0,-0.15467796,0.39166322,-0.18590052,2024-02-26,14721,"{""type"":""MultiPoint"",""coordinates"":[]}"
14722_0,0.37043378,0.8268565,0.365545,2024-02-26,14722,"{""type"":""MultiPoint"",""coordinates"":[]}"
14723_0,0.114604175,0.70509875,0.090161525,2024-02-26,14723,"{""type"":""MultiPoint"",""coordinates"":[]}"
14724_0,0.24562599,0.6936251,0.23325635,2024-02-26,14724,"{""type"":""MultiPoint"",""coordinates"":[]}"
14725_0,-0.12256518,0.40842313,-0.13138025,2024-02-26,14725,"{""type"":""MultiPoint"",""coordinates"":[]}"
14726_0,0.13458987,0.6567164,0.04286553,2024-02-26,14726,"{""type"":""MultiPoint"",""coordinates"":[]}"
14727_0,0.1684064,0.71917194,0.23027375,2024-02-26,14727,"{""type"":""MultiPoint"",""coordinates"":[]}"
14728_0,-0.13496932,0.5521472,-0.12267014,2024-02-26,14728,"{""type"":""MultiPoint"",""coordinates"":[]}"
14729_0,0.10346293,0.62220883,0.12046686,2024-02-26,14729,"{""type"":""MultiPoint"",""coordinates"":[]}"
14730_0,0.16226415,0.77272725,0.19783197,2024-02-26,14730,"{""type"":""MultiPoint"",""coordinates"":[]}"
14731_0,0.1711266,0.60124224,0.16625197,2024-02-26,14731,"{""type"":""MultiPoint"",""coordinates"":[]}"
14732_0,0.012787724,0.4632258,0.03302209,2024-02-26,14732,"{""type"":""MultiPoint"",""coordinates"":[]}"
14733_0,0.13788182,0.61779577,0.028938906,2024-02-26,14733,"{""type"":""MultiPoint"",""coordinates"":[]}"
14734_0,0.34273317,0.70713913,0.2862191,2024-02-26,14734,"{""type"":""MultiPoint"",""coordinates"":[]}"
14735_0,0.37742633,0.83349466,0.37246376,2024-02-26,14735,"{""type"":""MultiPoint"",""coordinates"":[]}"
14736_0,0.34748906,0.8469218,0.3927227,2024-02-26,14736,"{""type"":""MultiPoint"",""coordinates"":[]}"
14737_0,0.18713969,0.6980417,0.18911745,2024-02-26,14737,"{""type"":""MultiPoint"",""coordinates"":[]}"
14738_0,0.34885412,0.8185699,0.31127357,2024-02-26,14738,"{""type"":""MultiPoint"",""coordinates"":[]}"
14739_0,0.23086536,0.798627,0.12165537,2024-02-26,14739,"{""type"":""MultiPoint"",""coordinates"":[]}"
14740_0,0.145,0.6093535,0.06557377,2024-02-26,14740,"{""type"":""MultiPoint"",""coordinates"":[]}"
14741_0,0.36800244,0.82857144,0.4037518,2024-02-26,14741,"{""type"":""MultiPoint"",""coordinates"":[]}"
14748_0,0.2914399,0.81159955,0.26261586,2024-02-26,14748,"{""type"":""MultiPoint"",""coordinates"":[]}"
15246_0,-0.16429015,0.45,-0.19086874,2024-02-26,15246,"{""type"":""MultiPoint"",""coordinates"":[]}"
15247_0,-0.20291217,0.3516295,-0.23809524,2024-02-26,15247,"{""type"":""MultiPoint"",""coordinates"":[]}"
15248_0,-0.23218097,0.34613705,-0.3036803,2024-02-26,15248,"{""type"":""MultiPoint"",""coordinates"":[]}"
15249_0,-0.19846939,0.38727272,-0.2123871,2024-02-26,15249,"{""type"":""MultiPoint"",""coordinates"":[]}"
15250_0,-0.27912465,0.27560365,-0.32107246,2024-02-26,15250,"{""type"":""MultiPoint"",""coordinates"":[]}"
15251_0,0.44567496,0.7852503,0.43225014,2024-02-26,15251,"{""type"":""MultiPoint"",""coordinates"":[]}"
15252_0,0.07479537,0.6735798,0.0620887,2024-02-26,15252,"{""type"":""MultiPoint"",""coordinates"":[]}"
15253_0,0.019888625,0.50248206,-0.15140186,2024-02-26,15253,"{""type"":""MultiPoint"",""coordinates"":[]}"
15254_0,-0.09062066,0.39512855,-0.1429759,2024-02-26,15254,"{""type"":""MultiPoint"",""coordinates"":[]}"
15255_0,-0.07692308,0.12835388,-0.16635413,2024-02-26,15255,"{""type"":""MultiPoint"",""coordinates"":[]}"
15256_0,-0.12969284,0.43561643,-0.116357505,2024-02-26,15256,"{""type"":""MultiPoint"",""coordinates"":[]}"
15257_0,-0.05277162,0.08175624,-0.10951862,2024-02-26,15257,"{""type"":""MultiPoint"",""coordinates"":[]}"
15258_0,0.0326094,0.03232427,0.03784899,2024-02-26,15258,"{""type"":""MultiPoint"",""coordinates"":[]}"
15259_0,0.25146198,0.7941599,0.21294498,2024-02-26,15259,"{""type"":""MultiPoint"",""coordinates"":[]}"
15260_0,0.27217796,0.8030224,0.446186,2024-02-26,15260,"{""type"":""MultiPoint"",""coordinates"":[]}"
15261_0,0.22150537,0.8438597,0.18422535,2024-02-26,15261,"{""type"":""MultiPoint"",""coordinates"":[]}"
15262_0,-0.2609422,0.34954408,-0.36,2024-02-26,15262,"{""type"":""MultiPoint"",""coordinates"":[]}"
15263_0,0.18536292,0.6081136,0.18682635,2024-02-26,15263,"{""type"":""MultiPoint"",""coordinates"":[]}"
15264_0,-0.04551008,0.09004093,-0.034295212,2024-02-26,15264,"{""type"":""MultiPoint"",""coordinates"":[]}"
15265_0,0.21955556,0.73739296,0.16194719,2024-02-26,15265,"{""type"":""MultiPoint"",""coordinates"":[]}"
15266_0,0.05709297,0.012048192,0.07792611,2024-02-26,15266,"{""type"":""MultiPoint"",""coordinates"":[]}"
15267_0,0.31341663,0.833935,0.23300971,2024-02-26,15267,"{""type"":""MultiPoint"",""coordinates"":[]}"
15268_0,-0.15075134,0.34,-0.15354714,2024-02-26,15268,"{""type"":""MultiPoint"",""coordinates"":[]}"
15269_0,-0.031010132,0.63947636,-0.015421833,2024-02-26,15269,"{""type"":""MultiPoint"",""coordinates"":[]}"
15270_0,-0.30480927,0.38530067,-0.5195056,2024-02-26,15270,"{""type"":""MultiPoint"",""coordinates"":[]}"
15271_0,0.0995511,0.76248425,0.10381077,2024-02-26,15271,"{""type"":""MultiPoint"",""coordinates"":[]}"
15272_0,0.24797268,0.76041,0.21862528,2024-02-26,15272,"{""type"":""MultiPoint"",""coordinates"":[]}"
15273_0,-0.14108527,0.2611558,-0.12309258,2024-02-26,15273,"{""type"":""MultiPoint"",""coordinates"":[]}"
15274_0,0.22926192,0.7918256,0.16430596,2024-02-26,15274,"{""type"":""MultiPoint"",""coordinates"":[]}"
15275_0,-0.15877654,0.2356885,-0.10763501,2024-02-26,15275,"{""type"":""MultiPoint"",""coordinates"":[]}"
15276_0,0.1274979,0.69627,0.10404624,2024-02-26,15276,"{""type"":""MultiPoint"",""coordinates"":[]}"
15277_0,0.044577207,0.5596556,0.09902492,2024-02-26,15277,"{""type"":""MultiPoint"",""coordinates"":[]}"
15278_0,0.17560193,0.7529538,0.11934157,2024-02-26,15278,"{""type"":""MultiPoint"",""coordinates"":[]}"
15279_0,0.2979371,0.6686337,0.27816412,2024-02-26,15279,"{""type"":""MultiPoint"",""coordinates"":[]}"
15280_0,0.23450586,0.6983646,0.21070811,2024-02-26,15280,"{""type"":""MultiPoint"",""coordinates"":[]}"
15281_0,0.107532464,0.63232684,0.03374578,2024-02-26,15281,"{""type"":""MultiPoint"",""coordinates"":[]}"
15282_0,0.034883723,0.765625,0.010432191,2024-02-26,15282,"{""type"":""MultiPoint"",""coordinates"":[]}"
15283_0,-0.23088154,0.20304272,-0.24244657,2024-02-26,15283,"{""type"":""MultiPoint"",""coordinates"":[]}"
15284_0,0.22728592,0.5822368,0.18218125,2024-02-26,15284,"{""type"":""MultiPoint"",""coordinates"":[]}"
15285_0,-0.016997168,0.5775401,-0.09785933,2024-02-26,15285,"{""type"":""MultiPoint"",""coordinates"":[]}"
15286_0,0.22270398,0.7217676,0.23088923,2024-02-26,15286,"{""type"":""MultiPoint"",""coordinates"":[]}"
15287_0,-0.14526823,0.09663609,-0.087647885,2024-02-26,15287,"{""type"":""MultiPoint"",""coordinates"":[]}"
15288_0,-0.07826439,0.29119638,-0.074994944,2024-02-26,15288,"{""type"":""MultiPoint"",""coordinates"":[]}"
15289_0,-0.19123931,0.31021196,-0.24233983,2024-02-26,15289,"{""type"":""MultiPoint"",""coordinates"":[]}"
15290_0,0.38051948,0.8320914,0.31808436,2024-02-26,15290,"{""type"":""MultiPoint"",""coordinates"":[]}"
15291_0,0.3525862,0.8125,0.47094047,2024-02-26,15291,"{""type"":""MultiPoint"",""coordinates"":[]}"
15292_0,0.11875181,0.5288816,0.10056031,2024-02-26,15292,"{""type"":""MultiPoint"",""coordinates"":[]}"
15293_0,0.18055555,0.77227724,0.13759136,2024-02-26,15293,"{""type"":""MultiPoint"",""coordinates"":[]}"
15294_0,0.2318402,0.7997179,0.20263901,2024-02-26,15294,"{""type"":""MultiPoint"",""coordinates"":[]}"
15295_0,0.035564266,0.60779107,0.026568683,2024-02-26,15295,"{""type"":""MultiPoint"",""coordinates"":[]}"
15296_0,-0.066828676,0.15203762,-0.08865468,2024-02-26,15296,"{""type"":""MultiPoint"",""coordinates"":[]}"
15297_0,-0.06013746,0.50727654,-0.12147834,2024-02-26,15297,"{""type"":""MultiPoint"",""coordinates"":[]}"
15298_0,0.1936788,0.6706161,0.12485042,2024-02-26,15298,"{""type"":""MultiPoint"",""coordinates"":[]}"
15299_0,0.068799034,0.5674891,0.024343977,2024-02-26,15299,"{""type"":""MultiPoint"",""coordinates"":[]}"
15300_0,-0.031649422,0.49685535,-0.008628384,2024-02-26,15300,"{""type"":""MultiPoint"",""coordinates"":[]}"
15301_0,-0.14236653,0.34269944,-0.1551697,2024-02-26,15301,"{""type"":""MultiPoint"",""coordinates"":[]}"
15302_0,-0.0016766468,0.45482507,-0.04996234,2024-02-26,15302,"{""type"":""MultiPoint"",""coordinates"":[]}"
15303_0,0.41749176,0.815,0.34569046,2024-02-26,15303,"{""type"":""MultiPoint"",""coordinates"":[]}"
15304_0,0.13445131,0.67155963,0.106589735,2024-02-26,15304,"{""type"":""MultiPoint"",""coordinates"":[]}"
15305_0,-0.23699954,0.22332233,-0.28900257,2024-02-26,15305,"{""type"":""MultiPoint"",""coordinates"":[]}"
15306_0,0.08118683,0.6396761,0.069659956,2024-02-26,15306,"{""type"":""MultiPoint"",""coordinates"":[]}"
15307_0,0.11589214,0.7199375,0.034763545,2024-02-26,15307,"{""type"":""MultiPoint"",""coordinates"":[]}"
15308_0,-0.027357237,0.5213229,-0.050516024,2024-02-26,15308,"{""type"":""MultiPoint"",""coordinates"":[]}"
15309_0,0.1274913,0.69902915,0.118568234,2024-02-26,15309,"{""type"":""MultiPoint"",""coordinates"":[]}"
15310_0,0.18999653,0.76949483,0.21481481,2024-02-26,15310,"{""type"":""MultiPoint"",""coordinates"":[]}"
15311_0,-0.1970003,0.32417852,-0.21167883,2024-02-26,15311,"{""type"":""MultiPoint"",""coordinates"":[]}"
15312_0,0.27368158,0.70341206,0.28229192,2024-02-26,15312,"{""type"":""MultiPoint"",""coordinates"":[]}"
15313_0,-0.16266945,0.35676625,-0.18177001,2024-02-26,15313,"{""type"":""MultiPoint"",""coordinates"":[]}"
15314_0,-0.20738254,0.23966005,-0.24369167,2024-02-26,15314,"{""type"":""MultiPoint"",""coordinates"":[]}"
15315_0,-0.029384473,0.50893694,-0.018359853,2024-02-26,15315,"{""type"":""MultiPoint"",""coordinates"":[]}"
15316_0,0.35217723,0.7868934,0.3561124,2024-02-26,15316,"{""type"":""MultiPoint"",""coordinates"":[]}"
15317_0,-0.0304248,0.4637159,-0.11594653,2024-02-26,15317,"{""type"":""MultiPoint"",""coordinates"":[]}"
15318_0,-0.16674584,0.37004048,-0.18418515,2024-02-26,15318,"{""type"":""MultiPoint"",""coordinates"":[]}"
15319_0,-0.0897578,0.07080017,-0.14771591,2024-02-26,15319,"{""type"":""MultiPoint"",""coordinates"":[]}"
15320_0,-0.15147512,0.37187654,-0.3026152,2024-02-26,15320,"{""type"":""MultiPoint"",""coordinates"":[]}"
15321_0,-0.19550562,0.38884398,-0.2601206,2024-02-26,15321,"{""type"":""MultiPoint"",""coordinates"":[]}"
15322_0,-0.10492894,0.52462524,-0.12396186,2024-02-26,15322,"{""type"":""MultiPoint"",""coordinates"":[]}"
15323_0,-0.09153713,0.50769234,-0.12655972,2024-02-26,15323,"{""type"":""MultiPoint"",""coordinates"":[]}"
15324_0,-0.008779897,0.63714904,-0.047140162,2024-02-26,15324,"{""type"":""MultiPoint"",""coordinates"":[]}"
15325_0,-0.05784763,0.403663,-0.1168472,2024-02-26,15325,"{""type"":""MultiPoint"",""coordinates"":[]}"
15326_0,-0.18209408,0.45242718,-0.21941039,2024-02-26,15326,"{""type"":""MultiPoint"",""coordinates"":[]}"
15327_0,0.04162103,0.6895874,-0.008645534,2024-02-26,15327,"{""type"":""MultiPoint"",""coordinates"":[]}"
15328_0,0.4090079,0.83003664,0.4401845,2024-02-26,15328,"{""type"":""MultiPoint"",""coordinates"":[]}"
15329_0,-0.18497784,0.3280255,-0.20722434,2024-02-26,15329,"{""type"":""MultiPoint"",""coordinates"":[]}"
15330_0,0.14553314,0.67109764,0.10580548,2024-02-26,15330,"{""type"":""MultiPoint"",""coordinates"":[]}"
15331_0,0.043340717,0.6388434,-0.00331785,2024-02-26,15331,"{""type"":""MultiPoint"",""coordinates"":[]}"
15332_0,-0.14991763,0.33837748,-0.21090458,2024-02-26,15332,"{""type"":""MultiPoint"",""coordinates"":[]}"
15333_0,-0.22534516,0.34567901,-0.2390925,2024-02-26,15333,"{""type"":""MultiPoint"",""coordinates"":[]}"
15334_0,0.29741514,0.8755803,0.28335452,2024-02-26,15334,"{""type"":""MultiPoint"",""coordinates"":[]}"
15335_0,-0.12685423,0.41779226,-0.18281879,2024-02-26,15335,"{""type"":""MultiPoint"",""coordinates"":[]}"
15336_0,-0.079088815,0.52059555,-0.15824176,2024-02-26,15336,"{""type"":""MultiPoint"",""coordinates"":[]}"
15337_0,-0.11613624,0.3668942,-0.11024715,2024-02-26,15337,"{""type"":""MultiPoint"",""coordinates"":[]}"
15338_0,0.12773578,0.7182026,0.01438849,2024-02-26,15338,"{""type"":""MultiPoint"",""coordinates"":[]}"
15339_0,-0.12227979,0.41259983,-0.15274082,2024-02-26,15339,"{""type"":""MultiPoint"",""coordinates"":[]}"
15340_0,-0.12133375,0.54176074,-0.14142048,2024-02-26,15340,"{""type"":""MultiPoint"",""coordinates"":[]}"
15341_0,0.1381472,0.65057313,0.12287334,2024-02-26,15341,"{""type"":""MultiPoint"",""coordinates"":[]}"
15342_0,0.21518987,0.75524473,0.21329305,2024-02-26,15342,"{""type"":""MultiPoint"",""coordinates"":[]}"
15343_0,0.0478803,0.6839585,0.05001244,2024-02-26,15343,"{""type"":""MultiPoint"",""coordinates"":[]}"
15344_0,0.10784641,0.73239434,0.12622629,2024-02-26,15344,"{""type"":""MultiPoint"",""coordinates"":[]}"
15345_0,0.4175273,0.8551308,0.47402078,2024-02-26,15345,"{""type"":""MultiPoint"",""coordinates"":[]}"
15346_0,0.33577713,0.75969726,0.3449024,2024-02-26,15346,"{""type"":""MultiPoint"",""coordinates"":[]}"
15347_0,0.41890755,0.7995169,0.36603254,2024-02-26,15347,"{""type"":""MultiPoint"",""coordinates"":[]}"
15348_0,0.18213059,0.7419565,0.13969806,2024-02-26,15348,"{""type"":""MultiPoint"",""coordinates"":[]}"
15349_0,-0.16780046,0.38254452,-0.12814896,2024-02-26,15349,"{""type"":""MultiPoint"",""coordinates"":[]}"
15350_0,0.34265736,0.7738589,0.3138686,2024-02-26,15350,"{""type"":""MultiPoint"",""coordinates"":[]}"
15351_0,0.3182917,0.8894472,0.2173913,2024-02-26,15351,"{""type"":""MultiPoint"",""coordinates"":[]}"
15352_0,0.17233248,0.6578023,0.22144178,2024-02-26,15352,"{""type"":""MultiPoint"",""coordinates"":[]}"
15353_0,0.08241354,0.68095237,0.062053405,2024-02-26,15353,"{""type"":""MultiPoint"",""coordinates"":[]}"
15354_0,0.27334026,0.8277571,0.3560101,2024-02-26,15354,"{""type"":""MultiPoint"",""coordinates"":[]}"
15355_0,0.040429886,0.60734236,0.035741836,2024-02-26,15355,"{""type"":""MultiPoint"",""coordinates"":[]}"
15356_0,-0.019550342,0.5913442,-0.043521762,2024-02-26,15356,"{""type"":""MultiPoint"",""coordinates"":[]}"
15357_0,0.25446808,0.5529412,0.2329247,2024-02-26,15357,"{""type"":""MultiPoint"",""coordinates"":[]}"
15358_0,-0.16689783,0.3713355,-0.19961977,2024-02-26,15358,"{""type"":""MultiPoint"",""coordinates"":[]}"
15359_0,0.18629317,0.7319434,0.21716379,2024-02-26,15359,"{""type"":""MultiPoint"",""coordinates"":[]}"
15360_0,-0.16911764,0.3410572,-0.18682766,2024-02-26,15360,"{""type"":""MultiPoint"",""coordinates"":[]}"
15361_0,0.25646672,0.74270755,0.26596034,2024-02-26,15361,"{""type"":""MultiPoint"",""coordinates"":[]}"
15362_0,-0.05540897,0.47709656,-0.06761566,2024-02-26,15362,"{""type"":""MultiPoint"",""coordinates"":[]}"
15363_0,0.39876902,0.80876493,0.18951964,2024-02-26,15363,"{""type"":""MultiPoint"",""coordinates"":[]}"
15364_0,0.33175635,0.78205127,0.2652796,2024-02-26,15364,"{""type"":""MultiPoint"",""coordinates"":[]}"
15365_0,0.348201,0.81359494,0.40499458,2024-02-26,15365,"{""type"":""MultiPoint"",""coordinates"":[]}"
15366_0,0.34363198,0.8277276,0.39949748,2024-02-26,15366,"{""type"":""MultiPoint"",""coordinates"":[]}"
15367_0,-0.0066876477,0.4963665,-0.03876598,2024-02-26,15367,"{""type"":""MultiPoint"",""coordinates"":[]}"
15368_0,-0.15164699,0.41802388,-0.17315607,2024-02-26,15368,"{""type"":""MultiPoint"",""coordinates"":[]}"
15369_0,0.06891702,0.6900433,0.0823399,2024-02-26,15369,"{""type"":""MultiPoint"",""coordinates"":[]}"
15370_0,0.28349456,0.7846656,0.28328446,2024-02-26,15370,"{""type"":""MultiPoint"",""coordinates"":[]}"
15371_0,-0.19941278,0.33693695,-0.24574333,2024-02-26,15371,"{""type"":""MultiPoint"",""coordinates"":[]}"
15372_0,0.1481203,0.67053366,0.119315974,2024-02-26,15372,"{""type"":""MultiPoint"",""coordinates"":[]}"
15373_0,-0.1427868,0.40262842,-0.3281831,2024-02-26,15373,"{""type"":""MultiPoint"",""coordinates"":[]}"
15374_0,0.14787608,0.78836566,0.094979644,2024-02-26,15374,"{""type"":""MultiPoint"",""coordinates"":[]}"
15375_0,0.26898175,0.7722534,0.28041714,2024-02-26,15375,"{""type"":""MultiPoint"",""coordinates"":[]}"
15376_0,-0.10165248,0.44846293,-0.15728565,2024-02-26,15376,"{""type"":""MultiPoint"",""coordinates"":[]}"
15377_0,0.24721754,0.75058824,0.25,2024-02-26,15377,"{""type"":""MultiPoint"",""coordinates"":[]}"
15378_0,0.44929397,0.8347719,0.4446602,2024-02-26,15378,"{""type"":""MultiPoint"",""coordinates"":[]}"
15379_0,0.40467697,0.8352941,0.24862431,2024-02-26,15379,"{""type"":""MultiPoint"",""coordinates"":[]}"
15380_0,0.25309336,0.76827323,0.35187897,2024-02-26,15380,"{""type"":""MultiPoint"",""coordinates"":[]}"
15381_0,0.18461958,0.6976,0.17334808,2024-02-26,15381,"{""type"":""MultiPoint"",""coordinates"":[]}"
15382_0,0.09778103,0.62587684,0.05995935,2024-02-26,15382,"{""type"":""MultiPoint"",""coordinates"":[]}"
15383_0,-0.06982248,0.43314502,-0.19513485,2024-02-26,15383,"{""type"":""MultiPoint"",""coordinates"":[]}"
15384_0,0.306698,0.7782299,0.37927407,2024-02-26,15384,"{""type"":""MultiPoint"",""coordinates"":[]}"
15385_0,0.36316422,0.8292423,0.36519316,2024-02-26,15385,"{""type"":""MultiPoint"",""coordinates"":[]}"
15386_0,-0.14603616,0.5296581,-0.20116618,2024-02-26,15386,"{""type"":""MultiPoint"",""coordinates"":[]}"
15387_0,0.23704104,0.72686505,0.19966015,2024-02-26,15387,"{""type"":""MultiPoint"",""coordinates"":[]}"
15388_0,0.31773633,0.8433671,0.23175508,2024-02-26,15388,"{""type"":""MultiPoint"",""coordinates"":[]}"
15389_0,0.37183648,0.8028762,0.4527982,2024-02-26,15389,"{""type"":""MultiPoint"",""coordinates"":[]}"
15390_0,-0.17082036,0.39784086,-0.12665501,2024-02-26,15390,"{""type"":""MultiPoint"",""coordinates"":[]}"
15391_0,0.077053346,0.72170025,0.08120258,2024-02-26,15391,"{""type"":""MultiPoint"",""coordinates"":[]}"
15392_0,0.3229917,0.84573257,0.24660912,2024-02-26,15392,"{""type"":""MultiPoint"",""coordinates"":[]}"
15393_0,0.44004557,0.8596069,0.4044229,2024-02-26,15393,"{""type"":""MultiPoint"",""coordinates"":[]}"
15394_0,0.19826786,0.6373225,0.2178636,2024-02-26,15394,"{""type"":""MultiPoint"",""coordinates"":[]}"
15395_0,0.048798613,0.6736,0.042871386,2024-02-26,15395,"{""type"":""MultiPoint"",""coordinates"":[]}"
15396_0,0.18446074,0.7554241,0.08503505,2024-02-26,15396,"{""type"":""MultiPoint"",""coordinates"":[]}"
15397_0,0.29454735,0.7562674,0.30201343,2024-02-26,15397,"{""type"":""MultiPoint"",""coordinates"":[]}"
15398_0,0.3128931,0.8587274,0.29115978,2024-02-26,15398,"{""type"":""MultiPoint"",""coordinates"":[]}"
15399_0,0.25818408,0.79395,0.26024023,2024-02-26,15399,"{""type"":""MultiPoint"",""coordinates"":[]}"
15400_0,0.27278626,0.7686703,0.2680379,2024-02-26,15400,"{""type"":""MultiPoint"",""coordinates"":[]}"
15401_0,0.19219898,0.7898486,0.16894446,2024-02-26,15401,"{""type"":""MultiPoint"",""coordinates"":[]}"
15402_0,0.117117114,0.64155847,0.12655972,2024-02-26,15402,"{""type"":""MultiPoint"",""coordinates"":[]}"
15403_0,-0.1857551,0.3485342,-0.23914541,2024-02-26,15403,"{""type"":""MultiPoint"",""coordinates"":[]}"
15404_0,0.1689948,0.7532413,0.16025464,2024-02-26,15404,"{""type"":""MultiPoint"",""coordinates"":[]}"
15405_0,0.16291878,0.682392,0.16253443,2024-02-26,15405,"{""type"":""MultiPoint"",""coordinates"":[]}"
15406_0,0.37243816,0.83014673,0.39714867,2024-02-26,15406,"{""type"":""MultiPoint"",""coordinates"":[]}"
15407_0,0.183391,0.58886313,0.13754153,2024-02-26,15407,"{""type"":""MultiPoint"",""coordinates"":[]}"
15408_0,0.20303246,0.7308325,0.21985158,2024-02-26,15408,"{""type"":""MultiPoint"",""coordinates"":[]}"
15409_0,0.32048193,0.7940594,0.31686047,2024-02-26,15409,"{""type"":""MultiPoint"",""coordinates"":[]}"
15410_0,0.21623908,0.71576226,0.17800118,2024-02-26,15410,"{""type"":""MultiPoint"",""coordinates"":[]}"
15414_0,0.21692525,0.67375886,0.2095672,2024-02-26,15414,"{""type"":""MultiPoint"",""coordinates"":[]}"
15934_0,0.30437237,0.8088445,0.34571505,2024-02-26,15934,"{""type"":""MultiPoint"",""coordinates"":[]}"
15935_0,-0.182861,0.19487908,-0.1636243,2024-02-26,15935,"{""type"":""MultiPoint"",""coordinates"":[]}"
15936_0,-0.22267044,0.3115201,-0.2234107,2024-02-26,15936,"{""type"":""MultiPoint"",""coordinates"":[]}"
15937_0,0.21787061,0.8246506,0.2301542,2024-02-26,15937,"{""type"":""MultiPoint"",""coordinates"":[]}"
15938_0,-0.18411967,0.43389022,-0.15617977,2024-02-26,15938,"{""type"":""MultiPoint"",""coordinates"":[]}"
15939_0,-0.10763012,0.41107383,-0.13164687,2024-02-26,15939,"{""type"":""MultiPoint"",""coordinates"":[]}"
15940_0,-0.22869955,0.36792454,-0.27838257,2024-02-26,15940,"{""type"":""MultiPoint"",""coordinates"":[]}"
15941_0,0.09236546,0.5679389,0.062322214,2024-02-26,15941,"{""type"":""MultiPoint"",""coordinates"":[]}"
15942_0,-0.030217452,0.60036415,-0.01842546,2024-02-26,15942,"{""type"":""MultiPoint"",""coordinates"":[]}"
15943_0,-0.118147634,0.41803014,-0.12214498,2024-02-26,15943,"{""type"":""MultiPoint"",""coordinates"":[]}"
15944_0,0.023238657,0.58547276,-0.022393823,2024-02-26,15944,"{""type"":""MultiPoint"",""coordinates"":[]}"
15945_0,0.13099042,0.6595013,0.08366086,2024-02-26,15945,"{""type"":""MultiPoint"",""coordinates"":[]}"
15946_0,0.20925808,0.7533971,0.16560723,2024-02-26,15946,"{""type"":""MultiPoint"",""coordinates"":[]}"
15947_0,0.18079232,0.6478586,0.17384988,2024-02-26,15947,"{""type"":""MultiPoint"",""coordinates"":[]}"
15948_0,-0.18544936,0.30429128,-0.24727955,2024-02-26,15948,"{""type"":""MultiPoint"",""coordinates"":[]}"
15949_0,0.30013996,0.78397936,0.32718185,2024-02-26,15949,"{""type"":""MultiPoint"",""coordinates"":[]}"
15950_0,-0.19974364,0.28438818,-0.2969977,2024-02-26,15950,"{""type"":""MultiPoint"",""coordinates"":[]}"
15951_0,-0.04216427,0.57209784,-0.17214912,2024-02-26,15951,"{""type"":""MultiPoint"",""coordinates"":[]}"
15952_0,0.20389701,0.7867238,0.29164088,2024-02-26,15952,"{""type"":""MultiPoint"",""coordinates"":[]}"
15953_0,-0.18393506,0.3849879,-0.2351237,2024-02-26,15953,"{""type"":""MultiPoint"",""coordinates"":[]}"
15954_0,-0.048837993,0.58426964,-0.049544994,2024-02-26,15954,"{""type"":""MultiPoint"",""coordinates"":[]}"
15955_0,-0.16003744,0.35051546,-0.22389534,2024-02-26,15955,"{""type"":""MultiPoint"",""coordinates"":[]}"
15956_0,0.27470082,0.76855695,0.1909345,2024-02-26,15956,"{""type"":""MultiPoint"",""coordinates"":[]}"
15957_0,0.040374488,0.61620057,0.010856453,2024-02-26,15957,"{""type"":""MultiPoint"",""coordinates"":[]}"
15958_0,0.1219286,0.66483516,0.12274201,2024-02-26,15958,"{""type"":""MultiPoint"",""coordinates"":[]}"
15959_0,0.36113575,0.8083538,0.34306568,2024-02-26,15959,"{""type"":""MultiPoint"",""coordinates"":[]}"
15960_0,-0.033199906,0.4212994,-0.016682113,2024-02-26,15960,"{""type"":""MultiPoint"",""coordinates"":[]}"
15961_0,0.11048159,0.6440329,0.06144138,2024-02-26,15961,"{""type"":""MultiPoint"",""coordinates"":[]}"
15962_0,-0.13441722,0.38001573,-0.17088158,2024-02-26,15962,"{""type"":""MultiPoint"",""coordinates"":[]}"
15963_0,0.14337437,0.43392506,0.102768295,2024-02-26,15963,"{""type"":""MultiPoint"",""coordinates"":[]}"
15964_0,-0.106014885,0.41603053,-0.10512563,2024-02-26,15964,"{""type"":""MultiPoint"",""coordinates"":[]}"
15965_0,-0.020501139,0.14807133,0.014662757,2024-02-26,15965,"{""type"":""MultiPoint"",""coordinates"":[]}"
15966_0,0.07392804,0.6009053,0.060734816,2024-02-26,15966,"{""type"":""MultiPoint"",""coordinates"":[]}"
15967_0,0.08873057,0.6728869,0.039918117,2024-02-26,15967,"{""type"":""MultiPoint"",""coordinates"":[]}"
15968_0,0.3256917,0.7684478,0.2394115,2024-02-26,15968,"{""type"":""MultiPoint"",""coordinates"":[]}"
15969_0,0.02982203,0.579646,0.030055301,2024-02-26,15969,"{""type"":""MultiPoint"",""coordinates"":[]}"
15970_0,0.0022053418,0.601766,-0.057662338,2024-02-26,15970,"{""type"":""MultiPoint"",""coordinates"":[]}"
15971_0,-0.015159171,0.5726496,-0.06947032,2024-02-26,15971,"{""type"":""MultiPoint"",""coordinates"":[]}"
15972_0,0.33027804,0.69142854,0.2741722,2024-02-26,15972,"{""type"":""MultiPoint"",""coordinates"":[]}"
15973_0,0.17922795,0.85855263,-0.2249657,2024-02-26,15973,"{""type"":""MultiPoint"",""coordinates"":[]}"
15974_0,0.28465804,0.839851,0.25980237,2024-02-26,15974,"{""type"":""MultiPoint"",""coordinates"":[]}"
15975_0,0.35766423,0.78395337,0.40835103,2024-02-26,15975,"{""type"":""MultiPoint"",""coordinates"":[]}"
15976_0,-0.23161034,0.3553875,-0.26687115,2024-02-26,15976,"{""type"":""MultiPoint"",""coordinates"":[]}"
15977_0,0.011088996,0.6449704,-0.11153723,2024-02-26,15977,"{""type"":""MultiPoint"",""coordinates"":[]}"
15978_0,0.27136308,0.7555297,0.2661629,2024-02-26,15978,"{""type"":""MultiPoint"",""coordinates"":[]}"
15979_0,-0.17919075,0.31506848,-0.1409396,2024-02-26,15979,"{""type"":""MultiPoint"",""coordinates"":[]}"
15980_0,-0.057793345,0.40331492,-0.009470752,2024-02-26,15980,"{""type"":""MultiPoint"",""coordinates"":[]}"
15981_0,0.24270016,0.82867783,0.23911671,2024-02-26,15981,"{""type"":""MultiPoint"",""coordinates"":[]}"
15982_0,-0.06367407,0.482721,-0.033665244,2024-02-26,15982,"{""type"":""MultiPoint"",""coordinates"":[]}"
15983_0,0.27736264,0.73046154,0.2621185,2024-02-26,15983,"{""type"":""MultiPoint"",""coordinates"":[]}"
15984_0,0.3799768,0.7837838,0.37925696,2024-02-26,15984,"{""type"":""MultiPoint"",""coordinates"":[]}"
15985_0,0.20885417,0.71639043,0.21070407,2024-02-26,15985,"{""type"":""MultiPoint"",""coordinates"":[]}"
15986_0,0.10733695,0.60345656,0.11930295,2024-02-26,15986,"{""type"":""MultiPoint"",""coordinates"":[]}"
15987_0,0.03535432,-0.02025905,-0.026482964,2024-02-26,15987,"{""type"":""MultiPoint"",""coordinates"":[]}"
15988_0,0.23076923,0.7919192,0.22176309,2024-02-26,15988,"{""type"":""MultiPoint"",""coordinates"":[]}"
15989_0,-0.08887581,0.43268538,-0.16474292,2024-02-26,15989,"{""type"":""MultiPoint"",""coordinates"":[]}"
15990_0,-0.20311739,0.2862069,-0.24684502,2024-02-26,15990,"{""type"":""MultiPoint"",""coordinates"":[]}"
15991_0,-0.054905947,0.54170483,-0.104604736,2024-02-26,15991,"{""type"":""MultiPoint"",""coordinates"":[]}"
15992_0,-0.14023831,0.36805555,-0.22440945,2024-02-26,15992,"{""type"":""MultiPoint"",""coordinates"":[]}"
15993_0,-0.07823129,0.46358544,-0.096411586,2024-02-26,15993,"{""type"":""MultiPoint"",""coordinates"":[]}"
15994_0,0.17605384,0.74358976,0.18756549,2024-02-26,15994,"{""type"":""MultiPoint"",""coordinates"":[]}"
15995_0,-0.18374656,0.17682926,-0.05357362,2024-02-26,15995,"{""type"":""MultiPoint"",""coordinates"":[]}"
15996_0,-0.14840871,0.33189887,-0.16124661,2024-02-26,15996,"{""type"":""MultiPoint"",""coordinates"":[]}"
15997_0,-0.066805124,0.574048,-0.15995483,2024-02-26,15997,"{""type"":""MultiPoint"",""coordinates"":[]}"
15998_0,0.15038973,0.614989,0.08516416,2024-02-26,15998,"{""type"":""MultiPoint"",""coordinates"":[]}"
15999_0,-0.078977145,0.5285714,-0.1062645,2024-02-26,15999,"{""type"":""MultiPoint"",""coordinates"":[]}"
16000_0,-0.21374045,0.3927711,-0.24543081,2024-02-26,16000,"{""type"":""MultiPoint"",""coordinates"":[]}"
16001_0,-0.022159887,0.4858657,-0.03995434,2024-02-26,16001,"{""type"":""MultiPoint"",""coordinates"":[]}"
16002_0,0.053328916,0.6784396,0.053955644,2024-02-26,16002,"{""type"":""MultiPoint"",""coordinates"":[]}"
16003_0,0.04230423,0.60328037,-0.010126582,2024-02-26,16003,"{""type"":""MultiPoint"",""coordinates"":[]}"
16004_0,0.28730366,0.7226971,0.24974164,2024-02-26,16004,"{""type"":""MultiPoint"",""coordinates"":[]}"
16005_0,-0.14707692,0.44581005,-0.18049398,2024-02-26,16005,"{""type"":""MultiPoint"",""coordinates"":[]}"
16006_0,-0.19238476,0.39619377,-0.19178768,2024-02-26,16006,"{""type"":""MultiPoint"",""coordinates"":[]}"
16007_0,-0.1944212,0.4092827,-0.23152143,2024-02-26,16007,"{""type"":""MultiPoint"",""coordinates"":[]}"
16008_0,-0.14797814,0.41213554,-0.1887732,2024-02-26,16008,"{""type"":""MultiPoint"",""coordinates"":[]}"
16009_0,-0.1864826,0.3555309,-0.22224581,2024-02-26,16009,"{""type"":""MultiPoint"",""coordinates"":[]}"
16010_0,-0.07304625,0.51918733,-0.110964336,2024-02-26,16010,"{""type"":""MultiPoint"",""coordinates"":[]}"
16011_0,-0.11136891,0.41546527,-0.14183553,2024-02-26,16011,"{""type"":""MultiPoint"",""coordinates"":[]}"
16012_0,-0.020751541,0.5976733,-0.04959631,2024-02-26,16012,"{""type"":""MultiPoint"",""coordinates"":[]}"
16013_0,-0.019517206,0.52876943,-0.043363996,2024-02-26,16013,"{""type"":""MultiPoint"",""coordinates"":[]}"
16014_0,0.2792363,0.6234961,0.255954,2024-02-26,16014,"{""type"":""MultiPoint"",""coordinates"":[]}"
16015_0,-0.19131504,0.41583055,-0.06754772,2024-02-26,16015,"{""type"":""MultiPoint"",""coordinates"":[]}"
16016_0,0.011656037,0.54410726,-0.01330327,2024-02-26,16016,"{""type"":""MultiPoint"",""coordinates"":[]}"
16017_0,-0.048550017,0.5629139,-0.06380165,2024-02-26,16017,"{""type"":""MultiPoint"",""coordinates"":[]}"
16018_0,-0.12541507,0.53398967,-0.1476947,2024-02-26,16018,"{""type"":""MultiPoint"",""coordinates"":[]}"
16019_0,-0.069977425,0.5272008,-0.10232558,2024-02-26,16019,"{""type"":""MultiPoint"",""coordinates"":[]}"
16020_0,0.11892901,0.5776,0.16445231,2024-02-26,16020,"{""type"":""MultiPoint"",""coordinates"":[]}"
16021_0,0.034000933,0.5076475,-9.6525095E-4,2024-02-26,16021,"{""type"":""MultiPoint"",""coordinates"":[]}"
16022_0,-0.09365697,0.49726775,-0.1845238,2024-02-26,16022,"{""type"":""MultiPoint"",""coordinates"":[]}"
16023_0,0.10115237,0.67748094,0.11195446,2024-02-26,16023,"{""type"":""MultiPoint"",""coordinates"":[]}"
16024_0,0.27135348,0.8813479,0.28243288,2024-02-26,16024,"{""type"":""MultiPoint"",""coordinates"":[]}"
16025_0,0.42491624,0.8943122,0.42648846,2024-02-26,16025,"{""type"":""MultiPoint"",""coordinates"":[]}"
16026_0,-0.13694766,0.5154965,-0.20451528,2024-02-26,16026,"{""type"":""MultiPoint"",""coordinates"":[]}"
16027_0,0.10818546,0.6219081,0.081909254,2024-02-26,16027,"{""type"":""MultiPoint"",""coordinates"":[]}"
16028_0,0.20089285,0.8115279,0.16060962,2024-02-26,16028,"{""type"":""MultiPoint"",""coordinates"":[]}"
16029_0,0.19909884,0.81230354,0.17325582,2024-02-26,16029,"{""type"":""MultiPoint"",""coordinates"":[]}"
16030_0,0.2776916,0.7722908,0.24951644,2024-02-26,16030,"{""type"":""MultiPoint"",""coordinates"":[]}"
16031_0,0.29304132,0.8269504,0.33783433,2024-02-26,16031,"{""type"":""MultiPoint"",""coordinates"":[]}"
16032_0,0.37180373,0.838806,0.3405876,2024-02-26,16032,"{""type"":""MultiPoint"",""coordinates"":[]}"
16033_0,0.30449727,0.797546,0.41409266,2024-02-26,16033,"{""type"":""MultiPoint"",""coordinates"":[]}"
16034_0,-0.06154188,0.56973296,-0.060599335,2024-02-26,16034,"{""type"":""MultiPoint"",""coordinates"":[]}"
16035_0,-0.034254666,0.44963336,-0.07646914,2024-02-26,16035,"{""type"":""MultiPoint"",""coordinates"":[]}"
16036_0,0.37626263,0.7940062,0.3566033,2024-02-26,16036,"{""type"":""MultiPoint"",""coordinates"":[]}"
16037_0,0.30053192,0.80861247,0.26597822,2024-02-26,16037,"{""type"":""MultiPoint"",""coordinates"":[]}"
16038_0,-0.14922145,0.39451966,-0.114279725,2024-02-26,16038,"{""type"":""MultiPoint"",""coordinates"":[]}"
16039_0,0.20271467,0.74481237,0.18785693,2024-02-26,16039,"{""type"":""MultiPoint"",""coordinates"":[]}"
16040_0,0.41343874,0.8491921,0.4703783,2024-02-26,16040,"{""type"":""MultiPoint"",""coordinates"":[]}"
16041_0,0.16862556,0.6696165,0.13284963,2024-02-26,16041,"{""type"":""MultiPoint"",""coordinates"":[]}"
16042_0,0.08041441,0.66925466,0.071250625,2024-02-26,16042,"{""type"":""MultiPoint"",""coordinates"":[]}"
16043_0,0.114035085,0.7827394,0.12459372,2024-02-26,16043,"{""type"":""MultiPoint"",""coordinates"":[]}"
16044_0,-0.14377452,0.31702638,-0.07728495,2024-02-26,16044,"{""type"":""MultiPoint"",""coordinates"":[]}"
16045_0,0.26777124,0.7723775,0.22990444,2024-02-26,16045,"{""type"":""MultiPoint"",""coordinates"":[]}"
16046_0,0.38470694,0.8242678,0.3974359,2024-02-26,16046,"{""type"":""MultiPoint"",""coordinates"":[]}"
16047_0,-0.0781848,0.49838337,-0.09738453,2024-02-26,16047,"{""type"":""MultiPoint"",""coordinates"":[]}"
16048_0,-0.14442539,0.47569445,-0.324861,2024-02-26,16048,"{""type"":""MultiPoint"",""coordinates"":[]}"
16049_0,-0.03345725,0.5090909,-0.055028465,2024-02-26,16049,"{""type"":""MultiPoint"",""coordinates"":[]}"
16050_0,0.2516129,0.8196916,0.04853042,2024-02-26,16050,"{""type"":""MultiPoint"",""coordinates"":[]}"
16051_0,0.15024458,0.84094405,0.19202659,2024-02-26,16051,"{""type"":""MultiPoint"",""coordinates"":[]}"
16052_0,0.24258992,0.71119434,0.21945433,2024-02-26,16052,"{""type"":""MultiPoint"",""coordinates"":[]}"
16053_0,0.07925596,0.5960772,0.066994466,2024-02-26,16053,"{""type"":""MultiPoint"",""coordinates"":[]}"
16054_0,-0.11173533,0.46059933,-0.1501453,2024-02-26,16054,"{""type"":""MultiPoint"",""coordinates"":[]}"
16055_0,0.069029465,0.5045278,0.014612868,2024-02-26,16055,"{""type"":""MultiPoint"",""coordinates"":[]}"
16056_0,0.35282338,0.77945495,0.44846416,2024-02-26,16056,"{""type"":""MultiPoint"",""coordinates"":[]}"
16057_0,-0.14469868,0.43922985,-0.19515477,2024-02-26,16057,"{""type"":""MultiPoint"",""coordinates"":[]}"
16058_0,0.2122172,0.7473958,0.21310735,2024-02-26,16058,"{""type"":""MultiPoint"",""coordinates"":[]}"
16059_0,0.26640928,0.81245625,0.50362843,2024-02-26,16059,"{""type"":""MultiPoint"",""coordinates"":[]}"
16060_0,0.18146916,0.75371903,0.14055361,2024-02-26,16060,"{""type"":""MultiPoint"",""coordinates"":[]}"
16061_0,0.2648402,0.8033764,0.23411486,2024-02-26,16061,"{""type"":""MultiPoint"",""coordinates"":[]}"
16062_0,-0.13836628,0.41281426,-0.15682478,2024-02-26,16062,"{""type"":""MultiPoint"",""coordinates"":[]}"
16063_0,0.080607474,0.3711934,0.028395062,2024-02-26,16063,"{""type"":""MultiPoint"",""coordinates"":[]}"
16064_0,0.21945886,0.75088966,0.21581548,2024-02-26,16064,"{""type"":""MultiPoint"",""coordinates"":[]}"
16065_0,0.34424886,0.7955912,0.3821828,2024-02-26,16065,"{""type"":""MultiPoint"",""coordinates"":[]}"
16066_0,0.23891015,0.7779225,0.23529412,2024-02-26,16066,"{""type"":""MultiPoint"",""coordinates"":[]}"
16067_0,0.10936556,0.6168545,0.056338027,2024-02-26,16067,"{""type"":""MultiPoint"",""coordinates"":[]}"
16068_0,0.13930014,0.8106667,0.029958285,2024-02-26,16068,"{""type"":""MultiPoint"",""coordinates"":[]}"
16069_0,-0.19758673,0.36941,-0.20799826,2024-02-26,16069,"{""type"":""MultiPoint"",""coordinates"":[]}"
16070_0,0.17900129,0.7683524,0.14982763,2024-02-26,16070,"{""type"":""MultiPoint"",""coordinates"":[]}"
16071_0,0.16149795,0.7174021,0.09447078,2024-02-26,16071,"{""type"":""MultiPoint"",""coordinates"":[]}"
16072_0,-0.20155641,0.34112647,-0.294578,2024-02-26,16072,"{""type"":""MultiPoint"",""coordinates"":[]}"
16073_0,0.2843895,0.8988622,0.23723228,2024-02-26,16073,"{""type"":""MultiPoint"",""coordinates"":[]}"
16074_0,0.19768992,0.7286689,0.057411272,2024-02-26,16074,"{""type"":""MultiPoint"",""coordinates"":[]}"
16075_0,0.20209488,0.70756567,0.25424704,2024-02-26,16075,"{""type"":""MultiPoint"",""coordinates"":[]}"
16076_0,0.24507043,0.79840463,0.25442588,2024-02-26,16076,"{""type"":""MultiPoint"",""coordinates"":[]}"
16077_0,0.21151079,0.8016177,0.21399885,2024-02-26,16077,"{""type"":""MultiPoint"",""coordinates"":[]}"
16078_0,0.45186278,0.835948,0.46757436,2024-02-26,16078,"{""type"":""MultiPoint"",""coordinates"":[]}"
16079_0,0.17157808,0.73129654,0.19009155,2024-02-26,16079,"{""type"":""MultiPoint"",""coordinates"":[]}"
16080_0,0.4110465,0.8466305,0.4035914,2024-02-26,16080,"{""type"":""MultiPoint"",""coordinates"":[]}"
16081_0,0.2422078,0.7568996,0.12354487,2024-02-26,16081,"{""type"":""MultiPoint"",""coordinates"":[]}"
16082_0,0.27519238,0.84882534,0.29331905,2024-02-26,16082,"{""type"":""MultiPoint"",""coordinates"":[]}"
16083_0,0.26931107,0.78756887,0.2993995,2024-02-26,16083,"{""type"":""MultiPoint"",""coordinates"":[]}"
16084_0,0.3931624,0.8467742,0.36512667,2024-02-26,16084,"{""type"":""MultiPoint"",""coordinates"":[]}"
16085_0,0.48071036,0.86006457,0.5069767,2024-02-26,16085,"{""type"":""MultiPoint"",""coordinates"":[]}"
16086_0,0.17411512,0.7773019,0.1793961,2024-02-26,16086,"{""type"":""MultiPoint"",""coordinates"":[]}"
16087_0,0.2302592,0.73669904,0.27298605,2024-02-26,16087,"{""type"":""MultiPoint"",""coordinates"":[]}"
16088_0,0.22324723,0.7609825,0.192197,2024-02-26,16088,"{""type"":""MultiPoint"",""coordinates"":[]}"
16089_0,0.13939394,0.62624824,0.11801242,2024-02-26,16089,"{""type"":""MultiPoint"",""coordinates"":[]}"
16090_0,0.36246154,0.87392056,0.35371178,2024-02-26,16090,"{""type"":""MultiPoint"",""coordinates"":[]}"
16091_0,0.056103896,0.6073517,0.028601978,2024-02-26,16091,"{""type"":""MultiPoint"",""coordinates"":[]}"
16092_0,-0.015719974,0.49228612,-0.064820915,2024-02-26,16092,"{""type"":""MultiPoint"",""coordinates"":[]}"
16093_0,0.14898865,0.6207148,0.12591842,2024-02-26,16093,"{""type"":""MultiPoint"",""coordinates"":[]}"
16094_0,0.28286016,0.79623824,0.25382933,2024-02-26,16094,"{""type"":""MultiPoint"",""coordinates"":[]}"
16095_0,0.29742527,0.67983705,0.26931363,2024-02-26,16095,"{""type"":""MultiPoint"",""coordinates"":[]}"
16096_0,0.27940682,0.7241379,0.2278801,2024-02-26,16096,"{""type"":""MultiPoint"",""coordinates"":[]}"
16097_0,0.20519379,0.67920095,0.17179172,2024-02-26,16097,"{""type"":""MultiPoint"",""coordinates"":[]}"
16098_0,0.3103023,0.7649451,0.31995133,2024-02-26,16098,"{""type"":""MultiPoint"",""coordinates"":[]}"
16601_0,0.36294767,0.8028169,0.3026762,2024-02-26,16601,"{""type"":""MultiPoint"",""coordinates"":[]}"
16602_0,-0.13512304,0.45610562,-0.069787055,2024-02-26,16602,"{""type"":""MultiPoint"",""coordinates"":[]}"
16603_0,-0.11135371,0.10986442,-0.12527634,2024-02-26,16603,"{""type"":""MultiPoint"",""coordinates"":[]}"
16604_0,0.13468286,0.73964494,0.124282986,2024-02-26,16604,"{""type"":""MultiPoint"",""coordinates"":[]}"
16605_0,-0.30002356,0.2708018,-0.2429022,2024-02-26,16605,"{""type"":""MultiPoint"",""coordinates"":[]}"
16606_0,-0.22026432,0.2937001,-0.20631464,2024-02-26,16606,"{""type"":""MultiPoint"",""coordinates"":[]}"
16607_0,-0.072298326,0.24557957,-0.0526709,2024-02-26,16607,"{""type"":""MultiPoint"",""coordinates"":[]}"
16608_0,0.12562814,0.70977134,0.108654626,2024-02-26,16608,"{""type"":""MultiPoint"",""coordinates"":[]}"
16609_0,0.22126245,0.7625721,0.2918429,2024-02-26,16609,"{""type"":""MultiPoint"",""coordinates"":[]}"
16610_0,-0.14166667,0.4063927,-0.14325452,2024-02-26,16610,"{""type"":""MultiPoint"",""coordinates"":[]}"
16611_0,-0.1943248,0.24716856,-0.11468432,2024-02-26,16611,"{""type"":""MultiPoint"",""coordinates"":[]}"
16612_0,0.014091235,0.56713134,0.017142856,2024-02-26,16612,"{""type"":""MultiPoint"",""coordinates"":[]}"
16613_0,0.25507405,0.8108108,0.22444318,2024-02-26,16613,"{""type"":""MultiPoint"",""coordinates"":[]}"
16614_0,-0.0754507,0.5082495,-0.12634033,2024-02-26,16614,"{""type"":""MultiPoint"",""coordinates"":[]}"
16615_0,0.12102914,0.59906393,0.1009667,2024-02-26,16615,"{""type"":""MultiPoint"",""coordinates"":[]}"
16616_0,0.18869936,0.82304704,0.16235553,2024-02-26,16616,"{""type"":""MultiPoint"",""coordinates"":[]}"
16617_0,-0.19092298,0.3635135,-0.14977881,2024-02-26,16617,"{""type"":""MultiPoint"",""coordinates"":[]}"
16618_0,0.19151409,0.69439423,0.14793262,2024-02-26,16618,"{""type"":""MultiPoint"",""coordinates"":[]}"
16619_0,-0.11042945,0.44846797,-0.11232503,2024-02-26,16619,"{""type"":""MultiPoint"",""coordinates"":[]}"
16620_0,-0.1267493,0.4388489,-0.12315664,2024-02-26,16620,"{""type"":""MultiPoint"",""coordinates"":[]}"
16621_0,0.33224756,0.79591835,0.35554856,2024-02-26,16621,"{""type"":""MultiPoint"",""coordinates"":[]}"
16622_0,-0.13275982,0.3733108,-0.19940916,2024-02-26,16622,"{""type"":""MultiPoint"",""coordinates"":[]}"
16623_0,0.016218618,0.51324964,-0.010036496,2024-02-26,16623,"{""type"":""MultiPoint"",""coordinates"":[]}"
16624_0,-0.10443807,0.40099362,-0.11776536,2024-02-26,16624,"{""type"":""MultiPoint"",""coordinates"":[]}"
16625_0,0.2577254,0.8283671,0.1367173,2024-02-26,16625,"{""type"":""MultiPoint"",""coordinates"":[]}"
16626_0,0.203125,0.77682865,0.28892332,2024-02-26,16626,"{""type"":""MultiPoint"",""coordinates"":[]}"
16627_0,-0.22177342,0.293617,-0.19758673,2024-02-26,16627,"{""type"":""MultiPoint"",""coordinates"":[]}"
16628_0,0.1993976,0.7385159,0.19381256,2024-02-26,16628,"{""type"":""MultiPoint"",""coordinates"":[]}"
16629_0,-0.10728155,0.21485089,-0.06663549,2024-02-26,16629,"{""type"":""MultiPoint"",""coordinates"":[]}"
16630_0,0.23401493,0.82043344,0.19836956,2024-02-26,16630,"{""type"":""MultiPoint"",""coordinates"":[]}"
16631_0,-0.053583242,0.46815288,-0.1287503,2024-02-26,16631,"{""type"":""MultiPoint"",""coordinates"":[]}"
16632_0,0.28900257,0.7382088,0.25526214,2024-02-26,16632,"{""type"":""MultiPoint"",""coordinates"":[]}"
16633_0,0.2357087,0.69868994,0.22906794,2024-02-26,16633,"{""type"":""MultiPoint"",""coordinates"":[]}"
16634_0,0.09651557,0.5364017,0.11239018,2024-02-26,16634,"{""type"":""MultiPoint"",""coordinates"":[]}"
16635_0,0.2874818,0.8197065,0.27882135,2024-02-26,16635,"{""type"":""MultiPoint"",""coordinates"":[]}"
16636_0,0.24604194,0.7135135,0.18008377,2024-02-26,16636,"{""type"":""MultiPoint"",""coordinates"":[]}"
16637_0,0.22536418,0.7280265,0.2116279,2024-02-26,16637,"{""type"":""MultiPoint"",""coordinates"":[]}"
16638_0,-0.09142264,0.13032368,-0.10617159,2024-02-26,16638,"{""type"":""MultiPoint"",""coordinates"":[]}"
16639_0,0.119205296,0.6854962,0.10917616,2024-02-26,16639,"{""type"":""MultiPoint"",""coordinates"":[]}"
16640_0,-0.11009772,0.41543257,-0.16925892,2024-02-26,16640,"{""type"":""MultiPoint"",""coordinates"":[]}"
16641_0,0.2393968,0.80164385,0.34149328,2024-02-26,16641,"{""type"":""MultiPoint"",""coordinates"":[]}"
16642_0,0.059615865,0.59292036,0.06798517,2024-02-26,16642,"{""type"":""MultiPoint"",""coordinates"":[]}"
16643_0,-0.1414248,0.4668574,-0.16887328,2024-02-26,16643,"{""type"":""MultiPoint"",""coordinates"":[]}"
16644_0,-0.118312754,0.3076292,-0.15392782,2024-02-26,16644,"{""type"":""MultiPoint"",""coordinates"":[]}"
16645_0,-0.057355516,0.37429467,-0.0484046,2024-02-26,16645,"{""type"":""MultiPoint"",""coordinates"":[]}"
16646_0,-0.17017208,0.33577177,-0.20262009,2024-02-26,16646,"{""type"":""MultiPoint"",""coordinates"":[]}"
16647_0,0.3053666,0.76492774,0.20878175,2024-02-26,16647,"{""type"":""MultiPoint"",""coordinates"":[]}"
16648_0,0.10129378,0.6785206,0.10832812,2024-02-26,16648,"{""type"":""MultiPoint"",""coordinates"":[]}"
16649_0,0.243973,0.74120957,0.22453018,2024-02-26,16649,"{""type"":""MultiPoint"",""coordinates"":[]}"
16650_0,0.30865973,0.7792969,0.30890805,2024-02-26,16650,"{""type"":""MultiPoint"",""coordinates"":[]}"
16651_0,0.1731794,0.70740974,0.182975,2024-02-26,16651,"{""type"":""MultiPoint"",""coordinates"":[]}"
16652_0,0.28006634,0.66331136,0.29583558,2024-02-26,16652,"{""type"":""MultiPoint"",""coordinates"":[]}"
16653_0,-0.031039834,0.50384945,-0.06264996,2024-02-26,16653,"{""type"":""MultiPoint"",""coordinates"":[]}"
16654_0,0.13008644,0.80491674,0.04908965,2024-02-26,16654,"{""type"":""MultiPoint"",""coordinates"":[]}"
16655_0,-0.15722631,0.2894309,-0.17908902,2024-02-26,16655,"{""type"":""MultiPoint"",""coordinates"":[]}"
16656_0,0.0054945056,0.4511692,0.029017312,2024-02-26,16656,"{""type"":""MultiPoint"",""coordinates"":[]}"
16657_0,0.2802469,0.84629714,0.2592122,2024-02-26,16657,"{""type"":""MultiPoint"",""coordinates"":[]}"
16658_0,-0.13993993,0.29734674,-0.14475271,2024-02-26,16658,"{""type"":""MultiPoint"",""coordinates"":[]}"
16659_0,-0.13660556,0.34786254,-0.08895184,2024-02-26,16659,"{""type"":""MultiPoint"",""coordinates"":[]}"
16660_0,0.0013636363,0.4622192,-0.01127733,2024-02-26,16660,"{""type"":""MultiPoint"",""coordinates"":[]}"
16661_0,-0.15412845,0.38155803,-0.18288669,2024-02-26,16661,"{""type"":""MultiPoint"",""coordinates"":[]}"
16662_0,-0.07146695,0.50472915,-0.065170944,2024-02-26,16662,"{""type"":""MultiPoint"",""coordinates"":[]}"
16663_0,0.029042667,0.6975493,0.023792358,2024-02-26,16663,"{""type"":""MultiPoint"",""coordinates"":[]}"
16664_0,-0.18378659,0.30322582,-0.21191701,2024-02-26,16664,"{""type"":""MultiPoint"",""coordinates"":[]}"
16665_0,-0.12293345,0.26987952,-0.11372714,2024-02-26,16665,"{""type"":""MultiPoint"",""coordinates"":[]}"
16666_0,0.0065065064,0.6010101,-0.021353228,2024-02-26,16666,"{""type"":""MultiPoint"",""coordinates"":[]}"
16667_0,-0.17674503,0.34376958,-0.20884793,2024-02-26,16667,"{""type"":""MultiPoint"",""coordinates"":[]}"
16668_0,-0.12137906,0.36832,-0.19214056,2024-02-26,16668,"{""type"":""MultiPoint"",""coordinates"":[]}"
16669_0,-0.0946924,0.44741532,-0.0555394,2024-02-26,16669,"{""type"":""MultiPoint"",""coordinates"":[]}"
16670_0,-0.23492138,0.33160174,-0.26217318,2024-02-26,16670,"{""type"":""MultiPoint"",""coordinates"":[]}"
16671_0,-0.10689407,0.5067929,-0.11465893,2024-02-26,16671,"{""type"":""MultiPoint"",""coordinates"":[]}"
16672_0,0.109938435,0.6239016,0.09803922,2024-02-26,16672,"{""type"":""MultiPoint"",""coordinates"":[]}"
16673_0,-0.116653256,0.6345358,-0.20207852,2024-02-26,16673,"{""type"":""MultiPoint"",""coordinates"":[]}"
16674_0,-0.06479384,0.50018734,-0.07996324,2024-02-26,16674,"{""type"":""MultiPoint"",""coordinates"":[]}"
16675_0,0.027561413,0.57286894,0.02785265,2024-02-26,16675,"{""type"":""MultiPoint"",""coordinates"":[]}"
16676_0,-0.069418386,0.49696687,-0.10864129,2024-02-26,16676,"{""type"":""MultiPoint"",""coordinates"":[]}"
16677_0,-0.12720655,0.24959743,-0.14175116,2024-02-26,16677,"{""type"":""MultiPoint"",""coordinates"":[]}"
16678_0,-0.17590497,0.44765702,-0.17757009,2024-02-26,16678,"{""type"":""MultiPoint"",""coordinates"":[]}"
16679_0,-0.08611049,0.4335529,-0.13510987,2024-02-26,16679,"{""type"":""MultiPoint"",""coordinates"":[]}"
16680_0,-0.1522365,0.34854245,-0.17020862,2024-02-26,16680,"{""type"":""MultiPoint"",""coordinates"":[]}"
16681_0,-0.16175936,0.35188866,-0.22077923,2024-02-26,16681,"{""type"":""MultiPoint"",""coordinates"":[]}"
16682_0,-0.15714636,0.2955975,-0.24145187,2024-02-26,16682,"{""type"":""MultiPoint"",""coordinates"":[]}"
16683_0,-0.1251365,0.39240506,-0.15879442,2024-02-26,16683,"{""type"":""MultiPoint"",""coordinates"":[]}"
16684_0,-0.078125,0.46842346,-0.08906426,2024-02-26,16684,"{""type"":""MultiPoint"",""coordinates"":[]}"
16685_0,0.052083332,0.60426664,-0.042647995,2024-02-26,16685,"{""type"":""MultiPoint"",""coordinates"":[]}"
16686_0,-0.025155531,0.5153814,-0.026265908,2024-02-26,16686,"{""type"":""MultiPoint"",""coordinates"":[]}"
16687_0,0.234864,0.76893777,0.23013537,2024-02-26,16687,"{""type"":""MultiPoint"",""coordinates"":[]}"
16688_0,0.31791908,0.7659659,0.28484848,2024-02-26,16688,"{""type"":""MultiPoint"",""coordinates"":[]}"
16689_0,0.38275027,0.81649834,0.4155461,2024-02-26,16689,"{""type"":""MultiPoint"",""coordinates"":[]}"
16690_0,-0.13099219,0.43096235,-0.19458346,2024-02-26,16690,"{""type"":""MultiPoint"",""coordinates"":[]}"
16691_0,-0.035369776,0.6632935,-0.109798126,2024-02-26,16691,"{""type"":""MultiPoint"",""coordinates"":[]}"
16692_0,0.045625336,0.52101505,0.03787879,2024-02-26,16692,"{""type"":""MultiPoint"",""coordinates"":[]}"
16693_0,0.2135957,0.73770493,0.2135957,2024-02-26,16693,"{""type"":""MultiPoint"",""coordinates"":[]}"
16694_0,-0.03202301,0.5019455,-0.07489514,2024-02-26,16694,"{""type"":""MultiPoint"",""coordinates"":[]}"
16695_0,-0.089489095,0.5430267,-0.12575656,2024-02-26,16695,"{""type"":""MultiPoint"",""coordinates"":[]}"
16696_0,-0.0971289,0.45289856,-0.056470588,2024-02-26,16696,"{""type"":""MultiPoint"",""coordinates"":[]}"
16697_0,-0.18775511,0.24428572,-0.14398034,2024-02-26,16697,"{""type"":""MultiPoint"",""coordinates"":[]}"
16698_0,0.39346048,0.8086957,0.38320863,2024-02-26,16698,"{""type"":""MultiPoint"",""coordinates"":[]}"
16699_0,0.16313617,0.6151203,0.10555719,2024-02-26,16699,"{""type"":""MultiPoint"",""coordinates"":[]}"
16700_0,0.1622093,0.7454955,0.03644266,2024-02-26,16700,"{""type"":""MultiPoint"",""coordinates"":[]}"
16701_0,0.39985433,0.80118215,0.3408,2024-02-26,16701,"{""type"":""MultiPoint"",""coordinates"":[]}"
16702_0,0.35712838,0.8963893,0.3914379,2024-02-26,16702,"{""type"":""MultiPoint"",""coordinates"":[]}"
16703_0,0.0013900473,0.6149279,0.02918919,2024-02-26,16703,"{""type"":""MultiPoint"",""coordinates"":[]}"
16704_0,0.13560091,0.7091433,0.10934579,2024-02-26,16704,"{""type"":""MultiPoint"",""coordinates"":[]}"
16705_0,-0.13162623,0.3978328,-0.1648555,2024-02-26,16705,"{""type"":""MultiPoint"",""coordinates"":[]}"
16706_0,-0.034441087,0.60131437,-0.07876497,2024-02-26,16706,"{""type"":""MultiPoint"",""coordinates"":[]}"
16707_0,-0.09559224,0.36340597,-0.057793345,2024-02-26,16707,"{""type"":""MultiPoint"",""coordinates"":[]}"
16708_0,0.38382804,0.84499764,0.37007326,2024-02-26,16708,"{""type"":""MultiPoint"",""coordinates"":[]}"
16709_0,0.23746224,0.790146,0.21712159,2024-02-26,16709,"{""type"":""MultiPoint"",""coordinates"":[]}"
16710_0,0.0034342804,0.49630624,-0.17785978,2024-02-26,16710,"{""type"":""MultiPoint"",""coordinates"":[]}"
16711_0,0.27865267,0.79112756,0.40307692,2024-02-26,16711,"{""type"":""MultiPoint"",""coordinates"":[]}"
16712_0,0.36825982,0.83094096,0.2509989,2024-02-26,16712,"{""type"":""MultiPoint"",""coordinates"":[]}"
16713_0,0.07516136,0.6130293,0.05428997,2024-02-26,16713,"{""type"":""MultiPoint"",""coordinates"":[]}"
16714_0,0.077008,0.60738254,0.06800446,2024-02-26,16714,"{""type"":""MultiPoint"",""coordinates"":[]}"
16715_0,0.18041237,0.6871407,0.18739353,2024-02-26,16715,"{""type"":""MultiPoint"",""coordinates"":[]}"
16716_0,0.11328389,0.7099237,0.08775581,2024-02-26,16716,"{""type"":""MultiPoint"",""coordinates"":[]}"
16717_0,0.20012666,0.7184466,0.16716123,2024-02-26,16717,"{""type"":""MultiPoint"",""coordinates"":[]}"
16718_0,0.3210728,0.7961069,0.34386572,2024-02-26,16718,"{""type"":""MultiPoint"",""coordinates"":[]}"
16719_0,-0.13568868,0.428317,-0.16064887,2024-02-26,16719,"{""type"":""MultiPoint"",""coordinates"":[]}"
16720_0,-0.049850676,0.46729857,-0.1922776,2024-02-26,16720,"{""type"":""MultiPoint"",""coordinates"":[]}"
16721_0,-0.043588657,0.5954825,-0.22686568,2024-02-26,16721,"{""type"":""MultiPoint"",""coordinates"":[]}"
16722_0,0.19549096,0.78535235,0.17668489,2024-02-26,16722,"{""type"":""MultiPoint"",""coordinates"":[]}"
16723_0,0.10699589,0.66982925,0.07349802,2024-02-26,16723,"{""type"":""MultiPoint"",""coordinates"":[]}"
16724_0,0.17228694,0.44965786,0.18853937,2024-02-26,16724,"{""type"":""MultiPoint"",""coordinates"":[]}"
16725_0,-0.046091445,0.4841629,-0.039003845,2024-02-26,16725,"{""type"":""MultiPoint"",""coordinates"":[]}"
16726_0,0.12948793,0.7080745,0.05465005,2024-02-26,16726,"{""type"":""MultiPoint"",""coordinates"":[]}"
16727_0,0.39652634,0.7862273,0.34692577,2024-02-26,16727,"{""type"":""MultiPoint"",""coordinates"":[]}"
16728_0,-0.10817942,0.2835955,-0.1392405,2024-02-26,16728,"{""type"":""MultiPoint"",""coordinates"":[]}"
16729_0,0.32261002,0.8143767,0.2823151,2024-02-26,16729,"{""type"":""MultiPoint"",""coordinates"":[]}"
16730_0,0.31771067,0.82330346,0.30582303,2024-02-26,16730,"{""type"":""MultiPoint"",""coordinates"":[]}"
16731_0,0.14558366,0.6514132,0.12080383,2024-02-26,16731,"{""type"":""MultiPoint"",""coordinates"":[]}"
16732_0,0.25399524,0.7957212,0.40686673,2024-02-26,16732,"{""type"":""MultiPoint"",""coordinates"":[]}"
16733_0,0.43467245,0.8628215,0.5074109,2024-02-26,16733,"{""type"":""MultiPoint"",""coordinates"":[]}"
16734_0,0.36931506,0.8561056,0.41912693,2024-02-26,16734,"{""type"":""MultiPoint"",""coordinates"":[]}"
16735_0,-0.08232025,0.56378603,-0.15492958,2024-02-26,16735,"{""type"":""MultiPoint"",""coordinates"":[]}"
16736_0,0.20921825,0.86928105,0.2407809,2024-02-26,16736,"{""type"":""MultiPoint"",""coordinates"":[]}"
16737_0,0.28974536,0.92785877,0.41760722,2024-02-26,16737,"{""type"":""MultiPoint"",""coordinates"":[]}"
16738_0,0.28117186,0.81692916,0.29453015,2024-02-26,16738,"{""type"":""MultiPoint"",""coordinates"":[]}"
16739_0,0.31909937,0.8428571,0.27670103,2024-02-26,16739,"{""type"":""MultiPoint"",""coordinates"":[]}"
16740_0,0.29043788,0.81044847,0.24356939,2024-02-26,16740,"{""type"":""MultiPoint"",""coordinates"":[]}"
16741_0,0.23237433,0.73344946,0.24219726,2024-02-26,16741,"{""type"":""MultiPoint"",""coordinates"":[]}"
16742_0,0.054876138,0.6698377,-0.0050016674,2024-02-26,16742,"{""type"":""MultiPoint"",""coordinates"":[]}"
16743_0,0.074324325,0.5265306,0.04396371,2024-02-26,16743,"{""type"":""MultiPoint"",""coordinates"":[]}"
16744_0,0.26280907,0.7548666,0.25463918,2024-02-26,16744,"{""type"":""MultiPoint"",""coordinates"":[]}"
16745_0,0.20189524,0.55180407,0.21450777,2024-02-26,16745,"{""type"":""MultiPoint"",""coordinates"":[]}"
16746_0,-0.026104936,0.63026655,-0.022932233,2024-02-26,16746,"{""type"":""MultiPoint"",""coordinates"":[]}"
16747_0,0.19005561,0.67981,0.17631404,2024-02-26,16747,"{""type"":""MultiPoint"",""coordinates"":[]}"
16748_0,0.07871247,0.6140625,0.096312016,2024-02-26,16748,"{""type"":""MultiPoint"",""coordinates"":[]}"
16749_0,0.35281453,0.8237739,0.3518176,2024-02-26,16749,"{""type"":""MultiPoint"",""coordinates"":[]}"
16750_0,-0.06883493,0.44958737,-0.08576601,2024-02-26,16750,"{""type"":""MultiPoint"",""coordinates"":[]}"
16751_0,-0.018889524,0.41850635,-0.08206687,2024-02-26,16751,"{""type"":""MultiPoint"",""coordinates"":[]}"
16752_0,0.39340028,0.8885587,0.4126146,2024-02-26,16752,"{""type"":""MultiPoint"",""coordinates"":[]}"
16753_0,0.23546726,0.7629276,0.36159754,2024-02-26,16753,"{""type"":""MultiPoint"",""coordinates"":[]}"
16754_0,0.3177665,0.81026137,0.29951355,2024-02-26,16754,"{""type"":""MultiPoint"",""coordinates"":[]}"
16755_0,0.3023399,0.7941681,0.29736435,2024-02-26,16755,"{""type"":""MultiPoint"",""coordinates"":[]}"
16756_0,0.30136174,0.8100941,0.28398058,2024-02-26,16756,"{""type"":""MultiPoint"",""coordinates"":[]}"
16760_0,0.35280752,0.8375677,0.37745863,2024-02-26,16760,"{""type"":""MultiPoint"",""coordinates"":[]}"
16761_0,0.3287369,0.816617,0.38550872,2024-02-26,16761,"{""type"":""MultiPoint"",""coordinates"":[]}"
16768_0,0.25886837,0.714044,0.23161094,2024-02-26,16768,"{""type"":""MultiPoint"",""coordinates"":[]}"
17262_0,-0.14249861,0.15074798,-0.15457235,2024-02-26,17262,"{""type"":""MultiPoint"",""coordinates"":[]}"
17263_0,-0.26863572,0.3003472,-0.28734538,2024-02-26,17263,"{""type"":""MultiPoint"",""coordinates"":[]}"
17264_0,0.2877527,0.774448,0.3051044,2024-02-26,17264,"{""type"":""MultiPoint"",""coordinates"":[]}"
17265_0,-0.018931901,0.5953757,-0.042497832,2024-02-26,17265,"{""type"":""MultiPoint"",""coordinates"":[]}"
17266_0,0.0952381,0.71502143,0.111853085,2024-02-26,17266,"{""type"":""MultiPoint"",""coordinates"":[]}"
17267_0,0.25964913,0.8130081,0.35768646,2024-02-26,17267,"{""type"":""MultiPoint"",""coordinates"":[]}"
17268_0,0.050422616,0.6014526,0.0397878,2024-02-26,17268,"{""type"":""MultiPoint"",""coordinates"":[]}"
17269_0,-0.20318533,0.35024664,-0.13086867,2024-02-26,17269,"{""type"":""MultiPoint"",""coordinates"":[]}"
17270_0,-0.10486322,0.4280543,-0.16041501,2024-02-26,17270,"{""type"":""MultiPoint"",""coordinates"":[]}"
17271_0,0.16119221,0.7797571,0.22896282,2024-02-26,17271,"{""type"":""MultiPoint"",""coordinates"":[]}"
17272_0,0.16010638,0.70335674,0.1603297,2024-02-26,17272,"{""type"":""MultiPoint"",""coordinates"":[]}"
17273_0,-0.17749071,0.32328308,-0.16798314,2024-02-26,17273,"{""type"":""MultiPoint"",""coordinates"":[]}"
17274_0,0.26101035,0.73741364,0.2133747,2024-02-26,17274,"{""type"":""MultiPoint"",""coordinates"":[]}"
17275_0,0.30850106,0.82631576,0.28796783,2024-02-26,17275,"{""type"":""MultiPoint"",""coordinates"":[]}"
17276_0,0.27280048,0.7608513,0.27030304,2024-02-26,17276,"{""type"":""MultiPoint"",""coordinates"":[]}"
17277_0,-0.072782874,0.56681037,-0.09351621,2024-02-26,17277,"{""type"":""MultiPoint"",""coordinates"":[]}"
17278_0,-0.140255,0.2669039,-0.27494907,2024-02-26,17278,"{""type"":""MultiPoint"",""coordinates"":[]}"
17279_0,-0.07247796,0.49509367,-0.13295396,2024-02-26,17279,"{""type"":""MultiPoint"",""coordinates"":[]}"
17280_0,-0.21356137,0.29166666,-0.23562953,2024-02-26,17280,"{""type"":""MultiPoint"",""coordinates"":[]}"
17281_0,0.24473493,0.7510171,0.34837094,2024-02-26,17281,"{""type"":""MultiPoint"",""coordinates"":[]}"
17282_0,0.30085415,0.82342345,0.29370406,2024-02-26,17282,"{""type"":""MultiPoint"",""coordinates"":[]}"
17283_0,-0.026529508,0.24765342,-0.046357617,2024-02-26,17283,"{""type"":""MultiPoint"",""coordinates"":[]}"
17284_0,-0.19683307,0.23058543,-0.1382556,2024-02-26,17284,"{""type"":""MultiPoint"",""coordinates"":[]}"
17285_0,0.016679497,0.60322434,-0.03399892,2024-02-26,17285,"{""type"":""MultiPoint"",""coordinates"":[]}"
17286_0,-0.0749274,0.39819145,-0.106416896,2024-02-26,17286,"{""type"":""MultiPoint"",""coordinates"":[]}"
17287_0,-0.19787645,0.4195867,-0.2220581,2024-02-26,17287,"{""type"":""MultiPoint"",""coordinates"":[]}"
17288_0,-0.21507218,0.36457357,-0.26072606,2024-02-26,17288,"{""type"":""MultiPoint"",""coordinates"":[]}"
17289_0,0.28453454,0.7705275,0.26152655,2024-02-26,17289,"{""type"":""MultiPoint"",""coordinates"":[]}"
17290_0,-0.07375061,0.6352041,-0.26638055,2024-02-26,17290,"{""type"":""MultiPoint"",""coordinates"":[]}"
17291_0,0.21670872,0.71978986,0.16869979,2024-02-26,17291,"{""type"":""MultiPoint"",""coordinates"":[]}"
17292_0,0.28679523,0.7254601,0.21261115,2024-02-26,17292,"{""type"":""MultiPoint"",""coordinates"":[]}"
17293_0,-0.24675325,0.29686242,-0.25850967,2024-02-26,17293,"{""type"":""MultiPoint"",""coordinates"":[]}"
17294_0,-0.16743472,0.22381225,-0.17419854,2024-02-26,17294,"{""type"":""MultiPoint"",""coordinates"":[]}"
17295_0,0.07371202,0.61921096,0.037077725,2024-02-26,17295,"{""type"":""MultiPoint"",""coordinates"":[]}"
17296_0,0.28519595,0.78880674,0.264651,2024-02-26,17296,"{""type"":""MultiPoint"",""coordinates"":[]}"
17297_0,-0.21576513,0.35320416,-0.2494317,2024-02-26,17297,"{""type"":""MultiPoint"",""coordinates"":[]}"
17298_0,0.1409879,0.6421663,0.1278645,2024-02-26,17298,"{""type"":""MultiPoint"",""coordinates"":[]}"
17299_0,0.14624932,0.59713376,0.118171684,2024-02-26,17299,"{""type"":""MultiPoint"",""coordinates"":[]}"
17300_0,-0.08596713,0.36076817,-0.13001534,2024-02-26,17300,"{""type"":""MultiPoint"",""coordinates"":[]}"
17301_0,0.2561493,0.65217394,0.21870825,2024-02-26,17301,"{""type"":""MultiPoint"",""coordinates"":[]}"
17302_0,0.009073543,0.5225607,-0.02494443,2024-02-26,17302,"{""type"":""MultiPoint"",""coordinates"":[]}"
17303_0,0.19057816,0.71200913,0.22825643,2024-02-26,17303,"{""type"":""MultiPoint"",""coordinates"":[]}"
17304_0,0.060507484,0.030517185,0.052493438,2024-02-26,17304,"{""type"":""MultiPoint"",""coordinates"":[]}"
17305_0,-0.18519782,0.28028503,-0.23423903,2024-02-26,17305,"{""type"":""MultiPoint"",""coordinates"":[]}"
17306_0,0.37996942,0.79888266,0.33002892,2024-02-26,17306,"{""type"":""MultiPoint"",""coordinates"":[]}"
17307_0,0.21940929,0.7032126,0.28709057,2024-02-26,17307,"{""type"":""MultiPoint"",""coordinates"":[]}"
17308_0,-0.12858368,0.40675846,-0.18771455,2024-02-26,17308,"{""type"":""MultiPoint"",""coordinates"":[]}"
17309_0,-0.17620482,0.38242894,-0.18693009,2024-02-26,17309,"{""type"":""MultiPoint"",""coordinates"":[]}"
17310_0,0.20938255,0.7652582,0.19238901,2024-02-26,17310,"{""type"":""MultiPoint"",""coordinates"":[]}"
17311_0,-0.051395006,0.0396072,0.051655628,2024-02-26,17311,"{""type"":""MultiPoint"",""coordinates"":[]}"
17312_0,0.048756327,-0.012948208,-0.04314767,2024-02-26,17312,"{""type"":""MultiPoint"",""coordinates"":[]}"
17313_0,-0.031678207,0.22032332,-0.13983396,2024-02-26,17313,"{""type"":""MultiPoint"",""coordinates"":[]}"
17314_0,0.124362245,0.65918857,0.11732562,2024-02-26,17314,"{""type"":""MultiPoint"",""coordinates"":[]}"
17315_0,-0.0030266345,0.59683794,-0.012526734,2024-02-26,17315,"{""type"":""MultiPoint"",""coordinates"":[]}"
17316_0,-0.18921232,0.37032756,-0.21949078,2024-02-26,17316,"{""type"":""MultiPoint"",""coordinates"":[]}"
17317_0,0.37373737,0.8780488,0.38613862,2024-02-26,17317,"{""type"":""MultiPoint"",""coordinates"":[]}"
17318_0,0.10566357,0.62508,0.091065295,2024-02-26,17318,"{""type"":""MultiPoint"",""coordinates"":[]}"
17319_0,0.05932722,0.7134208,0.04944376,2024-02-26,17319,"{""type"":""MultiPoint"",""coordinates"":[]}"
17320_0,-0.17188823,0.38507462,-0.19723183,2024-02-26,17320,"{""type"":""MultiPoint"",""coordinates"":[]}"
17321_0,-0.19296741,0.40561032,-0.20017256,2024-02-26,17321,"{""type"":""MultiPoint"",""coordinates"":[]}"
17322_0,0.072705604,0.61560977,0.03113325,2024-02-26,17322,"{""type"":""MultiPoint"",""coordinates"":[]}"
17323_0,0.042684563,0.57992566,-0.023830032,2024-02-26,17323,"{""type"":""MultiPoint"",""coordinates"":[]}"
17324_0,-0.035442602,0.068327166,0.029099457,2024-02-26,17324,"{""type"":""MultiPoint"",""coordinates"":[]}"
17325_0,-0.07044231,0.5665934,-0.12410912,2024-02-26,17325,"{""type"":""MultiPoint"",""coordinates"":[]}"
17326_0,-0.17569786,0.36640558,-0.15545993,2024-02-26,17326,"{""type"":""MultiPoint"",""coordinates"":[]}"
17327_0,-0.0944546,0.39118457,-0.14297836,2024-02-26,17327,"{""type"":""MultiPoint"",""coordinates"":[]}"
17328_0,-0.17706683,0.42996347,-0.22559367,2024-02-26,17328,"{""type"":""MultiPoint"",""coordinates"":[]}"
17329_0,-0.09693353,0.5156483,-0.13428389,2024-02-26,17329,"{""type"":""MultiPoint"",""coordinates"":[]}"
17330_0,-0.073868886,0.4772922,-0.14864197,2024-02-26,17330,"{""type"":""MultiPoint"",""coordinates"":[]}"
17331_0,-0.009508716,0.57388026,-0.008177262,2024-02-26,17331,"{""type"":""MultiPoint"",""coordinates"":[]}"
17332_0,-0.06929174,0.48246297,-0.04733283,2024-02-26,17332,"{""type"":""MultiPoint"",""coordinates"":[]}"
17333_0,-0.049045764,0.49116609,-0.095585085,2024-02-26,17333,"{""type"":""MultiPoint"",""coordinates"":[]}"
17334_0,-0.1916401,0.2818533,-0.18284106,2024-02-26,17334,"{""type"":""MultiPoint"",""coordinates"":[]}"
17335_0,-0.061160482,0.50125104,-0.06005222,2024-02-26,17335,"{""type"":""MultiPoint"",""coordinates"":[]}"
17336_0,0.035736293,0.6606786,0.030659648,2024-02-26,17336,"{""type"":""MultiPoint"",""coordinates"":[]}"
17337_0,-0.14888337,0.43628186,-0.18363869,2024-02-26,17337,"{""type"":""MultiPoint"",""coordinates"":[]}"
17338_0,-0.060240965,0.46989447,-0.24102564,2024-02-26,17338,"{""type"":""MultiPoint"",""coordinates"":[]}"
17339_0,0.039915223,0.6524741,0.027549194,2024-02-26,17339,"{""type"":""MultiPoint"",""coordinates"":[]}"
17340_0,-0.10748878,0.45256087,-0.15071183,2024-02-26,17340,"{""type"":""MultiPoint"",""coordinates"":[]}"
17341_0,-0.02741604,0.6808943,0.04915953,2024-02-26,17341,"{""type"":""MultiPoint"",""coordinates"":[]}"
17342_0,-0.18994904,0.28964612,-0.2648487,2024-02-26,17342,"{""type"":""MultiPoint"",""coordinates"":[]}"
17343_0,-0.14608659,0.37866354,-0.20736913,2024-02-26,17343,"{""type"":""MultiPoint"",""coordinates"":[]}"
17344_0,-0.11529851,0.26954493,-0.15740561,2024-02-26,17344,"{""type"":""MultiPoint"",""coordinates"":[]}"
17345_0,-0.04396954,0.5381914,-0.09620841,2024-02-26,17345,"{""type"":""MultiPoint"",""coordinates"":[]}"
17346_0,0.26884702,0.7496183,0.26945445,2024-02-26,17346,"{""type"":""MultiPoint"",""coordinates"":[]}"
17347_0,0.04198725,0.67727774,0.025273988,2024-02-26,17347,"{""type"":""MultiPoint"",""coordinates"":[]}"
17348_0,0.30704635,0.86593205,0.03409669,2024-02-26,17348,"{""type"":""MultiPoint"",""coordinates"":[]}"
17349_0,-0.17463933,0.31478044,-0.18544061,2024-02-26,17349,"{""type"":""MultiPoint"",""coordinates"":[]}"
17350_0,-0.027341772,0.5441176,-0.035468232,2024-02-26,17350,"{""type"":""MultiPoint"",""coordinates"":[]}"
17351_0,-0.11986301,0.42857143,-0.2370744,2024-02-26,17351,"{""type"":""MultiPoint"",""coordinates"":[]}"
17352_0,-0.1539646,0.44233575,-0.20546843,2024-02-26,17352,"{""type"":""MultiPoint"",""coordinates"":[]}"
17353_0,-0.21666667,0.45309383,-0.3490313,2024-02-26,17353,"{""type"":""MultiPoint"",""coordinates"":[]}"
17354_0,-0.17635706,0.3681462,-0.2159601,2024-02-26,17354,"{""type"":""MultiPoint"",""coordinates"":[]}"
17355_0,-0.020245602,0.5462555,-0.045222715,2024-02-26,17355,"{""type"":""MultiPoint"",""coordinates"":[]}"
17356_0,0.03796729,0.6275565,-0.042735044,2024-02-26,17356,"{""type"":""MultiPoint"",""coordinates"":[]}"
17357_0,-0.05470045,0.5480226,-0.15060708,2024-02-26,17357,"{""type"":""MultiPoint"",""coordinates"":[]}"
17358_0,0.1605667,0.74128443,0.14337349,2024-02-26,17358,"{""type"":""MultiPoint"",""coordinates"":[]}"
17359_0,0.15237135,0.6045594,0.18446602,2024-02-26,17359,"{""type"":""MultiPoint"",""coordinates"":[]}"
17360_0,-0.031618435,0.5114638,-0.057982963,2024-02-26,17360,"{""type"":""MultiPoint"",""coordinates"":[]}"
17361_0,0.30453682,0.8237784,0.29863015,2024-02-26,17361,"{""type"":""MultiPoint"",""coordinates"":[]}"
17362_0,0.23826395,0.7076677,0.24737456,2024-02-26,17362,"{""type"":""MultiPoint"",""coordinates"":[]}"
17363_0,0.2648759,0.7371879,0.100291304,2024-02-26,17363,"{""type"":""MultiPoint"",""coordinates"":[]}"
17364_0,-0.17297895,0.32476372,-0.20363636,2024-02-26,17364,"{""type"":""MultiPoint"",""coordinates"":[]}"
17365_0,0.18465656,0.72390574,0.19801112,2024-02-26,17365,"{""type"":""MultiPoint"",""coordinates"":[]}"
17366_0,-0.110085696,0.38444924,-0.13553607,2024-02-26,17366,"{""type"":""MultiPoint"",""coordinates"":[]}"
17367_0,0.015376859,0.53795916,-0.0179828,2024-02-26,17367,"{""type"":""MultiPoint"",""coordinates"":[]}"
17368_0,0.19945665,0.77935946,0.17150891,2024-02-26,17368,"{""type"":""MultiPoint"",""coordinates"":[]}"
17369_0,0.2018581,0.8123186,0.19574468,2024-02-26,17369,"{""type"":""MultiPoint"",""coordinates"":[]}"
17370_0,0.24146442,0.80996406,0.31296572,2024-02-26,17370,"{""type"":""MultiPoint"",""coordinates"":[]}"
17371_0,0.17994629,0.8023256,0.22460496,2024-02-26,17371,"{""type"":""MultiPoint"",""coordinates"":[]}"
17372_0,0.039421156,0.5727412,0.032420207,2024-02-26,17372,"{""type"":""MultiPoint"",""coordinates"":[]}"
17373_0,0.30137685,0.85482734,0.31534234,2024-02-26,17373,"{""type"":""MultiPoint"",""coordinates"":[]}"
17374_0,0.0048364154,0.5733099,0.012143462,2024-02-26,17374,"{""type"":""MultiPoint"",""coordinates"":[]}"
17375_0,-0.03484248,0.53246754,0.02285264,2024-02-26,17375,"{""type"":""MultiPoint"",""coordinates"":[]}"
17376_0,0.29646134,0.8515855,0.35697174,2024-02-26,17376,"{""type"":""MultiPoint"",""coordinates"":[]}"
17377_0,0.1179941,0.6985799,0.107196175,2024-02-26,17377,"{""type"":""MultiPoint"",""coordinates"":[]}"
17378_0,0.38518023,0.71269697,0.3347779,2024-02-26,17378,"{""type"":""MultiPoint"",""coordinates"":[]}"
17379_0,0.2593742,0.7713098,0.28184554,2024-02-26,17379,"{""type"":""MultiPoint"",""coordinates"":[]}"
17380_0,0.18581803,0.79623824,0.09194855,2024-02-26,17380,"{""type"":""MultiPoint"",""coordinates"":[]}"
17381_0,0.27200732,0.8035458,0.22326942,2024-02-26,17381,"{""type"":""MultiPoint"",""coordinates"":[]}"
17382_0,0.3312382,0.7328647,0.29907772,2024-02-26,17382,"{""type"":""MultiPoint"",""coordinates"":[]}"
17383_0,0.29210448,0.7953568,0.27823693,2024-02-26,17383,"{""type"":""MultiPoint"",""coordinates"":[]}"
17384_0,0.34063333,0.85554266,0.36632538,2024-02-26,17384,"{""type"":""MultiPoint"",""coordinates"":[]}"
17385_0,0.12651378,0.61451614,0.083040304,2024-02-26,17385,"{""type"":""MultiPoint"",""coordinates"":[]}"
17386_0,0.2218811,0.71271586,0.22035794,2024-02-26,17386,"{""type"":""MultiPoint"",""coordinates"":[]}"
17387_0,0.20928156,0.86609685,0.19307832,2024-02-26,17387,"{""type"":""MultiPoint"",""coordinates"":[]}"
17388_0,0.06723443,0.52856696,0.08103334,2024-02-26,17388,"{""type"":""MultiPoint"",""coordinates"":[]}"
17389_0,0.35542464,0.84488237,0.37698695,2024-02-26,17389,"{""type"":""MultiPoint"",""coordinates"":[]}"
17390_0,0.22759247,0.74454004,0.2153066,2024-02-26,17390,"{""type"":""MultiPoint"",""coordinates"":[]}"
17391_0,0.05168986,0.74161077,0.042168673,2024-02-26,17391,"{""type"":""MultiPoint"",""coordinates"":[]}"
17392_0,-0.14875595,0.4388489,-0.21568628,2024-02-26,17392,"{""type"":""MultiPoint"",""coordinates"":[]}"
17393_0,-0.14436619,0.45626977,-0.17046818,2024-02-26,17393,"{""type"":""MultiPoint"",""coordinates"":[]}"
17394_0,0.25589418,0.7699707,0.24105571,2024-02-26,17394,"{""type"":""MultiPoint"",""coordinates"":[]}"
17395_0,0.14871795,0.63629544,0.13586673,2024-02-26,17395,"{""type"":""MultiPoint"",""coordinates"":[]}"
17396_0,0.38116592,0.8483548,0.36719576,2024-02-26,17396,"{""type"":""MultiPoint"",""coordinates"":[]}"
17397_0,0.23340887,0.7641509,0.22462344,2024-02-26,17397,"{""type"":""MultiPoint"",""coordinates"":[]}"
17398_0,-0.12622386,0.45806453,-0.14716981,2024-02-26,17398,"{""type"":""MultiPoint"",""coordinates"":[]}"
17399_0,0.15141541,0.65165985,0.16972625,2024-02-26,17399,"{""type"":""MultiPoint"",""coordinates"":[]}"
17400_0,0.365144,0.8004435,0.38134393,2024-02-26,17400,"{""type"":""MultiPoint"",""coordinates"":[]}"
17401_0,0.28342575,0.7237371,0.24749272,2024-02-26,17401,"{""type"":""MultiPoint"",""coordinates"":[]}"
17402_0,0.19336219,0.6458056,0.19161244,2024-02-26,17402,"{""type"":""MultiPoint"",""coordinates"":[]}"
17403_0,0.31516588,0.7955233,0.26244152,2024-02-26,17403,"{""type"":""MultiPoint"",""coordinates"":[]}"
17404_0,0.17814872,0.76363635,0.17789921,2024-02-26,17404,"{""type"":""MultiPoint"",""coordinates"":[]}"
17405_0,0.30299088,0.824353,0.3345748,2024-02-26,17405,"{""type"":""MultiPoint"",""coordinates"":[]}"
17406_0,0.3504485,0.8309242,0.3312102,2024-02-26,17406,"{""type"":""MultiPoint"",""coordinates"":[]}"
17407_0,0.33059266,0.77797204,0.35104617,2024-02-26,17407,"{""type"":""MultiPoint"",""coordinates"":[]}"
17408_0,0.3450156,0.80097085,0.27655914,2024-02-26,17408,"{""type"":""MultiPoint"",""coordinates"":[]}"
17409_0,0.3148148,0.80308217,0.3097015,2024-02-26,17409,"{""type"":""MultiPoint"",""coordinates"":[]}"
17606_0,-0.24681933,0.32182917,-0.27513602,2024-02-26,17606,"{""type"":""MultiPoint"",""coordinates"":[]}"
17607_0,-0.21314102,0.37323177,-0.28559297,2024-02-26,17607,"{""type"":""MultiPoint"",""coordinates"":[]}"
17608_0,-0.28414634,0.35819936,-0.33206832,2024-02-26,17608,"{""type"":""MultiPoint"",""coordinates"":[]}"
17609_0,0.023751574,0.016363075,0.061935484,2024-02-26,17609,"{""type"":""MultiPoint"",""coordinates"":[]}"
17610_0,0.21257485,0.74448436,0.23546511,2024-02-26,17610,"{""type"":""MultiPoint"",""coordinates"":[]}"
17611_0,-0.21003915,0.2776045,-0.24802643,2024-02-26,17611,"{""type"":""MultiPoint"",""coordinates"":[]}"
17612_0,0.18032037,0.46751863,0.21222784,2024-02-26,17612,"{""type"":""MultiPoint"",""coordinates"":[]}"
17613_0,-0.12009042,0.4286875,-0.05989305,2024-02-26,17613,"{""type"":""MultiPoint"",""coordinates"":[]}"
17614_0,-0.24877049,0.2790901,-0.3515192,2024-02-26,17614,"{""type"":""MultiPoint"",""coordinates"":[]}"
17615_0,-0.03423205,0.60328317,0.0147186145,2024-02-26,17615,"{""type"":""MultiPoint"",""coordinates"":[]}"
17616_0,-0.10411311,0.31455398,-0.10198846,2024-02-26,17616,"{""type"":""MultiPoint"",""coordinates"":[]}"
17617_0,-0.12624255,0.30033004,-0.17959397,2024-02-26,17617,"{""type"":""MultiPoint"",""coordinates"":[]}"
17618_0,-0.16385911,0.35917312,-0.18195957,2024-02-26,17618,"{""type"":""MultiPoint"",""coordinates"":[]}"
17619_0,-0.04642409,0.5055679,-0.10463576,2024-02-26,17619,"{""type"":""MultiPoint"",""coordinates"":[]}"
17620_0,-0.083368964,0.48060173,-0.15077202,2024-02-26,17620,"{""type"":""MultiPoint"",""coordinates"":[]}"
17621_0,-0.033743665,0.07673267,-0.012625905,2024-02-26,17621,"{""type"":""MultiPoint"",""coordinates"":[]}"
17622_0,-0.05532359,0.4857143,-0.10491803,2024-02-26,17622,"{""type"":""MultiPoint"",""coordinates"":[]}"
17623_0,-0.113698095,0.21424657,-0.12858827,2024-02-26,17623,"{""type"":""MultiPoint"",""coordinates"":[]}"
17624_0,-0.18013752,0.22205955,-0.21332076,2024-02-26,17624,"{""type"":""MultiPoint"",""coordinates"":[]}"
17625_0,-0.11172797,0.17408018,-0.05835719,2024-02-26,17625,"{""type"":""MultiPoint"",""coordinates"":[]}"
17626_0,-0.13194881,0.4097633,-0.17202432,2024-02-26,17626,"{""type"":""MultiPoint"",""coordinates"":[]}"
17627_0,-0.066985644,0.61139894,-0.11301248,2024-02-26,17627,"{""type"":""MultiPoint"",""coordinates"":[]}"
17628_0,-0.03064861,0.051372897,-0.03190947,2024-02-26,17628,"{""type"":""MultiPoint"",""coordinates"":[]}"
17629_0,0.04840849,0.6087637,0.035942223,2024-02-26,17629,"{""type"":""MultiPoint"",""coordinates"":[]}"
17630_0,-0.07437071,0.0999207,-0.0076909317,2024-02-26,17630,"{""type"":""MultiPoint"",""coordinates"":[]}"
17631_0,0.09451946,0.68686867,0.07915994,2024-02-26,17631,"{""type"":""MultiPoint"",""coordinates"":[]}"
17632_0,-0.19740838,0.29863483,-0.32038403,2024-02-26,17632,"{""type"":""MultiPoint"",""coordinates"":[]}"
17633_0,-0.17920792,0.3583868,-0.23291926,2024-02-26,17633,"{""type"":""MultiPoint"",""coordinates"":[]}"
17634_0,-0.042289346,0.61283183,-0.058443654,2024-02-26,17634,"{""type"":""MultiPoint"",""coordinates"":[]}"
17635_0,0.037037037,0.58312654,0.018085107,2024-02-26,17635,"{""type"":""MultiPoint"",""coordinates"":[]}"
17636_0,0.04815362,0.6229665,0.025703054,2024-02-26,17636,"{""type"":""MultiPoint"",""coordinates"":[]}"
17637_0,-0.30537975,0.5555556,-0.37157106,2024-02-26,17637,"{""type"":""MultiPoint"",""coordinates"":[]}"
17638_0,-0.15440415,0.36105612,-0.14916444,2024-02-26,17638,"{""type"":""MultiPoint"",""coordinates"":[]}"
17639_0,-0.11022887,0.46232876,-0.16376989,2024-02-26,17639,"{""type"":""MultiPoint"",""coordinates"":[]}"
17640_0,-0.12525253,0.44596913,-0.13847727,2024-02-26,17640,"{""type"":""MultiPoint"",""coordinates"":[]}"
17641_0,-0.040038824,0.52184665,-0.07445475,2024-02-26,17641,"{""type"":""MultiPoint"",""coordinates"":[]}"
17642_0,-0.04358209,0.54193234,-0.053012047,2024-02-26,17642,"{""type"":""MultiPoint"",""coordinates"":[]}"
17643_0,-0.07026744,0.47032773,-0.10294515,2024-02-26,17643,"{""type"":""MultiPoint"",""coordinates"":[]}"
17644_0,0.09970458,0.76623374,0.12396694,2024-02-26,17644,"{""type"":""MultiPoint"",""coordinates"":[]}"
17645_0,-0.00990099,0.56606853,-0.030303031,2024-02-26,17645,"{""type"":""MultiPoint"",""coordinates"":[]}"
17646_0,0.113103844,0.63861823,0.093703814,2024-02-26,17646,"{""type"":""MultiPoint"",""coordinates"":[]}"
17647_0,-0.101305485,0.4479638,-0.13723375,2024-02-26,17647,"{""type"":""MultiPoint"",""coordinates"":[]}"
17648_0,-0.15310514,0.34039548,-0.19422628,2024-02-26,17648,"{""type"":""MultiPoint"",""coordinates"":[]}"
17649_0,-0.12102957,0.42857143,-0.21954125,2024-02-26,17649,"{""type"":""MultiPoint"",""coordinates"":[]}"
17650_0,-0.2246895,0.45042017,-0.3068273,2024-02-26,17650,"{""type"":""MultiPoint"",""coordinates"":[]}"
17651_0,-0.1127126,0.42322096,-0.11884058,2024-02-26,17651,"{""type"":""MultiPoint"",""coordinates"":[]}"
17652_0,-0.16834804,0.40338588,-0.2130933,2024-02-26,17652,"{""type"":""MultiPoint"",""coordinates"":[]}"
17653_0,-0.07118946,0.44216692,-0.09839817,2024-02-26,17653,"{""type"":""MultiPoint"",""coordinates"":[]}"
17654_0,0.31950673,0.9915612,0.32064915,2024-02-26,17654,"{""type"":""MultiPoint"",""coordinates"":[]}"
17655_0,0.22862713,0.7498734,0.110183105,2024-02-26,17655,"{""type"":""MultiPoint"",""coordinates"":[]}"
17656_0,0.08741648,0.6916705,0.057233248,2024-02-26,17656,"{""type"":""MultiPoint"",""coordinates"":[]}"
17657_0,0.20751494,0.59270996,0.18165785,2024-02-26,17657,"{""type"":""MultiPoint"",""coordinates"":[]}"
17658_0,0.24909747,0.7766847,0.22440678,2024-02-26,17658,"{""type"":""MultiPoint"",""coordinates"":[]}"
17659_0,-0.051483948,0.5209713,-0.11496468,2024-02-26,17659,"{""type"":""MultiPoint"",""coordinates"":[]}"
17660_0,0.023583626,0.53647643,-0.07554494,2024-02-26,17660,"{""type"":""MultiPoint"",""coordinates"":[]}"
17661_0,-0.07866351,0.44176543,-0.07498689,2024-02-26,17661,"{""type"":""MultiPoint"",""coordinates"":[]}"
17662_0,0.08939443,0.6739908,0.070938215,2024-02-26,17662,"{""type"":""MultiPoint"",""coordinates"":[]}"
17663_0,-0.093591295,0.5929054,-0.09042682,2024-02-26,17663,"{""type"":""MultiPoint"",""coordinates"":[]}"
17664_0,-0.16996245,0.30311614,-0.18419053,2024-02-26,17664,"{""type"":""MultiPoint"",""coordinates"":[]}"
17665_0,-0.13082191,0.49521708,-0.23809524,2024-02-26,17665,"{""type"":""MultiPoint"",""coordinates"":[]}"
17666_0,-0.101519756,0.45679012,-0.12267658,2024-02-26,17666,"{""type"":""MultiPoint"",""coordinates"":[]}"
17667_0,-0.08706678,0.4649948,-0.15821075,2024-02-26,17667,"{""type"":""MultiPoint"",""coordinates"":[]}"
17668_0,-0.19800748,0.30753282,-0.20803684,2024-02-26,17668,"{""type"":""MultiPoint"",""coordinates"":[]}"
17669_0,0.010132158,0.44625407,-0.006044325,2024-02-26,17669,"{""type"":""MultiPoint"",""coordinates"":[]}"
17670_0,-0.14188659,0.38218,-0.17694587,2024-02-26,17670,"{""type"":""MultiPoint"",""coordinates"":[]}"
17671_0,0.38948068,0.88008755,0.40163133,2024-02-26,17671,"{""type"":""MultiPoint"",""coordinates"":[]}"
17672_0,-0.030038511,0.36173508,-0.065887354,2024-02-26,17672,"{""type"":""MultiPoint"",""coordinates"":[]}"
17673_0,0.20089619,0.7259843,0.21149595,2024-02-26,17673,"{""type"":""MultiPoint"",""coordinates"":[]}"
18213_0,-0.13222441,0.4688172,-0.1902786,2024-02-26,18213,"{""type"":""MultiPoint"",""coordinates"":[]}"
18214_0,0.13379835,0.7757202,0.11642949,2024-02-26,18214,"{""type"":""MultiPoint"",""coordinates"":[]}"
18215_0,0.25179857,0.80254775,0.25221238,2024-02-26,18215,"{""type"":""MultiPoint"",""coordinates"":[]}"
18216_0,0.15445027,0.6399191,0.11304348,2024-02-26,18216,"{""type"":""MultiPoint"",""coordinates"":[]}"
18217_0,-0.04050305,0.4673193,-0.049431078,2024-02-26,18217,"{""type"":""MultiPoint"",""coordinates"":[]}"
18218_0,-0.17009804,0.37845057,-0.21321474,2024-02-26,18218,"{""type"":""MultiPoint"",""coordinates"":[]}"
18219_0,0.2577766,0.73129654,0.23394752,2024-02-26,18219,"{""type"":""MultiPoint"",""coordinates"":[]}"
18220_0,-0.10611111,0.49851924,-0.13479623,2024-02-26,18220,"{""type"":""MultiPoint"",""coordinates"":[]}"
18221_0,0.118591405,0.5876516,0.060187742,2024-02-26,18221,"{""type"":""MultiPoint"",""coordinates"":[]}"
18222_0,0.24269377,0.8513274,0.27405602,2024-02-26,18222,"{""type"":""MultiPoint"",""coordinates"":[]}"
18223_0,-0.09015639,0.21318682,-0.035386633,2024-02-26,18223,"{""type"":""MultiPoint"",""coordinates"":[]}"
18224_0,0.19586776,0.74438417,0.072891854,2024-02-26,18224,"{""type"":""MultiPoint"",""coordinates"":[]}"
18225_0,-0.19454606,0.32247114,-0.2967509,2024-02-26,18225,"{""type"":""MultiPoint"",""coordinates"":[]}"
18226_0,0.2595097,0.65176153,0.29957357,2024-02-26,18226,"{""type"":""MultiPoint"",""coordinates"":[]}"
18227_0,0.0077741407,0.5196998,0.0010298662,2024-02-26,18227,"{""type"":""MultiPoint"",""coordinates"":[]}"
18228_0,0.09814764,0.7074864,0.027139874,2024-02-26,18228,"{""type"":""MultiPoint"",""coordinates"":[]}"
18229_0,-0.24044842,0.41105768,-0.3956242,2024-02-26,18229,"{""type"":""MultiPoint"",""coordinates"":[]}"
18230_0,0.24072911,0.81395346,0.1952032,2024-02-26,18230,"{""type"":""MultiPoint"",""coordinates"":[]}"
18231_0,0.1511342,0.77910894,0.20946805,2024-02-26,18231,"{""type"":""MultiPoint"",""coordinates"":[]}"
18232_0,0.14176098,0.6516916,0.14209013,2024-02-26,18232,"{""type"":""MultiPoint"",""coordinates"":[]}"
18233_0,-0.10949548,0.38721013,-0.12110419,2024-02-26,18233,"{""type"":""MultiPoint"",""coordinates"":[]}"
18234_0,0.11257035,0.5396985,0.12875299,2024-02-26,18234,"{""type"":""MultiPoint"",""coordinates"":[]}"
18235_0,0.0608931,0.740374,0.065319866,2024-02-26,18235,"{""type"":""MultiPoint"",""coordinates"":[]}"
18236_0,-0.119080976,0.21485859,-0.16239814,2024-02-26,18236,"{""type"":""MultiPoint"",""coordinates"":[]}"
18237_0,0.15229198,0.6217584,0.13576965,2024-02-26,18237,"{""type"":""MultiPoint"",""coordinates"":[]}"
18238_0,0.115350224,0.7502538,0.07481297,2024-02-26,18238,"{""type"":""MultiPoint"",""coordinates"":[]}"
18239_0,0.11981567,0.5351882,0.16775599,2024-02-26,18239,"{""type"":""MultiPoint"",""coordinates"":[]}"
18240_0,0.22922078,0.827239,0.1844727,2024-02-26,18240,"{""type"":""MultiPoint"",""coordinates"":[]}"
18241_0,0.22528481,0.7063655,0.22385861,2024-02-26,18241,"{""type"":""MultiPoint"",""coordinates"":[]}"
18242_0,-0.179255,0.33049646,-0.20860578,2024-02-26,18242,"{""type"":""MultiPoint"",""coordinates"":[]}"
18243_0,0.23315477,0.74422735,0.18170878,2024-02-26,18243,"{""type"":""MultiPoint"",""coordinates"":[]}"
18244_0,0.027153557,0.44120982,-0.04317269,2024-02-26,18244,"{""type"":""MultiPoint"",""coordinates"":[]}"
18245_0,0.3033465,0.7992868,0.29188004,2024-02-26,18245,"{""type"":""MultiPoint"",""coordinates"":[]}"
18246_0,0.2513704,0.76256686,0.265745,2024-02-26,18246,"{""type"":""MultiPoint"",""coordinates"":[]}"
18247_0,0.022853613,0.5523511,0.021241494,2024-02-26,18247,"{""type"":""MultiPoint"",""coordinates"":[]}"
18248_0,0.058589872,0.65252525,0.06998038,2024-02-26,18248,"{""type"":""MultiPoint"",""coordinates"":[]}"
18249_0,0.24385247,0.80851066,0.29647282,2024-02-26,18249,"{""type"":""MultiPoint"",""coordinates"":[]}"
18250_0,0.37504575,0.7903158,0.42684564,2024-02-26,18250,"{""type"":""MultiPoint"",""coordinates"":[]}"
18251_0,0.049801175,0.6329268,0.032581452,2024-02-26,18251,"{""type"":""MultiPoint"",""coordinates"":[]}"
18252_0,-0.02869402,0.54330707,-0.041825093,2024-02-26,18252,"{""type"":""MultiPoint"",""coordinates"":[]}"
18253_0,-0.2160414,0.2961165,-0.275441,2024-02-26,18253,"{""type"":""MultiPoint"",""coordinates"":[]}"
18254_0,0.2532739,0.7538712,0.2325315,2024-02-26,18254,"{""type"":""MultiPoint"",""coordinates"":[]}"
18255_0,0.1942618,0.7196819,0.12410656,2024-02-26,18255,"{""type"":""MultiPoint"",""coordinates"":[]}"
18256_0,0.334374,0.8245283,0.28933334,2024-02-26,18256,"{""type"":""MultiPoint"",""coordinates"":[]}"
18257_0,0.05603985,0.64341086,0.023824856,2024-02-26,18257,"{""type"":""MultiPoint"",""coordinates"":[]}"
18258_0,0.04307334,0.5774411,-0.046067704,2024-02-26,18258,"{""type"":""MultiPoint"",""coordinates"":[]}"
18259_0,0.32565284,0.7706371,0.2907916,2024-02-26,18259,"{""type"":""MultiPoint"",""coordinates"":[]}"
18260_0,-0.012599341,0.45432547,-0.041467305,2024-02-26,18260,"{""type"":""MultiPoint"",""coordinates"":[]}"
18261_0,0.21823682,0.69197667,0.20675291,2024-02-26,18261,"{""type"":""MultiPoint"",""coordinates"":[]}"
18262_0,-0.13043478,0.334873,-0.2364597,2024-02-26,18262,"{""type"":""MultiPoint"",""coordinates"":[]}"
18263_0,0.27388534,0.7379467,0.2836196,2024-02-26,18263,"{""type"":""MultiPoint"",""coordinates"":[]}"
18264_0,-0.0043646945,0.6078148,0.03517354,2024-02-26,18264,"{""type"":""MultiPoint"",""coordinates"":[]}"
18265_0,-0.16690442,0.43130228,-0.15455186,2024-02-26,18265,"{""type"":""MultiPoint"",""coordinates"":[]}"
18266_0,0.31582934,0.78909093,0.33267668,2024-02-26,18266,"{""type"":""MultiPoint"",""coordinates"":[]}"
18267_0,0.3953852,0.7907869,0.41417202,2024-02-26,18267,"{""type"":""MultiPoint"",""coordinates"":[]}"
18268_0,0.18031496,0.6270368,0.12850565,2024-02-26,18268,"{""type"":""MultiPoint"",""coordinates"":[]}"
18269_0,0.22150789,0.7926124,0.20382546,2024-02-26,18269,"{""type"":""MultiPoint"",""coordinates"":[]}"
18270_0,-0.19126192,0.40455177,-0.2579141,2024-02-26,18270,"{""type"":""MultiPoint"",""coordinates"":[]}"
18271_0,-0.01258911,0.112378396,-0.003306282,2024-02-26,18271,"{""type"":""MultiPoint"",""coordinates"":[]}"
18272_0,-0.16527037,0.21206664,-0.173853,2024-02-26,18272,"{""type"":""MultiPoint"",""coordinates"":[]}"
18273_0,0.36390913,0.7837209,0.34797892,2024-02-26,18273,"{""type"":""MultiPoint"",""coordinates"":[]}"
18274_0,-0.13247412,0.22875,-0.1536806,2024-02-26,18274,"{""type"":""MultiPoint"",""coordinates"":[]}"
18275_0,-0.17202798,0.374677,-0.22335766,2024-02-26,18275,"{""type"":""MultiPoint"",""coordinates"":[]}"
18276_0,0.2670063,0.80304384,0.24436206,2024-02-26,18276,"{""type"":""MultiPoint"",""coordinates"":[]}"
18277_0,0.346875,0.86929715,0.37029225,2024-02-26,18277,"{""type"":""MultiPoint"",""coordinates"":[]}"
18278_0,-0.21897547,0.3212121,-0.16981132,2024-02-26,18278,"{""type"":""MultiPoint"",""coordinates"":[]}"
18279_0,0.36188295,0.8711579,0.38961852,2024-02-26,18279,"{""type"":""MultiPoint"",""coordinates"":[]}"
18280_0,-0.072041616,0.097931035,-0.44277215,2024-02-26,18280,"{""type"":""MultiPoint"",""coordinates"":[]}"
18281_0,0.055071134,0.646875,0.0117590595,2024-02-26,18281,"{""type"":""MultiPoint"",""coordinates"":[]}"
18282_0,-0.18875667,0.32553035,-0.23040986,2024-02-26,18282,"{""type"":""MultiPoint"",""coordinates"":[]}"
18283_0,-0.04310894,0.41236132,-0.048676345,2024-02-26,18283,"{""type"":""MultiPoint"",""coordinates"":[]}"
18284_0,0.2851927,0.7241379,0.24410124,2024-02-26,18284,"{""type"":""MultiPoint"",""coordinates"":[]}"
18285_0,-0.15108925,0.42021278,-0.21064301,2024-02-26,18285,"{""type"":""MultiPoint"",""coordinates"":[]}"
18286_0,-0.0682861,0.54177344,-0.1363767,2024-02-26,18286,"{""type"":""MultiPoint"",""coordinates"":[]}"
18287_0,0.15693113,0.7203306,0.14726631,2024-02-26,18287,"{""type"":""MultiPoint"",""coordinates"":[]}"
18288_0,-0.15738636,0.17859952,-0.15247525,2024-02-26,18288,"{""type"":""MultiPoint"",""coordinates"":[]}"
18289_0,0.121183656,0.41222224,0.15205076,2024-02-26,18289,"{""type"":""MultiPoint"",""coordinates"":[]}"
18290_0,-0.11653474,0.44233575,-0.12469546,2024-02-26,18290,"{""type"":""MultiPoint"",""coordinates"":[]}"
18291_0,0.015668202,0.60457855,-0.01908397,2024-02-26,18291,"{""type"":""MultiPoint"",""coordinates"":[]}"
18292_0,-0.22687225,0.27891156,-0.39006737,2024-02-26,18292,"{""type"":""MultiPoint"",""coordinates"":[]}"
18293_0,-0.114494875,0.47432637,-0.1351029,2024-02-26,18293,"{""type"":""MultiPoint"",""coordinates"":[]}"
18294_0,-0.09789823,0.45210385,-0.10063765,2024-02-26,18294,"{""type"":""MultiPoint"",""coordinates"":[]}"
18295_0,0.019147085,0.62575454,0.036340315,2024-02-26,18295,"{""type"":""MultiPoint"",""coordinates"":[]}"
18296_0,-0.09739737,0.5,-0.07546674,2024-02-26,18296,"{""type"":""MultiPoint"",""coordinates"":[]}"
18297_0,0.080832824,0.72353214,0.10787518,2024-02-26,18297,"{""type"":""MultiPoint"",""coordinates"":[]}"
18298_0,-0.1233726,0.1967033,-0.24922441,2024-02-26,18298,"{""type"":""MultiPoint"",""coordinates"":[]}"
18299_0,-0.16469038,0.38128078,-0.30833745,2024-02-26,18299,"{""type"":""MultiPoint"",""coordinates"":[]}"
18300_0,0.047487956,0.61088115,-0.008011653,2024-02-26,18300,"{""type"":""MultiPoint"",""coordinates"":[]}"
18301_0,-0.095656544,0.5085537,-0.058709364,2024-02-26,18301,"{""type"":""MultiPoint"",""coordinates"":[]}"
18302_0,-0.13771558,0.39566928,-0.23226854,2024-02-26,18302,"{""type"":""MultiPoint"",""coordinates"":[]}"
18303_0,0.08101017,0.64620185,0.06067717,2024-02-26,18303,"{""type"":""MultiPoint"",""coordinates"":[]}"
18304_0,-0.044475526,0.5343549,-0.0921322,2024-02-26,18304,"{""type"":""MultiPoint"",""coordinates"":[]}"
18305_0,0.06939891,0.46569815,0.032111395,2024-02-26,18305,"{""type"":""MultiPoint"",""coordinates"":[]}"
18306_0,-0.13189805,0.43970987,-0.1803871,2024-02-26,18306,"{""type"":""MultiPoint"",""coordinates"":[]}"
18307_0,-0.22061567,0.32117367,-0.22204062,2024-02-26,18307,"{""type"":""MultiPoint"",""coordinates"":[]}"
18308_0,-0.18196532,0.38324118,-0.22238164,2024-02-26,18308,"{""type"":""MultiPoint"",""coordinates"":[]}"
18309_0,-0.15594937,0.37436932,-0.2526749,2024-02-26,18309,"{""type"":""MultiPoint"",""coordinates"":[]}"
18310_0,-0.13878831,0.4220339,-0.16868962,2024-02-26,18310,"{""type"":""MultiPoint"",""coordinates"":[]}"
18311_0,0.36980167,0.8695652,0.35388651,2024-02-26,18311,"{""type"":""MultiPoint"",""coordinates"":[]}"
18312_0,-0.19502567,0.29843643,-0.22625075,2024-02-26,18312,"{""type"":""MultiPoint"",""coordinates"":[]}"
18313_0,-0.122328095,0.36956522,-0.10524981,2024-02-26,18313,"{""type"":""MultiPoint"",""coordinates"":[]}"
18314_0,0.15330021,0.7105263,0.090354554,2024-02-26,18314,"{""type"":""MultiPoint"",""coordinates"":[]}"
18315_0,0.15619296,0.7389222,0.14752372,2024-02-26,18315,"{""type"":""MultiPoint"",""coordinates"":[]}"
18316_0,0.09899383,0.55465585,0.050615594,2024-02-26,18316,"{""type"":""MultiPoint"",""coordinates"":[]}"
18317_0,0.17714003,0.69052225,0.22380397,2024-02-26,18317,"{""type"":""MultiPoint"",""coordinates"":[]}"
18318_0,0.18669528,0.7198381,0.16703297,2024-02-26,18318,"{""type"":""MultiPoint"",""coordinates"":[]}"
18319_0,0.085952535,0.69578624,0.07317073,2024-02-26,18319,"{""type"":""MultiPoint"",""coordinates"":[]}"
18320_0,0.40076825,0.8358929,0.38177013,2024-02-26,18320,"{""type"":""MultiPoint"",""coordinates"":[]}"
18321_0,0.09207709,0.6777538,0.06761957,2024-02-26,18321,"{""type"":""MultiPoint"",""coordinates"":[]}"
18322_0,0.14898835,0.6618543,0.10873288,2024-02-26,18322,"{""type"":""MultiPoint"",""coordinates"":[]}"
18323_0,0.11234705,0.46920493,0.104377106,2024-02-26,18323,"{""type"":""MultiPoint"",""coordinates"":[]}"
18324_0,-0.079550564,0.38628158,-0.11152244,2024-02-26,18324,"{""type"":""MultiPoint"",""coordinates"":[]}"
18325_0,0.2103881,0.8244989,0.20435166,2024-02-26,18325,"{""type"":""MultiPoint"",""coordinates"":[]}"
18326_0,0.37862983,0.8216971,0.3955019,2024-02-26,18326,"{""type"":""MultiPoint"",""coordinates"":[]}"
18327_0,0.28988943,0.8060725,0.3445133,2024-02-26,18327,"{""type"":""MultiPoint"",""coordinates"":[]}"
18328_0,0.36367363,0.87572813,0.3024719,2024-02-26,18328,"{""type"":""MultiPoint"",""coordinates"":[]}"
18329_0,0.10216038,0.76649743,0.06340718,2024-02-26,18329,"{""type"":""MultiPoint"",""coordinates"":[]}"
18330_0,0.25186187,0.7829099,0.27182865,2024-02-26,18330,"{""type"":""MultiPoint"",""coordinates"":[]}"
18331_0,0.40954855,0.8038038,0.32939875,2024-02-26,18331,"{""type"":""MultiPoint"",""coordinates"":[]}"
18332_0,0.006535948,0.58369726,0.029328289,2024-02-26,18332,"{""type"":""MultiPoint"",""coordinates"":[]}"
18333_0,0.068937875,0.39862403,0.19605468,2024-02-26,18333,"{""type"":""MultiPoint"",""coordinates"":[]}"
18334_0,0.11317254,0.71132493,0.16035132,2024-02-26,18334,"{""type"":""MultiPoint"",""coordinates"":[]}"
18335_0,0.038754765,0.607438,0.0140110785,2024-02-26,18335,"{""type"":""MultiPoint"",""coordinates"":[]}"
18336_0,0.10460107,0.4314176,0.1796653,2024-02-26,18336,"{""type"":""MultiPoint"",""coordinates"":[]}"
18337_0,0.087903835,0.64302415,0.07304658,2024-02-26,18337,"{""type"":""MultiPoint"",""coordinates"":[]}"
18338_0,-0.15076923,0.40037593,-0.27458617,2024-02-26,18338,"{""type"":""MultiPoint"",""coordinates"":[]}"
18339_0,0.3363431,0.9924365,0.2836756,2024-02-26,18339,"{""type"":""MultiPoint"",""coordinates"":[]}"
18340_0,-0.05734665,0.5824595,-0.054938797,2024-02-26,18340,"{""type"":""MultiPoint"",""coordinates"":[]}"
18341_0,0.27115288,0.7503045,0.32229123,2024-02-26,18341,"{""type"":""MultiPoint"",""coordinates"":[]}"
18342_0,0.08292683,0.5762653,0.06710775,2024-02-26,18342,"{""type"":""MultiPoint"",""coordinates"":[]}"
18343_0,-0.03883876,0.5214239,-0.06860371,2024-02-26,18343,"{""type"":""MultiPoint"",""coordinates"":[]}"
18344_0,0.013745705,0.5589067,-0.02014218,2024-02-26,18344,"{""type"":""MultiPoint"",""coordinates"":[]}"
18345_0,-0.03310916,0.5138889,-0.06762898,2024-02-26,18345,"{""type"":""MultiPoint"",""coordinates"":[]}"
18346_0,0.29793736,0.85365856,0.2221752,2024-02-26,18346,"{""type"":""MultiPoint"",""coordinates"":[]}"
18347_0,0.2769608,0.779338,0.33433622,2024-02-26,18347,"{""type"":""MultiPoint"",""coordinates"":[]}"
18348_0,0.26485345,0.7614434,0.30883813,2024-02-26,18348,"{""type"":""MultiPoint"",""coordinates"":[]}"
18349_0,0.20713525,0.6835994,0.2181675,2024-02-26,18349,"{""type"":""MultiPoint"",""coordinates"":[]}"
18350_0,0.05201408,0.751495,0.041897234,2024-02-26,18350,"{""type"":""MultiPoint"",""coordinates"":[]}"
18351_0,0.30172667,0.7627119,0.19419116,2024-02-26,18351,"{""type"":""MultiPoint"",""coordinates"":[]}"
18352_0,-0.04712991,0.4218916,-0.12862259,2024-02-26,18352,"{""type"":""MultiPoint"",""coordinates"":[]}"
18353_0,-0.08854687,0.3935822,-0.12265512,2024-02-26,18353,"{""type"":""MultiPoint"",""coordinates"":[]}"
18354_0,0.36931607,0.82964057,0.37071192,2024-02-26,18354,"{""type"":""MultiPoint"",""coordinates"":[]}"
18355_0,0.2285434,0.72670287,0.13547678,2024-02-26,18355,"{""type"":""MultiPoint"",""coordinates"":[]}"
18356_0,0.40916693,0.8551787,0.39250085,2024-02-26,18356,"{""type"":""MultiPoint"",""coordinates"":[]}"
18357_0,0.2866242,0.75778544,0.30792996,2024-02-26,18357,"{""type"":""MultiPoint"",""coordinates"":[]}"
18358_0,0.45732254,0.85281384,0.27837515,2024-02-26,18358,"{""type"":""MultiPoint"",""coordinates"":[]}"
18359_0,0.19979481,0.7598953,0.26588234,2024-02-26,18359,"{""type"":""MultiPoint"",""coordinates"":[]}"
18360_0,0.2244689,0.7424532,0.20158103,2024-02-26,18360,"{""type"":""MultiPoint"",""coordinates"":[]}"
18361_0,0.1592154,0.61854583,0.12713264,2024-02-26,18361,"{""type"":""MultiPoint"",""coordinates"":[]}"
18362_0,0.19800499,0.93333334,0.321519,2024-02-26,18362,"{""type"":""MultiPoint"",""coordinates"":[]}"
18363_0,0.28866306,0.78928244,0.27508092,2024-02-26,18363,"{""type"":""MultiPoint"",""coordinates"":[]}"
18364_0,-0.07720969,0.34144926,-0.058584213,2024-02-26,18364,"{""type"":""MultiPoint"",""coordinates"":[]}"
18365_0,0.37307152,0.80084944,0.36188436,2024-02-26,18365,"{""type"":""MultiPoint"",""coordinates"":[]}"
18366_0,0.09157509,0.663106,0.11331133,2024-02-26,18366,"{""type"":""MultiPoint"",""coordinates"":[]}"
18367_0,0.14295125,0.74281806,-0.010485437,2024-02-26,18367,"{""type"":""MultiPoint"",""coordinates"":[]}"
18368_0,-0.108744904,0.33861145,-0.05360603,2024-02-26,18368,"{""type"":""MultiPoint"",""coordinates"":[]}"
18369_0,0.34265035,0.80091685,0.35234818,2024-02-26,18369,"{""type"":""MultiPoint"",""coordinates"":[]}"
18370_0,0.44025606,0.9239721,0.22348298,2024-02-26,18370,"{""type"":""MultiPoint"",""coordinates"":[]}"
18371_0,0.36330223,0.88938713,0.25479814,2024-02-26,18371,"{""type"":""MultiPoint"",""coordinates"":[]}"
18372_0,0.2619203,0.83812475,0.29551122,2024-02-26,18372,"{""type"":""MultiPoint"",""coordinates"":[]}"
18373_0,0.32434916,0.8381727,0.365545,2024-02-26,18373,"{""type"":""MultiPoint"",""coordinates"":[]}"
18374_0,0.032621827,0.593361,-0.020824479,2024-02-26,18374,"{""type"":""MultiPoint"",""coordinates"":[]}"
18375_0,0.23791379,0.67801416,0.1931417,2024-02-26,18375,"{""type"":""MultiPoint"",""coordinates"":[]}"
18376_0,-0.12,0.48246297,-0.19577166,2024-02-26,18376,"{""type"":""MultiPoint"",""coordinates"":[]}"
18377_0,0.06695056,0.6076838,0.04918033,2024-02-26,18377,"{""type"":""MultiPoint"",""coordinates"":[]}"
18378_0,0.14683302,0.6145092,0.1215415,2024-02-26,18378,"{""type"":""MultiPoint"",""coordinates"":[]}"
18379_0,0.13278009,0.7558609,0.019239793,2024-02-26,18379,"{""type"":""MultiPoint"",""coordinates"":[]}"
18380_0,0.16746412,0.69738865,0.14418845,2024-02-26,18380,"{""type"":""MultiPoint"",""coordinates"":[]}"
18381_0,0.11789925,0.5885886,0.12493355,2024-02-26,18381,"{""type"":""MultiPoint"",""coordinates"":[]}"
18382_0,0.23506914,0.68421054,0.20440637,2024-02-26,18382,"{""type"":""MultiPoint"",""coordinates"":[]}"
18383_0,0.30426356,0.78634703,0.2282336,2024-02-26,18383,"{""type"":""MultiPoint"",""coordinates"":[]}"
18384_0,0.42713252,0.8308208,0.4121447,2024-02-26,18384,"{""type"":""MultiPoint"",""coordinates"":[]}"
18385_0,0.34431228,0.8643068,0.34590814,2024-02-26,18385,"{""type"":""MultiPoint"",""coordinates"":[]}"
18386_0,0.29599407,0.8126316,0.28940472,2024-02-26,18386,"{""type"":""MultiPoint"",""coordinates"":[]}"
18387_0,0.19791149,0.6479025,0.17514703,2024-02-26,18387,"{""type"":""MultiPoint"",""coordinates"":[]}"
18388_0,0.35905245,0.81517,0.37471113,2024-02-26,18388,"{""type"":""MultiPoint"",""coordinates"":[]}"
18389_0,0.24244416,0.8752784,0.18716955,2024-02-26,18389,"{""type"":""MultiPoint"",""coordinates"":[]}"
18390_0,0.25406438,0.7612347,0.24758843,2024-02-26,18390,"{""type"":""MultiPoint"",""coordinates"":[]}"
18391_0,0.3025727,0.7587174,0.2752107,2024-02-26,18391,"{""type"":""MultiPoint"",""coordinates"":[]}"
18392_0,0.22068231,0.72083825,0.19626169,2024-02-26,18392,"{""type"":""MultiPoint"",""coordinates"":[]}"
18393_0,0.24179763,0.76283985,0.25856027,2024-02-26,18393,"{""type"":""MultiPoint"",""coordinates"":[]}"
18395_0,0.3421376,0.80483735,0.33786708,2024-02-26,18395,"{""type"":""MultiPoint"",""coordinates"":[]}"
18846_0,-0.20874879,0.37960956,-0.326509,2024-02-26,18846,"{""type"":""MultiPoint"",""coordinates"":[]}"
18847_0,0.26502874,0.7937938,0.12070044,2024-02-26,18847,"{""type"":""MultiPoint"",""coordinates"":[]}"
18848_0,-0.05499814,0.496326,-0.1179366,2024-02-26,18848,"{""type"":""MultiPoint"",""coordinates"":[]}"
18849_0,0.10720926,0.6616848,0.061862383,2024-02-26,18849,"{""type"":""MultiPoint"",""coordinates"":[]}"
18850_0,-0.07056335,0.3269663,-0.08200544,2024-02-26,18850,"{""type"":""MultiPoint"",""coordinates"":[]}"
18851_0,-0.06793341,0.045783132,-0.09888399,2024-02-26,18851,"{""type"":""MultiPoint"",""coordinates"":[]}"
18852_0,0.25092354,0.7740303,0.22969024,2024-02-26,18852,"{""type"":""MultiPoint"",""coordinates"":[]}"
18853_0,-0.03432377,0.5327869,-0.1487909,2024-02-26,18853,"{""type"":""MultiPoint"",""coordinates"":[]}"
18854_0,0.0584471,0.4829634,0.03603407,2024-02-26,18854,"{""type"":""MultiPoint"",""coordinates"":[]}"
18855_0,0.1627907,0.72831684,0.15878917,2024-02-26,18855,"{""type"":""MultiPoint"",""coordinates"":[]}"
18856_0,0.23793203,0.80231065,0.22441861,2024-02-26,18856,"{""type"":""MultiPoint"",""coordinates"":[]}"
18857_0,-0.076379545,0.44422367,-0.114051886,2024-02-26,18857,"{""type"":""MultiPoint"",""coordinates"":[]}"
18858_0,0.091203235,0.58173513,0.07244582,2024-02-26,18858,"{""type"":""MultiPoint"",""coordinates"":[]}"
18859_0,0.07716338,0.6768724,0.09303039,2024-02-26,18859,"{""type"":""MultiPoint"",""coordinates"":[]}"
18860_0,0.32580963,0.80369085,0.4209861,2024-02-26,18860,"{""type"":""MultiPoint"",""coordinates"":[]}"
18861_0,0.29747987,0.786393,0.269584,2024-02-26,18861,"{""type"":""MultiPoint"",""coordinates"":[]}"
18862_0,0.3911267,0.7968254,0.3692168,2024-02-26,18862,"{""type"":""MultiPoint"",""coordinates"":[]}"
18863_0,0.27166823,0.74208,0.27047843,2024-02-26,18863,"{""type"":""MultiPoint"",""coordinates"":[]}"
18864_0,0.19589977,0.75186104,0.14285715,2024-02-26,18864,"{""type"":""MultiPoint"",""coordinates"":[]}"
18865_0,0.022586249,0.5605453,-0.0058748405,2024-02-26,18865,"{""type"":""MultiPoint"",""coordinates"":[]}"
18866_0,0.16277018,0.66534394,0.14039855,2024-02-26,18866,"{""type"":""MultiPoint"",""coordinates"":[]}"
18867_0,-0.037401374,0.020152261,-0.05260969,2024-02-26,18867,"{""type"":""MultiPoint"",""coordinates"":[]}"
18868_0,0.39096385,0.8657306,0.35543513,2024-02-26,18868,"{""type"":""MultiPoint"",""coordinates"":[]}"
18869_0,0.046112806,0.51852936,0.019392753,2024-02-26,18869,"{""type"":""MultiPoint"",""coordinates"":[]}"
18870_0,-0.12690355,0.4938575,-0.12202166,2024-02-26,18870,"{""type"":""MultiPoint"",""coordinates"":[]}"
18871_0,-0.2090633,0.36189747,-0.18498169,2024-02-26,18871,"{""type"":""MultiPoint"",""coordinates"":[]}"
18872_0,-0.02616705,0.44422442,-0.056693252,2024-02-26,18872,"{""type"":""MultiPoint"",""coordinates"":[]}"
18873_0,0.19922443,0.6670547,0.13052632,2024-02-26,18873,"{""type"":""MultiPoint"",""coordinates"":[]}"
18874_0,-0.19081272,0.3409611,-0.26612398,2024-02-26,18874,"{""type"":""MultiPoint"",""coordinates"":[]}"
18875_0,-0.19478008,0.36684492,-0.3184,2024-02-26,18875,"{""type"":""MultiPoint"",""coordinates"":[]}"
18876_0,0.11776447,0.6300268,0.0155902,2024-02-26,18876,"{""type"":""MultiPoint"",""coordinates"":[]}"
18877_0,0.16306818,0.7364341,0.09770291,2024-02-26,18877,"{""type"":""MultiPoint"",""coordinates"":[]}"
18878_0,0.29363057,0.77602106,0.29160014,2024-02-26,18878,"{""type"":""MultiPoint"",""coordinates"":[]}"
18879_0,-0.036503363,0.5044776,-0.034020126,2024-02-26,18879,"{""type"":""MultiPoint"",""coordinates"":[]}"
18880_0,-0.17501627,0.38935107,-0.23726878,2024-02-26,18880,"{""type"":""MultiPoint"",""coordinates"":[]}"
18881_0,0.03529412,0.6269621,0.023525994,2024-02-26,18881,"{""type"":""MultiPoint"",""coordinates"":[]}"
18882_0,-0.2528878,0.34800327,-0.29481986,2024-02-26,18882,"{""type"":""MultiPoint"",""coordinates"":[]}"
18883_0,-0.13646533,0.27077106,-0.08872696,2024-02-26,18883,"{""type"":""MultiPoint"",""coordinates"":[]}"
18884_0,-0.21406728,0.27117956,-0.27858293,2024-02-26,18884,"{""type"":""MultiPoint"",""coordinates"":[]}"
18885_0,-0.14987527,0.37363437,-0.22736584,2024-02-26,18885,"{""type"":""MultiPoint"",""coordinates"":[]}"
18886_0,-0.12922148,0.09233024,-0.051437058,2024-02-26,18886,"{""type"":""MultiPoint"",""coordinates"":[]}"
18887_0,-0.020795893,0.525641,-0.08812261,2024-02-26,18887,"{""type"":""MultiPoint"",""coordinates"":[]}"
18888_0,-0.13049096,0.2589241,-0.16588941,2024-02-26,18888,"{""type"":""MultiPoint"",""coordinates"":[]}"
18889_0,0.31423113,0.7157895,0.28981206,2024-02-26,18889,"{""type"":""MultiPoint"",""coordinates"":[]}"
18890_0,0.1502249,0.7505285,0.18726699,2024-02-26,18890,"{""type"":""MultiPoint"",""coordinates"":[]}"
18891_0,-0.11719215,0.3242009,-0.096749075,2024-02-26,18891,"{""type"":""MultiPoint"",""coordinates"":[]}"
18892_0,-0.053432588,0.4170082,-0.0702521,2024-02-26,18892,"{""type"":""MultiPoint"",""coordinates"":[]}"
18893_0,0.30594146,0.8159616,0.27886978,2024-02-26,18893,"{""type"":""MultiPoint"",""coordinates"":[]}"
18894_0,-0.13533835,0.41869918,-0.22673559,2024-02-26,18894,"{""type"":""MultiPoint"",""coordinates"":[]}"
18895_0,0.09660574,0.6052033,0.086267605,2024-02-26,18895,"{""type"":""MultiPoint"",""coordinates"":[]}"
18896_0,0.25151885,0.7026379,0.21160409,2024-02-26,18896,"{""type"":""MultiPoint"",""coordinates"":[]}"
18897_0,0.38181818,0.82419854,0.3323263,2024-02-26,18897,"{""type"":""MultiPoint"",""coordinates"":[]}"
18898_0,0.25268513,0.7813505,0.25268513,2024-02-26,18898,"{""type"":""MultiPoint"",""coordinates"":[]}"
18899_0,-0.12772875,0.14195184,-0.14799054,2024-02-26,18899,"{""type"":""MultiPoint"",""coordinates"":[]}"
18900_0,0.18209408,0.6087244,0.2016786,2024-02-26,18900,"{""type"":""MultiPoint"",""coordinates"":[]}"
18901_0,0.10166984,0.6382642,0.09785608,2024-02-26,18901,"{""type"":""MultiPoint"",""coordinates"":[]}"
18902_0,0.3023656,0.7646249,0.22503583,2024-02-26,18902,"{""type"":""MultiPoint"",""coordinates"":[]}"
18903_0,-0.12702519,0.42362204,-0.20829076,2024-02-26,18903,"{""type"":""MultiPoint"",""coordinates"":[]}"
18904_0,0.15387087,0.7405941,0.14341463,2024-02-26,18904,"{""type"":""MultiPoint"",""coordinates"":[]}"
18905_0,-0.03531041,0.54259336,-0.099240385,2024-02-26,18905,"{""type"":""MultiPoint"",""coordinates"":[]}"
18906_0,-0.053407,0.47597462,-0.1030303,2024-02-26,18906,"{""type"":""MultiPoint"",""coordinates"":[]}"
18907_0,0.35545334,0.79427546,0.34315366,2024-02-26,18907,"{""type"":""MultiPoint"",""coordinates"":[]}"
18908_0,0.23946705,0.76,0.15044248,2024-02-26,18908,"{""type"":""MultiPoint"",""coordinates"":[]}"
18909_0,0.057651993,0.5733545,0.04918033,2024-02-26,18909,"{""type"":""MultiPoint"",""coordinates"":[]}"
18910_0,0.2851312,0.79839426,0.24367674,2024-02-26,18910,"{""type"":""MultiPoint"",""coordinates"":[]}"
18911_0,-0.004219409,0.50801283,-0.036107555,2024-02-26,18911,"{""type"":""MultiPoint"",""coordinates"":[]}"
18912_0,-0.018026566,0.48073703,0.014692378,2024-02-26,18912,"{""type"":""MultiPoint"",""coordinates"":[]}"
18913_0,-0.15538813,0.30698794,-0.22580644,2024-02-26,18913,"{""type"":""MultiPoint"",""coordinates"":[]}"
18914_0,-0.036005143,0.5581216,-0.088493586,2024-02-26,18914,"{""type"":""MultiPoint"",""coordinates"":[]}"
18915_0,-0.03936487,0.5371263,0.0072669825,2024-02-26,18915,"{""type"":""MultiPoint"",""coordinates"":[]}"
18916_0,-0.026119404,0.5717692,-0.07752589,2024-02-26,18916,"{""type"":""MultiPoint"",""coordinates"":[]}"
18917_0,0.240885,0.8068411,0.19177173,2024-02-26,18917,"{""type"":""MultiPoint"",""coordinates"":[]}"
18918_0,-0.04306437,0.4570637,-0.044721905,2024-02-26,18918,"{""type"":""MultiPoint"",""coordinates"":[]}"
18919_0,-0.07778628,0.4852018,-0.12125232,2024-02-26,18919,"{""type"":""MultiPoint"",""coordinates"":[]}"
18920_0,-0.12956965,0.44463667,-0.18754561,2024-02-26,18920,"{""type"":""MultiPoint"",""coordinates"":[]}"
18921_0,-0.19176136,0.27764705,-0.21418235,2024-02-26,18921,"{""type"":""MultiPoint"",""coordinates"":[]}"
18922_0,0.30946773,0.8168431,0.14767441,2024-02-26,18922,"{""type"":""MultiPoint"",""coordinates"":[]}"
18923_0,-0.18473049,0.3043478,-0.21145548,2024-02-26,18923,"{""type"":""MultiPoint"",""coordinates"":[]}"
18924_0,-0.06752537,0.44503936,-0.08769139,2024-02-26,18924,"{""type"":""MultiPoint"",""coordinates"":[]}"
18925_0,-0.13069908,0.45955557,-0.10954447,2024-02-26,18925,"{""type"":""MultiPoint"",""coordinates"":[]}"
18926_0,-0.19469252,0.4360411,-0.20701212,2024-02-26,18926,"{""type"":""MultiPoint"",""coordinates"":[]}"
18927_0,-0.096072935,0.46352166,-0.07904729,2024-02-26,18927,"{""type"":""MultiPoint"",""coordinates"":[]}"
18928_0,-0.1539523,0.21772853,-0.1422439,2024-02-26,18928,"{""type"":""MultiPoint"",""coordinates"":[]}"
18929_0,-0.005685048,0.55392873,-0.052662898,2024-02-26,18929,"{""type"":""MultiPoint"",""coordinates"":[]}"
18930_0,-0.12673451,0.4590985,-0.16443595,2024-02-26,18930,"{""type"":""MultiPoint"",""coordinates"":[]}"
18931_0,-0.08503124,0.5280464,-0.11657814,2024-02-26,18931,"{""type"":""MultiPoint"",""coordinates"":[]}"
18932_0,-0.12926073,0.36456558,-0.22850952,2024-02-26,18932,"{""type"":""MultiPoint"",""coordinates"":[]}"
18933_0,0.3352673,0.8019093,0.30622837,2024-02-26,18933,"{""type"":""MultiPoint"",""coordinates"":[]}"
18934_0,-0.18488866,0.3675365,-0.21001533,2024-02-26,18934,"{""type"":""MultiPoint"",""coordinates"":[]}"
18935_0,0.049986634,0.6374063,0.021745114,2024-02-26,18935,"{""type"":""MultiPoint"",""coordinates"":[]}"
18936_0,-0.11931053,0.3787575,-0.20324261,2024-02-26,18936,"{""type"":""MultiPoint"",""coordinates"":[]}"
18937_0,-0.09074693,0.39261493,-0.13926409,2024-02-26,18937,"{""type"":""MultiPoint"",""coordinates"":[]}"
18938_0,-0.16207063,0.4202658,-0.16828793,2024-02-26,18938,"{""type"":""MultiPoint"",""coordinates"":[]}"
18939_0,-0.24912034,0.4219355,-0.23392422,2024-02-26,18939,"{""type"":""MultiPoint"",""coordinates"":[]}"
18940_0,-0.18524271,0.3314917,-0.2257028,2024-02-26,18940,"{""type"":""MultiPoint"",""coordinates"":[]}"
18941_0,-0.1191372,0.32896176,-0.100369915,2024-02-26,18941,"{""type"":""MultiPoint"",""coordinates"":[]}"
18942_0,-0.05361757,0.5955801,-0.06081301,2024-02-26,18942,"{""type"":""MultiPoint"",""coordinates"":[]}"
18943_0,-0.0703268,0.5266887,-0.117663115,2024-02-26,18943,"{""type"":""MultiPoint"",""coordinates"":[]}"
18944_0,-0.14253521,0.4176707,-0.17906977,2024-02-26,18944,"{""type"":""MultiPoint"",""coordinates"":[]}"
18945_0,-0.10773835,0.3579433,-0.114168994,2024-02-26,18945,"{""type"":""MultiPoint"",""coordinates"":[]}"
18946_0,-0.017105263,0.6361632,-0.020462045,2024-02-26,18946,"{""type"":""MultiPoint"",""coordinates"":[]}"
18947_0,0.32899022,0.83146065,0.29732803,2024-02-26,18947,"{""type"":""MultiPoint"",""coordinates"":[]}"
18948_0,-0.060821667,0.4827986,-0.09292977,2024-02-26,18948,"{""type"":""MultiPoint"",""coordinates"":[]}"
18949_0,0.0014534884,0.6081081,-0.07176287,2024-02-26,18949,"{""type"":""MultiPoint"",""coordinates"":[]}"
18950_0,0.30544356,0.8411968,0.2705135,2024-02-26,18950,"{""type"":""MultiPoint"",""coordinates"":[]}"
18951_0,-0.099973194,0.41915864,-0.18887602,2024-02-26,18951,"{""type"":""MultiPoint"",""coordinates"":[]}"
18952_0,0.06896552,0.5313673,0.008474576,2024-02-26,18952,"{""type"":""MultiPoint"",""coordinates"":[]}"
18953_0,-0.0067281337,0.5993001,-0.04989605,2024-02-26,18953,"{""type"":""MultiPoint"",""coordinates"":[]}"
18954_0,-0.043656208,0.5562969,-0.10310022,2024-02-26,18954,"{""type"":""MultiPoint"",""coordinates"":[]}"
18955_0,-0.09849932,0.43186584,-0.19147676,2024-02-26,18955,"{""type"":""MultiPoint"",""coordinates"":[]}"
18956_0,0.43918705,0.82686085,0.43775868,2024-02-26,18956,"{""type"":""MultiPoint"",""coordinates"":[]}"
18957_0,-0.03987885,0.49402985,-0.01427868,2024-02-26,18957,"{""type"":""MultiPoint"",""coordinates"":[]}"
18958_0,0.12872629,0.7127772,0.11554333,2024-02-26,18958,"{""type"":""MultiPoint"",""coordinates"":[]}"
18959_0,-0.012740329,0.5482315,-0.06322957,2024-02-26,18959,"{""type"":""MultiPoint"",""coordinates"":[]}"
18960_0,0.15969843,0.63329315,0.049612403,2024-02-26,18960,"{""type"":""MultiPoint"",""coordinates"":[]}"
18961_0,0.058018867,0.52932864,0.040134583,2024-02-26,18961,"{""type"":""MultiPoint"",""coordinates"":[]}"
18962_0,0.053456876,0.51069516,0.06302916,2024-02-26,18962,"{""type"":""MultiPoint"",""coordinates"":[]}"
18963_0,0.3042322,0.8246753,0.28310502,2024-02-26,18963,"{""type"":""MultiPoint"",""coordinates"":[]}"
18964_0,0.1392589,0.53488374,0.101390645,2024-02-26,18964,"{""type"":""MultiPoint"",""coordinates"":[]}"
18965_0,0.10728532,0.63594204,0.1406629,2024-02-26,18965,"{""type"":""MultiPoint"",""coordinates"":[]}"
18966_0,0.06004141,0.6481886,0.08599367,2024-02-26,18966,"{""type"":""MultiPoint"",""coordinates"":[]}"
18967_0,0.34181932,0.80335367,0.38120258,2024-02-26,18967,"{""type"":""MultiPoint"",""coordinates"":[]}"
18968_0,0.28597286,0.85721415,0.40430352,2024-02-26,18968,"{""type"":""MultiPoint"",""coordinates"":[]}"
18969_0,-0.12425421,0.3767374,-0.07038775,2024-02-26,18969,"{""type"":""MultiPoint"",""coordinates"":[]}"
18970_0,0.23099762,0.76352704,0.15220949,2024-02-26,18970,"{""type"":""MultiPoint"",""coordinates"":[]}"
18971_0,0.39364427,0.80757576,0.3370692,2024-02-26,18971,"{""type"":""MultiPoint"",""coordinates"":[]}"
18972_0,0.4028657,0.83054006,0.37386444,2024-02-26,18972,"{""type"":""MultiPoint"",""coordinates"":[]}"
18973_0,0.41420695,0.8873539,0.4936922,2024-02-26,18973,"{""type"":""MultiPoint"",""coordinates"":[]}"
18974_0,0.42211056,0.8703968,0.51983297,2024-02-26,18974,"{""type"":""MultiPoint"",""coordinates"":[]}"
18975_0,0.30237582,0.8263971,0.22634731,2024-02-26,18975,"{""type"":""MultiPoint"",""coordinates"":[]}"
18976_0,0.2245803,0.8388249,0.30847457,2024-02-26,18976,"{""type"":""MultiPoint"",""coordinates"":[]}"
18977_0,0.323494,0.89949286,0.29437637,2024-02-26,18977,"{""type"":""MultiPoint"",""coordinates"":[]}"
18978_0,0.036347114,0.62145597,-0.0011800802,2024-02-26,18978,"{""type"":""MultiPoint"",""coordinates"":[]}"
18979_0,0.16940543,0.75654155,0.05248807,2024-02-26,18979,"{""type"":""MultiPoint"",""coordinates"":[]}"
18980_0,0.34545454,0.8168498,0.308214,2024-02-26,18980,"{""type"":""MultiPoint"",""coordinates"":[]}"
18981_0,-0.13522084,0.38170823,-0.15643747,2024-02-26,18981,"{""type"":""MultiPoint"",""coordinates"":[]}"
18982_0,-0.11336132,0.5118755,-0.0995122,2024-02-26,18982,"{""type"":""MultiPoint"",""coordinates"":[]}"
18983_0,0.20386644,0.7702936,0.20269874,2024-02-26,18983,"{""type"":""MultiPoint"",""coordinates"":[]}"
18984_0,-0.18508159,0.39966834,-0.20189126,2024-02-26,18984,"{""type"":""MultiPoint"",""coordinates"":[]}"
18985_0,0.09910371,0.631796,0.105972044,2024-02-26,18985,"{""type"":""MultiPoint"",""coordinates"":[]}"
18986_0,-0.008377761,0.45886344,-0.071775496,2024-02-26,18986,"{""type"":""MultiPoint"",""coordinates"":[]}"
18987_0,-0.12930824,0.40032414,-0.14413075,2024-02-26,18987,"{""type"":""MultiPoint"",""coordinates"":[]}"
18988_0,0.2590315,0.78305084,0.24154209,2024-02-26,18988,"{""type"":""MultiPoint"",""coordinates"":[]}"
18989_0,0.14097786,0.58363104,0.10893791,2024-02-26,18989,"{""type"":""MultiPoint"",""coordinates"":[]}"
18990_0,0.044813074,0.5722656,-0.09013846,2024-02-26,18990,"{""type"":""MultiPoint"",""coordinates"":[]}"
18991_0,0.33428165,0.8787436,0.29376256,2024-02-26,18991,"{""type"":""MultiPoint"",""coordinates"":[]}"
18992_0,0.12924002,0.65106875,0.1698731,2024-02-26,18992,"{""type"":""MultiPoint"",""coordinates"":[]}"
18993_0,0.05080028,0.56108266,0.021052632,2024-02-26,18993,"{""type"":""MultiPoint"",""coordinates"":[]}"
18994_0,0.21362229,0.6970228,0.16221888,2024-02-26,18994,"{""type"":""MultiPoint"",""coordinates"":[]}"
18995_0,0.13479769,0.64645725,0.09284849,2024-02-26,18995,"{""type"":""MultiPoint"",""coordinates"":[]}"
18996_0,0.16164227,0.6574487,0.11995178,2024-02-26,18996,"{""type"":""MultiPoint"",""coordinates"":[]}"
18997_0,0.17811787,0.76679206,0.13145217,2024-02-26,18997,"{""type"":""MultiPoint"",""coordinates"":[]}"
18998_0,0.39878616,0.8095238,0.36834207,2024-02-26,18998,"{""type"":""MultiPoint"",""coordinates"":[]}"
18999_0,0.14783654,0.6725398,0.156956,2024-02-26,18999,"{""type"":""MultiPoint"",""coordinates"":[]}"
19000_0,-0.18349548,0.4471086,-0.26451612,2024-02-26,19000,"{""type"":""MultiPoint"",""coordinates"":[]}"
19001_0,-0.008652095,0.53821003,-0.08127899,2024-02-26,19001,"{""type"":""MultiPoint"",""coordinates"":[]}"
19002_0,0.25173333,0.76497346,0.24792281,2024-02-26,19002,"{""type"":""MultiPoint"",""coordinates"":[]}"
19003_0,0.31570357,0.83258325,0.32036316,2024-02-26,19003,"{""type"":""MultiPoint"",""coordinates"":[]}"
19004_0,-0.011676397,0.5226824,-0.023196964,2024-02-26,19004,"{""type"":""MultiPoint"",""coordinates"":[]}"
19005_0,0.22458519,0.5934959,0.24642289,2024-02-26,19005,"{""type"":""MultiPoint"",""coordinates"":[]}"
19006_0,0.28295255,0.70464903,0.29411766,2024-02-26,19006,"{""type"":""MultiPoint"",""coordinates"":[]}"
19007_0,0.35462627,0.8407611,0.30447125,2024-02-26,19007,"{""type"":""MultiPoint"",""coordinates"":[]}"
19511_0,-0.18092662,0.2673031,-0.24358974,2024-02-26,19511,"{""type"":""MultiPoint"",""coordinates"":[]}"
19512_0,0.27057004,0.6971015,0.24707136,2024-02-26,19512,"{""type"":""MultiPoint"",""coordinates"":[]}"
19513_0,0.25387642,0.742743,0.33988535,2024-02-26,19513,"{""type"":""MultiPoint"",""coordinates"":[]}"
19514_0,-0.052287582,0.597471,-0.077578336,2024-02-26,19514,"{""type"":""MultiPoint"",""coordinates"":[]}"
19515_0,-0.06237712,0.3730112,-0.12108638,2024-02-26,19515,"{""type"":""MultiPoint"",""coordinates"":[]}"
19516_0,0.11582382,0.6182857,-0.20982143,2024-02-26,19516,"{""type"":""MultiPoint"",""coordinates"":[]}"
19517_0,0.2753255,0.81255686,0.27162465,2024-02-26,19517,"{""type"":""MultiPoint"",""coordinates"":[]}"
19518_0,0.34907338,0.77857655,0.31735888,2024-02-26,19518,"{""type"":""MultiPoint"",""coordinates"":[]}"
19519_0,-0.2638037,0.31601733,-0.3584806,2024-02-26,19519,"{""type"":""MultiPoint"",""coordinates"":[]}"
19520_0,-0.21279937,0.27366865,-0.2841405,2024-02-26,19520,"{""type"":""MultiPoint"",""coordinates"":[]}"
19521_0,-0.06828368,0.52403283,-0.21828021,2024-02-26,19521,"{""type"":""MultiPoint"",""coordinates"":[]}"
19522_0,-0.06297057,0.090635955,-0.03361065,2024-02-26,19522,"{""type"":""MultiPoint"",""coordinates"":[]}"
19523_0,0.07118353,0.5790507,0.053735256,2024-02-26,19523,"{""type"":""MultiPoint"",""coordinates"":[]}"
19524_0,0.23739238,0.75456476,0.24984875,2024-02-26,19524,"{""type"":""MultiPoint"",""coordinates"":[]}"
19525_0,-0.03181909,0.5270184,-0.035341367,2024-02-26,19525,"{""type"":""MultiPoint"",""coordinates"":[]}"
19526_0,0.19913043,0.73842305,0.20259741,2024-02-26,19526,"{""type"":""MultiPoint"",""coordinates"":[]}"
19527_0,-0.19642857,0.42376238,-0.16589327,2024-02-26,19527,"{""type"":""MultiPoint"",""coordinates"":[]}"
19528_0,0.2956989,0.7732143,0.2549763,2024-02-26,19528,"{""type"":""MultiPoint"",""coordinates"":[]}"
19529_0,-0.16604127,0.29543635,-0.21150097,2024-02-26,19529,"{""type"":""MultiPoint"",""coordinates"":[]}"
19530_0,-0.14353244,0.41961414,-0.20216851,2024-02-26,19530,"{""type"":""MultiPoint"",""coordinates"":[]}"
19531_0,0.2845787,0.78031635,0.28594097,2024-02-26,19531,"{""type"":""MultiPoint"",""coordinates"":[]}"
19532_0,0.19158486,0.71428573,0.16050102,2024-02-26,19532,"{""type"":""MultiPoint"",""coordinates"":[]}"
19533_0,0.12178149,0.50147396,0.095340505,2024-02-26,19533,"{""type"":""MultiPoint"",""coordinates"":[]}"
19534_0,-0.21731651,0.403003,-0.29018536,2024-02-26,19534,"{""type"":""MultiPoint"",""coordinates"":[]}"
19535_0,-0.22598726,0.34823528,-0.35472974,2024-02-26,19535,"{""type"":""MultiPoint"",""coordinates"":[]}"
19536_0,0.22706935,0.7463768,0.022630835,2024-02-26,19536,"{""type"":""MultiPoint"",""coordinates"":[]}"
19537_0,0.12061794,0.6890371,0.15573303,2024-02-26,19537,"{""type"":""MultiPoint"",""coordinates"":[]}"
19538_0,0.15820394,0.6602623,0.15143824,2024-02-26,19538,"{""type"":""MultiPoint"",""coordinates"":[]}"
19539_0,-0.10090005,0.41451326,-0.07542805,2024-02-26,19539,"{""type"":""MultiPoint"",""coordinates"":[]}"
19540_0,-0.19448699,0.347651,-0.21684867,2024-02-26,19540,"{""type"":""MultiPoint"",""coordinates"":[]}"
19541_0,0.14840579,0.568,0.14319043,2024-02-26,19541,"{""type"":""MultiPoint"",""coordinates"":[]}"
19542_0,0.023754466,0.5690955,0.036514524,2024-02-26,19542,"{""type"":""MultiPoint"",""coordinates"":[]}"
19543_0,-0.07134503,0.4477612,-0.08274232,2024-02-26,19543,"{""type"":""MultiPoint"",""coordinates"":[]}"
19544_0,-0.2139757,0.2654402,-0.18441668,2024-02-26,19544,"{""type"":""MultiPoint"",""coordinates"":[]}"
19545_0,0.070049,0.5291418,0.016163465,2024-02-26,19545,"{""type"":""MultiPoint"",""coordinates"":[]}"
19546_0,-0.17145343,0.33035713,-0.1507552,2024-02-26,19546,"{""type"":""MultiPoint"",""coordinates"":[]}"
19547_0,0.0922722,0.6629002,0.05748503,2024-02-26,19547,"{""type"":""MultiPoint"",""coordinates"":[]}"
19548_0,0.16982085,0.70152587,0.16306284,2024-02-26,19548,"{""type"":""MultiPoint"",""coordinates"":[]}"
19549_0,0.16949491,0.68231046,0.14684168,2024-02-26,19549,"{""type"":""MultiPoint"",""coordinates"":[]}"
19550_0,-0.119421594,0.48612213,-0.090070404,2024-02-26,19550,"{""type"":""MultiPoint"",""coordinates"":[]}"
19551_0,0.14914551,0.8252983,0.075668074,2024-02-26,19551,"{""type"":""MultiPoint"",""coordinates"":[]}"
19552_0,-0.25486967,0.33333334,-0.33938506,2024-02-26,19552,"{""type"":""MultiPoint"",""coordinates"":[]}"
19553_0,0.1065033,0.7316667,0.18742858,2024-02-26,19553,"{""type"":""MultiPoint"",""coordinates"":[]}"
19554_0,0.07926829,0.84805655,0.07172131,2024-02-26,19554,"{""type"":""MultiPoint"",""coordinates"":[]}"
19555_0,0.07638447,0.63066953,0.0199257,2024-02-26,19555,"{""type"":""MultiPoint"",""coordinates"":[]}"
19556_0,0.092388146,0.5757057,0.08225617,2024-02-26,19556,"{""type"":""MultiPoint"",""coordinates"":[]}"
19557_0,0.09303458,0.80366975,0.027168235,2024-02-26,19557,"{""type"":""MultiPoint"",""coordinates"":[]}"
19558_0,0.06964618,0.61630434,0.08698831,2024-02-26,19558,"{""type"":""MultiPoint"",""coordinates"":[]}"
19559_0,-0.100331284,0.47220165,-0.07863605,2024-02-26,19559,"{""type"":""MultiPoint"",""coordinates"":[]}"
19560_0,0.073033705,0.6053812,0.040697675,2024-02-26,19560,"{""type"":""MultiPoint"",""coordinates"":[]}"
19561_0,-0.040687162,0.47224334,-0.08636149,2024-02-26,19561,"{""type"":""MultiPoint"",""coordinates"":[]}"
19562_0,0.21024807,0.6666667,0.10134197,2024-02-26,19562,"{""type"":""MultiPoint"",""coordinates"":[]}"
19563_0,-0.13928273,0.28742516,-0.22731356,2024-02-26,19563,"{""type"":""MultiPoint"",""coordinates"":[]}"
19564_0,-0.100949526,0.3878232,-0.13938454,2024-02-26,19564,"{""type"":""MultiPoint"",""coordinates"":[]}"
19565_0,-0.018638125,0.32404828,0.016393442,2024-02-26,19565,"{""type"":""MultiPoint"",""coordinates"":[]}"
19566_0,-0.19478883,0.30214426,-0.17309676,2024-02-26,19566,"{""type"":""MultiPoint"",""coordinates"":[]}"
19567_0,-0.20172845,0.3621795,-0.21695071,2024-02-26,19567,"{""type"":""MultiPoint"",""coordinates"":[]}"
19568_0,0.22881703,0.65695065,0.2214876,2024-02-26,19568,"{""type"":""MultiPoint"",""coordinates"":[]}"
19569_0,0.21388368,0.6132252,0.21351478,2024-02-26,19569,"{""type"":""MultiPoint"",""coordinates"":[]}"
19570_0,-0.07706863,0.06855935,-0.022381874,2024-02-26,19570,"{""type"":""MultiPoint"",""coordinates"":[]}"
19571_0,-0.012639029,0.51753634,-0.06063013,2024-02-26,19571,"{""type"":""MultiPoint"",""coordinates"":[]}"
19572_0,-0.08592035,0.3988889,-0.15800034,2024-02-26,19572,"{""type"":""MultiPoint"",""coordinates"":[]}"
19573_0,0.022133688,0.5682878,0.03177734,2024-02-26,19573,"{""type"":""MultiPoint"",""coordinates"":[]}"
19574_0,-0.07370838,0.3919694,-0.03405573,2024-02-26,19574,"{""type"":""MultiPoint"",""coordinates"":[]}"
19575_0,0.066439524,0.5968689,-0.05628373,2024-02-26,19575,"{""type"":""MultiPoint"",""coordinates"":[]}"
19576_0,0.20546417,0.784275,0.22617431,2024-02-26,19576,"{""type"":""MultiPoint"",""coordinates"":[]}"
19577_0,-0.064505674,0.4981968,-0.060723513,2024-02-26,19577,"{""type"":""MultiPoint"",""coordinates"":[]}"
19578_0,0.24761629,0.81352186,0.22361359,2024-02-26,19578,"{""type"":""MultiPoint"",""coordinates"":[]}"
19579_0,0.040576413,0.5873418,-0.0043668123,2024-02-26,19579,"{""type"":""MultiPoint"",""coordinates"":[]}"
19580_0,-0.026790915,0.5972084,-0.047845468,2024-02-26,19580,"{""type"":""MultiPoint"",""coordinates"":[]}"
19581_0,-0.19844069,0.38123754,-0.21719457,2024-02-26,19581,"{""type"":""MultiPoint"",""coordinates"":[]}"
19582_0,-0.08634079,0.31399566,-0.13508353,2024-02-26,19582,"{""type"":""MultiPoint"",""coordinates"":[]}"
19583_0,-0.094801225,0.62463343,-0.12755905,2024-02-26,19583,"{""type"":""MultiPoint"",""coordinates"":[]}"
19584_0,-0.17570281,0.40262362,-0.2550911,2024-02-26,19584,"{""type"":""MultiPoint"",""coordinates"":[]}"
19585_0,0.32120913,0.8511236,0.31242222,2024-02-26,19585,"{""type"":""MultiPoint"",""coordinates"":[]}"
19586_0,0.06153846,0.63220674,0.10053619,2024-02-26,19586,"{""type"":""MultiPoint"",""coordinates"":[]}"
19587_0,0.19491878,0.47613883,0.16949517,2024-02-26,19587,"{""type"":""MultiPoint"",""coordinates"":[]}"
19588_0,0.012126866,0.52893126,0.029330889,2024-02-26,19588,"{""type"":""MultiPoint"",""coordinates"":[]}"
19589_0,0.07662835,0.6855615,0.043017868,2024-02-26,19589,"{""type"":""MultiPoint"",""coordinates"":[]}"
19590_0,-0.068268985,0.4853311,-0.08210308,2024-02-26,19590,"{""type"":""MultiPoint"",""coordinates"":[]}"
19591_0,-0.20283736,0.2797753,-0.21972941,2024-02-26,19591,"{""type"":""MultiPoint"",""coordinates"":[]}"
19592_0,-0.06663675,0.5111796,-0.096149415,2024-02-26,19592,"{""type"":""MultiPoint"",""coordinates"":[]}"
19593_0,0.022716288,0.62189907,-0.032159265,2024-02-26,19593,"{""type"":""MultiPoint"",""coordinates"":[]}"
19594_0,-0.11863685,0.49786574,-0.15276559,2024-02-26,19594,"{""type"":""MultiPoint"",""coordinates"":[]}"
19595_0,0.034960993,0.61333334,0.007134364,2024-02-26,19595,"{""type"":""MultiPoint"",""coordinates"":[]}"
19596_0,-0.06349596,0.5301205,-0.09906258,2024-02-26,19596,"{""type"":""MultiPoint"",""coordinates"":[]}"
19597_0,0.031552162,0.66652524,0.015774501,2024-02-26,19597,"{""type"":""MultiPoint"",""coordinates"":[]}"
19598_0,-0.22860192,0.31761006,-0.2639438,2024-02-26,19598,"{""type"":""MultiPoint"",""coordinates"":[]}"
19599_0,-0.08517609,0.2855377,-0.1205074,2024-02-26,19599,"{""type"":""MultiPoint"",""coordinates"":[]}"
19600_0,0.09096733,0.6273292,0.05115346,2024-02-26,19600,"{""type"":""MultiPoint"",""coordinates"":[]}"
19601_0,0.005098789,0.500994,-0.016606968,2024-02-26,19601,"{""type"":""MultiPoint"",""coordinates"":[]}"
19602_0,0.02013809,0.6206554,-0.021289356,2024-02-26,19602,"{""type"":""MultiPoint"",""coordinates"":[]}"
19603_0,0.1214244,0.71428573,0.094192,2024-02-26,19603,"{""type"":""MultiPoint"",""coordinates"":[]}"
19604_0,-0.12957954,0.42752293,-0.19231768,2024-02-26,19604,"{""type"":""MultiPoint"",""coordinates"":[]}"
19605_0,-0.045189057,0.60182023,-0.09395109,2024-02-26,19605,"{""type"":""MultiPoint"",""coordinates"":[]}"
19606_0,-0.16957541,0.4055437,-0.15335217,2024-02-26,19606,"{""type"":""MultiPoint"",""coordinates"":[]}"
19607_0,0.091654465,0.6500685,0.07596068,2024-02-26,19607,"{""type"":""MultiPoint"",""coordinates"":[]}"
19608_0,-0.13570274,0.43099788,-0.22013307,2024-02-26,19608,"{""type"":""MultiPoint"",""coordinates"":[]}"
19609_0,-0.071094714,0.6039216,-0.14188303,2024-02-26,19609,"{""type"":""MultiPoint"",""coordinates"":[]}"
19610_0,-0.07713423,0.52286285,-0.12306812,2024-02-26,19610,"{""type"":""MultiPoint"",""coordinates"":[]}"
19611_0,-0.054623656,0.52680916,-0.09269162,2024-02-26,19611,"{""type"":""MultiPoint"",""coordinates"":[]}"
19612_0,0.0071013556,0.45683932,-0.025105532,2024-02-26,19612,"{""type"":""MultiPoint"",""coordinates"":[]}"
19613_0,-0.11013216,0.48468468,-0.1845621,2024-02-26,19613,"{""type"":""MultiPoint"",""coordinates"":[]}"
19614_0,0.12712975,0.7306292,0.11081442,2024-02-26,19614,"{""type"":""MultiPoint"",""coordinates"":[]}"
19615_0,-0.11668059,0.5,-0.15996529,2024-02-26,19615,"{""type"":""MultiPoint"",""coordinates"":[]}"
19616_0,0.15885499,0.7865007,0.16515766,2024-02-26,19616,"{""type"":""MultiPoint"",""coordinates"":[]}"
19617_0,0.33771724,0.85897434,0.34570765,2024-02-26,19617,"{""type"":""MultiPoint"",""coordinates"":[]}"
19618_0,-0.0859329,0.5995986,-0.072986335,2024-02-26,19618,"{""type"":""MultiPoint"",""coordinates"":[]}"
19619_0,0.10461881,0.5908397,0.12862171,2024-02-26,19619,"{""type"":""MultiPoint"",""coordinates"":[]}"
19620_0,0.15625,0.6171875,0.15205725,2024-02-26,19620,"{""type"":""MultiPoint"",""coordinates"":[]}"
19621_0,0.3681361,0.8623482,0.43401456,2024-02-26,19621,"{""type"":""MultiPoint"",""coordinates"":[]}"
19622_0,-0.057330057,0.61559886,-0.05344757,2024-02-26,19622,"{""type"":""MultiPoint"",""coordinates"":[]}"
19623_0,0.17031574,0.65790325,0.1731741,2024-02-26,19623,"{""type"":""MultiPoint"",""coordinates"":[]}"
19624_0,0.34514356,0.8096552,0.29473683,2024-02-26,19624,"{""type"":""MultiPoint"",""coordinates"":[]}"
19625_0,-0.027200935,0.5708738,-0.04090101,2024-02-26,19625,"{""type"":""MultiPoint"",""coordinates"":[]}"
19626_0,0.1713787,0.7672887,0.15123346,2024-02-26,19626,"{""type"":""MultiPoint"",""coordinates"":[]}"
19627_0,0.40075502,0.88930583,0.4552023,2024-02-26,19627,"{""type"":""MultiPoint"",""coordinates"":[]}"
19628_0,0.17763382,0.80536246,0.20238096,2024-02-26,19628,"{""type"":""MultiPoint"",""coordinates"":[]}"
19629_0,0.22595732,0.8173913,0.22437024,2024-02-26,19629,"{""type"":""MultiPoint"",""coordinates"":[]}"
19630_0,0.19537461,0.79703355,0.1591138,2024-02-26,19630,"{""type"":""MultiPoint"",""coordinates"":[]}"
19631_0,0.02273295,0.6487763,-0.009287925,2024-02-26,19631,"{""type"":""MultiPoint"",""coordinates"":[]}"
19632_0,-0.15615684,0.40366563,-0.2324615,2024-02-26,19632,"{""type"":""MultiPoint"",""coordinates"":[]}"
19633_0,0.3164091,0.8102372,0.21899958,2024-02-26,19633,"{""type"":""MultiPoint"",""coordinates"":[]}"
19634_0,-0.09657321,0.4647303,-0.10970996,2024-02-26,19634,"{""type"":""MultiPoint"",""coordinates"":[]}"
19635_0,-0.1356453,0.5133961,-0.1062647,2024-02-26,19635,"{""type"":""MultiPoint"",""coordinates"":[]}"
19636_0,0.03952479,0.6303751,-0.08238929,2024-02-26,19636,"{""type"":""MultiPoint"",""coordinates"":[]}"
19637_0,-0.20553936,0.42231077,-0.26937836,2024-02-26,19637,"{""type"":""MultiPoint"",""coordinates"":[]}"
19638_0,0.34858188,0.84921294,0.35272726,2024-02-26,19638,"{""type"":""MultiPoint"",""coordinates"":[]}"
19639_0,-0.18956907,0.32230392,-0.19687384,2024-02-26,19639,"{""type"":""MultiPoint"",""coordinates"":[]}"
19640_0,0.035764378,0.71763325,0.032030974,2024-02-26,19640,"{""type"":""MultiPoint"",""coordinates"":[]}"
19641_0,0.17376606,0.70135134,0.15743507,2024-02-26,19641,"{""type"":""MultiPoint"",""coordinates"":[]}"
19642_0,-0.06168549,0.540665,-0.097933516,2024-02-26,19642,"{""type"":""MultiPoint"",""coordinates"":[]}"
19643_0,-0.06392987,0.5813953,-0.066895366,2024-02-26,19643,"{""type"":""MultiPoint"",""coordinates"":[]}"
19644_0,0.33606556,0.7947963,0.42980054,2024-02-26,19644,"{""type"":""MultiPoint"",""coordinates"":[]}"
19645_0,-0.05364807,0.44319168,-0.08269019,2024-02-26,19645,"{""type"":""MultiPoint"",""coordinates"":[]}"
19646_0,-0.11640894,0.38148668,-0.13766688,2024-02-26,19646,"{""type"":""MultiPoint"",""coordinates"":[]}"
19647_0,0.067729086,0.64351463,0.056197904,2024-02-26,19647,"{""type"":""MultiPoint"",""coordinates"":[]}"
19648_0,0.21662375,0.75470906,0.3261626,2024-02-26,19648,"{""type"":""MultiPoint"",""coordinates"":[]}"
19649_0,0.21814036,0.6405859,0.19614483,2024-02-26,19649,"{""type"":""MultiPoint"",""coordinates"":[]}"
19650_0,0.22572614,0.7363543,0.28751433,2024-02-26,19650,"{""type"":""MultiPoint"",""coordinates"":[]}"
19651_0,0.14185022,0.6479321,0.03084577,2024-02-26,19651,"{""type"":""MultiPoint"",""coordinates"":[]}"
19652_0,0.106205545,0.58669496,0.10334646,2024-02-26,19652,"{""type"":""MultiPoint"",""coordinates"":[]}"
19653_0,-0.06864015,0.4251497,-0.096431285,2024-02-26,19653,"{""type"":""MultiPoint"",""coordinates"":[]}"
19654_0,0.019852262,0.5432501,0.0021151586,2024-02-26,19654,"{""type"":""MultiPoint"",""coordinates"":[]}"
19655_0,0.31768706,0.8017136,0.3752725,2024-02-26,19655,"{""type"":""MultiPoint"",""coordinates"":[]}"
19656_0,0.21528977,0.7866215,0.14023237,2024-02-26,19656,"{""type"":""MultiPoint"",""coordinates"":[]}"
19657_0,-0.17247275,0.3224852,-0.21077025,2024-02-26,19657,"{""type"":""MultiPoint"",""coordinates"":[]}"
19658_0,0.2744361,0.75955415,0.24122438,2024-02-26,19658,"{""type"":""MultiPoint"",""coordinates"":[]}"
19659_0,0.06690218,0.3713931,0.022438122,2024-02-26,19659,"{""type"":""MultiPoint"",""coordinates"":[]}"
19660_0,-0.25532946,0.31594783,-0.32769665,2024-02-26,19660,"{""type"":""MultiPoint"",""coordinates"":[]}"
19661_0,0.15620689,0.51904017,0.086769916,2024-02-26,19661,"{""type"":""MultiPoint"",""coordinates"":[]}"
19662_0,0.15700291,0.5801527,0.13052976,2024-02-26,19662,"{""type"":""MultiPoint"",""coordinates"":[]}"
19663_0,0.29868543,0.7816764,0.22890757,2024-02-26,19663,"{""type"":""MultiPoint"",""coordinates"":[]}"
19664_0,0.27806452,0.81715894,0.2679097,2024-02-26,19664,"{""type"":""MultiPoint"",""coordinates"":[]}"
19665_0,-0.12937063,0.4392694,-0.1785249,2024-02-26,19665,"{""type"":""MultiPoint"",""coordinates"":[]}"
19666_0,-0.142078,0.52060735,-0.1979405,2024-02-26,19666,"{""type"":""MultiPoint"",""coordinates"":[]}"
19667_0,-0.0011494253,0.6472946,-0.028942706,2024-02-26,19667,"{""type"":""MultiPoint"",""coordinates"":[]}"
19668_0,0.085860014,0.59648573,0.22395958,2024-02-26,19668,"{""type"":""MultiPoint"",""coordinates"":[]}"
19669_0,0.11409396,0.60795456,0.08720707,2024-02-26,19669,"{""type"":""MultiPoint"",""coordinates"":[]}"
19670_0,-0.017529216,0.4728087,-0.028691983,2024-02-26,19670,"{""type"":""MultiPoint"",""coordinates"":[]}"
19671_0,0.003085687,0.57377046,-0.04477612,2024-02-26,19671,"{""type"":""MultiPoint"",""coordinates"":[]}"
19672_0,0.24673156,0.77978635,0.23068182,2024-02-26,19672,"{""type"":""MultiPoint"",""coordinates"":[]}"
19673_0,0.055940025,0.68493825,0.020640144,2024-02-26,19673,"{""type"":""MultiPoint"",""coordinates"":[]}"
19674_0,0.20477976,0.5997552,0.21271166,2024-02-26,19674,"{""type"":""MultiPoint"",""coordinates"":[]}"
19675_0,0.18119387,0.71602786,0.11931818,2024-02-26,19675,"{""type"":""MultiPoint"",""coordinates"":[]}"
19676_0,0.16983968,0.7377892,0.17623664,2024-02-26,19676,"{""type"":""MultiPoint"",""coordinates"":[]}"
19677_0,0.045998406,0.672956,0.018599562,2024-02-26,19677,"{""type"":""MultiPoint"",""coordinates"":[]}"
19678_0,0.26736718,0.82213813,0.21093996,2024-02-26,19678,"{""type"":""MultiPoint"",""coordinates"":[]}"
19679_0,-0.082536586,0.41122717,-0.123987034,2024-02-26,19679,"{""type"":""MultiPoint"",""coordinates"":[]}"
19680_0,0.43053547,0.83932537,0.44945785,2024-02-26,19680,"{""type"":""MultiPoint"",""coordinates"":[]}"
19681_0,0.30567542,0.7850421,0.26544943,2024-02-26,19681,"{""type"":""MultiPoint"",""coordinates"":[]}"
19682_0,-0.01526188,0.46749392,-0.036656633,2024-02-26,19682,"{""type"":""MultiPoint"",""coordinates"":[]}"
19683_0,0.4043492,0.882451,0.4099282,2024-02-26,19683,"{""type"":""MultiPoint"",""coordinates"":[]}"
19684_0,0.28194296,0.8104335,0.28870293,2024-02-26,19684,"{""type"":""MultiPoint"",""coordinates"":[]}"
19685_0,0.01887782,0.57190084,0.008216274,2024-02-26,19685,"{""type"":""MultiPoint"",""coordinates"":[]}"
19686_0,0.29371315,0.7660268,0.25799793,2024-02-26,19686,"{""type"":""MultiPoint"",""coordinates"":[]}"
19687_0,0.21678832,0.79347247,0.2193525,2024-02-26,19687,"{""type"":""MultiPoint"",""coordinates"":[]}"
19688_0,-0.09494865,0.4025283,-0.10677966,2024-02-26,19688,"{""type"":""MultiPoint"",""coordinates"":[]}"
19689_0,0.33084998,0.79930794,0.3559322,2024-02-26,19689,"{""type"":""MultiPoint"",""coordinates"":[]}"
19690_0,-0.12613636,0.4493392,-0.20194057,2024-02-26,19690,"{""type"":""MultiPoint"",""coordinates"":[]}"
19691_0,0.33226323,0.75531304,0.29491526,2024-02-26,19691,"{""type"":""MultiPoint"",""coordinates"":[]}"
19692_0,0.31098592,0.755832,0.29732835,2024-02-26,19692,"{""type"":""MultiPoint"",""coordinates"":[]}"
19693_0,0.38797814,0.83759123,0.33289212,2024-02-26,19693,"{""type"":""MultiPoint"",""coordinates"":[]}"
19698_0,0.29392081,0.8282753,0.3222698,2024-02-26,19698,"{""type"":""MultiPoint"",""coordinates"":[]}"
19701_0,0.12389937,0.6671435,0.11302133,2024-02-26,19701,"{""type"":""MultiPoint"",""coordinates"":[]}"
20119_0,0.0738255,0.60674155,0.017793594,2024-02-26,20119,"{""type"":""MultiPoint"",""coordinates"":[]}"
20120_0,-0.11107876,0.36461756,-0.13503867,2024-02-26,20120,"{""type"":""MultiPoint"",""coordinates"":[]}"
20121_0,-0.0014070352,0.5652174,-0.038998958,2024-02-26,20121,"{""type"":""MultiPoint"",""coordinates"":[]}"
20122_0,0.012704918,0.4158473,0.008029648,2024-02-26,20122,"{""type"":""MultiPoint"",""coordinates"":[]}"
20123_0,-0.1915559,0.3011383,-0.23550871,2024-02-26,20123,"{""type"":""MultiPoint"",""coordinates"":[]}"
20124_0,0.12931034,0.6984763,0.104563236,2024-02-26,20124,"{""type"":""MultiPoint"",""coordinates"":[]}"
20125_0,-0.20053655,0.4296578,-0.22686772,2024-02-26,20125,"{""type"":""MultiPoint"",""coordinates"":[]}"
20126_0,0.1431379,0.6570899,0.15503876,2024-02-26,20126,"{""type"":""MultiPoint"",""coordinates"":[]}"
20127_0,-0.25780863,0.37383178,-0.266284,2024-02-26,20127,"{""type"":""MultiPoint"",""coordinates"":[]}"
20128_0,0.16395015,0.68641573,0.08326325,2024-02-26,20128,"{""type"":""MultiPoint"",""coordinates"":[]}"
20129_0,0.103584535,0.6660087,0.14115739,2024-02-26,20129,"{""type"":""MultiPoint"",""coordinates"":[]}"
20130_0,0.13744076,0.64648116,0.102465756,2024-02-26,20130,"{""type"":""MultiPoint"",""coordinates"":[]}"
20131_0,0.053600788,0.40378007,0.06345591,2024-02-26,20131,"{""type"":""MultiPoint"",""coordinates"":[]}"
20132_0,0.01823775,0.42876345,-0.024770642,2024-02-26,20132,"{""type"":""MultiPoint"",""coordinates"":[]}"
20133_0,0.003630496,0.45480528,-0.096316025,2024-02-26,20133,"{""type"":""MultiPoint"",""coordinates"":[]}"
20134_0,-0.0011873664,0.5274769,-0.050847456,2024-02-26,20134,"{""type"":""MultiPoint"",""coordinates"":[]}"
20135_0,0.077111386,0.5423063,0.06798517,2024-02-26,20135,"{""type"":""MultiPoint"",""coordinates"":[]}"
20136_0,0.122124866,0.5321071,0.19386472,2024-02-26,20136,"{""type"":""MultiPoint"",""coordinates"":[]}"
20137_0,-0.16888434,0.3483146,-0.26748058,2024-02-26,20137,"{""type"":""MultiPoint"",""coordinates"":[]}"
20138_0,0.26065615,0.8012313,0.1773498,2024-02-26,20138,"{""type"":""MultiPoint"",""coordinates"":[]}"
20139_0,-0.003186163,0.5465862,-0.036201224,2024-02-26,20139,"{""type"":""MultiPoint"",""coordinates"":[]}"
20140_0,-0.19359206,0.28274876,-0.19224702,2024-02-26,20140,"{""type"":""MultiPoint"",""coordinates"":[]}"
20141_0,-0.0021645022,0.49114892,-0.037418775,2024-02-26,20141,"{""type"":""MultiPoint"",""coordinates"":[]}"
20142_0,-0.14799768,0.37926716,-0.14799768,2024-02-26,20142,"{""type"":""MultiPoint"",""coordinates"":[]}"
20143_0,-0.09027509,0.2685147,0.042857144,2024-02-26,20143,"{""type"":""MultiPoint"",""coordinates"":[]}"
20144_0,0.44126788,0.8411931,0.4351241,2024-02-26,20144,"{""type"":""MultiPoint"",""coordinates"":[]}"
20145_0,-0.16868103,0.42248636,-0.21530055,2024-02-26,20145,"{""type"":""MultiPoint"",""coordinates"":[]}"
20146_0,-0.23046489,0.3798847,-0.18161094,2024-02-26,20146,"{""type"":""MultiPoint"",""coordinates"":[]}"
20147_0,-0.033787567,0.5069767,-0.033016227,2024-02-26,20147,"{""type"":""MultiPoint"",""coordinates"":[]}"
20148_0,-0.0073664826,0.47700754,-0.008294931,2024-02-26,20148,"{""type"":""MultiPoint"",""coordinates"":[]}"
20149_0,0.14241645,0.72593236,0.08802624,2024-02-26,20149,"{""type"":""MultiPoint"",""coordinates"":[]}"
20150_0,-0.026935456,0.38848263,0.0011534025,2024-02-26,20150,"{""type"":""MultiPoint"",""coordinates"":[]}"
20151_0,-0.011988012,0.509375,-0.023749368,2024-02-26,20151,"{""type"":""MultiPoint"",""coordinates"":[]}"
20152_0,0.13198712,0.71736425,0.16568214,2024-02-26,20152,"{""type"":""MultiPoint"",""coordinates"":[]}"
20153_0,0.065003976,0.5403617,-0.0045610033,2024-02-26,20153,"{""type"":""MultiPoint"",""coordinates"":[]}"
20154_0,0.17835262,0.76915616,0.20356318,2024-02-26,20154,"{""type"":""MultiPoint"",""coordinates"":[]}"
20155_0,0.15394014,0.68006843,0.17288743,2024-02-26,20155,"{""type"":""MultiPoint"",""coordinates"":[]}"
20156_0,0.29064327,0.7698648,0.37746984,2024-02-26,20156,"{""type"":""MultiPoint"",""coordinates"":[]}"
20157_0,0.26641715,0.7234432,0.2716216,2024-02-26,20157,"{""type"":""MultiPoint"",""coordinates"":[]}"
20158_0,0.12777352,0.7211024,0.100473434,2024-02-26,20158,"{""type"":""MultiPoint"",""coordinates"":[]}"
20159_0,-0.17974684,0.45299146,-0.15632755,2024-02-26,20159,"{""type"":""MultiPoint"",""coordinates"":[]}"
20160_0,-0.19990799,0.38228095,-0.29751244,2024-02-26,20160,"{""type"":""MultiPoint"",""coordinates"":[]}"
20161_0,-0.015994271,0.42395693,-0.0028275212,2024-02-26,20161,"{""type"":""MultiPoint"",""coordinates"":[]}"
20162_0,-0.15008788,0.32605958,-0.2166584,2024-02-26,20162,"{""type"":""MultiPoint"",""coordinates"":[]}"
20163_0,-0.0064967517,0.34059945,-0.011551984,2024-02-26,20163,"{""type"":""MultiPoint"",""coordinates"":[]}"
20164_0,-0.042074926,0.4741784,-0.03828484,2024-02-26,20164,"{""type"":""MultiPoint"",""coordinates"":[]}"
20165_0,0.011219689,0.46153846,-0.027840482,2024-02-26,20165,"{""type"":""MultiPoint"",""coordinates"":[]}"
20166_0,0.24118866,0.7861771,0.20203489,2024-02-26,20166,"{""type"":""MultiPoint"",""coordinates"":[]}"
20167_0,0.14143485,0.73125,0.062659845,2024-02-26,20167,"{""type"":""MultiPoint"",""coordinates"":[]}"
20168_0,-0.02693234,0.52116585,-0.033722725,2024-02-26,20168,"{""type"":""MultiPoint"",""coordinates"":[]}"
20169_0,0.12014134,0.76653695,0.18654035,2024-02-26,20169,"{""type"":""MultiPoint"",""coordinates"":[]}"
20170_0,-0.1977492,0.45833334,-0.20647773,2024-02-26,20170,"{""type"":""MultiPoint"",""coordinates"":[]}"
20171_0,0.2893401,0.7867166,0.26072606,2024-02-26,20171,"{""type"":""MultiPoint"",""coordinates"":[]}"
20172_0,-0.18958467,0.4309368,-0.25465274,2024-02-26,20172,"{""type"":""MultiPoint"",""coordinates"":[]}"
20173_0,-0.1033275,0.22597402,-0.21789561,2024-02-26,20173,"{""type"":""MultiPoint"",""coordinates"":[]}"
20174_0,-0.008432684,0.5514462,-0.029080119,2024-02-26,20174,"{""type"":""MultiPoint"",""coordinates"":[]}"
20175_0,-0.16094822,0.37807608,-0.20336244,2024-02-26,20175,"{""type"":""MultiPoint"",""coordinates"":[]}"
20176_0,0.23693803,0.77096486,0.21987578,2024-02-26,20176,"{""type"":""MultiPoint"",""coordinates"":[]}"
20177_0,0.13088198,0.6804844,0.032627363,2024-02-26,20177,"{""type"":""MultiPoint"",""coordinates"":[]}"
20178_0,-0.17440741,0.33917734,-0.21080866,2024-02-26,20178,"{""type"":""MultiPoint"",""coordinates"":[]}"
20179_0,-0.18265916,0.31210986,-0.2159642,2024-02-26,20179,"{""type"":""MultiPoint"",""coordinates"":[]}"
20180_0,-0.013370217,0.39381152,-0.05167464,2024-02-26,20180,"{""type"":""MultiPoint"",""coordinates"":[]}"
20181_0,-0.0053448714,0.6121537,-0.045250066,2024-02-26,20181,"{""type"":""MultiPoint"",""coordinates"":[]}"
20182_0,-0.16320856,0.43994105,-0.16370639,2024-02-26,20182,"{""type"":""MultiPoint"",""coordinates"":[]}"
20183_0,-0.24511772,0.32204586,-0.29082307,2024-02-26,20183,"{""type"":""MultiPoint"",""coordinates"":[]}"
20184_0,-0.0124858115,0.48330915,-0.043518953,2024-02-26,20184,"{""type"":""MultiPoint"",""coordinates"":[]}"
20185_0,0.039904907,0.34670737,0.044125106,2024-02-26,20185,"{""type"":""MultiPoint"",""coordinates"":[]}"
20186_0,0.013775291,0.4426438,-0.0046042535,2024-02-26,20186,"{""type"":""MultiPoint"",""coordinates"":[]}"
20187_0,-0.09683631,0.08068714,0.020272762,2024-02-26,20187,"{""type"":""MultiPoint"",""coordinates"":[]}"
20188_0,-0.064603694,0.54201293,-0.08014321,2024-02-26,20188,"{""type"":""MultiPoint"",""coordinates"":[]}"
20189_0,-0.06771232,0.07732497,-0.15021636,2024-02-26,20189,"{""type"":""MultiPoint"",""coordinates"":[]}"
20190_0,0.050695013,0.5150145,0.005141388,2024-02-26,20190,"{""type"":""MultiPoint"",""coordinates"":[]}"
20191_0,0.15243903,0.6809557,0.10281236,2024-02-26,20191,"{""type"":""MultiPoint"",""coordinates"":[]}"
20192_0,-0.1390593,0.5206612,-0.20432432,2024-02-26,20192,"{""type"":""MultiPoint"",""coordinates"":[]}"
20193_0,-0.05327343,0.4425532,-0.0950951,2024-02-26,20193,"{""type"":""MultiPoint"",""coordinates"":[]}"
20194_0,0.1180891,0.6622773,0.1327527,2024-02-26,20194,"{""type"":""MultiPoint"",""coordinates"":[]}"
20195_0,0.14435512,0.6770311,0.15469614,2024-02-26,20195,"{""type"":""MultiPoint"",""coordinates"":[]}"
20196_0,-0.078085646,0.47765794,-0.10205992,2024-02-26,20196,"{""type"":""MultiPoint"",""coordinates"":[]}"
20197_0,-0.052772213,0.4975261,-0.072838664,2024-02-26,20197,"{""type"":""MultiPoint"",""coordinates"":[]}"
20198_0,-0.07985386,0.41954303,-0.17257014,2024-02-26,20198,"{""type"":""MultiPoint"",""coordinates"":[]}"
20199_0,-0.015159436,0.58018017,-0.0508658,2024-02-26,20199,"{""type"":""MultiPoint"",""coordinates"":[]}"
20200_0,0.046064753,0.49058026,0.04379947,2024-02-26,20200,"{""type"":""MultiPoint"",""coordinates"":[]}"
20201_0,-0.16929133,0.33669063,-0.17987199,2024-02-26,20201,"{""type"":""MultiPoint"",""coordinates"":[]}"
20202_0,-0.16744427,0.39810833,-0.16142341,2024-02-26,20202,"{""type"":""MultiPoint"",""coordinates"":[]}"
20203_0,-0.08058294,0.42157435,-0.016737245,2024-02-26,20203,"{""type"":""MultiPoint"",""coordinates"":[]}"
20204_0,-0.083887465,0.51314676,-0.08583141,2024-02-26,20204,"{""type"":""MultiPoint"",""coordinates"":[]}"
20205_0,-0.113662995,0.433572,-0.1373863,2024-02-26,20205,"{""type"":""MultiPoint"",""coordinates"":[]}"
20206_0,-0.11831805,0.3659985,-0.15207373,2024-02-26,20206,"{""type"":""MultiPoint"",""coordinates"":[]}"
20207_0,-0.016949153,0.35166994,0.01512357,2024-02-26,20207,"{""type"":""MultiPoint"",""coordinates"":[]}"
20208_0,0.06876332,0.6614853,0.048215747,2024-02-26,20208,"{""type"":""MultiPoint"",""coordinates"":[]}"
20209_0,-0.08190633,0.46036473,-0.14397906,2024-02-26,20209,"{""type"":""MultiPoint"",""coordinates"":[]}"
20210_0,-0.11460792,0.47437707,-0.15082589,2024-02-26,20210,"{""type"":""MultiPoint"",""coordinates"":[]}"
20211_0,0.20940578,0.78233284,0.18957655,2024-02-26,20211,"{""type"":""MultiPoint"",""coordinates"":[]}"
20212_0,0.060682226,0.45042494,0.080168776,2024-02-26,20212,"{""type"":""MultiPoint"",""coordinates"":[]}"
20213_0,0.045782264,0.52770585,0.054136146,2024-02-26,20213,"{""type"":""MultiPoint"",""coordinates"":[]}"
20214_0,-0.11568746,0.49364406,-0.13284133,2024-02-26,20214,"{""type"":""MultiPoint"",""coordinates"":[]}"
20215_0,-0.19027753,0.27876922,-0.22448218,2024-02-26,20215,"{""type"":""MultiPoint"",""coordinates"":[]}"
20216_0,0.4230554,0.8376699,0.3929938,2024-02-26,20216,"{""type"":""MultiPoint"",""coordinates"":[]}"
20217_0,0.18645002,0.76264775,0.11583358,2024-02-26,20217,"{""type"":""MultiPoint"",""coordinates"":[]}"
20218_0,0.2641464,0.67588496,0.3295305,2024-02-26,20218,"{""type"":""MultiPoint"",""coordinates"":[]}"
20219_0,-0.10529938,0.4601844,-0.16068417,2024-02-26,20219,"{""type"":""MultiPoint"",""coordinates"":[]}"
20220_0,-0.049127515,0.48556656,-0.06253399,2024-02-26,20220,"{""type"":""MultiPoint"",""coordinates"":[]}"
20221_0,-0.02405791,0.5946076,-0.18443733,2024-02-26,20221,"{""type"":""MultiPoint"",""coordinates"":[]}"
20222_0,-0.036563538,0.4768764,-0.019874213,2024-02-26,20222,"{""type"":""MultiPoint"",""coordinates"":[]}"
20223_0,0.30941966,0.83198863,0.23956326,2024-02-26,20223,"{""type"":""MultiPoint"",""coordinates"":[]}"
20224_0,0.22077923,0.7538583,0.22228351,2024-02-26,20224,"{""type"":""MultiPoint"",""coordinates"":[]}"
20225_0,0.04318322,0.55651426,0.07540984,2024-02-26,20225,"{""type"":""MultiPoint"",""coordinates"":[]}"
20226_0,0.13492927,0.6597645,0.12493121,2024-02-26,20226,"{""type"":""MultiPoint"",""coordinates"":[]}"
20227_0,0.33979136,0.82312024,0.34868905,2024-02-26,20227,"{""type"":""MultiPoint"",""coordinates"":[]}"
20228_0,0.23193198,0.75624084,0.1906421,2024-02-26,20228,"{""type"":""MultiPoint"",""coordinates"":[]}"
20229_0,0.24339232,0.7057728,0.38003767,2024-02-26,20229,"{""type"":""MultiPoint"",""coordinates"":[]}"
20230_0,0.06262448,0.61285716,0.03199269,2024-02-26,20230,"{""type"":""MultiPoint"",""coordinates"":[]}"
20231_0,0.062123198,0.5584844,0.027981527,2024-02-26,20231,"{""type"":""MultiPoint"",""coordinates"":[]}"
20232_0,-0.042197164,0.52088165,-0.044286497,2024-02-26,20232,"{""type"":""MultiPoint"",""coordinates"":[]}"
20233_0,0.2716175,0.78942066,0.24631579,2024-02-26,20233,"{""type"":""MultiPoint"",""coordinates"":[]}"
20234_0,0.11507353,0.2665563,0.11944394,2024-02-26,20234,"{""type"":""MultiPoint"",""coordinates"":[]}"
20235_0,-0.058216654,0.4583804,-0.053300735,2024-02-26,20235,"{""type"":""MultiPoint"",""coordinates"":[]}"
20236_0,0.0038938052,0.6103896,-0.08858801,2024-02-26,20236,"{""type"":""MultiPoint"",""coordinates"":[]}"
20237_0,0.10126256,0.6617822,0.09213951,2024-02-26,20237,"{""type"":""MultiPoint"",""coordinates"":[]}"
20238_0,0.35596222,0.7691962,0.28716105,2024-02-26,20238,"{""type"":""MultiPoint"",""coordinates"":[]}"
20239_0,-0.16511767,0.3639443,-0.23833543,2024-02-26,20239,"{""type"":""MultiPoint"",""coordinates"":[]}"
20240_0,-0.1550308,0.40518135,-0.24792013,2024-02-26,20240,"{""type"":""MultiPoint"",""coordinates"":[]}"
20241_0,0.14111233,0.59753084,0.13583498,2024-02-26,20241,"{""type"":""MultiPoint"",""coordinates"":[]}"
20242_0,0.39041704,0.87932044,0.4002619,2024-02-26,20242,"{""type"":""MultiPoint"",""coordinates"":[]}"
20243_0,0.23647027,0.74375,0.2183406,2024-02-26,20243,"{""type"":""MultiPoint"",""coordinates"":[]}"
20244_0,0.42057082,0.81124496,0.4309889,2024-02-26,20244,"{""type"":""MultiPoint"",""coordinates"":[]}"
20245_0,0.29404145,0.6983017,0.21863799,2024-02-26,20245,"{""type"":""MultiPoint"",""coordinates"":[]}"
20246_0,0.35953662,0.76730907,0.2306163,2024-02-26,20246,"{""type"":""MultiPoint"",""coordinates"":[]}"
20247_0,-0.13171057,0.36466336,-0.058309946,2024-02-26,20247,"{""type"":""MultiPoint"",""coordinates"":[]}"
20248_0,0.3580343,0.822439,0.38833147,2024-02-26,20248,"{""type"":""MultiPoint"",""coordinates"":[]}"
20249_0,0.1533593,0.7023091,0.15888755,2024-02-26,20249,"{""type"":""MultiPoint"",""coordinates"":[]}"
20250_0,-0.013758146,0.5990396,-0.02489019,2024-02-26,20250,"{""type"":""MultiPoint"",""coordinates"":[]}"
20251_0,0.2565203,0.78416014,0.290932,2024-02-26,20251,"{""type"":""MultiPoint"",""coordinates"":[]}"
20252_0,-0.14868805,0.3166458,-0.13451254,2024-02-26,20252,"{""type"":""MultiPoint"",""coordinates"":[]}"
20253_0,0.07844037,0.6204482,0.070552856,2024-02-26,20253,"{""type"":""MultiPoint"",""coordinates"":[]}"
20254_0,0.33128417,0.85576075,0.36613792,2024-02-26,20254,"{""type"":""MultiPoint"",""coordinates"":[]}"
20255_0,-0.19966266,0.35984406,-0.23992155,2024-02-26,20255,"{""type"":""MultiPoint"",""coordinates"":[]}"
20256_0,0.38301232,0.8273319,0.36620176,2024-02-26,20256,"{""type"":""MultiPoint"",""coordinates"":[]}"
20257_0,-8.3728717E-4,0.44961897,-0.023109844,2024-02-26,20257,"{""type"":""MultiPoint"",""coordinates"":[]}"
20258_0,0.17849141,0.6724611,0.05117884,2024-02-26,20258,"{""type"":""MultiPoint"",""coordinates"":[]}"
20259_0,0.12693799,0.59612906,0.15715621,2024-02-26,20259,"{""type"":""MultiPoint"",""coordinates"":[]}"
20260_0,0.25862068,0.7155266,0.23695198,2024-02-26,20260,"{""type"":""MultiPoint"",""coordinates"":[]}"
20261_0,0.18421052,0.7207977,0.2576783,2024-02-26,20261,"{""type"":""MultiPoint"",""coordinates"":[]}"
20262_0,0.08473724,0.44728225,0.09677419,2024-02-26,20262,"{""type"":""MultiPoint"",""coordinates"":[]}"
20263_0,0.26724765,0.80131006,0.24106807,2024-02-26,20263,"{""type"":""MultiPoint"",""coordinates"":[]}"
20264_0,0.21975309,0.7023733,0.25366083,2024-02-26,20264,"{""type"":""MultiPoint"",""coordinates"":[]}"
20265_0,0.1722554,0.6881221,0.17073171,2024-02-26,20265,"{""type"":""MultiPoint"",""coordinates"":[]}"
20266_0,0.13956603,0.63170165,0.13329735,2024-02-26,20266,"{""type"":""MultiPoint"",""coordinates"":[]}"
20267_0,0.08978786,0.6453466,0.07588279,2024-02-26,20267,"{""type"":""MultiPoint"",""coordinates"":[]}"
20268_0,0.24033931,0.7730627,0.22772278,2024-02-26,20268,"{""type"":""MultiPoint"",""coordinates"":[]}"
20269_0,0.056587838,0.5807473,0.05539112,2024-02-26,20269,"{""type"":""MultiPoint"",""coordinates"":[]}"
20270_0,0.32881156,0.72198087,0.27051282,2024-02-26,20270,"{""type"":""MultiPoint"",""coordinates"":[]}"
20271_0,-0.0281948,0.4198718,-0.027442371,2024-02-26,20271,"{""type"":""MultiPoint"",""coordinates"":[]}"
20272_0,0.37008873,0.80021954,0.24525437,2024-02-26,20272,"{""type"":""MultiPoint"",""coordinates"":[]}"
20273_0,0.37366137,0.79970324,0.3831243,2024-02-26,20273,"{""type"":""MultiPoint"",""coordinates"":[]}"
20277_0,0.25993708,0.7727885,0.20807834,2024-02-26,20277,"{""type"":""MultiPoint"",""coordinates"":[]}"
20839_0,0.45229542,0.85462755,0.49927008,2024-02-26,20839,"{""type"":""MultiPoint"",""coordinates"":[]}"
20840_0,0.26371682,0.8187533,0.25072047,2024-02-26,20840,"{""type"":""MultiPoint"",""coordinates"":[]}"
20841_0,0.09011628,0.6907051,0.058174524,2024-02-26,20841,"{""type"":""MultiPoint"",""coordinates"":[]}"
20842_0,-0.0038553332,0.4743862,-0.058459155,2024-02-26,20842,"{""type"":""MultiPoint"",""coordinates"":[]}"
20843_0,-0.134498,0.41630277,-0.16138764,2024-02-26,20843,"{""type"":""MultiPoint"",""coordinates"":[]}"
20844_0,-0.1948271,0.41484717,-0.24232681,2024-02-26,20844,"{""type"":""MultiPoint"",""coordinates"":[]}"
20845_0,-0.22037423,0.34412956,-0.2774755,2024-02-26,20845,"{""type"":""MultiPoint"",""coordinates"":[]}"
20846_0,-0.2915811,0.29150328,-0.35941213,2024-02-26,20846,"{""type"":""MultiPoint"",""coordinates"":[]}"
20847_0,-0.114908665,0.45454547,-0.16742082,2024-02-26,20847,"{""type"":""MultiPoint"",""coordinates"":[]}"
20848_0,0.0862636,0.7398025,0.057411272,2024-02-26,20848,"{""type"":""MultiPoint"",""coordinates"":[]}"
20849_0,0.26509574,0.7976984,0.19580983,2024-02-26,20849,"{""type"":""MultiPoint"",""coordinates"":[]}"
20850_0,-0.020190815,0.47679615,-0.033955477,2024-02-26,20850,"{""type"":""MultiPoint"",""coordinates"":[]}"
20851_0,-0.018161181,0.5992293,-0.038795598,2024-02-26,20851,"{""type"":""MultiPoint"",""coordinates"":[]}"
20852_0,-0.24806409,0.29745597,-0.27600327,2024-02-26,20852,"{""type"":""MultiPoint"",""coordinates"":[]}"
20853_0,0.029243292,0.61954886,0.1445271,2024-02-26,20853,"{""type"":""MultiPoint"",""coordinates"":[]}"
20854_0,0.32771194,0.7786093,0.31823435,2024-02-26,20854,"{""type"":""MultiPoint"",""coordinates"":[]}"
20855_0,-0.18203422,0.3572957,-0.22121286,2024-02-26,20855,"{""type"":""MultiPoint"",""coordinates"":[]}"
20856_0,0.024793388,0.6136364,-0.018998273,2024-02-26,20856,"{""type"":""MultiPoint"",""coordinates"":[]}"
20857_0,0.26948926,0.7853922,0.291164,2024-02-26,20857,"{""type"":""MultiPoint"",""coordinates"":[]}"
20858_0,0.06219725,0.625,0.05060808,2024-02-26,20858,"{""type"":""MultiPoint"",""coordinates"":[]}"
20859_0,0.04450538,0.1263504,0.028522411,2024-02-26,20859,"{""type"":""MultiPoint"",""coordinates"":[]}"
20860_0,-0.10377359,0.44166666,-0.14987715,2024-02-26,20860,"{""type"":""MultiPoint"",""coordinates"":[]}"
20861_0,-0.075793654,0.3979872,-0.08374975,2024-02-26,20861,"{""type"":""MultiPoint"",""coordinates"":[]}"
20862_0,0.15023474,0.65549785,0.095565274,2024-02-26,20862,"{""type"":""MultiPoint"",""coordinates"":[]}"
20863_0,-0.04257028,0.5063492,-0.012743823,2024-02-26,20863,"{""type"":""MultiPoint"",""coordinates"":[]}"
20864_0,0.28817892,0.80451125,0.20257695,2024-02-26,20864,"{""type"":""MultiPoint"",""coordinates"":[]}"
20865_0,-0.12881874,0.38708416,-0.11155678,2024-02-26,20865,"{""type"":""MultiPoint"",""coordinates"":[]}"
20866_0,-0.08384311,0.3903387,-0.092095725,2024-02-26,20866,"{""type"":""MultiPoint"",""coordinates"":[]}"
20867_0,0.20044297,0.77988166,0.02035278,2024-02-26,20867,"{""type"":""MultiPoint"",""coordinates"":[]}"
20868_0,0.18745218,0.6498434,0.1960636,2024-02-26,20868,"{""type"":""MultiPoint"",""coordinates"":[]}"
20869_0,-0.094445646,0.39009902,-0.09184994,2024-02-26,20869,"{""type"":""MultiPoint"",""coordinates"":[]}"
20870_0,-0.20844327,0.29448232,-0.21118248,2024-02-26,20870,"{""type"":""MultiPoint"",""coordinates"":[]}"
20871_0,0.021298435,0.46666667,-0.0039484072,2024-02-26,20871,"{""type"":""MultiPoint"",""coordinates"":[]}"
20872_0,0.030264005,0.4665364,-0.0016627868,2024-02-26,20872,"{""type"":""MultiPoint"",""coordinates"":[]}"
20873_0,0.28723794,0.8,0.34681496,2024-02-26,20873,"{""type"":""MultiPoint"",""coordinates"":[]}"
20874_0,-0.03250831,0.38058552,-0.019514864,2024-02-26,20874,"{""type"":""MultiPoint"",""coordinates"":[]}"
20875_0,-0.1498163,0.1608133,-0.1473184,2024-02-26,20875,"{""type"":""MultiPoint"",""coordinates"":[]}"
20876_0,-0.13399728,0.4375517,-0.18076833,2024-02-26,20876,"{""type"":""MultiPoint"",""coordinates"":[]}"
20877_0,-0.082670905,0.3529412,-0.1474305,2024-02-26,20877,"{""type"":""MultiPoint"",""coordinates"":[]}"
20878_0,0.15815204,0.6516762,0.07963656,2024-02-26,20878,"{""type"":""MultiPoint"",""coordinates"":[]}"
20879_0,0.16193104,0.804499,0.18442953,2024-02-26,20879,"{""type"":""MultiPoint"",""coordinates"":[]}"
20880_0,-0.1842576,0.3179973,-0.25903386,2024-02-26,20880,"{""type"":""MultiPoint"",""coordinates"":[]}"
20881_0,0.17840375,0.8087458,0.211458,2024-02-26,20881,"{""type"":""MultiPoint"",""coordinates"":[]}"
20882_0,-0.1802721,0.35885167,-0.21723878,2024-02-26,20882,"{""type"":""MultiPoint"",""coordinates"":[]}"
20883_0,0.13263278,0.6529081,0.071450286,2024-02-26,20883,"{""type"":""MultiPoint"",""coordinates"":[]}"
20884_0,0.1985677,0.7619577,0.12539965,2024-02-26,20884,"{""type"":""MultiPoint"",""coordinates"":[]}"
20885_0,0.20613497,0.7532369,0.28031147,2024-02-26,20885,"{""type"":""MultiPoint"",""coordinates"":[]}"
20886_0,-0.15296198,0.36165193,-0.17097701,2024-02-26,20886,"{""type"":""MultiPoint"",""coordinates"":[]}"
20887_0,0.15337424,0.65200764,0.11196911,2024-02-26,20887,"{""type"":""MultiPoint"",""coordinates"":[]}"
20888_0,0.06839493,0.62553924,0.054575987,2024-02-26,20888,"{""type"":""MultiPoint"",""coordinates"":[]}"
20889_0,0.22829176,0.81395346,0.21008404,2024-02-26,20889,"{""type"":""MultiPoint"",""coordinates"":[]}"
20890_0,-0.03803132,0.058923997,0.008950366,2024-02-26,20890,"{""type"":""MultiPoint"",""coordinates"":[]}"
20891_0,-0.12072305,0.50478333,0.0132626,2024-02-26,20891,"{""type"":""MultiPoint"",""coordinates"":[]}"
20892_0,-0.058958653,0.4304041,-0.10728583,2024-02-26,20892,"{""type"":""MultiPoint"",""coordinates"":[]}"
20893_0,-0.09666081,0.5357294,-0.092,2024-02-26,20893,"{""type"":""MultiPoint"",""coordinates"":[]}"
20894_0,-0.1624581,0.27824402,-0.13555992,2024-02-26,20894,"{""type"":""MultiPoint"",""coordinates"":[]}"
20895_0,0.259404,0.7378641,0.17248908,2024-02-26,20895,"{""type"":""MultiPoint"",""coordinates"":[]}"
20896_0,-0.036271244,0.31273764,-0.03409687,2024-02-26,20896,"{""type"":""MultiPoint"",""coordinates"":[]}"
20897_0,0.16281287,0.5551537,0.10087045,2024-02-26,20897,"{""type"":""MultiPoint"",""coordinates"":[]}"
20898_0,0.22993548,0.75783366,0.20722635,2024-02-26,20898,"{""type"":""MultiPoint"",""coordinates"":[]}"
20899_0,0.039790254,0.04149244,0.01968194,2024-02-26,20899,"{""type"":""MultiPoint"",""coordinates"":[]}"
20900_0,-0.075248756,0.5046729,-0.14617169,2024-02-26,20900,"{""type"":""MultiPoint"",""coordinates"":[]}"
20901_0,-0.104007415,0.42619708,-0.13882916,2024-02-26,20901,"{""type"":""MultiPoint"",""coordinates"":[]}"
20902_0,-0.015119917,0.47142857,-0.024467245,2024-02-26,20902,"{""type"":""MultiPoint"",""coordinates"":[]}"
20903_0,0.13218732,0.56426466,0.118072286,2024-02-26,20903,"{""type"":""MultiPoint"",""coordinates"":[]}"
20904_0,0.016736401,0.672601,0.01208618,2024-02-26,20904,"{""type"":""MultiPoint"",""coordinates"":[]}"
20905_0,0.08457711,0.54868627,0.06823028,2024-02-26,20905,"{""type"":""MultiPoint"",""coordinates"":[]}"
20906_0,0.1751687,0.6365884,0.1303358,2024-02-26,20906,"{""type"":""MultiPoint"",""coordinates"":[]}"
20907_0,-0.014930586,0.060909793,-0.027218098,2024-02-26,20907,"{""type"":""MultiPoint"",""coordinates"":[]}"
20908_0,-0.19964781,0.34771356,-0.2712853,2024-02-26,20908,"{""type"":""MultiPoint"",""coordinates"":[]}"
20909_0,-0.004627487,0.38941655,-0.029153828,2024-02-26,20909,"{""type"":""MultiPoint"",""coordinates"":[]}"
20910_0,-0.0052399915,0.5217702,-0.058719646,2024-02-26,20910,"{""type"":""MultiPoint"",""coordinates"":[]}"
20911_0,-0.17209834,0.25520334,-0.02244389,2024-02-26,20911,"{""type"":""MultiPoint"",""coordinates"":[]}"
20912_0,0.27620184,0.82082766,0.24579963,2024-02-26,20912,"{""type"":""MultiPoint"",""coordinates"":[]}"
20913_0,-0.13206808,0.35585043,-0.12546197,2024-02-26,20913,"{""type"":""MultiPoint"",""coordinates"":[]}"
20914_0,-0.008890018,0.6640471,-0.07934783,2024-02-26,20914,"{""type"":""MultiPoint"",""coordinates"":[]}"
20915_0,-0.183224,0.39765555,-0.2392638,2024-02-26,20915,"{""type"":""MultiPoint"",""coordinates"":[]}"
20916_0,-0.011391094,0.5937674,-0.011391094,2024-02-26,20916,"{""type"":""MultiPoint"",""coordinates"":[]}"
20917_0,-0.09645869,0.12118492,-0.1309793,2024-02-26,20917,"{""type"":""MultiPoint"",""coordinates"":[]}"
20918_0,-0.15513816,0.337386,-0.1848833,2024-02-26,20918,"{""type"":""MultiPoint"",""coordinates"":[]}"
20919_0,-0.12844425,0.47031963,-0.15890291,2024-02-26,20919,"{""type"":""MultiPoint"",""coordinates"":[]}"
20920_0,0.042108122,0.6438596,0.030519659,2024-02-26,20920,"{""type"":""MultiPoint"",""coordinates"":[]}"
20921_0,-0.1484929,0.4460094,-0.16738003,2024-02-26,20921,"{""type"":""MultiPoint"",""coordinates"":[]}"
20922_0,-0.14671814,0.46770602,-0.14967743,2024-02-26,20922,"{""type"":""MultiPoint"",""coordinates"":[]}"
20923_0,-0.13263418,0.44549763,-0.20157067,2024-02-26,20923,"{""type"":""MultiPoint"",""coordinates"":[]}"
20924_0,-0.039404906,0.42436412,-0.09696584,2024-02-26,20924,"{""type"":""MultiPoint"",""coordinates"":[]}"
20925_0,-0.07628866,0.4319683,-0.092507325,2024-02-26,20925,"{""type"":""MultiPoint"",""coordinates"":[]}"
20926_0,-0.21453421,0.3025374,-0.22161742,2024-02-26,20926,"{""type"":""MultiPoint"",""coordinates"":[]}"
20927_0,-0.022112085,0.6091954,0.04607721,2024-02-26,20927,"{""type"":""MultiPoint"",""coordinates"":[]}"
20928_0,-0.22237381,0.41567695,-0.20107238,2024-02-26,20928,"{""type"":""MultiPoint"",""coordinates"":[]}"
20929_0,-0.13358538,0.4803002,-0.0654427,2024-02-26,20929,"{""type"":""MultiPoint"",""coordinates"":[]}"
20930_0,-0.13529706,0.4054054,-0.13984962,2024-02-26,20930,"{""type"":""MultiPoint"",""coordinates"":[]}"
20931_0,-0.18448061,0.41251132,-0.20591234,2024-02-26,20931,"{""type"":""MultiPoint"",""coordinates"":[]}"
20932_0,-0.17058502,0.44294003,-0.17864025,2024-02-26,20932,"{""type"":""MultiPoint"",""coordinates"":[]}"
20933_0,-0.1906395,0.32342008,-0.20228152,2024-02-26,20933,"{""type"":""MultiPoint"",""coordinates"":[]}"
20934_0,-0.05897772,0.48138958,-0.15017794,2024-02-26,20934,"{""type"":""MultiPoint"",""coordinates"":[]}"
20935_0,-0.06620057,0.478979,-0.106575966,2024-02-26,20935,"{""type"":""MultiPoint"",""coordinates"":[]}"
20936_0,-0.15540035,0.37892196,-0.14937966,2024-02-26,20936,"{""type"":""MultiPoint"",""coordinates"":[]}"
20937_0,-0.09721892,0.3854666,-0.10272336,2024-02-26,20937,"{""type"":""MultiPoint"",""coordinates"":[]}"
20938_0,-0.08217391,0.5,-0.14779802,2024-02-26,20938,"{""type"":""MultiPoint"",""coordinates"":[]}"
20939_0,-0.07379024,0.49888143,-0.09905872,2024-02-26,20939,"{""type"":""MultiPoint"",""coordinates"":[]}"
20940_0,-0.0315735,0.67770815,-0.03077321,2024-02-26,20940,"{""type"":""MultiPoint"",""coordinates"":[]}"
20941_0,-0.1321445,0.39606127,-0.12801823,2024-02-26,20941,"{""type"":""MultiPoint"",""coordinates"":[]}"
20942_0,0.014304291,0.6183965,-0.075940385,2024-02-26,20942,"{""type"":""MultiPoint"",""coordinates"":[]}"
20943_0,-0.04260355,0.54219407,-0.09305211,2024-02-26,20943,"{""type"":""MultiPoint"",""coordinates"":[]}"
20944_0,0.08779762,0.71923745,0.09653648,2024-02-26,20944,"{""type"":""MultiPoint"",""coordinates"":[]}"
20945_0,0.10688217,0.46354514,0.121763654,2024-02-26,20945,"{""type"":""MultiPoint"",""coordinates"":[]}"
20946_0,-0.14333573,0.4313477,-0.17021798,2024-02-26,20946,"{""type"":""MultiPoint"",""coordinates"":[]}"
20947_0,-0.15382758,0.34745097,-0.1633796,2024-02-26,20947,"{""type"":""MultiPoint"",""coordinates"":[]}"
20948_0,0.23592176,0.75177306,0.21041347,2024-02-26,20948,"{""type"":""MultiPoint"",""coordinates"":[]}"
20949_0,0.0025974025,0.60441583,-0.048034936,2024-02-26,20949,"{""type"":""MultiPoint"",""coordinates"":[]}"
20950_0,0.055453543,0.7024894,0.04315476,2024-02-26,20950,"{""type"":""MultiPoint"",""coordinates"":[]}"
20951_0,0.04749546,0.6179372,-0.008518823,2024-02-26,20951,"{""type"":""MultiPoint"",""coordinates"":[]}"
20952_0,-0.11302951,0.38825032,-0.12090578,2024-02-26,20952,"{""type"":""MultiPoint"",""coordinates"":[]}"
20953_0,0.43894768,0.84814435,0.46901217,2024-02-26,20953,"{""type"":""MultiPoint"",""coordinates"":[]}"
20954_0,0.086153105,0.62389886,0.05367793,2024-02-26,20954,"{""type"":""MultiPoint"",""coordinates"":[]}"
20955_0,0.19389205,0.83818084,0.20988514,2024-02-26,20955,"{""type"":""MultiPoint"",""coordinates"":[]}"
20956_0,0.301353,0.8566745,0.3987297,2024-02-26,20956,"{""type"":""MultiPoint"",""coordinates"":[]}"
20957_0,0.19009902,0.7440411,0.18485302,2024-02-26,20957,"{""type"":""MultiPoint"",""coordinates"":[]}"
20958_0,0.25110376,0.7585421,0.26109448,2024-02-26,20958,"{""type"":""MultiPoint"",""coordinates"":[]}"
20959_0,0.36788273,0.80073124,0.3600276,2024-02-26,20959,"{""type"":""MultiPoint"",""coordinates"":[]}"
20960_0,0.068517424,0.7318225,0.07534447,2024-02-26,20960,"{""type"":""MultiPoint"",""coordinates"":[]}"
20961_0,0.4234122,0.8071625,0.42520174,2024-02-26,20961,"{""type"":""MultiPoint"",""coordinates"":[]}"
20962_0,-0.1958929,0.3270758,-0.23544092,2024-02-26,20962,"{""type"":""MultiPoint"",""coordinates"":[]}"
20963_0,0.0627794,0.5627457,0.034634635,2024-02-26,20963,"{""type"":""MultiPoint"",""coordinates"":[]}"
20964_0,0.12951542,0.68689656,0.10628675,2024-02-26,20964,"{""type"":""MultiPoint"",""coordinates"":[]}"
20965_0,0.0033482143,0.5117371,-0.051825676,2024-02-26,20965,"{""type"":""MultiPoint"",""coordinates"":[]}"
20966_0,0.21900664,0.73431516,0.19166161,2024-02-26,20966,"{""type"":""MultiPoint"",""coordinates"":[]}"
20967_0,0.06498195,0.76810384,0.07617834,2024-02-26,20967,"{""type"":""MultiPoint"",""coordinates"":[]}"
20968_0,0.15168539,0.6480736,0.15100402,2024-02-26,20968,"{""type"":""MultiPoint"",""coordinates"":[]}"
20969_0,0.250064,0.8185841,0.057574783,2024-02-26,20969,"{""type"":""MultiPoint"",""coordinates"":[]}"
20970_0,0.3525398,0.8298714,0.3683432,2024-02-26,20970,"{""type"":""MultiPoint"",""coordinates"":[]}"
20971_0,0.21306455,0.7298985,0.17935072,2024-02-26,20971,"{""type"":""MultiPoint"",""coordinates"":[]}"
20972_0,-0.14811084,0.40417802,-0.19163398,2024-02-26,20972,"{""type"":""MultiPoint"",""coordinates"":[]}"
20973_0,0.18208955,0.79479903,0.26786909,2024-02-26,20973,"{""type"":""MultiPoint"",""coordinates"":[]}"
20974_0,-0.1397674,0.43599868,-0.12281407,2024-02-26,20974,"{""type"":""MultiPoint"",""coordinates"":[]}"
20975_0,0.39553753,0.88438904,0.50553095,2024-02-26,20975,"{""type"":""MultiPoint"",""coordinates"":[]}"
20976_0,0.117387034,0.7208565,0.09402571,2024-02-26,20976,"{""type"":""MultiPoint"",""coordinates"":[]}"
20977_0,0.09043684,0.6363636,0.09322034,2024-02-26,20977,"{""type"":""MultiPoint"",""coordinates"":[]}"
20978_0,-0.11693002,0.4089404,-0.1848659,2024-02-26,20978,"{""type"":""MultiPoint"",""coordinates"":[]}"
20979_0,0.16084304,0.6804836,0.12518069,2024-02-26,20979,"{""type"":""MultiPoint"",""coordinates"":[]}"
20980_0,0.3602837,0.8240245,0.13849093,2024-02-26,20980,"{""type"":""MultiPoint"",""coordinates"":[]}"
20981_0,0.2389706,0.7269598,0.21823578,2024-02-26,20981,"{""type"":""MultiPoint"",""coordinates"":[]}"
20982_0,0.25421968,0.7639485,0.2639672,2024-02-26,20982,"{""type"":""MultiPoint"",""coordinates"":[]}"
20983_0,0.12953077,0.65,0.122130916,2024-02-26,20983,"{""type"":""MultiPoint"",""coordinates"":[]}"
20984_0,0.20497803,0.67259526,0.17162472,2024-02-26,20984,"{""type"":""MultiPoint"",""coordinates"":[]}"
20985_0,0.43540668,0.82625943,0.44461876,2024-02-26,20985,"{""type"":""MultiPoint"",""coordinates"":[]}"
20986_0,0.09178511,0.57379913,-0.022511527,2024-02-26,20986,"{""type"":""MultiPoint"",""coordinates"":[]}"
20987_0,0.24755347,0.81023455,0.24122807,2024-02-26,20987,"{""type"":""MultiPoint"",""coordinates"":[]}"
20988_0,0.09824958,0.67459416,0.16277851,2024-02-26,20988,"{""type"":""MultiPoint"",""coordinates"":[]}"
20989_0,0.35549873,0.78150034,0.3200216,2024-02-26,20989,"{""type"":""MultiPoint"",""coordinates"":[]}"
20990_0,0.34534755,0.84501064,0.32267883,2024-02-26,20990,"{""type"":""MultiPoint"",""coordinates"":[]}"
20991_0,0.25979176,0.6056911,0.22702563,2024-02-26,20991,"{""type"":""MultiPoint"",""coordinates"":[]}"
20992_0,0.38639218,0.8370542,0.4432802,2024-02-26,20992,"{""type"":""MultiPoint"",""coordinates"":[]}"
20993_0,-0.033984374,0.43459392,-0.06712356,2024-02-26,20993,"{""type"":""MultiPoint"",""coordinates"":[]}"
20994_0,0.1406952,0.6592398,0.16440561,2024-02-26,20994,"{""type"":""MultiPoint"",""coordinates"":[]}"
20995_0,0.20254436,0.79527557,0.17890383,2024-02-26,20995,"{""type"":""MultiPoint"",""coordinates"":[]}"
20996_0,0.41975954,0.8599193,0.39111355,2024-02-26,20996,"{""type"":""MultiPoint"",""coordinates"":[]}"
20997_0,0.06566955,0.53154576,-0.014463334,2024-02-26,20997,"{""type"":""MultiPoint"",""coordinates"":[]}"
20998_0,0.19719954,0.7327001,0.19513336,2024-02-26,20998,"{""type"":""MultiPoint"",""coordinates"":[]}"
20999_0,0.07609493,0.625817,0.026302218,2024-02-26,20999,"{""type"":""MultiPoint"",""coordinates"":[]}"
21000_0,0.1512646,0.6563749,0.13291925,2024-02-26,21000,"{""type"":""MultiPoint"",""coordinates"":[]}"
21001_0,0.25576207,0.7763646,0.2521479,2024-02-26,21001,"{""type"":""MultiPoint"",""coordinates"":[]}"
21002_0,0.36759982,0.9716206,0.31408662,2024-02-26,21002,"{""type"":""MultiPoint"",""coordinates"":[]}"
21003_0,0.110639304,0.65883243,0.07439234,2024-02-26,21003,"{""type"":""MultiPoint"",""coordinates"":[]}"
21004_0,-0.1117259,0.33665216,-0.09747899,2024-02-26,21004,"{""type"":""MultiPoint"",""coordinates"":[]}"
21005_0,0.078337625,0.5013123,-0.04547351,2024-02-26,21005,"{""type"":""MultiPoint"",""coordinates"":[]}"
21006_0,-0.120987654,0.5500686,-0.09309791,2024-02-26,21006,"{""type"":""MultiPoint"",""coordinates"":[]}"
21007_0,0.29621655,0.7744361,0.2998776,2024-02-26,21007,"{""type"":""MultiPoint"",""coordinates"":[]}"
21008_0,0.32593703,0.81914896,0.20677488,2024-02-26,21008,"{""type"":""MultiPoint"",""coordinates"":[]}"
21009_0,0.2391966,0.70635253,0.23733984,2024-02-26,21009,"{""type"":""MultiPoint"",""coordinates"":[]}"
21010_0,0.19552378,0.7625571,0.19727047,2024-02-26,21010,"{""type"":""MultiPoint"",""coordinates"":[]}"
21011_0,0.44964027,0.8274399,0.43396226,2024-02-26,21011,"{""type"":""MultiPoint"",""coordinates"":[]}"
21012_0,0.039335836,0.5320887,0.03876582,2024-02-26,21012,"{""type"":""MultiPoint"",""coordinates"":[]}"
21013_0,0.009533367,0.5332742,-0.066450566,2024-02-26,21013,"{""type"":""MultiPoint"",""coordinates"":[]}"
21014_0,0.1524183,0.712778,0.16722322,2024-02-26,21014,"{""type"":""MultiPoint"",""coordinates"":[]}"
21015_0,0.28589842,0.762249,0.2260408,2024-02-26,21015,"{""type"":""MultiPoint"",""coordinates"":[]}"
21016_0,-0.040623523,0.50379544,-0.07858017,2024-02-26,21016,"{""type"":""MultiPoint"",""coordinates"":[]}"
21017_0,-0.16130179,0.30076516,-0.19269407,2024-02-26,21017,"{""type"":""MultiPoint"",""coordinates"":[]}"
21018_0,0.4551154,0.82558584,0.42617047,2024-02-26,21018,"{""type"":""MultiPoint"",""coordinates"":[]}"
21586_0,0.05277701,0.51943797,-0.027577939,2024-02-26,21586,"{""type"":""MultiPoint"",""coordinates"":[]}"
21587_0,-0.0064874883,0.55994153,-0.008824895,2024-02-26,21587,"{""type"":""MultiPoint"",""coordinates"":[]}"
21588_0,-0.23516484,0.35200748,-0.27181292,2024-02-26,21588,"{""type"":""MultiPoint"",""coordinates"":[]}"
21589_0,0.101553164,0.52495885,0.10405084,2024-02-26,21589,"{""type"":""MultiPoint"",""coordinates"":[]}"
21590_0,-0.054420207,0.57491857,-0.085579194,2024-02-26,21590,"{""type"":""MultiPoint"",""coordinates"":[]}"
21591_0,0.18247448,0.72246695,0.17652959,2024-02-26,21591,"{""type"":""MultiPoint"",""coordinates"":[]}"
21592_0,-0.12169312,0.34945586,-0.123674914,2024-02-26,21592,"{""type"":""MultiPoint"",""coordinates"":[]}"
21593_0,0.13191077,0.7243642,0.08016444,2024-02-26,21593,"{""type"":""MultiPoint"",""coordinates"":[]}"
21594_0,0.15691788,0.6601816,0.12313542,2024-02-26,21594,"{""type"":""MultiPoint"",""coordinates"":[]}"
21595_0,0.14406332,0.5781126,0.101882614,2024-02-26,21595,"{""type"":""MultiPoint"",""coordinates"":[]}"
21596_0,-0.16401869,0.42239088,-0.14135166,2024-02-26,21596,"{""type"":""MultiPoint"",""coordinates"":[]}"
21597_0,0.011588785,0.48268157,0.0018875047,2024-02-26,21597,"{""type"":""MultiPoint"",""coordinates"":[]}"
21598_0,0.031465515,0.52327615,-0.016052453,2024-02-26,21598,"{""type"":""MultiPoint"",""coordinates"":[]}"
21599_0,-0.05889387,0.5852958,-0.124087594,2024-02-26,21599,"{""type"":""MultiPoint"",""coordinates"":[]}"
21600_0,0.29732484,0.837037,0.26157966,2024-02-26,21600,"{""type"":""MultiPoint"",""coordinates"":[]}"
21601_0,-0.04352528,0.524735,-0.055798687,2024-02-26,21601,"{""type"":""MultiPoint"",""coordinates"":[]}"
21602_0,0.26903552,0.8154463,0.2221472,2024-02-26,21602,"{""type"":""MultiPoint"",""coordinates"":[]}"
21603_0,-0.09058971,0.53788936,-0.13561536,2024-02-26,21603,"{""type"":""MultiPoint"",""coordinates"":[]}"
21604_0,0.14698163,0.7188755,0.07076483,2024-02-26,21604,"{""type"":""MultiPoint"",""coordinates"":[]}"
21605_0,0.35788742,0.67410713,0.23762377,2024-02-26,21605,"{""type"":""MultiPoint"",""coordinates"":[]}"
21606_0,-0.1760406,0.35904628,-0.19817956,2024-02-26,21606,"{""type"":""MultiPoint"",""coordinates"":[]}"
21607_0,0.16139157,0.71380043,0.11460923,2024-02-26,21607,"{""type"":""MultiPoint"",""coordinates"":[]}"
21608_0,-0.065743946,0.2248394,-0.037037037,2024-02-26,21608,"{""type"":""MultiPoint"",""coordinates"":[]}"
21609_0,0.13842238,0.67255956,0.12483846,2024-02-26,21609,"{""type"":""MultiPoint"",""coordinates"":[]}"
21610_0,0.20241217,0.7687555,0.13702127,2024-02-26,21610,"{""type"":""MultiPoint"",""coordinates"":[]}"
21611_0,-0.16124232,0.40156007,-0.16318928,2024-02-26,21611,"{""type"":""MultiPoint"",""coordinates"":[]}"
21612_0,0.07805287,0.42724457,0.1146484,2024-02-26,21612,"{""type"":""MultiPoint"",""coordinates"":[]}"
21613_0,0.052947804,0.62728786,0.0755132,2024-02-26,21613,"{""type"":""MultiPoint"",""coordinates"":[]}"
21614_0,0.3283178,0.7909308,0.2540107,2024-02-26,21614,"{""type"":""MultiPoint"",""coordinates"":[]}"
21615_0,0.2513089,0.7510228,0.27164686,2024-02-26,21615,"{""type"":""MultiPoint"",""coordinates"":[]}"
21616_0,-0.16670541,0.42251223,-0.17987303,2024-02-26,21616,"{""type"":""MultiPoint"",""coordinates"":[]}"
21617_0,0.15496227,0.6839237,0.120241694,2024-02-26,21617,"{""type"":""MultiPoint"",""coordinates"":[]}"
21618_0,0.3544137,0.78497523,0.33873144,2024-02-26,21618,"{""type"":""MultiPoint"",""coordinates"":[]}"
21619_0,0.20156337,0.7027143,0.16030534,2024-02-26,21619,"{""type"":""MultiPoint"",""coordinates"":[]}"
21620_0,0.21977368,0.7923045,0.24626006,2024-02-26,21620,"{""type"":""MultiPoint"",""coordinates"":[]}"
21621_0,0.11496504,0.7469704,0.06501182,2024-02-26,21621,"{""type"":""MultiPoint"",""coordinates"":[]}"
21622_0,0.0471863,0.66779006,0.119224556,2024-02-26,21622,"{""type"":""MultiPoint"",""coordinates"":[]}"
21623_0,0.059011165,0.5630573,0.08608099,2024-02-26,21623,"{""type"":""MultiPoint"",""coordinates"":[]}"
21624_0,0.3109834,0.81900454,0.30139205,2024-02-26,21624,"{""type"":""MultiPoint"",""coordinates"":[]}"
21625_0,-0.14841293,0.4617068,-0.20095694,2024-02-26,21625,"{""type"":""MultiPoint"",""coordinates"":[]}"
21626_0,0.014925373,0.4497462,0.022922637,2024-02-26,21626,"{""type"":""MultiPoint"",""coordinates"":[]}"
21627_0,-0.24468587,0.35714287,-0.2800583,2024-02-26,21627,"{""type"":""MultiPoint"",""coordinates"":[]}"
21628_0,0.035624474,0.53729934,0.02972802,2024-02-26,21628,"{""type"":""MultiPoint"",""coordinates"":[]}"
21629_0,0.09686003,0.5949764,0.08983642,2024-02-26,21629,"{""type"":""MultiPoint"",""coordinates"":[]}"
21630_0,0.2473393,0.7013802,0.21071428,2024-02-26,21630,"{""type"":""MultiPoint"",""coordinates"":[]}"
21631_0,0.17170417,0.7852077,0.15540984,2024-02-26,21631,"{""type"":""MultiPoint"",""coordinates"":[]}"
21632_0,-0.20681496,0.3820034,-0.22067975,2024-02-26,21632,"{""type"":""MultiPoint"",""coordinates"":[]}"
21633_0,0.2038894,0.7537797,0.21556886,2024-02-26,21633,"{""type"":""MultiPoint"",""coordinates"":[]}"
21634_0,-0.10240165,0.37800848,-0.12325477,2024-02-26,21634,"{""type"":""MultiPoint"",""coordinates"":[]}"
21635_0,0.046672914,0.626327,0.092919566,2024-02-26,21635,"{""type"":""MultiPoint"",""coordinates"":[]}"
21636_0,-0.059154928,0.387471,-0.114074074,2024-02-26,21636,"{""type"":""MultiPoint"",""coordinates"":[]}"
21637_0,-0.10425532,0.3802528,-0.12459372,2024-02-26,21637,"{""type"":""MultiPoint"",""coordinates"":[]}"
21638_0,-0.15692614,0.42797145,-0.15548933,2024-02-26,21638,"{""type"":""MultiPoint"",""coordinates"":[]}"
21639_0,-0.10392236,0.45076978,-0.14802355,2024-02-26,21639,"{""type"":""MultiPoint"",""coordinates"":[]}"
21640_0,-0.13380133,0.38231292,-0.13476688,2024-02-26,21640,"{""type"":""MultiPoint"",""coordinates"":[]}"
21641_0,0.07916779,0.6932876,0.006993007,2024-02-26,21641,"{""type"":""MultiPoint"",""coordinates"":[]}"
21642_0,0.033643063,0.6390565,-0.0046635577,2024-02-26,21642,"{""type"":""MultiPoint"",""coordinates"":[]}"
21643_0,0.1791148,0.709533,0.059056677,2024-02-26,21643,"{""type"":""MultiPoint"",""coordinates"":[]}"
21644_0,-0.048877805,0.4468918,-0.17453225,2024-02-26,21644,"{""type"":""MultiPoint"",""coordinates"":[]}"
21645_0,0.10537105,0.6331719,0.10573771,2024-02-26,21645,"{""type"":""MultiPoint"",""coordinates"":[]}"
21646_0,-0.015521064,0.5223396,-0.047522236,2024-02-26,21646,"{""type"":""MultiPoint"",""coordinates"":[]}"
21647_0,-0.16919832,0.38320863,-0.24960542,2024-02-26,21647,"{""type"":""MultiPoint"",""coordinates"":[]}"
21648_0,-0.06530612,0.29740518,-0.034175333,2024-02-26,21648,"{""type"":""MultiPoint"",""coordinates"":[]}"
21649_0,-0.08261068,0.5507637,-0.15763788,2024-02-26,21649,"{""type"":""MultiPoint"",""coordinates"":[]}"
21650_0,0.028002154,0.61254615,-0.01604278,2024-02-26,21650,"{""type"":""MultiPoint"",""coordinates"":[]}"
21651_0,0.035924934,0.56991774,0.054182008,2024-02-26,21651,"{""type"":""MultiPoint"",""coordinates"":[]}"
21652_0,0.06691979,0.60456276,-0.07608101,2024-02-26,21652,"{""type"":""MultiPoint"",""coordinates"":[]}"
21653_0,0.008614669,0.44230095,-0.017443249,2024-02-26,21653,"{""type"":""MultiPoint"",""coordinates"":[]}"
21654_0,0.1907179,0.60164833,0.16425362,2024-02-26,21654,"{""type"":""MultiPoint"",""coordinates"":[]}"
21655_0,0.061318934,0.4996115,-0.11549038,2024-02-26,21655,"{""type"":""MultiPoint"",""coordinates"":[]}"
21656_0,-0.07459412,0.52958804,-0.090625696,2024-02-26,21656,"{""type"":""MultiPoint"",""coordinates"":[]}"
21657_0,-0.09569276,0.3836299,-0.14096332,2024-02-26,21657,"{""type"":""MultiPoint"",""coordinates"":[]}"
21658_0,-0.15648767,0.45873016,-0.15435933,2024-02-26,21658,"{""type"":""MultiPoint"",""coordinates"":[]}"
21659_0,-0.07822507,0.45778465,-0.11205473,2024-02-26,21659,"{""type"":""MultiPoint"",""coordinates"":[]}"
21660_0,-0.20514733,0.2961586,-0.21397708,2024-02-26,21660,"{""type"":""MultiPoint"",""coordinates"":[]}"
21661_0,0.16330145,0.65234375,0.17786287,2024-02-26,21661,"{""type"":""MultiPoint"",""coordinates"":[]}"
21662_0,0.009316064,0.5322455,-0.05009634,2024-02-26,21662,"{""type"":""MultiPoint"",""coordinates"":[]}"
21663_0,-0.033945184,0.5585586,-0.08610671,2024-02-26,21663,"{""type"":""MultiPoint"",""coordinates"":[]}"
21664_0,-0.17772934,0.34487534,-0.20960522,2024-02-26,21664,"{""type"":""MultiPoint"",""coordinates"":[]}"
21665_0,0.20566094,0.598709,0.059536543,2024-02-26,21665,"{""type"":""MultiPoint"",""coordinates"":[]}"
21666_0,-0.19346146,0.29987907,-0.21418129,2024-02-26,21666,"{""type"":""MultiPoint"",""coordinates"":[]}"
21667_0,-0.013965573,0.53047675,-0.10357016,2024-02-26,21667,"{""type"":""MultiPoint"",""coordinates"":[]}"
21668_0,-0.07611549,0.5185343,-0.11716621,2024-02-26,21668,"{""type"":""MultiPoint"",""coordinates"":[]}"
21669_0,-0.12159091,0.4340344,-0.13644214,2024-02-26,21669,"{""type"":""MultiPoint"",""coordinates"":[]}"
21670_0,0.1368861,0.6313498,0.15282051,2024-02-26,21670,"{""type"":""MultiPoint"",""coordinates"":[]}"
21671_0,-0.042451505,0.5065666,-0.0716763,2024-02-26,21671,"{""type"":""MultiPoint"",""coordinates"":[]}"
21672_0,-0.033440772,0.5214477,-0.061013445,2024-02-26,21672,"{""type"":""MultiPoint"",""coordinates"":[]}"
21673_0,-0.027588252,0.4820219,-0.09828789,2024-02-26,21673,"{""type"":""MultiPoint"",""coordinates"":[]}"
21674_0,-0.14267227,0.4486983,-0.30235988,2024-02-26,21674,"{""type"":""MultiPoint"",""coordinates"":[]}"
21675_0,-0.19391765,0.33066133,-0.27378783,2024-02-26,21675,"{""type"":""MultiPoint"",""coordinates"":[]}"
21676_0,-0.05345817,0.51531434,-0.10589727,2024-02-26,21676,"{""type"":""MultiPoint"",""coordinates"":[]}"
21677_0,-0.13352211,0.38332728,-0.1559307,2024-02-26,21677,"{""type"":""MultiPoint"",""coordinates"":[]}"
21678_0,-0.060066406,0.5205327,-0.123480484,2024-02-26,21678,"{""type"":""MultiPoint"",""coordinates"":[]}"
21679_0,-0.15254237,0.3853211,-0.15736607,2024-02-26,21679,"{""type"":""MultiPoint"",""coordinates"":[]}"
21680_0,-0.15706806,0.44701582,-0.1962111,2024-02-26,21680,"{""type"":""MultiPoint"",""coordinates"":[]}"
21681_0,0.032244556,0.5392881,-0.0041277427,2024-02-26,21681,"{""type"":""MultiPoint"",""coordinates"":[]}"
21682_0,-0.1833252,0.3590604,-0.19940697,2024-02-26,21682,"{""type"":""MultiPoint"",""coordinates"":[]}"
21683_0,-0.006751055,0.5803922,0.0066611157,2024-02-26,21683,"{""type"":""MultiPoint"",""coordinates"":[]}"
21684_0,-0.15474766,0.3388306,-0.14952381,2024-02-26,21684,"{""type"":""MultiPoint"",""coordinates"":[]}"
21685_0,0.24665143,0.83127964,0.25251216,2024-02-26,21685,"{""type"":""MultiPoint"",""coordinates"":[]}"
21686_0,-0.12961876,0.37964776,-0.15467626,2024-02-26,21686,"{""type"":""MultiPoint"",""coordinates"":[]}"
21687_0,9.751341E-4,0.5309021,-0.01360376,2024-02-26,21687,"{""type"":""MultiPoint"",""coordinates"":[]}"
21688_0,-0.10372178,0.46658337,-0.21287295,2024-02-26,21688,"{""type"":""MultiPoint"",""coordinates"":[]}"
21689_0,0.22757697,0.76937985,0.22550336,2024-02-26,21689,"{""type"":""MultiPoint"",""coordinates"":[]}"
21690_0,0.29051095,0.7717685,0.2551724,2024-02-26,21690,"{""type"":""MultiPoint"",""coordinates"":[]}"
21691_0,-0.07937445,0.4605338,-0.17431782,2024-02-26,21691,"{""type"":""MultiPoint"",""coordinates"":[]}"
21692_0,-0.1718789,0.37989062,-0.17629331,2024-02-26,21692,"{""type"":""MultiPoint"",""coordinates"":[]}"
21693_0,0.07261411,0.65975106,0.02152499,2024-02-26,21693,"{""type"":""MultiPoint"",""coordinates"":[]}"
21694_0,0.13076098,0.6992248,0.1494494,2024-02-26,21694,"{""type"":""MultiPoint"",""coordinates"":[]}"
21695_0,-0.14957666,0.35429263,-0.15391879,2024-02-26,21695,"{""type"":""MultiPoint"",""coordinates"":[]}"
21696_0,0.31048805,0.7968893,0.32702702,2024-02-26,21696,"{""type"":""MultiPoint"",""coordinates"":[]}"
21697_0,-0.05967625,0.42122185,-0.10729614,2024-02-26,21697,"{""type"":""MultiPoint"",""coordinates"":[]}"
21698_0,0.2358258,0.7579413,0.22088802,2024-02-26,21698,"{""type"":""MultiPoint"",""coordinates"":[]}"
21699_0,0.17657498,0.8103638,0.08239947,2024-02-26,21699,"{""type"":""MultiPoint"",""coordinates"":[]}"
21700_0,0.33462283,0.82225436,0.41924593,2024-02-26,21700,"{""type"":""MultiPoint"",""coordinates"":[]}"
21701_0,0.07958922,0.6910053,0.05408971,2024-02-26,21701,"{""type"":""MultiPoint"",""coordinates"":[]}"
21702_0,0.23407821,0.66444075,0.18514116,2024-02-26,21702,"{""type"":""MultiPoint"",""coordinates"":[]}"
21703_0,0.018181818,0.6279509,0.0067153284,2024-02-26,21703,"{""type"":""MultiPoint"",""coordinates"":[]}"
21704_0,0.31032515,0.7899306,0.26077652,2024-02-26,21704,"{""type"":""MultiPoint"",""coordinates"":[]}"
21705_0,0.17715533,0.7257889,0.16746412,2024-02-26,21705,"{""type"":""MultiPoint"",""coordinates"":[]}"
21706_0,0.34691408,0.8718899,0.37187198,2024-02-26,21706,"{""type"":""MultiPoint"",""coordinates"":[]}"
21707_0,-0.0025839794,0.66381013,-0.03664122,2024-02-26,21707,"{""type"":""MultiPoint"",""coordinates"":[]}"
21708_0,0.022461815,0.6441336,-0.013979496,2024-02-26,21708,"{""type"":""MultiPoint"",""coordinates"":[]}"
21709_0,0.3346786,0.73621523,0.2607303,2024-02-26,21709,"{""type"":""MultiPoint"",""coordinates"":[]}"
21710_0,0.121040486,0.55928534,0.15778895,2024-02-26,21710,"{""type"":""MultiPoint"",""coordinates"":[]}"
21711_0,0.20794754,0.5300024,0.21835142,2024-02-26,21711,"{""type"":""MultiPoint"",""coordinates"":[]}"
21712_0,0.26739234,0.7715458,0.25181246,2024-02-26,21712,"{""type"":""MultiPoint"",""coordinates"":[]}"
21713_0,-0.06646434,0.43364486,-0.06776056,2024-02-26,21713,"{""type"":""MultiPoint"",""coordinates"":[]}"
21714_0,-0.10271399,0.33834586,-0.10571489,2024-02-26,21714,"{""type"":""MultiPoint"",""coordinates"":[]}"
21715_0,0.13836065,0.6381289,0.17097792,2024-02-26,21715,"{""type"":""MultiPoint"",""coordinates"":[]}"
21716_0,0.32932252,0.7765958,0.2917127,2024-02-26,21716,"{""type"":""MultiPoint"",""coordinates"":[]}"
21717_0,0.023846153,0.52716595,0.1028632,2024-02-26,21717,"{""type"":""MultiPoint"",""coordinates"":[]}"
21718_0,0.18702823,0.6438596,0.12620193,2024-02-26,21718,"{""type"":""MultiPoint"",""coordinates"":[]}"
21719_0,0.07896454,0.5908479,0.055121623,2024-02-26,21719,"{""type"":""MultiPoint"",""coordinates"":[]}"
21720_0,-0.0839776,0.46120313,-0.09625236,2024-02-26,21720,"{""type"":""MultiPoint"",""coordinates"":[]}"
21721_0,-0.13609232,0.41634837,-0.21257167,2024-02-26,21721,"{""type"":""MultiPoint"",""coordinates"":[]}"
21722_0,0.2444224,0.7826394,0.2474074,2024-02-26,21722,"{""type"":""MultiPoint"",""coordinates"":[]}"
21723_0,-0.034255598,0.5569948,-0.13275613,2024-02-26,21723,"{""type"":""MultiPoint"",""coordinates"":[]}"
21724_0,-0.110774815,0.57883817,-0.09323801,2024-02-26,21724,"{""type"":""MultiPoint"",""coordinates"":[]}"
21725_0,0.247851,0.81624335,0.29545963,2024-02-26,21725,"{""type"":""MultiPoint"",""coordinates"":[]}"
21726_0,0.007909046,0.54812837,0.07147814,2024-02-26,21726,"{""type"":""MultiPoint"",""coordinates"":[]}"
21727_0,0.23381568,0.7539623,0.21262719,2024-02-26,21727,"{""type"":""MultiPoint"",""coordinates"":[]}"
21728_0,0.3563731,0.8369851,0.41525996,2024-02-26,21728,"{""type"":""MultiPoint"",""coordinates"":[]}"
21729_0,0.29555237,0.7946058,0.2758112,2024-02-26,21729,"{""type"":""MultiPoint"",""coordinates"":[]}"
21730_0,0.3794436,0.8125,0.3382777,2024-02-26,21730,"{""type"":""MultiPoint"",""coordinates"":[]}"
21731_0,0.079214334,0.68565816,0.09369025,2024-02-26,21731,"{""type"":""MultiPoint"",""coordinates"":[]}"
21732_0,0.1638784,0.26928282,0.09536785,2024-02-26,21732,"{""type"":""MultiPoint"",""coordinates"":[]}"
21733_0,0.47355768,0.8744868,0.2918351,2024-02-26,21733,"{""type"":""MultiPoint"",""coordinates"":[]}"
21734_0,0.30640393,0.775571,0.25738397,2024-02-26,21734,"{""type"":""MultiPoint"",""coordinates"":[]}"
21735_0,0.14114115,0.6419214,0.18238993,2024-02-26,21735,"{""type"":""MultiPoint"",""coordinates"":[]}"
21736_0,0.10683761,0.7240039,0.096076615,2024-02-26,21736,"{""type"":""MultiPoint"",""coordinates"":[]}"
21737_0,-0.088507265,0.49785408,-0.19212963,2024-02-26,21737,"{""type"":""MultiPoint"",""coordinates"":[]}"
21738_0,-0.036842104,0.47406867,0.012036108,2024-02-26,21738,"{""type"":""MultiPoint"",""coordinates"":[]}"
21739_0,0.03740549,0.45897,0.03181909,2024-02-26,21739,"{""type"":""MultiPoint"",""coordinates"":[]}"
21740_0,0.18332443,0.5856631,0.1828877,2024-02-26,21740,"{""type"":""MultiPoint"",""coordinates"":[]}"
21741_0,0.14298075,0.59840953,0.09811063,2024-02-26,21741,"{""type"":""MultiPoint"",""coordinates"":[]}"
21742_0,-0.08955224,0.49880096,-0.12464986,2024-02-26,21742,"{""type"":""MultiPoint"",""coordinates"":[]}"
21743_0,-0.064812735,0.44938365,-0.10060269,2024-02-26,21743,"{""type"":""MultiPoint"",""coordinates"":[]}"
21744_0,0.2896,0.8131816,0.26538715,2024-02-26,21744,"{""type"":""MultiPoint"",""coordinates"":[]}"
21745_0,0.10179338,0.7157757,0.052238807,2024-02-26,21745,"{""type"":""MultiPoint"",""coordinates"":[]}"
21746_0,0.26189005,0.81716937,0.24199176,2024-02-26,21746,"{""type"":""MultiPoint"",""coordinates"":[]}"
21747_0,0.19758412,0.78984237,0.18871765,2024-02-26,21747,"{""type"":""MultiPoint"",""coordinates"":[]}"
21748_0,-0.024736503,0.452,-0.044736844,2024-02-26,21748,"{""type"":""MultiPoint"",""coordinates"":[]}"
21749_0,0.13079983,0.62320775,0.10611225,2024-02-26,21749,"{""type"":""MultiPoint"",""coordinates"":[]}"
21750_0,0.065155804,0.56962025,0.07792611,2024-02-26,21750,"{""type"":""MultiPoint"",""coordinates"":[]}"
21751_0,0.12366676,0.7015177,0.14075749,2024-02-26,21751,"{""type"":""MultiPoint"",""coordinates"":[]}"
21752_0,-0.11697722,0.45487043,-0.13998944,2024-02-26,21752,"{""type"":""MultiPoint"",""coordinates"":[]}"
21753_0,0.12673919,0.61271435,0.05528188,2024-02-26,21753,"{""type"":""MultiPoint"",""coordinates"":[]}"
21754_0,-0.00467886,0.57662153,-0.032794055,2024-02-26,21754,"{""type"":""MultiPoint"",""coordinates"":[]}"
21755_0,-0.132958,0.39081836,-0.2005507,2024-02-26,21755,"{""type"":""MultiPoint"",""coordinates"":[]}"
21756_0,0.21958637,0.73944294,0.20285803,2024-02-26,21756,"{""type"":""MultiPoint"",""coordinates"":[]}"
21757_0,0.37243816,0.7946693,0.3436807,2024-02-26,21757,"{""type"":""MultiPoint"",""coordinates"":[]}"
21758_0,0.4474992,0.8420615,0.45311475,2024-02-26,21758,"{""type"":""MultiPoint"",""coordinates"":[]}"
21759_0,0.37888563,0.7972283,0.39880782,2024-02-26,21759,"{""type"":""MultiPoint"",""coordinates"":[]}"
21760_0,0.35344827,0.7821596,0.35668334,2024-02-26,21760,"{""type"":""MultiPoint"",""coordinates"":[]}"
21761_0,0.14576846,0.61662424,0.116251834,2024-02-26,21761,"{""type"":""MultiPoint"",""coordinates"":[]}"
21762_0,0.31941414,0.84003615,0.30179027,2024-02-26,21762,"{""type"":""MultiPoint"",""coordinates"":[]}"
21763_0,0.37550744,0.8273951,0.42865986,2024-02-26,21763,"{""type"":""MultiPoint"",""coordinates"":[]}"
21764_0,0.2794988,0.79098934,0.30138373,2024-02-26,21764,"{""type"":""MultiPoint"",""coordinates"":[]}"
21765_0,0.31949,0.80958307,0.21775544,2024-02-26,21765,"{""type"":""MultiPoint"",""coordinates"":[]}"
22322_0,0.41772825,0.84356725,0.39375517,2024-02-26,22322,"{""type"":""MultiPoint"",""coordinates"":[]}"
22323_0,0.3487313,0.826678,0.36464614,2024-02-26,22323,"{""type"":""MultiPoint"",""coordinates"":[]}"
22324_0,0.17526166,0.66589326,0.13990872,2024-02-26,22324,"{""type"":""MultiPoint"",""coordinates"":[]}"
22325_0,-0.022738757,0.46579805,0.052877866,2024-02-26,22325,"{""type"":""MultiPoint"",""coordinates"":[]}"
22326_0,-0.15079749,0.35891846,-0.20893627,2024-02-26,22326,"{""type"":""MultiPoint"",""coordinates"":[]}"
22327_0,-0.033982594,0.4717099,-0.029078161,2024-02-26,22327,"{""type"":""MultiPoint"",""coordinates"":[]}"
22328_0,0.31355736,0.74941844,0.2798444,2024-02-26,22328,"{""type"":""MultiPoint"",""coordinates"":[]}"
22329_0,0.03946694,0.5948253,0.045986764,2024-02-26,22329,"{""type"":""MultiPoint"",""coordinates"":[]}"
22330_0,0.3285226,0.7493809,0.3328302,2024-02-26,22330,"{""type"":""MultiPoint"",""coordinates"":[]}"
22331_0,0.2580645,0.78856695,0.2706537,2024-02-26,22331,"{""type"":""MultiPoint"",""coordinates"":[]}"
22332_0,0.20627405,0.756044,0.08744471,2024-02-26,22332,"{""type"":""MultiPoint"",""coordinates"":[]}"
22333_0,-0.06994819,0.46163216,-0.15848528,2024-02-26,22333,"{""type"":""MultiPoint"",""coordinates"":[]}"
22334_0,-0.025891947,0.43030304,-0.031993438,2024-02-26,22334,"{""type"":""MultiPoint"",""coordinates"":[]}"
22335_0,-0.176073,0.39719626,-0.1852861,2024-02-26,22335,"{""type"":""MultiPoint"",""coordinates"":[]}"
22336_0,-0.2380322,0.29686242,-0.27025804,2024-02-26,22336,"{""type"":""MultiPoint"",""coordinates"":[]}"
22337_0,0.22133082,0.8477306,0.20939147,2024-02-26,22337,"{""type"":""MultiPoint"",""coordinates"":[]}"
22338_0,0.16982183,0.75792986,0.17097582,2024-02-26,22338,"{""type"":""MultiPoint"",""coordinates"":[]}"
22339_0,0.10553936,0.69344336,0.11940298,2024-02-26,22339,"{""type"":""MultiPoint"",""coordinates"":[]}"
22340_0,-0.051408313,0.44859812,-0.036706157,2024-02-26,22340,"{""type"":""MultiPoint"",""coordinates"":[]}"
22341_0,-0.20904978,0.35288727,-0.15172414,2024-02-26,22341,"{""type"":""MultiPoint"",""coordinates"":[]}"
22342_0,0.18664281,0.6788321,0.20559114,2024-02-26,22342,"{""type"":""MultiPoint"",""coordinates"":[]}"
22343_0,0.24486396,0.78340614,0.20047031,2024-02-26,22343,"{""type"":""MultiPoint"",""coordinates"":[]}"
22344_0,0.24278913,0.7518987,0.21120186,2024-02-26,22344,"{""type"":""MultiPoint"",""coordinates"":[]}"
22345_0,-0.14799768,0.37926716,-0.14799768,2024-02-26,22345,"{""type"":""MultiPoint"",""coordinates"":[]}"
22346_0,-0.09496627,0.3307035,-0.020803096,2024-02-26,22346,"{""type"":""MultiPoint"",""coordinates"":[]}"
22347_0,0.40703154,0.8437033,0.38726592,2024-02-26,22347,"{""type"":""MultiPoint"",""coordinates"":[]}"
22348_0,0.18347377,0.69597226,0.1317919,2024-02-26,22348,"{""type"":""MultiPoint"",""coordinates"":[]}"
22349_0,-0.03415333,0.41606793,6.92361E-4,2024-02-26,22349,"{""type"":""MultiPoint"",""coordinates"":[]}"
22350_0,0.11745244,0.5339196,0.067307696,2024-02-26,22350,"{""type"":""MultiPoint"",""coordinates"":[]}"
22351_0,0.0034334764,0.5232558,0.0076923077,2024-02-26,22351,"{""type"":""MultiPoint"",""coordinates"":[]}"
22352_0,0.10944665,0.47940403,0.07362061,2024-02-26,22352,"{""type"":""MultiPoint"",""coordinates"":[]}"
22353_0,-0.021404281,0.3281899,-0.065748274,2024-02-26,22353,"{""type"":""MultiPoint"",""coordinates"":[]}"
22354_0,-0.13902563,0.39524087,-0.16513284,2024-02-26,22354,"{""type"":""MultiPoint"",""coordinates"":[]}"
22355_0,0.13696696,0.64102566,0.07951807,2024-02-26,22355,"{""type"":""MultiPoint"",""coordinates"":[]}"
22356_0,0.17601547,0.7177281,0.14482363,2024-02-26,22356,"{""type"":""MultiPoint"",""coordinates"":[]}"
22357_0,-0.14233577,0.38550726,-0.13405797,2024-02-26,22357,"{""type"":""MultiPoint"",""coordinates"":[]}"
22358_0,-0.019096833,0.52133334,0.003076923,2024-02-26,22358,"{""type"":""MultiPoint"",""coordinates"":[]}"
22359_0,0.06980803,0.6755603,-0.009151151,2024-02-26,22359,"{""type"":""MultiPoint"",""coordinates"":[]}"
22360_0,-0.17289837,0.41255793,-0.16471468,2024-02-26,22360,"{""type"":""MultiPoint"",""coordinates"":[]}"
22361_0,-0.20636268,0.3071508,-0.234375,2024-02-26,22361,"{""type"":""MultiPoint"",""coordinates"":[]}"
22362_0,0.4377848,0.8725712,0.44189283,2024-02-26,22362,"{""type"":""MultiPoint"",""coordinates"":[]}"
22363_0,0.24979702,0.77709454,0.25040564,2024-02-26,22363,"{""type"":""MultiPoint"",""coordinates"":[]}"
22364_0,-0.003954653,0.48119724,0.0067814295,2024-02-26,22364,"{""type"":""MultiPoint"",""coordinates"":[]}"
22365_0,0.2283638,0.8229167,0.23022847,2024-02-26,22365,"{""type"":""MultiPoint"",""coordinates"":[]}"
22366_0,0.17209302,0.7242851,0.17305459,2024-02-26,22366,"{""type"":""MultiPoint"",""coordinates"":[]}"
22367_0,0.07068551,0.6384083,0.04180418,2024-02-26,22367,"{""type"":""MultiPoint"",""coordinates"":[]}"
22368_0,0.04830054,0.5333574,0.066198595,2024-02-26,22368,"{""type"":""MultiPoint"",""coordinates"":[]}"
22369_0,-0.019269777,0.5254621,0.0029761905,2024-02-26,22369,"{""type"":""MultiPoint"",""coordinates"":[]}"
22370_0,-0.072072074,0.36821193,-0.16050386,2024-02-26,22370,"{""type"":""MultiPoint"",""coordinates"":[]}"
22371_0,0.118018016,0.58230317,0.10797267,2024-02-26,22371,"{""type"":""MultiPoint"",""coordinates"":[]}"
22372_0,-0.1343465,0.30087897,-0.1852636,2024-02-26,22372,"{""type"":""MultiPoint"",""coordinates"":[]}"
22373_0,-0.1668196,0.29459617,-0.17588311,2024-02-26,22373,"{""type"":""MultiPoint"",""coordinates"":[]}"
22374_0,-0.20350312,0.3354891,-0.22495896,2024-02-26,22374,"{""type"":""MultiPoint"",""coordinates"":[]}"
22375_0,0.326032,0.7200448,0.31506848,2024-02-26,22375,"{""type"":""MultiPoint"",""coordinates"":[]}"
22376_0,0.02532617,0.6,-0.082078956,2024-02-26,22376,"{""type"":""MultiPoint"",""coordinates"":[]}"
22377_0,0.2759322,0.63809526,0.18348624,2024-02-26,22377,"{""type"":""MultiPoint"",""coordinates"":[]}"
22378_0,0.048929665,0.6637324,0.0063897762,2024-02-26,22378,"{""type"":""MultiPoint"",""coordinates"":[]}"
22379_0,0.22837706,0.7975708,0.19716886,2024-02-26,22379,"{""type"":""MultiPoint"",""coordinates"":[]}"
22380_0,-0.0036803365,0.5507246,0.004432855,2024-02-26,22380,"{""type"":""MultiPoint"",""coordinates"":[]}"
22381_0,-0.15683672,0.33855185,-0.19560957,2024-02-26,22381,"{""type"":""MultiPoint"",""coordinates"":[]}"
22382_0,-0.09362156,0.35142595,-0.10015314,2024-02-26,22382,"{""type"":""MultiPoint"",""coordinates"":[]}"
22383_0,0.058341864,0.61012655,0.01814301,2024-02-26,22383,"{""type"":""MultiPoint"",""coordinates"":[]}"
22384_0,-0.08362369,0.70068026,-0.10873441,2024-02-26,22384,"{""type"":""MultiPoint"",""coordinates"":[]}"
22385_0,-0.027445773,0.4521314,-0.055239826,2024-02-26,22385,"{""type"":""MultiPoint"",""coordinates"":[]}"
22386_0,-0.048474718,0.40716612,-0.027226202,2024-02-26,22386,"{""type"":""MultiPoint"",""coordinates"":[]}"
22387_0,-0.16797741,0.32739422,-0.23654996,2024-02-26,22387,"{""type"":""MultiPoint"",""coordinates"":[]}"
22388_0,0.15203643,0.6413374,0.1261731,2024-02-26,22388,"{""type"":""MultiPoint"",""coordinates"":[]}"
22389_0,0.12300364,0.7066421,0.08345535,2024-02-26,22389,"{""type"":""MultiPoint"",""coordinates"":[]}"
22390_0,-0.083373494,0.44243884,-0.111220956,2024-02-26,22390,"{""type"":""MultiPoint"",""coordinates"":[]}"
22391_0,-0.07245902,0.3987976,-0.079003796,2024-02-26,22391,"{""type"":""MultiPoint"",""coordinates"":[]}"
22392_0,0.12610687,0.7365648,0.070477426,2024-02-26,22392,"{""type"":""MultiPoint"",""coordinates"":[]}"
22393_0,-0.05522576,0.3967033,-0.07141553,2024-02-26,22393,"{""type"":""MultiPoint"",""coordinates"":[]}"
22394_0,-0.10560114,0.324566,-0.103436,2024-02-26,22394,"{""type"":""MultiPoint"",""coordinates"":[]}"
22395_0,-0.009267841,0.50226873,-0.006004619,2024-02-26,22395,"{""type"":""MultiPoint"",""coordinates"":[]}"
22396_0,0.08568913,-0.0041306796,0.010767031,2024-02-26,22396,"{""type"":""MultiPoint"",""coordinates"":[]}"
22397_0,-0.03507993,0.45665634,-0.106574886,2024-02-26,22397,"{""type"":""MultiPoint"",""coordinates"":[]}"
22398_0,0.11386391,0.47940823,0.17255585,2024-02-26,22398,"{""type"":""MultiPoint"",""coordinates"":[]}"
22399_0,-0.056246888,0.549195,-0.10119356,2024-02-26,22399,"{""type"":""MultiPoint"",""coordinates"":[]}"
22400_0,-0.106111735,0.34735644,-0.10902256,2024-02-26,22400,"{""type"":""MultiPoint"",""coordinates"":[]}"
22401_0,0.050059594,0.6124332,0.020282729,2024-02-26,22401,"{""type"":""MultiPoint"",""coordinates"":[]}"
22402_0,-0.03193455,0.50787073,-0.03576159,2024-02-26,22402,"{""type"":""MultiPoint"",""coordinates"":[]}"
22403_0,-0.20570949,0.3956386,-0.23156089,2024-02-26,22403,"{""type"":""MultiPoint"",""coordinates"":[]}"
22404_0,-0.2087994,0.29115647,-0.2614786,2024-02-26,22404,"{""type"":""MultiPoint"",""coordinates"":[]}"
22405_0,-0.21128765,0.3649025,-0.2693837,2024-02-26,22405,"{""type"":""MultiPoint"",""coordinates"":[]}"
22406_0,-0.048606995,0.46421662,-0.07767286,2024-02-26,22406,"{""type"":""MultiPoint"",""coordinates"":[]}"
22407_0,-0.095032394,0.29228687,-0.14060742,2024-02-26,22407,"{""type"":""MultiPoint"",""coordinates"":[]}"
22408_0,0.069827035,0.6877005,0.04158416,2024-02-26,22408,"{""type"":""MultiPoint"",""coordinates"":[]}"
22409_0,-0.04263566,0.58235294,0.0,2024-02-26,22409,"{""type"":""MultiPoint"",""coordinates"":[]}"
22410_0,0.041200895,0.66493237,0.031925187,2024-02-26,22410,"{""type"":""MultiPoint"",""coordinates"":[]}"
22411_0,0.057108864,0.629705,0.00533417,2024-02-26,22411,"{""type"":""MultiPoint"",""coordinates"":[]}"
22412_0,-0.11043528,0.4311295,-0.16863373,2024-02-26,22412,"{""type"":""MultiPoint"",""coordinates"":[]}"
22413_0,0.43112907,0.8125915,0.43080035,2024-02-26,22413,"{""type"":""MultiPoint"",""coordinates"":[]}"
22414_0,-0.115530305,0.42510122,-0.14480078,2024-02-26,22414,"{""type"":""MultiPoint"",""coordinates"":[]}"
22415_0,0.27035382,0.73325956,0.19178082,2024-02-26,22415,"{""type"":""MultiPoint"",""coordinates"":[]}"
22416_0,-0.10357052,0.38835794,-0.15382579,2024-02-26,22416,"{""type"":""MultiPoint"",""coordinates"":[]}"
22417_0,0.35422263,0.8384992,0.35131896,2024-02-26,22417,"{""type"":""MultiPoint"",""coordinates"":[]}"
22418_0,0.35192564,0.76009095,0.2266244,2024-02-26,22418,"{""type"":""MultiPoint"",""coordinates"":[]}"
22419_0,-0.046696793,0.598513,-0.06154518,2024-02-26,22419,"{""type"":""MultiPoint"",""coordinates"":[]}"
22420_0,-0.07280899,0.1806109,-0.1462185,2024-02-26,22420,"{""type"":""MultiPoint"",""coordinates"":[]}"
22421_0,-0.0934788,0.40975192,-0.14456268,2024-02-26,22421,"{""type"":""MultiPoint"",""coordinates"":[]}"
22422_0,0.3251956,0.90361446,0.31162196,2024-02-26,22422,"{""type"":""MultiPoint"",""coordinates"":[]}"
22423_0,0.09192201,0.6440983,0.025411062,2024-02-26,22423,"{""type"":""MultiPoint"",""coordinates"":[]}"
22424_0,0.37905467,0.7796452,0.30951563,2024-02-26,22424,"{""type"":""MultiPoint"",""coordinates"":[]}"
22425_0,0.33733493,0.8437821,0.36842105,2024-02-26,22425,"{""type"":""MultiPoint"",""coordinates"":[]}"
22426_0,0.00591716,0.49382052,0.016825164,2024-02-26,22426,"{""type"":""MultiPoint"",""coordinates"":[]}"
22427_0,-0.15377145,0.4235706,-0.18720853,2024-02-26,22427,"{""type"":""MultiPoint"",""coordinates"":[]}"
22428_0,0.19283828,0.7125901,0.18998528,2024-02-26,22428,"{""type"":""MultiPoint"",""coordinates"":[]}"
22429_0,0.13298701,0.61250955,0.11763151,2024-02-26,22429,"{""type"":""MultiPoint"",""coordinates"":[]}"
22430_0,0.1173913,0.76898736,-0.04280822,2024-02-26,22430,"{""type"":""MultiPoint"",""coordinates"":[]}"
22431_0,0.23751451,0.7588946,0.3195128,2024-02-26,22431,"{""type"":""MultiPoint"",""coordinates"":[]}"
22432_0,0.33614925,0.7868934,0.30890435,2024-02-26,22432,"{""type"":""MultiPoint"",""coordinates"":[]}"
22433_0,0.26011994,0.6969697,0.25984251,2024-02-26,22433,"{""type"":""MultiPoint"",""coordinates"":[]}"
22434_0,0.26601103,0.82909226,0.22295581,2024-02-26,22434,"{""type"":""MultiPoint"",""coordinates"":[]}"
22435_0,0.24102838,0.7968254,0.23010051,2024-02-26,22435,"{""type"":""MultiPoint"",""coordinates"":[]}"
22436_0,0.3489708,0.8329854,0.44170773,2024-02-26,22436,"{""type"":""MultiPoint"",""coordinates"":[]}"
22437_0,0.08100786,0.6755647,0.09207709,2024-02-26,22437,"{""type"":""MultiPoint"",""coordinates"":[]}"
22438_0,0.2201347,0.80546725,0.12698413,2024-02-26,22438,"{""type"":""MultiPoint"",""coordinates"":[]}"
22439_0,0.061898652,0.5140713,0.04924427,2024-02-26,22439,"{""type"":""MultiPoint"",""coordinates"":[]}"
22440_0,0.08900961,0.65389526,0.08595388,2024-02-26,22440,"{""type"":""MultiPoint"",""coordinates"":[]}"
22441_0,-0.0765459,0.49954996,-0.08511807,2024-02-26,22441,"{""type"":""MultiPoint"",""coordinates"":[]}"
22442_0,-0.1021611,0.5320936,-0.046837095,2024-02-26,22442,"{""type"":""MultiPoint"",""coordinates"":[]}"
22443_0,0.22070499,0.8038844,0.21622485,2024-02-26,22443,"{""type"":""MultiPoint"",""coordinates"":[]}"
22444_0,0.006796941,0.5603032,-0.016079966,2024-02-26,22444,"{""type"":""MultiPoint"",""coordinates"":[]}"
22445_0,-0.056338027,0.48826292,-0.100070976,2024-02-26,22445,"{""type"":""MultiPoint"",""coordinates"":[]}"
22446_0,0.01883101,0.5911179,0.017629774,2024-02-26,22446,"{""type"":""MultiPoint"",""coordinates"":[]}"
22447_0,0.31857854,0.76265824,0.34176454,2024-02-26,22447,"{""type"":""MultiPoint"",""coordinates"":[]}"
22448_0,-0.12560096,0.44206008,-0.16443892,2024-02-26,22448,"{""type"":""MultiPoint"",""coordinates"":[]}"
22449_0,-0.09889155,0.42469564,-0.10489511,2024-02-26,22449,"{""type"":""MultiPoint"",""coordinates"":[]}"
22450_0,0.33168623,0.74452,0.36165193,2024-02-26,22450,"{""type"":""MultiPoint"",""coordinates"":[]}"
22451_0,-0.12051682,0.37777779,-0.1662416,2024-02-26,22451,"{""type"":""MultiPoint"",""coordinates"":[]}"
22452_0,0.3023429,0.78089887,0.14959203,2024-02-26,22452,"{""type"":""MultiPoint"",""coordinates"":[]}"
22453_0,0.05104739,0.58902276,0.008710431,2024-02-26,22453,"{""type"":""MultiPoint"",""coordinates"":[]}"
22454_0,0.28287092,0.7671233,0.20601001,2024-02-26,22454,"{""type"":""MultiPoint"",""coordinates"":[]}"
22455_0,0.07971385,0.61217946,0.055337004,2024-02-26,22455,"{""type"":""MultiPoint"",""coordinates"":[]}"
22456_0,-0.13484804,0.47077578,-0.1629876,2024-02-26,22456,"{""type"":""MultiPoint"",""coordinates"":[]}"
22457_0,0.35159817,0.76139516,0.3519927,2024-02-26,22457,"{""type"":""MultiPoint"",""coordinates"":[]}"
22458_0,0.2508179,0.76183206,0.2536665,2024-02-26,22458,"{""type"":""MultiPoint"",""coordinates"":[]}"
22459_0,0.024889508,0.5317979,0.03052729,2024-02-26,22459,"{""type"":""MultiPoint"",""coordinates"":[]}"
22460_0,0.29476082,0.83854693,0.08130564,2024-02-26,22460,"{""type"":""MultiPoint"",""coordinates"":[]}"
22461_0,0.41566986,0.85354143,0.40662012,2024-02-26,22461,"{""type"":""MultiPoint"",""coordinates"":[]}"
22462_0,0.25673535,0.7608856,0.25810704,2024-02-26,22462,"{""type"":""MultiPoint"",""coordinates"":[]}"
22463_0,0.09368589,0.5956443,0.050167225,2024-02-26,22463,"{""type"":""MultiPoint"",""coordinates"":[]}"
22464_0,0.16810097,0.6164383,0.16087963,2024-02-26,22464,"{""type"":""MultiPoint"",""coordinates"":[]}"
22465_0,0.24486668,0.80104715,0.2112676,2024-02-26,22465,"{""type"":""MultiPoint"",""coordinates"":[]}"
22466_0,0.24299066,0.78696054,0.26363635,2024-02-26,22466,"{""type"":""MultiPoint"",""coordinates"":[]}"
22467_0,0.34396753,0.87972844,0.2629521,2024-02-26,22467,"{""type"":""MultiPoint"",""coordinates"":[]}"
22468_0,0.13770412,0.6175028,0.0958344,2024-02-26,22468,"{""type"":""MultiPoint"",""coordinates"":[]}"
22469_0,0.32065067,0.80691457,0.38430783,2024-02-26,22469,"{""type"":""MultiPoint"",""coordinates"":[]}"
22470_0,0.3939028,0.83086175,0.38929442,2024-02-26,22470,"{""type"":""MultiPoint"",""coordinates"":[]}"
22471_0,0.17837138,0.5762712,0.18799233,2024-02-26,22471,"{""type"":""MultiPoint"",""coordinates"":[]}"
22472_0,0.002209279,0.43180466,-0.016366612,2024-02-26,22472,"{""type"":""MultiPoint"",""coordinates"":[]}"
22473_0,0.4334086,0.880141,0.41010576,2024-02-26,22473,"{""type"":""MultiPoint"",""coordinates"":[]}"
22474_0,-0.13597734,0.44933268,-0.15528665,2024-02-26,22474,"{""type"":""MultiPoint"",""coordinates"":[]}"
22475_0,0.20061728,0.7400821,0.19138308,2024-02-26,22475,"{""type"":""MultiPoint"",""coordinates"":[]}"
22476_0,0.18145484,0.7040219,0.17374933,2024-02-26,22476,"{""type"":""MultiPoint"",""coordinates"":[]}"
22477_0,0.02972067,0.37323943,0.037463978,2024-02-26,22477,"{""type"":""MultiPoint"",""coordinates"":[]}"
22478_0,0.26218098,0.77530015,0.23877917,2024-02-26,22478,"{""type"":""MultiPoint"",""coordinates"":[]}"
22479_0,0.1749427,0.6897959,0.12195122,2024-02-26,22479,"{""type"":""MultiPoint"",""coordinates"":[]}"
22480_0,-0.09644434,0.44270405,-0.14821124,2024-02-26,22480,"{""type"":""MultiPoint"",""coordinates"":[]}"
22481_0,0.33446288,0.82424515,0.34664005,2024-02-26,22481,"{""type"":""MultiPoint"",""coordinates"":[]}"
22482_0,0.22627315,0.7871622,0.22560093,2024-02-26,22482,"{""type"":""MultiPoint"",""coordinates"":[]}"
22483_0,0.29543635,0.847694,0.3237705,2024-02-26,22483,"{""type"":""MultiPoint"",""coordinates"":[]}"
22484_0,0.37580794,0.8906644,0.3782955,2024-02-26,22484,"{""type"":""MultiPoint"",""coordinates"":[]}"
22485_0,0.06764789,0.5399306,0.037123647,2024-02-26,22485,"{""type"":""MultiPoint"",""coordinates"":[]}"
22486_0,0.07187578,0.729585,0.022421524,2024-02-26,22486,"{""type"":""MultiPoint"",""coordinates"":[]}"
22487_0,0.20273484,0.8,0.22997417,2024-02-26,22487,"{""type"":""MultiPoint"",""coordinates"":[]}"
22488_0,0.30528998,0.8236489,0.3461308,2024-02-26,22488,"{""type"":""MultiPoint"",""coordinates"":[]}"
22489_0,0.3436138,0.8119002,0.31705615,2024-02-26,22489,"{""type"":""MultiPoint"",""coordinates"":[]}"
22490_0,0.3051812,0.76653063,0.30204573,2024-02-26,22490,"{""type"":""MultiPoint"",""coordinates"":[]}"
22491_0,0.4217886,0.8513072,0.4364501,2024-02-26,22491,"{""type"":""MultiPoint"",""coordinates"":[]}"
22492_0,0.37221634,0.7920605,0.36206895,2024-02-26,22492,"{""type"":""MultiPoint"",""coordinates"":[]}"
22493_0,0.35672912,0.7580145,0.2859304,2024-02-26,22493,"{""type"":""MultiPoint"",""coordinates"":[]}"
22494_0,0.23998179,0.7518248,0.15472272,2024-02-26,22494,"{""type"":""MultiPoint"",""coordinates"":[]}"
22495_0,0.29064345,0.80038023,0.24810544,2024-02-26,22495,"{""type"":""MultiPoint"",""coordinates"":[]}"
22497_0,0.36119404,0.83982366,0.4012311,2024-02-26,22497,"{""type"":""MultiPoint"",""coordinates"":[]}"
23035_0,0.21830986,0.8062201,0.2593828,2024-02-26,23035,"{""type"":""MultiPoint"",""coordinates"":[]}"
23036_0,-0.2373614,0.2929293,-0.20409656,2024-02-26,23036,"{""type"":""MultiPoint"",""coordinates"":[]}"
23037_0,-0.13956614,0.41082165,-0.16850394,2024-02-26,23037,"{""type"":""MultiPoint"",""coordinates"":[]}"
23038_0,0.27287924,0.7744186,0.27378964,2024-02-26,23038,"{""type"":""MultiPoint"",""coordinates"":[]}"
23039_0,0.15719655,0.6190245,0.27279663,2024-02-26,23039,"{""type"":""MultiPoint"",""coordinates"":[]}"
23040_0,-0.084181316,0.48604062,-0.11153263,2024-02-26,23040,"{""type"":""MultiPoint"",""coordinates"":[]}"
23041_0,0.20337923,0.6933116,0.23977306,2024-02-26,23041,"{""type"":""MultiPoint"",""coordinates"":[]}"
23042_0,0.02498725,0.66056406,-0.06518106,2024-02-26,23042,"{""type"":""MultiPoint"",""coordinates"":[]}"
23043_0,0.018591773,0.5045208,0.0030138637,2024-02-26,23043,"{""type"":""MultiPoint"",""coordinates"":[]}"
23044_0,0.013501017,0.516129,-0.00660502,2024-02-26,23044,"{""type"":""MultiPoint"",""coordinates"":[]}"
23045_0,0.14043514,0.67828643,0.13554987,2024-02-26,23045,"{""type"":""MultiPoint"",""coordinates"":[]}"
23046_0,0.33036,0.8007843,0.37197492,2024-02-26,23046,"{""type"":""MultiPoint"",""coordinates"":[]}"
23047_0,0.24436206,0.7643885,0.23202512,2024-02-26,23047,"{""type"":""MultiPoint"",""coordinates"":[]}"
23048_0,-0.058654044,0.4295752,-0.069438666,2024-02-26,23048,"{""type"":""MultiPoint"",""coordinates"":[]}"
23049_0,0.36503938,0.8047301,0.1923077,2024-02-26,23049,"{""type"":""MultiPoint"",""coordinates"":[]}"
23050_0,0.04167659,0.66653466,0.022351798,2024-02-26,23050,"{""type"":""MultiPoint"",""coordinates"":[]}"
23051_0,0.3036768,0.75353014,0.28082514,2024-02-26,23051,"{""type"":""MultiPoint"",""coordinates"":[]}"
23052_0,-0.00805234,0.46915352,0.011108369,2024-02-26,23052,"{""type"":""MultiPoint"",""coordinates"":[]}"
23053_0,-0.04200627,0.42317382,-0.04902167,2024-02-26,23053,"{""type"":""MultiPoint"",""coordinates"":[]}"
23054_0,-0.007657658,0.47147542,0.0015621514,2024-02-26,23054,"{""type"":""MultiPoint"",""coordinates"":[]}"
23055_0,-0.14773735,0.3570617,-0.1815483,2024-02-26,23055,"{""type"":""MultiPoint"",""coordinates"":[]}"
23056_0,0.011904762,0.46351632,0.049066003,2024-02-26,23056,"{""type"":""MultiPoint"",""coordinates"":[]}"
23057_0,0.4440967,0.89354473,0.43931133,2024-02-26,23057,"{""type"":""MultiPoint"",""coordinates"":[]}"
23058_0,-0.12130715,0.40893066,-0.17238998,2024-02-26,23058,"{""type"":""MultiPoint"",""coordinates"":[]}"
23059_0,0.15278439,0.68347555,0.09873418,2024-02-26,23059,"{""type"":""MultiPoint"",""coordinates"":[]}"
23060_0,0.0532815,0.6042934,0.039888684,2024-02-26,23060,"{""type"":""MultiPoint"",""coordinates"":[]}"
23061_0,0.098294355,0.71211404,0.1686122,2024-02-26,23061,"{""type"":""MultiPoint"",""coordinates"":[]}"
23062_0,0.4072165,0.8197333,0.42404008,2024-02-26,23062,"{""type"":""MultiPoint"",""coordinates"":[]}"
23063_0,-0.0680147,0.40296805,-0.08334887,2024-02-26,23063,"{""type"":""MultiPoint"",""coordinates"":[]}"
23064_0,0.21261516,0.7037815,0.18697402,2024-02-26,23064,"{""type"":""MultiPoint"",""coordinates"":[]}"
23065_0,0.032284766,0.5436409,0.02866639,2024-02-26,23065,"{""type"":""MultiPoint"",""coordinates"":[]}"
23066_0,0.025883663,0.56266665,0.0022805016,2024-02-26,23066,"{""type"":""MultiPoint"",""coordinates"":[]}"
23067_0,0.17407687,0.64784795,0.14708172,2024-02-26,23067,"{""type"":""MultiPoint"",""coordinates"":[]}"
23068_0,0.021957913,0.53752285,0.08200945,2024-02-26,23068,"{""type"":""MultiPoint"",""coordinates"":[]}"
23069_0,0.1337443,0.6628622,0.07920228,2024-02-26,23069,"{""type"":""MultiPoint"",""coordinates"":[]}"
23070_0,0.3195021,0.80150753,0.22773972,2024-02-26,23070,"{""type"":""MultiPoint"",""coordinates"":[]}"
23071_0,-0.0172889,0.5551537,-0.082666665,2024-02-26,23071,"{""type"":""MultiPoint"",""coordinates"":[]}"
23072_0,0.2310114,0.7048504,0.25675163,2024-02-26,23072,"{""type"":""MultiPoint"",""coordinates"":[]}"
23073_0,0.18721461,0.8183355,0.33664596,2024-02-26,23073,"{""type"":""MultiPoint"",""coordinates"":[]}"
23074_0,-0.041059602,0.5306859,-0.053148728,2024-02-26,23074,"{""type"":""MultiPoint"",""coordinates"":[]}"
23075_0,0.2186635,0.6990788,0.25377643,2024-02-26,23075,"{""type"":""MultiPoint"",""coordinates"":[]}"
23076_0,-0.044254657,0.484375,-0.08249497,2024-02-26,23076,"{""type"":""MultiPoint"",""coordinates"":[]}"
23077_0,0.44640192,0.8090871,0.40135616,2024-02-26,23077,"{""type"":""MultiPoint"",""coordinates"":[]}"
23078_0,-0.10193436,0.37557673,-0.0626703,2024-02-26,23078,"{""type"":""MultiPoint"",""coordinates"":[]}"
23079_0,-0.10564102,0.39914164,-0.15889056,2024-02-26,23079,"{""type"":""MultiPoint"",""coordinates"":[]}"
23080_0,0.2136068,0.6677875,0.22408687,2024-02-26,23080,"{""type"":""MultiPoint"",""coordinates"":[]}"
23081_0,0.29096574,0.6875585,0.22637661,2024-02-26,23081,"{""type"":""MultiPoint"",""coordinates"":[]}"
23082_0,0.058139537,0.578534,0.08722109,2024-02-26,23082,"{""type"":""MultiPoint"",""coordinates"":[]}"
23083_0,-0.09249484,0.45306122,-0.14423077,2024-02-26,23083,"{""type"":""MultiPoint"",""coordinates"":[]}"
23084_0,-0.22518583,0.33057165,-0.27132487,2024-02-26,23084,"{""type"":""MultiPoint"",""coordinates"":[]}"
23085_0,-0.11328976,0.36608997,-0.1282844,2024-02-26,23085,"{""type"":""MultiPoint"",""coordinates"":[]}"
23086_0,0.2832618,0.77488154,0.1984,2024-02-26,23086,"{""type"":""MultiPoint"",""coordinates"":[]}"
23087_0,0.06405149,0.6374384,0.042333018,2024-02-26,23087,"{""type"":""MultiPoint"",""coordinates"":[]}"
23088_0,0.25663128,0.80128205,0.2012825,2024-02-26,23088,"{""type"":""MultiPoint"",""coordinates"":[]}"
23089_0,0.17325974,0.79026216,0.17300613,2024-02-26,23089,"{""type"":""MultiPoint"",""coordinates"":[]}"
23090_0,0.24036802,0.8059965,0.21579103,2024-02-26,23090,"{""type"":""MultiPoint"",""coordinates"":[]}"
23091_0,-7.60842E-4,0.55784065,-0.04088631,2024-02-26,23091,"{""type"":""MultiPoint"",""coordinates"":[]}"
23092_0,0.07686956,0.6690947,0.094506994,2024-02-26,23092,"{""type"":""MultiPoint"",""coordinates"":[]}"
23093_0,0.3986207,0.85561496,0.4096141,2024-02-26,23093,"{""type"":""MultiPoint"",""coordinates"":[]}"
23094_0,0.08502994,0.65504414,0.07617896,2024-02-26,23094,"{""type"":""MultiPoint"",""coordinates"":[]}"
23095_0,0.013872832,0.5948827,0.045861296,2024-02-26,23095,"{""type"":""MultiPoint"",""coordinates"":[]}"
23096_0,0.06479346,0.5729167,0.098625705,2024-02-26,23096,"{""type"":""MultiPoint"",""coordinates"":[]}"
23097_0,0.19969705,0.7024561,0.2096734,2024-02-26,23097,"{""type"":""MultiPoint"",""coordinates"":[]}"
23098_0,0.01892583,0.60105914,-0.027867096,2024-02-26,23098,"{""type"":""MultiPoint"",""coordinates"":[]}"
23099_0,-0.15449102,0.38041958,-0.18865599,2024-02-26,23099,"{""type"":""MultiPoint"",""coordinates"":[]}"
23100_0,-0.010028972,0.4394141,-0.023486901,2024-02-26,23100,"{""type"":""MultiPoint"",""coordinates"":[]}"
23101_0,-0.10173803,0.4540015,-0.14417785,2024-02-26,23101,"{""type"":""MultiPoint"",""coordinates"":[]}"
23102_0,0.45454547,0.84231067,0.46265882,2024-02-26,23102,"{""type"":""MultiPoint"",""coordinates"":[]}"
23103_0,0.04330357,0.5416079,0.00993301,2024-02-26,23103,"{""type"":""MultiPoint"",""coordinates"":[]}"
23104_0,-0.21457326,0.33333334,-0.21237694,2024-02-26,23104,"{""type"":""MultiPoint"",""coordinates"":[]}"
23105_0,0.069509216,0.4485087,0.10259156,2024-02-26,23105,"{""type"":""MultiPoint"",""coordinates"":[]}"
23106_0,-0.08745654,0.4172063,-0.14053296,2024-02-26,23106,"{""type"":""MultiPoint"",""coordinates"":[]}"
23107_0,-0.06714562,0.5240793,-0.08942172,2024-02-26,23107,"{""type"":""MultiPoint"",""coordinates"":[]}"
23108_0,-0.149033,0.36925516,-0.18739714,2024-02-26,23108,"{""type"":""MultiPoint"",""coordinates"":[]}"
23109_0,-0.2614394,0.36305103,-0.33187667,2024-02-26,23109,"{""type"":""MultiPoint"",""coordinates"":[]}"
23110_0,-0.10928083,0.47667637,-0.15354083,2024-02-26,23110,"{""type"":""MultiPoint"",""coordinates"":[]}"
23111_0,0.31537244,0.8045685,0.24409449,2024-02-26,23111,"{""type"":""MultiPoint"",""coordinates"":[]}"
23112_0,-0.14057295,0.39744088,-0.17528604,2024-02-26,23112,"{""type"":""MultiPoint"",""coordinates"":[]}"
23113_0,-0.12597114,0.47578347,-0.13257048,2024-02-26,23113,"{""type"":""MultiPoint"",""coordinates"":[]}"
23114_0,-0.057127487,0.0906568,-0.02045903,2024-02-26,23114,"{""type"":""MultiPoint"",""coordinates"":[]}"
23115_0,-0.08109339,0.4148398,-0.17156258,2024-02-26,23115,"{""type"":""MultiPoint"",""coordinates"":[]}"
23116_0,-0.13589187,0.39473686,-0.2982069,2024-02-26,23116,"{""type"":""MultiPoint"",""coordinates"":[]}"
23117_0,-0.22413793,0.35841584,-0.16570386,2024-02-26,23117,"{""type"":""MultiPoint"",""coordinates"":[]}"
23118_0,-0.16472629,0.42719382,-0.22735578,2024-02-26,23118,"{""type"":""MultiPoint"",""coordinates"":[]}"
23119_0,-0.10575035,0.5356784,-0.1266076,2024-02-26,23119,"{""type"":""MultiPoint"",""coordinates"":[]}"
23120_0,-0.19586207,0.38680926,-0.25138322,2024-02-26,23120,"{""type"":""MultiPoint"",""coordinates"":[]}"
23121_0,-0.14674442,0.41391942,-0.1002331,2024-02-26,23121,"{""type"":""MultiPoint"",""coordinates"":[]}"
23122_0,-0.15439321,0.43206108,-0.14571948,2024-02-26,23122,"{""type"":""MultiPoint"",""coordinates"":[]}"
23123_0,-0.0015156108,0.5431783,-0.044908285,2024-02-26,23123,"{""type"":""MultiPoint"",""coordinates"":[]}"
23124_0,0.004190676,0.6057897,-0.003960919,2024-02-26,23124,"{""type"":""MultiPoint"",""coordinates"":[]}"
23125_0,0.23416694,0.7904584,0.23763336,2024-02-26,23125,"{""type"":""MultiPoint"",""coordinates"":[]}"
23126_0,0.08974029,0.6322731,0.086215794,2024-02-26,23126,"{""type"":""MultiPoint"",""coordinates"":[]}"
23127_0,0.33014962,0.855913,0.3212903,2024-02-26,23127,"{""type"":""MultiPoint"",""coordinates"":[]}"
23128_0,0.29281455,0.77035135,0.24796134,2024-02-26,23128,"{""type"":""MultiPoint"",""coordinates"":[]}"
23129_0,0.35344303,0.834994,0.36901575,2024-02-26,23129,"{""type"":""MultiPoint"",""coordinates"":[]}"
23130_0,-0.23843417,0.38899082,-0.2657614,2024-02-26,23130,"{""type"":""MultiPoint"",""coordinates"":[]}"
23131_0,0.16192071,0.757605,0.0960554,2024-02-26,23131,"{""type"":""MultiPoint"",""coordinates"":[]}"
23132_0,0.1872836,0.7195122,0.13442843,2024-02-26,23132,"{""type"":""MultiPoint"",""coordinates"":[]}"
23133_0,0.28821784,0.81832546,0.27112094,2024-02-26,23133,"{""type"":""MultiPoint"",""coordinates"":[]}"
23134_0,0.04453272,0.58747447,0.01017977,2024-02-26,23134,"{""type"":""MultiPoint"",""coordinates"":[]}"
23135_0,-0.11202793,0.57983196,-0.14211212,2024-02-26,23135,"{""type"":""MultiPoint"",""coordinates"":[]}"
23136_0,0.36164975,0.8921233,0.36125654,2024-02-26,23136,"{""type"":""MultiPoint"",""coordinates"":[]}"
23137_0,0.2333567,0.8141026,0.21633238,2024-02-26,23137,"{""type"":""MultiPoint"",""coordinates"":[]}"
23138_0,0.031521738,0.5463826,-0.011350738,2024-02-26,23138,"{""type"":""MultiPoint"",""coordinates"":[]}"
23139_0,0.23914337,0.7977324,0.21557805,2024-02-26,23139,"{""type"":""MultiPoint"",""coordinates"":[]}"
23140_0,0.25159237,0.8280178,0.2324442,2024-02-26,23140,"{""type"":""MultiPoint"",""coordinates"":[]}"
23141_0,0.3945696,0.8770563,0.3482587,2024-02-26,23141,"{""type"":""MultiPoint"",""coordinates"":[]}"
23142_0,-0.1902439,0.30201343,-0.19562759,2024-02-26,23142,"{""type"":""MultiPoint"",""coordinates"":[]}"
23143_0,0.2944544,0.81296617,0.2314887,2024-02-26,23143,"{""type"":""MultiPoint"",""coordinates"":[]}"
23144_0,-0.022932593,0.6515581,-0.115996964,2024-02-26,23144,"{""type"":""MultiPoint"",""coordinates"":[]}"
23145_0,-0.054303497,0.48449346,-0.06550976,2024-02-26,23145,"{""type"":""MultiPoint"",""coordinates"":[]}"
23146_0,0.18121518,0.75222814,0.12054717,2024-02-26,23146,"{""type"":""MultiPoint"",""coordinates"":[]}"
23147_0,0.27511835,0.74616694,0.19603267,2024-02-26,23147,"{""type"":""MultiPoint"",""coordinates"":[]}"
23148_0,0.113255225,0.6276817,0.09855208,2024-02-26,23148,"{""type"":""MultiPoint"",""coordinates"":[]}"
23149_0,0.24,0.775,0.23972353,2024-02-26,23149,"{""type"":""MultiPoint"",""coordinates"":[]}"
23150_0,0.24647123,0.72611463,0.3225964,2024-02-26,23150,"{""type"":""MultiPoint"",""coordinates"":[]}"
23151_0,-0.07984157,0.46766916,-0.14046675,2024-02-26,23151,"{""type"":""MultiPoint"",""coordinates"":[]}"
23152_0,0.009941164,0.4966975,-0.036974076,2024-02-26,23152,"{""type"":""MultiPoint"",""coordinates"":[]}"
23153_0,0.21554019,0.75777066,0.25063547,2024-02-26,23153,"{""type"":""MultiPoint"",""coordinates"":[]}"
23154_0,-0.018669778,0.5444887,-0.05925177,2024-02-26,23154,"{""type"":""MultiPoint"",""coordinates"":[]}"
23155_0,0.07957394,0.6413374,0.048883133,2024-02-26,23155,"{""type"":""MultiPoint"",""coordinates"":[]}"
23156_0,0.33392698,0.87470996,0.36717427,2024-02-26,23156,"{""type"":""MultiPoint"",""coordinates"":[]}"
23157_0,0.17995766,0.6908078,0.1642292,2024-02-26,23157,"{""type"":""MultiPoint"",""coordinates"":[]}"
23158_0,0.047159463,0.5375477,-0.090361446,2024-02-26,23158,"{""type"":""MultiPoint"",""coordinates"":[]}"
23159_0,0.29043633,0.7584158,0.2466074,2024-02-26,23159,"{""type"":""MultiPoint"",""coordinates"":[]}"
23160_0,0.14115605,0.6339057,0.12730023,2024-02-26,23160,"{""type"":""MultiPoint"",""coordinates"":[]}"
23161_0,0.3194009,0.7325833,0.3440752,2024-02-26,23161,"{""type"":""MultiPoint"",""coordinates"":[]}"
23162_0,0.32875606,0.7884527,0.39934948,2024-02-26,23162,"{""type"":""MultiPoint"",""coordinates"":[]}"
23163_0,-0.05116079,0.39567232,-0.15031758,2024-02-26,23163,"{""type"":""MultiPoint"",""coordinates"":[]}"
23164_0,-0.08880646,0.42316097,-0.12160036,2024-02-26,23164,"{""type"":""MultiPoint"",""coordinates"":[]}"
23165_0,0.052906286,0.5503876,0.04861773,2024-02-26,23165,"{""type"":""MultiPoint"",""coordinates"":[]}"
23166_0,0.33730277,0.79261863,0.29400572,2024-02-26,23166,"{""type"":""MultiPoint"",""coordinates"":[]}"
23167_0,0.004835367,0.542446,-0.0039488967,2024-02-26,23167,"{""type"":""MultiPoint"",""coordinates"":[]}"
23168_0,0.3254216,0.7804511,0.24369748,2024-02-26,23168,"{""type"":""MultiPoint"",""coordinates"":[]}"
23169_0,-0.17,0.42808798,-0.18552473,2024-02-26,23169,"{""type"":""MultiPoint"",""coordinates"":[]}"
23170_0,0.14369012,0.6423309,0.087843835,2024-02-26,23170,"{""type"":""MultiPoint"",""coordinates"":[]}"
23171_0,0.23154604,0.6854003,0.2536198,2024-02-26,23171,"{""type"":""MultiPoint"",""coordinates"":[]}"
23172_0,0.07224917,0.5469613,0.07224917,2024-02-26,23172,"{""type"":""MultiPoint"",""coordinates"":[]}"
23173_0,0.25500435,0.7950232,0.24736226,2024-02-26,23173,"{""type"":""MultiPoint"",""coordinates"":[]}"
23174_0,0.16634615,0.53875595,0.16353111,2024-02-26,23174,"{""type"":""MultiPoint"",""coordinates"":[]}"
23175_0,0.42733333,0.8491484,0.45269194,2024-02-26,23175,"{""type"":""MultiPoint"",""coordinates"":[]}"
23176_0,0.03875333,0.61077845,0.06873262,2024-02-26,23176,"{""type"":""MultiPoint"",""coordinates"":[]}"
23177_0,0.027518762,0.49564207,0.092529714,2024-02-26,23177,"{""type"":""MultiPoint"",""coordinates"":[]}"
23178_0,0.46505377,0.8518519,0.46862483,2024-02-26,23178,"{""type"":""MultiPoint"",""coordinates"":[]}"
23179_0,0.3620339,0.85447395,0.33427662,2024-02-26,23179,"{""type"":""MultiPoint"",""coordinates"":[]}"
23180_0,-0.060505666,0.36035636,0.0021328959,2024-02-26,23180,"{""type"":""MultiPoint"",""coordinates"":[]}"
23181_0,0.22622037,0.73644704,0.20034592,2024-02-26,23181,"{""type"":""MultiPoint"",""coordinates"":[]}"
23182_0,0.16859244,0.6828583,0.13944006,2024-02-26,23182,"{""type"":""MultiPoint"",""coordinates"":[]}"
23183_0,0.06660064,0.59812355,0.040468313,2024-02-26,23183,"{""type"":""MultiPoint"",""coordinates"":[]}"
23184_0,-0.002107235,0.5613793,0.02815622,2024-02-26,23184,"{""type"":""MultiPoint"",""coordinates"":[]}"
23185_0,0.1846473,0.6398892,0.20203045,2024-02-26,23185,"{""type"":""MultiPoint"",""coordinates"":[]}"
23186_0,0.0139982505,0.40600207,-0.050326187,2024-02-26,23186,"{""type"":""MultiPoint"",""coordinates"":[]}"
23187_0,0.18092307,0.7301162,0.18518518,2024-02-26,23187,"{""type"":""MultiPoint"",""coordinates"":[]}"
23188_0,0.21794872,0.7516441,0.21459228,2024-02-26,23188,"{""type"":""MultiPoint"",""coordinates"":[]}"
23189_0,0.029711375,0.57384276,-0.032520324,2024-02-26,23189,"{""type"":""MultiPoint"",""coordinates"":[]}"
23190_0,0.31907433,0.8468938,0.4070229,2024-02-26,23190,"{""type"":""MultiPoint"",""coordinates"":[]}"
23191_0,0.16427203,0.6884493,0.15598549,2024-02-26,23191,"{""type"":""MultiPoint"",""coordinates"":[]}"
23192_0,0.1140625,0.6526656,0.09207366,2024-02-26,23192,"{""type"":""MultiPoint"",""coordinates"":[]}"
23193_0,0.11357568,0.67394555,0.1291364,2024-02-26,23193,"{""type"":""MultiPoint"",""coordinates"":[]}"
23194_0,0.34460095,0.8188034,0.34047243,2024-02-26,23194,"{""type"":""MultiPoint"",""coordinates"":[]}"
23195_0,0.10195921,0.6374846,0.08363933,2024-02-26,23195,"{""type"":""MultiPoint"",""coordinates"":[]}"
23196_0,0.20269133,0.7118524,0.25821596,2024-02-26,23196,"{""type"":""MultiPoint"",""coordinates"":[]}"
23197_0,0.28559053,0.75213385,0.34946096,2024-02-26,23197,"{""type"":""MultiPoint"",""coordinates"":[]}"
23198_0,0.16970278,0.64217925,0.14847592,2024-02-26,23198,"{""type"":""MultiPoint"",""coordinates"":[]}"
23199_0,0.19646968,0.76129466,0.11007225,2024-02-26,23199,"{""type"":""MultiPoint"",""coordinates"":[]}"
23200_0,0.23710209,0.80866426,0.18090749,2024-02-26,23200,"{""type"":""MultiPoint"",""coordinates"":[]}"
23201_0,0.44273612,0.8596342,0.42225114,2024-02-26,23201,"{""type"":""MultiPoint"",""coordinates"":[]}"
23204_0,0.07098445,0.621079,0.038863577,2024-02-26,23204,"{""type"":""MultiPoint"",""coordinates"":[]}"
23210_0,0.1818754,0.6820046,0.17355372,2024-02-26,23210,"{""type"":""MultiPoint"",""coordinates"":[]}"
23711_0,0.029822161,0.6594641,0.039805036,2024-02-26,23711,"{""type"":""MultiPoint"",""coordinates"":[]}"
23712_0,0.046626985,0.625171,0.105630524,2024-02-26,23712,"{""type"":""MultiPoint"",""coordinates"":[]}"
23713_0,-0.22607368,0.28650355,-0.26609635,2024-02-26,23713,"{""type"":""MultiPoint"",""coordinates"":[]}"
23714_0,0.28690097,0.77952754,0.17272054,2024-02-26,23714,"{""type"":""MultiPoint"",""coordinates"":[]}"
23715_0,-0.09458333,0.47728768,-0.07862862,2024-02-26,23715,"{""type"":""MultiPoint"",""coordinates"":[]}"
23716_0,-0.055105973,0.48827863,-0.104032256,2024-02-26,23716,"{""type"":""MultiPoint"",""coordinates"":[]}"
23717_0,0.1793842,0.6911995,0.18968935,2024-02-26,23717,"{""type"":""MultiPoint"",""coordinates"":[]}"
23718_0,0.12919688,0.62658703,0.14661753,2024-02-26,23718,"{""type"":""MultiPoint"",""coordinates"":[]}"
23719_0,-0.118781336,0.28169015,-0.10157585,2024-02-26,23719,"{""type"":""MultiPoint"",""coordinates"":[]}"
23720_0,0.36641222,0.82579184,0.27740404,2024-02-26,23720,"{""type"":""MultiPoint"",""coordinates"":[]}"
23721_0,0.2509635,0.7385866,0.25451264,2024-02-26,23721,"{""type"":""MultiPoint"",""coordinates"":[]}"
23722_0,0.171278,0.7335315,0.16356383,2024-02-26,23722,"{""type"":""MultiPoint"",""coordinates"":[]}"
23723_0,0.047596827,0.6098622,0.042008918,2024-02-26,23723,"{""type"":""MultiPoint"",""coordinates"":[]}"
23724_0,0.19617225,0.731014,0.1764706,2024-02-26,23724,"{""type"":""MultiPoint"",""coordinates"":[]}"
23725_0,0.15466285,0.69391304,0.13884829,2024-02-26,23725,"{""type"":""MultiPoint"",""coordinates"":[]}"
23726_0,0.05858586,0.6386913,0.10556622,2024-02-26,23726,"{""type"":""MultiPoint"",""coordinates"":[]}"
23727_0,0.04751758,0.5472186,0.033931274,2024-02-26,23727,"{""type"":""MultiPoint"",""coordinates"":[]}"
23728_0,0.023310572,0.64119065,-0.008264462,2024-02-26,23728,"{""type"":""MultiPoint"",""coordinates"":[]}"
23729_0,0.22625034,0.79406095,0.2280887,2024-02-26,23729,"{""type"":""MultiPoint"",""coordinates"":[]}"
23730_0,0.2146716,0.7029072,0.21511793,2024-02-26,23730,"{""type"":""MultiPoint"",""coordinates"":[]}"
23731_0,-0.13890262,0.4493063,-0.2583288,2024-02-26,23731,"{""type"":""MultiPoint"",""coordinates"":[]}"
23732_0,-0.05678422,0.46363062,-0.06806283,2024-02-26,23732,"{""type"":""MultiPoint"",""coordinates"":[]}"
23733_0,0.031255458,0.5107832,-0.020603385,2024-02-26,23733,"{""type"":""MultiPoint"",""coordinates"":[]}"
23734_0,0.24634859,0.7637638,0.20561068,2024-02-26,23734,"{""type"":""MultiPoint"",""coordinates"":[]}"
23735_0,0.2265432,0.72582,0.24175492,2024-02-26,23735,"{""type"":""MultiPoint"",""coordinates"":[]}"
23736_0,-0.114017166,0.45518208,-0.13488759,2024-02-26,23736,"{""type"":""MultiPoint"",""coordinates"":[]}"
23737_0,-0.006704487,0.36916995,-0.0597177,2024-02-26,23737,"{""type"":""MultiPoint"",""coordinates"":[]}"
23738_0,0.36791238,0.85936075,0.34968513,2024-02-26,23738,"{""type"":""MultiPoint"",""coordinates"":[]}"
23739_0,-0.07195175,0.45676997,-0.16424894,2024-02-26,23739,"{""type"":""MultiPoint"",""coordinates"":[]}"
23740_0,0.19866072,0.75755197,0.218716,2024-02-26,23740,"{""type"":""MultiPoint"",""coordinates"":[]}"
23741_0,-0.103105165,0.39087412,-0.119234115,2024-02-26,23741,"{""type"":""MultiPoint"",""coordinates"":[]}"
23742_0,0.25527066,0.7558609,0.24863467,2024-02-26,23742,"{""type"":""MultiPoint"",""coordinates"":[]}"
23743_0,-0.008397716,0.62036526,-0.012478921,2024-02-26,23743,"{""type"":""MultiPoint"",""coordinates"":[]}"
23744_0,0.076549865,0.5971158,0.0169297,2024-02-26,23744,"{""type"":""MultiPoint"",""coordinates"":[]}"
23745_0,-0.2121358,0.3657689,-0.23110785,2024-02-26,23745,"{""type"":""MultiPoint"",""coordinates"":[]}"
23746_0,0.016425595,0.5796064,-0.06362672,2024-02-26,23746,"{""type"":""MultiPoint"",""coordinates"":[]}"
23747_0,0.2369338,0.70583117,0.2831424,2024-02-26,23747,"{""type"":""MultiPoint"",""coordinates"":[]}"
23748_0,-0.01576182,0.52238804,-0.039892424,2024-02-26,23748,"{""type"":""MultiPoint"",""coordinates"":[]}"
23749_0,0.16757208,0.7055058,0.14432989,2024-02-26,23749,"{""type"":""MultiPoint"",""coordinates"":[]}"
23750_0,0.13710596,0.6311337,0.120061964,2024-02-26,23750,"{""type"":""MultiPoint"",""coordinates"":[]}"
23751_0,0.13228035,0.74426806,0.05888651,2024-02-26,23751,"{""type"":""MultiPoint"",""coordinates"":[]}"
23752_0,0.33697632,0.77756655,0.34532374,2024-02-26,23752,"{""type"":""MultiPoint"",""coordinates"":[]}"
23753_0,-0.09847036,0.5276468,-0.1264706,2024-02-26,23753,"{""type"":""MultiPoint"",""coordinates"":[]}"
23754_0,-0.056253415,0.54270464,-0.05452563,2024-02-26,23754,"{""type"":""MultiPoint"",""coordinates"":[]}"
23755_0,0.007135135,0.45582047,-0.05032022,2024-02-26,23755,"{""type"":""MultiPoint"",""coordinates"":[]}"
23756_0,0.017486783,0.53621423,0.021862349,2024-02-26,23756,"{""type"":""MultiPoint"",""coordinates"":[]}"
23757_0,-0.15617606,0.41785252,-0.19549792,2024-02-26,23757,"{""type"":""MultiPoint"",""coordinates"":[]}"
23758_0,0.15076523,0.7184644,0.18090452,2024-02-26,23758,"{""type"":""MultiPoint"",""coordinates"":[]}"
23759_0,-0.060595065,0.3735065,-0.05011676,2024-02-26,23759,"{""type"":""MultiPoint"",""coordinates"":[]}"
23760_0,-0.083033934,0.47015426,-0.106218144,2024-02-26,23760,"{""type"":""MultiPoint"",""coordinates"":[]}"
23761_0,0.18672839,0.75438595,0.1409943,2024-02-26,23761,"{""type"":""MultiPoint"",""coordinates"":[]}"
23762_0,-0.05882353,0.6074332,-0.10796004,2024-02-26,23762,"{""type"":""MultiPoint"",""coordinates"":[]}"
23763_0,0.23425196,0.8507202,0.28993002,2024-02-26,23763,"{""type"":""MultiPoint"",""coordinates"":[]}"
23764_0,0.056358244,0.04827062,0.055996936,2024-02-26,23764,"{""type"":""MultiPoint"",""coordinates"":[]}"
23765_0,0.28952205,0.81619656,0.31894273,2024-02-26,23765,"{""type"":""MultiPoint"",""coordinates"":[]}"
23766_0,-0.14572476,0.39454806,-0.20846905,2024-02-26,23766,"{""type"":""MultiPoint"",""coordinates"":[]}"
23767_0,-0.0639413,0.45659164,-0.056741282,2024-02-26,23767,"{""type"":""MultiPoint"",""coordinates"":[]}"
23768_0,-0.16184112,0.36632392,-0.19101979,2024-02-26,23768,"{""type"":""MultiPoint"",""coordinates"":[]}"
23769_0,-0.060728744,0.47741935,-0.06720977,2024-02-26,23769,"{""type"":""MultiPoint"",""coordinates"":[]}"
23770_0,-0.058592793,0.4557927,-0.061194398,2024-02-26,23770,"{""type"":""MultiPoint"",""coordinates"":[]}"
23771_0,0.16574381,0.76790124,0.11787666,2024-02-26,23771,"{""type"":""MultiPoint"",""coordinates"":[]}"
23772_0,0.032063577,0.49825513,0.04488913,2024-02-26,23772,"{""type"":""MultiPoint"",""coordinates"":[]}"
23773_0,-0.21541399,0.25026178,-0.18899643,2024-02-26,23773,"{""type"":""MultiPoint"",""coordinates"":[]}"
23774_0,-0.16321354,0.35276532,-0.2063144,2024-02-26,23774,"{""type"":""MultiPoint"",""coordinates"":[]}"
23775_0,0.04869762,0.58992183,0.042735044,2024-02-26,23775,"{""type"":""MultiPoint"",""coordinates"":[]}"
23776_0,-0.1483685,0.31126672,-0.21449,2024-02-26,23776,"{""type"":""MultiPoint"",""coordinates"":[]}"
23777_0,0.015122874,0.69222033,-0.023910908,2024-02-26,23777,"{""type"":""MultiPoint"",""coordinates"":[]}"
23778_0,-0.13905326,0.47878787,-0.22416534,2024-02-26,23778,"{""type"":""MultiPoint"",""coordinates"":[]}"
23779_0,0.22500883,0.7117647,0.22828,2024-02-26,23779,"{""type"":""MultiPoint"",""coordinates"":[]}"
23780_0,-0.28308824,0.27083334,-0.34282416,2024-02-26,23780,"{""type"":""MultiPoint"",""coordinates"":[]}"
23781_0,-0.039636914,0.6212494,-0.020796197,2024-02-26,23781,"{""type"":""MultiPoint"",""coordinates"":[]}"
23782_0,-0.13564357,0.36153233,-0.147,2024-02-26,23782,"{""type"":""MultiPoint"",""coordinates"":[]}"
23783_0,-0.107421875,0.41683233,-0.14015685,2024-02-26,23783,"{""type"":""MultiPoint"",""coordinates"":[]}"
23784_0,-0.15857308,0.3898305,-0.18754423,2024-02-26,23784,"{""type"":""MultiPoint"",""coordinates"":[]}"
23785_0,0.024152232,0.05263158,0.11894273,2024-02-26,23785,"{""type"":""MultiPoint"",""coordinates"":[]}"
23786_0,-0.10469625,0.4072971,-0.15132464,2024-02-26,23786,"{""type"":""MultiPoint"",""coordinates"":[]}"
23787_0,-0.06663169,0.5173611,-0.07537688,2024-02-26,23787,"{""type"":""MultiPoint"",""coordinates"":[]}"
23788_0,-0.07065497,0.45700973,-0.09378293,2024-02-26,23788,"{""type"":""MultiPoint"",""coordinates"":[]}"
23789_0,-0.17150505,0.3820841,-0.20168954,2024-02-26,23789,"{""type"":""MultiPoint"",""coordinates"":[]}"
23790_0,-0.07521579,0.5951265,-0.12313241,2024-02-26,23790,"{""type"":""MultiPoint"",""coordinates"":[]}"
23791_0,-0.14081146,0.33911785,-0.1733988,2024-02-26,23791,"{""type"":""MultiPoint"",""coordinates"":[]}"
23792_0,-0.14285715,0.40389973,-0.2,2024-02-26,23792,"{""type"":""MultiPoint"",""coordinates"":[]}"
23793_0,-0.12802401,0.26953748,-0.14439268,2024-02-26,23793,"{""type"":""MultiPoint"",""coordinates"":[]}"
23794_0,-0.097382195,0.48993915,-0.13665944,2024-02-26,23794,"{""type"":""MultiPoint"",""coordinates"":[]}"
23795_0,-0.03291714,0.5058824,-0.05772956,2024-02-26,23795,"{""type"":""MultiPoint"",""coordinates"":[]}"
23796_0,-0.049068484,0.42046857,-0.26880357,2024-02-26,23796,"{""type"":""MultiPoint"",""coordinates"":[]}"
23797_0,0.35451308,0.90128577,0.35661438,2024-02-26,23797,"{""type"":""MultiPoint"",""coordinates"":[]}"
23798_0,0.41581786,0.8762636,0.40819424,2024-02-26,23798,"{""type"":""MultiPoint"",""coordinates"":[]}"
23799_0,0.20909941,0.8121975,0.19197708,2024-02-26,23799,"{""type"":""MultiPoint"",""coordinates"":[]}"
23800_0,-0.09234073,0.40033057,-0.038801905,2024-02-26,23800,"{""type"":""MultiPoint"",""coordinates"":[]}"
23801_0,0.1044332,0.67470956,0.109203905,2024-02-26,23801,"{""type"":""MultiPoint"",""coordinates"":[]}"
23802_0,0.12824632,0.7071057,0.09505281,2024-02-26,23802,"{""type"":""MultiPoint"",""coordinates"":[]}"
23803_0,-0.036058914,0.4375517,-0.079936475,2024-02-26,23803,"{""type"":""MultiPoint"",""coordinates"":[]}"
23804_0,0.025429552,0.66627496,0.0,2024-02-26,23804,"{""type"":""MultiPoint"",""coordinates"":[]}"
23805_0,0.20683661,0.73562235,0.19256857,2024-02-26,23805,"{""type"":""MultiPoint"",""coordinates"":[]}"
23806_0,-0.11977118,0.35163996,-0.27732465,2024-02-26,23806,"{""type"":""MultiPoint"",""coordinates"":[]}"
23807_0,0.27775806,0.79407173,0.06088561,2024-02-26,23807,"{""type"":""MultiPoint"",""coordinates"":[]}"
23808_0,0.34155598,0.87365466,0.31580678,2024-02-26,23808,"{""type"":""MultiPoint"",""coordinates"":[]}"
23809_0,0.31886476,0.7841615,0.30494037,2024-02-26,23809,"{""type"":""MultiPoint"",""coordinates"":[]}"
23810_0,-0.023784354,0.49512988,-0.025138926,2024-02-26,23810,"{""type"":""MultiPoint"",""coordinates"":[]}"
23811_0,0.39361367,0.82504606,0.34784088,2024-02-26,23811,"{""type"":""MultiPoint"",""coordinates"":[]}"
23812_0,-0.09189749,0.45226616,-0.16680498,2024-02-26,23812,"{""type"":""MultiPoint"",""coordinates"":[]}"
23813_0,0.15299335,0.7046263,0.17798954,2024-02-26,23813,"{""type"":""MultiPoint"",""coordinates"":[]}"
23814_0,-0.06518645,0.5357664,-0.08495216,2024-02-26,23814,"{""type"":""MultiPoint"",""coordinates"":[]}"
23815_0,0.20582524,0.78202677,0.20608218,2024-02-26,23815,"{""type"":""MultiPoint"",""coordinates"":[]}"
23816_0,0.046746682,0.5957895,0.0023140495,2024-02-26,23816,"{""type"":""MultiPoint"",""coordinates"":[]}"
23817_0,-0.048434332,0.36178863,-0.073092,2024-02-26,23817,"{""type"":""MultiPoint"",""coordinates"":[]}"
23818_0,0.31646827,0.77912456,0.31442785,2024-02-26,23818,"{""type"":""MultiPoint"",""coordinates"":[]}"
23819_0,0.11105915,0.65363985,0.063316084,2024-02-26,23819,"{""type"":""MultiPoint"",""coordinates"":[]}"
23820_0,-0.026499303,0.4642668,-0.03117338,2024-02-26,23820,"{""type"":""MultiPoint"",""coordinates"":[]}"
23821_0,0.4338588,0.87150836,0.4174894,2024-02-26,23821,"{""type"":""MultiPoint"",""coordinates"":[]}"
23822_0,-0.030535746,0.36481577,-0.034508076,2024-02-26,23822,"{""type"":""MultiPoint"",""coordinates"":[]}"
23823_0,-0.11478888,0.50487065,-0.0795151,2024-02-26,23823,"{""type"":""MultiPoint"",""coordinates"":[]}"
23824_0,0.3909493,0.90151143,0.370826,2024-02-26,23824,"{""type"":""MultiPoint"",""coordinates"":[]}"
23825_0,0.13439786,0.74158525,0.10430293,2024-02-26,23825,"{""type"":""MultiPoint"",""coordinates"":[]}"
23826_0,0.06755853,0.6559692,0.1046885,2024-02-26,23826,"{""type"":""MultiPoint"",""coordinates"":[]}"
23827_0,0.12660824,0.41950375,0.024573095,2024-02-26,23827,"{""type"":""MultiPoint"",""coordinates"":[]}"
23828_0,-0.09090909,0.2366864,-0.3090909,2024-02-26,23828,"{""type"":""MultiPoint"",""coordinates"":[]}"
23829_0,0.23051682,0.7641723,0.2477947,2024-02-26,23829,"{""type"":""MultiPoint"",""coordinates"":[]}"
23830_0,0.32408324,0.83741647,0.2345679,2024-02-26,23830,"{""type"":""MultiPoint"",""coordinates"":[]}"
23831_0,0.2681925,0.74383456,0.27478918,2024-02-26,23831,"{""type"":""MultiPoint"",""coordinates"":[]}"
23832_0,0.0750736,0.59348387,0.06613822,2024-02-26,23832,"{""type"":""MultiPoint"",""coordinates"":[]}"
23833_0,-0.022253787,0.3432253,-0.1131735,2024-02-26,23833,"{""type"":""MultiPoint"",""coordinates"":[]}"
23834_0,0.22060136,0.6930147,0.16915265,2024-02-26,23834,"{""type"":""MultiPoint"",""coordinates"":[]}"
23835_0,0.21742512,0.7861466,0.13796058,2024-02-26,23835,"{""type"":""MultiPoint"",""coordinates"":[]}"
23836_0,0.28135806,0.8147139,0.2722063,2024-02-26,23836,"{""type"":""MultiPoint"",""coordinates"":[]}"
23837_0,0.021622693,0.51466995,0.0024271845,2024-02-26,23837,"{""type"":""MultiPoint"",""coordinates"":[]}"
23838_0,0.027462121,0.5601835,0.036585364,2024-02-26,23838,"{""type"":""MultiPoint"",""coordinates"":[]}"
23839_0,0.2737237,0.81934965,0.28567377,2024-02-26,23839,"{""type"":""MultiPoint"",""coordinates"":[]}"
23840_0,0.32566229,0.81557065,0.31185144,2024-02-26,23840,"{""type"":""MultiPoint"",""coordinates"":[]}"
23841_0,0.32925898,0.86037165,0.35677657,2024-02-26,23841,"{""type"":""MultiPoint"",""coordinates"":[]}"
23842_0,0.39920664,0.85288966,0.43506274,2024-02-26,23842,"{""type"":""MultiPoint"",""coordinates"":[]}"
23843_0,0.2631858,0.68128985,0.2345815,2024-02-26,23843,"{""type"":""MultiPoint"",""coordinates"":[]}"
23844_0,0.37644905,0.8237885,0.3389392,2024-02-26,23844,"{""type"":""MultiPoint"",""coordinates"":[]}"
23845_0,0.3563159,0.81058496,0.3502986,2024-02-26,23845,"{""type"":""MultiPoint"",""coordinates"":[]}"
23846_0,-0.19623707,0.30882353,-0.23768736,2024-02-26,23846,"{""type"":""MultiPoint"",""coordinates"":[]}"
23847_0,0.3997839,0.8270999,0.45685652,2024-02-26,23847,"{""type"":""MultiPoint"",""coordinates"":[]}"
23848_0,0.18728267,0.62606674,0.12325831,2024-02-26,23848,"{""type"":""MultiPoint"",""coordinates"":[]}"
23849_0,0.11276836,0.629776,0.11516791,2024-02-26,23849,"{""type"":""MultiPoint"",""coordinates"":[]}"
23850_0,-0.08832645,0.50414747,-0.12703931,2024-02-26,23850,"{""type"":""MultiPoint"",""coordinates"":[]}"
23851_0,0.20794263,0.7174188,0.17281106,2024-02-26,23851,"{""type"":""MultiPoint"",""coordinates"":[]}"
23852_0,0.3057728,0.8325313,0.34273624,2024-02-26,23852,"{""type"":""MultiPoint"",""coordinates"":[]}"
23853_0,-0.13960281,0.49717224,-0.14528911,2024-02-26,23853,"{""type"":""MultiPoint"",""coordinates"":[]}"
23854_0,0.13986865,0.70192635,0.17498833,2024-02-26,23854,"{""type"":""MultiPoint"",""coordinates"":[]}"
23855_0,0.22959831,0.80857146,0.16306844,2024-02-26,23855,"{""type"":""MultiPoint"",""coordinates"":[]}"
23856_0,0.40695915,0.8194946,0.3846154,2024-02-26,23856,"{""type"":""MultiPoint"",""coordinates"":[]}"
23857_0,0.038810134,0.5195767,0.020369492,2024-02-26,23857,"{""type"":""MultiPoint"",""coordinates"":[]}"
23858_0,0.23468482,0.733451,0.2060178,2024-02-26,23858,"{""type"":""MultiPoint"",""coordinates"":[]}"
23859_0,0.123657145,0.69115645,0.12923007,2024-02-26,23859,"{""type"":""MultiPoint"",""coordinates"":[]}"
23860_0,0.030113762,0.4553928,0.0027522936,2024-02-26,23860,"{""type"":""MultiPoint"",""coordinates"":[]}"
23861_0,-0.16599953,0.3812557,-0.23985979,2024-02-26,23861,"{""type"":""MultiPoint"",""coordinates"":[]}"
23862_0,-0.06771301,0.46833465,-0.11810284,2024-02-26,23862,"{""type"":""MultiPoint"",""coordinates"":[]}"
23863_0,0.38737497,0.79696393,0.36161035,2024-02-26,23863,"{""type"":""MultiPoint"",""coordinates"":[]}"
23864_0,0.102970295,0.64288354,0.1016361,2024-02-26,23864,"{""type"":""MultiPoint"",""coordinates"":[]}"
23865_0,0.26251897,0.78007764,0.17206132,2024-02-26,23865,"{""type"":""MultiPoint"",""coordinates"":[]}"
23866_0,0.2937411,0.7856273,0.19235462,2024-02-26,23866,"{""type"":""MultiPoint"",""coordinates"":[]}"
23867_0,0.029909706,0.6160714,0.025786342,2024-02-26,23867,"{""type"":""MultiPoint"",""coordinates"":[]}"
23868_0,0.21722241,0.754746,0.17163412,2024-02-26,23868,"{""type"":""MultiPoint"",""coordinates"":[]}"
23869_0,0.2859375,0.8076923,0.272293,2024-02-26,23869,"{""type"":""MultiPoint"",""coordinates"":[]}"
23870_0,-2.3917723E-4,0.54555595,-0.0031182538,2024-02-26,23870,"{""type"":""MultiPoint"",""coordinates"":[]}"
23871_0,0.27811795,0.78661495,0.24375422,2024-02-26,23871,"{""type"":""MultiPoint"",""coordinates"":[]}"
23872_0,0.27813163,0.751917,0.31127617,2024-02-26,23872,"{""type"":""MultiPoint"",""coordinates"":[]}"
23873_0,0.43367934,0.8260539,0.41996455,2024-02-26,23873,"{""type"":""MultiPoint"",""coordinates"":[]}"
23874_0,0.47211367,0.82791585,0.44030133,2024-02-26,23874,"{""type"":""MultiPoint"",""coordinates"":[]}"
23884_0,0.34093007,0.78911567,0.3257719,2024-02-26,23884,"{""type"":""MultiPoint"",""coordinates"":[]}"
24076_0,-0.074029125,0.5098468,-0.123809524,2024-02-26,24076,"{""type"":""MultiPoint"",""coordinates"":[]}"
24077_0,-0.07714286,0.398277,-0.11139187,2024-02-26,24077,"{""type"":""MultiPoint"",""coordinates"":[]}"
24078_0,-0.11370111,0.46806648,-0.12330198,2024-02-26,24078,"{""type"":""MultiPoint"",""coordinates"":[]}"
24079_0,0.012792397,0.46581078,-0.014079219,2024-02-26,24079,"{""type"":""MultiPoint"",""coordinates"":[]}"
24080_0,-0.05928046,0.51854444,-0.0884268,2024-02-26,24080,"{""type"":""MultiPoint"",""coordinates"":[]}"
24081_0,-0.01897019,0.45957917,-0.03372434,2024-02-26,24081,"{""type"":""MultiPoint"",""coordinates"":[]}"
24082_0,0.14982578,0.52666664,0.071971916,2024-02-26,24082,"{""type"":""MultiPoint"",""coordinates"":[]}"
24083_0,0.049490884,0.5884586,0.020736765,2024-02-26,24083,"{""type"":""MultiPoint"",""coordinates"":[]}"
24084_0,-0.064868085,0.41631418,-0.06762132,2024-02-26,24084,"{""type"":""MultiPoint"",""coordinates"":[]}"
24085_0,0.25,0.7912006,0.2702274,2024-02-26,24085,"{""type"":""MultiPoint"",""coordinates"":[]}"
24086_0,0.29519773,0.8419426,0.3527886,2024-02-26,24086,"{""type"":""MultiPoint"",""coordinates"":[]}"
24087_0,0.23510791,0.7544162,0.21010402,2024-02-26,24087,"{""type"":""MultiPoint"",""coordinates"":[]}"
24088_0,0.1537234,0.5730337,0.1986905,2024-02-26,24088,"{""type"":""MultiPoint"",""coordinates"":[]}"
24089_0,0.23926014,0.7479847,0.2353823,2024-02-26,24089,"{""type"":""MultiPoint"",""coordinates"":[]}"
24090_0,0.13508308,0.7470882,0.078028746,2024-02-26,24090,"{""type"":""MultiPoint"",""coordinates"":[]}"
24091_0,0.20867209,0.72863567,0.1789366,2024-02-26,24091,"{""type"":""MultiPoint"",""coordinates"":[]}"
24092_0,0.4256606,0.8573156,0.43730506,2024-02-26,24092,"{""type"":""MultiPoint"",""coordinates"":[]}"
24093_0,0.09850331,0.63073397,0.04674273,2024-02-26,24093,"{""type"":""MultiPoint"",""coordinates"":[]}"
24094_0,0.16704956,0.79173553,0.123316064,2024-02-26,24094,"{""type"":""MultiPoint"",""coordinates"":[]}"
24095_0,0.22151089,0.715443,0.16426116,2024-02-26,24095,"{""type"":""MultiPoint"",""coordinates"":[]}"
24096_0,0.045959596,0.6307569,0.03745223,2024-02-26,24096,"{""type"":""MultiPoint"",""coordinates"":[]}"
24097_0,-0.07769181,0.41329178,-0.102390766,2024-02-26,24097,"{""type"":""MultiPoint"",""coordinates"":[]}"
24098_0,0.36923963,0.77529764,0.37087044,2024-02-26,24098,"{""type"":""MultiPoint"",""coordinates"":[]}"
24099_0,0.01593741,0.6644035,0.0052724076,2024-02-26,24099,"{""type"":""MultiPoint"",""coordinates"":[]}"
24100_0,0.2780667,0.7622136,0.26662523,2024-02-26,24100,"{""type"":""MultiPoint"",""coordinates"":[]}"
24101_0,0.30311987,0.79792744,0.32484886,2024-02-26,24101,"{""type"":""MultiPoint"",""coordinates"":[]}"
24102_0,-0.03677343,0.50532246,-0.043374453,2024-02-26,24102,"{""type"":""MultiPoint"",""coordinates"":[]}"
24103_0,0.07083333,0.65975904,0.04904051,2024-02-26,24103,"{""type"":""MultiPoint"",""coordinates"":[]}"
24104_0,-0.0147702405,0.5239756,-0.029697474,2024-02-26,24104,"{""type"":""MultiPoint"",""coordinates"":[]}"
24105_0,0.006666667,0.5941043,-0.119599245,2024-02-26,24105,"{""type"":""MultiPoint"",""coordinates"":[]}"
24106_0,-0.06074307,0.4953846,-0.05226209,2024-02-26,24106,"{""type"":""MultiPoint"",""coordinates"":[]}"
24107_0,0.06969377,0.69939506,0.017837236,2024-02-26,24107,"{""type"":""MultiPoint"",""coordinates"":[]}"
24108_0,0.031870116,0.58627266,0.016493585,2024-02-26,24108,"{""type"":""MultiPoint"",""coordinates"":[]}"
24109_0,0.24909486,0.6879163,0.26218426,2024-02-26,24109,"{""type"":""MultiPoint"",""coordinates"":[]}"
24110_0,0.41355237,0.80101526,0.42604503,2024-02-26,24110,"{""type"":""MultiPoint"",""coordinates"":[]}"
24111_0,-0.07311028,0.4800693,-0.11799639,2024-02-26,24111,"{""type"":""MultiPoint"",""coordinates"":[]}"
24112_0,0.21645796,0.7057292,0.19853614,2024-02-26,24112,"{""type"":""MultiPoint"",""coordinates"":[]}"
24113_0,-0.001461561,0.55138123,-0.09913378,2024-02-26,24113,"{""type"":""MultiPoint"",""coordinates"":[]}"
24114_0,0.24053092,0.80524343,0.24346985,2024-02-26,24114,"{""type"":""MultiPoint"",""coordinates"":[]}"
24115_0,-0.08279647,0.4192883,-0.24499314,2024-02-26,24115,"{""type"":""MultiPoint"",""coordinates"":[]}"
24116_0,0.25196028,0.76816076,0.23043829,2024-02-26,24116,"{""type"":""MultiPoint"",""coordinates"":[]}"
24117_0,0.19541547,0.7224975,0.10630172,2024-02-26,24117,"{""type"":""MultiPoint"",""coordinates"":[]}"
24118_0,0.025947187,0.5193328,-0.028363636,2024-02-26,24118,"{""type"":""MultiPoint"",""coordinates"":[]}"
24119_0,-0.12834539,0.3695172,-0.14195333,2024-02-26,24119,"{""type"":""MultiPoint"",""coordinates"":[]}"
24120_0,-0.091881186,0.33521128,-0.1850419,2024-02-26,24120,"{""type"":""MultiPoint"",""coordinates"":[]}"
24121_0,0.10427169,0.74072194,0.0070588235,2024-02-26,24121,"{""type"":""MultiPoint"",""coordinates"":[]}"
24122_0,0.16576788,0.578141,0.26925448,2024-02-26,24122,"{""type"":""MultiPoint"",""coordinates"":[]}"
24123_0,0.16306324,0.40254837,0.17866349,2024-02-26,24123,"{""type"":""MultiPoint"",""coordinates"":[]}"
24124_0,-0.07501172,0.35013625,-0.072748534,2024-02-26,24124,"{""type"":""MultiPoint"",""coordinates"":[]}"
24125_0,-0.08800969,0.45916265,-0.1180253,2024-02-26,24125,"{""type"":""MultiPoint"",""coordinates"":[]}"
24126_0,-0.1443668,0.28074533,-0.23897398,2024-02-26,24126,"{""type"":""MultiPoint"",""coordinates"":[]}"
24127_0,0.07067335,0.38071734,0.11358811,2024-02-26,24127,"{""type"":""MultiPoint"",""coordinates"":[]}"
24128_0,0.12556495,0.57093424,0.100828454,2024-02-26,24128,"{""type"":""MultiPoint"",""coordinates"":[]}"
24129_0,0.060902793,0.5274323,0.030093735,2024-02-26,24129,"{""type"":""MultiPoint"",""coordinates"":[]}"
24130_0,-0.06689124,0.5340811,-0.10988736,2024-02-26,24130,"{""type"":""MultiPoint"",""coordinates"":[]}"
24131_0,-0.11800978,0.4706767,-0.146783,2024-02-26,24131,"{""type"":""MultiPoint"",""coordinates"":[]}"
24132_0,0.014810751,0.61524165,-0.016411997,2024-02-26,24132,"{""type"":""MultiPoint"",""coordinates"":[]}"
24133_0,-0.08712329,0.34701493,-0.15752625,2024-02-26,24133,"{""type"":""MultiPoint"",""coordinates"":[]}"
24134_0,0.06842818,0.627462,0.02516838,2024-02-26,24134,"{""type"":""MultiPoint"",""coordinates"":[]}"
24135_0,-0.20274286,0.34022257,-0.21890202,2024-02-26,24135,"{""type"":""MultiPoint"",""coordinates"":[]}"
24136_0,0.019817412,0.55716354,-0.011256604,2024-02-26,24136,"{""type"":""MultiPoint"",""coordinates"":[]}"
24137_0,-0.092861935,0.4081408,-0.11966988,2024-02-26,24137,"{""type"":""MultiPoint"",""coordinates"":[]}"
24138_0,-0.012813668,0.6067918,-0.026792964,2024-02-26,24138,"{""type"":""MultiPoint"",""coordinates"":[]}"
24139_0,-0.14174253,0.3685978,-0.14771242,2024-02-26,24139,"{""type"":""MultiPoint"",""coordinates"":[]}"
24140_0,0.07388607,0.66212535,0.054147467,2024-02-26,24140,"{""type"":""MultiPoint"",""coordinates"":[]}"
24141_0,-0.18951964,0.4303665,-0.19859196,2024-02-26,24141,"{""type"":""MultiPoint"",""coordinates"":[]}"
24142_0,0.2992074,0.84294236,0.27204117,2024-02-26,24142,"{""type"":""MultiPoint"",""coordinates"":[]}"
24143_0,0.0400483,0.50966185,0.023541454,2024-02-26,24143,"{""type"":""MultiPoint"",""coordinates"":[]}"
24144_0,0.18951964,0.83006537,0.16945107,2024-02-26,24144,"{""type"":""MultiPoint"",""coordinates"":[]}"
24145_0,0.34363928,0.82091916,0.3855894,2024-02-26,24145,"{""type"":""MultiPoint"",""coordinates"":[]}"
24146_0,0.39092728,0.8208955,0.3886843,2024-02-26,24146,"{""type"":""MultiPoint"",""coordinates"":[]}"
24147_0,0.1722759,0.7093649,0.12226149,2024-02-26,24147,"{""type"":""MultiPoint"",""coordinates"":[]}"
24148_0,0.23674698,0.7846442,0.2013867,2024-02-26,24148,"{""type"":""MultiPoint"",""coordinates"":[]}"
24149_0,0.20386267,0.7088559,0.20471597,2024-02-26,24149,"{""type"":""MultiPoint"",""coordinates"":[]}"
24150_0,-0.06815366,0.46831408,-0.07830873,2024-02-26,24150,"{""type"":""MultiPoint"",""coordinates"":[]}"
24151_0,-0.063395575,0.4167832,-0.094525136,2024-02-26,24151,"{""type"":""MultiPoint"",""coordinates"":[]}"
24152_0,0.08388313,0.6313017,0.054474708,2024-02-26,24152,"{""type"":""MultiPoint"",""coordinates"":[]}"
24153_0,-0.05728703,0.54916793,-0.07386193,2024-02-26,24153,"{""type"":""MultiPoint"",""coordinates"":[]}"
24154_0,0.14293538,0.56329113,0.11606891,2024-02-26,24154,"{""type"":""MultiPoint"",""coordinates"":[]}"
24155_0,0.020232458,0.65571827,-0.042124543,2024-02-26,24155,"{""type"":""MultiPoint"",""coordinates"":[]}"
24156_0,0.11548634,0.6,0.15473181,2024-02-26,24156,"{""type"":""MultiPoint"",""coordinates"":[]}"
24157_0,0.15670589,0.6740273,0.14258373,2024-02-26,24157,"{""type"":""MultiPoint"",""coordinates"":[]}"
24158_0,0.2558815,0.7822064,0.32311758,2024-02-26,24158,"{""type"":""MultiPoint"",""coordinates"":[]}"
24159_0,-0.037685573,0.49919224,0.010526316,2024-02-26,24159,"{""type"":""MultiPoint"",""coordinates"":[]}"
24160_0,0.047034767,0.5392226,0.018947368,2024-02-26,24160,"{""type"":""MultiPoint"",""coordinates"":[]}"
24161_0,0.34339345,0.8393078,0.25042018,2024-02-26,24161,"{""type"":""MultiPoint"",""coordinates"":[]}"
24162_0,0.40549597,0.83432496,0.3863715,2024-02-26,24162,"{""type"":""MultiPoint"",""coordinates"":[]}"
24163_0,0.39079168,0.8296383,0.36863545,2024-02-26,24163,"{""type"":""MultiPoint"",""coordinates"":[]}"
24164_0,0.3140814,0.8108926,0.31502333,2024-02-26,24164,"{""type"":""MultiPoint"",""coordinates"":[]}"
24165_0,0.38608012,0.8187199,0.44886532,2024-02-26,24165,"{""type"":""MultiPoint"",""coordinates"":[]}"
24166_0,0.32433227,0.74321586,0.30305782,2024-02-26,24166,"{""type"":""MultiPoint"",""coordinates"":[]}"
24167_0,0.25984251,0.79757786,0.16024567,2024-02-26,24167,"{""type"":""MultiPoint"",""coordinates"":[]}"
24168_0,0.18396227,0.7060561,0.19472459,2024-02-26,24168,"{""type"":""MultiPoint"",""coordinates"":[]}"
24169_0,0.19255416,0.7333928,0.19008264,2024-02-26,24169,"{""type"":""MultiPoint"",""coordinates"":[]}"
24170_0,0.16893733,0.74892837,0.14446002,2024-02-26,24170,"{""type"":""MultiPoint"",""coordinates"":[]}"
24171_0,0.16414502,0.67615306,0.07692308,2024-02-26,24171,"{""type"":""MultiPoint"",""coordinates"":[]}"
24172_0,0.27789667,0.81489843,0.25979316,2024-02-26,24172,"{""type"":""MultiPoint"",""coordinates"":[]}"
24173_0,0.36060825,0.8269896,0.35335043,2024-02-26,24173,"{""type"":""MultiPoint"",""coordinates"":[]}"
24174_0,-0.117182754,0.44878563,-0.14570361,2024-02-26,24174,"{""type"":""MultiPoint"",""coordinates"":[]}"
24175_0,0.24170616,0.7763829,0.27765238,2024-02-26,24175,"{""type"":""MultiPoint"",""coordinates"":[]}"
24176_0,0.07696391,0.655584,0.055148058,2024-02-26,24176,"{""type"":""MultiPoint"",""coordinates"":[]}"
24177_0,-0.006054735,0.5732044,0.046153847,2024-02-26,24177,"{""type"":""MultiPoint"",""coordinates"":[]}"
24178_0,0.22903885,0.7033986,0.18779173,2024-02-26,24178,"{""type"":""MultiPoint"",""coordinates"":[]}"
24179_0,0.14203355,0.7125951,0.106197104,2024-02-26,24179,"{""type"":""MultiPoint"",""coordinates"":[]}"
24180_0,0.057327334,0.49425286,0.062463515,2024-02-26,24180,"{""type"":""MultiPoint"",""coordinates"":[]}"
24181_0,0.036203723,0.44599888,0.046153847,2024-02-26,24181,"{""type"":""MultiPoint"",""coordinates"":[]}"
24182_0,0.22824207,0.79037803,0.21764535,2024-02-26,24182,"{""type"":""MultiPoint"",""coordinates"":[]}"
24183_0,0.2195122,0.694573,0.21106434,2024-02-26,24183,"{""type"":""MultiPoint"",""coordinates"":[]}"
24184_0,0.12611845,0.654224,0.10377977,2024-02-26,24184,"{""type"":""MultiPoint"",""coordinates"":[]}"
24185_0,0.2443684,0.78280175,0.24992923,2024-02-26,24185,"{""type"":""MultiPoint"",""coordinates"":[]}"
24186_0,0.28189301,0.8178332,0.28848115,2024-02-26,24186,"{""type"":""MultiPoint"",""coordinates"":[]}"
24187_0,0.052812576,0.69021994,-0.032672737,2024-02-26,24187,"{""type"":""MultiPoint"",""coordinates"":[]}"
24188_0,0.35503685,0.80728054,0.33544305,2024-02-26,24188,"{""type"":""MultiPoint"",""coordinates"":[]}"
24189_0,0.36956522,0.8195051,0.33440086,2024-02-26,24189,"{""type"":""MultiPoint"",""coordinates"":[]}"
24190_0,0.3484344,0.828722,0.36078432,2024-02-26,24190,"{""type"":""MultiPoint"",""coordinates"":[]}"
24439_0,0.0121325245,0.52448547,0.007268464,2024-02-26,24439,"{""type"":""MultiPoint"",""coordinates"":[]}"
24440_0,0.0133804595,0.53717756,0.018090453,2024-02-26,24440,"{""type"":""MultiPoint"",""coordinates"":[]}"
24441_0,-0.027676951,0.5324284,-0.054223876,2024-02-26,24441,"{""type"":""MultiPoint"",""coordinates"":[]}"
24442_0,-0.09929078,0.32162327,-0.1737978,2024-02-26,24442,"{""type"":""MultiPoint"",""coordinates"":[]}"
24443_0,0.06343125,0.5449102,0.026979214,2024-02-26,24443,"{""type"":""MultiPoint"",""coordinates"":[]}"
24444_0,-0.028427674,0.57166946,-0.046059366,2024-02-26,24444,"{""type"":""MultiPoint"",""coordinates"":[]}"
24445_0,-0.021098405,0.4509425,-0.027219702,2024-02-26,24445,"{""type"":""MultiPoint"",""coordinates"":[]}"
24446_0,0.025675077,0.68636364,0.0056471652,2024-02-26,24446,"{""type"":""MultiPoint"",""coordinates"":[]}"
24447_0,0.05394632,0.5984704,0.08010336,2024-02-26,24447,"{""type"":""MultiPoint"",""coordinates"":[]}"
24448_0,-0.02902156,0.48802018,-0.0251962,2024-02-26,24448,"{""type"":""MultiPoint"",""coordinates"":[]}"
24449_0,0.18048781,0.63085717,0.17207392,2024-02-26,24449,"{""type"":""MultiPoint"",""coordinates"":[]}"
24450_0,0.10528674,0.7254902,0.104685046,2024-02-26,24450,"{""type"":""MultiPoint"",""coordinates"":[]}"
24451_0,0.416309,0.88591385,0.43701953,2024-02-26,24451,"{""type"":""MultiPoint"",""coordinates"":[]}"
24452_0,0.03126602,0.57776105,0.05263158,2024-02-26,24452,"{""type"":""MultiPoint"",""coordinates"":[]}"
24453_0,0.08865797,0.4185377,0.089060776,2024-02-26,24453,"{""type"":""MultiPoint"",""coordinates"":[]}"
24454_0,0.26530612,0.76053965,0.22751322,2024-02-26,24454,"{""type"":""MultiPoint"",""coordinates"":[]}"
24455_0,0.23925027,0.7233598,0.19814062,2024-02-26,24455,"{""type"":""MultiPoint"",""coordinates"":[]}"
24456_0,-0.11920057,0.4531722,-0.23952569,2024-02-26,24456,"{""type"":""MultiPoint"",""coordinates"":[]}"
24457_0,0.33678755,0.7751825,0.31034482,2024-02-26,24457,"{""type"":""MultiPoint"",""coordinates"":[]}"
24458_0,0.07267376,0.6154396,0.049210772,2024-02-26,24458,"{""type"":""MultiPoint"",""coordinates"":[]}"
24459_0,-0.041761234,0.60784316,-0.07670654,2024-02-26,24459,"{""type"":""MultiPoint"",""coordinates"":[]}"
24460_0,-0.20091556,0.50054765,-0.26561242,2024-02-26,24460,"{""type"":""MultiPoint"",""coordinates"":[]}"
24461_0,-0.026022306,0.4664965,-0.065853655,2024-02-26,24461,"{""type"":""MultiPoint"",""coordinates"":[]}"
24462_0,-0.070348226,0.43305737,-0.09598415,2024-02-26,24462,"{""type"":""MultiPoint"",""coordinates"":[]}"
24463_0,-0.09264111,0.4677291,-0.109284334,2024-02-26,24463,"{""type"":""MultiPoint"",""coordinates"":[]}"
24464_0,-0.10806452,0.4470232,-0.17939915,2024-02-26,24464,"{""type"":""MultiPoint"",""coordinates"":[]}"
24465_0,0.2236216,0.7702644,0.19101779,2024-02-26,24465,"{""type"":""MultiPoint"",""coordinates"":[]}"
24466_0,-0.072592065,0.41096607,-0.057058103,2024-02-26,24466,"{""type"":""MultiPoint"",""coordinates"":[]}"
24467_0,0.18626237,0.8339,0.17889479,2024-02-26,24467,"{""type"":""MultiPoint"",""coordinates"":[]}"
24468_0,0.3645117,0.84754175,0.3781965,2024-02-26,24468,"{""type"":""MultiPoint"",""coordinates"":[]}"
24469_0,0.3601318,0.80966616,0.3031934,2024-02-26,24469,"{""type"":""MultiPoint"",""coordinates"":[]}"
24470_0,0.009345794,0.66821444,0.03158444,2024-02-26,24470,"{""type"":""MultiPoint"",""coordinates"":[]}"
24471_0,0.0393925,0.47336835,-0.015045135,2024-02-26,24471,"{""type"":""MultiPoint"",""coordinates"":[]}"
24472_0,0.2723335,0.7641857,0.28089887,2024-02-26,24472,"{""type"":""MultiPoint"",""coordinates"":[]}"
24473_0,0.060877774,0.55580777,0.016312407,2024-02-26,24473,"{""type"":""MultiPoint"",""coordinates"":[]}"
24474_0,0.30952382,0.74,0.27058825,2024-02-26,24474,"{""type"":""MultiPoint"",""coordinates"":[]}"
24475_0,0.06496986,0.6563107,0.099935524,2024-02-26,24475,"{""type"":""MultiPoint"",""coordinates"":[]}"
24476_0,0.18761125,0.65502864,0.16379626,2024-02-26,24476,"{""type"":""MultiPoint"",""coordinates"":[]}"
24477_0,0.23076923,0.66361827,0.27289322,2024-02-26,24477,"{""type"":""MultiPoint"",""coordinates"":[]}"
24478_0,0.37118578,0.7696567,0.32504147,2024-02-26,24478,"{""type"":""MultiPoint"",""coordinates"":[]}"
24479_0,0.051441934,0.5745192,0.036802534,2024-02-26,24479,"{""type"":""MultiPoint"",""coordinates"":[]}"
24480_0,0.16295134,0.6771037,0.12504102,2024-02-26,24480,"{""type"":""MultiPoint"",""coordinates"":[]}"
24481_0,-0.1295938,0.3206751,-0.12386284,2024-02-26,24481,"{""type"":""MultiPoint"",""coordinates"":[]}"
24482_0,0.015233669,0.5923677,-0.018968742,2024-02-26,24482,"{""type"":""MultiPoint"",""coordinates"":[]}"
24483_0,0.08471276,0.6221766,0.11529412,2024-02-26,24483,"{""type"":""MultiPoint"",""coordinates"":[]}"
24484_0,0.30032787,0.8470097,0.3023864,2024-02-26,24484,"{""type"":""MultiPoint"",""coordinates"":[]}"
24485_0,0.3284924,0.81048757,0.33923104,2024-02-26,24485,"{""type"":""MultiPoint"",""coordinates"":[]}"
24486_0,-0.04165859,0.46178144,-0.07477009,2024-02-26,24486,"{""type"":""MultiPoint"",""coordinates"":[]}"
24487_0,0.28350514,0.7952468,0.27698308,2024-02-26,24487,"{""type"":""MultiPoint"",""coordinates"":[]}"
24488_0,0.03705865,0.6031607,0.050632913,2024-02-26,24488,"{""type"":""MultiPoint"",""coordinates"":[]}"
24489_0,0.26853147,0.7967807,0.26129943,2024-02-26,24489,"{""type"":""MultiPoint"",""coordinates"":[]}"
24490_0,-0.043228935,0.42704627,0.008593586,2024-02-26,24490,"{""type"":""MultiPoint"",""coordinates"":[]}"
24491_0,-0.13733076,0.36599424,-0.107344635,2024-02-26,24491,"{""type"":""MultiPoint"",""coordinates"":[]}"
24492_0,0.045997612,0.6639676,0.014501697,2024-02-26,24492,"{""type"":""MultiPoint"",""coordinates"":[]}"
24493_0,-0.06634552,0.46774194,-0.09758846,2024-02-26,24493,"{""type"":""MultiPoint"",""coordinates"":[]}"
24494_0,-0.21872266,0.35146442,-0.1795089,2024-02-26,24494,"{""type"":""MultiPoint"",""coordinates"":[]}"
24495_0,0.40205455,0.79417473,0.3729569,2024-02-26,24495,"{""type"":""MultiPoint"",""coordinates"":[]}"
24496_0,-0.12371134,0.38944027,-0.15621987,2024-02-26,24496,"{""type"":""MultiPoint"",""coordinates"":[]}"
24497_0,-0.0055331993,0.49512988,-0.04087477,2024-02-26,24497,"{""type"":""MultiPoint"",""coordinates"":[]}"
24498_0,0.010499523,0.66444445,-0.01867016,2024-02-26,24498,"{""type"":""MultiPoint"",""coordinates"":[]}"
24499_0,-0.060886048,0.4682981,-0.061388955,2024-02-26,24499,"{""type"":""MultiPoint"",""coordinates"":[]}"
24500_0,-0.106570095,0.45961002,-0.15278901,2024-02-26,24500,"{""type"":""MultiPoint"",""coordinates"":[]}"
24501_0,-0.13333334,0.40932643,-0.15418503,2024-02-26,24501,"{""type"":""MultiPoint"",""coordinates"":[]}"
24502_0,-0.05584682,0.63268745,-0.08885755,2024-02-26,24502,"{""type"":""MultiPoint"",""coordinates"":[]}"
24503_0,0.17301892,0.75757575,0.14754099,2024-02-26,24503,"{""type"":""MultiPoint"",""coordinates"":[]}"
24504_0,-0.07209364,0.4591195,-0.07323568,2024-02-26,24504,"{""type"":""MultiPoint"",""coordinates"":[]}"
24505_0,-0.123254694,0.46431717,-0.16795994,2024-02-26,24505,"{""type"":""MultiPoint"",""coordinates"":[]}"
24506_0,-0.008428657,0.6369168,-0.01854667,2024-02-26,24506,"{""type"":""MultiPoint"",""coordinates"":[]}"
24507_0,0.19355664,0.70507544,0.22372632,2024-02-26,24507,"{""type"":""MultiPoint"",""coordinates"":[]}"
24508_0,0.019565217,0.51945853,-0.0022222223,2024-02-26,24508,"{""type"":""MultiPoint"",""coordinates"":[]}"
24509_0,0.4281852,0.8449339,0.4244898,2024-02-26,24509,"{""type"":""MultiPoint"",""coordinates"":[]}"
24510_0,0.35777858,0.8183962,0.2618658,2024-02-26,24510,"{""type"":""MultiPoint"",""coordinates"":[]}"
24511_0,0.37626016,0.84862155,0.31573313,2024-02-26,24511,"{""type"":""MultiPoint"",""coordinates"":[]}"
24512_0,0.24992535,0.8226769,0.25987035,2024-02-26,24512,"{""type"":""MultiPoint"",""coordinates"":[]}"
24513_0,-0.08962397,0.5120698,-0.1338629,2024-02-26,24513,"{""type"":""MultiPoint"",""coordinates"":[]}"
24514_0,0.39582768,0.8340096,0.3807276,2024-02-26,24514,"{""type"":""MultiPoint"",""coordinates"":[]}"
24515_0,-0.0043468312,0.2331386,0.028116006,2024-02-26,24515,"{""type"":""MultiPoint"",""coordinates"":[]}"
24516_0,0.22121117,0.7697077,0.2337141,2024-02-26,24516,"{""type"":""MultiPoint"",""coordinates"":[]}"
24517_0,0.14823009,0.73989457,0.125,2024-02-26,24517,"{""type"":""MultiPoint"",""coordinates"":[]}"
24518_0,0.14262384,0.6899545,0.1295938,2024-02-26,24518,"{""type"":""MultiPoint"",""coordinates"":[]}"
24519_0,-0.027822195,0.5059761,-0.03045848,2024-02-26,24519,"{""type"":""MultiPoint"",""coordinates"":[]}"
24520_0,0.17824216,0.73819745,0.09570511,2024-02-26,24520,"{""type"":""MultiPoint"",""coordinates"":[]}"
24521_0,0.083449624,0.46679688,-0.044529263,2024-02-26,24521,"{""type"":""MultiPoint"",""coordinates"":[]}"
24522_0,0.09874477,0.56332934,0.09228824,2024-02-26,24522,"{""type"":""MultiPoint"",""coordinates"":[]}"
24523_0,0.036601655,0.53311414,-0.049781658,2024-02-26,24523,"{""type"":""MultiPoint"",""coordinates"":[]}"
24524_0,0.16147803,0.67200756,0.10357698,2024-02-26,24524,"{""type"":""MultiPoint"",""coordinates"":[]}"
24525_0,0.112639315,0.64983416,0.08931614,2024-02-26,24525,"{""type"":""MultiPoint"",""coordinates"":[]}"
24526_0,0.03749178,0.5370879,0.009699977,2024-02-26,24526,"{""type"":""MultiPoint"",""coordinates"":[]}"
24527_0,0.06521283,0.5814863,0.042320088,2024-02-26,24527,"{""type"":""MultiPoint"",""coordinates"":[]}"
24528_0,0.225625,0.7625211,0.11657754,2024-02-26,24528,"{""type"":""MultiPoint"",""coordinates"":[]}"
24529_0,0.18173759,0.688253,0.09686889,2024-02-26,24529,"{""type"":""MultiPoint"",""coordinates"":[]}"
24530_0,0.0045468323,0.50989014,-0.08885942,2024-02-26,24530,"{""type"":""MultiPoint"",""coordinates"":[]}"
24531_0,0.102756895,0.5802048,0.1278928,2024-02-26,24531,"{""type"":""MultiPoint"",""coordinates"":[]}"
24532_0,0.33084112,0.8306189,0.30647036,2024-02-26,24532,"{""type"":""MultiPoint"",""coordinates"":[]}"
24533_0,0.19688196,0.70042974,0.21145856,2024-02-26,24533,"{""type"":""MultiPoint"",""coordinates"":[]}"
24534_0,0.4395507,0.8592196,0.43872115,2024-02-26,24534,"{""type"":""MultiPoint"",""coordinates"":[]}"
24535_0,0.2245387,0.68348306,0.20177603,2024-02-26,24535,"{""type"":""MultiPoint"",""coordinates"":[]}"
24536_0,0.3427705,0.8313103,0.38708156,2024-02-26,24536,"{""type"":""MultiPoint"",""coordinates"":[]}"
24537_0,0.24678777,0.848,0.36990362,2024-02-26,24537,"{""type"":""MultiPoint"",""coordinates"":[]}"
24538_0,0.021033378,0.5391091,0.012226067,2024-02-26,24538,"{""type"":""MultiPoint"",""coordinates"":[]}"
24539_0,0.24547803,0.77678573,0.20460048,2024-02-26,24539,"{""type"":""MultiPoint"",""coordinates"":[]}"
24540_0,-0.031241931,0.5455253,-0.0027617374,2024-02-26,24540,"{""type"":""MultiPoint"",""coordinates"":[]}"
24541_0,0.25679758,0.61574805,-0.03797468,2024-02-26,24541,"{""type"":""MultiPoint"",""coordinates"":[]}"
24542_0,0.15801105,0.6089109,0.12262522,2024-02-26,24542,"{""type"":""MultiPoint"",""coordinates"":[]}"
24543_0,0.2099792,0.721266,0.15241636,2024-02-26,24543,"{""type"":""MultiPoint"",""coordinates"":[]}"
24544_0,0.39507806,0.85358006,0.3368146,2024-02-26,24544,"{""type"":""MultiPoint"",""coordinates"":[]}"
24545_0,0.3595583,0.8431539,0.40167633,2024-02-26,24545,"{""type"":""MultiPoint"",""coordinates"":[]}"
24546_0,0.16843346,0.7590822,0.13161132,2024-02-26,24546,"{""type"":""MultiPoint"",""coordinates"":[]}"
24547_0,0.2104793,0.7724106,0.17996289,2024-02-26,24547,"{""type"":""MultiPoint"",""coordinates"":[]}"
24548_0,-0.03267412,0.314587,-0.03400775,2024-02-26,24548,"{""type"":""MultiPoint"",""coordinates"":[]}"
24549_0,0.15171798,0.6064473,0.11437223,2024-02-26,24549,"{""type"":""MultiPoint"",""coordinates"":[]}"
24550_0,0.110861,0.60456944,0.07222548,2024-02-26,24550,"{""type"":""MultiPoint"",""coordinates"":[]}"
24551_0,0.22004102,0.72845954,0.1974676,2024-02-26,24551,"{""type"":""MultiPoint"",""coordinates"":[]}"
24552_0,0.26854068,0.7991266,0.33802435,2024-02-26,24552,"{""type"":""MultiPoint"",""coordinates"":[]}"
24553_0,0.32338983,0.62936,0.28424576,2024-02-26,24553,"{""type"":""MultiPoint"",""coordinates"":[]}"
24554_0,0.06757052,0.53666896,0.025148606,2024-02-26,24554,"{""type"":""MultiPoint"",""coordinates"":[]}"
24555_0,0.21249649,0.7470687,0.19713056,2024-02-26,24555,"{""type"":""MultiPoint"",""coordinates"":[]}"
24556_0,0.15115063,0.6430206,0.14058776,2024-02-26,24556,"{""type"":""MultiPoint"",""coordinates"":[]}"
24557_0,0.33393666,0.78141135,0.3043478,2024-02-26,24557,"{""type"":""MultiPoint"",""coordinates"":[]}"
24558_0,0.11734952,0.68469155,0.1180187,2024-02-26,24558,"{""type"":""MultiPoint"",""coordinates"":[]}"
24559_0,-0.02224871,0.563081,-0.044448953,2024-02-26,24559,"{""type"":""MultiPoint"",""coordinates"":[]}"
24560_0,0.27461487,0.8347107,0.24239245,2024-02-26,24560,"{""type"":""MultiPoint"",""coordinates"":[]}"
24561_0,0.45241287,0.8157786,0.45804313,2024-02-26,24561,"{""type"":""MultiPoint"",""coordinates"":[]}"
24562_0,0.0048154094,0.53652394,-0.008130081,2024-02-26,24562,"{""type"":""MultiPoint"",""coordinates"":[]}"
24563_0,-0.14751822,0.24656838,-0.14831538,2024-02-26,24563,"{""type"":""MultiPoint"",""coordinates"":[]}"
24564_0,0.26760563,0.7827298,0.20030007,2024-02-26,24564,"{""type"":""MultiPoint"",""coordinates"":[]}"
24565_0,0.33247688,0.7722474,0.28802413,2024-02-26,24565,"{""type"":""MultiPoint"",""coordinates"":[]}"
24566_0,0.27229348,0.7714749,0.28361714,2024-02-26,24566,"{""type"":""MultiPoint"",""coordinates"":[]}"
24569_0,0.14215147,0.52540016,0.16750999,2024-02-26,24569,"{""type"":""MultiPoint"",""coordinates"":[]}"
24841_0,0.02117013,0.44837505,-0.0049397354,2024-02-26,24841,"{""type"":""MultiPoint"",""coordinates"":[]}"
24842_0,0.23680878,0.71926427,0.19141324,2024-02-26,24842,"{""type"":""MultiPoint"",""coordinates"":[]}"
24843_0,0.08468403,0.36792454,0.07149455,2024-02-26,24843,"{""type"":""MultiPoint"",""coordinates"":[]}"
24844_0,0.3468939,0.78963184,0.3344538,2024-02-26,24844,"{""type"":""MultiPoint"",""coordinates"":[]}"
24845_0,-0.034094784,0.4692623,-0.027961362,2024-02-26,24845,"{""type"":""MultiPoint"",""coordinates"":[]}"
24846_0,0.22477876,0.7040302,0.2139973,2024-02-26,24846,"{""type"":""MultiPoint"",""coordinates"":[]}"
24847_0,0.20398955,0.7395994,0.14794102,2024-02-26,24847,"{""type"":""MultiPoint"",""coordinates"":[]}"
24848_0,-0.050445102,0.4870432,-0.050890584,2024-02-26,24848,"{""type"":""MultiPoint"",""coordinates"":[]}"
24849_0,0.3068536,0.8327125,0.33927247,2024-02-26,24849,"{""type"":""MultiPoint"",""coordinates"":[]}"
24850_0,0.29550132,0.77555656,0.23984772,2024-02-26,24850,"{""type"":""MultiPoint"",""coordinates"":[]}"
24851_0,0.021518473,0.6239039,0.018329939,2024-02-26,24851,"{""type"":""MultiPoint"",""coordinates"":[]}"
24852_0,-0.0234762,0.5695461,-0.051327433,2024-02-26,24852,"{""type"":""MultiPoint"",""coordinates"":[]}"
24853_0,0.28848922,0.8361323,0.29180092,2024-02-26,24853,"{""type"":""MultiPoint"",""coordinates"":[]}"
24854_0,0.29565218,0.7574751,0.24032825,2024-02-26,24854,"{""type"":""MultiPoint"",""coordinates"":[]}"
24855_0,0.02899045,0.38334858,0.030148186,2024-02-26,24855,"{""type"":""MultiPoint"",""coordinates"":[]}"
24856_0,-0.10919272,0.45559984,-0.084150515,2024-02-26,24856,"{""type"":""MultiPoint"",""coordinates"":[]}"
24857_0,0.15163335,0.66177607,0.10585817,2024-02-26,24857,"{""type"":""MultiPoint"",""coordinates"":[]}"
24858_0,0.14207879,0.53629977,0.12352815,2024-02-26,24858,"{""type"":""MultiPoint"",""coordinates"":[]}"
24859_0,0.13877952,0.64908344,0.114820436,2024-02-26,24859,"{""type"":""MultiPoint"",""coordinates"":[]}"
24860_0,0.06925676,0.6230216,0.011659193,2024-02-26,24860,"{""type"":""MultiPoint"",""coordinates"":[]}"
24861_0,0.16353591,0.68526226,0.14414924,2024-02-26,24861,"{""type"":""MultiPoint"",""coordinates"":[]}"
24862_0,0.29686964,0.6886947,0.20404984,2024-02-26,24862,"{""type"":""MultiPoint"",""coordinates"":[]}"
24863_0,-0.039966345,0.49945828,-0.08707124,2024-02-26,24863,"{""type"":""MultiPoint"",""coordinates"":[]}"
24864_0,-0.0429739,0.47651008,-0.058319956,2024-02-26,24864,"{""type"":""MultiPoint"",""coordinates"":[]}"
24865_0,0.14344828,0.71275645,0.21442126,2024-02-26,24865,"{""type"":""MultiPoint"",""coordinates"":[]}"
24866_0,0.32291666,0.81417626,0.32032067,2024-02-26,24866,"{""type"":""MultiPoint"",""coordinates"":[]}"
24867_0,0.16742969,0.8085809,0.12718546,2024-02-26,24867,"{""type"":""MultiPoint"",""coordinates"":[]}"
24868_0,-0.053684562,0.43042773,-0.08927956,2024-02-26,24868,"{""type"":""MultiPoint"",""coordinates"":[]}"
24869_0,-0.042277824,0.51975685,-0.0942029,2024-02-26,24869,"{""type"":""MultiPoint"",""coordinates"":[]}"
24870_0,0.011389522,0.043505874,0.057356607,2024-02-26,24870,"{""type"":""MultiPoint"",""coordinates"":[]}"
24871_0,0.062072594,0.617316,0.023281293,2024-02-26,24871,"{""type"":""MultiPoint"",""coordinates"":[]}"
24872_0,0.26347914,0.80309737,0.20029455,2024-02-26,24872,"{""type"":""MultiPoint"",""coordinates"":[]}"
24873_0,0.14965986,0.7900102,0.16833001,2024-02-26,24873,"{""type"":""MultiPoint"",""coordinates"":[]}"
24874_0,0.015509888,0.46696034,0.024024602,2024-02-26,24874,"{""type"":""MultiPoint"",""coordinates"":[]}"
24875_0,0.34707648,0.75330865,0.31064504,2024-02-26,24875,"{""type"":""MultiPoint"",""coordinates"":[]}"
24876_0,-0.03873325,0.45186335,-0.06546727,2024-02-26,24876,"{""type"":""MultiPoint"",""coordinates"":[]}"
24877_0,0.17438583,0.63659465,0.11370514,2024-02-26,24877,"{""type"":""MultiPoint"",""coordinates"":[]}"
24878_0,0.1373777,0.66369426,0.08471761,2024-02-26,24878,"{""type"":""MultiPoint"",""coordinates"":[]}"
24879_0,0.0075702076,0.5566751,-0.045805454,2024-02-26,24879,"{""type"":""MultiPoint"",""coordinates"":[]}"
24880_0,0.26429164,0.73036647,0.1963801,2024-02-26,24880,"{""type"":""MultiPoint"",""coordinates"":[]}"
24881_0,0.099665925,0.69158876,0.05631748,2024-02-26,24881,"{""type"":""MultiPoint"",""coordinates"":[]}"
24882_0,-0.040221915,0.41880342,-0.060820367,2024-02-26,24882,"{""type"":""MultiPoint"",""coordinates"":[]}"
24883_0,-0.10788721,0.44022503,-0.13931498,2024-02-26,24883,"{""type"":""MultiPoint"",""coordinates"":[]}"
24884_0,0.001635132,0.5306859,-0.0039934227,2024-02-26,24884,"{""type"":""MultiPoint"",""coordinates"":[]}"
24885_0,0.23770492,0.7442573,0.24040294,2024-02-26,24885,"{""type"":""MultiPoint"",""coordinates"":[]}"
24886_0,0.2591133,0.73320717,0.23783784,2024-02-26,24886,"{""type"":""MultiPoint"",""coordinates"":[]}"
24887_0,-0.005512679,0.51238096,-0.069167644,2024-02-26,24887,"{""type"":""MultiPoint"",""coordinates"":[]}"
24888_0,0.18193147,0.54648715,0.16661377,2024-02-26,24888,"{""type"":""MultiPoint"",""coordinates"":[]}"
24889_0,0.052200053,0.5366167,0.017006803,2024-02-26,24889,"{""type"":""MultiPoint"",""coordinates"":[]}"
24890_0,-0.036585364,0.40401942,-0.08034498,2024-02-26,24890,"{""type"":""MultiPoint"",""coordinates"":[]}"
24891_0,-0.006959315,0.57371795,0.021586476,2024-02-26,24891,"{""type"":""MultiPoint"",""coordinates"":[]}"
24892_0,-0.038498558,0.49377003,-0.014097745,2024-02-26,24892,"{""type"":""MultiPoint"",""coordinates"":[]}"
24893_0,0.2580318,0.5742754,0.22610229,2024-02-26,24893,"{""type"":""MultiPoint"",""coordinates"":[]}"
24894_0,0.052961126,0.61180127,0.067077875,2024-02-26,24894,"{""type"":""MultiPoint"",""coordinates"":[]}"
24895_0,-0.105073914,0.4111278,-0.08215962,2024-02-26,24895,"{""type"":""MultiPoint"",""coordinates"":[]}"
24896_0,0.1438057,0.6276276,0.1406524,2024-02-26,24896,"{""type"":""MultiPoint"",""coordinates"":[]}"
24897_0,0.042902883,0.4853642,-0.013562387,2024-02-26,24897,"{""type"":""MultiPoint"",""coordinates"":[]}"
24898_0,-0.057256367,0.50889075,-0.118694365,2024-02-26,24898,"{""type"":""MultiPoint"",""coordinates"":[]}"
24899_0,-0.06136412,0.51915854,-0.10213144,2024-02-26,24899,"{""type"":""MultiPoint"",""coordinates"":[]}"
24900_0,0.17903449,0.73304534,0.14825416,2024-02-26,24900,"{""type"":""MultiPoint"",""coordinates"":[]}"
24901_0,-0.07268975,0.53058106,-0.07763188,2024-02-26,24901,"{""type"":""MultiPoint"",""coordinates"":[]}"
24902_0,-0.07323047,0.54850405,-0.12387792,2024-02-26,24902,"{""type"":""MultiPoint"",""coordinates"":[]}"
24903_0,-0.029927203,0.5656985,-0.058758315,2024-02-26,24903,"{""type"":""MultiPoint"",""coordinates"":[]}"
24904_0,-0.08501814,0.4449263,-0.11359404,2024-02-26,24904,"{""type"":""MultiPoint"",""coordinates"":[]}"
24905_0,0.045105245,0.6956281,0.034785546,2024-02-26,24905,"{""type"":""MultiPoint"",""coordinates"":[]}"
24906_0,0.42054883,0.8296962,0.40380827,2024-02-26,24906,"{""type"":""MultiPoint"",""coordinates"":[]}"
24907_0,-0.026980482,0.60240966,-0.05701625,2024-02-26,24907,"{""type"":""MultiPoint"",""coordinates"":[]}"
24908_0,0.175,0.73989284,0.15003219,2024-02-26,24908,"{""type"":""MultiPoint"",""coordinates"":[]}"
24909_0,-0.018193847,0.6621118,-0.069864444,2024-02-26,24909,"{""type"":""MultiPoint"",""coordinates"":[]}"
24910_0,-0.06864274,0.59388644,-0.16927454,2024-02-26,24910,"{""type"":""MultiPoint"",""coordinates"":[]}"
24911_0,0.1294698,0.78458595,0.13797314,2024-02-26,24911,"{""type"":""MultiPoint"",""coordinates"":[]}"
24912_0,0.2769784,0.8420533,0.2998955,2024-02-26,24912,"{""type"":""MultiPoint"",""coordinates"":[]}"
24913_0,0.068424985,0.55473554,0.006369427,2024-02-26,24913,"{""type"":""MultiPoint"",""coordinates"":[]}"
24914_0,0.23232323,0.77555656,0.23280758,2024-02-26,24914,"{""type"":""MultiPoint"",""coordinates"":[]}"
24915_0,0.41573712,0.8364116,0.430837,2024-02-26,24915,"{""type"":""MultiPoint"",""coordinates"":[]}"
24916_0,0.27380952,0.77251184,0.27319148,2024-02-26,24916,"{""type"":""MultiPoint"",""coordinates"":[]}"
24917_0,0.33411834,0.8235294,0.36263737,2024-02-26,24917,"{""type"":""MultiPoint"",""coordinates"":[]}"
24918_0,0.093830705,0.7311591,0.108664975,2024-02-26,24918,"{""type"":""MultiPoint"",""coordinates"":[]}"
24919_0,0.11106115,0.69248205,0.062366612,2024-02-26,24919,"{""type"":""MultiPoint"",""coordinates"":[]}"
24920_0,0.35772645,0.84814817,0.37655172,2024-02-26,24920,"{""type"":""MultiPoint"",""coordinates"":[]}"
24921_0,0.13942441,0.6639118,0.15708812,2024-02-26,24921,"{""type"":""MultiPoint"",""coordinates"":[]}"
24922_0,0.04001976,0.6318328,0.02189781,2024-02-26,24922,"{""type"":""MultiPoint"",""coordinates"":[]}"
24923_0,0.3224785,0.78621125,0.3068024,2024-02-26,24923,"{""type"":""MultiPoint"",""coordinates"":[]}"
24924_0,0.3717765,0.8332548,0.37867516,2024-02-26,24924,"{""type"":""MultiPoint"",""coordinates"":[]}"
24925_0,0.21968912,0.66603845,0.18945102,2024-02-26,24925,"{""type"":""MultiPoint"",""coordinates"":[]}"
24926_0,0.23927039,0.7531144,0.24171123,2024-02-26,24926,"{""type"":""MultiPoint"",""coordinates"":[]}"
24927_0,-0.036279522,0.52418715,-0.050864197,2024-02-26,24927,"{""type"":""MultiPoint"",""coordinates"":[]}"
24928_0,0.07203266,0.68430257,0.095251635,2024-02-26,24928,"{""type"":""MultiPoint"",""coordinates"":[]}"
24929_0,0.17196414,0.64422715,0.17843665,2024-02-26,24929,"{""type"":""MultiPoint"",""coordinates"":[]}"
24930_0,-0.020711845,0.47007555,-0.0015785319,2024-02-26,24930,"{""type"":""MultiPoint"",""coordinates"":[]}"
24931_0,0.15388303,0.5956965,0.22976217,2024-02-26,24931,"{""type"":""MultiPoint"",""coordinates"":[]}"
24932_0,-0.012895662,0.44904137,-0.0013908206,2024-02-26,24932,"{""type"":""MultiPoint"",""coordinates"":[]}"
24933_0,-0.021295674,0.40518963,-0.037813213,2024-02-26,24933,"{""type"":""MultiPoint"",""coordinates"":[]}"
24934_0,-0.06389088,0.45078653,-0.15871775,2024-02-26,24934,"{""type"":""MultiPoint"",""coordinates"":[]}"
24935_0,0.33721286,0.8120428,0.1961367,2024-02-26,24935,"{""type"":""MultiPoint"",""coordinates"":[]}"
24936_0,-0.028996665,0.6302444,-0.062814735,2024-02-26,24936,"{""type"":""MultiPoint"",""coordinates"":[]}"
24937_0,0.32929936,0.7343096,0.22316489,2024-02-26,24937,"{""type"":""MultiPoint"",""coordinates"":[]}"
24938_0,0.26349208,0.81672144,0.24524525,2024-02-26,24938,"{""type"":""MultiPoint"",""coordinates"":[]}"
24939_0,0.375,0.8314239,0.39092603,2024-02-26,24939,"{""type"":""MultiPoint"",""coordinates"":[]}"
24940_0,0.47053546,0.84778994,0.5170532,2024-02-26,24940,"{""type"":""MultiPoint"",""coordinates"":[]}"
24941_0,0.42180094,0.7980769,0.17180157,2024-02-26,24941,"{""type"":""MultiPoint"",""coordinates"":[]}"
24942_0,0.1995547,0.75734156,0.22521552,2024-02-26,24942,"{""type"":""MultiPoint"",""coordinates"":[]}"
24943_0,0.32293394,0.82902235,0.3432067,2024-02-26,24943,"{""type"":""MultiPoint"",""coordinates"":[]}"
24944_0,-0.048584413,0.4588889,-0.06647707,2024-02-26,24944,"{""type"":""MultiPoint"",""coordinates"":[]}"
24945_0,0.21130413,0.6347267,0.25129214,2024-02-26,24945,"{""type"":""MultiPoint"",""coordinates"":[]}"
24946_0,0.062086623,0.6366823,0.1208,2024-02-26,24946,"{""type"":""MultiPoint"",""coordinates"":[]}"
24947_0,-0.043219075,0.5137514,-0.119641714,2024-02-26,24947,"{""type"":""MultiPoint"",""coordinates"":[]}"
24948_0,0.28071696,0.8460317,0.30308124,2024-02-26,24948,"{""type"":""MultiPoint"",""coordinates"":[]}"
24949_0,0.1730241,0.7457944,0.15916848,2024-02-26,24949,"{""type"":""MultiPoint"",""coordinates"":[]}"
24950_0,0.05018857,0.57798165,-0.027943484,2024-02-26,24950,"{""type"":""MultiPoint"",""coordinates"":[]}"
24951_0,-0.103797466,0.37573963,-0.1263504,2024-02-26,24951,"{""type"":""MultiPoint"",""coordinates"":[]}"
24952_0,0.19197397,0.79407614,0.12301353,2024-02-26,24952,"{""type"":""MultiPoint"",""coordinates"":[]}"
24953_0,0.37734374,0.8293217,0.3543945,2024-02-26,24953,"{""type"":""MultiPoint"",""coordinates"":[]}"
24954_0,0.39380097,0.8545994,0.45815107,2024-02-26,24954,"{""type"":""MultiPoint"",""coordinates"":[]}"
24955_0,-0.058458813,0.46996996,-0.099356025,2024-02-26,24955,"{""type"":""MultiPoint"",""coordinates"":[]}"
24956_0,0.26911852,0.8249158,0.26783624,2024-02-26,24956,"{""type"":""MultiPoint"",""coordinates"":[]}"
24957_0,0.1174971,0.5765112,0.09030101,2024-02-26,24957,"{""type"":""MultiPoint"",""coordinates"":[]}"
24958_0,0.11774461,0.6406741,0.1488,2024-02-26,24958,"{""type"":""MultiPoint"",""coordinates"":[]}"
24959_0,0.11697938,0.5806681,0.07699758,2024-02-26,24959,"{""type"":""MultiPoint"",""coordinates"":[]}"
24960_0,0.052214146,0.6778626,0.010807082,2024-02-26,24960,"{""type"":""MultiPoint"",""coordinates"":[]}"
24961_0,0.26970702,0.79452056,0.26838124,2024-02-26,24961,"{""type"":""MultiPoint"",""coordinates"":[]}"
24962_0,0.098977946,0.61759424,0.03652574,2024-02-26,24962,"{""type"":""MultiPoint"",""coordinates"":[]}"
24963_0,0.27618206,0.8876812,0.11982805,2024-02-26,24963,"{""type"":""MultiPoint"",""coordinates"":[]}"
24964_0,0.14364947,0.6176024,0.15995647,2024-02-26,24964,"{""type"":""MultiPoint"",""coordinates"":[]}"
24965_0,0.34037635,0.8275395,0.33906716,2024-02-26,24965,"{""type"":""MultiPoint"",""coordinates"":[]}"
24966_0,0.10070471,0.5619807,0.08595194,2024-02-26,24966,"{""type"":""MultiPoint"",""coordinates"":[]}"
24967_0,0.028150486,0.58282703,0.028150486,2024-02-26,24967,"{""type"":""MultiPoint"",""coordinates"":[]}"
24968_0,0.19390926,0.6978684,0.17098114,2024-02-26,24968,"{""type"":""MultiPoint"",""coordinates"":[]}"
24969_0,0.30766633,0.80496454,0.3302842,2024-02-26,24969,"{""type"":""MultiPoint"",""coordinates"":[]}"
24970_0,0.46002007,0.8351556,0.46002007,2024-02-26,24970,"{""type"":""MultiPoint"",""coordinates"":[]}"
24971_0,0.3831432,0.7587477,0.39010188,2024-02-26,24971,"{""type"":""MultiPoint"",""coordinates"":[]}"
24973_0,0.20333797,0.73168725,0.19004525,2024-02-26,24973,"{""type"":""MultiPoint"",""coordinates"":[]}"
24974_0,0.20853779,0.66287625,0.21297878,2024-02-26,24974,"{""type"":""MultiPoint"",""coordinates"":[]}"
24978_0,0.1801779,0.5702641,0.19771202,2024-02-26,24978,"{""type"":""MultiPoint"",""coordinates"":[]}"
