system:index,NDII,NDVI,NDWI,date,point_id,.geo
71_0,0.07000511,0.36966395,0.10828026,2024-05-06,71,"{""type"":""MultiPoint"",""coordinates"":[]}"
72_0,0.067871094,0.0915404,0.094044134,2024-05-06,72,"{""type"":""MultiPoint"",""coordinates"":[]}"
77_0,0.2512571,0.81056464,0.26543602,2024-05-06,77,"{""type"":""MultiPoint"",""coordinates"":[]}"
78_0,0.19129519,0.6783296,0.12694202,2024-05-06,78,"{""type"":""MultiPoint"",""coordinates"":[]}"
80_0,0.12369466,0.67595655,0.087176345,2024-05-06,80,"{""type"":""MultiPoint"",""coordinates"":[]}"
84_0,0.05178461,0.52337664,0.010335918,2024-05-06,84,"{""type"":""MultiPoint"",""coordinates"":[]}"
86_0,0.28708354,0.74030656,0.24455908,2024-05-06,86,"{""type"":""MultiPoint"",""coordinates"":[]}"
91_0,-0.028871391,0.46769527,-0.045169387,2024-05-06,91,"{""type"":""MultiPoint"",""coordinates"":[]}"
92_0,0.30020952,0.7413793,0.31052786,2024-05-06,92,"{""type"":""MultiPoint"",""coordinates"":[]}"
93_0,0.16737758,0.64203954,0.12794854,2024-05-06,93,"{""type"":""MultiPoint"",""coordinates"":[]}"
94_0,0.19631548,0.67911625,0.06684492,2024-05-06,94,"{""type"":""MultiPoint"",""coordinates"":[]}"
95_0,0.0992126,0.2822086,0.11219512,2024-05-06,95,"{""type"":""MultiPoint"",""coordinates"":[]}"
96_0,0.19909409,0.20826162,-0.46958822,2024-05-06,96,"{""type"":""MultiPoint"",""coordinates"":[]}"
97_0,0.06816922,0.6549296,0.055784352,2024-05-06,97,"{""type"":""MultiPoint"",""coordinates"":[]}"
99_0,0.0804558,0.69890755,0.08972825,2024-05-06,99,"{""type"":""MultiPoint"",""coordinates"":[]}"
100_0,0.31232876,0.7260788,0.29395217,2024-05-06,100,"{""type"":""MultiPoint"",""coordinates"":[]}"
101_0,0.28266627,0.6893834,0.22549185,2024-05-06,101,"{""type"":""MultiPoint"",""coordinates"":[]}"
103_0,0.0021505377,0.49116945,-0.053906724,2024-05-06,103,"{""type"":""MultiPoint"",""coordinates"":[]}"
105_0,0.28173465,0.7471064,0.23057991,2024-05-06,105,"{""type"":""MultiPoint"",""coordinates"":[]}"
108_0,0.17947781,0.6609678,0.121063955,2024-05-06,108,"{""type"":""MultiPoint"",""coordinates"":[]}"
113_0,0.28406188,0.72069824,0.26935458,2024-05-06,113,"{""type"":""MultiPoint"",""coordinates"":[]}"
114_0,0.033900857,0.5941959,0.013841894,2024-05-06,114,"{""type"":""MultiPoint"",""coordinates"":[]}"
117_0,0.09452182,0.5720905,0.08380308,2024-05-06,117,"{""type"":""MultiPoint"",""coordinates"":[]}"
118_0,0.060803473,0.6006865,0.037641387,2024-05-06,118,"{""type"":""MultiPoint"",""coordinates"":[]}"
120_0,0.25723118,0.7679975,0.25144637,2024-05-06,120,"{""type"":""MultiPoint"",""coordinates"":[]}"
122_0,0.05985077,0.6454336,0.041282177,2024-05-06,122,"{""type"":""MultiPoint"",""coordinates"":[]}"
123_0,0.050241373,0.63315696,0.022451233,2024-05-06,123,"{""type"":""MultiPoint"",""coordinates"":[]}"
124_0,0.20859995,0.71014494,0.20839734,2024-05-06,124,"{""type"":""MultiPoint"",""coordinates"":[]}"
128_0,0.09148265,0.57285714,0.044096727,2024-05-06,128,"{""type"":""MultiPoint"",""coordinates"":[]}"
129_0,-0.011305915,0.5576538,-0.062672175,2024-05-06,129,"{""type"":""MultiPoint"",""coordinates"":[]}"
130_0,0.13231552,0.64925855,0.11120765,2024-05-06,130,"{""type"":""MultiPoint"",""coordinates"":[]}"
132_0,0.23714642,0.65758353,0.20119224,2024-05-06,132,"{""type"":""MultiPoint"",""coordinates"":[]}"
133_0,0.1660693,0.5905557,0.13756178,2024-05-06,133,"{""type"":""MultiPoint"",""coordinates"":[]}"
134_0,0.21363115,0.48766327,0.19777973,2024-05-06,134,"{""type"":""MultiPoint"",""coordinates"":[]}"
135_0,0.2953271,0.81695825,0.28326997,2024-05-06,135,"{""type"":""MultiPoint"",""coordinates"":[]}"
137_0,0.17239915,0.33172148,0.17116734,2024-05-06,137,"{""type"":""MultiPoint"",""coordinates"":[]}"
138_0,-0.059864655,0.4059003,-0.049845308,2024-05-06,138,"{""type"":""MultiPoint"",""coordinates"":[]}"
140_0,0.16255945,0.6759259,0.13352717,2024-05-06,140,"{""type"":""MultiPoint"",""coordinates"":[]}"
149_0,0.06579426,0.6564909,0.022070015,2024-05-06,149,"{""type"":""MultiPoint"",""coordinates"":[]}"
150_0,0.07175572,0.5215983,0.07352381,2024-05-06,150,"{""type"":""MultiPoint"",""coordinates"":[]}"
151_0,0.077781655,0.54733896,0.021827599,2024-05-06,151,"{""type"":""MultiPoint"",""coordinates"":[]}"
155_0,0.21998015,0.4379085,0.22663169,2024-05-06,155,"{""type"":""MultiPoint"",""coordinates"":[]}"
156_0,0.24008138,0.66255724,0.22470161,2024-05-06,156,"{""type"":""MultiPoint"",""coordinates"":[]}"
157_0,0.17953669,0.2361809,0.1826923,2024-05-06,157,"{""type"":""MultiPoint"",""coordinates"":[]}"
158_0,0.15572816,0.44176286,0.11661926,2024-05-06,158,"{""type"":""MultiPoint"",""coordinates"":[]}"
160_0,0.20334117,0.32946634,0.20062861,2024-05-06,160,"{""type"":""MultiPoint"",""coordinates"":[]}"
163_0,0.2317916,0.13481072,0.25954396,2024-05-06,163,"{""type"":""MultiPoint"",""coordinates"":[]}"
169_0,0.24828768,0.16727845,0.25656223,2024-05-06,169,"{""type"":""MultiPoint"",""coordinates"":[]}"
175_0,0.21035598,0.13046786,0.23781757,2024-05-06,175,"{""type"":""MultiPoint"",""coordinates"":[]}"
326_0,0.19548388,0.70809174,0.15198912,2024-05-06,326,"{""type"":""MultiPoint"",""coordinates"":[]}"
328_0,0.08538449,0.62686956,0.07007249,2024-05-06,328,"{""type"":""MultiPoint"",""coordinates"":[]}"
331_0,0.26171932,0.721943,0.2415459,2024-05-06,331,"{""type"":""MultiPoint"",""coordinates"":[]}"
335_0,0.13689095,0.6569264,0.24420968,2024-05-06,335,"{""type"":""MultiPoint"",""coordinates"":[]}"
336_0,0.07610694,0.07230852,0.10158883,2024-05-06,336,"{""type"":""MultiPoint"",""coordinates"":[]}"
337_0,0.26529223,0.8049261,0.25910652,2024-05-06,337,"{""type"":""MultiPoint"",""coordinates"":[]}"
338_0,0.1926014,0.60459054,0.12777269,2024-05-06,338,"{""type"":""MultiPoint"",""coordinates"":[]}"
339_0,0.23645872,0.6578749,0.23502994,2024-05-06,339,"{""type"":""MultiPoint"",""coordinates"":[]}"
340_0,0.30678517,0.78050655,0.26361656,2024-05-06,340,"{""type"":""MultiPoint"",""coordinates"":[]}"
342_0,0.15632012,0.68186873,0.14545454,2024-05-06,342,"{""type"":""MultiPoint"",""coordinates"":[]}"
344_0,0.047433905,0.55813956,0.019215371,2024-05-06,344,"{""type"":""MultiPoint"",""coordinates"":[]}"
345_0,0.30322582,0.7816425,0.24974585,2024-05-06,345,"{""type"":""MultiPoint"",""coordinates"":[]}"
347_0,0.3370277,0.7802419,0.28296405,2024-05-06,347,"{""type"":""MultiPoint"",""coordinates"":[]}"
348_0,0.28091937,0.7527291,0.27309608,2024-05-06,348,"{""type"":""MultiPoint"",""coordinates"":[]}"
349_0,0.22049634,0.72528344,0.19963336,2024-05-06,349,"{""type"":""MultiPoint"",""coordinates"":[]}"
350_0,0.16147825,0.5716981,0.1826087,2024-05-06,350,"{""type"":""MultiPoint"",""coordinates"":[]}"
351_0,0.23410252,0.7086999,0.23315696,2024-05-06,351,"{""type"":""MultiPoint"",""coordinates"":[]}"
352_0,0.2019671,0.79062814,0.20841043,2024-05-06,352,"{""type"":""MultiPoint"",""coordinates"":[]}"
353_0,0.23366337,0.7514253,0.22708209,2024-05-06,353,"{""type"":""MultiPoint"",""coordinates"":[]}"
354_0,0.18138349,0.6515998,0.11752577,2024-05-06,354,"{""type"":""MultiPoint"",""coordinates"":[]}"
356_0,0.343742,0.78667635,0.3137045,2024-05-06,356,"{""type"":""MultiPoint"",""coordinates"":[]}"
357_0,0.097094804,0.541384,-0.019421667,2024-05-06,357,"{""type"":""MultiPoint"",""coordinates"":[]}"
359_0,0.3298846,0.7894737,0.29510257,2024-05-06,359,"{""type"":""MultiPoint"",""coordinates"":[]}"
360_0,0.3243356,0.80268717,0.31836048,2024-05-06,360,"{""type"":""MultiPoint"",""coordinates"":[]}"
363_0,0.4523349,0.8817699,0.45683748,2024-05-06,363,"{""type"":""MultiPoint"",""coordinates"":[]}"
364_0,0.10339623,0.54747117,0.08021059,2024-05-06,364,"{""type"":""MultiPoint"",""coordinates"":[]}"
365_0,0.15177923,0.6945494,0.1468225,2024-05-06,365,"{""type"":""MultiPoint"",""coordinates"":[]}"
367_0,-0.0044762758,0.5,-0.03601108,2024-05-06,367,"{""type"":""MultiPoint"",""coordinates"":[]}"
370_0,0.057292968,0.5282651,0.019771071,2024-05-06,370,"{""type"":""MultiPoint"",""coordinates"":[]}"
371_0,0.02446184,0.5139694,-0.020296777,2024-05-06,371,"{""type"":""MultiPoint"",""coordinates"":[]}"
372_0,0.21272518,0.737362,0.185567,2024-05-06,372,"{""type"":""MultiPoint"",""coordinates"":[]}"
374_0,0.19880547,0.7279895,0.16681455,2024-05-06,374,"{""type"":""MultiPoint"",""coordinates"":[]}"
376_0,0.02456253,0.5381433,-0.010645376,2024-05-06,376,"{""type"":""MultiPoint"",""coordinates"":[]}"
378_0,0.26650217,0.57053405,0.28395063,2024-05-06,378,"{""type"":""MultiPoint"",""coordinates"":[]}"
379_0,0.24124168,0.40482047,0.25071162,2024-05-06,379,"{""type"":""MultiPoint"",""coordinates"":[]}"
381_0,-0.012861137,0.60743034,-0.022774328,2024-05-06,381,"{""type"":""MultiPoint"",""coordinates"":[]}"
382_0,0.19761947,0.70727104,0.22410291,2024-05-06,382,"{""type"":""MultiPoint"",""coordinates"":[]}"
384_0,0.12816487,0.64987403,0.08242099,2024-05-06,384,"{""type"":""MultiPoint"",""coordinates"":[]}"
385_0,0.08817447,0.6445113,0.05989533,2024-05-06,385,"{""type"":""MultiPoint"",""coordinates"":[]}"
388_0,0.19880162,0.73958,0.17966697,2024-05-06,388,"{""type"":""MultiPoint"",""coordinates"":[]}"
389_0,0.19169113,0.29599229,0.19982119,2024-05-06,389,"{""type"":""MultiPoint"",""coordinates"":[]}"
390_0,0.012440862,0.46784922,-0.031101353,2024-05-06,390,"{""type"":""MultiPoint"",""coordinates"":[]}"
391_0,0.14658254,0.65451056,0.12069339,2024-05-06,391,"{""type"":""MultiPoint"",""coordinates"":[]}"
399_0,0.13333334,0.5777653,0.12535042,2024-05-06,399,"{""type"":""MultiPoint"",""coordinates"":[]}"
401_0,0.08685065,0.5720789,0.07024793,2024-05-06,401,"{""type"":""MultiPoint"",""coordinates"":[]}"
403_0,0.16145913,0.5284823,0.14875,2024-05-06,403,"{""type"":""MultiPoint"",""coordinates"":[]}"
407_0,0.22738387,0.52337724,0.20545977,2024-05-06,407,"{""type"":""MultiPoint"",""coordinates"":[]}"
409_0,0.24502257,0.26612467,0.24321447,2024-05-06,409,"{""type"":""MultiPoint"",""coordinates"":[]}"
410_0,0.19713506,0.5924528,0.17835951,2024-05-06,410,"{""type"":""MultiPoint"",""coordinates"":[]}"
412_0,0.21749072,0.3125,0.21072355,2024-05-06,412,"{""type"":""MultiPoint"",""coordinates"":[]}"
413_0,0.21911764,0.5771725,0.2084472,2024-05-06,413,"{""type"":""MultiPoint"",""coordinates"":[]}"
414_0,0.16459122,0.28351128,0.16752091,2024-05-06,414,"{""type"":""MultiPoint"",""coordinates"":[]}"
416_0,0.21167435,0.29220778,0.21600978,2024-05-06,416,"{""type"":""MultiPoint"",""coordinates"":[]}"
420_0,0.260689,0.1351126,0.28547814,2024-05-06,420,"{""type"":""MultiPoint"",""coordinates"":[]}"
425_0,0.2297034,0.115968876,0.25735754,2024-05-06,425,"{""type"":""MultiPoint"",""coordinates"":[]}"
426_0,0.24111387,0.15369262,0.26587823,2024-05-06,426,"{""type"":""MultiPoint"",""coordinates"":[]}"
585_0,0.29273084,0.5546367,0.098497495,2024-05-06,585,"{""type"":""MultiPoint"",""coordinates"":[]}"
586_0,0.055340692,0.070028014,0.0642892,2024-05-06,586,"{""type"":""MultiPoint"",""coordinates"":[]}"
587_0,0.090736344,0.63505054,0.08377214,2024-05-06,587,"{""type"":""MultiPoint"",""coordinates"":[]}"
593_0,0.21666667,0.715994,-0.031223629,2024-05-06,593,"{""type"":""MultiPoint"",""coordinates"":[]}"
595_0,0.10264046,0.5953687,0.07339074,2024-05-06,595,"{""type"":""MultiPoint"",""coordinates"":[]}"
596_0,0.41324738,0.7875269,0.3497889,2024-05-06,596,"{""type"":""MultiPoint"",""coordinates"":[]}"
598_0,0.14561372,0.64718735,0.1155909,2024-05-06,598,"{""type"":""MultiPoint"",""coordinates"":[]}"
599_0,0.100863,0.16744383,0.04824436,2024-05-06,599,"{""type"":""MultiPoint"",""coordinates"":[]}"
600_0,0.09692841,0.36082473,0.100261964,2024-05-06,600,"{""type"":""MultiPoint"",""coordinates"":[]}"
601_0,0.20927724,0.7167333,0.15504323,2024-05-06,601,"{""type"":""MultiPoint"",""coordinates"":[]}"
604_0,0.19106796,0.6490711,0.1461365,2024-05-06,604,"{""type"":""MultiPoint"",""coordinates"":[]}"
609_0,0.24429642,0.80719984,0.24479946,2024-05-06,609,"{""type"":""MultiPoint"",""coordinates"":[]}"
610_0,0.2526125,0.7843803,0.22102818,2024-05-06,610,"{""type"":""MultiPoint"",""coordinates"":[]}"
612_0,0.33333334,0.7935943,0.30648056,2024-05-06,612,"{""type"":""MultiPoint"",""coordinates"":[]}"
613_0,0.18800539,0.7530543,0.16637841,2024-05-06,613,"{""type"":""MultiPoint"",""coordinates"":[]}"
614_0,-0.003101256,0.10997964,0.00545776,2024-05-06,614,"{""type"":""MultiPoint"",""coordinates"":[]}"
615_0,0.090318166,0.6446066,0.08546861,2024-05-06,615,"{""type"":""MultiPoint"",""coordinates"":[]}"
616_0,0.041705284,0.58398336,0.08186823,2024-05-06,616,"{""type"":""MultiPoint"",""coordinates"":[]}"
617_0,0.26179805,0.76291794,0.24731183,2024-05-06,617,"{""type"":""MultiPoint"",""coordinates"":[]}"
618_0,0.26153848,0.821975,0.26082772,2024-05-06,618,"{""type"":""MultiPoint"",""coordinates"":[]}"
619_0,0.046666667,0.2876304,0.09436352,2024-05-06,619,"{""type"":""MultiPoint"",""coordinates"":[]}"
621_0,0.20363443,0.5803144,0.216202,2024-05-06,621,"{""type"":""MultiPoint"",""coordinates"":[]}"
624_0,0.1410687,0.5235732,0.13406187,2024-05-06,624,"{""type"":""MultiPoint"",""coordinates"":[]}"
625_0,0.17376025,0.6991045,0.14711809,2024-05-06,625,"{""type"":""MultiPoint"",""coordinates"":[]}"
626_0,0.08208273,0.39691445,0.062258366,2024-05-06,626,"{""type"":""MultiPoint"",""coordinates"":[]}"
628_0,0.215863,0.60531455,0.22298303,2024-05-06,628,"{""type"":""MultiPoint"",""coordinates"":[]}"
629_0,0.028890662,0.56578946,0.008474576,2024-05-06,629,"{""type"":""MultiPoint"",""coordinates"":[]}"
632_0,0.26666668,0.74307865,0.2828036,2024-05-06,632,"{""type"":""MultiPoint"",""coordinates"":[]}"
635_0,0.03250724,0.45516074,0.06732857,2024-05-06,635,"{""type"":""MultiPoint"",""coordinates"":[]}"
636_0,0.19831075,0.7050547,0.1790991,2024-05-06,636,"{""type"":""MultiPoint"",""coordinates"":[]}"
637_0,-0.06624285,0.335148,-0.033140324,2024-05-06,637,"{""type"":""MultiPoint"",""coordinates"":[]}"
640_0,0.09343936,0.40305713,0.08121513,2024-05-06,640,"{""type"":""MultiPoint"",""coordinates"":[]}"
642_0,0.09645062,0.6203271,0.08444097,2024-05-06,642,"{""type"":""MultiPoint"",""coordinates"":[]}"
645_0,0.10678753,0.46725404,0.10579903,2024-05-06,645,"{""type"":""MultiPoint"",""coordinates"":[]}"
648_0,0.16259216,0.6799557,0.16872111,2024-05-06,648,"{""type"":""MultiPoint"",""coordinates"":[]}"
649_0,0.19288337,0.52207,0.16652085,2024-05-06,649,"{""type"":""MultiPoint"",""coordinates"":[]}"
651_0,0.1841413,0.46858513,0.17026561,2024-05-06,651,"{""type"":""MultiPoint"",""coordinates"":[]}"
653_0,0.15486962,0.5006126,0.12490816,2024-05-06,653,"{""type"":""MultiPoint"",""coordinates"":[]}"
654_0,0.059401885,0.5707822,0.028353788,2024-05-06,654,"{""type"":""MultiPoint"",""coordinates"":[]}"
656_0,-0.006881948,0.5763723,-0.038398545,2024-05-06,656,"{""type"":""MultiPoint"",""coordinates"":[]}"
657_0,0.046399407,0.6074654,0.019278489,2024-05-06,657,"{""type"":""MultiPoint"",""coordinates"":[]}"
658_0,0.011950655,0.55292726,0.012141068,2024-05-06,658,"{""type"":""MultiPoint"",""coordinates"":[]}"
659_0,0.026952315,0.5084285,-0.007513417,2024-05-06,659,"{""type"":""MultiPoint"",""coordinates"":[]}"
662_0,0.20040181,0.30247578,0.20638086,2024-05-06,662,"{""type"":""MultiPoint"",""coordinates"":[]}"
664_0,-0.017347308,0.4831061,-0.058867782,2024-05-06,664,"{""type"":""MultiPoint"",""coordinates"":[]}"
665_0,0.34816286,0.8016529,0.36010918,2024-05-06,665,"{""type"":""MultiPoint"",""coordinates"":[]}"
673_0,0.18481268,0.7103044,0.1798634,2024-05-06,673,"{""type"":""MultiPoint"",""coordinates"":[]}"
674_0,0.24657534,0.73493975,0.2363902,2024-05-06,674,"{""type"":""MultiPoint"",""coordinates"":[]}"
681_0,0.16861945,0.3298791,0.17199391,2024-05-06,681,"{""type"":""MultiPoint"",""coordinates"":[]}"
682_0,0.18902439,0.27214855,0.20080121,2024-05-06,682,"{""type"":""MultiPoint"",""coordinates"":[]}"
683_0,0.2557773,0.31388438,0.26370487,2024-05-06,683,"{""type"":""MultiPoint"",""coordinates"":[]}"
684_0,0.25718725,0.2987152,0.2569948,2024-05-06,684,"{""type"":""MultiPoint"",""coordinates"":[]}"
687_0,0.2114319,0.22259508,0.2357264,2024-05-06,687,"{""type"":""MultiPoint"",""coordinates"":[]}"
688_0,0.16117765,0.33825198,0.16761574,2024-05-06,688,"{""type"":""MultiPoint"",""coordinates"":[]}"
689_0,0.24636146,0.12033582,0.25561944,2024-05-06,689,"{""type"":""MultiPoint"",""coordinates"":[]}"
692_0,0.24814565,0.3183888,0.2559226,2024-05-06,692,"{""type"":""MultiPoint"",""coordinates"":[]}"
696_0,0.23655914,0.13068894,0.26838407,2024-05-06,696,"{""type"":""MultiPoint"",""coordinates"":[]}"
709_0,0.2253552,0.08957416,0.25232068,2024-05-06,709,"{""type"":""MultiPoint"",""coordinates"":[]}"
858_0,0.3619449,0.7449909,0.38173077,2024-05-06,858,"{""type"":""MultiPoint"",""coordinates"":[]}"
875_0,0.19214438,0.71844155,0.18333036,2024-05-06,875,"{""type"":""MultiPoint"",""coordinates"":[]}"
877_0,0.17196819,0.64983714,0.097508125,2024-05-06,877,"{""type"":""MultiPoint"",""coordinates"":[]}"
878_0,0.1510839,0.7198166,0.136509,2024-05-06,878,"{""type"":""MultiPoint"",""coordinates"":[]}"
881_0,0.10717649,0.588604,0.08103916,2024-05-06,881,"{""type"":""MultiPoint"",""coordinates"":[]}"
882_0,0.15729883,0.018967027,0.14548138,2024-05-06,882,"{""type"":""MultiPoint"",""coordinates"":[]}"
884_0,0.07040657,0.48286077,0.032866616,2024-05-06,884,"{""type"":""MultiPoint"",""coordinates"":[]}"
885_0,0.17546983,0.6726849,0.15899919,2024-05-06,885,"{""type"":""MultiPoint"",""coordinates"":[]}"
887_0,0.24814063,0.75124377,0.24415444,2024-05-06,887,"{""type"":""MultiPoint"",""coordinates"":[]}"
889_0,0.2723887,0.73164827,0.19947849,2024-05-06,889,"{""type"":""MultiPoint"",""coordinates"":[]}"
890_0,-0.03210576,0.48190278,-0.06720911,2024-05-06,890,"{""type"":""MultiPoint"",""coordinates"":[]}"
891_0,0.17403886,0.67601603,0.18879415,2024-05-06,891,"{""type"":""MultiPoint"",""coordinates"":[]}"
892_0,0.27745885,0.74496645,0.28321943,2024-05-06,892,"{""type"":""MultiPoint"",""coordinates"":[]}"
895_0,0.30348986,0.806031,0.27112812,2024-05-06,895,"{""type"":""MultiPoint"",""coordinates"":[]}"
898_0,0.35369775,0.8021241,0.28114444,2024-05-06,898,"{""type"":""MultiPoint"",""coordinates"":[]}"
901_0,0.12141883,0.66852885,0.0878187,2024-05-06,901,"{""type"":""MultiPoint"",""coordinates"":[]}"
902_0,0.29850507,0.8130934,0.24888124,2024-05-06,902,"{""type"":""MultiPoint"",""coordinates"":[]}"
903_0,0.19529411,0.66062605,0.19148937,2024-05-06,903,"{""type"":""MultiPoint"",""coordinates"":[]}"
905_0,0.31273443,0.8230672,0.30289856,2024-05-06,905,"{""type"":""MultiPoint"",""coordinates"":[]}"
906_0,0.078785814,0.7063404,0.06361588,2024-05-06,906,"{""type"":""MultiPoint"",""coordinates"":[]}"
909_0,0.27626458,0.65124553,0.24899058,2024-05-06,909,"{""type"":""MultiPoint"",""coordinates"":[]}"
912_0,0.26263538,0.72845954,0.23680523,2024-05-06,912,"{""type"":""MultiPoint"",""coordinates"":[]}"
914_0,0.35342345,0.76964605,0.33817193,2024-05-06,914,"{""type"":""MultiPoint"",""coordinates"":[]}"
917_0,0.21001329,0.6976271,0.16818288,2024-05-06,917,"{""type"":""MultiPoint"",""coordinates"":[]}"
918_0,0.1279407,0.6376605,0.12,2024-05-06,918,"{""type"":""MultiPoint"",""coordinates"":[]}"
919_0,0.19454247,0.66991514,0.21611722,2024-05-06,919,"{""type"":""MultiPoint"",""coordinates"":[]}"
920_0,0.14319924,0.62767476,0.12110047,2024-05-06,920,"{""type"":""MultiPoint"",""coordinates"":[]}"
926_0,0.112571895,0.5389718,0.09213181,2024-05-06,926,"{""type"":""MultiPoint"",""coordinates"":[]}"
927_0,0.03741886,0.5773134,0.023435988,2024-05-06,927,"{""type"":""MultiPoint"",""coordinates"":[]}"
929_0,0.09914361,0.5312649,0.079589434,2024-05-06,929,"{""type"":""MultiPoint"",""coordinates"":[]}"
931_0,0.008761683,0.4458653,-2.9472442E-4,2024-05-06,931,"{""type"":""MultiPoint"",""coordinates"":[]}"
932_0,0.06509264,0.5488722,0.04022892,2024-05-06,932,"{""type"":""MultiPoint"",""coordinates"":[]}"
939_0,0.14627,0.6768249,0.11079812,2024-05-06,939,"{""type"":""MultiPoint"",""coordinates"":[]}"
940_0,0.16387038,0.7186147,0.13401571,2024-05-06,940,"{""type"":""MultiPoint"",""coordinates"":[]}"
941_0,0.18687873,0.740146,0.18606965,2024-05-06,941,"{""type"":""MultiPoint"",""coordinates"":[]}"
942_0,0.16655368,0.35845107,0.16936937,2024-05-06,942,"{""type"":""MultiPoint"",""coordinates"":[]}"
943_0,-0.0151867075,0.5283019,-0.045831032,2024-05-06,943,"{""type"":""MultiPoint"",""coordinates"":[]}"
944_0,0.04032117,0.4636265,-0.0097337,2024-05-06,944,"{""type"":""MultiPoint"",""coordinates"":[]}"
947_0,0.26442763,0.57871944,0.24275626,2024-05-06,947,"{""type"":""MultiPoint"",""coordinates"":[]}"
950_0,-0.03456968,0.5326418,-0.06703807,2024-05-06,950,"{""type"":""MultiPoint"",""coordinates"":[]}"
961_0,0.12764084,0.6092097,0.13222417,2024-05-06,961,"{""type"":""MultiPoint"",""coordinates"":[]}"
962_0,0.19769503,0.7216301,0.20544337,2024-05-06,962,"{""type"":""MultiPoint"",""coordinates"":[]}"
963_0,0.11320755,0.5563048,0.10219675,2024-05-06,963,"{""type"":""MultiPoint"",""coordinates"":[]}"
967_0,0.15069301,0.44196773,0.13148372,2024-05-06,967,"{""type"":""MultiPoint"",""coordinates"":[]}"
968_0,0.14228457,0.27481297,0.14056225,2024-05-06,968,"{""type"":""MultiPoint"",""coordinates"":[]}"
969_0,0.23243243,0.21568628,0.2587007,2024-05-06,969,"{""type"":""MultiPoint"",""coordinates"":[]}"
970_0,0.23215628,0.61120373,0.22360091,2024-05-06,970,"{""type"":""MultiPoint"",""coordinates"":[]}"
972_0,0.24776605,0.15189266,0.2675982,2024-05-06,972,"{""type"":""MultiPoint"",""coordinates"":[]}"
973_0,0.18877819,0.34309134,0.1944806,2024-05-06,973,"{""type"":""MultiPoint"",""coordinates"":[]}"
976_0,0.20521,0.1640159,0.22074537,2024-05-06,976,"{""type"":""MultiPoint"",""coordinates"":[]}"
987_0,0.27012986,0.12258644,0.28040972,2024-05-06,987,"{""type"":""MultiPoint"",""coordinates"":[]}"
989_0,0.2425,0.11494253,0.24944265,2024-05-06,989,"{""type"":""MultiPoint"",""coordinates"":[]}"
1151_0,0.10394555,0.041190725,0.0420925,2024-05-06,1151,"{""type"":""MultiPoint"",""coordinates"":[]}"
1153_0,0.14981517,0.7747184,0.18388645,2024-05-06,1153,"{""type"":""MultiPoint"",""coordinates"":[]}"
1154_0,0.028129395,0.40472746,0.0260747,2024-05-06,1154,"{""type"":""MultiPoint"",""coordinates"":[]}"
1155_0,0.11239782,0.023686921,0.09932951,2024-05-06,1155,"{""type"":""MultiPoint"",""coordinates"":[]}"
1158_0,0.13756432,0.63789475,0.10629222,2024-05-06,1158,"{""type"":""MultiPoint"",""coordinates"":[]}"
1159_0,0.24327354,0.6604689,0.20681551,2024-05-06,1159,"{""type"":""MultiPoint"",""coordinates"":[]}"
1160_0,0.21192053,0.75010806,0.23659691,2024-05-06,1160,"{""type"":""MultiPoint"",""coordinates"":[]}"
1163_0,0.1329046,0.61095893,0.095584124,2024-05-06,1163,"{""type"":""MultiPoint"",""coordinates"":[]}"
1164_0,0.25985005,0.7743639,0.2287234,2024-05-06,1164,"{""type"":""MultiPoint"",""coordinates"":[]}"
1168_0,0.23837116,0.72804403,0.22856212,2024-05-06,1168,"{""type"":""MultiPoint"",""coordinates"":[]}"
1169_0,0.41219386,0.7881724,0.40694007,2024-05-06,1169,"{""type"":""MultiPoint"",""coordinates"":[]}"
1170_0,0.06669353,0.5865504,0.04769737,2024-05-06,1170,"{""type"":""MultiPoint"",""coordinates"":[]}"
1171_0,0.075821266,0.503861,0.024326101,2024-05-06,1171,"{""type"":""MultiPoint"",""coordinates"":[]}"
1173_0,0.18445808,0.748184,0.18312167,2024-05-06,1173,"{""type"":""MultiPoint"",""coordinates"":[]}"
1174_0,1.4126289E-4,0.40025094,-0.027733412,2024-05-06,1174,"{""type"":""MultiPoint"",""coordinates"":[]}"
1176_0,0.055311676,0.5045553,0.035842296,2024-05-06,1176,"{""type"":""MultiPoint"",""coordinates"":[]}"
1177_0,0.1632653,0.60784316,0.13043478,2024-05-06,1177,"{""type"":""MultiPoint"",""coordinates"":[]}"
1178_0,0.48235294,0.7977941,0.4706767,2024-05-06,1178,"{""type"":""MultiPoint"",""coordinates"":[]}"
1179_0,0.28369942,0.5992318,0.23449469,2024-05-06,1179,"{""type"":""MultiPoint"",""coordinates"":[]}"
1180_0,0.080680974,0.49759614,0.001607717,2024-05-06,1180,"{""type"":""MultiPoint"",""coordinates"":[]}"
1184_0,0.42,0.8614585,0.40383595,2024-05-06,1184,"{""type"":""MultiPoint"",""coordinates"":[]}"
1186_0,0.25028184,0.65623397,0.23607123,2024-05-06,1186,"{""type"":""MultiPoint"",""coordinates"":[]}"
1191_0,0.104032144,0.38275126,0.10825478,2024-05-06,1191,"{""type"":""MultiPoint"",""coordinates"":[]}"
1193_0,0.039312385,0.31578946,0.013171226,2024-05-06,1193,"{""type"":""MultiPoint"",""coordinates"":[]}"
1194_0,0.15004787,0.54412377,0.08604206,2024-05-06,1194,"{""type"":""MultiPoint"",""coordinates"":[]}"
1195_0,0.15928425,0.64379084,0.16806966,2024-05-06,1195,"{""type"":""MultiPoint"",""coordinates"":[]}"
1196_0,0.047994513,0.48368266,0.0034092949,2024-05-06,1196,"{""type"":""MultiPoint"",""coordinates"":[]}"
1197_0,0.091900826,0.5219236,0.08050209,2024-05-06,1197,"{""type"":""MultiPoint"",""coordinates"":[]}"
1198_0,0.2501065,0.7780879,0.18291551,2024-05-06,1198,"{""type"":""MultiPoint"",""coordinates"":[]}"
1201_0,0.06024791,0.5881585,0.056166764,2024-05-06,1201,"{""type"":""MultiPoint"",""coordinates"":[]}"
1202_0,0.06081548,0.5835678,0.01735358,2024-05-06,1202,"{""type"":""MultiPoint"",""coordinates"":[]}"
1203_0,0.030557802,0.39009008,0.014464168,2024-05-06,1203,"{""type"":""MultiPoint"",""coordinates"":[]}"
1204_0,0.12984703,0.6013986,0.05814401,2024-05-06,1204,"{""type"":""MultiPoint"",""coordinates"":[]}"
1207_0,0.16823578,0.47823766,0.15333334,2024-05-06,1207,"{""type"":""MultiPoint"",""coordinates"":[]}"
1208_0,0.090872936,0.61694175,0.063498564,2024-05-06,1208,"{""type"":""MultiPoint"",""coordinates"":[]}"
1209_0,0.24024092,0.34325397,0.22783948,2024-05-06,1209,"{""type"":""MultiPoint"",""coordinates"":[]}"
1211_0,0.043464158,0.48823813,0.024962803,2024-05-06,1211,"{""type"":""MultiPoint"",""coordinates"":[]}"
1213_0,0.06014271,0.6971692,0.05590825,2024-05-06,1213,"{""type"":""MultiPoint"",""coordinates"":[]}"
1215_0,0.039621525,0.6397199,0.02793296,2024-05-06,1215,"{""type"":""MultiPoint"",""coordinates"":[]}"
1217_0,0.16744705,0.38618103,0.16184063,2024-05-06,1217,"{""type"":""MultiPoint"",""coordinates"":[]}"
1218_0,0.16890308,0.6738913,0.12530823,2024-05-06,1218,"{""type"":""MultiPoint"",""coordinates"":[]}"
1234_0,0.23013872,0.23386115,0.24792115,2024-05-06,1234,"{""type"":""MultiPoint"",""coordinates"":[]}"
1235_0,0.2278595,0.22996515,0.24441834,2024-05-06,1235,"{""type"":""MultiPoint"",""coordinates"":[]}"
1236_0,0.25367743,0.30175626,0.2569373,2024-05-06,1236,"{""type"":""MultiPoint"",""coordinates"":[]}"
1237_0,0.25275937,0.13678105,0.26929304,2024-05-06,1237,"{""type"":""MultiPoint"",""coordinates"":[]}"
1238_0,0.24768645,0.593355,0.2296544,2024-05-06,1238,"{""type"":""MultiPoint"",""coordinates"":[]}"
1239_0,0.23402007,0.12695493,0.25641027,2024-05-06,1239,"{""type"":""MultiPoint"",""coordinates"":[]}"
1241_0,0.18910664,0.34087056,0.1964691,2024-05-06,1241,"{""type"":""MultiPoint"",""coordinates"":[]}"
1245_0,0.25317097,0.11489733,0.26838967,2024-05-06,1245,"{""type"":""MultiPoint"",""coordinates"":[]}"
1246_0,0.22879544,0.29753914,0.23316796,2024-05-06,1246,"{""type"":""MultiPoint"",""coordinates"":[]}"
1253_0,0.26052964,0.098507464,0.27461654,2024-05-06,1253,"{""type"":""MultiPoint"",""coordinates"":[]}"
1259_0,0.21399088,0.11858006,0.24166842,2024-05-06,1259,"{""type"":""MultiPoint"",""coordinates"":[]}"
1409_0,0.010875476,0.20838794,0.14953636,2024-05-06,1409,"{""type"":""MultiPoint"",""coordinates"":[]}"
1411_0,0.18843183,0.6358948,0.168109,2024-05-06,1411,"{""type"":""MultiPoint"",""coordinates"":[]}"
1412_0,0.33182186,0.8283743,0.3453911,2024-05-06,1412,"{""type"":""MultiPoint"",""coordinates"":[]}"
1419_0,0.23959105,0.67193854,0.1809767,2024-05-06,1419,"{""type"":""MultiPoint"",""coordinates"":[]}"
1422_0,0.15305555,0.48550984,0.15317316,2024-05-06,1422,"{""type"":""MultiPoint"",""coordinates"":[]}"
1426_0,0.34312376,0.84941286,0.3032614,2024-05-06,1426,"{""type"":""MultiPoint"",""coordinates"":[]}"
1427_0,0.06261788,0.6144361,0.03849874,2024-05-06,1427,"{""type"":""MultiPoint"",""coordinates"":[]}"
1428_0,0.04977946,0.57604307,0.017376194,2024-05-06,1428,"{""type"":""MultiPoint"",""coordinates"":[]}"
1429_0,0.34338266,0.7958478,0.27244866,2024-05-06,1429,"{""type"":""MultiPoint"",""coordinates"":[]}"
1434_0,0.09118958,0.5280561,0.06998772,2024-05-06,1434,"{""type"":""MultiPoint"",""coordinates"":[]}"
1437_0,0.16921787,0.6343953,0.14298075,2024-05-06,1437,"{""type"":""MultiPoint"",""coordinates"":[]}"
1438_0,0.12931915,0.6446831,0.12356912,2024-05-06,1438,"{""type"":""MultiPoint"",""coordinates"":[]}"
1439_0,0.20848298,0.6946721,0.1768054,2024-05-06,1439,"{""type"":""MultiPoint"",""coordinates"":[]}"
1441_0,0.15839508,0.45375407,0.14220576,2024-05-06,1441,"{""type"":""MultiPoint"",""coordinates"":[]}"
1445_0,0.09023569,0.5591182,0.07051943,2024-05-06,1445,"{""type"":""MultiPoint"",""coordinates"":[]}"
1446_0,0.28605962,0.5973742,0.24467178,2024-05-06,1446,"{""type"":""MultiPoint"",""coordinates"":[]}"
1448_0,0.1436464,0.75406563,0.1387294,2024-05-06,1448,"{""type"":""MultiPoint"",""coordinates"":[]}"
1454_0,-0.04318217,0.5282258,-0.052796002,2024-05-06,1454,"{""type"":""MultiPoint"",""coordinates"":[]}"
1455_0,0.14688797,0.58970976,0.079265565,2024-05-06,1455,"{""type"":""MultiPoint"",""coordinates"":[]}"
1458_0,0.18467458,0.675602,0.18375863,2024-05-06,1458,"{""type"":""MultiPoint"",""coordinates"":[]}"
1460_0,0.14138733,0.60553634,0.11328192,2024-05-06,1460,"{""type"":""MultiPoint"",""coordinates"":[]}"
1463_0,0.015856236,0.42540324,0.00622665,2024-05-06,1463,"{""type"":""MultiPoint"",""coordinates"":[]}"
1464_0,0.15295288,0.60657984,0.15867524,2024-05-06,1464,"{""type"":""MultiPoint"",""coordinates"":[]}"
1465_0,0.18210593,0.7079365,0.16248919,2024-05-06,1465,"{""type"":""MultiPoint"",""coordinates"":[]}"
1466_0,0.07356695,0.55446243,0.051330797,2024-05-06,1466,"{""type"":""MultiPoint"",""coordinates"":[]}"
1468_0,0.12641315,0.42803738,0.09026044,2024-05-06,1468,"{""type"":""MultiPoint"",""coordinates"":[]}"
1472_0,0.23369823,0.4137741,0.22892721,2024-05-06,1472,"{""type"":""MultiPoint"",""coordinates"":[]}"
1474_0,0.20543528,0.7544791,0.21034561,2024-05-06,1474,"{""type"":""MultiPoint"",""coordinates"":[]}"
1475_0,0.15718214,0.63975906,0.15485787,2024-05-06,1475,"{""type"":""MultiPoint"",""coordinates"":[]}"
1477_0,0.25186747,0.5634013,0.23366687,2024-05-06,1477,"{""type"":""MultiPoint"",""coordinates"":[]}"
1478_0,0.28892943,0.58132297,0.26960325,2024-05-06,1478,"{""type"":""MultiPoint"",""coordinates"":[]}"
1479_0,0.10767423,0.70220476,0.10574848,2024-05-06,1479,"{""type"":""MultiPoint"",""coordinates"":[]}"
1480_0,0.20684183,0.6995885,0.18998739,2024-05-06,1480,"{""type"":""MultiPoint"",""coordinates"":[]}"
1481_0,0.013923598,0.45866245,0.0014461316,2024-05-06,1481,"{""type"":""MultiPoint"",""coordinates"":[]}"
1482_0,0.0039327852,0.4721744,-0.041106127,2024-05-06,1482,"{""type"":""MultiPoint"",""coordinates"":[]}"
1483_0,0.2011453,0.35783783,0.20019111,2024-05-06,1483,"{""type"":""MultiPoint"",""coordinates"":[]}"
1485_0,0.093339376,0.637883,0.08063404,2024-05-06,1485,"{""type"":""MultiPoint"",""coordinates"":[]}"
1486_0,0.02196908,0.609258,-0.008389262,2024-05-06,1486,"{""type"":""MultiPoint"",""coordinates"":[]}"
1495_0,0.033588503,0.37345424,0.037198443,2024-05-06,1495,"{""type"":""MultiPoint"",""coordinates"":[]}"
1499_0,0.103179246,0.6452599,0.07837242,2024-05-06,1499,"{""type"":""MultiPoint"",""coordinates"":[]}"
1504_0,0.22706662,0.46232724,0.19359533,2024-05-06,1504,"{""type"":""MultiPoint"",""coordinates"":[]}"
1505_0,0.21617852,0.2966647,0.22397128,2024-05-06,1505,"{""type"":""MultiPoint"",""coordinates"":[]}"
1506_0,0.22586359,0.24061033,0.23445256,2024-05-06,1506,"{""type"":""MultiPoint"",""coordinates"":[]}"
1509_0,0.20210105,0.49920052,0.19014978,2024-05-06,1509,"{""type"":""MultiPoint"",""coordinates"":[]}"
1510_0,0.23501071,0.14055845,0.2555353,2024-05-06,1510,"{""type"":""MultiPoint"",""coordinates"":[]}"
1512_0,0.21229698,0.20927724,0.24555555,2024-05-06,1512,"{""type"":""MultiPoint"",""coordinates"":[]}"
1513_0,0.25443786,0.1332737,0.27240774,2024-05-06,1513,"{""type"":""MultiPoint"",""coordinates"":[]}"
1521_0,0.23930418,0.16695353,0.2526559,2024-05-06,1521,"{""type"":""MultiPoint"",""coordinates"":[]}"
1528_0,0.24993443,0.10578662,0.2621259,2024-05-06,1528,"{""type"":""MultiPoint"",""coordinates"":[]}"
1533_0,0.2351339,0.13234706,0.2539296,2024-05-06,1533,"{""type"":""MultiPoint"",""coordinates"":[]}"
1692_0,0.11358575,0.6348826,0.101000324,2024-05-06,1692,"{""type"":""MultiPoint"",""coordinates"":[]}"
1705_0,0.08798416,0.22084105,0.11215516,2024-05-06,1705,"{""type"":""MultiPoint"",""coordinates"":[]}"
1708_0,0.031219192,0.12520117,0.085040346,2024-05-06,1708,"{""type"":""MultiPoint"",""coordinates"":[]}"
1710_0,0.055289995,0.10667823,0.1271255,2024-05-06,1710,"{""type"":""MultiPoint"",""coordinates"":[]}"
1714_0,0.26387283,0.7421716,0.25428194,2024-05-06,1714,"{""type"":""MultiPoint"",""coordinates"":[]}"
1716_0,0.07214765,0.13477537,0.057118498,2024-05-06,1716,"{""type"":""MultiPoint"",""coordinates"":[]}"
1718_0,0.1366974,0.7054118,0.13480507,2024-05-06,1718,"{""type"":""MultiPoint"",""coordinates"":[]}"
1720_0,0.15669224,0.6868476,0.13304119,2024-05-06,1720,"{""type"":""MultiPoint"",""coordinates"":[]}"
1721_0,0.2547945,0.80569756,0.20467836,2024-05-06,1721,"{""type"":""MultiPoint"",""coordinates"":[]}"
1722_0,0.23427781,0.58797526,0.2369146,2024-05-06,1722,"{""type"":""MultiPoint"",""coordinates"":[]}"
1724_0,0.26174498,0.78058404,0.22409116,2024-05-06,1724,"{""type"":""MultiPoint"",""coordinates"":[]}"
1725_0,0.21303764,0.7886883,0.22680752,2024-05-06,1725,"{""type"":""MultiPoint"",""coordinates"":[]}"
1726_0,0.2928818,0.84007186,0.2898756,2024-05-06,1726,"{""type"":""MultiPoint"",""coordinates"":[]}"
1727_0,0.3032929,0.84677017,0.2944893,2024-05-06,1727,"{""type"":""MultiPoint"",""coordinates"":[]}"
1729_0,0.18156953,0.685893,0.110043466,2024-05-06,1729,"{""type"":""MultiPoint"",""coordinates"":[]}"
1732_0,0.15858074,0.5590313,0.14148504,2024-05-06,1732,"{""type"":""MultiPoint"",""coordinates"":[]}"
1734_0,0.16364552,0.6750958,0.13646998,2024-05-06,1734,"{""type"":""MultiPoint"",""coordinates"":[]}"
1735_0,0.24694964,0.8044679,0.2631579,2024-05-06,1735,"{""type"":""MultiPoint"",""coordinates"":[]}"
1736_0,0.2339678,0.75902086,0.22877358,2024-05-06,1736,"{""type"":""MultiPoint"",""coordinates"":[]}"
1737_0,0.2507639,0.76254886,0.22909243,2024-05-06,1737,"{""type"":""MultiPoint"",""coordinates"":[]}"
1742_0,0.20685579,0.72343,0.17279638,2024-05-06,1742,"{""type"":""MultiPoint"",""coordinates"":[]}"
1743_0,0.045233995,0.4939535,0.025870329,2024-05-06,1743,"{""type"":""MultiPoint"",""coordinates"":[]}"
1744_0,0.4102263,0.89684,0.39720678,2024-05-06,1744,"{""type"":""MultiPoint"",""coordinates"":[]}"
1747_0,0.25793403,0.77384377,0.2538714,2024-05-06,1747,"{""type"":""MultiPoint"",""coordinates"":[]}"
1749_0,0.22180706,0.61845446,0.20986377,2024-05-06,1749,"{""type"":""MultiPoint"",""coordinates"":[]}"
1752_0,0.43261868,0.85396826,0.43842363,2024-05-06,1752,"{""type"":""MultiPoint"",""coordinates"":[]}"
1753_0,0.3182917,0.8101504,0.29110107,2024-05-06,1753,"{""type"":""MultiPoint"",""coordinates"":[]}"
1756_0,0.20172378,0.66709346,0.144867,2024-05-06,1756,"{""type"":""MultiPoint"",""coordinates"":[]}"
1757_0,0.14590748,0.6919005,0.14224446,2024-05-06,1757,"{""type"":""MultiPoint"",""coordinates"":[]}"
1763_0,-0.07324091,0.39565396,-0.093113095,2024-05-06,1763,"{""type"":""MultiPoint"",""coordinates"":[]}"
1765_0,0.31750894,0.8305546,0.3359821,2024-05-06,1765,"{""type"":""MultiPoint"",""coordinates"":[]}"
1766_0,0.29764953,0.75956655,0.26515704,2024-05-06,1766,"{""type"":""MultiPoint"",""coordinates"":[]}"
1768_0,0.031774484,0.53961056,-0.014512549,2024-05-06,1768,"{""type"":""MultiPoint"",""coordinates"":[]}"
1772_0,0.06146059,0.60663235,0.039585646,2024-05-06,1772,"{""type"":""MultiPoint"",""coordinates"":[]}"
1773_0,0.118167624,0.45186335,0.19089317,2024-05-06,1773,"{""type"":""MultiPoint"",""coordinates"":[]}"
1774_0,0.10461081,0.42325196,0.11888112,2024-05-06,1774,"{""type"":""MultiPoint"",""coordinates"":[]}"
1775_0,0.0582109,0.5754323,0.021260146,2024-05-06,1775,"{""type"":""MultiPoint"",""coordinates"":[]}"
1779_0,0.16306306,0.68333334,0.17127565,2024-05-06,1779,"{""type"":""MultiPoint"",""coordinates"":[]}"
1781_0,-0.027559774,0.581749,-0.060064018,2024-05-06,1781,"{""type"":""MultiPoint"",""coordinates"":[]}"
1783_0,0.2696789,0.67527676,0.27707455,2024-05-06,1783,"{""type"":""MultiPoint"",""coordinates"":[]}"
1785_0,0.055585343,0.6047774,0.05609146,2024-05-06,1785,"{""type"":""MultiPoint"",""coordinates"":[]}"
1786_0,0.18587504,0.43173432,0.19338717,2024-05-06,1786,"{""type"":""MultiPoint"",""coordinates"":[]}"
1787_0,0.10057424,0.25858665,0.07539214,2024-05-06,1787,"{""type"":""MultiPoint"",""coordinates"":[]}"
1788_0,-0.017250579,0.53126824,-0.04379562,2024-05-06,1788,"{""type"":""MultiPoint"",""coordinates"":[]}"
1790_0,-0.013883814,0.49189815,-0.036801793,2024-05-06,1790,"{""type"":""MultiPoint"",""coordinates"":[]}"
1792_0,0.25316456,0.17714696,0.2834476,2024-05-06,1792,"{""type"":""MultiPoint"",""coordinates"":[]}"
1800_0,0.26513317,0.7305043,0.26587382,2024-05-06,1800,"{""type"":""MultiPoint"",""coordinates"":[]}"
1811_0,0.22479609,0.4453125,0.21790652,2024-05-06,1811,"{""type"":""MultiPoint"",""coordinates"":[]}"
1812_0,0.19533528,0.3695785,0.19255319,2024-05-06,1812,"{""type"":""MultiPoint"",""coordinates"":[]}"
1813_0,0.22908026,0.6679701,0.19510953,2024-05-06,1813,"{""type"":""MultiPoint"",""coordinates"":[]}"
1814_0,0.21063277,0.24712643,0.22737557,2024-05-06,1814,"{""type"":""MultiPoint"",""coordinates"":[]}"
1816_0,0.20394546,0.4851267,0.19151443,2024-05-06,1816,"{""type"":""MultiPoint"",""coordinates"":[]}"
1818_0,0.31658292,0.36206895,0.31886476,2024-05-06,1818,"{""type"":""MultiPoint"",""coordinates"":[]}"
1821_0,0.24001133,0.29268292,0.24810766,2024-05-06,1821,"{""type"":""MultiPoint"",""coordinates"":[]}"
1822_0,0.1930295,0.2709766,0.21100917,2024-05-06,1822,"{""type"":""MultiPoint"",""coordinates"":[]}"
1823_0,0.13520025,0.23772609,0.14319809,2024-05-06,1823,"{""type"":""MultiPoint"",""coordinates"":[]}"
1829_0,0.20599666,0.16185567,0.22366993,2024-05-06,1829,"{""type"":""MultiPoint"",""coordinates"":[]}"
1839_0,0.23559777,0.102763996,0.2540802,2024-05-06,1839,"{""type"":""MultiPoint"",""coordinates"":[]}"
1841_0,0.23394097,0.11238532,0.24491979,2024-05-06,1841,"{""type"":""MultiPoint"",""coordinates"":[]}"
2024_0,0.12653375,0.58666664,0.11258278,2024-05-06,2024,"{""type"":""MultiPoint"",""coordinates"":[]}"
2026_0,0.2403303,0.7103099,0.21473496,2024-05-06,2026,"{""type"":""MultiPoint"",""coordinates"":[]}"
2027_0,0.24849121,0.6240083,0.24352878,2024-05-06,2027,"{""type"":""MultiPoint"",""coordinates"":[]}"
2028_0,0.06777869,0.3006001,0.09157509,2024-05-06,2028,"{""type"":""MultiPoint"",""coordinates"":[]}"
2030_0,0.09963695,0.6515892,0.095257394,2024-05-06,2030,"{""type"":""MultiPoint"",""coordinates"":[]}"
2031_0,0.34354222,0.7642726,0.27648234,2024-05-06,2031,"{""type"":""MultiPoint"",""coordinates"":[]}"
2032_0,0.10669078,0.67826086,0.04485692,2024-05-06,2032,"{""type"":""MultiPoint"",""coordinates"":[]}"
2033_0,0.06975076,0.55333686,0.06522523,2024-05-06,2033,"{""type"":""MultiPoint"",""coordinates"":[]}"
2036_0,0.29936975,0.7875383,0.2724959,2024-05-06,2036,"{""type"":""MultiPoint"",""coordinates"":[]}"
2037_0,0.28974473,0.772235,0.259916,2024-05-06,2037,"{""type"":""MultiPoint"",""coordinates"":[]}"
2039_0,0.39215687,0.6457023,0.35695764,2024-05-06,2039,"{""type"":""MultiPoint"",""coordinates"":[]}"
2040_0,0.24856861,0.7474566,0.2108646,2024-05-06,2040,"{""type"":""MultiPoint"",""coordinates"":[]}"
2041_0,0.23995881,0.7463127,0.23204994,2024-05-06,2041,"{""type"":""MultiPoint"",""coordinates"":[]}"
2043_0,0.16070238,0.67275184,0.13434204,2024-05-06,2043,"{""type"":""MultiPoint"",""coordinates"":[]}"
2044_0,0.14566632,0.5232358,0.11250786,2024-05-06,2044,"{""type"":""MultiPoint"",""coordinates"":[]}"
2045_0,0.25107667,0.66418415,0.17131284,2024-05-06,2045,"{""type"":""MultiPoint"",""coordinates"":[]}"
2046_0,0.37667072,0.7247098,0.33934322,2024-05-06,2046,"{""type"":""MultiPoint"",""coordinates"":[]}"
2047_0,0.07618901,0.6041965,0.057030637,2024-05-06,2047,"{""type"":""MultiPoint"",""coordinates"":[]}"
2048_0,0.053339053,0.43370974,0.017512616,2024-05-06,2048,"{""type"":""MultiPoint"",""coordinates"":[]}"
2050_0,0.29460222,0.7036593,0.2715469,2024-05-06,2050,"{""type"":""MultiPoint"",""coordinates"":[]}"
2051_0,0.11878312,0.62538385,0.1039277,2024-05-06,2051,"{""type"":""MultiPoint"",""coordinates"":[]}"
2053_0,0.024805628,0.53802335,0.012373453,2024-05-06,2053,"{""type"":""MultiPoint"",""coordinates"":[]}"
2056_0,0.19171242,0.6560773,0.19392581,2024-05-06,2056,"{""type"":""MultiPoint"",""coordinates"":[]}"
2059_0,0.4050063,0.85860467,0.41501418,2024-05-06,2059,"{""type"":""MultiPoint"",""coordinates"":[]}"
2061_0,0.35611272,0.68904805,0.322121,2024-05-06,2061,"{""type"":""MultiPoint"",""coordinates"":[]}"
2062_0,0.24358284,0.7371552,0.20774582,2024-05-06,2062,"{""type"":""MultiPoint"",""coordinates"":[]}"
2064_0,-0.019469026,0.43607706,-0.026128266,2024-05-06,2064,"{""type"":""MultiPoint"",""coordinates"":[]}"
2065_0,0.068759345,0.6064593,0.037466202,2024-05-06,2065,"{""type"":""MultiPoint"",""coordinates"":[]}"
2066_0,0.062088598,0.59603196,0.046999276,2024-05-06,2066,"{""type"":""MultiPoint"",""coordinates"":[]}"
2068_0,0.08012259,0.6203768,0.049966086,2024-05-06,2068,"{""type"":""MultiPoint"",""coordinates"":[]}"
2071_0,0.07534821,0.6383373,0.057958625,2024-05-06,2071,"{""type"":""MultiPoint"",""coordinates"":[]}"
2072_0,0.15541922,0.6652482,0.174,2024-05-06,2072,"{""type"":""MultiPoint"",""coordinates"":[]}"
2073_0,0.23512892,0.37631887,0.22100884,2024-05-06,2073,"{""type"":""MultiPoint"",""coordinates"":[]}"
2075_0,0.20011894,0.5226635,0.17052113,2024-05-06,2075,"{""type"":""MultiPoint"",""coordinates"":[]}"
2076_0,0.013247692,0.5922975,-0.012355848,2024-05-06,2076,"{""type"":""MultiPoint"",""coordinates"":[]}"
2077_0,0.11163522,0.62635595,0.08846464,2024-05-06,2077,"{""type"":""MultiPoint"",""coordinates"":[]}"
2079_0,0.032064833,0.50930625,-0.013092385,2024-05-06,2079,"{""type"":""MultiPoint"",""coordinates"":[]}"
2080_0,0.15279503,0.24923548,0.15579134,2024-05-06,2080,"{""type"":""MultiPoint"",""coordinates"":[]}"
2081_0,0.29505137,0.740099,0.3012494,2024-05-06,2081,"{""type"":""MultiPoint"",""coordinates"":[]}"
2084_0,0.04712904,0.5609756,-0.023656866,2024-05-06,2084,"{""type"":""MultiPoint"",""coordinates"":[]}"
2087_0,0.16563147,0.7064335,0.15104276,2024-05-06,2087,"{""type"":""MultiPoint"",""coordinates"":[]}"
2104_0,0.3082873,0.70889336,0.3125412,2024-05-06,2104,"{""type"":""MultiPoint"",""coordinates"":[]}"
2106_0,0.15786749,0.2901734,0.15677637,2024-05-06,2106,"{""type"":""MultiPoint"",""coordinates"":[]}"
2107_0,0.23134515,0.27447996,0.23988155,2024-05-06,2107,"{""type"":""MultiPoint"",""coordinates"":[]}"
2109_0,0.22569445,0.30092308,0.22479722,2024-05-06,2109,"{""type"":""MultiPoint"",""coordinates"":[]}"
2112_0,0.24017467,0.20956087,0.25021544,2024-05-06,2112,"{""type"":""MultiPoint"",""coordinates"":[]}"
2113_0,0.1609898,0.25141776,0.15903123,2024-05-06,2113,"{""type"":""MultiPoint"",""coordinates"":[]}"
2114_0,0.2429003,0.28059334,0.24631579,2024-05-06,2114,"{""type"":""MultiPoint"",""coordinates"":[]}"
2117_0,0.23785296,0.10989512,0.2380468,2024-05-06,2117,"{""type"":""MultiPoint"",""coordinates"":[]}"
2126_0,0.24955674,0.09847936,0.28368944,2024-05-06,2126,"{""type"":""MultiPoint"",""coordinates"":[]}"
2283_0,0.377843,0.8348048,0.37610358,2024-05-06,2283,"{""type"":""MultiPoint"",""coordinates"":[]}"
2284_0,0.012489006,0.5382883,-0.01354035,2024-05-06,2284,"{""type"":""MultiPoint"",""coordinates"":[]}"
2285_0,0.07326503,0.62819713,0.042540442,2024-05-06,2285,"{""type"":""MultiPoint"",""coordinates"":[]}"
2287_0,0.05160808,0.5235189,0.08315257,2024-05-06,2287,"{""type"":""MultiPoint"",""coordinates"":[]}"
2288_0,0.012145749,0.54536325,-0.02780118,2024-05-06,2288,"{""type"":""MultiPoint"",""coordinates"":[]}"
2290_0,0.1127917,0.70325845,0.13466807,2024-05-06,2290,"{""type"":""MultiPoint"",""coordinates"":[]}"
2344_0,0.030819869,0.5398717,0.018336112,2024-05-06,2344,"{""type"":""MultiPoint"",""coordinates"":[]}"
2345_0,0.36710835,0.65498155,0.3768227,2024-05-06,2345,"{""type"":""MultiPoint"",""coordinates"":[]}"
2346_0,0.3700367,0.8432653,0.41036853,2024-05-06,2346,"{""type"":""MultiPoint"",""coordinates"":[]}"
2347_0,0.07613496,0.5914097,0.049954586,2024-05-06,2347,"{""type"":""MultiPoint"",""coordinates"":[]}"
2348_0,0.25076503,0.7680642,0.26041335,2024-05-06,2348,"{""type"":""MultiPoint"",""coordinates"":[]}"
2349_0,0.08893859,0.6008538,0.062322944,2024-05-06,2349,"{""type"":""MultiPoint"",""coordinates"":[]}"
2350_0,0.10555033,0.5926829,0.04710363,2024-05-06,2350,"{""type"":""MultiPoint"",""coordinates"":[]}"
2351_0,0.17204058,0.72462314,0.16734694,2024-05-06,2351,"{""type"":""MultiPoint"",""coordinates"":[]}"
2352_0,0.13149978,0.71280724,0.13429,2024-05-06,2352,"{""type"":""MultiPoint"",""coordinates"":[]}"
2353_0,0.013693491,0.5954198,-0.023554605,2024-05-06,2353,"{""type"":""MultiPoint"",""coordinates"":[]}"
2354_0,0.21019745,0.47103274,0.19305414,2024-05-06,2354,"{""type"":""MultiPoint"",""coordinates"":[]}"
2355_0,0.24764091,0.16651584,0.27214408,2024-05-06,2355,"{""type"":""MultiPoint"",""coordinates"":[]}"
2373_0,0.09423101,0.36611155,0.17628315,2024-05-06,2373,"{""type"":""MultiPoint"",""coordinates"":[]}"
2375_0,0.20797546,0.6916705,0.17481624,2024-05-06,2375,"{""type"":""MultiPoint"",""coordinates"":[]}"
2385_0,-0.04134192,0.4439701,-0.0635058,2024-05-06,2385,"{""type"":""MultiPoint"",""coordinates"":[]}"
2387_0,0.037052285,0.54822004,0.011202706,2024-05-06,2387,"{""type"":""MultiPoint"",""coordinates"":[]}"
2388_0,0.2718429,0.728988,0.27158046,2024-05-06,2388,"{""type"":""MultiPoint"",""coordinates"":[]}"
2389_0,0.06793754,0.55860347,0.042100877,2024-05-06,2389,"{""type"":""MultiPoint"",""coordinates"":[]}"
2390_0,0.036550175,0.44356713,0.016849337,2024-05-06,2390,"{""type"":""MultiPoint"",""coordinates"":[]}"
2392_0,0.111228816,0.65035737,0.08787824,2024-05-06,2392,"{""type"":""MultiPoint"",""coordinates"":[]}"
2395_0,0.14366384,0.5875486,0.11742554,2024-05-06,2395,"{""type"":""MultiPoint"",""coordinates"":[]}"
2398_0,0.21892393,0.36691627,0.2277591,2024-05-06,2398,"{""type"":""MultiPoint"",""coordinates"":[]}"
2399_0,0.21340965,0.42439646,0.21682496,2024-05-06,2399,"{""type"":""MultiPoint"",""coordinates"":[]}"
2400_0,0.13245198,0.49413735,0.12370874,2024-05-06,2400,"{""type"":""MultiPoint"",""coordinates"":[]}"
2401_0,0.25974637,0.3427873,0.270708,2024-05-06,2401,"{""type"":""MultiPoint"",""coordinates"":[]}"
2402_0,0.24535584,0.13043478,0.27154168,2024-05-06,2402,"{""type"":""MultiPoint"",""coordinates"":[]}"
2403_0,0.14195944,0.21385176,0.14171429,2024-05-06,2403,"{""type"":""MultiPoint"",""coordinates"":[]}"
2409_0,0.2602546,0.088666156,0.28568175,2024-05-06,2409,"{""type"":""MultiPoint"",""coordinates"":[]}"
2497_0,0.09133954,0.047488898,0.015147753,2024-05-06,2497,"{""type"":""MultiPoint"",""coordinates"":[]}"
2499_0,0.1190234,0.4707521,0.09885536,2024-05-06,2499,"{""type"":""MultiPoint"",""coordinates"":[]}"
2501_0,0.35714287,0.75255394,0.3118097,2024-05-06,2501,"{""type"":""MultiPoint"",""coordinates"":[]}"
2507_0,0.22644679,0.7518116,0.20856117,2024-05-06,2507,"{""type"":""MultiPoint"",""coordinates"":[]}"
2508_0,0.16899005,0.66013074,0.16363636,2024-05-06,2508,"{""type"":""MultiPoint"",""coordinates"":[]}"
2509_0,0.12470024,0.730725,0.15736821,2024-05-06,2509,"{""type"":""MultiPoint"",""coordinates"":[]}"
2510_0,0.14341846,0.6511318,0.30939808,2024-05-06,2510,"{""type"":""MultiPoint"",""coordinates"":[]}"
2516_0,0.11100547,0.33258048,0.11583924,2024-05-06,2516,"{""type"":""MultiPoint"",""coordinates"":[]}"
2518_0,0.13027038,0.5957219,0.12944739,2024-05-06,2518,"{""type"":""MultiPoint"",""coordinates"":[]}"
2520_0,0.30941704,0.82610464,0.35060242,2024-05-06,2520,"{""type"":""MultiPoint"",""coordinates"":[]}"
2527_0,0.31655705,0.76617646,0.3355574,2024-05-06,2527,"{""type"":""MultiPoint"",""coordinates"":[]}"
2529_0,0.32649347,0.7915958,0.28883454,2024-05-06,2529,"{""type"":""MultiPoint"",""coordinates"":[]}"
2530_0,0.17226392,0.6630865,0.16815566,2024-05-06,2530,"{""type"":""MultiPoint"",""coordinates"":[]}"
2532_0,0.4136808,0.7480663,0.374457,2024-05-06,2532,"{""type"":""MultiPoint"",""coordinates"":[]}"
2544_0,0.2769737,0.62413794,0.2631579,2024-05-06,2544,"{""type"":""MultiPoint"",""coordinates"":[]}"
2550_0,0.028844241,0.5007752,-0.0043200986,2024-05-06,2550,"{""type"":""MultiPoint"",""coordinates"":[]}"
2557_0,0.18726517,0.68934375,0.15449496,2024-05-06,2557,"{""type"":""MultiPoint"",""coordinates"":[]}"
2558_0,0.19410746,0.6269841,0.19013062,2024-05-06,2558,"{""type"":""MultiPoint"",""coordinates"":[]}"
2563_0,0.09474039,0.60444,0.08439898,2024-05-06,2563,"{""type"":""MultiPoint"",""coordinates"":[]}"
2564_0,0.002496639,0.54130864,-0.05376344,2024-05-06,2564,"{""type"":""MultiPoint"",""coordinates"":[]}"
2567_0,0.04854726,0.55175316,0.033439193,2024-05-06,2567,"{""type"":""MultiPoint"",""coordinates"":[]}"
2569_0,0.17239124,0.27909446,0.1767003,2024-05-06,2569,"{""type"":""MultiPoint"",""coordinates"":[]}"
2570_0,0.13236837,0.6262911,0.113587655,2024-05-06,2570,"{""type"":""MultiPoint"",""coordinates"":[]}"
2571_0,0.20814683,0.37062937,0.21604255,2024-05-06,2571,"{""type"":""MultiPoint"",""coordinates"":[]}"
2572_0,0.20526946,0.30307615,0.21800613,2024-05-06,2572,"{""type"":""MultiPoint"",""coordinates"":[]}"
2573_0,0.0436,0.23084576,0.017060637,2024-05-06,2573,"{""type"":""MultiPoint"",""coordinates"":[]}"
2589_0,0.06701209,0.5401809,0.034495085,2024-05-06,2589,"{""type"":""MultiPoint"",""coordinates"":[]}"
2597_0,0.13443664,0.24912979,0.13639449,2024-05-06,2597,"{""type"":""MultiPoint"",""coordinates"":[]}"
2599_0,0.25427595,0.15172079,0.28990227,2024-05-06,2599,"{""type"":""MultiPoint"",""coordinates"":[]}"
2601_0,0.23105459,0.33408833,0.23771998,2024-05-06,2601,"{""type"":""MultiPoint"",""coordinates"":[]}"
2602_0,0.267828,0.15510598,0.28132513,2024-05-06,2602,"{""type"":""MultiPoint"",""coordinates"":[]}"
2611_0,0.23954557,0.11057108,0.27091542,2024-05-06,2611,"{""type"":""MultiPoint"",""coordinates"":[]}"
2615_0,0.25804722,0.12152134,0.27229676,2024-05-06,2615,"{""type"":""MultiPoint"",""coordinates"":[]}"
2773_0,0.40271494,0.77832514,0.37262356,2024-05-06,2773,"{""type"":""MultiPoint"",""coordinates"":[]}"
2774_0,0.13485166,0.48865154,0.21410099,2024-05-06,2774,"{""type"":""MultiPoint"",""coordinates"":[]}"
2776_0,0.25641444,0.8020808,0.24154025,2024-05-06,2776,"{""type"":""MultiPoint"",""coordinates"":[]}"
2779_0,0.3481846,0.7921705,0.31984904,2024-05-06,2779,"{""type"":""MultiPoint"",""coordinates"":[]}"
2781_0,0.07945022,0.08028698,0.070413,2024-05-06,2781,"{""type"":""MultiPoint"",""coordinates"":[]}"
2783_0,0.17466518,0.5135548,0.14533372,2024-05-06,2783,"{""type"":""MultiPoint"",""coordinates"":[]}"
2788_0,0.38408104,0.76981497,0.36211032,2024-05-06,2788,"{""type"":""MultiPoint"",""coordinates"":[]}"
2790_0,0.23556371,0.7404692,0.174666,2024-05-06,2790,"{""type"":""MultiPoint"",""coordinates"":[]}"
2793_0,0.3243387,0.8648649,0.34003815,2024-05-06,2793,"{""type"":""MultiPoint"",""coordinates"":[]}"
2797_0,0.1914446,0.6481033,0.27824727,2024-05-06,2797,"{""type"":""MultiPoint"",""coordinates"":[]}"
2802_0,0.10131579,0.05612245,0.09596294,2024-05-06,2802,"{""type"":""MultiPoint"",""coordinates"":[]}"
2804_0,0.18041728,0.7008709,0.198346,2024-05-06,2804,"{""type"":""MultiPoint"",""coordinates"":[]}"
2809_0,0.2644763,0.7111111,0.25157002,2024-05-06,2809,"{""type"":""MultiPoint"",""coordinates"":[]}"
2810_0,0.23891768,0.6524283,0.17495319,2024-05-06,2810,"{""type"":""MultiPoint"",""coordinates"":[]}"
2814_0,0.12916489,0.55775076,0.14349464,2024-05-06,2814,"{""type"":""MultiPoint"",""coordinates"":[]}"
2815_0,0.3325527,0.63822526,0.31619537,2024-05-06,2815,"{""type"":""MultiPoint"",""coordinates"":[]}"
2818_0,0.05232816,0.4888179,0.04320573,2024-05-06,2818,"{""type"":""MultiPoint"",""coordinates"":[]}"
2819_0,0.16937053,0.4095982,0.13630229,2024-05-06,2819,"{""type"":""MultiPoint"",""coordinates"":[]}"
2821_0,0.3959291,0.79272395,0.35992578,2024-05-06,2821,"{""type"":""MultiPoint"",""coordinates"":[]}"
2826_0,0.1411638,0.4649812,0.14713751,2024-05-06,2826,"{""type"":""MultiPoint"",""coordinates"":[]}"
2828_0,0.24813119,0.3846154,0.2488557,2024-05-06,2828,"{""type"":""MultiPoint"",""coordinates"":[]}"
2829_0,0.15673849,0.3764581,0.13066202,2024-05-06,2829,"{""type"":""MultiPoint"",""coordinates"":[]}"
2831_0,0.17265762,0.37320352,0.16890292,2024-05-06,2831,"{""type"":""MultiPoint"",""coordinates"":[]}"
2855_0,0.20876074,0.41397154,0.21007472,2024-05-06,2855,"{""type"":""MultiPoint"",""coordinates"":[]}"
2856_0,0.23487872,0.20840432,0.2614108,2024-05-06,2856,"{""type"":""MultiPoint"",""coordinates"":[]}"
2857_0,0.18880753,0.330332,0.20766284,2024-05-06,2857,"{""type"":""MultiPoint"",""coordinates"":[]}"
2860_0,0.22214627,0.30497476,0.22795115,2024-05-06,2860,"{""type"":""MultiPoint"",""coordinates"":[]}"
2862_0,0.25391096,0.14105263,0.27230048,2024-05-06,2862,"{""type"":""MultiPoint"",""coordinates"":[]}"
2863_0,0.25824964,0.12343181,0.2831061,2024-05-06,2863,"{""type"":""MultiPoint"",""coordinates"":[]}"
2874_0,0.22096318,0.15763016,0.252282,2024-05-06,2874,"{""type"":""MultiPoint"",""coordinates"":[]}"
2876_0,0.25613207,0.16342573,0.28138527,2024-05-06,2876,"{""type"":""MultiPoint"",""coordinates"":[]}"
3077_0,0.38536584,0.9083808,0.38310894,2024-05-06,3077,"{""type"":""MultiPoint"",""coordinates"":[]}"
3082_0,0.16589461,0.65098375,0.14523068,2024-05-06,3082,"{""type"":""MultiPoint"",""coordinates"":[]}"
3118_0,0.12373168,0.5529024,0.09635227,2024-05-06,3118,"{""type"":""MultiPoint"",""coordinates"":[]}"
3132_0,0.2309549,0.766051,0.22345772,2024-05-06,3132,"{""type"":""MultiPoint"",""coordinates"":[]}"
3152_0,0.116411306,0.703252,0.090258576,2024-05-06,3152,"{""type"":""MultiPoint"",""coordinates"":[]}"
3164_0,0.33352855,0.85563666,0.3356684,2024-05-06,3164,"{""type"":""MultiPoint"",""coordinates"":[]}"
3165_0,0.068897896,0.4127922,0.21399404,2024-05-06,3165,"{""type"":""MultiPoint"",""coordinates"":[]}"
3168_0,0.13030794,0.6892258,0.07530588,2024-05-06,3168,"{""type"":""MultiPoint"",""coordinates"":[]}"
3169_0,0.2760814,0.7906977,0.2377763,2024-05-06,3169,"{""type"":""MultiPoint"",""coordinates"":[]}"
3173_0,0.035991784,0.18880115,0.102071375,2024-05-06,3173,"{""type"":""MultiPoint"",""coordinates"":[]}"
3176_0,0.19690265,0.68802476,0.20106901,2024-05-06,3176,"{""type"":""MultiPoint"",""coordinates"":[]}"
3184_0,0.30661324,0.7074468,0.29959515,2024-05-06,3184,"{""type"":""MultiPoint"",""coordinates"":[]}"
3187_0,0.15194668,0.65271765,0.1021652,2024-05-06,3187,"{""type"":""MultiPoint"",""coordinates"":[]}"
3189_0,0.022731278,0.21912351,0.13948798,2024-05-06,3189,"{""type"":""MultiPoint"",""coordinates"":[]}"
3190_0,0.366448,0.7535668,0.33333334,2024-05-06,3190,"{""type"":""MultiPoint"",""coordinates"":[]}"
3196_0,0.18999264,0.7835099,0.16908212,2024-05-06,3196,"{""type"":""MultiPoint"",""coordinates"":[]}"
3199_0,-0.004987154,0.5223524,-0.021662313,2024-05-06,3199,"{""type"":""MultiPoint"",""coordinates"":[]}"
3203_0,0.034246575,0.16886932,0.102035165,2024-05-06,3203,"{""type"":""MultiPoint"",""coordinates"":[]}"
3205_0,0.112004735,0.43204075,-0.013225371,2024-05-06,3205,"{""type"":""MultiPoint"",""coordinates"":[]}"
3208_0,0.19821906,0.7527115,0.17891665,2024-05-06,3208,"{""type"":""MultiPoint"",""coordinates"":[]}"
3209_0,0.18396163,0.722417,0.15375052,2024-05-06,3209,"{""type"":""MultiPoint"",""coordinates"":[]}"
3211_0,0.16541499,0.63897496,0.14634627,2024-05-06,3211,"{""type"":""MultiPoint"",""coordinates"":[]}"
3213_0,0.3592571,0.7279726,0.2932138,2024-05-06,3213,"{""type"":""MultiPoint"",""coordinates"":[]}"
3214_0,0.36129487,0.86564296,0.36344507,2024-05-06,3214,"{""type"":""MultiPoint"",""coordinates"":[]}"
3218_0,0.04171396,0.45076784,-0.025041737,2024-05-06,3218,"{""type"":""MultiPoint"",""coordinates"":[]}"
3221_0,0.30619854,0.8115528,0.29746735,2024-05-06,3221,"{""type"":""MultiPoint"",""coordinates"":[]}"
3222_0,0.27002877,0.83598,0.27300152,2024-05-06,3222,"{""type"":""MultiPoint"",""coordinates"":[]}"
3229_0,0.17836085,0.7210482,0.18734509,2024-05-06,3229,"{""type"":""MultiPoint"",""coordinates"":[]}"
3230_0,-0.029581888,0.4856487,-0.0924075,2024-05-06,3230,"{""type"":""MultiPoint"",""coordinates"":[]}"
3232_0,0.15891527,0.6392092,0.14154597,2024-05-06,3232,"{""type"":""MultiPoint"",""coordinates"":[]}"
3234_0,0.20622568,0.6686193,0.20120482,2024-05-06,3234,"{""type"":""MultiPoint"",""coordinates"":[]}"
3239_0,0.47368422,0.8327684,0.45340502,2024-05-06,3239,"{""type"":""MultiPoint"",""coordinates"":[]}"
3240_0,0.033389546,0.51093036,0.018156903,2024-05-06,3240,"{""type"":""MultiPoint"",""coordinates"":[]}"
3241_0,0.32931995,0.75677305,0.31976482,2024-05-06,3241,"{""type"":""MultiPoint"",""coordinates"":[]}"
3245_0,0.15395142,0.6246677,0.10544402,2024-05-06,3245,"{""type"":""MultiPoint"",""coordinates"":[]}"
3261_0,0.31462383,0.7882798,0.30235758,2024-05-06,3261,"{""type"":""MultiPoint"",""coordinates"":[]}"
3270_0,0.26540136,0.71892923,0.20731913,2024-05-06,3270,"{""type"":""MultiPoint"",""coordinates"":[]}"
3274_0,0.23233533,0.7362429,0.17609255,2024-05-06,3274,"{""type"":""MultiPoint"",""coordinates"":[]}"
3278_0,0.039255694,0.04876325,0.0042294026,2024-05-06,3278,"{""type"":""MultiPoint"",""coordinates"":[]}"
3281_0,0.44247422,0.84400463,0.4017699,2024-05-06,3281,"{""type"":""MultiPoint"",""coordinates"":[]}"
3282_0,0.11199095,0.42709866,0.10490308,2024-05-06,3282,"{""type"":""MultiPoint"",""coordinates"":[]}"
3285_0,0.16854765,0.6825939,0.13659942,2024-05-06,3285,"{""type"":""MultiPoint"",""coordinates"":[]}"
3289_0,0.10767307,0.675,0.099227004,2024-05-06,3289,"{""type"":""MultiPoint"",""coordinates"":[]}"
3298_0,0.3665372,0.7570093,0.33427963,2024-05-06,3298,"{""type"":""MultiPoint"",""coordinates"":[]}"
3301_0,0.06506773,0.59157896,0.03727418,2024-05-06,3301,"{""type"":""MultiPoint"",""coordinates"":[]}"
3307_0,0.061837457,0.47065505,0.021970794,2024-05-06,3307,"{""type"":""MultiPoint"",""coordinates"":[]}"
3312_0,0.22271049,0.66577476,0.21526176,2024-05-06,3312,"{""type"":""MultiPoint"",""coordinates"":[]}"
3314_0,0.33796757,0.8181818,0.33554816,2024-05-06,3314,"{""type"":""MultiPoint"",""coordinates"":[]}"
3316_0,0.06701847,0.5872156,0.049802937,2024-05-06,3316,"{""type"":""MultiPoint"",""coordinates"":[]}"
3318_0,0.3955774,0.79728156,0.3528208,2024-05-06,3318,"{""type"":""MultiPoint"",""coordinates"":[]}"
3341_0,0.12653375,0.6109175,0.09817894,2024-05-06,3341,"{""type"":""MultiPoint"",""coordinates"":[]}"
3342_0,0.27657378,0.5643693,0.26365545,2024-05-06,3342,"{""type"":""MultiPoint"",""coordinates"":[]}"
3352_0,0.19305497,0.77126473,0.17497887,2024-05-06,3352,"{""type"":""MultiPoint"",""coordinates"":[]}"
3357_0,0.19628699,0.46754968,0.14273928,2024-05-06,3357,"{""type"":""MultiPoint"",""coordinates"":[]}"
3358_0,-0.051150896,0.44913152,-0.16927454,2024-05-06,3358,"{""type"":""MultiPoint"",""coordinates"":[]}"
3360_0,0.22687095,0.36380714,0.24813753,2024-05-06,3360,"{""type"":""MultiPoint"",""coordinates"":[]}"
3363_0,0.18509616,0.43876338,0.17618468,2024-05-06,3363,"{""type"":""MultiPoint"",""coordinates"":[]}"
3430_0,0.23147301,0.25615764,0.23636363,2024-05-06,3430,"{""type"":""MultiPoint"",""coordinates"":[]}"
3432_0,0.20689656,0.25395152,0.20689656,2024-05-06,3432,"{""type"":""MultiPoint"",""coordinates"":[]}"
3435_0,0.31006345,0.4234234,0.32714412,2024-05-06,3435,"{""type"":""MultiPoint"",""coordinates"":[]}"
3436_0,0.21781921,0.17414375,0.23427992,2024-05-06,3436,"{""type"":""MultiPoint"",""coordinates"":[]}"
3438_0,0.21503681,0.28490353,0.20521693,2024-05-06,3438,"{""type"":""MultiPoint"",""coordinates"":[]}"
3626_0,0.25697297,0.73367697,0.21201201,2024-05-06,3626,"{""type"":""MultiPoint"",""coordinates"":[]}"
3656_0,0.24639061,0.79783916,0.22372937,2024-05-06,3656,"{""type"":""MultiPoint"",""coordinates"":[]}"
3660_0,0.28369346,0.8393352,0.26717559,2024-05-06,3660,"{""type"":""MultiPoint"",""coordinates"":[]}"
3662_0,0.13009313,0.745618,0.1302197,2024-05-06,3662,"{""type"":""MultiPoint"",""coordinates"":[]}"
3667_0,0.27567217,0.81497794,0.24764468,2024-05-06,3667,"{""type"":""MultiPoint"",""coordinates"":[]}"
3671_0,0.27370742,0.44903582,0.03137255,2024-05-06,3671,"{""type"":""MultiPoint"",""coordinates"":[]}"
3673_0,0.06858407,0.10526316,0.028662702,2024-05-06,3673,"{""type"":""MultiPoint"",""coordinates"":[]}"
3674_0,0.08053245,0.6807818,0.056835636,2024-05-06,3674,"{""type"":""MultiPoint"",""coordinates"":[]}"
3675_0,0.3602952,0.8779937,0.31456587,2024-05-06,3675,"{""type"":""MultiPoint"",""coordinates"":[]}"
3676_0,0.23500967,0.80954665,0.22766477,2024-05-06,3676,"{""type"":""MultiPoint"",""coordinates"":[]}"
3681_0,0.30931678,0.7802198,0.2722513,2024-05-06,3681,"{""type"":""MultiPoint"",""coordinates"":[]}"
3682_0,0.0020778873,0.08439647,0.085728325,2024-05-06,3682,"{""type"":""MultiPoint"",""coordinates"":[]}"
3685_0,0.046110254,0.20680489,0.1015407,2024-05-06,3685,"{""type"":""MultiPoint"",""coordinates"":[]}"
3687_0,0.19778086,0.6135915,0.17087156,2024-05-06,3687,"{""type"":""MultiPoint"",""coordinates"":[]}"
3690_0,0.15884885,0.5096582,-0.09822485,2024-05-06,3690,"{""type"":""MultiPoint"",""coordinates"":[]}"
3695_0,0.40747005,0.9040307,0.4047012,2024-05-06,3695,"{""type"":""MultiPoint"",""coordinates"":[]}"
3697_0,0.3767186,0.77596265,0.38237965,2024-05-06,3697,"{""type"":""MultiPoint"",""coordinates"":[]}"
3699_0,0.47709924,0.85294116,0.46796116,2024-05-06,3699,"{""type"":""MultiPoint"",""coordinates"":[]}"
3705_0,0.35441175,0.7596899,0.34818113,2024-05-06,3705,"{""type"":""MultiPoint"",""coordinates"":[]}"
3711_0,0.030811608,0.1165075,0.03930408,2024-05-06,3711,"{""type"":""MultiPoint"",""coordinates"":[]}"
3714_0,0.16181698,0.53541505,0.11767152,2024-05-06,3714,"{""type"":""MultiPoint"",""coordinates"":[]}"
3716_0,0.27435675,0.8455062,0.2718306,2024-05-06,3716,"{""type"":""MultiPoint"",""coordinates"":[]}"
3719_0,0.27003798,0.68,0.22692633,2024-05-06,3719,"{""type"":""MultiPoint"",""coordinates"":[]}"
3721_0,0.29683575,0.7075879,0.32821497,2024-05-06,3721,"{""type"":""MultiPoint"",""coordinates"":[]}"
3726_0,0.15188096,0.5236629,0.13450795,2024-05-06,3726,"{""type"":""MultiPoint"",""coordinates"":[]}"
3730_0,0.20583469,0.63862926,0.17739227,2024-05-06,3730,"{""type"":""MultiPoint"",""coordinates"":[]}"
3735_0,0.25649717,0.6666667,0.22235353,2024-05-06,3735,"{""type"":""MultiPoint"",""coordinates"":[]}"
3736_0,0.19648924,0.6874184,0.15460232,2024-05-06,3736,"{""type"":""MultiPoint"",""coordinates"":[]}"
3739_0,0.3360608,0.8523322,0.32179105,2024-05-06,3739,"{""type"":""MultiPoint"",""coordinates"":[]}"
3741_0,0.102704495,0.41581395,0.05915101,2024-05-06,3741,"{""type"":""MultiPoint"",""coordinates"":[]}"
3744_0,0.20034873,0.78382623,0.19557972,2024-05-06,3744,"{""type"":""MultiPoint"",""coordinates"":[]}"
3746_0,0.050773993,0.61507934,0.030053781,2024-05-06,3746,"{""type"":""MultiPoint"",""coordinates"":[]}"
3747_0,0.14242685,0.67955804,0.12912388,2024-05-06,3747,"{""type"":""MultiPoint"",""coordinates"":[]}"
3748_0,0.2102161,0.6564565,0.1568792,2024-05-06,3748,"{""type"":""MultiPoint"",""coordinates"":[]}"
3753_0,0.29545093,0.8375198,0.29567575,2024-05-06,3753,"{""type"":""MultiPoint"",""coordinates"":[]}"
3759_0,0.3379333,0.836926,0.32097724,2024-05-06,3759,"{""type"":""MultiPoint"",""coordinates"":[]}"
3760_0,0.24799196,0.75,0.23297492,2024-05-06,3760,"{""type"":""MultiPoint"",""coordinates"":[]}"
3763_0,0.23612751,0.69780064,0.20985141,2024-05-06,3763,"{""type"":""MultiPoint"",""coordinates"":[]}"
3764_0,0.21831325,0.59766763,0.1494494,2024-05-06,3764,"{""type"":""MultiPoint"",""coordinates"":[]}"
3765_0,0.39005592,0.8540773,0.36320606,2024-05-06,3765,"{""type"":""MultiPoint"",""coordinates"":[]}"
3766_0,0.4068909,0.879457,0.4106779,2024-05-06,3766,"{""type"":""MultiPoint"",""coordinates"":[]}"
3767_0,0.3220033,0.8732365,0.32736495,2024-05-06,3767,"{""type"":""MultiPoint"",""coordinates"":[]}"
3768_0,0.23832297,0.66150963,0.19467385,2024-05-06,3768,"{""type"":""MultiPoint"",""coordinates"":[]}"
3769_0,0.2447824,0.8025269,0.24539283,2024-05-06,3769,"{""type"":""MultiPoint"",""coordinates"":[]}"
3770_0,0.38451695,0.7032879,0.3765392,2024-05-06,3770,"{""type"":""MultiPoint"",""coordinates"":[]}"
3771_0,0.23549488,0.6720779,0.069574244,2024-05-06,3771,"{""type"":""MultiPoint"",""coordinates"":[]}"
3774_0,0.022575954,0.072072074,0.087844595,2024-05-06,3774,"{""type"":""MultiPoint"",""coordinates"":[]}"
3778_0,0.040402588,0.41445488,0.018673724,2024-05-06,3778,"{""type"":""MultiPoint"",""coordinates"":[]}"
3781_0,0.21086009,0.69873774,0.20661487,2024-05-06,3781,"{""type"":""MultiPoint"",""coordinates"":[]}"
3785_0,0.22493008,0.74708724,0.22616674,2024-05-06,3785,"{""type"":""MultiPoint"",""coordinates"":[]}"
3786_0,0.31146026,0.7960199,0.3193239,2024-05-06,3786,"{""type"":""MultiPoint"",""coordinates"":[]}"
3789_0,0.20672572,0.6841163,0.1751483,2024-05-06,3789,"{""type"":""MultiPoint"",""coordinates"":[]}"
3792_0,0.13419788,0.57583714,0.09572364,2024-05-06,3792,"{""type"":""MultiPoint"",""coordinates"":[]}"
3795_0,0.28002268,0.81459564,0.2886959,2024-05-06,3795,"{""type"":""MultiPoint"",""coordinates"":[]}"
3799_0,0.16364834,0.6003584,0.16884817,2024-05-06,3799,"{""type"":""MultiPoint"",""coordinates"":[]}"
3801_0,0.3246358,0.79868186,0.31811196,2024-05-06,3801,"{""type"":""MultiPoint"",""coordinates"":[]}"
3803_0,0.21784037,0.72556055,0.21254136,2024-05-06,3803,"{""type"":""MultiPoint"",""coordinates"":[]}"
3808_0,0.33024085,0.73652697,0.29923466,2024-05-06,3808,"{""type"":""MultiPoint"",""coordinates"":[]}"
3811_0,0.4208561,0.8158165,0.44918033,2024-05-06,3811,"{""type"":""MultiPoint"",""coordinates"":[]}"
3820_0,-0.062247768,0.3497758,-0.09189189,2024-05-06,3820,"{""type"":""MultiPoint"",""coordinates"":[]}"
3822_0,0.13260254,0.5956679,0.11555796,2024-05-06,3822,"{""type"":""MultiPoint"",""coordinates"":[]}"
3825_0,0.19167905,0.7956252,0.11652456,2024-05-06,3825,"{""type"":""MultiPoint"",""coordinates"":[]}"
3851_0,0.17202194,0.7077195,0.15665536,2024-05-06,3851,"{""type"":""MultiPoint"",""coordinates"":[]}"
3852_0,0.22514236,0.5306233,0.22969736,2024-05-06,3852,"{""type"":""MultiPoint"",""coordinates"":[]}"
3855_0,0.20017993,0.34994808,0.18775697,2024-05-06,3855,"{""type"":""MultiPoint"",""coordinates"":[]}"
3861_0,0.1827259,0.69640785,0.14583877,2024-05-06,3861,"{""type"":""MultiPoint"",""coordinates"":[]}"
3867_0,0.09507704,0.3514782,0.0892587,2024-05-06,3867,"{""type"":""MultiPoint"",""coordinates"":[]}"
3871_0,0.25383863,0.473762,0.27168366,2024-05-06,3871,"{""type"":""MultiPoint"",""coordinates"":[]}"
3874_0,0.17748503,0.51548946,0.1751141,2024-05-06,3874,"{""type"":""MultiPoint"",""coordinates"":[]}"
3941_0,0.25126135,0.24356435,0.25725725,2024-05-06,3941,"{""type"":""MultiPoint"",""coordinates"":[]}"
3945_0,0.2330737,0.21188341,0.25624636,2024-05-06,3945,"{""type"":""MultiPoint"",""coordinates"":[]}"
3946_0,0.2,0.46842104,0.19614148,2024-05-06,3946,"{""type"":""MultiPoint"",""coordinates"":[]}"
3948_0,0.21434262,0.27448747,0.20419693,2024-05-06,3948,"{""type"":""MultiPoint"",""coordinates"":[]}"
3949_0,0.22287235,0.27282608,0.23165922,2024-05-06,3949,"{""type"":""MultiPoint"",""coordinates"":[]}"
3954_0,0.25950414,0.14353387,0.2847259,2024-05-06,3954,"{""type"":""MultiPoint"",""coordinates"":[]}"
3956_0,0.26283368,0.11508282,0.28092137,2024-05-06,3956,"{""type"":""MultiPoint"",""coordinates"":[]}"
3957_0,0.24066924,0.24625,0.25645873,2024-05-06,3957,"{""type"":""MultiPoint"",""coordinates"":[]}"
3978_0,0.2694722,0.09883268,0.2850967,2024-05-06,3978,"{""type"":""MultiPoint"",""coordinates"":[]}"
4175_0,0.23981592,0.8236273,0.26475435,2024-05-06,4175,"{""type"":""MultiPoint"",""coordinates"":[]}"
4176_0,0.30063367,0.85685885,0.30568498,2024-05-06,4176,"{""type"":""MultiPoint"",""coordinates"":[]}"
4177_0,0.18193053,0.67768943,0.14727351,2024-05-06,4177,"{""type"":""MultiPoint"",""coordinates"":[]}"
4178_0,0.13135396,0.68342644,0.12823713,2024-05-06,4178,"{""type"":""MultiPoint"",""coordinates"":[]}"
4179_0,0.37027028,0.68088466,0.39084968,2024-05-06,4179,"{""type"":""MultiPoint"",""coordinates"":[]}"
4180_0,0.3053435,0.82265806,0.31506848,2024-05-06,4180,"{""type"":""MultiPoint"",""coordinates"":[]}"
4181_0,-0.02449923,0.066493675,-0.005519849,2024-05-06,4181,"{""type"":""MultiPoint"",""coordinates"":[]}"
4182_0,0.07471657,0.34583822,0.008344313,2024-05-06,4182,"{""type"":""MultiPoint"",""coordinates"":[]}"
4183_0,0.1824336,0.7244259,0.16769747,2024-05-06,4183,"{""type"":""MultiPoint"",""coordinates"":[]}"
4184_0,0.18560411,0.2331386,0.1889401,2024-05-06,4184,"{""type"":""MultiPoint"",""coordinates"":[]}"
4185_0,0.17587131,0.2599319,0.18179399,2024-05-06,4185,"{""type"":""MultiPoint"",""coordinates"":[]}"
4208_0,0.29446235,0.67978185,0.28333333,2024-05-06,4208,"{""type"":""MultiPoint"",""coordinates"":[]}"
4314_0,0.06736462,0.02974359,0.03538511,2024-05-06,4314,"{""type"":""MultiPoint"",""coordinates"":[]}"
4318_0,0.14870656,0.7673509,0.14830105,2024-05-06,4318,"{""type"":""MultiPoint"",""coordinates"":[]}"
4319_0,0.17075925,0.40900195,0.19041058,2024-05-06,4319,"{""type"":""MultiPoint"",""coordinates"":[]}"
4328_0,0.19191597,0.68411386,0.18189141,2024-05-06,4328,"{""type"":""MultiPoint"",""coordinates"":[]}"
4338_0,0.38918528,0.8163149,0.38555264,2024-05-06,4338,"{""type"":""MultiPoint"",""coordinates"":[]}"
4339_0,0.32149252,0.8605875,0.30243978,2024-05-06,4339,"{""type"":""MultiPoint"",""coordinates"":[]}"
4351_0,0.33672526,0.8068301,0.33436483,2024-05-06,4351,"{""type"":""MultiPoint"",""coordinates"":[]}"
4355_0,0.16830933,0.5235495,0.15125725,2024-05-06,4355,"{""type"":""MultiPoint"",""coordinates"":[]}"
4358_0,0.24218991,0.7392834,0.2350921,2024-05-06,4358,"{""type"":""MultiPoint"",""coordinates"":[]}"
4361_0,0.030378178,0.6053963,0.031578947,2024-05-06,4361,"{""type"":""MultiPoint"",""coordinates"":[]}"
4365_0,0.32487684,0.8222915,0.26088715,2024-05-06,4365,"{""type"":""MultiPoint"",""coordinates"":[]}"
4366_0,0.22631739,0.8518519,0.2462908,2024-05-06,4366,"{""type"":""MultiPoint"",""coordinates"":[]}"
4367_0,0.026145553,0.49065226,-0.00347174,2024-05-06,4367,"{""type"":""MultiPoint"",""coordinates"":[]}"
4369_0,0.15700227,0.6921642,0.1316282,2024-05-06,4369,"{""type"":""MultiPoint"",""coordinates"":[]}"
4370_0,0.24858944,0.7696309,0.22412612,2024-05-06,4370,"{""type"":""MultiPoint"",""coordinates"":[]}"
4374_0,0.1873496,0.7306212,0.14223513,2024-05-06,4374,"{""type"":""MultiPoint"",""coordinates"":[]}"
4375_0,0.1521873,0.7838727,0.22347629,2024-05-06,4375,"{""type"":""MultiPoint"",""coordinates"":[]}"
4385_0,0.038367346,0.5242405,4.2426813E-4,2024-05-06,4385,"{""type"":""MultiPoint"",""coordinates"":[]}"
4392_0,0.15985282,0.76334405,0.14321451,2024-05-06,4392,"{""type"":""MultiPoint"",""coordinates"":[]}"
4393_0,0.34131736,0.87471926,0.30962342,2024-05-06,4393,"{""type"":""MultiPoint"",""coordinates"":[]}"
4394_0,0.23193577,0.7221135,0.21045393,2024-05-06,4394,"{""type"":""MultiPoint"",""coordinates"":[]}"
4395_0,0.079064585,0.67373383,0.0678189,2024-05-06,4395,"{""type"":""MultiPoint"",""coordinates"":[]}"
4396_0,0.11759772,0.63481045,0.075895995,2024-05-06,4396,"{""type"":""MultiPoint"",""coordinates"":[]}"
4397_0,0.17408766,0.57768536,0.15369476,2024-05-06,4397,"{""type"":""MultiPoint"",""coordinates"":[]}"
4399_0,0.26209417,0.6935769,0.2522876,2024-05-06,4399,"{""type"":""MultiPoint"",""coordinates"":[]}"
4402_0,0.05730238,0.5844544,-0.0043832185,2024-05-06,4402,"{""type"":""MultiPoint"",""coordinates"":[]}"
4406_0,0.22310758,0.6923077,0.2160804,2024-05-06,4406,"{""type"":""MultiPoint"",""coordinates"":[]}"
4409_0,0.14339504,0.62428844,0.11277218,2024-05-06,4409,"{""type"":""MultiPoint"",""coordinates"":[]}"
4415_0,0.14470328,0.68912464,0.117389016,2024-05-06,4415,"{""type"":""MultiPoint"",""coordinates"":[]}"
4417_0,0.0073561864,0.07005616,0.035247017,2024-05-06,4417,"{""type"":""MultiPoint"",""coordinates"":[]}"
4420_0,-0.043579895,0.51801443,-0.04707656,2024-05-06,4420,"{""type"":""MultiPoint"",""coordinates"":[]}"
4426_0,0.15361176,0.6408099,0.13847838,2024-05-06,4426,"{""type"":""MultiPoint"",""coordinates"":[]}"
4429_0,0.33905104,0.81123513,0.33426222,2024-05-06,4429,"{""type"":""MultiPoint"",""coordinates"":[]}"
4438_0,0.21229486,0.5,0.20379147,2024-05-06,4438,"{""type"":""MultiPoint"",""coordinates"":[]}"
4441_0,0.09567734,0.34418815,0.08625731,2024-05-06,4441,"{""type"":""MultiPoint"",""coordinates"":[]}"
4442_0,0.003319937,0.48023257,-0.05668766,2024-05-06,4442,"{""type"":""MultiPoint"",""coordinates"":[]}"
4443_0,0.07015458,0.45269462,0.01676446,2024-05-06,4443,"{""type"":""MultiPoint"",""coordinates"":[]}"
4447_0,0.022665104,0.547642,-0.018115204,2024-05-06,4447,"{""type"":""MultiPoint"",""coordinates"":[]}"
4453_0,0.024575869,0.49684924,0.0019467878,2024-05-06,4453,"{""type"":""MultiPoint"",""coordinates"":[]}"
4454_0,0.17107648,0.6320731,0.16881701,2024-05-06,4454,"{""type"":""MultiPoint"",""coordinates"":[]}"
4460_0,0.20535442,0.5285714,0.19183168,2024-05-06,4460,"{""type"":""MultiPoint"",""coordinates"":[]}"
4461_0,0.20017599,0.26815897,0.20853287,2024-05-06,4461,"{""type"":""MultiPoint"",""coordinates"":[]}"
4462_0,0.26002768,0.56810033,0.24113475,2024-05-06,4462,"{""type"":""MultiPoint"",""coordinates"":[]}"
4464_0,0.19380252,0.2948644,0.18761577,2024-05-06,4464,"{""type"":""MultiPoint"",""coordinates"":[]}"
4466_0,0.1819242,0.29464287,0.18263909,2024-05-06,4466,"{""type"":""MultiPoint"",""coordinates"":[]}"
4467_0,0.23526077,0.29088786,0.24192189,2024-05-06,4467,"{""type"":""MultiPoint"",""coordinates"":[]}"
4469_0,0.26444262,0.14951095,0.29079497,2024-05-06,4469,"{""type"":""MultiPoint"",""coordinates"":[]}"
4470_0,0.23316912,0.15753424,0.25617203,2024-05-06,4470,"{""type"":""MultiPoint"",""coordinates"":[]}"
4471_0,0.24770147,0.13439849,0.26885676,2024-05-06,4471,"{""type"":""MultiPoint"",""coordinates"":[]}"
4477_0,0.2507313,0.18964204,0.2706935,2024-05-06,4477,"{""type"":""MultiPoint"",""coordinates"":[]}"
4482_0,0.22783527,0.099928625,0.23650953,2024-05-06,4482,"{""type"":""MultiPoint"",""coordinates"":[]}"
4564_0,0.19417962,0.7393045,0.18130842,2024-05-06,4564,"{""type"":""MultiPoint"",""coordinates"":[]}"
4573_0,0.19800867,0.7997503,0.18144566,2024-05-06,4573,"{""type"":""MultiPoint"",""coordinates"":[]}"
4574_0,0.24518575,0.81030333,0.20339254,2024-05-06,4574,"{""type"":""MultiPoint"",""coordinates"":[]}"
4578_0,0.150421,0.04347826,0.14738125,2024-05-06,4578,"{""type"":""MultiPoint"",""coordinates"":[]}"
4584_0,0.20990202,0.51413107,0.2434568,2024-05-06,4584,"{""type"":""MultiPoint"",""coordinates"":[]}"
4590_0,0.19387433,0.6998672,0.20131394,2024-05-06,4590,"{""type"":""MultiPoint"",""coordinates"":[]}"
4593_0,0.2257122,0.71546394,0.22173275,2024-05-06,4593,"{""type"":""MultiPoint"",""coordinates"":[]}"
4765_0,0.36338758,0.8729491,0.33653557,2024-05-06,4765,"{""type"":""MultiPoint"",""coordinates"":[]}"
4766_0,0.3071161,0.87766486,0.32415342,2024-05-06,4766,"{""type"":""MultiPoint"",""coordinates"":[]}"
4779_0,0.10502115,0.5393873,0.07261292,2024-05-06,4779,"{""type"":""MultiPoint"",""coordinates"":[]}"
4830_0,0.25201488,0.81035703,0.22672649,2024-05-06,4830,"{""type"":""MultiPoint"",""coordinates"":[]}"
4831_0,0.18910357,0.7207977,0.17205693,2024-05-06,4831,"{""type"":""MultiPoint"",""coordinates"":[]}"
4833_0,0.19241983,0.7569339,0.16580224,2024-05-06,4833,"{""type"":""MultiPoint"",""coordinates"":[]}"
4836_0,0.16017456,0.71711177,0.14398682,2024-05-06,4836,"{""type"":""MultiPoint"",""coordinates"":[]}"
4844_0,0.078504674,0.6608187,0.07068803,2024-05-06,4844,"{""type"":""MultiPoint"",""coordinates"":[]}"
4846_0,0.07927798,0.57311535,0.04149128,2024-05-06,4846,"{""type"":""MultiPoint"",""coordinates"":[]}"
4847_0,0.10912229,0.0373648,0.09553479,2024-05-06,4847,"{""type"":""MultiPoint"",""coordinates"":[]}"
4850_0,0.21124135,0.7650152,0.19153583,2024-05-06,4850,"{""type"":""MultiPoint"",""coordinates"":[]}"
4852_0,0.13955612,-0.011494253,0.109554,2024-05-06,4852,"{""type"":""MultiPoint"",""coordinates"":[]}"
4853_0,0.1455465,0.4735987,0.08801919,2024-05-06,4853,"{""type"":""MultiPoint"",""coordinates"":[]}"
4860_0,0.1356784,0.62692845,0.11681643,2024-05-06,4860,"{""type"":""MultiPoint"",""coordinates"":[]}"
4861_0,0.15256588,0.6922417,0.12751678,2024-05-06,4861,"{""type"":""MultiPoint"",""coordinates"":[]}"
4862_0,0.08553846,0.4613003,0.008143105,2024-05-06,4862,"{""type"":""MultiPoint"",""coordinates"":[]}"
4864_0,0.30636054,0.8184672,0.3070126,2024-05-06,4864,"{""type"":""MultiPoint"",""coordinates"":[]}"
4868_0,0.2288225,0.7176852,0.18286778,2024-05-06,4868,"{""type"":""MultiPoint"",""coordinates"":[]}"
4869_0,0.20130932,0.79297245,0.21492921,2024-05-06,4869,"{""type"":""MultiPoint"",""coordinates"":[]}"
4877_0,0.1197725,0.66513056,0.10555839,2024-05-06,4877,"{""type"":""MultiPoint"",""coordinates"":[]}"
4887_0,0.11823946,0.67018324,0.11988086,2024-05-06,4887,"{""type"":""MultiPoint"",""coordinates"":[]}"
4889_0,0.22000885,0.6838443,0.1886416,2024-05-06,4889,"{""type"":""MultiPoint"",""coordinates"":[]}"
4891_0,0.21271467,0.87895215,0.2284069,2024-05-06,4891,"{""type"":""MultiPoint"",""coordinates"":[]}"
4893_0,0.11440551,0.6178108,0.08238945,2024-05-06,4893,"{""type"":""MultiPoint"",""coordinates"":[]}"
4894_0,-0.06316275,0.31956735,-0.12615986,2024-05-06,4894,"{""type"":""MultiPoint"",""coordinates"":[]}"
4895_0,0.14618158,0.6515261,0.13756001,2024-05-06,4895,"{""type"":""MultiPoint"",""coordinates"":[]}"
4898_0,0.08738203,0.6766127,0.06096026,2024-05-06,4898,"{""type"":""MultiPoint"",""coordinates"":[]}"
4899_0,0.10235527,0.59506816,0.09317323,2024-05-06,4899,"{""type"":""MultiPoint"",""coordinates"":[]}"
4901_0,0.05593966,0.62251335,0.053560175,2024-05-06,4901,"{""type"":""MultiPoint"",""coordinates"":[]}"
4902_0,0.23713884,0.82255805,0.20125438,2024-05-06,4902,"{""type"":""MultiPoint"",""coordinates"":[]}"
4904_0,0.3593315,0.8795367,0.33681175,2024-05-06,4904,"{""type"":""MultiPoint"",""coordinates"":[]}"
4905_0,0.39289773,0.8573341,0.3888174,2024-05-06,4905,"{""type"":""MultiPoint"",""coordinates"":[]}"
4906_0,0.045920942,0.6160957,0.023415977,2024-05-06,4906,"{""type"":""MultiPoint"",""coordinates"":[]}"
4908_0,0.30117798,0.83908045,0.291364,2024-05-06,4908,"{""type"":""MultiPoint"",""coordinates"":[]}"
4911_0,0.16742246,0.6733524,0.1198466,2024-05-06,4911,"{""type"":""MultiPoint"",""coordinates"":[]}"
4912_0,0.2792696,0.77711886,0.28222498,2024-05-06,4912,"{""type"":""MultiPoint"",""coordinates"":[]}"
4914_0,0.31095588,0.71904063,0.26924467,2024-05-06,4914,"{""type"":""MultiPoint"",""coordinates"":[]}"
4915_0,0.02271979,0.45737857,0.03448276,2024-05-06,4915,"{""type"":""MultiPoint"",""coordinates"":[]}"
4917_0,0.40318173,0.88215125,0.40566492,2024-05-06,4917,"{""type"":""MultiPoint"",""coordinates"":[]}"
4918_0,0.21835646,0.7465887,0.18964373,2024-05-06,4918,"{""type"":""MultiPoint"",""coordinates"":[]}"
4920_0,0.25869566,0.7602108,0.25347927,2024-05-06,4920,"{""type"":""MultiPoint"",""coordinates"":[]}"
4921_0,0.23040128,0.73344237,0.18834081,2024-05-06,4921,"{""type"":""MultiPoint"",""coordinates"":[]}"
4922_0,0.012476606,0.5173745,-0.0034865292,2024-05-06,4922,"{""type"":""MultiPoint"",""coordinates"":[]}"
4923_0,0.08765653,0.57510376,0.06764168,2024-05-06,4923,"{""type"":""MultiPoint"",""coordinates"":[]}"
4924_0,0.17491353,0.6847613,0.16966854,2024-05-06,4924,"{""type"":""MultiPoint"",""coordinates"":[]}"
4925_0,0.36632985,0.89861333,0.38599402,2024-05-06,4925,"{""type"":""MultiPoint"",""coordinates"":[]}"
4931_0,0.16329661,0.530408,0.13990825,2024-05-06,4931,"{""type"":""MultiPoint"",""coordinates"":[]}"
4933_0,0.27071634,0.8058504,0.23885633,2024-05-06,4933,"{""type"":""MultiPoint"",""coordinates"":[]}"
4934_0,0.18058044,0.57018167,0.18539625,2024-05-06,4934,"{""type"":""MultiPoint"",""coordinates"":[]}"
4940_0,0.064715214,0.51501614,0.07012623,2024-05-06,4940,"{""type"":""MultiPoint"",""coordinates"":[]}"
4949_0,-1.3281977E-4,0.47927564,-0.011960758,2024-05-06,4949,"{""type"":""MultiPoint"",""coordinates"":[]}"
4951_0,0.2956274,0.769075,0.27742565,2024-05-06,4951,"{""type"":""MultiPoint"",""coordinates"":[]}"
4955_0,0.22635788,0.6773649,0.17202714,2024-05-06,4955,"{""type"":""MultiPoint"",""coordinates"":[]}"
4958_0,0.042092066,0.5869191,0.016911766,2024-05-06,4958,"{""type"":""MultiPoint"",""coordinates"":[]}"
4959_0,0.15075561,0.64287555,0.1609614,2024-05-06,4959,"{""type"":""MultiPoint"",""coordinates"":[]}"
4962_0,-0.014947138,0.5026331,-0.040358745,2024-05-06,4962,"{""type"":""MultiPoint"",""coordinates"":[]}"
4966_0,0.21190476,0.71508574,0.19366626,2024-05-06,4966,"{""type"":""MultiPoint"",""coordinates"":[]}"
4967_0,0.0504789,0.49526814,0.016621985,2024-05-06,4967,"{""type"":""MultiPoint"",""coordinates"":[]}"
4983_0,0.05473432,0.5648324,0.02231405,2024-05-06,4983,"{""type"":""MultiPoint"",""coordinates"":[]}"
4985_0,0.11102091,0.6,0.07321202,2024-05-06,4985,"{""type"":""MultiPoint"",""coordinates"":[]}"
4987_0,0.1969129,0.71054447,0.15361376,2024-05-06,4987,"{""type"":""MultiPoint"",""coordinates"":[]}"
4992_0,0.10475846,0.6293665,0.053195562,2024-05-06,4992,"{""type"":""MultiPoint"",""coordinates"":[]}"
5002_0,0.04142502,0.59348536,0.027731093,2024-05-06,5002,"{""type"":""MultiPoint"",""coordinates"":[]}"
5142_0,0.22256169,0.16659379,0.2346136,2024-05-06,5142,"{""type"":""MultiPoint"",""coordinates"":[]}"
5159_0,0.34184036,0.86274904,0.3319902,2024-05-06,5159,"{""type"":""MultiPoint"",""coordinates"":[]}"
5162_0,0.41217282,0.9014693,0.40485314,2024-05-06,5162,"{""type"":""MultiPoint"",""coordinates"":[]}"
5242_0,0.35077068,0.8888889,0.3521827,2024-05-06,5242,"{""type"":""MultiPoint"",""coordinates"":[]}"
5243_0,0.0093087135,0.66639894,-0.02107581,2024-05-06,5243,"{""type"":""MultiPoint"",""coordinates"":[]}"
5261_0,0.12199466,0.6573034,0.08956602,2024-05-06,5261,"{""type"":""MultiPoint"",""coordinates"":[]}"
5267_0,0.28830704,0.7311528,0.28936422,2024-05-06,5267,"{""type"":""MultiPoint"",""coordinates"":[]}"
5274_0,0.12191203,0.63524336,0.096694216,2024-05-06,5274,"{""type"":""MultiPoint"",""coordinates"":[]}"
5275_0,-0.04699818,0.44689378,-0.08910266,2024-05-06,5275,"{""type"":""MultiPoint"",""coordinates"":[]}"
5279_0,0.13582814,0.5652174,0.1355286,2024-05-06,5279,"{""type"":""MultiPoint"",""coordinates"":[]}"
5280_0,0.0330381,0.35391566,0.022316987,2024-05-06,5280,"{""type"":""MultiPoint"",""coordinates"":[]}"
5284_0,0.06380417,0.5768186,0.056420628,2024-05-06,5284,"{""type"":""MultiPoint"",""coordinates"":[]}"
5285_0,0.1172575,0.67952913,0.062474143,2024-05-06,5285,"{""type"":""MultiPoint"",""coordinates"":[]}"
5298_0,-0.047122028,0.43650794,-0.0816553,2024-05-06,5298,"{""type"":""MultiPoint"",""coordinates"":[]}"
5300_0,-0.02936444,0.3989899,-0.07183246,2024-05-06,5300,"{""type"":""MultiPoint"",""coordinates"":[]}"
5302_0,0.07710969,0.6388655,0.045690738,2024-05-06,5302,"{""type"":""MultiPoint"",""coordinates"":[]}"
5303_0,0.016826924,0.5418024,-0.0040329653,2024-05-06,5303,"{""type"":""MultiPoint"",""coordinates"":[]}"
5309_0,-0.035472695,0.46043548,-0.06589674,2024-05-06,5309,"{""type"":""MultiPoint"",""coordinates"":[]}"
5312_0,-0.03925171,0.5077678,-0.05870342,2024-05-06,5312,"{""type"":""MultiPoint"",""coordinates"":[]}"
5328_0,0.05186065,0.7289515,0.071165405,2024-05-06,5328,"{""type"":""MultiPoint"",""coordinates"":[]}"
5329_0,0.1579785,0.36431924,0.15730785,2024-05-06,5329,"{""type"":""MultiPoint"",""coordinates"":[]}"
5333_0,-0.035096556,0.4625323,-0.04262517,2024-05-06,5333,"{""type"":""MultiPoint"",""coordinates"":[]}"
5337_0,0.09514784,0.5786452,0.07066381,2024-05-06,5337,"{""type"":""MultiPoint"",""coordinates"":[]}"
5339_0,0.25955734,0.8154825,0.2159091,2024-05-06,5339,"{""type"":""MultiPoint"",""coordinates"":[]}"
5341_0,0.084994756,0.53186196,0.06115418,2024-05-06,5341,"{""type"":""MultiPoint"",""coordinates"":[]}"
5345_0,0.19068877,0.52640545,0.1708592,2024-05-06,5345,"{""type"":""MultiPoint"",""coordinates"":[]}"
5356_0,-0.011424219,0.50525665,-0.04361493,2024-05-06,5356,"{""type"":""MultiPoint"",""coordinates"":[]}"
5357_0,0.19245107,0.34015346,0.20376752,2024-05-06,5357,"{""type"":""MultiPoint"",""coordinates"":[]}"
5359_0,0.21529469,0.29896906,0.22004357,2024-05-06,5359,"{""type"":""MultiPoint"",""coordinates"":[]}"
5365_0,-0.09697264,0.4679634,-0.13805845,2024-05-06,5365,"{""type"":""MultiPoint"",""coordinates"":[]}"
5659_0,0.3053986,0.74143445,0.26539418,2024-05-06,5659,"{""type"":""MultiPoint"",""coordinates"":[]}"
5662_0,0.099156454,0.5479452,0.05572239,2024-05-06,5662,"{""type"":""MultiPoint"",""coordinates"":[]}"
5668_0,0.07195301,0.58586645,0.035278156,2024-05-06,5668,"{""type"":""MultiPoint"",""coordinates"":[]}"
5707_0,0.08629497,0.048163265,0.10516972,2024-05-06,5707,"{""type"":""MultiPoint"",""coordinates"":[]}"
5727_0,0.13371734,0.19593067,0.20238659,2024-05-06,5727,"{""type"":""MultiPoint"",""coordinates"":[]}"
5766_0,0.26460302,0.7590734,0.2321839,2024-05-06,5766,"{""type"":""MultiPoint"",""coordinates"":[]}"
5769_0,0.04783001,0.1450517,0.14378458,2024-05-06,5769,"{""type"":""MultiPoint"",""coordinates"":[]}"
5771_0,0.10469723,0.6060606,-0.10861948,2024-05-06,5771,"{""type"":""MultiPoint"",""coordinates"":[]}"
5773_0,0.28761733,0.8099467,0.26800436,2024-05-06,5773,"{""type"":""MultiPoint"",""coordinates"":[]}"
5775_0,0.021221865,0.12371558,0.013061603,2024-05-06,5775,"{""type"":""MultiPoint"",""coordinates"":[]}"
5779_0,0.11539917,0.30337077,0.097297296,2024-05-06,5779,"{""type"":""MultiPoint"",""coordinates"":[]}"
5784_0,0.1315569,0.5216638,0.008229665,2024-05-06,5784,"{""type"":""MultiPoint"",""coordinates"":[]}"
5785_0,0.037468776,0.5615425,0.011289771,2024-05-06,5785,"{""type"":""MultiPoint"",""coordinates"":[]}"
5789_0,0.08,0.43732193,0.11599613,2024-05-06,5789,"{""type"":""MultiPoint"",""coordinates"":[]}"
5790_0,0.40650406,0.8078141,0.4021294,2024-05-06,5790,"{""type"":""MultiPoint"",""coordinates"":[]}"
5791_0,0.18332209,0.69110763,0.14688767,2024-05-06,5791,"{""type"":""MultiPoint"",""coordinates"":[]}"
5792_0,0.11388013,0.6397638,0.085165285,2024-05-06,5792,"{""type"":""MultiPoint"",""coordinates"":[]}"
5803_0,0.24802804,0.64994425,0.26603934,2024-05-06,5803,"{""type"":""MultiPoint"",""coordinates"":[]}"
5807_0,-0.044020355,0.44719473,-0.07817633,2024-05-06,5807,"{""type"":""MultiPoint"",""coordinates"":[]}"
5811_0,0.073521,0.074458055,0.11151737,2024-05-06,5811,"{""type"":""MultiPoint"",""coordinates"":[]}"
5815_0,0.032169037,0.24586628,0.105317704,2024-05-06,5815,"{""type"":""MultiPoint"",""coordinates"":[]}"
5820_0,0.23944686,0.69411767,0.28351045,2024-05-06,5820,"{""type"":""MultiPoint"",""coordinates"":[]}"
5827_0,0.21033435,0.72888696,0.21153262,2024-05-06,5827,"{""type"":""MultiPoint"",""coordinates"":[]}"
5828_0,0.056741916,0.106602475,0.08651979,2024-05-06,5828,"{""type"":""MultiPoint"",""coordinates"":[]}"
5829_0,0.16325907,0.81103116,0.15863761,2024-05-06,5829,"{""type"":""MultiPoint"",""coordinates"":[]}"
5830_0,0.2465797,0.7010676,0.23514211,2024-05-06,5830,"{""type"":""MultiPoint"",""coordinates"":[]}"
5836_0,0.117839865,0.61513,0.094520986,2024-05-06,5836,"{""type"":""MultiPoint"",""coordinates"":[]}"
5837_0,0.18247472,0.63202465,0.11052907,2024-05-06,5837,"{""type"":""MultiPoint"",""coordinates"":[]}"
5843_0,0.22135994,0.70763725,0.15194204,2024-05-06,5843,"{""type"":""MultiPoint"",""coordinates"":[]}"
5844_0,-0.04549057,0.2983871,-0.064557776,2024-05-06,5844,"{""type"":""MultiPoint"",""coordinates"":[]}"
5845_0,0.14425136,0.45019445,0.14840697,2024-05-06,5845,"{""type"":""MultiPoint"",""coordinates"":[]}"
5846_0,0.2762109,0.82411605,0.26045418,2024-05-06,5846,"{""type"":""MultiPoint"",""coordinates"":[]}"
5847_0,0.19463496,0.7432252,0.19524825,2024-05-06,5847,"{""type"":""MultiPoint"",""coordinates"":[]}"
5848_0,0.15585774,0.631719,0.117550574,2024-05-06,5848,"{""type"":""MultiPoint"",""coordinates"":[]}"
5851_0,0.3363138,0.7949193,0.35555243,2024-05-06,5851,"{""type"":""MultiPoint"",""coordinates"":[]}"
5855_0,-0.004368084,0.49977708,-0.012476148,2024-05-06,5855,"{""type"":""MultiPoint"",""coordinates"":[]}"
5862_0,0.1868659,0.6763576,0.16197719,2024-05-06,5862,"{""type"":""MultiPoint"",""coordinates"":[]}"
5863_0,0.36242038,0.84229857,0.36099586,2024-05-06,5863,"{""type"":""MultiPoint"",""coordinates"":[]}"
5867_0,0.21719298,0.70246303,0.21540356,2024-05-06,5867,"{""type"":""MultiPoint"",""coordinates"":[]}"
5870_0,-0.03674746,0.4460261,-0.04204322,2024-05-06,5870,"{""type"":""MultiPoint"",""coordinates"":[]}"
5874_0,-0.3009836,0.49659863,-0.28664073,2024-05-06,5874,"{""type"":""MultiPoint"",""coordinates"":[]}"
5875_0,0.39755058,0.9115185,0.37322834,2024-05-06,5875,"{""type"":""MultiPoint"",""coordinates"":[]}"
5876_0,0.43338683,0.89361703,0.4320193,2024-05-06,5876,"{""type"":""MultiPoint"",""coordinates"":[]}"
5877_0,0.2404835,0.77059436,0.2346846,2024-05-06,5877,"{""type"":""MultiPoint"",""coordinates"":[]}"
5878_0,0.25374174,0.656235,0.2320917,2024-05-06,5878,"{""type"":""MultiPoint"",""coordinates"":[]}"
5883_0,0.20315017,0.76310885,0.19609967,2024-05-06,5883,"{""type"":""MultiPoint"",""coordinates"":[]}"
5884_0,0.1942471,0.7490326,0.15285115,2024-05-06,5884,"{""type"":""MultiPoint"",""coordinates"":[]}"
5885_0,0.21728833,0.6939799,0.21027479,2024-05-06,5885,"{""type"":""MultiPoint"",""coordinates"":[]}"
5886_0,0.15635084,0.7019276,0.114532016,2024-05-06,5886,"{""type"":""MultiPoint"",""coordinates"":[]}"
5892_0,0.26255777,0.76744187,0.25463325,2024-05-06,5892,"{""type"":""MultiPoint"",""coordinates"":[]}"
5893_0,0.19560741,0.7487923,0.1808015,2024-05-06,5893,"{""type"":""MultiPoint"",""coordinates"":[]}"
5896_0,-0.02002036,0.52944696,-0.08051761,2024-05-06,5896,"{""type"":""MultiPoint"",""coordinates"":[]}"
5900_0,0.112437814,0.55760366,0.06400839,2024-05-06,5900,"{""type"":""MultiPoint"",""coordinates"":[]}"
5903_0,0.15989488,0.5051546,0.143446,2024-05-06,5903,"{""type"":""MultiPoint"",""coordinates"":[]}"
5907_0,0.051403668,0.33842725,0.06376518,2024-05-06,5907,"{""type"":""MultiPoint"",""coordinates"":[]}"
5908_0,0.23037396,0.5459748,0.20094843,2024-05-06,5908,"{""type"":""MultiPoint"",""coordinates"":[]}"
5911_0,0.013058198,0.41981983,0.014646709,2024-05-06,5911,"{""type"":""MultiPoint"",""coordinates"":[]}"
5913_0,0.120607786,0.4870993,0.15587968,2024-05-06,5913,"{""type"":""MultiPoint"",""coordinates"":[]}"
5916_0,0.0010112796,0.108935125,0.060501866,2024-05-06,5916,"{""type"":""MultiPoint"",""coordinates"":[]}"
5920_0,0.23480333,0.6818533,0.20248447,2024-05-06,5920,"{""type"":""MultiPoint"",""coordinates"":[]}"
5923_0,0.13730305,0.2932062,0.014492754,2024-05-06,5923,"{""type"":""MultiPoint"",""coordinates"":[]}"
5930_0,0.23964955,0.77845526,0.22527568,2024-05-06,5930,"{""type"":""MultiPoint"",""coordinates"":[]}"
5938_0,0.13597013,0.50274223,0.1273787,2024-05-06,5938,"{""type"":""MultiPoint"",""coordinates"":[]}"
5941_0,0.09024808,0.58100194,0.06649111,2024-05-06,5941,"{""type"":""MultiPoint"",""coordinates"":[]}"
5943_0,0.30530614,0.7799043,0.24220838,2024-05-06,5943,"{""type"":""MultiPoint"",""coordinates"":[]}"
5945_0,0.07405507,0.522541,0.046663146,2024-05-06,5945,"{""type"":""MultiPoint"",""coordinates"":[]}"
5955_0,0.023521932,0.47358492,0.008392511,2024-05-06,5955,"{""type"":""MultiPoint"",""coordinates"":[]}"
5956_0,0.1638156,0.62981164,0.15967366,2024-05-06,5956,"{""type"":""MultiPoint"",""coordinates"":[]}"
5957_0,0.1970181,0.6599287,0.19392774,2024-05-06,5957,"{""type"":""MultiPoint"",""coordinates"":[]}"
5960_0,0.03706664,0.17299955,0.042614482,2024-05-06,5960,"{""type"":""MultiPoint"",""coordinates"":[]}"
5963_0,0.38555798,0.79094076,0.37433156,2024-05-06,5963,"{""type"":""MultiPoint"",""coordinates"":[]}"
5965_0,0.2500574,0.5476932,0.25211817,2024-05-06,5965,"{""type"":""MultiPoint"",""coordinates"":[]}"
5967_0,0.056210693,0.63380283,0.030486574,2024-05-06,5967,"{""type"":""MultiPoint"",""coordinates"":[]}"
5972_0,0.048870448,0.5560345,0.024355639,2024-05-06,5972,"{""type"":""MultiPoint"",""coordinates"":[]}"
5997_0,0.2152804,0.5260175,0.1737666,2024-05-06,5997,"{""type"":""MultiPoint"",""coordinates"":[]}"
6000_0,0.17766069,0.2992993,0.14185177,2024-05-06,6000,"{""type"":""MultiPoint"",""coordinates"":[]}"
6002_0,0.21119222,0.2933861,0.17063187,2024-05-06,6002,"{""type"":""MultiPoint"",""coordinates"":[]}"
6006_0,0.32938856,0.7393768,0.28721175,2024-05-06,6006,"{""type"":""MultiPoint"",""coordinates"":[]}"
6009_0,0.12520237,0.50931674,0.09060308,2024-05-06,6009,"{""type"":""MultiPoint"",""coordinates"":[]}"
6014_0,0.12179092,0.6528612,0.10016835,2024-05-06,6014,"{""type"":""MultiPoint"",""coordinates"":[]}"
6015_0,0.18615232,0.6885346,0.14487633,2024-05-06,6015,"{""type"":""MultiPoint"",""coordinates"":[]}"
6021_0,0.05290418,0.51753914,0.046909902,2024-05-06,6021,"{""type"":""MultiPoint"",""coordinates"":[]}"
6023_0,0.18283582,0.77184117,0.16690442,2024-05-06,6023,"{""type"":""MultiPoint"",""coordinates"":[]}"
6026_0,0.07269239,0.46851385,0.0348347,2024-05-06,6026,"{""type"":""MultiPoint"",""coordinates"":[]}"
6062_0,5.9224165E-4,0.50331616,-0.04895105,2024-05-06,6062,"{""type"":""MultiPoint"",""coordinates"":[]}"
6069_0,0.084706336,0.526526,0.06253722,2024-05-06,6069,"{""type"":""MultiPoint"",""coordinates"":[]}"
6100_0,0.22506562,0.35507247,0.2258276,2024-05-06,6100,"{""type"":""MultiPoint"",""coordinates"":[]}"
6101_0,0.26149255,0.3683869,0.26038864,2024-05-06,6101,"{""type"":""MultiPoint"",""coordinates"":[]}"
6109_0,0.16630773,0.2685422,0.17479867,2024-05-06,6109,"{""type"":""MultiPoint"",""coordinates"":[]}"
6113_0,0.24247973,0.28016788,0.25514403,2024-05-06,6113,"{""type"":""MultiPoint"",""coordinates"":[]}"
6117_0,0.23551503,0.25862986,0.24901186,2024-05-06,6117,"{""type"":""MultiPoint"",""coordinates"":[]}"
6125_0,0.25762713,0.12391214,0.2777385,2024-05-06,6125,"{""type"":""MultiPoint"",""coordinates"":[]}"
6133_0,0.2345555,0.14806378,0.2462908,2024-05-06,6133,"{""type"":""MultiPoint"",""coordinates"":[]}"
6138_0,0.20971005,0.15635452,0.22281167,2024-05-06,6138,"{""type"":""MultiPoint"",""coordinates"":[]}"
6148_0,0.21937205,0.13612951,0.23767535,2024-05-06,6148,"{""type"":""MultiPoint"",""coordinates"":[]}"
6379_0,0.16832553,0.73022103,0.19163465,2024-05-06,6379,"{""type"":""MultiPoint"",""coordinates"":[]}"
6392_0,0.22560643,0.8333333,0.19750519,2024-05-06,6392,"{""type"":""MultiPoint"",""coordinates"":[]}"
6475_0,0.042330224,0.18118246,0.123082735,2024-05-06,6475,"{""type"":""MultiPoint"",""coordinates"":[]}"
6479_0,0.099942565,0.31136417,0.07030555,2024-05-06,6479,"{""type"":""MultiPoint"",""coordinates"":[]}"
6516_0,0.12805535,0.65471697,0.10592686,2024-05-06,6516,"{""type"":""MultiPoint"",""coordinates"":[]}"
6517_0,0.230893,0.8110014,0.2342198,2024-05-06,6517,"{""type"":""MultiPoint"",""coordinates"":[]}"
6523_0,0.2266055,0.79115534,0.20931686,2024-05-06,6523,"{""type"":""MultiPoint"",""coordinates"":[]}"
6532_0,0.13174677,0.64253503,0.107022874,2024-05-06,6532,"{""type"":""MultiPoint"",""coordinates"":[]}"
6538_0,0.20593882,0.5383619,0.21008404,2024-05-06,6538,"{""type"":""MultiPoint"",""coordinates"":[]}"
6541_0,0.16778524,0.4947582,0.15646258,2024-05-06,6541,"{""type"":""MultiPoint"",""coordinates"":[]}"
6545_0,0.3919835,0.83504754,0.39243117,2024-05-06,6545,"{""type"":""MultiPoint"",""coordinates"":[]}"
6549_0,0.064907424,0.17601919,0.054850504,2024-05-06,6549,"{""type"":""MultiPoint"",""coordinates"":[]}"
6550_0,0.35942328,0.7506775,0.35005224,2024-05-06,6550,"{""type"":""MultiPoint"",""coordinates"":[]}"
6551_0,0.17316154,0.7703137,0.1533387,2024-05-06,6551,"{""type"":""MultiPoint"",""coordinates"":[]}"
6574_0,0.11309229,0.58898723,0.0922609,2024-05-06,6574,"{""type"":""MultiPoint"",""coordinates"":[]}"
6575_0,0.30622008,0.8628242,0.35267857,2024-05-06,6575,"{""type"":""MultiPoint"",""coordinates"":[]}"
6581_0,0.29529816,0.81269383,0.28149664,2024-05-06,6581,"{""type"":""MultiPoint"",""coordinates"":[]}"
6586_0,0.027136046,0.17169374,0.066338204,2024-05-06,6586,"{""type"":""MultiPoint"",""coordinates"":[]}"
6589_0,0.22604351,0.6804201,0.2596654,2024-05-06,6589,"{""type"":""MultiPoint"",""coordinates"":[]}"
6594_0,0.36063448,0.9007425,0.37381727,2024-05-06,6594,"{""type"":""MultiPoint"",""coordinates"":[]}"
6596_0,-0.037163813,0.45099702,-0.10728269,2024-05-06,6596,"{""type"":""MultiPoint"",""coordinates"":[]}"
6598_0,0.23373052,0.7265561,0.31023103,2024-05-06,6598,"{""type"":""MultiPoint"",""coordinates"":[]}"
6603_0,0.26595575,0.7980574,0.26630607,2024-05-06,6603,"{""type"":""MultiPoint"",""coordinates"":[]}"
6605_0,0.23689383,0.75213885,0.21224421,2024-05-06,6605,"{""type"":""MultiPoint"",""coordinates"":[]}"
6607_0,0.28774714,0.8592078,0.27300772,2024-05-06,6607,"{""type"":""MultiPoint"",""coordinates"":[]}"
6609_0,0.3065771,0.84537387,0.2997679,2024-05-06,6609,"{""type"":""MultiPoint"",""coordinates"":[]}"
6611_0,0.42935905,0.85641026,0.448,2024-05-06,6611,"{""type"":""MultiPoint"",""coordinates"":[]}"
6616_0,0.323226,0.77240515,0.32522985,2024-05-06,6616,"{""type"":""MultiPoint"",""coordinates"":[]}"
6618_0,0.06525517,0.5136226,0.0070493454,2024-05-06,6618,"{""type"":""MultiPoint"",""coordinates"":[]}"
6621_0,0.2267924,0.8182634,0.26034215,2024-05-06,6621,"{""type"":""MultiPoint"",""coordinates"":[]}"
6625_0,0.2583576,0.76700634,0.19456339,2024-05-06,6625,"{""type"":""MultiPoint"",""coordinates"":[]}"
6626_0,0.3323587,0.8154567,0.30703086,2024-05-06,6626,"{""type"":""MultiPoint"",""coordinates"":[]}"
6635_0,0.069863014,0.58122164,0.04366197,2024-05-06,6635,"{""type"":""MultiPoint"",""coordinates"":[]}"
6636_0,0.08176307,0.4871795,0.05561173,2024-05-06,6636,"{""type"":""MultiPoint"",""coordinates"":[]}"
6637_0,0.33491686,0.8039741,0.3159609,2024-05-06,6637,"{""type"":""MultiPoint"",""coordinates"":[]}"
6654_0,0.35413057,0.8317987,0.45490006,2024-05-06,6654,"{""type"":""MultiPoint"",""coordinates"":[]}"
6655_0,0.36787564,0.8027314,0.3214683,2024-05-06,6655,"{""type"":""MultiPoint"",""coordinates"":[]}"
6656_0,0.23809524,0.6653872,0.19430052,2024-05-06,6656,"{""type"":""MultiPoint"",""coordinates"":[]}"
6657_0,0.087635055,0.69539076,0.05354919,2024-05-06,6657,"{""type"":""MultiPoint"",""coordinates"":[]}"
6659_0,0.13842747,0.6534296,0.08146399,2024-05-06,6659,"{""type"":""MultiPoint"",""coordinates"":[]}"
6660_0,0.14666137,0.65470296,0.10931342,2024-05-06,6660,"{""type"":""MultiPoint"",""coordinates"":[]}"
6661_0,0.11798968,0.68839103,0.111632586,2024-05-06,6661,"{""type"":""MultiPoint"",""coordinates"":[]}"
6662_0,0.13224706,0.59479344,0.10336727,2024-05-06,6662,"{""type"":""MultiPoint"",""coordinates"":[]}"
6669_0,0.03448276,0.5820359,0.0018960941,2024-05-06,6669,"{""type"":""MultiPoint"",""coordinates"":[]}"
6673_0,0.22426632,0.7185835,0.21515621,2024-05-06,6673,"{""type"":""MultiPoint"",""coordinates"":[]}"
6678_0,0.09487666,0.6676677,0.07587989,2024-05-06,6678,"{""type"":""MultiPoint"",""coordinates"":[]}"
6682_0,0.15450588,0.46211383,0.1677922,2024-05-06,6682,"{""type"":""MultiPoint"",""coordinates"":[]}"
6685_0,0.08807588,0.5974026,0.04606662,2024-05-06,6685,"{""type"":""MultiPoint"",""coordinates"":[]}"
6690_0,0.3629351,0.8574338,0.36603633,2024-05-06,6690,"{""type"":""MultiPoint"",""coordinates"":[]}"
6694_0,0.359106,0.85439926,0.32355753,2024-05-06,6694,"{""type"":""MultiPoint"",""coordinates"":[]}"
6697_0,0.06916427,0.56692684,0.02380053,2024-05-06,6697,"{""type"":""MultiPoint"",""coordinates"":[]}"
6700_0,0.08783995,0.22148247,0.11405728,2024-05-06,6700,"{""type"":""MultiPoint"",""coordinates"":[]}"
6705_0,0.1402152,0.73685646,0.10983464,2024-05-06,6705,"{""type"":""MultiPoint"",""coordinates"":[]}"
6712_0,0.3448276,0.82681316,0.3348322,2024-05-06,6712,"{""type"":""MultiPoint"",""coordinates"":[]}"
6715_0,0.08292529,0.5789959,0.08292529,2024-05-06,6715,"{""type"":""MultiPoint"",""coordinates"":[]}"
6718_0,0.1519285,0.6301947,0.05922254,2024-05-06,6718,"{""type"":""MultiPoint"",""coordinates"":[]}"
6728_0,0.11681703,0.5249214,-0.058497366,2024-05-06,6728,"{""type"":""MultiPoint"",""coordinates"":[]}"
6729_0,0.11811024,0.5829694,0.1043412,2024-05-06,6729,"{""type"":""MultiPoint"",""coordinates"":[]}"
6732_0,-0.0068069305,0.47797868,-0.010245265,2024-05-06,6732,"{""type"":""MultiPoint"",""coordinates"":[]}"
6736_0,0.054841336,0.5584416,0.04536489,2024-05-06,6736,"{""type"":""MultiPoint"",""coordinates"":[]}"
6741_0,0.15095295,0.74345076,0.2106006,2024-05-06,6741,"{""type"":""MultiPoint"",""coordinates"":[]}"
6744_0,0.19556928,0.6854599,0.1702566,2024-05-06,6744,"{""type"":""MultiPoint"",""coordinates"":[]}"
6752_0,0.11697836,0.6425899,0.08475865,2024-05-06,6752,"{""type"":""MultiPoint"",""coordinates"":[]}"
6753_0,-0.0020998223,0.4883721,-0.02613298,2024-05-06,6753,"{""type"":""MultiPoint"",""coordinates"":[]}"
6761_0,0.053494874,0.56824106,0.031839848,2024-05-06,6761,"{""type"":""MultiPoint"",""coordinates"":[]}"
6765_0,0.08730944,0.6231884,0.07670739,2024-05-06,6765,"{""type"":""MultiPoint"",""coordinates"":[]}"
6768_0,-0.024586052,0.56902355,-0.045570917,2024-05-06,6768,"{""type"":""MultiPoint"",""coordinates"":[]}"
6771_0,0.1850234,0.58526963,0.16120745,2024-05-06,6771,"{""type"":""MultiPoint"",""coordinates"":[]}"
6774_0,0.23460096,0.46266752,0.2319269,2024-05-06,6774,"{""type"":""MultiPoint"",""coordinates"":[]}"
6783_0,0.07080594,0.55714285,0.06895495,2024-05-06,6783,"{""type"":""MultiPoint"",""coordinates"":[]}"
6788_0,0.14973746,0.62030673,0.13229859,2024-05-06,6788,"{""type"":""MultiPoint"",""coordinates"":[]}"
6791_0,0.023787906,0.5964802,-0.028309105,2024-05-06,6791,"{""type"":""MultiPoint"",""coordinates"":[]}"
6797_0,0.11333334,0.65924984,0.10173069,2024-05-06,6797,"{""type"":""MultiPoint"",""coordinates"":[]}"
6800_0,0.024532074,0.567753,0.0106892735,2024-05-06,6800,"{""type"":""MultiPoint"",""coordinates"":[]}"
6809_0,0.13443157,0.6890244,0.1310739,2024-05-06,6809,"{""type"":""MultiPoint"",""coordinates"":[]}"
6859_0,0.19619651,0.6555505,0.17662337,2024-05-06,6859,"{""type"":""MultiPoint"",""coordinates"":[]}"
6860_0,0.03432752,0.537837,0.014925373,2024-05-06,6860,"{""type"":""MultiPoint"",""coordinates"":[]}"
6861_0,0.045777425,0.5922933,0.028915662,2024-05-06,6861,"{""type"":""MultiPoint"",""coordinates"":[]}"
6863_0,0.07242448,0.59976035,0.054294176,2024-05-06,6863,"{""type"":""MultiPoint"",""coordinates"":[]}"
6876_0,0.12759644,0.6567811,0.09419014,2024-05-06,6876,"{""type"":""MultiPoint"",""coordinates"":[]}"
6894_0,0.22606798,0.20645906,0.25532553,2024-05-06,6894,"{""type"":""MultiPoint"",""coordinates"":[]}"
6896_0,0.21572971,0.451505,0.21026213,2024-05-06,6896,"{""type"":""MultiPoint"",""coordinates"":[]}"
6899_0,0.17799352,0.34418023,0.16993465,2024-05-06,6899,"{""type"":""MultiPoint"",""coordinates"":[]}"
6901_0,0.17917548,0.6600375,0.1750332,2024-05-06,6901,"{""type"":""MultiPoint"",""coordinates"":[]}"
6902_0,0.19757174,0.42219305,0.19668508,2024-05-06,6902,"{""type"":""MultiPoint"",""coordinates"":[]}"
6903_0,0.20598269,0.30444697,0.2038937,2024-05-06,6903,"{""type"":""MultiPoint"",""coordinates"":[]}"
6909_0,0.27253503,0.27955183,0.24808744,2024-05-06,6909,"{""type"":""MultiPoint"",""coordinates"":[]}"
6911_0,0.20797983,0.60198694,0.19804968,2024-05-06,6911,"{""type"":""MultiPoint"",""coordinates"":[]}"
6931_0,0.24832575,0.17738791,0.26525268,2024-05-06,6931,"{""type"":""MultiPoint"",""coordinates"":[]}"
6936_0,0.2374861,0.16231439,0.24691018,2024-05-06,6936,"{""type"":""MultiPoint"",""coordinates"":[]}"
6946_0,0.25459316,0.102870815,0.27818853,2024-05-06,6946,"{""type"":""MultiPoint"",""coordinates"":[]}"
6949_0,0.21872187,0.10268562,0.23321554,2024-05-06,6949,"{""type"":""MultiPoint"",""coordinates"":[]}"
7172_0,0.29536465,0.8161747,0.25902513,2024-05-06,7172,"{""type"":""MultiPoint"",""coordinates"":[]}"
7298_0,0.18055983,0.7040189,0.14996809,2024-05-06,7298,"{""type"":""MultiPoint"",""coordinates"":[]}"
7321_0,0.02143146,0.48042107,-0.01595298,2024-05-06,7321,"{""type"":""MultiPoint"",""coordinates"":[]}"
7328_0,0.21187672,0.74642515,0.20013101,2024-05-06,7328,"{""type"":""MultiPoint"",""coordinates"":[]}"
7329_0,0.19057816,0.52755904,0.123986095,2024-05-06,7329,"{""type"":""MultiPoint"",""coordinates"":[]}"
7332_0,0.049833886,0.53870624,-0.017104149,2024-05-06,7332,"{""type"":""MultiPoint"",""coordinates"":[]}"
7337_0,0.05109489,0.45753425,0.1875,2024-05-06,7337,"{""type"":""MultiPoint"",""coordinates"":[]}"
7340_0,-0.01609517,0.4986175,-0.054925893,2024-05-06,7340,"{""type"":""MultiPoint"",""coordinates"":[]}"
7343_0,0.092755586,0.008651399,0.08394859,2024-05-06,7343,"{""type"":""MultiPoint"",""coordinates"":[]}"
7348_0,0.15339233,0.5952381,0.13319239,2024-05-06,7348,"{""type"":""MultiPoint"",""coordinates"":[]}"
7349_0,0.04417591,0.13534154,0.051783435,2024-05-06,7349,"{""type"":""MultiPoint"",""coordinates"":[]}"
7350_0,0.054606933,0.050574712,-0.009750812,2024-05-06,7350,"{""type"":""MultiPoint"",""coordinates"":[]}"
7375_0,0.061433446,0.55249745,0.0034590678,2024-05-06,7375,"{""type"":""MultiPoint"",""coordinates"":[]}"
7376_0,0.09974034,0.7186025,0.10520723,2024-05-06,7376,"{""type"":""MultiPoint"",""coordinates"":[]}"
7382_0,0.16049382,0.5016911,0.13265306,2024-05-06,7382,"{""type"":""MultiPoint"",""coordinates"":[]}"
7388_0,0.054908484,0.52577317,0.29177058,2024-05-06,7388,"{""type"":""MultiPoint"",""coordinates"":[]}"
7393_0,0.29318103,0.77515376,0.27716815,2024-05-06,7393,"{""type"":""MultiPoint"",""coordinates"":[]}"
7395_0,0.2007874,0.64737195,0.20780487,2024-05-06,7395,"{""type"":""MultiPoint"",""coordinates"":[]}"
7404_0,0.25809306,0.75682914,0.22001116,2024-05-06,7404,"{""type"":""MultiPoint"",""coordinates"":[]}"
7406_0,-0.014622847,0.46507353,-0.04722056,2024-05-06,7406,"{""type"":""MultiPoint"",""coordinates"":[]}"
7408_0,0.1614035,0.5321515,0.13696156,2024-05-06,7408,"{""type"":""MultiPoint"",""coordinates"":[]}"
7411_0,0.30483383,0.8100941,0.2955763,2024-05-06,7411,"{""type"":""MultiPoint"",""coordinates"":[]}"
7417_0,0.08401084,0.6444886,0.07097817,2024-05-06,7417,"{""type"":""MultiPoint"",""coordinates"":[]}"
7420_0,0.017951736,0.5144395,-0.037785724,2024-05-06,7420,"{""type"":""MultiPoint"",""coordinates"":[]}"
7421_0,0.085514255,0.6533603,0.0879468,2024-05-06,7421,"{""type"":""MultiPoint"",""coordinates"":[]}"
7425_0,0.045992956,0.29995137,0.08942758,2024-05-06,7425,"{""type"":""MultiPoint"",""coordinates"":[]}"
7426_0,0.33428615,0.79243624,0.32080364,2024-05-06,7426,"{""type"":""MultiPoint"",""coordinates"":[]}"
7434_0,0.21273392,0.7350033,0.17974003,2024-05-06,7434,"{""type"":""MultiPoint"",""coordinates"":[]}"
7435_0,-0.07139851,0.38790035,-0.10073498,2024-05-06,7435,"{""type"":""MultiPoint"",""coordinates"":[]}"
7436_0,0.30156568,0.74248123,0.2875,2024-05-06,7436,"{""type"":""MultiPoint"",""coordinates"":[]}"
7437_0,0.21630645,0.70055085,0.20725204,2024-05-06,7437,"{""type"":""MultiPoint"",""coordinates"":[]}"
7438_0,0.36566103,0.8835886,0.3637516,2024-05-06,7438,"{""type"":""MultiPoint"",""coordinates"":[]}"
7439_0,0.34064353,0.80713904,0.29812476,2024-05-06,7439,"{""type"":""MultiPoint"",""coordinates"":[]}"
7440_0,0.16687004,0.8198883,0.19711892,2024-05-06,7440,"{""type"":""MultiPoint"",""coordinates"":[]}"
7441_0,0.32481405,0.7912799,0.28542593,2024-05-06,7441,"{""type"":""MultiPoint"",""coordinates"":[]}"
7442_0,0.2939366,0.800083,0.3084112,2024-05-06,7442,"{""type"":""MultiPoint"",""coordinates"":[]}"
7443_0,0.32347387,0.7912746,0.32155254,2024-05-06,7443,"{""type"":""MultiPoint"",""coordinates"":[]}"
7444_0,0.33683205,0.8305085,0.34894612,2024-05-06,7444,"{""type"":""MultiPoint"",""coordinates"":[]}"
7446_0,0.31243032,0.8263106,0.3034025,2024-05-06,7446,"{""type"":""MultiPoint"",""coordinates"":[]}"
7447_0,0.334,0.8173913,0.35318872,2024-05-06,7447,"{""type"":""MultiPoint"",""coordinates"":[]}"
7450_0,0.36560324,0.6893983,0.2603677,2024-05-06,7450,"{""type"":""MultiPoint"",""coordinates"":[]}"
7451_0,0.15658657,0.70547265,0.14783192,2024-05-06,7451,"{""type"":""MultiPoint"",""coordinates"":[]}"
7452_0,0.05375591,0.47924113,-0.0022255194,2024-05-06,7452,"{""type"":""MultiPoint"",""coordinates"":[]}"
7453_0,-0.029699938,0.46938777,-0.05307656,2024-05-06,7453,"{""type"":""MultiPoint"",""coordinates"":[]}"
7454_0,0.1091703,0.7236534,0.28671327,2024-05-06,7454,"{""type"":""MultiPoint"",""coordinates"":[]}"
7456_0,0.13992043,0.57259864,0.09961819,2024-05-06,7456,"{""type"":""MultiPoint"",""coordinates"":[]}"
7457_0,0.23809524,0.6340111,0.085995086,2024-05-06,7457,"{""type"":""MultiPoint"",""coordinates"":[]}"
7458_0,0.26301807,0.75292397,0.267107,2024-05-06,7458,"{""type"":""MultiPoint"",""coordinates"":[]}"
7459_0,0.1816276,0.67594653,0.16734536,2024-05-06,7459,"{""type"":""MultiPoint"",""coordinates"":[]}"
7460_0,0.11360239,0.63415325,0.09844166,2024-05-06,7460,"{""type"":""MultiPoint"",""coordinates"":[]}"
7466_0,0.4135115,0.705104,0.39090207,2024-05-06,7466,"{""type"":""MultiPoint"",""coordinates"":[]}"
7467_0,0.22635712,0.7720259,0.2221078,2024-05-06,7467,"{""type"":""MultiPoint"",""coordinates"":[]}"
7471_0,-0.025994865,0.44955045,-0.048368584,2024-05-06,7471,"{""type"":""MultiPoint"",""coordinates"":[]}"
7476_0,0.40814158,0.8406333,0.35193798,2024-05-06,7476,"{""type"":""MultiPoint"",""coordinates"":[]}"
7477_0,0.1624884,0.64041096,0.17222393,2024-05-06,7477,"{""type"":""MultiPoint"",""coordinates"":[]}"
7486_0,0.2905569,0.4762551,0.29988053,2024-05-06,7486,"{""type"":""MultiPoint"",""coordinates"":[]}"
7490_0,0.10195835,0.47260273,0.087059565,2024-05-06,7490,"{""type"":""MultiPoint"",""coordinates"":[]}"
7493_0,0.053245388,0.09638554,-0.06266095,2024-05-06,7493,"{""type"":""MultiPoint"",""coordinates"":[]}"
7497_0,0.002734909,0.20932168,0.06476138,2024-05-06,7497,"{""type"":""MultiPoint"",""coordinates"":[]}"
7502_0,0.036334913,0.457539,0.001339485,2024-05-06,7502,"{""type"":""MultiPoint"",""coordinates"":[]}"
7505_0,-0.013749813,0.10557532,0.047264554,2024-05-06,7505,"{""type"":""MultiPoint"",""coordinates"":[]}"
7506_0,0.1442786,0.65024066,0.0892587,2024-05-06,7506,"{""type"":""MultiPoint"",""coordinates"":[]}"
7507_0,0.2522536,0.81879765,0.25871667,2024-05-06,7507,"{""type"":""MultiPoint"",""coordinates"":[]}"
7508_0,0.40875164,0.8225597,0.41786742,2024-05-06,7508,"{""type"":""MultiPoint"",""coordinates"":[]}"
7511_0,0.28890917,0.61709404,0.09681159,2024-05-06,7511,"{""type"":""MultiPoint"",""coordinates"":[]}"
7513_0,0.25581396,0.7529215,0.2195122,2024-05-06,7513,"{""type"":""MultiPoint"",""coordinates"":[]}"
7526_0,0.20602651,0.67139107,0.1856265,2024-05-06,7526,"{""type"":""MultiPoint"",""coordinates"":[]}"
7529_0,0.111638956,0.61043286,0.08831802,2024-05-06,7529,"{""type"":""MultiPoint"",""coordinates"":[]}"
7532_0,0.05159639,0.47218934,0.029233314,2024-05-06,7532,"{""type"":""MultiPoint"",""coordinates"":[]}"
7535_0,0.26816502,0.7446198,0.34346086,2024-05-06,7535,"{""type"":""MultiPoint"",""coordinates"":[]}"
7540_0,0.21249469,0.70146465,0.19135937,2024-05-06,7540,"{""type"":""MultiPoint"",""coordinates"":[]}"
7543_0,0.2178304,0.6895307,0.18652663,2024-05-06,7543,"{""type"":""MultiPoint"",""coordinates"":[]}"
7548_0,0.2440686,0.6797242,0.24970856,2024-05-06,7548,"{""type"":""MultiPoint"",""coordinates"":[]}"
7558_0,0.095323384,0.6903485,0.051929094,2024-05-06,7558,"{""type"":""MultiPoint"",""coordinates"":[]}"
7562_0,0.035795886,0.5214228,-0.004496165,2024-05-06,7562,"{""type"":""MultiPoint"",""coordinates"":[]}"
7569_0,0.19641356,0.43375924,0.19573753,2024-05-06,7569,"{""type"":""MultiPoint"",""coordinates"":[]}"
7576_0,0.2041116,0.73913044,0.19907114,2024-05-06,7576,"{""type"":""MultiPoint"",""coordinates"":[]}"
7577_0,-0.0055039558,0.5426112,-0.041882016,2024-05-06,7577,"{""type"":""MultiPoint"",""coordinates"":[]}"
7582_0,0.002112104,0.4691053,-0.016382592,2024-05-06,7582,"{""type"":""MultiPoint"",""coordinates"":[]}"
7590_0,0.2277758,0.54925776,0.22846442,2024-05-06,7590,"{""type"":""MultiPoint"",""coordinates"":[]}"
7593_0,0.021276595,0.5289421,0.012223324,2024-05-06,7593,"{""type"":""MultiPoint"",""coordinates"":[]}"
7600_0,0.15553762,0.45784956,0.1596065,2024-05-06,7600,"{""type"":""MultiPoint"",""coordinates"":[]}"
7607_0,0.16285647,0.29663607,0.17777778,2024-05-06,7607,"{""type"":""MultiPoint"",""coordinates"":[]}"
7622_0,0.0767405,0.62020695,0.06565252,2024-05-06,7622,"{""type"":""MultiPoint"",""coordinates"":[]}"
7668_0,0.15864074,0.6191935,0.15618736,2024-05-06,7668,"{""type"":""MultiPoint"",""coordinates"":[]}"
7671_0,0.14388327,0.68900985,0.13100934,2024-05-06,7671,"{""type"":""MultiPoint"",""coordinates"":[]}"
7696_0,0.3366941,0.7477412,0.31842965,2024-05-06,7696,"{""type"":""MultiPoint"",""coordinates"":[]}"
7706_0,0.25121555,0.31863284,0.26627845,2024-05-06,7706,"{""type"":""MultiPoint"",""coordinates"":[]}"
7709_0,0.21276596,0.32063493,0.2061467,2024-05-06,7709,"{""type"":""MultiPoint"",""coordinates"":[]}"
7712_0,0.17655714,0.2601457,0.18117532,2024-05-06,7712,"{""type"":""MultiPoint"",""coordinates"":[]}"
7713_0,0.24908303,0.2813793,0.24530831,2024-05-06,7713,"{""type"":""MultiPoint"",""coordinates"":[]}"
7726_0,0.23725584,0.11971831,0.2825454,2024-05-06,7726,"{""type"":""MultiPoint"",""coordinates"":[]}"
7976_0,0.12661918,0.6491653,0.11646192,2024-05-06,7976,"{""type"":""MultiPoint"",""coordinates"":[]}"
8069_0,0.32769012,0.83668816,0.29703635,2024-05-06,8069,"{""type"":""MultiPoint"",""coordinates"":[]}"
8108_0,0.23990573,0.82086796,0.23966682,2024-05-06,8108,"{""type"":""MultiPoint"",""coordinates"":[]}"
8109_0,0.095565565,0.33375877,0.04578434,2024-05-06,8109,"{""type"":""MultiPoint"",""coordinates"":[]}"
8112_0,0.22478528,0.75653476,0.19648989,2024-05-06,8112,"{""type"":""MultiPoint"",""coordinates"":[]}"
8113_0,0.3184528,0.8413609,0.29266188,2024-05-06,8113,"{""type"":""MultiPoint"",""coordinates"":[]}"
8121_0,0.2293578,0.8406264,0.22651933,2024-05-06,8121,"{""type"":""MultiPoint"",""coordinates"":[]}"
8126_0,0.1656827,0.1124871,0.129831,2024-05-06,8126,"{""type"":""MultiPoint"",""coordinates"":[]}"
8128_0,0.16686746,0.7629382,0.14391829,2024-05-06,8128,"{""type"":""MultiPoint"",""coordinates"":[]}"
8132_0,0.06400632,0.60645163,0.024902243,2024-05-06,8132,"{""type"":""MultiPoint"",""coordinates"":[]}"
8139_0,0.36726272,0.9253112,0.3371758,2024-05-06,8139,"{""type"":""MultiPoint"",""coordinates"":[]}"
8143_0,0.3914209,0.6270316,0.35373667,2024-05-06,8143,"{""type"":""MultiPoint"",""coordinates"":[]}"
8147_0,0.18393672,0.025125628,0.18705298,2024-05-06,8147,"{""type"":""MultiPoint"",""coordinates"":[]}"
8157_0,0.03410439,0.50394064,-0.0019996923,2024-05-06,8157,"{""type"":""MultiPoint"",""coordinates"":[]}"
8158_0,0.033783782,0.51661974,0.0224079,2024-05-06,8158,"{""type"":""MultiPoint"",""coordinates"":[]}"
8160_0,0.21461754,0.80320364,0.2168005,2024-05-06,8160,"{""type"":""MultiPoint"",""coordinates"":[]}"
8167_0,0.0015239257,0.59041643,0.2598283,2024-05-06,8167,"{""type"":""MultiPoint"",""coordinates"":[]}"
8172_0,0.27711877,0.8613944,0.27753177,2024-05-06,8172,"{""type"":""MultiPoint"",""coordinates"":[]}"
8175_0,0.22476928,0.81118727,0.22268657,2024-05-06,8175,"{""type"":""MultiPoint"",""coordinates"":[]}"
8179_0,0.03003029,0.16362192,0.022330774,2024-05-06,8179,"{""type"":""MultiPoint"",""coordinates"":[]}"
8181_0,0.03645339,0.23286468,0.050247964,2024-05-06,8181,"{""type"":""MultiPoint"",""coordinates"":[]}"
8186_0,0.27906588,0.8276016,0.30881178,2024-05-06,8186,"{""type"":""MultiPoint"",""coordinates"":[]}"
8192_0,0.13431907,0.70969963,0.14549085,2024-05-06,8192,"{""type"":""MultiPoint"",""coordinates"":[]}"
8195_0,0.19370173,0.72670805,0.17832273,2024-05-06,8195,"{""type"":""MultiPoint"",""coordinates"":[]}"
8198_0,0.40884852,0.7900553,0.4064535,2024-05-06,8198,"{""type"":""MultiPoint"",""coordinates"":[]}"
8201_0,-0.025116613,0.49658248,-0.06306977,2024-05-06,8201,"{""type"":""MultiPoint"",""coordinates"":[]}"
8203_0,0.011169514,0.5031315,-0.022071308,2024-05-06,8203,"{""type"":""MultiPoint"",""coordinates"":[]}"
8206_0,0.20700637,0.7402907,0.1891892,2024-05-06,8206,"{""type"":""MultiPoint"",""coordinates"":[]}"
8207_0,0.055047516,0.67467654,0.015505324,2024-05-06,8207,"{""type"":""MultiPoint"",""coordinates"":[]}"
8210_0,0.058915947,0.4866828,0.012366035,2024-05-06,8210,"{""type"":""MultiPoint"",""coordinates"":[]}"
8213_0,0.28294572,0.75595236,0.29138166,2024-05-06,8213,"{""type"":""MultiPoint"",""coordinates"":[]}"
8218_0,-0.028428927,0.5247085,-0.059427984,2024-05-06,8218,"{""type"":""MultiPoint"",""coordinates"":[]}"
8219_0,0.41530564,0.7929374,0.28133065,2024-05-06,8219,"{""type"":""MultiPoint"",""coordinates"":[]}"
8222_0,0.15592435,0.61174554,0.1508445,2024-05-06,8222,"{""type"":""MultiPoint"",""coordinates"":[]}"
8227_0,0.36973208,0.8911329,0.3863508,2024-05-06,8227,"{""type"":""MultiPoint"",""coordinates"":[]}"
8231_0,0.11998449,0.63630825,0.08393866,2024-05-06,8231,"{""type"":""MultiPoint"",""coordinates"":[]}"
8232_0,0.26913124,0.7219731,0.24556382,2024-05-06,8232,"{""type"":""MultiPoint"",""coordinates"":[]}"
8240_0,0.0048490535,0.4496056,0.019571582,2024-05-06,8240,"{""type"":""MultiPoint"",""coordinates"":[]}"
8241_0,0.22105902,0.72381586,0.20316623,2024-05-06,8241,"{""type"":""MultiPoint"",""coordinates"":[]}"
8244_0,0.16970387,0.6770444,0.16158712,2024-05-06,8244,"{""type"":""MultiPoint"",""coordinates"":[]}"
8247_0,0.26627442,0.7266891,0.18730292,2024-05-06,8247,"{""type"":""MultiPoint"",""coordinates"":[]}"
8251_0,0.17943338,0.330615,0.17721328,2024-05-06,8251,"{""type"":""MultiPoint"",""coordinates"":[]}"
8254_0,0.3117577,0.7718121,0.29134822,2024-05-06,8254,"{""type"":""MultiPoint"",""coordinates"":[]}"
8256_0,0.2975815,0.73253304,0.2858161,2024-05-06,8256,"{""type"":""MultiPoint"",""coordinates"":[]}"
8259_0,0.24737945,0.6672414,0.21234916,2024-05-06,8259,"{""type"":""MultiPoint"",""coordinates"":[]}"
8265_0,0.031252522,0.10819219,0.033360194,2024-05-06,8265,"{""type"":""MultiPoint"",""coordinates"":[]}"
8276_0,0.061433446,0.48815167,0.17602997,2024-05-06,8276,"{""type"":""MultiPoint"",""coordinates"":[]}"
8278_0,0.16067538,0.56171286,0.16949609,2024-05-06,8278,"{""type"":""MultiPoint"",""coordinates"":[]}"
8279_0,0.25865656,0.6295576,0.26228583,2024-05-06,8279,"{""type"":""MultiPoint"",""coordinates"":[]}"
8282_0,0.037271004,0.25853094,0.0664053,2024-05-06,8282,"{""type"":""MultiPoint"",""coordinates"":[]}"
8284_0,-0.008844339,0.42222223,-0.033524614,2024-05-06,8284,"{""type"":""MultiPoint"",""coordinates"":[]}"
8286_0,0.17066015,0.60795456,0.14343435,2024-05-06,8286,"{""type"":""MultiPoint"",""coordinates"":[]}"
8296_0,0.018076865,0.58471596,-0.012531328,2024-05-06,8296,"{""type"":""MultiPoint"",""coordinates"":[]}"
8298_0,0.053314626,0.58251613,0.022632627,2024-05-06,8298,"{""type"":""MultiPoint"",""coordinates"":[]}"
8308_0,0.16876845,0.615942,0.1802064,2024-05-06,8308,"{""type"":""MultiPoint"",""coordinates"":[]}"
8337_0,0.092845656,0.621378,0.054659687,2024-05-06,8337,"{""type"":""MultiPoint"",""coordinates"":[]}"
8338_0,0.08368742,0.59731543,0.07046477,2024-05-06,8338,"{""type"":""MultiPoint"",""coordinates"":[]}"
8341_0,0.067961164,0.6403252,0.05567183,2024-05-06,8341,"{""type"":""MultiPoint"",""coordinates"":[]}"
8350_0,0.17656599,0.4470527,0.15463059,2024-05-06,8350,"{""type"":""MultiPoint"",""coordinates"":[]}"
8351_0,0.1831097,0.65319866,0.17464115,2024-05-06,8351,"{""type"":""MultiPoint"",""coordinates"":[]}"
8352_0,0.27190855,0.66136575,0.2564556,2024-05-06,8352,"{""type"":""MultiPoint"",""coordinates"":[]}"
8353_0,0.19426616,0.32732448,0.19547105,2024-05-06,8353,"{""type"":""MultiPoint"",""coordinates"":[]}"
8367_0,0.2603758,0.17549168,0.26883036,2024-05-06,8367,"{""type"":""MultiPoint"",""coordinates"":[]}"
8393_0,0.11716828,0.5575413,0.10445469,2024-05-06,8393,"{""type"":""MultiPoint"",""coordinates"":[]}"
8442_0,0.22153097,0.38904718,0.20781723,2024-05-06,8442,"{""type"":""MultiPoint"",""coordinates"":[]}"
8443_0,0.33467236,0.43283582,0.33964616,2024-05-06,8443,"{""type"":""MultiPoint"",""coordinates"":[]}"
8448_0,0.17013049,0.538262,0.16018586,2024-05-06,8448,"{""type"":""MultiPoint"",""coordinates"":[]}"
8453_0,0.20206252,0.24673629,0.21346886,2024-05-06,8453,"{""type"":""MultiPoint"",""coordinates"":[]}"
8454_0,0.25577962,0.1608889,0.26642424,2024-05-06,8454,"{""type"":""MultiPoint"",""coordinates"":[]}"
8455_0,0.17156398,0.264806,0.17260966,2024-05-06,8455,"{""type"":""MultiPoint"",""coordinates"":[]}"
8749_0,0.100402765,0.65523386,0.08607336,2024-05-06,8749,"{""type"":""MultiPoint"",""coordinates"":[]}"
8758_0,0.2874494,0.8313878,0.2813067,2024-05-06,8758,"{""type"":""MultiPoint"",""coordinates"":[]}"
8787_0,0.11109492,0.012794996,0.0773535,2024-05-06,8787,"{""type"":""MultiPoint"",""coordinates"":[]}"
8792_0,0.22097379,0.80176544,0.19785379,2024-05-06,8792,"{""type"":""MultiPoint"",""coordinates"":[]}"
8798_0,0.1956324,0.76392823,0.16969317,2024-05-06,8798,"{""type"":""MultiPoint"",""coordinates"":[]}"
8807_0,0.076664634,0.6593301,0.068556465,2024-05-06,8807,"{""type"":""MultiPoint"",""coordinates"":[]}"
8810_0,0.25949225,0.81284773,0.37003058,2024-05-06,8810,"{""type"":""MultiPoint"",""coordinates"":[]}"
8812_0,0.082579866,0.04189803,0.09314796,2024-05-06,8812,"{""type"":""MultiPoint"",""coordinates"":[]}"
8814_0,0.12939756,0.7256386,0.11713367,2024-05-06,8814,"{""type"":""MultiPoint"",""coordinates"":[]}"
8817_0,0.4600823,0.75063616,0.35433072,2024-05-06,8817,"{""type"":""MultiPoint"",""coordinates"":[]}"
8819_0,-0.080290236,0.43637672,-0.063839756,2024-05-06,8819,"{""type"":""MultiPoint"",""coordinates"":[]}"
8822_0,0.10181541,0.003960396,0.06828208,2024-05-06,8822,"{""type"":""MultiPoint"",""coordinates"":[]}"
8827_0,0.057045344,0.63850486,0.04900836,2024-05-06,8827,"{""type"":""MultiPoint"",""coordinates"":[]}"
8835_0,0.009786248,0.07581574,0.076719895,2024-05-06,8835,"{""type"":""MultiPoint"",""coordinates"":[]}"
8836_0,0.09211337,0.5776928,0.086909376,2024-05-06,8836,"{""type"":""MultiPoint"",""coordinates"":[]}"
8837_0,0.049751583,0.06648697,0.152637,2024-05-06,8837,"{""type"":""MultiPoint"",""coordinates"":[]}"
8841_0,0.3656737,0.894218,0.365587,2024-05-06,8841,"{""type"":""MultiPoint"",""coordinates"":[]}"
8845_0,0.018244505,0.52230483,-0.021066787,2024-05-06,8845,"{""type"":""MultiPoint"",""coordinates"":[]}"
8846_0,0.17613673,0.057188246,0.25013208,2024-05-06,8846,"{""type"":""MultiPoint"",""coordinates"":[]}"
8852_0,-0.014397719,0.48566228,-0.043095868,2024-05-06,8852,"{""type"":""MultiPoint"",""coordinates"":[]}"
8853_0,0.31669378,0.7781629,0.23937991,2024-05-06,8853,"{""type"":""MultiPoint"",""coordinates"":[]}"
8864_0,0.14662646,0.30031312,0.14716223,2024-05-06,8864,"{""type"":""MultiPoint"",""coordinates"":[]}"
8868_0,0.23280913,0.7675294,0.20307495,2024-05-06,8868,"{""type"":""MultiPoint"",""coordinates"":[]}"
8873_0,0.32498968,0.8255257,0.28224626,2024-05-06,8873,"{""type"":""MultiPoint"",""coordinates"":[]}"
8875_0,-0.024476476,0.4870631,-0.06971461,2024-05-06,8875,"{""type"":""MultiPoint"",""coordinates"":[]}"
8877_0,0.008592981,0.08492569,0.039344054,2024-05-06,8877,"{""type"":""MultiPoint"",""coordinates"":[]}"
8880_0,0.26196215,0.804247,0.26575342,2024-05-06,8880,"{""type"":""MultiPoint"",""coordinates"":[]}"
8888_0,0.28617463,0.7965654,0.2738058,2024-05-06,8888,"{""type"":""MultiPoint"",""coordinates"":[]}"
8891_0,0.38199437,0.9093165,0.3631825,2024-05-06,8891,"{""type"":""MultiPoint"",""coordinates"":[]}"
8894_0,0.26028636,0.74086094,0.24235876,2024-05-06,8894,"{""type"":""MultiPoint"",""coordinates"":[]}"
8897_0,0.27499232,0.81566423,0.28063482,2024-05-06,8897,"{""type"":""MultiPoint"",""coordinates"":[]}"
8900_0,0.1314376,0.73984575,0.10353824,2024-05-06,8900,"{""type"":""MultiPoint"",""coordinates"":[]}"
8904_0,0.18906797,0.6650267,0.14723656,2024-05-06,8904,"{""type"":""MultiPoint"",""coordinates"":[]}"
8909_0,0.18624833,0.76958525,0.19881696,2024-05-06,8909,"{""type"":""MultiPoint"",""coordinates"":[]}"
8913_0,0.2154983,0.7764277,0.19639935,2024-05-06,8913,"{""type"":""MultiPoint"",""coordinates"":[]}"
8916_0,0.12618433,0.68758917,0.076678045,2024-05-06,8916,"{""type"":""MultiPoint"",""coordinates"":[]}"
8921_0,0.19124466,0.75884956,0.18656716,2024-05-06,8921,"{""type"":""MultiPoint"",""coordinates"":[]}"
8922_0,0.22173275,0.72752655,0.18680476,2024-05-06,8922,"{""type"":""MultiPoint"",""coordinates"":[]}"
8929_0,0.2672234,0.7682468,0.25199786,2024-05-06,8929,"{""type"":""MultiPoint"",""coordinates"":[]}"
8930_0,0.38044372,0.66522676,0.34320557,2024-05-06,8930,"{""type"":""MultiPoint"",""coordinates"":[]}"
8936_0,0.17727584,0.69074947,0.1627583,2024-05-06,8936,"{""type"":""MultiPoint"",""coordinates"":[]}"
8937_0,0.181362,0.595582,0.136288,2024-05-06,8937,"{""type"":""MultiPoint"",""coordinates"":[]}"
8938_0,0.1428113,0.6116223,0.10951825,2024-05-06,8938,"{""type"":""MultiPoint"",""coordinates"":[]}"
8939_0,0.13298969,0.6725389,0.122587375,2024-05-06,8939,"{""type"":""MultiPoint"",""coordinates"":[]}"
8956_0,0.39871037,0.6805712,0.33293593,2024-05-06,8956,"{""type"":""MultiPoint"",""coordinates"":[]}"
8957_0,0.11313733,0.6846473,0.08784689,2024-05-06,8957,"{""type"":""MultiPoint"",""coordinates"":[]}"
8971_0,0.20737842,0.5615707,0.18176572,2024-05-06,8971,"{""type"":""MultiPoint"",""coordinates"":[]}"
8977_0,0.23479696,0.73576045,0.22859518,2024-05-06,8977,"{""type"":""MultiPoint"",""coordinates"":[]}"
8979_0,0.15749829,0.30168045,0.1387236,2024-05-06,8979,"{""type"":""MultiPoint"",""coordinates"":[]}"
8985_0,0.13086258,0.66641355,0.10804443,2024-05-06,8985,"{""type"":""MultiPoint"",""coordinates"":[]}"
8987_0,0.09704918,0.6524859,0.07862161,2024-05-06,8987,"{""type"":""MultiPoint"",""coordinates"":[]}"
9003_0,0.12480897,0.64881426,0.09116558,2024-05-06,9003,"{""type"":""MultiPoint"",""coordinates"":[]}"
9005_0,0.27023533,0.7863014,0.23585162,2024-05-06,9005,"{""type"":""MultiPoint"",""coordinates"":[]}"
9007_0,0.07796829,0.5971516,0.04841402,2024-05-06,9007,"{""type"":""MultiPoint"",""coordinates"":[]}"
9011_0,0.035971224,0.5647873,0.024113934,2024-05-06,9011,"{""type"":""MultiPoint"",""coordinates"":[]}"
9015_0,0.07251836,0.6328999,0.04610616,2024-05-06,9015,"{""type"":""MultiPoint"",""coordinates"":[]}"
9019_0,0.25176862,0.63673115,0.22366148,2024-05-06,9019,"{""type"":""MultiPoint"",""coordinates"":[]}"
9022_0,0.16264775,0.7411274,0.17107418,2024-05-06,9022,"{""type"":""MultiPoint"",""coordinates"":[]}"
9025_0,0.049332343,0.57825464,0.036647245,2024-05-06,9025,"{""type"":""MultiPoint"",""coordinates"":[]}"
9026_0,0.17954251,0.71215594,0.2220176,2024-05-06,9026,"{""type"":""MultiPoint"",""coordinates"":[]}"
9027_0,0.18619348,0.65273464,0.15893485,2024-05-06,9027,"{""type"":""MultiPoint"",""coordinates"":[]}"
9028_0,0.1345376,0.63947797,0.112033196,2024-05-06,9028,"{""type"":""MultiPoint"",""coordinates"":[]}"
9034_0,0.096245475,0.71357256,0.073285125,2024-05-06,9034,"{""type"":""MultiPoint"",""coordinates"":[]}"
9040_0,0.18946692,0.5268817,0.18790218,2024-05-06,9040,"{""type"":""MultiPoint"",""coordinates"":[]}"
9049_0,0.07284508,0.5788207,0.052758276,2024-05-06,9049,"{""type"":""MultiPoint"",""coordinates"":[]}"
9052_0,0.074595936,0.595,0.06666667,2024-05-06,9052,"{""type"":""MultiPoint"",""coordinates"":[]}"
9055_0,0.009627166,0.55046946,-0.034180224,2024-05-06,9055,"{""type"":""MultiPoint"",""coordinates"":[]}"
9056_0,0.21698314,0.7082137,0.23684758,2024-05-06,9056,"{""type"":""MultiPoint"",""coordinates"":[]}"
9060_0,-0.034039598,0.489842,-0.05999644,2024-05-06,9060,"{""type"":""MultiPoint"",""coordinates"":[]}"
9066_0,0.12534614,0.39243925,0.13271096,2024-05-06,9066,"{""type"":""MultiPoint"",""coordinates"":[]}"
9071_0,-0.038522426,0.47517732,-0.08370044,2024-05-06,9071,"{""type"":""MultiPoint"",""coordinates"":[]}"
9072_0,0.037751004,0.6359918,8.3402835E-4,2024-05-06,9072,"{""type"":""MultiPoint"",""coordinates"":[]}"
9073_0,0.22154608,0.69598067,0.2380322,2024-05-06,9073,"{""type"":""MultiPoint"",""coordinates"":[]}"
9076_0,0.056695346,0.62640774,-0.010396975,2024-05-06,9076,"{""type"":""MultiPoint"",""coordinates"":[]}"
9152_0,0.1712814,0.41420346,0.17737296,2024-05-06,9152,"{""type"":""MultiPoint"",""coordinates"":[]}"
9154_0,0.18479173,0.4178436,0.17064847,2024-05-06,9154,"{""type"":""MultiPoint"",""coordinates"":[]}"
9161_0,0.20230958,0.39759037,0.17387305,2024-05-06,9161,"{""type"":""MultiPoint"",""coordinates"":[]}"
9173_0,0.1995765,0.31506848,0.20754717,2024-05-06,9173,"{""type"":""MultiPoint"",""coordinates"":[]}"
9175_0,0.2588002,0.1360746,0.28383234,2024-05-06,9175,"{""type"":""MultiPoint"",""coordinates"":[]}"
9179_0,0.2274204,0.30769232,0.22262177,2024-05-06,9179,"{""type"":""MultiPoint"",""coordinates"":[]}"
9188_0,0.25140485,0.21595599,0.26768643,2024-05-06,9188,"{""type"":""MultiPoint"",""coordinates"":[]}"
9197_0,0.27746823,0.08708709,0.282267,2024-05-06,9197,"{""type"":""MultiPoint"",""coordinates"":[]}"
9488_0,0.09137056,0.05141917,0.10781233,2024-05-06,9488,"{""type"":""MultiPoint"",""coordinates"":[]}"
9558_0,0.21699347,0.76287895,0.19758874,2024-05-06,9558,"{""type"":""MultiPoint"",""coordinates"":[]}"
9574_0,0.083324775,0.24712415,0.1699693,2024-05-06,9574,"{""type"":""MultiPoint"",""coordinates"":[]}"
9579_0,0.054390427,0.045801528,0.054715425,2024-05-06,9579,"{""type"":""MultiPoint"",""coordinates"":[]}"
9581_0,0.29737532,0.6929399,0.25731725,2024-05-06,9581,"{""type"":""MultiPoint"",""coordinates"":[]}"
9583_0,0.05283874,0.07777266,0.08244266,2024-05-06,9583,"{""type"":""MultiPoint"",""coordinates"":[]}"
9585_0,0.13906856,0.67741936,0.11883482,2024-05-06,9585,"{""type"":""MultiPoint"",""coordinates"":[]}"
9590_0,0.25304964,0.78244436,0.23425913,2024-05-06,9590,"{""type"":""MultiPoint"",""coordinates"":[]}"
9593_0,0.29916123,0.7025641,0.2769231,2024-05-06,9593,"{""type"":""MultiPoint"",""coordinates"":[]}"
9600_0,0.25021276,0.7399487,0.07165437,2024-05-06,9600,"{""type"":""MultiPoint"",""coordinates"":[]}"
9604_0,0.3418882,0.67813265,0.3109405,2024-05-06,9604,"{""type"":""MultiPoint"",""coordinates"":[]}"
9606_0,0.2424623,0.8325034,0.25325078,2024-05-06,9606,"{""type"":""MultiPoint"",""coordinates"":[]}"
9608_0,0.12732801,0.45959184,-0.12438785,2024-05-06,9608,"{""type"":""MultiPoint"",""coordinates"":[]}"
9611_0,0.18968746,0.7278314,0.16639502,2024-05-06,9611,"{""type"":""MultiPoint"",""coordinates"":[]}"
9615_0,0.11250679,0.056,0.15443037,2024-05-06,9615,"{""type"":""MultiPoint"",""coordinates"":[]}"
9618_0,0.15431738,0.65090585,0.1261492,2024-05-06,9618,"{""type"":""MultiPoint"",""coordinates"":[]}"
9622_0,0.14545454,0.025173612,0.14209731,2024-05-06,9622,"{""type"":""MultiPoint"",""coordinates"":[]}"
9631_0,0.11306945,0.32718894,0.15183546,2024-05-06,9631,"{""type"":""MultiPoint"",""coordinates"":[]}"
9632_0,0.11799218,0.7352637,0.107225336,2024-05-06,9632,"{""type"":""MultiPoint"",""coordinates"":[]}"
9639_0,0.22895175,0.80606663,0.22104555,2024-05-06,9639,"{""type"":""MultiPoint"",""coordinates"":[]}"
9641_0,0.15516959,0.6794494,0.13980648,2024-05-06,9641,"{""type"":""MultiPoint"",""coordinates"":[]}"
9644_0,0.19874477,0.7710602,0.19549887,2024-05-06,9644,"{""type"":""MultiPoint"",""coordinates"":[]}"
9650_0,0.15464927,0.7432135,0.15808286,2024-05-06,9650,"{""type"":""MultiPoint"",""coordinates"":[]}"
9656_0,0.32551724,0.8143043,0.28141072,2024-05-06,9656,"{""type"":""MultiPoint"",""coordinates"":[]}"
9664_0,0.052304104,0.5689001,0.009148201,2024-05-06,9664,"{""type"":""MultiPoint"",""coordinates"":[]}"
9667_0,0.12545395,0.7089109,0.13161777,2024-05-06,9667,"{""type"":""MultiPoint"",""coordinates"":[]}"
9674_0,0.05977109,0.6305733,0.019018134,2024-05-06,9674,"{""type"":""MultiPoint"",""coordinates"":[]}"
9676_0,0.11543287,0.67955804,0.12801485,2024-05-06,9676,"{""type"":""MultiPoint"",""coordinates"":[]}"
9679_0,0.4022834,0.8963514,0.39249146,2024-05-06,9679,"{""type"":""MultiPoint"",""coordinates"":[]}"
9681_0,0.32440478,0.7987152,0.29829985,2024-05-06,9681,"{""type"":""MultiPoint"",""coordinates"":[]}"
9682_0,0.39297682,0.86333925,0.38617945,2024-05-06,9682,"{""type"":""MultiPoint"",""coordinates"":[]}"
9685_0,0.25261185,0.70319635,0.23203963,2024-05-06,9685,"{""type"":""MultiPoint"",""coordinates"":[]}"
9686_0,0.33874458,0.80859655,0.35011524,2024-05-06,9686,"{""type"":""MultiPoint"",""coordinates"":[]}"
9689_0,0.30765647,0.8473896,0.3000471,2024-05-06,9689,"{""type"":""MultiPoint"",""coordinates"":[]}"
9690_0,0.30490085,0.7485364,0.2559071,2024-05-06,9690,"{""type"":""MultiPoint"",""coordinates"":[]}"
9691_0,0.34690607,0.78768784,0.2883843,2024-05-06,9691,"{""type"":""MultiPoint"",""coordinates"":[]}"
9696_0,0.12815571,0.59536934,0.12257564,2024-05-06,9696,"{""type"":""MultiPoint"",""coordinates"":[]}"
9697_0,0.29349497,0.7834395,0.25695816,2024-05-06,9697,"{""type"":""MultiPoint"",""coordinates"":[]}"
9716_0,0.009988901,0.14984709,-0.085158154,2024-05-06,9716,"{""type"":""MultiPoint"",""coordinates"":[]}"
9723_0,0.346519,0.7578001,0.33601287,2024-05-06,9723,"{""type"":""MultiPoint"",""coordinates"":[]}"
9724_0,0.18052101,0.46278316,0.07204269,2024-05-06,9724,"{""type"":""MultiPoint"",""coordinates"":[]}"
9726_0,0.33236855,0.6818182,0.3403241,2024-05-06,9726,"{""type"":""MultiPoint"",""coordinates"":[]}"
9727_0,0.22048911,0.6186845,0.25313655,2024-05-06,9727,"{""type"":""MultiPoint"",""coordinates"":[]}"
9728_0,-0.01959077,0.48134327,-0.050381225,2024-05-06,9728,"{""type"":""MultiPoint"",""coordinates"":[]}"
9729_0,0.22958529,0.55214226,0.031703386,2024-05-06,9729,"{""type"":""MultiPoint"",""coordinates"":[]}"
9730_0,0.4109032,0.8369906,0.4165995,2024-05-06,9730,"{""type"":""MultiPoint"",""coordinates"":[]}"
9731_0,0.17571272,0.5,0.16692063,2024-05-06,9731,"{""type"":""MultiPoint"",""coordinates"":[]}"
9733_0,0.27072757,0.7428164,0.24628389,2024-05-06,9733,"{""type"":""MultiPoint"",""coordinates"":[]}"
9737_0,-0.020606417,0.55201215,-0.061380684,2024-05-06,9737,"{""type"":""MultiPoint"",""coordinates"":[]}"
9740_0,-0.0065075923,0.2160898,0.032565527,2024-05-06,9740,"{""type"":""MultiPoint"",""coordinates"":[]}"
9742_0,0.072977625,0.68831927,0.03666607,2024-05-06,9742,"{""type"":""MultiPoint"",""coordinates"":[]}"
9744_0,0.012953143,0.17437986,0.055486232,2024-05-06,9744,"{""type"":""MultiPoint"",""coordinates"":[]}"
9750_0,0.208651,0.54908806,0.22172914,2024-05-06,9750,"{""type"":""MultiPoint"",""coordinates"":[]}"
9755_0,0.13198301,0.6037915,0.12034431,2024-05-06,9755,"{""type"":""MultiPoint"",""coordinates"":[]}"
9759_0,0.15598182,0.7511444,0.11440678,2024-05-06,9759,"{""type"":""MultiPoint"",""coordinates"":[]}"
9764_0,0.20625107,0.67701864,0.16735724,2024-05-06,9764,"{""type"":""MultiPoint"",""coordinates"":[]}"
9776_0,0.07154804,0.622443,0.052711416,2024-05-06,9776,"{""type"":""MultiPoint"",""coordinates"":[]}"
9779_0,0.13999146,0.5984655,0.107419714,2024-05-06,9779,"{""type"":""MultiPoint"",""coordinates"":[]}"
9781_0,0.024308152,0.51676303,0.0028664246,2024-05-06,9781,"{""type"":""MultiPoint"",""coordinates"":[]}"
9782_0,0.24539326,0.8445378,0.2214236,2024-05-06,9782,"{""type"":""MultiPoint"",""coordinates"":[]}"
9786_0,-7.7006005E-4,0.5298211,-0.027027028,2024-05-06,9786,"{""type"":""MultiPoint"",""coordinates"":[]}"
9790_0,0.06994859,0.5214408,0.08617786,2024-05-06,9790,"{""type"":""MultiPoint"",""coordinates"":[]}"
9791_0,0.051577367,0.5619147,0.027554339,2024-05-06,9791,"{""type"":""MultiPoint"",""coordinates"":[]}"
9793_0,0.002967359,0.526087,-0.037037037,2024-05-06,9793,"{""type"":""MultiPoint"",""coordinates"":[]}"
9800_0,0.2688414,0.74311215,0.26677948,2024-05-06,9800,"{""type"":""MultiPoint"",""coordinates"":[]}"
9804_0,0.2713485,0.60841423,0.28548336,2024-05-06,9804,"{""type"":""MultiPoint"",""coordinates"":[]}"
9806_0,0.27973273,0.75497115,0.2570641,2024-05-06,9806,"{""type"":""MultiPoint"",""coordinates"":[]}"
9810_0,0.26834518,0.57988477,0.27905005,2024-05-06,9810,"{""type"":""MultiPoint"",""coordinates"":[]}"
9811_0,0.28926417,0.51973486,0.26257822,2024-05-06,9811,"{""type"":""MultiPoint"",""coordinates"":[]}"
9814_0,0.2140632,0.57630163,0.19727273,2024-05-06,9814,"{""type"":""MultiPoint"",""coordinates"":[]}"
9821_0,0.12142857,0.5901267,0.07865169,2024-05-06,9821,"{""type"":""MultiPoint"",""coordinates"":[]}"
9825_0,0.060599525,0.6577646,0.071611255,2024-05-06,9825,"{""type"":""MultiPoint"",""coordinates"":[]}"
9828_0,0.23642007,0.62637365,0.24655436,2024-05-06,9828,"{""type"":""MultiPoint"",""coordinates"":[]}"
9833_0,0.08293794,0.5610928,0.036682617,2024-05-06,9833,"{""type"":""MultiPoint"",""coordinates"":[]}"
9916_0,0.25365305,0.44253394,0.23088802,2024-05-06,9916,"{""type"":""MultiPoint"",""coordinates"":[]}"
9924_0,0.21783061,0.23696682,0.22679201,2024-05-06,9924,"{""type"":""MultiPoint"",""coordinates"":[]}"
9926_0,0.18179707,0.68175185,0.13330054,2024-05-06,9926,"{""type"":""MultiPoint"",""coordinates"":[]}"
9936_0,0.25366876,0.20314805,0.2640827,2024-05-06,9936,"{""type"":""MultiPoint"",""coordinates"":[]}"
9938_0,0.17858523,0.5850053,0.1710552,2024-05-06,9938,"{""type"":""MultiPoint"",""coordinates"":[]}"
9940_0,0.25532946,0.14346713,0.2706999,2024-05-06,9940,"{""type"":""MultiPoint"",""coordinates"":[]}"
9947_0,0.23694779,0.13192256,0.24640556,2024-05-06,9947,"{""type"":""MultiPoint"",""coordinates"":[]}"
10182_0,0.367155,0.88586956,0.33976835,2024-05-06,10182,"{""type"":""MultiPoint"",""coordinates"":[]}"
10185_0,0.28597048,0.81245196,0.2913472,2024-05-06,10185,"{""type"":""MultiPoint"",""coordinates"":[]}"
10187_0,0.16265327,0.67433625,0.1435479,2024-05-06,10187,"{""type"":""MultiPoint"",""coordinates"":[]}"
10192_0,0.12617871,0.54545456,0.10501303,2024-05-06,10192,"{""type"":""MultiPoint"",""coordinates"":[]}"
10194_0,0.30161664,0.8194753,0.28679246,2024-05-06,10194,"{""type"":""MultiPoint"",""coordinates"":[]}"
10294_0,0.21623155,0.8152267,0.21153297,2024-05-06,10294,"{""type"":""MultiPoint"",""coordinates"":[]}"
10304_0,0.23418753,0.80245787,0.21008404,2024-05-06,10304,"{""type"":""MultiPoint"",""coordinates"":[]}"
10305_0,0.18603554,0.7268897,0.14756258,2024-05-06,10305,"{""type"":""MultiPoint"",""coordinates"":[]}"
10326_0,0.172159,0.71089834,0.14512438,2024-05-06,10326,"{""type"":""MultiPoint"",""coordinates"":[]}"
10335_0,0.04434807,0.094339624,0.08621497,2024-05-06,10335,"{""type"":""MultiPoint"",""coordinates"":[]}"
10336_0,0.2701993,0.78711486,0.2368336,2024-05-06,10336,"{""type"":""MultiPoint"",""coordinates"":[]}"
10337_0,0.29802996,0.8202818,0.27776876,2024-05-06,10337,"{""type"":""MultiPoint"",""coordinates"":[]}"
10339_0,0.23625097,0.8364888,0.26778552,2024-05-06,10339,"{""type"":""MultiPoint"",""coordinates"":[]}"
10340_0,0.06620736,0.06109822,-0.0062471707,2024-05-06,10340,"{""type"":""MultiPoint"",""coordinates"":[]}"
10343_0,0.20172085,0.7949071,0.21926133,2024-05-06,10343,"{""type"":""MultiPoint"",""coordinates"":[]}"
10344_0,0.014023732,0.36259285,-0.06204973,2024-05-06,10344,"{""type"":""MultiPoint"",""coordinates"":[]}"
10347_0,0.20141888,0.75936884,0.15900601,2024-05-06,10347,"{""type"":""MultiPoint"",""coordinates"":[]}"
10356_0,0.19701707,0.66367877,0.1631988,2024-05-06,10356,"{""type"":""MultiPoint"",""coordinates"":[]}"
10361_0,0.158125,0.6931818,0.14066985,2024-05-06,10361,"{""type"":""MultiPoint"",""coordinates"":[]}"
10362_0,0.13832791,0.017391304,0.17195326,2024-05-06,10362,"{""type"":""MultiPoint"",""coordinates"":[]}"
10365_0,0.17691424,0.6812887,0.14944087,2024-05-06,10365,"{""type"":""MultiPoint"",""coordinates"":[]}"
10377_0,0.043977056,0.06462715,0.07927893,2024-05-06,10377,"{""type"":""MultiPoint"",""coordinates"":[]}"
10379_0,0.15428396,0.45972335,0.13239704,2024-05-06,10379,"{""type"":""MultiPoint"",""coordinates"":[]}"
10381_0,0.117111556,0.63054895,0.08841804,2024-05-06,10381,"{""type"":""MultiPoint"",""coordinates"":[]}"
10383_0,0.17470525,0.0103007825,0.17194408,2024-05-06,10383,"{""type"":""MultiPoint"",""coordinates"":[]}"
10387_0,0.24271198,0.76303315,0.24144836,2024-05-06,10387,"{""type"":""MultiPoint"",""coordinates"":[]}"
10390_0,0.12818792,0.50450927,0.043798305,2024-05-06,10390,"{""type"":""MultiPoint"",""coordinates"":[]}"
10391_0,0.26343024,0.72208977,0.2428035,2024-05-06,10391,"{""type"":""MultiPoint"",""coordinates"":[]}"
10413_0,0.26203057,0.82759356,0.2462077,2024-05-06,10413,"{""type"":""MultiPoint"",""coordinates"":[]}"
10415_0,0.3933741,0.8720721,0.37570342,2024-05-06,10415,"{""type"":""MultiPoint"",""coordinates"":[]}"
10420_0,0.23054245,0.77242416,0.2243685,2024-05-06,10420,"{""type"":""MultiPoint"",""coordinates"":[]}"
10421_0,0.1603319,0.6352675,0.16089341,2024-05-06,10421,"{""type"":""MultiPoint"",""coordinates"":[]}"
10424_0,0.25096646,0.7501641,0.24571784,2024-05-06,10424,"{""type"":""MultiPoint"",""coordinates"":[]}"
10428_0,0.071152605,0.5857868,0.039773673,2024-05-06,10428,"{""type"":""MultiPoint"",""coordinates"":[]}"
10429_0,0.1052822,0.6740396,0.07534119,2024-05-06,10429,"{""type"":""MultiPoint"",""coordinates"":[]}"
10436_0,0.27003863,0.7815126,0.2745491,2024-05-06,10436,"{""type"":""MultiPoint"",""coordinates"":[]}"
10437_0,0.21023636,0.7773065,0.20272695,2024-05-06,10437,"{""type"":""MultiPoint"",""coordinates"":[]}"
10440_0,0.29727742,0.79916316,0.2859813,2024-05-06,10440,"{""type"":""MultiPoint"",""coordinates"":[]}"
10441_0,0.06436007,0.5763182,0.03288377,2024-05-06,10441,"{""type"":""MultiPoint"",""coordinates"":[]}"
10442_0,-0.12459735,0.31511128,-0.12881531,2024-05-06,10442,"{""type"":""MultiPoint"",""coordinates"":[]}"
10445_0,0.07112971,0.5919497,0.045950413,2024-05-06,10445,"{""type"":""MultiPoint"",""coordinates"":[]}"
10447_0,0.22147651,0.6504993,0.26864034,2024-05-06,10447,"{""type"":""MultiPoint"",""coordinates"":[]}"
10449_0,0.3041554,0.74451244,0.26282886,2024-05-06,10449,"{""type"":""MultiPoint"",""coordinates"":[]}"
10452_0,0.3290958,0.8483212,0.30180255,2024-05-06,10452,"{""type"":""MultiPoint"",""coordinates"":[]}"
10455_0,0.21463153,0.7086573,0.20160408,2024-05-06,10455,"{""type"":""MultiPoint"",""coordinates"":[]}"
10458_0,0.2986495,0.78185326,0.23540238,2024-05-06,10458,"{""type"":""MultiPoint"",""coordinates"":[]}"
10461_0,0.21292408,0.61747575,0.1553398,2024-05-06,10461,"{""type"":""MultiPoint"",""coordinates"":[]}"
10470_0,0.13198324,0.58365977,0.06471031,2024-05-06,10470,"{""type"":""MultiPoint"",""coordinates"":[]}"
10471_0,0.13707972,0.37224606,0.1330026,2024-05-06,10471,"{""type"":""MultiPoint"",""coordinates"":[]}"
10475_0,0.18355018,0.5987749,0.19532861,2024-05-06,10475,"{""type"":""MultiPoint"",""coordinates"":[]}"
10488_0,0.1352657,0.4019449,0.09424415,2024-05-06,10488,"{""type"":""MultiPoint"",""coordinates"":[]}"
10489_0,0.116576485,0.6314363,0.05539972,2024-05-06,10489,"{""type"":""MultiPoint"",""coordinates"":[]}"
10490_0,0.21494621,0.7755884,0.21863261,2024-05-06,10490,"{""type"":""MultiPoint"",""coordinates"":[]}"
10500_0,0.1637335,0.6954386,0.15322195,2024-05-06,10500,"{""type"":""MultiPoint"",""coordinates"":[]}"
10504_0,0.063279584,0.65409386,0.07745318,2024-05-06,10504,"{""type"":""MultiPoint"",""coordinates"":[]}"
10505_0,0.288248,0.8232179,0.2891705,2024-05-06,10505,"{""type"":""MultiPoint"",""coordinates"":[]}"
10512_0,0.20081688,0.6113143,0.16914366,2024-05-06,10512,"{""type"":""MultiPoint"",""coordinates"":[]}"
10513_0,0.020435289,0.5785235,-0.0013586957,2024-05-06,10513,"{""type"":""MultiPoint"",""coordinates"":[]}"
10516_0,0.28374657,0.6490251,0.26136363,2024-05-06,10516,"{""type"":""MultiPoint"",""coordinates"":[]}"
10518_0,0.31046197,0.69284546,0.2829389,2024-05-06,10518,"{""type"":""MultiPoint"",""coordinates"":[]}"
10519_0,-0.08256881,0.26391554,-0.066454016,2024-05-06,10519,"{""type"":""MultiPoint"",""coordinates"":[]}"
10520_0,0.18984231,0.71068347,0.13169447,2024-05-06,10520,"{""type"":""MultiPoint"",""coordinates"":[]}"
10528_0,0.039634146,0.5817204,0.018521724,2024-05-06,10528,"{""type"":""MultiPoint"",""coordinates"":[]}"
10533_0,0.24133243,0.68716705,0.21903428,2024-05-06,10533,"{""type"":""MultiPoint"",""coordinates"":[]}"
10536_0,0.17797889,0.59419054,0.15595478,2024-05-06,10536,"{""type"":""MultiPoint"",""coordinates"":[]}"
10541_0,0.08832698,0.5862884,0.009781791,2024-05-06,10541,"{""type"":""MultiPoint"",""coordinates"":[]}"
10542_0,0.11754069,0.69195753,0.06647537,2024-05-06,10542,"{""type"":""MultiPoint"",""coordinates"":[]}"
10553_0,0.12557973,0.59795916,0.12197743,2024-05-06,10553,"{""type"":""MultiPoint"",""coordinates"":[]}"
10555_0,0.128594,0.59923667,0.09721768,2024-05-06,10555,"{""type"":""MultiPoint"",""coordinates"":[]}"
10557_0,0.2216618,0.7133932,0.1989071,2024-05-06,10557,"{""type"":""MultiPoint"",""coordinates"":[]}"
10572_0,0.112694874,0.6393888,0.09577848,2024-05-06,10572,"{""type"":""MultiPoint"",""coordinates"":[]}"
10579_0,0.15295504,0.7130489,0.12441648,2024-05-06,10579,"{""type"":""MultiPoint"",""coordinates"":[]}"
10580_0,0.14177155,0.43209878,0.14824417,2024-05-06,10580,"{""type"":""MultiPoint"",""coordinates"":[]}"
10581_0,0.070876874,0.6596386,0.03742057,2024-05-06,10581,"{""type"":""MultiPoint"",""coordinates"":[]}"
10582_0,0.11381593,0.6291004,0.0944796,2024-05-06,10582,"{""type"":""MultiPoint"",""coordinates"":[]}"
10583_0,0.15561335,0.7298736,0.14335972,2024-05-06,10583,"{""type"":""MultiPoint"",""coordinates"":[]}"
10584_0,0.0761825,0.6611515,0.06423574,2024-05-06,10584,"{""type"":""MultiPoint"",""coordinates"":[]}"
10591_0,0.23712507,0.37885985,0.2653951,2024-05-06,10591,"{""type"":""MultiPoint"",""coordinates"":[]}"
10592_0,0.11037528,0.6134454,0.066913635,2024-05-06,10592,"{""type"":""MultiPoint"",""coordinates"":[]}"
10595_0,0.064471334,0.56635517,0.032019705,2024-05-06,10595,"{""type"":""MultiPoint"",""coordinates"":[]}"
10602_0,0.11227741,0.6374134,0.089930825,2024-05-06,10602,"{""type"":""MultiPoint"",""coordinates"":[]}"
10606_0,0.034453604,0.5609445,0.03424947,2024-05-06,10606,"{""type"":""MultiPoint"",""coordinates"":[]}"
10681_0,0.20326975,0.30541012,0.21100917,2024-05-06,10681,"{""type"":""MultiPoint"",""coordinates"":[]}"
10685_0,0.22140762,0.3097713,0.22538294,2024-05-06,10685,"{""type"":""MultiPoint"",""coordinates"":[]}"
10690_0,0.19183889,0.51580364,0.19290818,2024-05-06,10690,"{""type"":""MultiPoint"",""coordinates"":[]}"
10700_0,0.24859995,0.1482622,0.2569227,2024-05-06,10700,"{""type"":""MultiPoint"",""coordinates"":[]}"
10713_0,0.25464064,0.10485516,0.267197,2024-05-06,10713,"{""type"":""MultiPoint"",""coordinates"":[]}"
11041_0,0.17747778,0.78200954,0.17476049,2024-05-06,11041,"{""type"":""MultiPoint"",""coordinates"":[]}"
11053_0,0.1051221,0.788762,0.12147347,2024-05-06,11053,"{""type"":""MultiPoint"",""coordinates"":[]}"
11059_0,0.1394484,0.7505838,0.14881226,2024-05-06,11059,"{""type"":""MultiPoint"",""coordinates"":[]}"
11060_0,0.14951342,0.68182844,0.1260606,2024-05-06,11060,"{""type"":""MultiPoint"",""coordinates"":[]}"
11061_0,0.23199041,0.8471698,0.20864198,2024-05-06,11061,"{""type"":""MultiPoint"",""coordinates"":[]}"
11062_0,0.41599414,0.7773706,0.41812867,2024-05-06,11062,"{""type"":""MultiPoint"",""coordinates"":[]}"
11073_0,0.21130338,0.8015267,0.20638977,2024-05-06,11073,"{""type"":""MultiPoint"",""coordinates"":[]}"
11077_0,0.08625908,0.60947865,0.05876851,2024-05-06,11077,"{""type"":""MultiPoint"",""coordinates"":[]}"
11079_0,0.11329949,0.34740174,0.0782058,2024-05-06,11079,"{""type"":""MultiPoint"",""coordinates"":[]}"
11092_0,0.058970977,0.05465288,0.09139545,2024-05-06,11092,"{""type"":""MultiPoint"",""coordinates"":[]}"
11096_0,0.2464103,0.807767,0.2398868,2024-05-06,11096,"{""type"":""MultiPoint"",""coordinates"":[]}"
11097_0,0.34067798,0.72253054,0.33218884,2024-05-06,11097,"{""type"":""MultiPoint"",""coordinates"":[]}"
11098_0,0.09529412,0.4430518,0.15873536,2024-05-06,11098,"{""type"":""MultiPoint"",""coordinates"":[]}"
11099_0,0.46484956,0.84648496,0.44383678,2024-05-06,11099,"{""type"":""MultiPoint"",""coordinates"":[]}"
11102_0,0.20917515,0.6851228,0.1469769,2024-05-06,11102,"{""type"":""MultiPoint"",""coordinates"":[]}"
11112_0,0.074162275,0.20447427,-0.0054493397,2024-05-06,11112,"{""type"":""MultiPoint"",""coordinates"":[]}"
11115_0,0.2374288,0.7728356,0.17659463,2024-05-06,11115,"{""type"":""MultiPoint"",""coordinates"":[]}"
11118_0,0.11010518,0.5613835,0.102818795,2024-05-06,11118,"{""type"":""MultiPoint"",""coordinates"":[]}"
11120_0,0.3474882,0.90066487,0.34794065,2024-05-06,11120,"{""type"":""MultiPoint"",""coordinates"":[]}"
11123_0,0.23984526,0.8,0.23742203,2024-05-06,11123,"{""type"":""MultiPoint"",""coordinates"":[]}"
11126_0,0.047084983,0.17823017,0.07018868,2024-05-06,11126,"{""type"":""MultiPoint"",""coordinates"":[]}"
11128_0,-0.0194961,0.52380955,-0.05053315,2024-05-06,11128,"{""type"":""MultiPoint"",""coordinates"":[]}"
11131_0,0.23631802,0.82572615,0.23846756,2024-05-06,11131,"{""type"":""MultiPoint"",""coordinates"":[]}"
11135_0,0.34848,0.8740931,0.3258278,2024-05-06,11135,"{""type"":""MultiPoint"",""coordinates"":[]}"
11137_0,0.33647135,0.86015165,0.36718267,2024-05-06,11137,"{""type"":""MultiPoint"",""coordinates"":[]}"
11138_0,0.15723674,0.67543423,0.12439634,2024-05-06,11138,"{""type"":""MultiPoint"",""coordinates"":[]}"
11139_0,0.2986207,0.79507387,0.28355056,2024-05-06,11139,"{""type"":""MultiPoint"",""coordinates"":[]}"
11140_0,0.08182832,0.24528302,0.11115908,2024-05-06,11140,"{""type"":""MultiPoint"",""coordinates"":[]}"
11141_0,0.104941174,0.70660937,0.05357439,2024-05-06,11141,"{""type"":""MultiPoint"",""coordinates"":[]}"
11150_0,0.112075984,0.35313976,0.1010989,2024-05-06,11150,"{""type"":""MultiPoint"",""coordinates"":[]}"
11152_0,0.25658956,0.723961,0.2368857,2024-05-06,11152,"{""type"":""MultiPoint"",""coordinates"":[]}"
11156_0,0.26545453,0.5940594,0.22900763,2024-05-06,11156,"{""type"":""MultiPoint"",""coordinates"":[]}"
11157_0,0.19512966,0.63307494,0.15462548,2024-05-06,11157,"{""type"":""MultiPoint"",""coordinates"":[]}"
11162_0,0.39839953,0.91067374,0.41143575,2024-05-06,11162,"{""type"":""MultiPoint"",""coordinates"":[]}"
11165_0,0.4087838,0.8928497,0.4044857,2024-05-06,11165,"{""type"":""MultiPoint"",""coordinates"":[]}"
11169_0,0.21754454,0.69446063,0.18515497,2024-05-06,11169,"{""type"":""MultiPoint"",""coordinates"":[]}"
11172_0,0.13814647,0.64832795,0.10344828,2024-05-06,11172,"{""type"":""MultiPoint"",""coordinates"":[]}"
11173_0,0.029261034,0.56829137,-0.0013642565,2024-05-06,11173,"{""type"":""MultiPoint"",""coordinates"":[]}"
11177_0,0.46135458,0.78403753,0.4751553,2024-05-06,11177,"{""type"":""MultiPoint"",""coordinates"":[]}"
11181_0,0.15001053,0.66415095,0.13416202,2024-05-06,11181,"{""type"":""MultiPoint"",""coordinates"":[]}"
11182_0,0.03780578,0.13335572,0.072047025,2024-05-06,11182,"{""type"":""MultiPoint"",""coordinates"":[]}"
11184_0,-0.0051372894,0.48926553,-0.036725745,2024-05-06,11184,"{""type"":""MultiPoint"",""coordinates"":[]}"
11189_0,0.38528138,0.6858407,0.36436886,2024-05-06,11189,"{""type"":""MultiPoint"",""coordinates"":[]}"
11196_0,0.4698795,0.91942114,0.48915538,2024-05-06,11196,"{""type"":""MultiPoint"",""coordinates"":[]}"
11199_0,0.30827066,0.6638026,0.29182348,2024-05-06,11199,"{""type"":""MultiPoint"",""coordinates"":[]}"
11201_0,0.23326376,0.765233,0.24525917,2024-05-06,11201,"{""type"":""MultiPoint"",""coordinates"":[]}"
11207_0,0.12585813,0.55375254,0.104741305,2024-05-06,11207,"{""type"":""MultiPoint"",""coordinates"":[]}"
11208_0,0.092172146,0.5533687,0.06930693,2024-05-06,11208,"{""type"":""MultiPoint"",""coordinates"":[]}"
11213_0,0.24390244,0.6825749,0.20893142,2024-05-06,11213,"{""type"":""MultiPoint"",""coordinates"":[]}"
11227_0,0.2413793,0.78071064,0.25824964,2024-05-06,11227,"{""type"":""MultiPoint"",""coordinates"":[]}"
11232_0,0.063706234,0.57914746,0.029562755,2024-05-06,11232,"{""type"":""MultiPoint"",""coordinates"":[]}"
11236_0,0.2409019,0.7994169,0.23316683,2024-05-06,11236,"{""type"":""MultiPoint"",""coordinates"":[]}"
11239_0,0.052091945,0.63946474,0.043071788,2024-05-06,11239,"{""type"":""MultiPoint"",""coordinates"":[]}"
11242_0,0.21235035,0.6878814,0.21531701,2024-05-06,11242,"{""type"":""MultiPoint"",""coordinates"":[]}"
11248_0,0.12659304,0.6221498,0.09546854,2024-05-06,11248,"{""type"":""MultiPoint"",""coordinates"":[]}"
11261_0,0.41238472,0.8224299,0.39973083,2024-05-06,11261,"{""type"":""MultiPoint"",""coordinates"":[]}"
11262_0,0.18932909,0.39242843,0.19398259,2024-05-06,11262,"{""type"":""MultiPoint"",""coordinates"":[]}"
11263_0,0.13350254,0.61756486,0.08545406,2024-05-06,11263,"{""type"":""MultiPoint"",""coordinates"":[]}"
11271_0,0.2640545,0.72894657,0.24738675,2024-05-06,11271,"{""type"":""MultiPoint"",""coordinates"":[]}"
11280_0,0.05198897,0.56469166,0.036236238,2024-05-06,11280,"{""type"":""MultiPoint"",""coordinates"":[]}"
11284_0,0.17119361,0.51239115,0.151747,2024-05-06,11284,"{""type"":""MultiPoint"",""coordinates"":[]}"
11294_0,0.10343435,0.607064,0.06901615,2024-05-06,11294,"{""type"":""MultiPoint"",""coordinates"":[]}"
11297_0,0.028435076,0.5049864,0.009527671,2024-05-06,11297,"{""type"":""MultiPoint"",""coordinates"":[]}"
11329_0,0.14233908,0.5915948,0.1107351,2024-05-06,11329,"{""type"":""MultiPoint"",""coordinates"":[]}"
11369_0,0.18064207,0.5752443,0.17151164,2024-05-06,11369,"{""type"":""MultiPoint"",""coordinates"":[]}"
11371_0,0.22706681,0.13356332,0.25511596,2024-05-06,11371,"{""type"":""MultiPoint"",""coordinates"":[]}"
11375_0,0.22446966,0.48303518,0.20925553,2024-05-06,11375,"{""type"":""MultiPoint"",""coordinates"":[]}"
11377_0,0.21768707,0.2773893,0.22732362,2024-05-06,11377,"{""type"":""MultiPoint"",""coordinates"":[]}"
11378_0,0.2518024,0.13730805,0.2850217,2024-05-06,11378,"{""type"":""MultiPoint"",""coordinates"":[]}"
11379_0,0.2521399,0.17785527,0.2772394,2024-05-06,11379,"{""type"":""MultiPoint"",""coordinates"":[]}"
11381_0,0.262531,0.11502939,0.28247222,2024-05-06,11381,"{""type"":""MultiPoint"",""coordinates"":[]}"
11385_0,0.24112676,0.16640584,0.2481161,2024-05-06,11385,"{""type"":""MultiPoint"",""coordinates"":[]}"
11405_0,0.24332954,0.063185774,0.25755203,2024-05-06,11405,"{""type"":""MultiPoint"",""coordinates"":[]}"
11941_0,0.2323201,0.74208784,0.19681974,2024-05-06,11941,"{""type"":""MultiPoint"",""coordinates"":[]}"
11948_0,0.1433908,0.68976897,0.12593462,2024-05-06,11948,"{""type"":""MultiPoint"",""coordinates"":[]}"
11952_0,0.31315553,0.8130009,0.2796983,2024-05-06,11952,"{""type"":""MultiPoint"",""coordinates"":[]}"
12077_0,0.1765278,0.6976859,0.1516366,2024-05-06,12077,"{""type"":""MultiPoint"",""coordinates"":[]}"
12078_0,0.067161106,0.29211086,0.17612809,2024-05-06,12078,"{""type"":""MultiPoint"",""coordinates"":[]}"
12088_0,0.06922593,0.60881543,0.041166935,2024-05-06,12088,"{""type"":""MultiPoint"",""coordinates"":[]}"
12092_0,0.16142502,0.5802469,0.12080996,2024-05-06,12092,"{""type"":""MultiPoint"",""coordinates"":[]}"
12094_0,0.0064683054,0.57292885,0.0014858841,2024-05-06,12094,"{""type"":""MultiPoint"",""coordinates"":[]}"
12098_0,0.108935125,0.5654464,0.010197145,2024-05-06,12098,"{""type"":""MultiPoint"",""coordinates"":[]}"
12102_0,0.052720133,0.5962791,0.007929515,2024-05-06,12102,"{""type"":""MultiPoint"",""coordinates"":[]}"
12103_0,0.30205637,0.8680466,0.3081685,2024-05-06,12103,"{""type"":""MultiPoint"",""coordinates"":[]}"
12104_0,0.21388644,0.69167805,0.16395494,2024-05-06,12104,"{""type"":""MultiPoint"",""coordinates"":[]}"
12105_0,0.23528214,0.44941634,-0.114939116,2024-05-06,12105,"{""type"":""MultiPoint"",""coordinates"":[]}"
12106_0,0.2638635,0.66247755,0.21045752,2024-05-06,12106,"{""type"":""MultiPoint"",""coordinates"":[]}"
12108_0,0.23640463,0.3730804,0.057391305,2024-05-06,12108,"{""type"":""MultiPoint"",""coordinates"":[]}"
12109_0,0.10333717,0.018308632,0.09056956,2024-05-06,12109,"{""type"":""MultiPoint"",""coordinates"":[]}"
12113_0,0.21584985,0.5716396,0.17180617,2024-05-06,12113,"{""type"":""MultiPoint"",""coordinates"":[]}"
12120_0,0.16444445,0.7222222,0.13761468,2024-05-06,12120,"{""type"":""MultiPoint"",""coordinates"":[]}"
12121_0,0.10426111,0.34455195,0.23588553,2024-05-06,12121,"{""type"":""MultiPoint"",""coordinates"":[]}"
12126_0,0.18287186,0.70176274,0.16923077,2024-05-06,12126,"{""type"":""MultiPoint"",""coordinates"":[]}"
12127_0,0.38707224,0.6576151,0.27058825,2024-05-06,12127,"{""type"":""MultiPoint"",""coordinates"":[]}"
12132_0,0.17041078,0.7868208,0.19832532,2024-05-06,12132,"{""type"":""MultiPoint"",""coordinates"":[]}"
12133_0,0.23999383,0.68700784,0.16459997,2024-05-06,12133,"{""type"":""MultiPoint"",""coordinates"":[]}"
12139_0,0.22659732,0.53138816,-0.09176718,2024-05-06,12139,"{""type"":""MultiPoint"",""coordinates"":[]}"
12140_0,0.28295502,0.86186427,0.29819235,2024-05-06,12140,"{""type"":""MultiPoint"",""coordinates"":[]}"
12141_0,0.20197196,0.7612634,0.18834221,2024-05-06,12141,"{""type"":""MultiPoint"",""coordinates"":[]}"
12151_0,0.16840026,0.4805809,0.16255635,2024-05-06,12151,"{""type"":""MultiPoint"",""coordinates"":[]}"
12156_0,0.2863207,0.77392614,0.28739405,2024-05-06,12156,"{""type"":""MultiPoint"",""coordinates"":[]}"
12162_0,0.33157456,0.8530248,0.30942476,2024-05-06,12162,"{""type"":""MultiPoint"",""coordinates"":[]}"
12163_0,0.3739726,0.84126985,0.31122833,2024-05-06,12163,"{""type"":""MultiPoint"",""coordinates"":[]}"
12166_0,0.16672169,0.72908366,0.1581054,2024-05-06,12166,"{""type"":""MultiPoint"",""coordinates"":[]}"
12169_0,0.12627718,0.3208431,0.08416861,2024-05-06,12169,"{""type"":""MultiPoint"",""coordinates"":[]}"
12171_0,0.19932787,0.72121215,0.17202432,2024-05-06,12171,"{""type"":""MultiPoint"",""coordinates"":[]}"
12180_0,0.066867016,0.54812443,0.034589972,2024-05-06,12180,"{""type"":""MultiPoint"",""coordinates"":[]}"
12183_0,0.33540374,0.75360525,0.30893433,2024-05-06,12183,"{""type"":""MultiPoint"",""coordinates"":[]}"
12185_0,0.31790808,0.7420276,0.2594632,2024-05-06,12185,"{""type"":""MultiPoint"",""coordinates"":[]}"
12188_0,0.41093475,0.89569163,0.42905983,2024-05-06,12188,"{""type"":""MultiPoint"",""coordinates"":[]}"
12192_0,0.106589146,0.65583634,0.088392325,2024-05-06,12192,"{""type"":""MultiPoint"",""coordinates"":[]}"
12199_0,0.28596804,0.87942433,0.37214255,2024-05-06,12199,"{""type"":""MultiPoint"",""coordinates"":[]}"
12202_0,0.074867286,0.5820477,0.054797083,2024-05-06,12202,"{""type"":""MultiPoint"",""coordinates"":[]}"
12206_0,0.35004985,0.87202924,0.3377849,2024-05-06,12206,"{""type"":""MultiPoint"",""coordinates"":[]}"
12208_0,0.08525786,0.6592678,0.044267055,2024-05-06,12208,"{""type"":""MultiPoint"",""coordinates"":[]}"
12210_0,0.151227,0.706569,0.14795996,2024-05-06,12210,"{""type"":""MultiPoint"",""coordinates"":[]}"
12213_0,0.28824475,0.7115151,0.22996515,2024-05-06,12213,"{""type"":""MultiPoint"",""coordinates"":[]}"
12215_0,0.13295414,0.039021164,0.12596309,2024-05-06,12215,"{""type"":""MultiPoint"",""coordinates"":[]}"
12221_0,0.35359487,0.8115942,0.34879956,2024-05-06,12221,"{""type"":""MultiPoint"",""coordinates"":[]}"
12230_0,0.005367275,0.5615247,-0.030341541,2024-05-06,12230,"{""type"":""MultiPoint"",""coordinates"":[]}"
12236_0,0.1509434,0.5414365,0.10714286,2024-05-06,12236,"{""type"":""MultiPoint"",""coordinates"":[]}"
12239_0,0.16088215,0.7174809,0.11395305,2024-05-06,12239,"{""type"":""MultiPoint"",""coordinates"":[]}"
12247_0,0.13975772,0.6731953,0.11380145,2024-05-06,12247,"{""type"":""MultiPoint"",""coordinates"":[]}"
12251_0,0.19624785,0.73068434,0.18190955,2024-05-06,12251,"{""type"":""MultiPoint"",""coordinates"":[]}"
12254_0,0.1347078,0.60900414,0.08175687,2024-05-06,12254,"{""type"":""MultiPoint"",""coordinates"":[]}"
12267_0,0.14052288,0.66554433,0.112652294,2024-05-06,12267,"{""type"":""MultiPoint"",""coordinates"":[]}"
12268_0,0.2511827,0.78029764,0.2036416,2024-05-06,12268,"{""type"":""MultiPoint"",""coordinates"":[]}"
12280_0,0.11279297,0.6621274,0.10822086,2024-05-06,12280,"{""type"":""MultiPoint"",""coordinates"":[]}"
12286_0,0.18449946,0.6947296,0.13318078,2024-05-06,12286,"{""type"":""MultiPoint"",""coordinates"":[]}"
12287_0,0.10813512,0.72891366,0.08283659,2024-05-06,12287,"{""type"":""MultiPoint"",""coordinates"":[]}"
12288_0,0.06473623,0.61119753,0.05035485,2024-05-06,12288,"{""type"":""MultiPoint"",""coordinates"":[]}"
12289_0,0.1109215,0.6619718,0.10940171,2024-05-06,12289,"{""type"":""MultiPoint"",""coordinates"":[]}"
12300_0,0.11857708,0.64713895,0.09288136,2024-05-06,12300,"{""type"":""MultiPoint"",""coordinates"":[]}"
12304_0,0.22379912,0.57072055,0.18322803,2024-05-06,12304,"{""type"":""MultiPoint"",""coordinates"":[]}"
12307_0,0.17992999,0.6964539,0.15304893,2024-05-06,12307,"{""type"":""MultiPoint"",""coordinates"":[]}"
12315_0,0.052444443,0.6299527,0.025148606,2024-05-06,12315,"{""type"":""MultiPoint"",""coordinates"":[]}"
12317_0,0.08650672,0.6799707,0.050125886,2024-05-06,12317,"{""type"":""MultiPoint"",""coordinates"":[]}"
12322_0,0.144453,0.6871407,0.11319625,2024-05-06,12322,"{""type"":""MultiPoint"",""coordinates"":[]}"
12332_0,0.07732164,0.6181523,0.037622117,2024-05-06,12332,"{""type"":""MultiPoint"",""coordinates"":[]}"
12373_0,0.1204955,0.6173326,0.101782635,2024-05-06,12373,"{""type"":""MultiPoint"",""coordinates"":[]}"
12375_0,0.090701915,0.57475996,0.07014682,2024-05-06,12375,"{""type"":""MultiPoint"",""coordinates"":[]}"
12388_0,-0.023390753,0.5729927,-0.043639053,2024-05-06,12388,"{""type"":""MultiPoint"",""coordinates"":[]}"
12402_0,0.1797723,0.30512515,0.1714362,2024-05-06,12402,"{""type"":""MultiPoint"",""coordinates"":[]}"
12409_0,0.26517773,0.6632479,0.24983944,2024-05-06,12409,"{""type"":""MultiPoint"",""coordinates"":[]}"
12413_0,0.19820295,0.27157652,0.18594043,2024-05-06,12413,"{""type"":""MultiPoint"",""coordinates"":[]}"
12416_0,0.20476061,0.34106162,0.19847329,2024-05-06,12416,"{""type"":""MultiPoint"",""coordinates"":[]}"
12650_0,0.388931,0.8985325,0.38407457,2024-05-06,12650,"{""type"":""MultiPoint"",""coordinates"":[]}"
12652_0,0.2514495,0.8048231,0.24020442,2024-05-06,12652,"{""type"":""MultiPoint"",""coordinates"":[]}"
12656_0,0.39558342,0.86177015,0.3410611,2024-05-06,12656,"{""type"":""MultiPoint"",""coordinates"":[]}"
12657_0,0.17898771,0.6814159,0.14171258,2024-05-06,12657,"{""type"":""MultiPoint"",""coordinates"":[]}"
12666_0,0.09736152,0.47108844,0.08379013,2024-05-06,12666,"{""type"":""MultiPoint"",""coordinates"":[]}"
12756_0,0.22486034,0.8132214,0.21775898,2024-05-06,12756,"{""type"":""MultiPoint"",""coordinates"":[]}"
12765_0,0.21123596,0.8001959,0.19876081,2024-05-06,12765,"{""type"":""MultiPoint"",""coordinates"":[]}"
12779_0,0.23512837,0.8263905,0.23260562,2024-05-06,12779,"{""type"":""MultiPoint"",""coordinates"":[]}"
12783_0,0.31478146,0.86555403,0.3156776,2024-05-06,12783,"{""type"":""MultiPoint"",""coordinates"":[]}"
12786_0,0.18367347,0.7903066,0.19471948,2024-05-06,12786,"{""type"":""MultiPoint"",""coordinates"":[]}"
12790_0,0.22956023,0.7449782,0.2210848,2024-05-06,12790,"{""type"":""MultiPoint"",""coordinates"":[]}"
12793_0,0.061125915,0.105799876,0.10360181,2024-05-06,12793,"{""type"":""MultiPoint"",""coordinates"":[]}"
12796_0,0.17097253,0.766709,0.15963303,2024-05-06,12796,"{""type"":""MultiPoint"",""coordinates"":[]}"
12800_0,0.019911166,0.07882815,0.05500997,2024-05-06,12800,"{""type"":""MultiPoint"",""coordinates"":[]}"
12801_0,0.099907495,0.6555047,0.08135326,2024-05-06,12801,"{""type"":""MultiPoint"",""coordinates"":[]}"
12804_0,0.40344828,0.8095238,0.36338547,2024-05-06,12804,"{""type"":""MultiPoint"",""coordinates"":[]}"
12823_0,0.48349515,0.79972184,0.4173056,2024-05-06,12823,"{""type"":""MultiPoint"",""coordinates"":[]}"
12827_0,0.08235585,0.38919738,0.19392624,2024-05-06,12827,"{""type"":""MultiPoint"",""coordinates"":[]}"
12828_0,0.2506427,0.7664093,0.22162884,2024-05-06,12828,"{""type"":""MultiPoint"",""coordinates"":[]}"
12838_0,0.18681657,0.60321,0.1533034,2024-05-06,12838,"{""type"":""MultiPoint"",""coordinates"":[]}"
12848_0,0.11112319,0.05629014,0.15543158,2024-05-06,12848,"{""type"":""MultiPoint"",""coordinates"":[]}"
12849_0,0.16738608,0.6276002,0.10392292,2024-05-06,12849,"{""type"":""MultiPoint"",""coordinates"":[]}"
12854_0,0.03642791,0.18491705,0.11235398,2024-05-06,12854,"{""type"":""MultiPoint"",""coordinates"":[]}"
12861_0,0.34044892,0.8541089,0.31306195,2024-05-06,12861,"{""type"":""MultiPoint"",""coordinates"":[]}"
12864_0,0.029457137,0.17068063,0.0076611084,2024-05-06,12864,"{""type"":""MultiPoint"",""coordinates"":[]}"
12865_0,0.26572132,0.7820425,0.24164279,2024-05-06,12865,"{""type"":""MultiPoint"",""coordinates"":[]}"
12872_0,0.26148295,0.79990333,0.2465272,2024-05-06,12872,"{""type"":""MultiPoint"",""coordinates"":[]}"
12875_0,0.3317595,0.8615108,0.32205012,2024-05-06,12875,"{""type"":""MultiPoint"",""coordinates"":[]}"
12877_0,0.1990266,0.64621675,0.16582187,2024-05-06,12877,"{""type"":""MultiPoint"",""coordinates"":[]}"
12884_0,0.22974537,0.6938604,0.20418535,2024-05-06,12884,"{""type"":""MultiPoint"",""coordinates"":[]}"
12885_0,0.22701977,0.6712686,0.22864802,2024-05-06,12885,"{""type"":""MultiPoint"",""coordinates"":[]}"
12886_0,0.20365146,0.7022977,0.17375581,2024-05-06,12886,"{""type"":""MultiPoint"",""coordinates"":[]}"
12887_0,0.04156748,0.5098149,0.014126955,2024-05-06,12887,"{""type"":""MultiPoint"",""coordinates"":[]}"
12890_0,0.36707693,0.8941368,0.38679385,2024-05-06,12890,"{""type"":""MultiPoint"",""coordinates"":[]}"
12892_0,0.36916378,0.79575956,0.37442312,2024-05-06,12892,"{""type"":""MultiPoint"",""coordinates"":[]}"
12893_0,0.019070134,0.55725974,-0.010717765,2024-05-06,12893,"{""type"":""MultiPoint"",""coordinates"":[]}"
12895_0,0.20238331,0.7157523,0.1422469,2024-05-06,12895,"{""type"":""MultiPoint"",""coordinates"":[]}"
12898_0,0.3551427,0.89026546,0.38073692,2024-05-06,12898,"{""type"":""MultiPoint"",""coordinates"":[]}"
12899_0,0.24984066,0.7794017,0.24672,2024-05-06,12899,"{""type"":""MultiPoint"",""coordinates"":[]}"
12902_0,0.35868233,0.80402404,0.30708066,2024-05-06,12902,"{""type"":""MultiPoint"",""coordinates"":[]}"
12908_0,0.3643959,0.8730364,0.3750395,2024-05-06,12908,"{""type"":""MultiPoint"",""coordinates"":[]}"
12911_0,0.22008908,0.5693431,0.1506941,2024-05-06,12911,"{""type"":""MultiPoint"",""coordinates"":[]}"
12914_0,0.24134384,0.7311669,0.22743934,2024-05-06,12914,"{""type"":""MultiPoint"",""coordinates"":[]}"
12919_0,-0.06175299,0.4869059,-0.097837284,2024-05-06,12919,"{""type"":""MultiPoint"",""coordinates"":[]}"
12921_0,0.22869198,0.6965643,0.20831528,2024-05-06,12921,"{""type"":""MultiPoint"",""coordinates"":[]}"
12926_0,0.30094138,0.783496,0.27174944,2024-05-06,12926,"{""type"":""MultiPoint"",""coordinates"":[]}"
12928_0,0.05535805,0.5810102,0.013088079,2024-05-06,12928,"{""type"":""MultiPoint"",""coordinates"":[]}"
12930_0,0.18699187,0.61100686,0.056603774,2024-05-06,12930,"{""type"":""MultiPoint"",""coordinates"":[]}"
12934_0,0.07586207,0.47408107,0.07713499,2024-05-06,12934,"{""type"":""MultiPoint"",""coordinates"":[]}"
12936_0,0.1505618,0.61618257,0.1182487,2024-05-06,12936,"{""type"":""MultiPoint"",""coordinates"":[]}"
12943_0,0.15225856,0.6548165,0.14003555,2024-05-06,12943,"{""type"":""MultiPoint"",""coordinates"":[]}"
12944_0,0.20740595,0.7125457,0.16583748,2024-05-06,12944,"{""type"":""MultiPoint"",""coordinates"":[]}"
12945_0,0.1291065,0.64084506,0.056449786,2024-05-06,12945,"{""type"":""MultiPoint"",""coordinates"":[]}"
12959_0,0.29313365,0.709719,0.29203194,2024-05-06,12959,"{""type"":""MultiPoint"",""coordinates"":[]}"
12961_0,0.08186298,0.6540513,0.059895832,2024-05-06,12961,"{""type"":""MultiPoint"",""coordinates"":[]}"
12966_0,0.22999598,0.8087886,0.22797823,2024-05-06,12966,"{""type"":""MultiPoint"",""coordinates"":[]}"
12987_0,-0.035053555,0.44281217,-0.07391817,2024-05-06,12987,"{""type"":""MultiPoint"",""coordinates"":[]}"
12989_0,0.05952618,0.53874767,0.024772914,2024-05-06,12989,"{""type"":""MultiPoint"",""coordinates"":[]}"
12992_0,0.061582528,0.58769566,0.05770268,2024-05-06,12992,"{""type"":""MultiPoint"",""coordinates"":[]}"
12995_0,0.059249382,0.57308584,0.046902142,2024-05-06,12995,"{""type"":""MultiPoint"",""coordinates"":[]}"
13006_0,0.08527132,0.31046167,0.013927577,2024-05-06,13006,"{""type"":""MultiPoint"",""coordinates"":[]}"
13018_0,0.12733029,0.6016178,0.12161445,2024-05-06,13018,"{""type"":""MultiPoint"",""coordinates"":[]}"
13020_0,0.1966581,0.6912577,0.16238552,2024-05-06,13020,"{""type"":""MultiPoint"",""coordinates"":[]}"
13025_0,0.1171318,0.37386668,0.08623234,2024-05-06,13025,"{""type"":""MultiPoint"",""coordinates"":[]}"
13027_0,0.16839677,0.4201128,0.1656702,2024-05-06,13027,"{""type"":""MultiPoint"",""coordinates"":[]}"
13031_0,-0.0280617,0.54615384,-0.06836616,2024-05-06,13031,"{""type"":""MultiPoint"",""coordinates"":[]}"
13036_0,0.16336633,0.22111866,0.16045703,2024-05-06,13036,"{""type"":""MultiPoint"",""coordinates"":[]}"
13076_0,0.23195489,0.7609108,0.22774523,2024-05-06,13076,"{""type"":""MultiPoint"",""coordinates"":[]}"
13079_0,0.09994375,0.5529279,0.06940675,2024-05-06,13079,"{""type"":""MultiPoint"",""coordinates"":[]}"
13085_0,0.027693346,0.46341464,1.7364125E-4,2024-05-06,13085,"{""type"":""MultiPoint"",""coordinates"":[]}"
13111_0,0.24715339,0.36585367,0.22908093,2024-05-06,13111,"{""type"":""MultiPoint"",""coordinates"":[]}"
13113_0,0.14931895,0.3116883,0.1462471,2024-05-06,13113,"{""type"":""MultiPoint"",""coordinates"":[]}"
13119_0,0.15689382,0.49361703,0.13776337,2024-05-06,13119,"{""type"":""MultiPoint"",""coordinates"":[]}"
13122_0,0.22470434,0.39691943,0.23036785,2024-05-06,13122,"{""type"":""MultiPoint"",""coordinates"":[]}"
13126_0,0.2406275,0.13503306,0.2546973,2024-05-06,13126,"{""type"":""MultiPoint"",""coordinates"":[]}"
13129_0,0.25042492,0.14243324,0.2716763,2024-05-06,13129,"{""type"":""MultiPoint"",""coordinates"":[]}"
13131_0,0.20439675,0.33655006,0.18629551,2024-05-06,13131,"{""type"":""MultiPoint"",""coordinates"":[]}"
13132_0,0.2443843,0.3086138,0.24336043,2024-05-06,13132,"{""type"":""MultiPoint"",""coordinates"":[]}"
13139_0,0.2724333,0.14498141,0.2920818,2024-05-06,13139,"{""type"":""MultiPoint"",""coordinates"":[]}"
13376_0,0.07540984,0.49485502,0.03816794,2024-05-06,13376,"{""type"":""MultiPoint"",""coordinates"":[]}"
13460_0,0.2803641,0.8021548,0.24881227,2024-05-06,13460,"{""type"":""MultiPoint"",""coordinates"":[]}"
13471_0,0.1450253,0.6551126,0.113378026,2024-05-06,13471,"{""type"":""MultiPoint"",""coordinates"":[]}"
13490_0,0.26614776,0.7583838,0.23653927,2024-05-06,13490,"{""type"":""MultiPoint"",""coordinates"":[]}"
13492_0,0.27618536,0.6425386,0.27850467,2024-05-06,13492,"{""type"":""MultiPoint"",""coordinates"":[]}"
13505_0,0.21834686,0.74527115,0.17010483,2024-05-06,13505,"{""type"":""MultiPoint"",""coordinates"":[]}"
13508_0,0.2225021,0.7845374,0.20651242,2024-05-06,13508,"{""type"":""MultiPoint"",""coordinates"":[]}"
13512_0,0.12737277,0.5742424,0.13427947,2024-05-06,13512,"{""type"":""MultiPoint"",""coordinates"":[]}"
13514_0,0.04352227,0.099378884,0.058295965,2024-05-06,13514,"{""type"":""MultiPoint"",""coordinates"":[]}"
13518_0,0.09083007,0.5251981,0.0698088,2024-05-06,13518,"{""type"":""MultiPoint"",""coordinates"":[]}"
13521_0,0.4053156,0.7878104,0.3773913,2024-05-06,13521,"{""type"":""MultiPoint"",""coordinates"":[]}"
13529_0,0.12402202,0.6824634,0.12058182,2024-05-06,13529,"{""type"":""MultiPoint"",""coordinates"":[]}"
13533_0,0.114486314,0.058110155,0.15086563,2024-05-06,13533,"{""type"":""MultiPoint"",""coordinates"":[]}"
13544_0,0.31413984,0.85238093,0.31752753,2024-05-06,13544,"{""type"":""MultiPoint"",""coordinates"":[]}"
13551_0,0.056655556,0.29077393,0.10190369,2024-05-06,13551,"{""type"":""MultiPoint"",""coordinates"":[]}"
13552_0,0.160195,0.6645702,0.11949242,2024-05-06,13552,"{""type"":""MultiPoint"",""coordinates"":[]}"
13557_0,0.2184874,0.6528736,0.21452703,2024-05-06,13557,"{""type"":""MultiPoint"",""coordinates"":[]}"
13558_0,0.14457501,0.038533833,0.17086093,2024-05-06,13558,"{""type"":""MultiPoint"",""coordinates"":[]}"
13559_0,0.21233259,0.5733715,0.21789722,2024-05-06,13559,"{""type"":""MultiPoint"",""coordinates"":[]}"
13566_0,0.040706355,0.048793014,0.050141424,2024-05-06,13566,"{""type"":""MultiPoint"",""coordinates"":[]}"
13570_0,0.32885364,0.8588508,0.31747985,2024-05-06,13570,"{""type"":""MultiPoint"",""coordinates"":[]}"
13578_0,0.13550489,0.71657485,0.12726077,2024-05-06,13578,"{""type"":""MultiPoint"",""coordinates"":[]}"
13579_0,0.20737626,0.74987024,0.15836482,2024-05-06,13579,"{""type"":""MultiPoint"",""coordinates"":[]}"
13583_0,0.3123807,0.8742138,0.27657297,2024-05-06,13583,"{""type"":""MultiPoint"",""coordinates"":[]}"
13588_0,0.18312265,0.662283,0.13853359,2024-05-06,13588,"{""type"":""MultiPoint"",""coordinates"":[]}"
13592_0,0.26009044,0.81455064,0.266722,2024-05-06,13592,"{""type"":""MultiPoint"",""coordinates"":[]}"
13598_0,0.06103133,0.6137566,0.02918846,2024-05-06,13598,"{""type"":""MultiPoint"",""coordinates"":[]}"
13600_0,0.33679473,0.8408562,0.34741145,2024-05-06,13600,"{""type"":""MultiPoint"",""coordinates"":[]}"
13606_0,0.35946128,0.89506906,0.3377889,2024-05-06,13606,"{""type"":""MultiPoint"",""coordinates"":[]}"
13612_0,0.23228483,0.7510548,0.19833966,2024-05-06,13612,"{""type"":""MultiPoint"",""coordinates"":[]}"
13617_0,0.17877612,0.72057205,0.16956441,2024-05-06,13617,"{""type"":""MultiPoint"",""coordinates"":[]}"
13618_0,0.085435316,0.5462287,0.06137787,2024-05-06,13618,"{""type"":""MultiPoint"",""coordinates"":[]}"
13621_0,0.24187031,0.7390808,0.21451356,2024-05-06,13621,"{""type"":""MultiPoint"",""coordinates"":[]}"
13623_0,0.30799684,0.6765286,0.32090133,2024-05-06,13623,"{""type"":""MultiPoint"",""coordinates"":[]}"
13625_0,0.30597964,0.8295716,0.29086772,2024-05-06,13625,"{""type"":""MultiPoint"",""coordinates"":[]}"
13631_0,8.6374435E-4,0.188251,0.07153607,2024-05-06,13631,"{""type"":""MultiPoint"",""coordinates"":[]}"
13633_0,0.22049835,0.81845164,0.19292553,2024-05-06,13633,"{""type"":""MultiPoint"",""coordinates"":[]}"
13637_0,0.21712539,0.7323818,0.18198417,2024-05-06,13637,"{""type"":""MultiPoint"",""coordinates"":[]}"
13639_0,0.03561644,0.43472287,0.022860875,2024-05-06,13639,"{""type"":""MultiPoint"",""coordinates"":[]}"
13641_0,0.11549191,0.7337075,0.077937186,2024-05-06,13641,"{""type"":""MultiPoint"",""coordinates"":[]}"
13646_0,0.4016529,0.9268571,0.39917013,2024-05-06,13646,"{""type"":""MultiPoint"",""coordinates"":[]}"
13648_0,0.1349344,0.27481714,0.1655123,2024-05-06,13648,"{""type"":""MultiPoint"",""coordinates"":[]}"
13652_0,0.031486146,0.068756,0.041445933,2024-05-06,13652,"{""type"":""MultiPoint"",""coordinates"":[]}"
13657_0,0.108747855,0.6434919,0.09508882,2024-05-06,13657,"{""type"":""MultiPoint"",""coordinates"":[]}"
13659_0,0.19592443,0.6901583,0.17937608,2024-05-06,13659,"{""type"":""MultiPoint"",""coordinates"":[]}"
13661_0,0.12913387,0.5700519,0.3138958,2024-05-06,13661,"{""type"":""MultiPoint"",""coordinates"":[]}"
13670_0,0.13319308,0.70068026,0.13305277,2024-05-06,13670,"{""type"":""MultiPoint"",""coordinates"":[]}"
13676_0,0.06412262,0.39949536,0.053164557,2024-05-06,13676,"{""type"":""MultiPoint"",""coordinates"":[]}"
13684_0,0.1186128,0.6815864,0.10808288,2024-05-06,13684,"{""type"":""MultiPoint"",""coordinates"":[]}"
13691_0,0.1715418,0.7156773,0.12427688,2024-05-06,13691,"{""type"":""MultiPoint"",""coordinates"":[]}"
13695_0,0.05308311,0.6478172,0.029848013,2024-05-06,13695,"{""type"":""MultiPoint"",""coordinates"":[]}"
13724_0,0.037532967,0.6232832,0.022661723,2024-05-06,13724,"{""type"":""MultiPoint"",""coordinates"":[]}"
13726_0,0.14234161,0.6185992,0.12497443,2024-05-06,13726,"{""type"":""MultiPoint"",""coordinates"":[]}"
13735_0,0.05112144,0.6047904,0.013445378,2024-05-06,13735,"{""type"":""MultiPoint"",""coordinates"":[]}"
13743_0,0.17597911,0.3593947,0.15479378,2024-05-06,13743,"{""type"":""MultiPoint"",""coordinates"":[]}"
13752_0,0.018728053,0.50671554,-0.009432069,2024-05-06,13752,"{""type"":""MultiPoint"",""coordinates"":[]}"
13793_0,0.24710782,0.7526205,0.21305925,2024-05-06,13793,"{""type"":""MultiPoint"",""coordinates"":[]}"
13795_0,0.047244094,0.5341981,0.03624054,2024-05-06,13795,"{""type"":""MultiPoint"",""coordinates"":[]}"
13799_0,0.16616617,0.65690374,0.1331946,2024-05-06,13799,"{""type"":""MultiPoint"",""coordinates"":[]}"
13801_0,0.09258861,0.57651466,0.08886971,2024-05-06,13801,"{""type"":""MultiPoint"",""coordinates"":[]}"
13823_0,0.21673986,0.5027027,0.18930481,2024-05-06,13823,"{""type"":""MultiPoint"",""coordinates"":[]}"
13837_0,0.25477067,0.34682485,0.26848504,2024-05-06,13837,"{""type"":""MultiPoint"",""coordinates"":[]}"
13845_0,0.19931741,0.2635432,0.19075543,2024-05-06,13845,"{""type"":""MultiPoint"",""coordinates"":[]}"
13856_0,0.2580392,0.115658365,0.27731094,2024-05-06,13856,"{""type"":""MultiPoint"",""coordinates"":[]}"
13859_0,0.24479167,0.16007534,0.25907,2024-05-06,13859,"{""type"":""MultiPoint"",""coordinates"":[]}"
13860_0,0.21783657,0.117668755,0.24614435,2024-05-06,13860,"{""type"":""MultiPoint"",""coordinates"":[]}"
14068_0,0.38371193,0.88680834,0.3843779,2024-05-06,14068,"{""type"":""MultiPoint"",""coordinates"":[]}"
14086_0,0.15660866,0.7131429,0.13646702,2024-05-06,14086,"{""type"":""MultiPoint"",""coordinates"":[]}"
14162_0,0.12047495,0.68393326,0.116252,2024-05-06,14162,"{""type"":""MultiPoint"",""coordinates"":[]}"
14199_0,0.20057535,0.6998376,0.18864559,2024-05-06,14199,"{""type"":""MultiPoint"",""coordinates"":[]}"
14202_0,0.321413,0.77303284,0.31534174,2024-05-06,14202,"{""type"":""MultiPoint"",""coordinates"":[]}"
14207_0,0.19169329,0.75037,0.1674893,2024-05-06,14207,"{""type"":""MultiPoint"",""coordinates"":[]}"
14213_0,0.098552406,0.316072,0.034243178,2024-05-06,14213,"{""type"":""MultiPoint"",""coordinates"":[]}"
14217_0,0.055682685,0.591716,0.021034319,2024-05-06,14217,"{""type"":""MultiPoint"",""coordinates"":[]}"
14219_0,0.07661206,0.05768249,0.11166253,2024-05-06,14219,"{""type"":""MultiPoint"",""coordinates"":[]}"
14221_0,0.51731163,0.85365856,0.48534203,2024-05-06,14221,"{""type"":""MultiPoint"",""coordinates"":[]}"
14224_0,0.32297364,0.59333974,0.2926354,2024-05-06,14224,"{""type"":""MultiPoint"",""coordinates"":[]}"
14239_0,0.19843096,0.78287524,0.20679963,2024-05-06,14239,"{""type"":""MultiPoint"",""coordinates"":[]}"
14246_0,0.40798748,0.8481283,0.39130434,2024-05-06,14246,"{""type"":""MultiPoint"",""coordinates"":[]}"
14252_0,0.17156105,-0.033761576,0.09367602,2024-05-06,14252,"{""type"":""MultiPoint"",""coordinates"":[]}"
14253_0,0.19180225,0.75989145,0.20216216,2024-05-06,14253,"{""type"":""MultiPoint"",""coordinates"":[]}"
14255_0,0.042786367,0.5153313,-0.019833652,2024-05-06,14255,"{""type"":""MultiPoint"",""coordinates"":[]}"
14258_0,0.2821018,0.8106077,0.3170884,2024-05-06,14258,"{""type"":""MultiPoint"",""coordinates"":[]}"
14267_0,0.20112321,0.7011494,0.17715111,2024-05-06,14267,"{""type"":""MultiPoint"",""coordinates"":[]}"
14268_0,0.042559676,0.20544554,0.10713271,2024-05-06,14268,"{""type"":""MultiPoint"",""coordinates"":[]}"
14269_0,0.051515475,0.18300949,0.08360927,2024-05-06,14269,"{""type"":""MultiPoint"",""coordinates"":[]}"
14270_0,0.051612902,0.5719968,0.02970297,2024-05-06,14270,"{""type"":""MultiPoint"",""coordinates"":[]}"
14271_0,0.027163614,0.4979716,-0.020881671,2024-05-06,14271,"{""type"":""MultiPoint"",""coordinates"":[]}"
14272_0,0.14943123,0.3674776,0.12985982,2024-05-06,14272,"{""type"":""MultiPoint"",""coordinates"":[]}"
14277_0,0.2621388,0.8226559,0.26856637,2024-05-06,14277,"{""type"":""MultiPoint"",""coordinates"":[]}"
14278_0,0.17876604,0.7165563,0.16212338,2024-05-06,14278,"{""type"":""MultiPoint"",""coordinates"":[]}"
14279_0,0.25441644,0.80674773,0.22903982,2024-05-06,14279,"{""type"":""MultiPoint"",""coordinates"":[]}"
14280_0,0.13148086,0.7325843,0.09226138,2024-05-06,14280,"{""type"":""MultiPoint"",""coordinates"":[]}"
14284_0,0.19627507,0.6497175,0.17741935,2024-05-06,14284,"{""type"":""MultiPoint"",""coordinates"":[]}"
14285_0,0.05054945,0.22805643,0.0743915,2024-05-06,14285,"{""type"":""MultiPoint"",""coordinates"":[]}"
14290_0,0.04903964,0.56504977,0.022884736,2024-05-06,14290,"{""type"":""MultiPoint"",""coordinates"":[]}"
14303_0,0.15295504,0.62607014,0.15428348,2024-05-06,14303,"{""type"":""MultiPoint"",""coordinates"":[]}"
14304_0,0.008327025,0.46562067,-0.015346458,2024-05-06,14304,"{""type"":""MultiPoint"",""coordinates"":[]}"
14306_0,0.27113703,0.5707411,0.24012157,2024-05-06,14306,"{""type"":""MultiPoint"",""coordinates"":[]}"
14307_0,0.10914217,0.6184211,0.100447334,2024-05-06,14307,"{""type"":""MultiPoint"",""coordinates"":[]}"
14309_0,0.4394494,0.85746104,0.44666088,2024-05-06,14309,"{""type"":""MultiPoint"",""coordinates"":[]}"
14311_0,0.30212766,0.79844964,0.30248383,2024-05-06,14311,"{""type"":""MultiPoint"",""coordinates"":[]}"
14314_0,0.24171843,0.73042166,0.22136593,2024-05-06,14314,"{""type"":""MultiPoint"",""coordinates"":[]}"
14315_0,0.27606678,0.73653334,0.25062415,2024-05-06,14315,"{""type"":""MultiPoint"",""coordinates"":[]}"
14316_0,0.3794872,0.81688464,0.3558119,2024-05-06,14316,"{""type"":""MultiPoint"",""coordinates"":[]}"
14317_0,0.3363732,0.834,0.31942445,2024-05-06,14317,"{""type"":""MultiPoint"",""coordinates"":[]}"
14323_0,0.32990146,0.83990246,0.33059067,2024-05-06,14323,"{""type"":""MultiPoint"",""coordinates"":[]}"
14324_0,0.15258256,0.6781609,0.124256216,2024-05-06,14324,"{""type"":""MultiPoint"",""coordinates"":[]}"
14327_0,0.2827804,0.7270694,0.2593801,2024-05-06,14327,"{""type"":""MultiPoint"",""coordinates"":[]}"
14329_0,0.3476874,0.64658636,0.33441824,2024-05-06,14329,"{""type"":""MultiPoint"",""coordinates"":[]}"
14331_0,0.16518228,0.32974428,0.16853933,2024-05-06,14331,"{""type"":""MultiPoint"",""coordinates"":[]}"
14333_0,-0.07934931,0.34039333,-0.10164765,2024-05-06,14333,"{""type"":""MultiPoint"",""coordinates"":[]}"
14335_0,-0.036790535,0.10790906,0.10472541,2024-05-06,14335,"{""type"":""MultiPoint"",""coordinates"":[]}"
14340_0,0.24000561,0.683121,0.21897073,2024-05-06,14340,"{""type"":""MultiPoint"",""coordinates"":[]}"
14342_0,0.21947029,0.7258971,0.18844894,2024-05-06,14342,"{""type"":""MultiPoint"",""coordinates"":[]}"
14344_0,0.34037268,0.6096,0.3090436,2024-05-06,14344,"{""type"":""MultiPoint"",""coordinates"":[]}"
14346_0,8.6355786E-4,0.3857532,0.509434,2024-05-06,14346,"{""type"":""MultiPoint"",""coordinates"":[]}"
14349_0,0.10429302,0.16192254,0.13880631,2024-05-06,14349,"{""type"":""MultiPoint"",""coordinates"":[]}"
14352_0,0.16147308,0.7200211,0.15789473,2024-05-06,14352,"{""type"":""MultiPoint"",""coordinates"":[]}"
14355_0,0.24376455,0.746577,0.21342096,2024-05-06,14355,"{""type"":""MultiPoint"",""coordinates"":[]}"
14359_0,5.9755007E-4,0.14921044,0.031978007,2024-05-06,14359,"{""type"":""MultiPoint"",""coordinates"":[]}"
14362_0,0.28148958,0.8020293,0.27018437,2024-05-06,14362,"{""type"":""MultiPoint"",""coordinates"":[]}"
14364_0,0.15053575,0.6833246,0.13919544,2024-05-06,14364,"{""type"":""MultiPoint"",""coordinates"":[]}"
14366_0,0.08045977,0.25102133,0.085894406,2024-05-06,14366,"{""type"":""MultiPoint"",""coordinates"":[]}"
14391_0,-0.033545144,0.46528804,-0.08048818,2024-05-06,14391,"{""type"":""MultiPoint"",""coordinates"":[]}"
14393_0,0.11422378,0.6679842,0.1193634,2024-05-06,14393,"{""type"":""MultiPoint"",""coordinates"":[]}"
14398_0,0.19667013,0.6482879,0.19077568,2024-05-06,14398,"{""type"":""MultiPoint"",""coordinates"":[]}"
14401_0,-0.011326861,0.49359813,-0.04462644,2024-05-06,14401,"{""type"":""MultiPoint"",""coordinates"":[]}"
14411_0,0.087201126,0.69636416,0.08138712,2024-05-06,14411,"{""type"":""MultiPoint"",""coordinates"":[]}"
14430_0,0.09740394,0.60554504,0.07943232,2024-05-06,14430,"{""type"":""MultiPoint"",""coordinates"":[]}"
14433_0,0.15172257,0.66505855,0.1302924,2024-05-06,14433,"{""type"":""MultiPoint"",""coordinates"":[]}"
14442_0,0.024506874,0.5855856,-0.014925373,2024-05-06,14442,"{""type"":""MultiPoint"",""coordinates"":[]}"
14446_0,0.1460722,0.33768353,0.10042496,2024-05-06,14446,"{""type"":""MultiPoint"",""coordinates"":[]}"
14449_0,0.14307266,0.7033708,0.14328809,2024-05-06,14449,"{""type"":""MultiPoint"",""coordinates"":[]}"
14455_0,0.27317983,0.77635413,0.27030405,2024-05-06,14455,"{""type"":""MultiPoint"",""coordinates"":[]}"
14499_0,0.055513017,0.56479806,0.025478965,2024-05-06,14499,"{""type"":""MultiPoint"",""coordinates"":[]}"
14534_0,0.17864272,0.26621923,0.15805626,2024-05-06,14534,"{""type"":""MultiPoint"",""coordinates"":[]}"
14540_0,0.2097922,0.2172949,0.22544643,2024-05-06,14540,"{""type"":""MultiPoint"",""coordinates"":[]}"
14546_0,0.24756213,0.26645768,0.2562189,2024-05-06,14546,"{""type"":""MultiPoint"",""coordinates"":[]}"
14563_0,0.23929603,0.1169879,0.26497462,2024-05-06,14563,"{""type"":""MultiPoint"",""coordinates"":[]}"
14577_0,0.21313734,0.09190457,0.23951165,2024-05-06,14577,"{""type"":""MultiPoint"",""coordinates"":[]}"
14768_0,0.36916995,0.8990189,0.33087373,2024-05-06,14768,"{""type"":""MultiPoint"",""coordinates"":[]}"
14771_0,0.33027524,0.80666804,0.2827155,2024-05-06,14771,"{""type"":""MultiPoint"",""coordinates"":[]}"
14783_0,0.07652843,0.41570523,0.08006814,2024-05-06,14783,"{""type"":""MultiPoint"",""coordinates"":[]}"
14841_0,0.012820513,0.5437902,-0.0058945357,2024-05-06,14841,"{""type"":""MultiPoint"",""coordinates"":[]}"
14842_0,0.3769778,0.88950914,0.3915509,2024-05-06,14842,"{""type"":""MultiPoint"",""coordinates"":[]}"
14852_0,0.3696655,0.8889598,0.34017506,2024-05-06,14852,"{""type"":""MultiPoint"",""coordinates"":[]}"
14884_0,0.0994328,0.17334576,0.12838897,2024-05-06,14884,"{""type"":""MultiPoint"",""coordinates"":[]}"
14886_0,0.16585366,0.71900827,0.12755102,2024-05-06,14886,"{""type"":""MultiPoint"",""coordinates"":[]}"
14898_0,0.050007693,0.58442825,0.026643544,2024-05-06,14898,"{""type"":""MultiPoint"",""coordinates"":[]}"
14904_0,0.17628656,0.77069753,0.16425964,2024-05-06,14904,"{""type"":""MultiPoint"",""coordinates"":[]}"
14908_0,0.25406992,0.7512592,0.23581682,2024-05-06,14908,"{""type"":""MultiPoint"",""coordinates"":[]}"
14909_0,0.035682116,0.07157258,0.09991593,2024-05-06,14909,"{""type"":""MultiPoint"",""coordinates"":[]}"
14910_0,0.21530426,0.7440034,0.19297227,2024-05-06,14910,"{""type"":""MultiPoint"",""coordinates"":[]}"
14914_0,0.1988284,0.7567984,0.19116367,2024-05-06,14914,"{""type"":""MultiPoint"",""coordinates"":[]}"
14917_0,0.17287324,0.6710059,0.07683508,2024-05-06,14917,"{""type"":""MultiPoint"",""coordinates"":[]}"
14919_0,0.22133891,0.7386178,0.17563677,2024-05-06,14919,"{""type"":""MultiPoint"",""coordinates"":[]}"
14920_0,0.2366529,0.80173916,0.24838078,2024-05-06,14920,"{""type"":""MultiPoint"",""coordinates"":[]}"
14930_0,0.26738796,0.73081374,0.26511627,2024-05-06,14930,"{""type"":""MultiPoint"",""coordinates"":[]}"
14933_0,0.066305816,0.12570356,0.1021814,2024-05-06,14933,"{""type"":""MultiPoint"",""coordinates"":[]}"
14934_0,0.07495642,0.6129177,0.06076696,2024-05-06,14934,"{""type"":""MultiPoint"",""coordinates"":[]}"
14941_0,0.08051948,0.1903904,-0.054952916,2024-05-06,14941,"{""type"":""MultiPoint"",""coordinates"":[]}"
14944_0,0.19774398,0.7120879,0.14076515,2024-05-06,14944,"{""type"":""MultiPoint"",""coordinates"":[]}"
14951_0,0.3424821,0.89697206,0.37279454,2024-05-06,14951,"{""type"":""MultiPoint"",""coordinates"":[]}"
14952_0,0.24762082,0.7512777,0.20941177,2024-05-06,14952,"{""type"":""MultiPoint"",""coordinates"":[]}"
14959_0,0.16407889,0.7605826,0.12835473,2024-05-06,14959,"{""type"":""MultiPoint"",""coordinates"":[]}"
14961_0,0.20431635,0.72855955,0.19413288,2024-05-06,14961,"{""type"":""MultiPoint"",""coordinates"":[]}"
14963_0,0.26106018,0.76960784,0.21805145,2024-05-06,14963,"{""type"":""MultiPoint"",""coordinates"":[]}"
14970_0,0.0560376,0.5556825,0.021180881,2024-05-06,14970,"{""type"":""MultiPoint"",""coordinates"":[]}"
14972_0,0.17455621,0.58843666,0.11004785,2024-05-06,14972,"{""type"":""MultiPoint"",""coordinates"":[]}"
14975_0,0.16725284,0.7582662,0.19508971,2024-05-06,14975,"{""type"":""MultiPoint"",""coordinates"":[]}"
14977_0,0.3057636,0.836773,0.29497355,2024-05-06,14977,"{""type"":""MultiPoint"",""coordinates"":[]}"
14981_0,0.06025906,0.5229462,0.035638604,2024-05-06,14981,"{""type"":""MultiPoint"",""coordinates"":[]}"
14985_0,0.32456836,0.8028169,0.31535003,2024-05-06,14985,"{""type"":""MultiPoint"",""coordinates"":[]}"
14987_0,0.07825797,0.67344695,0.048570443,2024-05-06,14987,"{""type"":""MultiPoint"",""coordinates"":[]}"
14988_0,0.32714304,0.87139857,0.32468936,2024-05-06,14988,"{""type"":""MultiPoint"",""coordinates"":[]}"
14989_0,0.31163707,0.8757249,0.36756268,2024-05-06,14989,"{""type"":""MultiPoint"",""coordinates"":[]}"
14995_0,0.2889306,0.73266244,0.27045235,2024-05-06,14995,"{""type"":""MultiPoint"",""coordinates"":[]}"
14998_0,0.2296209,0.73103654,0.18715025,2024-05-06,14998,"{""type"":""MultiPoint"",""coordinates"":[]}"
15002_0,0.3654753,0.8829077,0.39342833,2024-05-06,15002,"{""type"":""MultiPoint"",""coordinates"":[]}"
15004_0,0.1733394,0.6168285,0.15782155,2024-05-06,15004,"{""type"":""MultiPoint"",""coordinates"":[]}"
15011_0,0.3144448,0.7846574,0.30384168,2024-05-06,15011,"{""type"":""MultiPoint"",""coordinates"":[]}"
15014_0,0.24393679,0.75151235,0.21812297,2024-05-06,15014,"{""type"":""MultiPoint"",""coordinates"":[]}"
15016_0,0.053486675,0.2067274,0.14105856,2024-05-06,15016,"{""type"":""MultiPoint"",""coordinates"":[]}"
15017_0,-0.01570997,0.5343434,-0.050625,2024-05-06,15017,"{""type"":""MultiPoint"",""coordinates"":[]}"
15022_0,0.36457506,0.5575576,0.32088286,2024-05-06,15022,"{""type"":""MultiPoint"",""coordinates"":[]}"
15027_0,0.21411291,0.5336179,0.19178934,2024-05-06,15027,"{""type"":""MultiPoint"",""coordinates"":[]}"
15028_0,0.18301779,0.5764376,0.22440088,2024-05-06,15028,"{""type"":""MultiPoint"",""coordinates"":[]}"
15039_0,0.051579252,0.62858486,0.028350897,2024-05-06,15039,"{""type"":""MultiPoint"",""coordinates"":[]}"
15041_0,0.18970147,0.56668067,0.18429004,2024-05-06,15041,"{""type"":""MultiPoint"",""coordinates"":[]}"
15045_0,0.33567253,0.8148148,0.30984205,2024-05-06,15045,"{""type"":""MultiPoint"",""coordinates"":[]}"
15077_0,0.15113613,0.6949367,0.13619007,2024-05-06,15077,"{""type"":""MultiPoint"",""coordinates"":[]}"
15085_0,0.037526805,0.5997628,9.2747173E-4,2024-05-06,15085,"{""type"":""MultiPoint"",""coordinates"":[]}"
15100_0,0.08222268,0.65371025,0.06982543,2024-05-06,15100,"{""type"":""MultiPoint"",""coordinates"":[]}"
15103_0,0.20792079,0.52143157,0.1468005,2024-05-06,15103,"{""type"":""MultiPoint"",""coordinates"":[]}"
15104_0,0.112959884,0.7057751,0.078194045,2024-05-06,15104,"{""type"":""MultiPoint"",""coordinates"":[]}"
15105_0,-0.050343614,0.506937,-0.075613745,2024-05-06,15105,"{""type"":""MultiPoint"",""coordinates"":[]}"
15110_0,0.15745394,0.72753257,0.14961961,2024-05-06,15110,"{""type"":""MultiPoint"",""coordinates"":[]}"
15114_0,0.124951035,0.6317073,0.090020366,2024-05-06,15114,"{""type"":""MultiPoint"",""coordinates"":[]}"
15119_0,-0.048184358,0.508236,-0.08768116,2024-05-06,15119,"{""type"":""MultiPoint"",""coordinates"":[]}"
15120_0,0.22126281,0.5805085,0.21597391,2024-05-06,15120,"{""type"":""MultiPoint"",""coordinates"":[]}"
15157_0,0.18293165,0.6493056,0.15900773,2024-05-06,15157,"{""type"":""MultiPoint"",""coordinates"":[]}"
15192_0,0.25261688,0.5949252,0.2433769,2024-05-06,15192,"{""type"":""MultiPoint"",""coordinates"":[]}"
15193_0,0.22910129,0.45626476,0.22954091,2024-05-06,15193,"{""type"":""MultiPoint"",""coordinates"":[]}"
15194_0,0.2327806,0.54610527,0.2082922,2024-05-06,15194,"{""type"":""MultiPoint"",""coordinates"":[]}"
15197_0,0.3315041,0.7428958,0.3156282,2024-05-06,15197,"{""type"":""MultiPoint"",""coordinates"":[]}"
15199_0,0.1208959,0.45821726,0.096048154,2024-05-06,15199,"{""type"":""MultiPoint"",""coordinates"":[]}"
15202_0,0.17644219,0.28096676,0.19717647,2024-05-06,15202,"{""type"":""MultiPoint"",""coordinates"":[]}"
15209_0,0.21450152,0.34237728,0.2303138,2024-05-06,15209,"{""type"":""MultiPoint"",""coordinates"":[]}"
15210_0,0.19172342,0.33687314,0.1898136,2024-05-06,15210,"{""type"":""MultiPoint"",""coordinates"":[]}"
15214_0,0.17715618,0.25060531,0.18803911,2024-05-06,15214,"{""type"":""MultiPoint"",""coordinates"":[]}"
15227_0,0.23256367,0.21460374,0.25714287,2024-05-06,15227,"{""type"":""MultiPoint"",""coordinates"":[]}"
15228_0,0.27296317,0.12364621,0.27987665,2024-05-06,15228,"{""type"":""MultiPoint"",""coordinates"":[]}"
15241_0,0.24273157,0.09465649,0.26121372,2024-05-06,15241,"{""type"":""MultiPoint"",""coordinates"":[]}"
15244_0,0.23849568,0.12469831,0.2634433,2024-05-06,15244,"{""type"":""MultiPoint"",""coordinates"":[]}"
15448_0,0.20557275,0.72764784,0.18976949,2024-05-06,15448,"{""type"":""MultiPoint"",""coordinates"":[]}"
15510_0,0.3531609,0.78021175,0.3518159,2024-05-06,15510,"{""type"":""MultiPoint"",""coordinates"":[]}"
15553_0,0.15298674,0.6607642,0.11253317,2024-05-06,15553,"{""type"":""MultiPoint"",""coordinates"":[]}"
15572_0,0.32520986,0.8858859,0.3368813,2024-05-06,15572,"{""type"":""MultiPoint"",""coordinates"":[]}"
15578_0,0.10205707,0.44174135,0.14213262,2024-05-06,15578,"{""type"":""MultiPoint"",""coordinates"":[]}"
15582_0,0.20607686,0.7881508,0.28412572,2024-05-06,15582,"{""type"":""MultiPoint"",""coordinates"":[]}"
15584_0,0.14170486,0.66629463,0.121081285,2024-05-06,15584,"{""type"":""MultiPoint"",""coordinates"":[]}"
15586_0,0.069503546,0.66487455,0.062321328,2024-05-06,15586,"{""type"":""MultiPoint"",""coordinates"":[]}"
15595_0,-0.10264492,0.6573034,-0.15387926,2024-05-06,15595,"{""type"":""MultiPoint"",""coordinates"":[]}"
15604_0,0.32371134,0.720548,0.31380752,2024-05-06,15604,"{""type"":""MultiPoint"",""coordinates"":[]}"
15605_0,0.23378213,0.71270716,0.19537275,2024-05-06,15605,"{""type"":""MultiPoint"",""coordinates"":[]}"
15607_0,0.2681202,0.57575756,0.02281668,2024-05-06,15607,"{""type"":""MultiPoint"",""coordinates"":[]}"
15608_0,0.17337145,-0.01754386,0.11279953,2024-05-06,15608,"{""type"":""MultiPoint"",""coordinates"":[]}"
15624_0,0.17726798,0.7084454,0.14594984,2024-05-06,15624,"{""type"":""MultiPoint"",""coordinates"":[]}"
15625_0,0.259206,0.7798165,0.24740611,2024-05-06,15625,"{""type"":""MultiPoint"",""coordinates"":[]}"
15626_0,0.117396116,0.6630896,0.088,2024-05-06,15626,"{""type"":""MultiPoint"",""coordinates"":[]}"
15631_0,0.16664013,0.7323601,0.15247653,2024-05-06,15631,"{""type"":""MultiPoint"",""coordinates"":[]}"
15640_0,0.19308357,0.63055557,0.16583912,2024-05-06,15640,"{""type"":""MultiPoint"",""coordinates"":[]}"
15641_0,0.2469172,0.7800183,0.20452784,2024-05-06,15641,"{""type"":""MultiPoint"",""coordinates"":[]}"
15642_0,0.01434413,0.08619292,0.02859336,2024-05-06,15642,"{""type"":""MultiPoint"",""coordinates"":[]}"
15643_0,0.10241962,0.5747216,0.05775922,2024-05-06,15643,"{""type"":""MultiPoint"",""coordinates"":[]}"
15648_0,0.04947964,0.17215727,0.06102327,2024-05-06,15648,"{""type"":""MultiPoint"",""coordinates"":[]}"
15656_0,0.24871908,0.7807499,0.18462028,2024-05-06,15656,"{""type"":""MultiPoint"",""coordinates"":[]}"
15657_0,0.20684786,0.6419994,0.13360325,2024-05-06,15657,"{""type"":""MultiPoint"",""coordinates"":[]}"
15659_0,0.075745985,0.6823266,0.042789225,2024-05-06,15659,"{""type"":""MultiPoint"",""coordinates"":[]}"
15660_0,0.13111603,0.65701944,0.13239853,2024-05-06,15660,"{""type"":""MultiPoint"",""coordinates"":[]}"
15661_0,0.052687224,0.59,0.03135135,2024-05-06,15661,"{""type"":""MultiPoint"",""coordinates"":[]}"
15662_0,0.07550393,0.55837435,0.053184044,2024-05-06,15662,"{""type"":""MultiPoint"",""coordinates"":[]}"
15663_0,0.30795953,0.8766261,0.32249,2024-05-06,15663,"{""type"":""MultiPoint"",""coordinates"":[]}"
15664_0,0.14204444,0.7095263,0.15288748,2024-05-06,15664,"{""type"":""MultiPoint"",""coordinates"":[]}"
15665_0,0.252192,0.8072289,0.2507445,2024-05-06,15665,"{""type"":""MultiPoint"",""coordinates"":[]}"
15666_0,0.35374963,0.83715016,0.33394918,2024-05-06,15666,"{""type"":""MultiPoint"",""coordinates"":[]}"
15667_0,0.3248918,0.79639554,0.27304107,2024-05-06,15667,"{""type"":""MultiPoint"",""coordinates"":[]}"
15672_0,0.24711221,0.751938,0.23367625,2024-05-06,15672,"{""type"":""MultiPoint"",""coordinates"":[]}"
15674_0,0.38665462,0.8529107,0.37430856,2024-05-06,15674,"{""type"":""MultiPoint"",""coordinates"":[]}"
15677_0,0.07285974,0.576555,0.017564178,2024-05-06,15677,"{""type"":""MultiPoint"",""coordinates"":[]}"
15678_0,0.43265614,0.91794044,0.43333834,2024-05-06,15678,"{""type"":""MultiPoint"",""coordinates"":[]}"
15679_0,0.30224216,0.6923077,0.2735761,2024-05-06,15679,"{""type"":""MultiPoint"",""coordinates"":[]}"
15680_0,0.32022378,0.8043214,0.29907358,2024-05-06,15680,"{""type"":""MultiPoint"",""coordinates"":[]}"
15681_0,0.37726372,0.88364714,0.37026778,2024-05-06,15681,"{""type"":""MultiPoint"",""coordinates"":[]}"
15688_0,0.17214799,0.35020128,0.18615812,2024-05-06,15688,"{""type"":""MultiPoint"",""coordinates"":[]}"
15692_0,0.21704625,0.7126949,0.15098223,2024-05-06,15692,"{""type"":""MultiPoint"",""coordinates"":[]}"
15694_0,0.3149389,0.85979384,0.34979424,2024-05-06,15694,"{""type"":""MultiPoint"",""coordinates"":[]}"
15696_0,0.13138108,0.6604651,0.13086517,2024-05-06,15696,"{""type"":""MultiPoint"",""coordinates"":[]}"
15698_0,0.283394,0.79094917,0.27208078,2024-05-06,15698,"{""type"":""MultiPoint"",""coordinates"":[]}"
15701_0,0.34250706,0.81012046,0.36581817,2024-05-06,15701,"{""type"":""MultiPoint"",""coordinates"":[]}"
15704_0,0.1754386,0.6064309,0.16619982,2024-05-06,15704,"{""type"":""MultiPoint"",""coordinates"":[]}"
15706_0,0.21416333,0.78403246,0.22985074,2024-05-06,15706,"{""type"":""MultiPoint"",""coordinates"":[]}"
15708_0,0.4630501,0.8708627,0.4544432,2024-05-06,15708,"{""type"":""MultiPoint"",""coordinates"":[]}"
15711_0,0.120233536,0.6788793,0.12755564,2024-05-06,15711,"{""type"":""MultiPoint"",""coordinates"":[]}"
15715_0,0.13972269,0.6275862,0.1126827,2024-05-06,15715,"{""type"":""MultiPoint"",""coordinates"":[]}"
15718_0,0.064650446,0.22274436,0.098817565,2024-05-06,15718,"{""type"":""MultiPoint"",""coordinates"":[]}"
15719_0,0.23277994,0.7044501,0.3029525,2024-05-06,15719,"{""type"":""MultiPoint"",""coordinates"":[]}"
15722_0,0.24531488,0.68875194,0.19065726,2024-05-06,15722,"{""type"":""MultiPoint"",""coordinates"":[]}"
15724_0,0.07589922,0.5822725,0.07015306,2024-05-06,15724,"{""type"":""MultiPoint"",""coordinates"":[]}"
15726_0,0.17630242,0.6880734,0.17328233,2024-05-06,15726,"{""type"":""MultiPoint"",""coordinates"":[]}"
15729_0,0.34064773,0.85717064,0.313515,2024-05-06,15729,"{""type"":""MultiPoint"",""coordinates"":[]}"
15734_0,0.23726852,0.715853,0.22546522,2024-05-06,15734,"{""type"":""MultiPoint"",""coordinates"":[]}"
15744_0,0.39864293,0.8202374,0.38852954,2024-05-06,15744,"{""type"":""MultiPoint"",""coordinates"":[]}"
15746_0,0.06881302,0.7098535,0.061340943,2024-05-06,15746,"{""type"":""MultiPoint"",""coordinates"":[]}"
15750_0,0.03527919,0.32662052,0.051765,2024-05-06,15750,"{""type"":""MultiPoint"",""coordinates"":[]}"
15754_0,0.1805246,0.71722364,0.16579406,2024-05-06,15754,"{""type"":""MultiPoint"",""coordinates"":[]}"
15756_0,0.29300067,0.7086783,0.27011624,2024-05-06,15756,"{""type"":""MultiPoint"",""coordinates"":[]}"
15761_0,0.2002091,0.65705615,0.17609046,2024-05-06,15761,"{""type"":""MultiPoint"",""coordinates"":[]}"
15763_0,0.20261133,0.75260806,0.15805022,2024-05-06,15763,"{""type"":""MultiPoint"",""coordinates"":[]}"
15774_0,0.1766969,0.46134347,0.21240799,2024-05-06,15774,"{""type"":""MultiPoint"",""coordinates"":[]}"
15776_0,0.1672975,0.2790831,0.0072202166,2024-05-06,15776,"{""type"":""MultiPoint"",""coordinates"":[]}"
15778_0,0.26649076,0.84414375,0.30925956,2024-05-06,15778,"{""type"":""MultiPoint"",""coordinates"":[]}"
15782_0,0.058682155,0.61710274,0.037674036,2024-05-06,15782,"{""type"":""MultiPoint"",""coordinates"":[]}"
15785_0,0.24536301,0.5265958,0.2344086,2024-05-06,15785,"{""type"":""MultiPoint"",""coordinates"":[]}"
15794_0,-0.008279021,0.55962217,-0.03997093,2024-05-06,15794,"{""type"":""MultiPoint"",""coordinates"":[]}"
15795_0,0.20391127,0.27674535,0.20731418,2024-05-06,15795,"{""type"":""MultiPoint"",""coordinates"":[]}"
15808_0,0.1896968,0.364857,0.21517672,2024-05-06,15808,"{""type"":""MultiPoint"",""coordinates"":[]}"
15821_0,0.1148289,0.58183855,0.09592233,2024-05-06,15821,"{""type"":""MultiPoint"",""coordinates"":[]}"
15853_0,0.09130781,0.6114928,0.061946902,2024-05-06,15853,"{""type"":""MultiPoint"",""coordinates"":[]}"
15887_0,0.19589914,0.5334064,0.18276542,2024-05-06,15887,"{""type"":""MultiPoint"",""coordinates"":[]}"
15890_0,0.09451518,0.49658003,0.083973244,2024-05-06,15890,"{""type"":""MultiPoint"",""coordinates"":[]}"
15893_0,0.19600353,0.61347234,0.19053255,2024-05-06,15893,"{""type"":""MultiPoint"",""coordinates"":[]}"
15899_0,0.24322969,0.15532735,0.28296506,2024-05-06,15899,"{""type"":""MultiPoint"",""coordinates"":[]}"
15902_0,0.21741778,0.27217498,0.23941995,2024-05-06,15902,"{""type"":""MultiPoint"",""coordinates"":[]}"
15918_0,0.25951558,0.0883721,0.27260366,2024-05-06,15918,"{""type"":""MultiPoint"",""coordinates"":[]}"
16130_0,0.3540917,0.8833693,0.35740972,2024-05-06,16130,"{""type"":""MultiPoint"",""coordinates"":[]}"
16196_0,0.3547653,0.8994242,0.3713969,2024-05-06,16196,"{""type"":""MultiPoint"",""coordinates"":[]}"
16204_0,0.17056559,0.7321344,0.13295156,2024-05-06,16204,"{""type"":""MultiPoint"",""coordinates"":[]}"
16219_0,0.1703915,0.79390275,0.15266311,2024-05-06,16219,"{""type"":""MultiPoint"",""coordinates"":[]}"
16236_0,0.13585389,0.7258883,0.11530261,2024-05-06,16236,"{""type"":""MultiPoint"",""coordinates"":[]}"
16242_0,0.12277956,0.0678337,0.16424364,2024-05-06,16242,"{""type"":""MultiPoint"",""coordinates"":[]}"
16255_0,0.12155789,0.45526838,0.11806934,2024-05-06,16255,"{""type"":""MultiPoint"",""coordinates"":[]}"
16257_0,0.24082722,0.7596861,0.22373806,2024-05-06,16257,"{""type"":""MultiPoint"",""coordinates"":[]}"
16259_0,0.25873888,0.7889088,0.23609394,2024-05-06,16259,"{""type"":""MultiPoint"",""coordinates"":[]}"
16276_0,0.34009215,0.77375567,0.37302977,2024-05-06,16276,"{""type"":""MultiPoint"",""coordinates"":[]}"
16285_0,0.2091961,0.72401106,0.18140268,2024-05-06,16285,"{""type"":""MultiPoint"",""coordinates"":[]}"
16286_0,0.4070434,0.826178,0.4132901,2024-05-06,16286,"{""type"":""MultiPoint"",""coordinates"":[]}"
16287_0,0.17708333,0.46335554,-0.052920423,2024-05-06,16287,"{""type"":""MultiPoint"",""coordinates"":[]}"
16294_0,0.010305112,0.25569242,0.15740581,2024-05-06,16294,"{""type"":""MultiPoint"",""coordinates"":[]}"
16298_0,0.3358321,0.79621947,0.37473536,2024-05-06,16298,"{""type"":""MultiPoint"",""coordinates"":[]}"
16300_0,0.178596,0.68143153,0.09118599,2024-05-06,16300,"{""type"":""MultiPoint"",""coordinates"":[]}"
16306_0,0.03463687,0.44195122,-0.07797879,2024-05-06,16306,"{""type"":""MultiPoint"",""coordinates"":[]}"
16310_0,0.17376155,0.74197954,0.16796339,2024-05-06,16310,"{""type"":""MultiPoint"",""coordinates"":[]}"
16313_0,0.25,0.40535185,0.20475785,2024-05-06,16313,"{""type"":""MultiPoint"",""coordinates"":[]}"
16314_0,0.039583333,0.59183675,-0.04248102,2024-05-06,16314,"{""type"":""MultiPoint"",""coordinates"":[]}"
16318_0,0.3659238,0.85996705,0.34384763,2024-05-06,16318,"{""type"":""MultiPoint"",""coordinates"":[]}"
16319_0,0.028715683,0.5419416,0.03055118,2024-05-06,16319,"{""type"":""MultiPoint"",""coordinates"":[]}"
16320_0,0.26359007,0.8379971,0.2509188,2024-05-06,16320,"{""type"":""MultiPoint"",""coordinates"":[]}"
16321_0,0.29060772,0.8180104,0.33379453,2024-05-06,16321,"{""type"":""MultiPoint"",""coordinates"":[]}"
16322_0,0.10693175,0.6550976,0.10081154,2024-05-06,16322,"{""type"":""MultiPoint"",""coordinates"":[]}"
16323_0,0.31440163,0.8494337,0.30922812,2024-05-06,16323,"{""type"":""MultiPoint"",""coordinates"":[]}"
16327_0,0.31918263,0.84413147,0.29274312,2024-05-06,16327,"{""type"":""MultiPoint"",""coordinates"":[]}"
16331_0,0.08104179,0.3313253,0.07634238,2024-05-06,16331,"{""type"":""MultiPoint"",""coordinates"":[]}"
16337_0,0.2528569,0.79961467,0.233614,2024-05-06,16337,"{""type"":""MultiPoint"",""coordinates"":[]}"
16339_0,0.10149355,0.6473029,0.09084664,2024-05-06,16339,"{""type"":""MultiPoint"",""coordinates"":[]}"
16341_0,0.002097169,0.50800914,-0.039883446,2024-05-06,16341,"{""type"":""MultiPoint"",""coordinates"":[]}"
16343_0,0.30332944,0.84349495,0.29685917,2024-05-06,16343,"{""type"":""MultiPoint"",""coordinates"":[]}"
16345_0,0.23036373,0.5923599,0.18253079,2024-05-06,16345,"{""type"":""MultiPoint"",""coordinates"":[]}"
16348_0,0.24783088,0.7864246,0.26826274,2024-05-06,16348,"{""type"":""MultiPoint"",""coordinates"":[]}"
16350_0,0.36831656,0.89732903,0.38438147,2024-05-06,16350,"{""type"":""MultiPoint"",""coordinates"":[]}"
16359_0,0.15937606,0.6930894,0.14679056,2024-05-06,16359,"{""type"":""MultiPoint"",""coordinates"":[]}"
16360_0,0.29504383,0.82477653,0.28906533,2024-05-06,16360,"{""type"":""MultiPoint"",""coordinates"":[]}"
16366_0,0.32593495,0.8473174,0.27608162,2024-05-06,16366,"{""type"":""MultiPoint"",""coordinates"":[]}"
16369_0,0.20985691,0.7510412,0.20721008,2024-05-06,16369,"{""type"":""MultiPoint"",""coordinates"":[]}"
16373_0,0.32373872,0.86600906,0.35968852,2024-05-06,16373,"{""type"":""MultiPoint"",""coordinates"":[]}"
16375_0,0.31421533,0.82926214,0.30155885,2024-05-06,16375,"{""type"":""MultiPoint"",""coordinates"":[]}"
16380_0,0.18760331,0.7229814,0.17046413,2024-05-06,16380,"{""type"":""MultiPoint"",""coordinates"":[]}"
16382_0,0.23058663,0.8103194,0.23769528,2024-05-06,16382,"{""type"":""MultiPoint"",""coordinates"":[]}"
16387_0,0.39628482,0.8086225,0.376,2024-05-06,16387,"{""type"":""MultiPoint"",""coordinates"":[]}"
16388_0,0.23022152,0.4642857,0.08250825,2024-05-06,16388,"{""type"":""MultiPoint"",""coordinates"":[]}"
16393_0,0.33324286,0.7155588,0.305638,2024-05-06,16393,"{""type"":""MultiPoint"",""coordinates"":[]}"
16394_0,0.02725832,0.09694657,-0.032811712,2024-05-06,16394,"{""type"":""MultiPoint"",""coordinates"":[]}"
16410_0,0.030092055,0.17905918,-0.004245094,2024-05-06,16410,"{""type"":""MultiPoint"",""coordinates"":[]}"
16414_0,0.037037037,0.072,0.087979704,2024-05-06,16414,"{""type"":""MultiPoint"",""coordinates"":[]}"
16416_0,0.25532755,0.7360515,0.26332226,2024-05-06,16416,"{""type"":""MultiPoint"",""coordinates"":[]}"
16419_0,0.025165563,0.56765676,0.050497603,2024-05-06,16419,"{""type"":""MultiPoint"",""coordinates"":[]}"
16422_0,0.08582691,0.5851933,0.066080905,2024-05-06,16422,"{""type"":""MultiPoint"",""coordinates"":[]}"
16426_0,0.12188729,0.6196033,0.08416325,2024-05-06,16426,"{""type"":""MultiPoint"",""coordinates"":[]}"
16432_0,-0.037131883,0.49077868,-0.053658538,2024-05-06,16432,"{""type"":""MultiPoint"",""coordinates"":[]}"
16435_0,0.16816546,0.6695652,0.1359178,2024-05-06,16435,"{""type"":""MultiPoint"",""coordinates"":[]}"
16437_0,0.1627907,0.6760677,0.14663726,2024-05-06,16437,"{""type"":""MultiPoint"",""coordinates"":[]}"
16450_0,0.15829426,0.7150276,0.16721891,2024-05-06,16450,"{""type"":""MultiPoint"",""coordinates"":[]}"
16453_0,0.14185464,0.595182,0.08514428,2024-05-06,16453,"{""type"":""MultiPoint"",""coordinates"":[]}"
16464_0,0.19044943,0.46978852,0.1490995,2024-05-06,16464,"{""type"":""MultiPoint"",""coordinates"":[]}"
16465_0,0.19683705,0.46496814,0.185567,2024-05-06,16465,"{""type"":""MultiPoint"",""coordinates"":[]}"
16469_0,0.24200453,0.43173432,0.21471432,2024-05-06,16469,"{""type"":""MultiPoint"",""coordinates"":[]}"
16477_0,0.10855406,0.6668905,0.09459758,2024-05-06,16477,"{""type"":""MultiPoint"",""coordinates"":[]}"
16482_0,0.091759205,0.5615034,0.08101715,2024-05-06,16482,"{""type"":""MultiPoint"",""coordinates"":[]}"
16487_0,0.22146216,0.38861138,0.20843294,2024-05-06,16487,"{""type"":""MultiPoint"",""coordinates"":[]}"
16489_0,0.012626711,0.5455349,-0.028529085,2024-05-06,16489,"{""type"":""MultiPoint"",""coordinates"":[]}"
16545_0,0.33752438,0.7609538,0.31816155,2024-05-06,16545,"{""type"":""MultiPoint"",""coordinates"":[]}"
16547_0,0.3081227,0.70672315,0.28523022,2024-05-06,16547,"{""type"":""MultiPoint"",""coordinates"":[]}"
16556_0,0.22025457,0.22265407,0.21960676,2024-05-06,16556,"{""type"":""MultiPoint"",""coordinates"":[]}"
16559_0,0.2252816,0.2689295,0.22187303,2024-05-06,16559,"{""type"":""MultiPoint"",""coordinates"":[]}"
16561_0,0.25367743,0.31016043,0.2577002,2024-05-06,16561,"{""type"":""MultiPoint"",""coordinates"":[]}"
16566_0,0.21840297,0.31951642,0.21591511,2024-05-06,16566,"{""type"":""MultiPoint"",""coordinates"":[]}"
16572_0,0.26841325,0.15574837,0.2857143,2024-05-06,16572,"{""type"":""MultiPoint"",""coordinates"":[]}"
16582_0,0.24089424,0.17373079,0.2503101,2024-05-06,16582,"{""type"":""MultiPoint"",""coordinates"":[]}"
16589_0,0.23595032,0.15460889,0.2679976,2024-05-06,16589,"{""type"":""MultiPoint"",""coordinates"":[]}"
16601_0,0.24003841,0.1179704,0.25100544,2024-05-06,16601,"{""type"":""MultiPoint"",""coordinates"":[]}"
16793_0,0.17321016,0.64788735,0.13317192,2024-05-06,16793,"{""type"":""MultiPoint"",""coordinates"":[]}"
16829_0,0.114898846,0.033017077,0.15786675,2024-05-06,16829,"{""type"":""MultiPoint"",""coordinates"":[]}"
16843_0,0.39032435,0.833892,0.37888548,2024-05-06,16843,"{""type"":""MultiPoint"",""coordinates"":[]}"
16848_0,0.30523628,0.8089172,0.29977116,2024-05-06,16848,"{""type"":""MultiPoint"",""coordinates"":[]}"
16894_0,0.07214537,0.6097561,0.056145675,2024-05-06,16894,"{""type"":""MultiPoint"",""coordinates"":[]}"
16895_0,0.20211887,-0.0070493454,0.15262657,2024-05-06,16895,"{""type"":""MultiPoint"",""coordinates"":[]}"
16910_0,0.29441625,0.84514004,0.33651552,2024-05-06,16910,"{""type"":""MultiPoint"",""coordinates"":[]}"
16911_0,0.07149376,0.5518914,0.023672424,2024-05-06,16911,"{""type"":""MultiPoint"",""coordinates"":[]}"
16914_0,0.14429224,0.71277535,0.16077027,2024-05-06,16914,"{""type"":""MultiPoint"",""coordinates"":[]}"
16916_0,0.039229374,0.6407901,0.018679595,2024-05-06,16916,"{""type"":""MultiPoint"",""coordinates"":[]}"
16918_0,0.08497011,0.10916667,0.10801249,2024-05-06,16918,"{""type"":""MultiPoint"",""coordinates"":[]}"
16921_0,0.031469826,0.2681359,0.16934802,2024-05-06,16921,"{""type"":""MultiPoint"",""coordinates"":[]}"
16923_0,0.09098987,0.024806833,-0.0073855245,2024-05-06,16923,"{""type"":""MultiPoint"",""coordinates"":[]}"
16926_0,0.20445777,0.63323104,0.30173063,2024-05-06,16926,"{""type"":""MultiPoint"",""coordinates"":[]}"
16930_0,0.28173375,0.7644445,0.26232114,2024-05-06,16930,"{""type"":""MultiPoint"",""coordinates"":[]}"
16931_0,0.23971762,0.687389,0.21076947,2024-05-06,16931,"{""type"":""MultiPoint"",""coordinates"":[]}"
16932_0,0.03755824,0.15437324,0.061822228,2024-05-06,16932,"{""type"":""MultiPoint"",""coordinates"":[]}"
16933_0,0.27536726,0.72937906,0.27524346,2024-05-06,16933,"{""type"":""MultiPoint"",""coordinates"":[]}"
16934_0,0.105001554,0.62781185,0.04995878,2024-05-06,16934,"{""type"":""MultiPoint"",""coordinates"":[]}"
16942_0,0.01566737,0.5734456,-0.014123855,2024-05-06,16942,"{""type"":""MultiPoint"",""coordinates"":[]}"
16943_0,0.12990937,0.6366675,0.11226476,2024-05-06,16943,"{""type"":""MultiPoint"",""coordinates"":[]}"
16944_0,0.07921974,0.008328706,0.02288249,2024-05-06,16944,"{""type"":""MultiPoint"",""coordinates"":[]}"
16949_0,0.22715314,0.58933336,0.23758435,2024-05-06,16949,"{""type"":""MultiPoint"",""coordinates"":[]}"
16956_0,0.16638796,0.70724815,0.17135337,2024-05-06,16956,"{""type"":""MultiPoint"",""coordinates"":[]}"
16962_0,0.07431945,0.100795075,0.09769821,2024-05-06,16962,"{""type"":""MultiPoint"",""coordinates"":[]}"
16969_0,0.20767629,0.666148,0.16924037,2024-05-06,16969,"{""type"":""MultiPoint"",""coordinates"":[]}"
16970_0,0.08939558,0.6175396,0.027068833,2024-05-06,16970,"{""type"":""MultiPoint"",""coordinates"":[]}"
16973_0,0.26501867,0.7111016,0.21911742,2024-05-06,16973,"{""type"":""MultiPoint"",""coordinates"":[]}"
16976_0,0.20888272,0.7910448,0.2,2024-05-06,16976,"{""type"":""MultiPoint"",""coordinates"":[]}"
16981_0,0.020408163,0.26050422,0.020408163,2024-05-06,16981,"{""type"":""MultiPoint"",""coordinates"":[]}"
16983_0,0.2556283,0.76785713,0.2091603,2024-05-06,16983,"{""type"":""MultiPoint"",""coordinates"":[]}"
16990_0,0.12382865,0.7198486,0.096929975,2024-05-06,16990,"{""type"":""MultiPoint"",""coordinates"":[]}"
16991_0,0.21546961,0.73208725,0.2088599,2024-05-06,16991,"{""type"":""MultiPoint"",""coordinates"":[]}"
16994_0,0.09773913,0.6095287,0.09014381,2024-05-06,16994,"{""type"":""MultiPoint"",""coordinates"":[]}"
16997_0,0.24420045,0.82580644,0.22820976,2024-05-06,16997,"{""type"":""MultiPoint"",""coordinates"":[]}"
17000_0,0.2296369,0.65219307,0.2282484,2024-05-06,17000,"{""type"":""MultiPoint"",""coordinates"":[]}"
17003_0,0.17345232,0.6785994,0.18196872,2024-05-06,17003,"{""type"":""MultiPoint"",""coordinates"":[]}"
17007_0,0.29323542,0.77327543,0.23812732,2024-05-06,17007,"{""type"":""MultiPoint"",""coordinates"":[]}"
17017_0,0.31432253,0.8608219,0.2295438,2024-05-06,17017,"{""type"":""MultiPoint"",""coordinates"":[]}"
17023_0,0.2086832,0.52095807,0.13595706,2024-05-06,17023,"{""type"":""MultiPoint"",""coordinates"":[]}"
17026_0,0.25330204,0.5322254,0.19544592,2024-05-06,17026,"{""type"":""MultiPoint"",""coordinates"":[]}"
17032_0,0.22408776,0.73417723,0.22512855,2024-05-06,17032,"{""type"":""MultiPoint"",""coordinates"":[]}"
17036_0,0.33486077,0.8339277,0.31219244,2024-05-06,17036,"{""type"":""MultiPoint"",""coordinates"":[]}"
17038_0,0.35255814,0.84723973,0.35603258,2024-05-06,17038,"{""type"":""MultiPoint"",""coordinates"":[]}"
17040_0,0.35457763,0.6898029,0.21428572,2024-05-06,17040,"{""type"":""MultiPoint"",""coordinates"":[]}"
17042_0,0.34756854,0.738311,0.3389168,2024-05-06,17042,"{""type"":""MultiPoint"",""coordinates"":[]}"
17044_0,0.11104237,0.07519447,0.12988192,2024-05-06,17044,"{""type"":""MultiPoint"",""coordinates"":[]}"
17047_0,0.2691577,0.8050922,0.2809969,2024-05-06,17047,"{""type"":""MultiPoint"",""coordinates"":[]}"
17054_0,0.2097041,0.80191696,0.22298518,2024-05-06,17054,"{""type"":""MultiPoint"",""coordinates"":[]}"
17061_0,0.08145378,0.36479127,0.14509463,2024-05-06,17061,"{""type"":""MultiPoint"",""coordinates"":[]}"
17067_0,0.24931736,0.6593838,0.2474205,2024-05-06,17067,"{""type"":""MultiPoint"",""coordinates"":[]}"
17069_0,0.11663575,0.61406136,0.094459236,2024-05-06,17069,"{""type"":""MultiPoint"",""coordinates"":[]}"
17080_0,0.10184205,0.59974545,0.08478964,2024-05-06,17080,"{""type"":""MultiPoint"",""coordinates"":[]}"
17082_0,0.3470328,0.73913044,0.32774028,2024-05-06,17082,"{""type"":""MultiPoint"",""coordinates"":[]}"
17084_0,0.15609506,0.62616825,0.11857143,2024-05-06,17084,"{""type"":""MultiPoint"",""coordinates"":[]}"
17086_0,0.10962765,0.49676377,0.10431279,2024-05-06,17086,"{""type"":""MultiPoint"",""coordinates"":[]}"
17095_0,0.10137672,0.616476,0.10306059,2024-05-06,17095,"{""type"":""MultiPoint"",""coordinates"":[]}"
17096_0,0.23076923,0.73363847,0.21351914,2024-05-06,17096,"{""type"":""MultiPoint"",""coordinates"":[]}"
17118_0,0.012159815,0.46938777,-0.022168964,2024-05-06,17118,"{""type"":""MultiPoint"",""coordinates"":[]}"
17128_0,0.22124304,0.48518303,0.20708382,2024-05-06,17128,"{""type"":""MultiPoint"",""coordinates"":[]}"
17136_0,0.06064423,0.5426696,0.038674034,2024-05-06,17136,"{""type"":""MultiPoint"",""coordinates"":[]}"
17139_0,0.05502443,0.56345177,0.051194537,2024-05-06,17139,"{""type"":""MultiPoint"",""coordinates"":[]}"
17147_0,0.20998865,0.7399103,0.18348193,2024-05-06,17147,"{""type"":""MultiPoint"",""coordinates"":[]}"
17150_0,0.11768356,0.7239363,0.108836435,2024-05-06,17150,"{""type"":""MultiPoint"",""coordinates"":[]}"
17151_0,-0.07635695,0.35898557,-0.06074343,2024-05-06,17151,"{""type"":""MultiPoint"",""coordinates"":[]}"
17152_0,0.06632869,0.60928434,0.06077348,2024-05-06,17152,"{""type"":""MultiPoint"",""coordinates"":[]}"
17189_0,0.2411897,0.6747851,0.2126556,2024-05-06,17189,"{""type"":""MultiPoint"",""coordinates"":[]}"
17217_0,0.2203898,0.25465837,0.21686748,2024-05-06,17217,"{""type"":""MultiPoint"",""coordinates"":[]}"
17219_0,0.21971683,0.2661638,0.22459614,2024-05-06,17219,"{""type"":""MultiPoint"",""coordinates"":[]}"
17221_0,0.21836625,0.2914093,0.22210415,2024-05-06,17221,"{""type"":""MultiPoint"",""coordinates"":[]}"
17223_0,0.24838549,0.3161689,0.25632834,2024-05-06,17223,"{""type"":""MultiPoint"",""coordinates"":[]}"
17228_0,0.28899974,0.33516183,0.30965832,2024-05-06,17228,"{""type"":""MultiPoint"",""coordinates"":[]}"
17247_0,0.2764487,0.124087594,0.28836602,2024-05-06,17247,"{""type"":""MultiPoint"",""coordinates"":[]}"
17441_0,0.05410226,0.4536038,0.028396947,2024-05-06,17441,"{""type"":""MultiPoint"",""coordinates"":[]}"
17688_0,0.28232726,0.7800512,0.25726327,2024-05-06,17688,"{""type"":""MultiPoint"",""coordinates"":[]}"
17691_0,0.118129,0.5909808,0.08754624,2024-05-06,17691,"{""type"":""MultiPoint"",""coordinates"":[]}"
17695_0,0.22687818,0.4305949,0.21999094,2024-05-06,17695,"{""type"":""MultiPoint"",""coordinates"":[]}"
17769_0,0.05912091,0.63557106,0.056603774,2024-05-06,17769,"{""type"":""MultiPoint"",""coordinates"":[]}"
17810_0,0.34991646,0.87190753,0.3961028,2024-05-06,17810,"{""type"":""MultiPoint"",""coordinates"":[]}"
17815_0,0.08348637,0.61101246,0.05587893,2024-05-06,17815,"{""type"":""MultiPoint"",""coordinates"":[]}"
17816_0,0.06550523,0.22530009,0.137713,2024-05-06,17816,"{""type"":""MultiPoint"",""coordinates"":[]}"
17824_0,0.22062351,0.5782313,0.17617238,2024-05-06,17824,"{""type"":""MultiPoint"",""coordinates"":[]}"
17825_0,0.055479318,0.5958142,0.006393071,2024-05-06,17825,"{""type"":""MultiPoint"",""coordinates"":[]}"
17826_0,0.243967,0.7925926,0.22920635,2024-05-06,17826,"{""type"":""MultiPoint"",""coordinates"":[]}"
17827_0,0.36480814,0.8671542,0.36887565,2024-05-06,17827,"{""type"":""MultiPoint"",""coordinates"":[]}"
17828_0,0.13294055,0.53333336,0.053886615,2024-05-06,17828,"{""type"":""MultiPoint"",""coordinates"":[]}"
17832_0,0.16018982,0.6220747,0.17302349,2024-05-06,17832,"{""type"":""MultiPoint"",""coordinates"":[]}"
17835_0,0.21758242,0.5243553,0.1981982,2024-05-06,17835,"{""type"":""MultiPoint"",""coordinates"":[]}"
17840_0,0.15813424,0.69040835,0.15772358,2024-05-06,17840,"{""type"":""MultiPoint"",""coordinates"":[]}"
17841_0,0.07203097,0.60649437,0.05677347,2024-05-06,17841,"{""type"":""MultiPoint"",""coordinates"":[]}"
17847_0,0.29260844,0.83501375,0.26708862,2024-05-06,17847,"{""type"":""MultiPoint"",""coordinates"":[]}"
17848_0,0.283103,0.7700021,0.26463413,2024-05-06,17848,"{""type"":""MultiPoint"",""coordinates"":[]}"
17849_0,0.033390705,0.17699417,0.10086455,2024-05-06,17849,"{""type"":""MultiPoint"",""coordinates"":[]}"
17853_0,0.19659574,0.72923076,0.17655268,2024-05-06,17853,"{""type"":""MultiPoint"",""coordinates"":[]}"
17854_0,0.09155229,0.5612845,0.03632543,2024-05-06,17854,"{""type"":""MultiPoint"",""coordinates"":[]}"
17855_0,0.022042215,0.13720642,0.07933715,2024-05-06,17855,"{""type"":""MultiPoint"",""coordinates"":[]}"
17856_0,0.3487292,0.86507505,0.34270832,2024-05-06,17856,"{""type"":""MultiPoint"",""coordinates"":[]}"
17857_0,0.28705883,0.7380531,0.23677582,2024-05-06,17857,"{""type"":""MultiPoint"",""coordinates"":[]}"
17866_0,0.108904935,0.55495495,0.076395385,2024-05-06,17866,"{""type"":""MultiPoint"",""coordinates"":[]}"
17867_0,0.22164048,0.6346912,0.16479401,2024-05-06,17867,"{""type"":""MultiPoint"",""coordinates"":[]}"
17870_0,0.078428246,0.05783225,0.12082784,2024-05-06,17870,"{""type"":""MultiPoint"",""coordinates"":[]}"
17873_0,0.1473538,0.6436782,0.10799032,2024-05-06,17873,"{""type"":""MultiPoint"",""coordinates"":[]}"
17879_0,0.037793666,0.4982152,0.01943095,2024-05-06,17879,"{""type"":""MultiPoint"",""coordinates"":[]}"
17880_0,-0.01691405,0.5077915,-0.024339361,2024-05-06,17880,"{""type"":""MultiPoint"",""coordinates"":[]}"
17883_0,0.111385755,0.5078969,0.11562116,2024-05-06,17883,"{""type"":""MultiPoint"",""coordinates"":[]}"
17885_0,0.15515135,0.7397145,0.14222713,2024-05-06,17885,"{""type"":""MultiPoint"",""coordinates"":[]}"
17887_0,0.16451715,0.71373117,0.14156432,2024-05-06,17887,"{""type"":""MultiPoint"",""coordinates"":[]}"
17890_0,0.27151534,0.79408765,0.28298587,2024-05-06,17890,"{""type"":""MultiPoint"",""coordinates"":[]}"
17892_0,0.20116279,0.54566383,0.188902,2024-05-06,17892,"{""type"":""MultiPoint"",""coordinates"":[]}"
17896_0,0.3917305,0.83421516,0.353726,2024-05-06,17896,"{""type"":""MultiPoint"",""coordinates"":[]}"
17899_0,0.20570897,0.7145471,0.18833227,2024-05-06,17899,"{""type"":""MultiPoint"",""coordinates"":[]}"
17901_0,0.35813814,0.8457423,0.31324345,2024-05-06,17901,"{""type"":""MultiPoint"",""coordinates"":[]}"
17909_0,0.13027744,0.627907,0.13445379,2024-05-06,17909,"{""type"":""MultiPoint"",""coordinates"":[]}"
17910_0,0.25278157,0.79706997,0.2675086,2024-05-06,17910,"{""type"":""MultiPoint"",""coordinates"":[]}"
17914_0,0.078130215,0.5651721,0.041818496,2024-05-06,17914,"{""type"":""MultiPoint"",""coordinates"":[]}"
17915_0,0.20399764,0.75130135,0.19707452,2024-05-06,17915,"{""type"":""MultiPoint"",""coordinates"":[]}"
17920_0,0.21894775,0.6980352,0.20646584,2024-05-06,17920,"{""type"":""MultiPoint"",""coordinates"":[]}"
17922_0,0.24109687,0.7037838,0.1932614,2024-05-06,17922,"{""type"":""MultiPoint"",""coordinates"":[]}"
17924_0,0.12687747,0.63936394,0.10584902,2024-05-06,17924,"{""type"":""MultiPoint"",""coordinates"":[]}"
17926_0,0.14837326,0.5759494,0.11284916,2024-05-06,17926,"{""type"":""MultiPoint"",""coordinates"":[]}"
17928_0,0.2846154,0.83364445,0.31060046,2024-05-06,17928,"{""type"":""MultiPoint"",""coordinates"":[]}"
17932_0,0.37959534,0.90956724,0.38650134,2024-05-06,17932,"{""type"":""MultiPoint"",""coordinates"":[]}"
17936_0,0.12838188,0.6131013,0.10966379,2024-05-06,17936,"{""type"":""MultiPoint"",""coordinates"":[]}"
17939_0,0.19260204,0.6885856,0.17809997,2024-05-06,17939,"{""type"":""MultiPoint"",""coordinates"":[]}"
17940_0,0.32966253,0.8855514,0.3900113,2024-05-06,17940,"{""type"":""MultiPoint"",""coordinates"":[]}"
17941_0,0.36342043,0.6137012,0.3568,2024-05-06,17941,"{""type"":""MultiPoint"",""coordinates"":[]}"
17944_0,0.1720524,0.5682614,0.17277487,2024-05-06,17944,"{""type"":""MultiPoint"",""coordinates"":[]}"
17949_0,0.14605857,0.68014705,0.11599512,2024-05-06,17949,"{""type"":""MultiPoint"",""coordinates"":[]}"
17950_0,0.03535472,0.09601568,0.0412659,2024-05-06,17950,"{""type"":""MultiPoint"",""coordinates"":[]}"
17951_0,0.28934968,0.7649186,0.3487649,2024-05-06,17951,"{""type"":""MultiPoint"",""coordinates"":[]}"
17952_0,0.08019594,0.6358105,0.067801416,2024-05-06,17952,"{""type"":""MultiPoint"",""coordinates"":[]}"
17953_0,0.41276595,0.8962084,0.39700374,2024-05-06,17953,"{""type"":""MultiPoint"",""coordinates"":[]}"
17954_0,0.2277084,0.8258695,0.20329589,2024-05-06,17954,"{""type"":""MultiPoint"",""coordinates"":[]}"
17965_0,0.0918156,0.041968163,0.09756097,2024-05-06,17965,"{""type"":""MultiPoint"",""coordinates"":[]}"
17966_0,0.17053418,0.7062445,0.1860003,2024-05-06,17966,"{""type"":""MultiPoint"",""coordinates"":[]}"
17973_0,0.16732161,0.7374815,0.18584429,2024-05-06,17973,"{""type"":""MultiPoint"",""coordinates"":[]}"
17974_0,0.24505408,0.6969697,0.19584154,2024-05-06,17974,"{""type"":""MultiPoint"",""coordinates"":[]}"
17979_0,0.14643139,0.51536316,0.14496768,2024-05-06,17979,"{""type"":""MultiPoint"",""coordinates"":[]}"
17983_0,0.14344186,0.70735836,0.13621013,2024-05-06,17983,"{""type"":""MultiPoint"",""coordinates"":[]}"
17987_0,0.2290363,0.6048387,0.21588595,2024-05-06,17987,"{""type"":""MultiPoint"",""coordinates"":[]}"
17989_0,0.16305222,0.63289034,0.11419666,2024-05-06,17989,"{""type"":""MultiPoint"",""coordinates"":[]}"
17991_0,-0.009334497,0.16413465,0.019633422,2024-05-06,17991,"{""type"":""MultiPoint"",""coordinates"":[]}"
17993_0,0.1675745,0.5943662,0.13313313,2024-05-06,17993,"{""type"":""MultiPoint"",""coordinates"":[]}"
18000_0,-0.02231884,0.51098377,-0.05425198,2024-05-06,18000,"{""type"":""MultiPoint"",""coordinates"":[]}"
18012_0,0.19572608,0.62884617,0.15395096,2024-05-06,18012,"{""type"":""MultiPoint"",""coordinates"":[]}"
18013_0,-0.0545931,0.4625323,-0.12275264,2024-05-06,18013,"{""type"":""MultiPoint"",""coordinates"":[]}"
18014_0,0.11752445,0.594508,0.117382936,2024-05-06,18014,"{""type"":""MultiPoint"",""coordinates"":[]}"
18015_0,0.43266967,0.8123051,0.4138465,2024-05-06,18015,"{""type"":""MultiPoint"",""coordinates"":[]}"
18020_0,0.1984645,0.77250916,0.20122418,2024-05-06,18020,"{""type"":""MultiPoint"",""coordinates"":[]}"
18035_0,0.05708885,0.59166664,0.03482972,2024-05-06,18035,"{""type"":""MultiPoint"",""coordinates"":[]}"
18036_0,0.105217844,0.6273609,0.10197027,2024-05-06,18036,"{""type"":""MultiPoint"",""coordinates"":[]}"
18037_0,-0.090005845,0.4183773,-0.124849215,2024-05-06,18037,"{""type"":""MultiPoint"",""coordinates"":[]}"
18040_0,0.1128737,0.5557522,0.09464508,2024-05-06,18040,"{""type"":""MultiPoint"",""coordinates"":[]}"
18057_0,0.2762155,0.47281325,0.28818816,2024-05-06,18057,"{""type"":""MultiPoint"",""coordinates"":[]}"
18069_0,-0.04014337,0.4846698,-0.07084871,2024-05-06,18069,"{""type"":""MultiPoint"",""coordinates"":[]}"
18078_0,0.09139161,0.30599368,0.028206494,2024-05-06,18078,"{""type"":""MultiPoint"",""coordinates"":[]}"
18081_0,0.17150514,0.33466935,0.17902191,2024-05-06,18081,"{""type"":""MultiPoint"",""coordinates"":[]}"
18082_0,-0.034885608,0.44410568,-0.05753606,2024-05-06,18082,"{""type"":""MultiPoint"",""coordinates"":[]}"
18083_0,0.016687658,0.4744386,-0.0059590917,2024-05-06,18083,"{""type"":""MultiPoint"",""coordinates"":[]}"
18094_0,0.0523416,0.5867209,0.023154216,2024-05-06,18094,"{""type"":""MultiPoint"",""coordinates"":[]}"
18128_0,0.116819575,0.6254051,0.07317073,2024-05-06,18128,"{""type"":""MultiPoint"",""coordinates"":[]}"
18131_0,1.5810276E-4,0.54709214,-0.025291828,2024-05-06,18131,"{""type"":""MultiPoint"",""coordinates"":[]}"
18161_0,0.18275355,0.3901449,0.17953762,2024-05-06,18161,"{""type"":""MultiPoint"",""coordinates"":[]}"
18168_0,0.2479155,0.13358779,0.27433628,2024-05-06,18168,"{""type"":""MultiPoint"",""coordinates"":[]}"
18170_0,0.30304518,0.3740458,0.3109978,2024-05-06,18170,"{""type"":""MultiPoint"",""coordinates"":[]}"
18176_0,0.2482353,0.19,0.25263157,2024-05-06,18176,"{""type"":""MultiPoint"",""coordinates"":[]}"
18194_0,0.2681126,0.09980732,0.28558558,2024-05-06,18194,"{""type"":""MultiPoint"",""coordinates"":[]}"
18195_0,0.25237542,0.08971891,0.273914,2024-05-06,18195,"{""type"":""MultiPoint"",""coordinates"":[]}"
18411_0,0.038416762,0.4418198,-0.0012121212,2024-05-06,18411,"{""type"":""MultiPoint"",""coordinates"":[]}"
18420_0,0.34443685,0.79479325,0.3226125,2024-05-06,18420,"{""type"":""MultiPoint"",""coordinates"":[]}"
18479_0,0.07740051,0.047573738,0.074867286,2024-05-06,18479,"{""type"":""MultiPoint"",""coordinates"":[]}"
18485_0,0.26077098,0.6457327,0.22102748,2024-05-06,18485,"{""type"":""MultiPoint"",""coordinates"":[]}"
18488_0,0.2062136,0.7450905,0.19294551,2024-05-06,18488,"{""type"":""MultiPoint"",""coordinates"":[]}"
18491_0,0.04826139,0.5575049,0.0032961858,2024-05-06,18491,"{""type"":""MultiPoint"",""coordinates"":[]}"
18494_0,0.11969231,0.5685185,0.084333494,2024-05-06,18494,"{""type"":""MultiPoint"",""coordinates"":[]}"
18503_0,0.20217392,0.772488,0.20229778,2024-05-06,18503,"{""type"":""MultiPoint"",""coordinates"":[]}"
18506_0,0.26230222,0.7767936,0.22447734,2024-05-06,18506,"{""type"":""MultiPoint"",""coordinates"":[]}"
18507_0,0.31698114,0.7380026,0.2984496,2024-05-06,18507,"{""type"":""MultiPoint"",""coordinates"":[]}"
18512_0,0.17661661,0.42298672,0.24416088,2024-05-06,18512,"{""type"":""MultiPoint"",""coordinates"":[]}"
18515_0,0.4195349,0.81077844,0.41573033,2024-05-06,18515,"{""type"":""MultiPoint"",""coordinates"":[]}"
18517_0,0.2806301,0.7753963,0.23439926,2024-05-06,18517,"{""type"":""MultiPoint"",""coordinates"":[]}"
18519_0,0.11651693,0.6460018,0.06822158,2024-05-06,18519,"{""type"":""MultiPoint"",""coordinates"":[]}"
18521_0,0.10824927,0.053719006,0.13396332,2024-05-06,18521,"{""type"":""MultiPoint"",""coordinates"":[]}"
18523_0,0.19504373,0.7675244,0.18131949,2024-05-06,18523,"{""type"":""MultiPoint"",""coordinates"":[]}"
18525_0,0.187251,0.7387755,0.18456726,2024-05-06,18525,"{""type"":""MultiPoint"",""coordinates"":[]}"
18527_0,0.19159968,0.70193404,0.18012096,2024-05-06,18527,"{""type"":""MultiPoint"",""coordinates"":[]}"
18529_0,0.006344558,0.11435523,0.01397537,2024-05-06,18529,"{""type"":""MultiPoint"",""coordinates"":[]}"
18532_0,0.19686274,0.7115839,0.17152104,2024-05-06,18532,"{""type"":""MultiPoint"",""coordinates"":[]}"
18536_0,0.19116479,0.68501675,0.16075845,2024-05-06,18536,"{""type"":""MultiPoint"",""coordinates"":[]}"
18539_0,0.16138469,0.5272162,0.06623235,2024-05-06,18539,"{""type"":""MultiPoint"",""coordinates"":[]}"
18541_0,0.044150822,0.45697898,0.013634852,2024-05-06,18541,"{""type"":""MultiPoint"",""coordinates"":[]}"
18543_0,0.24277286,0.7533077,0.23086143,2024-05-06,18543,"{""type"":""MultiPoint"",""coordinates"":[]}"
18544_0,0.43697363,0.88351226,0.44824788,2024-05-06,18544,"{""type"":""MultiPoint"",""coordinates"":[]}"
18545_0,0.18653846,0.70799345,0.1716324,2024-05-06,18545,"{""type"":""MultiPoint"",""coordinates"":[]}"
18549_0,0.43151298,0.8477554,0.38199514,2024-05-06,18549,"{""type"":""MultiPoint"",""coordinates"":[]}"
18552_0,0.13764566,0.6031825,0.11615025,2024-05-06,18552,"{""type"":""MultiPoint"",""coordinates"":[]}"
18553_0,0.17916737,0.7091864,0.14426287,2024-05-06,18553,"{""type"":""MultiPoint"",""coordinates"":[]}"
18554_0,0.17454335,0.7033282,0.15154225,2024-05-06,18554,"{""type"":""MultiPoint"",""coordinates"":[]}"
18555_0,0.099738516,0.23838262,0.06335018,2024-05-06,18555,"{""type"":""MultiPoint"",""coordinates"":[]}"
18557_0,0.3977968,0.8983613,0.39853302,2024-05-06,18557,"{""type"":""MultiPoint"",""coordinates"":[]}"
18558_0,0.09908815,0.64679,0.09744214,2024-05-06,18558,"{""type"":""MultiPoint"",""coordinates"":[]}"
18562_0,0.3331317,0.87365466,0.2897407,2024-05-06,18562,"{""type"":""MultiPoint"",""coordinates"":[]}"
18566_0,-0.04970514,0.3634166,0.04139098,2024-05-06,18566,"{""type"":""MultiPoint"",""coordinates"":[]}"
18570_0,0.16365607,0.7439955,0.14275134,2024-05-06,18570,"{""type"":""MultiPoint"",""coordinates"":[]}"
18572_0,-0.06609238,0.40915805,-0.11269571,2024-05-06,18572,"{""type"":""MultiPoint"",""coordinates"":[]}"
18573_0,0.29301074,0.8796148,0.32860586,2024-05-06,18573,"{""type"":""MultiPoint"",""coordinates"":[]}"
18574_0,0.19268198,0.76226825,0.2182435,2024-05-06,18574,"{""type"":""MultiPoint"",""coordinates"":[]}"
18575_0,0.38903475,0.88791066,0.3793536,2024-05-06,18575,"{""type"":""MultiPoint"",""coordinates"":[]}"
18585_0,0.2068784,0.75763965,0.1922802,2024-05-06,18585,"{""type"":""MultiPoint"",""coordinates"":[]}"
18587_0,0.20169036,0.78258187,0.16277196,2024-05-06,18587,"{""type"":""MultiPoint"",""coordinates"":[]}"
18592_0,0.21046644,0.69456065,0.16686675,2024-05-06,18592,"{""type"":""MultiPoint"",""coordinates"":[]}"
18595_0,0.14596866,0.6394177,0.1342243,2024-05-06,18595,"{""type"":""MultiPoint"",""coordinates"":[]}"
18596_0,0.07080504,0.57330155,0.048659384,2024-05-06,18596,"{""type"":""MultiPoint"",""coordinates"":[]}"
18597_0,0.14815538,0.6494024,0.14094488,2024-05-06,18597,"{""type"":""MultiPoint"",""coordinates"":[]}"
18598_0,0.2036903,0.7197452,0.19095755,2024-05-06,18598,"{""type"":""MultiPoint"",""coordinates"":[]}"
18599_0,0.23838446,0.81719947,0.23349634,2024-05-06,18599,"{""type"":""MultiPoint"",""coordinates"":[]}"
18600_0,0.29532006,0.7954486,0.27181768,2024-05-06,18600,"{""type"":""MultiPoint"",""coordinates"":[]}"
18601_0,0.2311952,0.7111034,0.19204655,2024-05-06,18601,"{""type"":""MultiPoint"",""coordinates"":[]}"
18602_0,0.12448095,0.33705214,0.13556851,2024-05-06,18602,"{""type"":""MultiPoint"",""coordinates"":[]}"
18603_0,0.28538933,0.7014783,0.27201426,2024-05-06,18603,"{""type"":""MultiPoint"",""coordinates"":[]}"
18604_0,0.15556762,0.62755823,0.12666573,2024-05-06,18604,"{""type"":""MultiPoint"",""coordinates"":[]}"
18605_0,0.102874435,0.5986547,0.091883615,2024-05-06,18605,"{""type"":""MultiPoint"",""coordinates"":[]}"
18609_0,0.47220165,0.8408377,0.4234818,2024-05-06,18609,"{""type"":""MultiPoint"",""coordinates"":[]}"
18615_0,0.25519785,0.73340094,0.21255097,2024-05-06,18615,"{""type"":""MultiPoint"",""coordinates"":[]}"
18623_0,0.0115490835,0.10373661,0.03516726,2024-05-06,18623,"{""type"":""MultiPoint"",""coordinates"":[]}"
18625_0,0.11831399,0.41482967,0.12345843,2024-05-06,18625,"{""type"":""MultiPoint"",""coordinates"":[]}"
18636_0,0.30779013,0.7188238,0.29558325,2024-05-06,18636,"{""type"":""MultiPoint"",""coordinates"":[]}"
18638_0,0.11059832,0.54486585,0.106326595,2024-05-06,18638,"{""type"":""MultiPoint"",""coordinates"":[]}"
18641_0,0.13813262,0.47734553,0.11157025,2024-05-06,18641,"{""type"":""MultiPoint"",""coordinates"":[]}"
18644_0,0.08518277,0.51140684,0.06301187,2024-05-06,18644,"{""type"":""MultiPoint"",""coordinates"":[]}"
18648_0,0.3659923,0.81541216,0.36247477,2024-05-06,18648,"{""type"":""MultiPoint"",""coordinates"":[]}"
18651_0,0.16305469,0.66965175,0.15944032,2024-05-06,18651,"{""type"":""MultiPoint"",""coordinates"":[]}"
18666_0,0.15801577,0.60903955,0.16282868,2024-05-06,18666,"{""type"":""MultiPoint"",""coordinates"":[]}"
18675_0,0.047563806,0.650996,0.11577813,2024-05-06,18675,"{""type"":""MultiPoint"",""coordinates"":[]}"
18689_0,0.13732465,0.69911504,0.10367481,2024-05-06,18689,"{""type"":""MultiPoint"",""coordinates"":[]}"
18692_0,0.09498208,0.6459062,0.075937785,2024-05-06,18692,"{""type"":""MultiPoint"",""coordinates"":[]}"
18703_0,0.016137252,0.5092025,0.009575923,2024-05-06,18703,"{""type"":""MultiPoint"",""coordinates"":[]}"
18707_0,0.21073826,0.28138527,0.16996047,2024-05-06,18707,"{""type"":""MultiPoint"",""coordinates"":[]}"
18714_0,0.18003413,0.3352408,0.18593816,2024-05-06,18714,"{""type"":""MultiPoint"",""coordinates"":[]}"
18715_0,0.22191906,0.48493463,0.20842008,2024-05-06,18715,"{""type"":""MultiPoint"",""coordinates"":[]}"
18718_0,0.023078468,0.50186336,-0.0032976093,2024-05-06,18718,"{""type"":""MultiPoint"",""coordinates"":[]}"
18723_0,0.09715447,0.5944845,0.06778594,2024-05-06,18723,"{""type"":""MultiPoint"",""coordinates"":[]}"
18730_0,0.25774202,0.7463977,0.22858591,2024-05-06,18730,"{""type"":""MultiPoint"",""coordinates"":[]}"
18752_0,0.19128431,0.6697588,0.16630669,2024-05-06,18752,"{""type"":""MultiPoint"",""coordinates"":[]}"
18758_0,0.15168154,0.6168285,0.14797795,2024-05-06,18758,"{""type"":""MultiPoint"",""coordinates"":[]}"
18765_0,0.020721411,0.47527632,-0.003144654,2024-05-06,18765,"{""type"":""MultiPoint"",""coordinates"":[]}"
18775_0,0.005229735,0.47487295,-0.009668247,2024-05-06,18775,"{""type"":""MultiPoint"",""coordinates"":[]}"
18790_0,0.20682594,0.38930693,0.20301783,2024-05-06,18790,"{""type"":""MultiPoint"",""coordinates"":[]}"
18795_0,0.1914771,0.41184574,0.18702953,2024-05-06,18795,"{""type"":""MultiPoint"",""coordinates"":[]}"
18796_0,0.28274667,0.70542634,0.27795526,2024-05-06,18796,"{""type"":""MultiPoint"",""coordinates"":[]}"
18802_0,0.19861722,0.5398902,0.17715392,2024-05-06,18802,"{""type"":""MultiPoint"",""coordinates"":[]}"
18803_0,0.18979433,0.26256353,0.1793249,2024-05-06,18803,"{""type"":""MultiPoint"",""coordinates"":[]}"
18804_0,0.16981132,0.26907218,0.15424284,2024-05-06,18804,"{""type"":""MultiPoint"",""coordinates"":[]}"
18809_0,0.25802818,0.35817307,0.26362875,2024-05-06,18809,"{""type"":""MultiPoint"",""coordinates"":[]}"
18834_0,0.2413793,0.10554562,0.2684729,2024-05-06,18834,"{""type"":""MultiPoint"",""coordinates"":[]}"
18841_0,0.24092549,0.09357542,0.27317074,2024-05-06,18841,"{""type"":""MultiPoint"",""coordinates"":[]}"
19028_0,0.39893997,0.8711812,0.3924124,2024-05-06,19028,"{""type"":""MultiPoint"",""coordinates"":[]}"
19032_0,0.19509998,0.7416481,0.16672884,2024-05-06,19032,"{""type"":""MultiPoint"",""coordinates"":[]}"
19103_0,0.12535836,0.2892779,0.27422145,2024-05-06,19103,"{""type"":""MultiPoint"",""coordinates"":[]}"
19107_0,0.1954809,0.7555451,0.15779646,2024-05-06,19107,"{""type"":""MultiPoint"",""coordinates"":[]}"
19116_0,0.19678873,0.69204736,0.18788359,2024-05-06,19116,"{""type"":""MultiPoint"",""coordinates"":[]}"
19120_0,0.017433641,0.14833169,0.052695338,2024-05-06,19120,"{""type"":""MultiPoint"",""coordinates"":[]}"
19123_0,0.4201313,0.83166903,0.415656,2024-05-06,19123,"{""type"":""MultiPoint"",""coordinates"":[]}"
19125_0,0.2807977,0.75034803,0.25565913,2024-05-06,19125,"{""type"":""MultiPoint"",""coordinates"":[]}"
19129_0,0.06276205,0.091596864,0.06085472,2024-05-06,19129,"{""type"":""MultiPoint"",""coordinates"":[]}"
19130_0,0.30940363,0.7585621,0.3243095,2024-05-06,19130,"{""type"":""MultiPoint"",""coordinates"":[]}"
19131_0,0.21314879,0.76116306,0.19731733,2024-05-06,19131,"{""type"":""MultiPoint"",""coordinates"":[]}"
19136_0,0.34024897,0.6827586,0.31465518,2024-05-06,19136,"{""type"":""MultiPoint"",""coordinates"":[]}"
19138_0,0.17539863,0.7200191,0.14014252,2024-05-06,19138,"{""type"":""MultiPoint"",""coordinates"":[]}"
19140_0,0.14929168,0.66213155,0.11186955,2024-05-06,19140,"{""type"":""MultiPoint"",""coordinates"":[]}"
19142_0,0.46062052,0.8141858,0.4562951,2024-05-06,19142,"{""type"":""MultiPoint"",""coordinates"":[]}"
19148_0,0.010553083,0.49190938,-0.026784535,2024-05-06,19148,"{""type"":""MultiPoint"",""coordinates"":[]}"
19150_0,-9.194798E-4,0.4923767,-0.067525916,2024-05-06,19150,"{""type"":""MultiPoint"",""coordinates"":[]}"
19152_0,0.3049152,0.84452295,0.27065268,2024-05-06,19152,"{""type"":""MultiPoint"",""coordinates"":[]}"
19154_0,0.050758526,0.07274181,0.12666596,2024-05-06,19154,"{""type"":""MultiPoint"",""coordinates"":[]}"
19156_0,0.032626815,0.136537,-0.011034598,2024-05-06,19156,"{""type"":""MultiPoint"",""coordinates"":[]}"
19159_0,0.029567562,0.14895433,0.033199,2024-05-06,19159,"{""type"":""MultiPoint"",""coordinates"":[]}"
19160_0,0.1136491,0.01731816,0.13052444,2024-05-06,19160,"{""type"":""MultiPoint"",""coordinates"":[]}"
19161_0,0.0628212,0.17804262,0.03285047,2024-05-06,19161,"{""type"":""MultiPoint"",""coordinates"":[]}"
19167_0,0.2613855,0.7641835,0.21653342,2024-05-06,19167,"{""type"":""MultiPoint"",""coordinates"":[]}"
19168_0,0.09087302,0.38260868,0.3204805,2024-05-06,19168,"{""type"":""MultiPoint"",""coordinates"":[]}"
19172_0,0.2715808,0.71464175,0.24327987,2024-05-06,19172,"{""type"":""MultiPoint"",""coordinates"":[]}"
19173_0,0.069964424,0.5430267,0.06393862,2024-05-06,19173,"{""type"":""MultiPoint"",""coordinates"":[]}"
19176_0,0.37197492,0.87288135,0.35541245,2024-05-06,19176,"{""type"":""MultiPoint"",""coordinates"":[]}"
19177_0,0.08319185,0.58290464,0.10497238,2024-05-06,19177,"{""type"":""MultiPoint"",""coordinates"":[]}"
19178_0,0.10994214,0.33333334,0.053161725,2024-05-06,19178,"{""type"":""MultiPoint"",""coordinates"":[]}"
19179_0,0.3887936,0.80824155,0.34916285,2024-05-06,19179,"{""type"":""MultiPoint"",""coordinates"":[]}"
19180_0,0.0053161723,0.5523466,-0.016440315,2024-05-06,19180,"{""type"":""MultiPoint"",""coordinates"":[]}"
19181_0,0.07602524,0.6110426,0.054703888,2024-05-06,19181,"{""type"":""MultiPoint"",""coordinates"":[]}"
19182_0,0.20994216,0.7644016,0.19509476,2024-05-06,19182,"{""type"":""MultiPoint"",""coordinates"":[]}"
19188_0,0.14595376,0.64788735,0.1254162,2024-05-06,19188,"{""type"":""MultiPoint"",""coordinates"":[]}"
19189_0,0.11500082,0.62725866,0.076318935,2024-05-06,19189,"{""type"":""MultiPoint"",""coordinates"":[]}"
19193_0,-0.023637887,0.5289779,-0.025356842,2024-05-06,19193,"{""type"":""MultiPoint"",""coordinates"":[]}"
19195_0,0.15067686,0.64923644,0.10511628,2024-05-06,19195,"{""type"":""MultiPoint"",""coordinates"":[]}"
19198_0,0.058047492,0.53195775,0.03186441,2024-05-06,19198,"{""type"":""MultiPoint"",""coordinates"":[]}"
19201_0,0.059220232,0.6267135,0.018037835,2024-05-06,19201,"{""type"":""MultiPoint"",""coordinates"":[]}"
19202_0,0.04988399,0.6337262,0.047674417,2024-05-06,19202,"{""type"":""MultiPoint"",""coordinates"":[]}"
19206_0,0.07050913,0.6004379,0.09451619,2024-05-06,19206,"{""type"":""MultiPoint"",""coordinates"":[]}"
19210_0,0.2952174,0.79545456,0.27390817,2024-05-06,19210,"{""type"":""MultiPoint"",""coordinates"":[]}"
19211_0,0.34491017,0.8422437,0.31539425,2024-05-06,19211,"{""type"":""MultiPoint"",""coordinates"":[]}"
19212_0,0.10013844,0.25898907,0.10673385,2024-05-06,19212,"{""type"":""MultiPoint"",""coordinates"":[]}"
19217_0,0.29806453,0.85363615,0.2998713,2024-05-06,19217,"{""type"":""MultiPoint"",""coordinates"":[]}"
19220_0,-0.021098265,0.5269548,-0.058259696,2024-05-06,19220,"{""type"":""MultiPoint"",""coordinates"":[]}"
19224_0,0.13245997,0.69261086,0.12324289,2024-05-06,19224,"{""type"":""MultiPoint"",""coordinates"":[]}"
19229_0,0.11296605,0.56449085,0.11230741,2024-05-06,19229,"{""type"":""MultiPoint"",""coordinates"":[]}"
19233_0,0.1504102,0.61450046,0.13275434,2024-05-06,19233,"{""type"":""MultiPoint"",""coordinates"":[]}"
19239_0,0.08996416,0.5993141,0.048529137,2024-05-06,19239,"{""type"":""MultiPoint"",""coordinates"":[]}"
19243_0,0.35310656,0.89305854,0.35806948,2024-05-06,19243,"{""type"":""MultiPoint"",""coordinates"":[]}"
19246_0,0.06296106,0.086105675,0.09882858,2024-05-06,19246,"{""type"":""MultiPoint"",""coordinates"":[]}"
19249_0,0.1273686,0.03802733,0.13774015,2024-05-06,19249,"{""type"":""MultiPoint"",""coordinates"":[]}"
19252_0,0.20261438,0.5709421,0.17288135,2024-05-06,19252,"{""type"":""MultiPoint"",""coordinates"":[]}"
19281_0,-0.019121163,0.26631853,0.024377365,2024-05-06,19281,"{""type"":""MultiPoint"",""coordinates"":[]}"
19283_0,0.15361446,0.66743016,0.12868217,2024-05-06,19283,"{""type"":""MultiPoint"",""coordinates"":[]}"
19285_0,0.056603774,0.5420369,-0.04122397,2024-05-06,19285,"{""type"":""MultiPoint"",""coordinates"":[]}"
19291_0,0.012074992,0.5173454,-0.014852293,2024-05-06,19291,"{""type"":""MultiPoint"",""coordinates"":[]}"
19303_0,0.12724572,0.48957923,0.12620781,2024-05-06,19303,"{""type"":""MultiPoint"",""coordinates"":[]}"
19305_0,0.010835913,0.5863847,-0.01897624,2024-05-06,19305,"{""type"":""MultiPoint"",""coordinates"":[]}"
19311_0,0.14430124,0.6489607,0.11707953,2024-05-06,19311,"{""type"":""MultiPoint"",""coordinates"":[]}"
19315_0,0.25301564,0.73124486,0.25223613,2024-05-06,19315,"{""type"":""MultiPoint"",""coordinates"":[]}"
19317_0,0.1372122,0.6477115,0.12482247,2024-05-06,19317,"{""type"":""MultiPoint"",""coordinates"":[]}"
19333_0,0.25902778,0.60507244,0.24832688,2024-05-06,19333,"{""type"":""MultiPoint"",""coordinates"":[]}"
19339_0,0.02074074,0.58159506,-0.012638835,2024-05-06,19339,"{""type"":""MultiPoint"",""coordinates"":[]}"
19345_0,0.022892997,0.54003227,-0.0026100574,2024-05-06,19345,"{""type"":""MultiPoint"",""coordinates"":[]}"
19353_0,0.11083229,0.6119775,0.09723991,2024-05-06,19353,"{""type"":""MultiPoint"",""coordinates"":[]}"
19356_0,0.1604051,0.28090683,0.1690915,2024-05-06,19356,"{""type"":""MultiPoint"",""coordinates"":[]}"
19359_0,-0.0051999283,0.4830167,-0.042201154,2024-05-06,19359,"{""type"":""MultiPoint"",""coordinates"":[]}"
19365_0,0.062465854,0.6891261,-0.008225617,2024-05-06,19365,"{""type"":""MultiPoint"",""coordinates"":[]}"
19366_0,0.23193686,0.44570285,0.26346433,2024-05-06,19366,"{""type"":""MultiPoint"",""coordinates"":[]}"
19370_0,0.22430691,0.3266153,0.23544024,2024-05-06,19370,"{""type"":""MultiPoint"",""coordinates"":[]}"
19372_0,0.13665293,0.67291313,0.121858336,2024-05-06,19372,"{""type"":""MultiPoint"",""coordinates"":[]}"
19380_0,0.06559624,0.63225806,0.029292107,2024-05-06,19380,"{""type"":""MultiPoint"",""coordinates"":[]}"
19417_0,-0.025798736,0.5108359,-0.055926837,2024-05-06,19417,"{""type"":""MultiPoint"",""coordinates"":[]}"
19425_0,0.0923679,0.59322035,0.063219555,2024-05-06,19425,"{""type"":""MultiPoint"",""coordinates"":[]}"
19427_0,0.14195298,0.6651584,0.11515152,2024-05-06,19427,"{""type"":""MultiPoint"",""coordinates"":[]}"
19454_0,0.08285281,0.43043125,0.075558275,2024-05-06,19454,"{""type"":""MultiPoint"",""coordinates"":[]}"
19462_0,0.23529412,0.27640942,0.248394,2024-05-06,19462,"{""type"":""MultiPoint"",""coordinates"":[]}"
19467_0,0.22824974,0.17193308,0.2516129,2024-05-06,19467,"{""type"":""MultiPoint"",""coordinates"":[]}"
19476_0,0.2525492,0.14273576,0.26113456,2024-05-06,19476,"{""type"":""MultiPoint"",""coordinates"":[]}"
19485_0,0.23055296,0.12947883,0.2563406,2024-05-06,19485,"{""type"":""MultiPoint"",""coordinates"":[]}"
19780_0,0.27236646,0.83869374,0.25625423,2024-05-06,19780,"{""type"":""MultiPoint"",""coordinates"":[]}"
19793_0,-0.010582719,0.6025878,-0.04198895,2024-05-06,19793,"{""type"":""MultiPoint"",""coordinates"":[]}"
19806_0,0.06206693,0.55584306,0.062895864,2024-05-06,19806,"{""type"":""MultiPoint"",""coordinates"":[]}"
19808_0,0.15813424,0.702689,0.1288261,2024-05-06,19808,"{""type"":""MultiPoint"",""coordinates"":[]}"
19814_0,0.097389735,0.031024225,0.12673439,2024-05-06,19814,"{""type"":""MultiPoint"",""coordinates"":[]}"
19815_0,0.268584,0.8117326,0.26255745,2024-05-06,19815,"{""type"":""MultiPoint"",""coordinates"":[]}"
19823_0,0.08101007,0.638819,0.064209275,2024-05-06,19823,"{""type"":""MultiPoint"",""coordinates"":[]}"
19826_0,-0.0392936,0.5083106,-0.07472227,2024-05-06,19826,"{""type"":""MultiPoint"",""coordinates"":[]}"
19830_0,0.11669781,0.66970617,0.118046135,2024-05-06,19830,"{""type"":""MultiPoint"",""coordinates"":[]}"
19833_0,0.14654405,0.65759116,0.11052713,2024-05-06,19833,"{""type"":""MultiPoint"",""coordinates"":[]}"
19838_0,0.18619582,0.7209302,0.14632092,2024-05-06,19838,"{""type"":""MultiPoint"",""coordinates"":[]}"
19842_0,0.2585209,0.740486,0.24418223,2024-05-06,19842,"{""type"":""MultiPoint"",""coordinates"":[]}"
19845_0,0.26505712,0.7619048,0.23682436,2024-05-06,19845,"{""type"":""MultiPoint"",""coordinates"":[]}"
19854_0,0.32123962,0.82302773,0.3113497,2024-05-06,19854,"{""type"":""MultiPoint"",""coordinates"":[]}"
19858_0,0.2330584,0.6755683,0.2310686,2024-05-06,19858,"{""type"":""MultiPoint"",""coordinates"":[]}"
19860_0,0.3327189,0.84160507,0.33496633,2024-05-06,19860,"{""type"":""MultiPoint"",""coordinates"":[]}"
19864_0,0.04949265,0.6225352,0.0019569471,2024-05-06,19864,"{""type"":""MultiPoint"",""coordinates"":[]}"
19865_0,0.16612872,0.5977622,0.13064133,2024-05-06,19865,"{""type"":""MultiPoint"",""coordinates"":[]}"
19876_0,0.11413044,0.6732984,0.07122507,2024-05-06,19876,"{""type"":""MultiPoint"",""coordinates"":[]}"
19879_0,0.05728613,0.55932206,0.0041733547,2024-05-06,19879,"{""type"":""MultiPoint"",""coordinates"":[]}"
19882_0,0.23682062,0.6856718,0.18508191,2024-05-06,19882,"{""type"":""MultiPoint"",""coordinates"":[]}"
19885_0,0.22086155,0.60719174,0.20657277,2024-05-06,19885,"{""type"":""MultiPoint"",""coordinates"":[]}"
19888_0,0.34618375,0.8504837,0.3335446,2024-05-06,19888,"{""type"":""MultiPoint"",""coordinates"":[]}"
19892_0,0.09154371,0.5182482,0.10517269,2024-05-06,19892,"{""type"":""MultiPoint"",""coordinates"":[]}"
19894_0,0.22090352,0.6928367,0.18420525,2024-05-06,19894,"{""type"":""MultiPoint"",""coordinates"":[]}"
19897_0,0.11280316,0.61077327,0.08199591,2024-05-06,19897,"{""type"":""MultiPoint"",""coordinates"":[]}"
19902_0,0.21183856,0.68799794,0.19832148,2024-05-06,19902,"{""type"":""MultiPoint"",""coordinates"":[]}"
19907_0,0.13977566,0.5044991,0.11417148,2024-05-06,19907,"{""type"":""MultiPoint"",""coordinates"":[]}"
19910_0,0.106006466,0.6870168,0.0927301,2024-05-06,19910,"{""type"":""MultiPoint"",""coordinates"":[]}"
19912_0,0.25574112,0.6784689,0.24242961,2024-05-06,19912,"{""type"":""MultiPoint"",""coordinates"":[]}"
19913_0,0.08694807,0.59307873,0.06438111,2024-05-06,19913,"{""type"":""MultiPoint"",""coordinates"":[]}"
19914_0,0.3232143,0.8332272,0.31028208,2024-05-06,19914,"{""type"":""MultiPoint"",""coordinates"":[]}"
19923_0,0.24747558,0.7006865,0.24094173,2024-05-06,19923,"{""type"":""MultiPoint"",""coordinates"":[]}"
19929_0,0.0640648,0.51742774,0.049719628,2024-05-06,19929,"{""type"":""MultiPoint"",""coordinates"":[]}"
19932_0,0.122213684,0.67074615,0.10524941,2024-05-06,19932,"{""type"":""MultiPoint"",""coordinates"":[]}"
19934_0,0.16964751,0.5602294,0.15437666,2024-05-06,19934,"{""type"":""MultiPoint"",""coordinates"":[]}"
19935_0,0.0033552877,0.24447213,-0.0017486885,2024-05-06,19935,"{""type"":""MultiPoint"",""coordinates"":[]}"
19947_0,0.0051463493,0.5723404,-0.022648372,2024-05-06,19947,"{""type"":""MultiPoint"",""coordinates"":[]}"
19951_0,0.110226244,0.66262275,0.078710645,2024-05-06,19951,"{""type"":""MultiPoint"",""coordinates"":[]}"
19953_0,0.21274239,0.6770671,0.2041445,2024-05-06,19953,"{""type"":""MultiPoint"",""coordinates"":[]}"
19954_0,0.01825627,0.5479303,-0.006119951,2024-05-06,19954,"{""type"":""MultiPoint"",""coordinates"":[]}"
19958_0,0.17115472,0.63762105,0.13193117,2024-05-06,19958,"{""type"":""MultiPoint"",""coordinates"":[]}"
19967_0,0.15492958,0.45615327,0.1468369,2024-05-06,19967,"{""type"":""MultiPoint"",""coordinates"":[]}"
19968_0,0.15430132,0.7206704,0.14021286,2024-05-06,19968,"{""type"":""MultiPoint"",""coordinates"":[]}"
19973_0,0.12247166,0.6056519,0.11756817,2024-05-06,19973,"{""type"":""MultiPoint"",""coordinates"":[]}"
19976_0,0.07882038,0.63171214,0.059317395,2024-05-06,19976,"{""type"":""MultiPoint"",""coordinates"":[]}"
19983_0,0.11486746,0.64813685,0.07876849,2024-05-06,19983,"{""type"":""MultiPoint"",""coordinates"":[]}"
19987_0,0.014838943,0.5004243,-0.01302568,2024-05-06,19987,"{""type"":""MultiPoint"",""coordinates"":[]}"
19993_0,0.18008025,0.45324597,0.16830261,2024-05-06,19993,"{""type"":""MultiPoint"",""coordinates"":[]}"
19994_0,0.024469292,0.48883376,-0.0016638935,2024-05-06,19994,"{""type"":""MultiPoint"",""coordinates"":[]}"
19995_0,0.082463466,0.5158687,0.03318057,2024-05-06,19995,"{""type"":""MultiPoint"",""coordinates"":[]}"
19996_0,0.06534404,0.63577235,0.008352824,2024-05-06,19996,"{""type"":""MultiPoint"",""coordinates"":[]}"
19997_0,0.10007698,0.71942216,0.067783095,2024-05-06,19997,"{""type"":""MultiPoint"",""coordinates"":[]}"
20009_0,0.083921015,0.44744185,0.09001751,2024-05-06,20009,"{""type"":""MultiPoint"",""coordinates"":[]}"
20066_0,0.1736168,0.3349784,0.17608696,2024-05-06,20066,"{""type"":""MultiPoint"",""coordinates"":[]}"
20067_0,0.23259445,0.2284689,0.25129455,2024-05-06,20067,"{""type"":""MultiPoint"",""coordinates"":[]}"
20070_0,0.22790697,0.6524874,0.21077655,2024-05-06,20070,"{""type"":""MultiPoint"",""coordinates"":[]}"
20072_0,0.22328359,0.24561404,0.24162053,2024-05-06,20072,"{""type"":""MultiPoint"",""coordinates"":[]}"
20073_0,0.24993345,0.28540772,0.25939554,2024-05-06,20073,"{""type"":""MultiPoint"",""coordinates"":[]}"
20076_0,0.20142241,0.33989578,0.19094184,2024-05-06,20076,"{""type"":""MultiPoint"",""coordinates"":[]}"
20080_0,0.20453374,0.35768116,0.20535254,2024-05-06,20080,"{""type"":""MultiPoint"",""coordinates"":[]}"
20081_0,0.21715672,0.2532141,0.21418901,2024-05-06,20081,"{""type"":""MultiPoint"",""coordinates"":[]}"
20094_0,0.23837678,0.12925805,0.26140213,2024-05-06,20094,"{""type"":""MultiPoint"",""coordinates"":[]}"
20103_0,0.26167756,0.11809686,0.28327644,2024-05-06,20103,"{""type"":""MultiPoint"",""coordinates"":[]}"
20302_0,0.3130129,0.86865526,0.30884582,2024-05-06,20302,"{""type"":""MultiPoint"",""coordinates"":[]}"
20306_0,0.26091143,0.75353336,0.21116629,2024-05-06,20306,"{""type"":""MultiPoint"",""coordinates"":[]}"
20309_0,0.12122128,0.6111361,0.10484988,2024-05-06,20309,"{""type"":""MultiPoint"",""coordinates"":[]}"
20310_0,0.21790253,0.72848487,0.16076516,2024-05-06,20310,"{""type"":""MultiPoint"",""coordinates"":[]}"
20360_0,0.11709998,0.04115684,0.14694169,2024-05-06,20360,"{""type"":""MultiPoint"",""coordinates"":[]}"
20370_0,0.23814486,0.66442955,0.20844613,2024-05-06,20370,"{""type"":""MultiPoint"",""coordinates"":[]}"
20407_0,0.16942795,0.71894294,0.13410461,2024-05-06,20407,"{""type"":""MultiPoint"",""coordinates"":[]}"
20421_0,0.1591199,0.7388633,0.12580806,2024-05-06,20421,"{""type"":""MultiPoint"",""coordinates"":[]}"
20424_0,0.08276095,0.1282258,0.15751371,2024-05-06,20424,"{""type"":""MultiPoint"",""coordinates"":[]}"
20427_0,0.13520281,0.12393888,-0.26985294,2024-05-06,20427,"{""type"":""MultiPoint"",""coordinates"":[]}"
20431_0,-0.016953824,0.54562736,-0.06295923,2024-05-06,20431,"{""type"":""MultiPoint"",""coordinates"":[]}"
20436_0,0.3449755,0.86545604,0.3577651,2024-05-06,20436,"{""type"":""MultiPoint"",""coordinates"":[]}"
20439_0,0.09651557,0.6230002,0.08864697,2024-05-06,20439,"{""type"":""MultiPoint"",""coordinates"":[]}"
20440_0,0.14753573,0.6838095,0.14230335,2024-05-06,20440,"{""type"":""MultiPoint"",""coordinates"":[]}"
20442_0,0.053242493,0.43909043,0.17247464,2024-05-06,20442,"{""type"":""MultiPoint"",""coordinates"":[]}"
20450_0,0.021578299,0.5316642,-0.0085796,2024-05-06,20450,"{""type"":""MultiPoint"",""coordinates"":[]}"
20451_0,0.28314477,0.81328917,0.27864546,2024-05-06,20451,"{""type"":""MultiPoint"",""coordinates"":[]}"
20452_0,0.13072538,0.17638889,-0.13239437,2024-05-06,20452,"{""type"":""MultiPoint"",""coordinates"":[]}"
20463_0,0.2818111,0.82509506,0.25081432,2024-05-06,20463,"{""type"":""MultiPoint"",""coordinates"":[]}"
20465_0,0.21293233,0.7086399,0.21658434,2024-05-06,20465,"{""type"":""MultiPoint"",""coordinates"":[]}"
20467_0,0.3330856,0.87737846,0.3286783,2024-05-06,20467,"{""type"":""MultiPoint"",""coordinates"":[]}"
20469_0,0.054994002,0.54440963,0.034651734,2024-05-06,20469,"{""type"":""MultiPoint"",""coordinates"":[]}"
20471_0,0.26660654,0.7792118,0.22539683,2024-05-06,20471,"{""type"":""MultiPoint"",""coordinates"":[]}"
20474_0,0.06044011,0.22739726,0.06518724,2024-05-06,20474,"{""type"":""MultiPoint"",""coordinates"":[]}"
20479_0,0.05860349,0.59604937,0.03390915,2024-05-06,20479,"{""type"":""MultiPoint"",""coordinates"":[]}"
20482_0,0.32776707,0.7017411,0.17757988,2024-05-06,20482,"{""type"":""MultiPoint"",""coordinates"":[]}"
20483_0,0.09033614,0.6166667,0.070673004,2024-05-06,20483,"{""type"":""MultiPoint"",""coordinates"":[]}"
20486_0,0.37413877,0.88069594,0.39842907,2024-05-06,20486,"{""type"":""MultiPoint"",""coordinates"":[]}"
20493_0,0.18709889,0.6864865,0.16299559,2024-05-06,20493,"{""type"":""MultiPoint"",""coordinates"":[]}"
20494_0,0.25292444,0.8039741,0.26190847,2024-05-06,20494,"{""type"":""MultiPoint"",""coordinates"":[]}"
20500_0,0.017146405,0.18572633,0.14254771,2024-05-06,20500,"{""type"":""MultiPoint"",""coordinates"":[]}"
20504_0,0.14266193,0.55807585,0.11894397,2024-05-06,20504,"{""type"":""MultiPoint"",""coordinates"":[]}"
20505_0,0.22297858,0.7651314,0.22,2024-05-06,20505,"{""type"":""MultiPoint"",""coordinates"":[]}"
20509_0,0.035230856,0.29982516,0.06681015,2024-05-06,20509,"{""type"":""MultiPoint"",""coordinates"":[]}"
20513_0,0.21055141,0.6726719,0.14048442,2024-05-06,20513,"{""type"":""MultiPoint"",""coordinates"":[]}"
20514_0,0.28904846,0.7986128,0.26641968,2024-05-06,20514,"{""type"":""MultiPoint"",""coordinates"":[]}"
20519_0,0.19354415,0.7459807,0.17136309,2024-05-06,20519,"{""type"":""MultiPoint"",""coordinates"":[]}"
20525_0,0.08837392,0.62485063,0.07915096,2024-05-06,20525,"{""type"":""MultiPoint"",""coordinates"":[]}"
20527_0,0.090682544,0.45843232,0.05740528,2024-05-06,20527,"{""type"":""MultiPoint"",""coordinates"":[]}"
20530_0,0.24725837,0.75596935,0.21786691,2024-05-06,20530,"{""type"":""MultiPoint"",""coordinates"":[]}"
20534_0,0.04460776,0.57685953,0.0118437335,2024-05-06,20534,"{""type"":""MultiPoint"",""coordinates"":[]}"
20535_0,0.25138602,0.7040964,0.19884726,2024-05-06,20535,"{""type"":""MultiPoint"",""coordinates"":[]}"
20538_0,0.09123435,0.6280992,0.060208544,2024-05-06,20538,"{""type"":""MultiPoint"",""coordinates"":[]}"
20539_0,0.14267854,0.6325331,0.09695473,2024-05-06,20539,"{""type"":""MultiPoint"",""coordinates"":[]}"
20545_0,0.3042101,0.83952874,0.26409826,2024-05-06,20545,"{""type"":""MultiPoint"",""coordinates"":[]}"
20546_0,0.16485256,0.730698,0.14087948,2024-05-06,20546,"{""type"":""MultiPoint"",""coordinates"":[]}"
20547_0,0.30500758,0.6531431,0.23641214,2024-05-06,20547,"{""type"":""MultiPoint"",""coordinates"":[]}"
20553_0,0.3220894,0.8756595,0.3277038,2024-05-06,20553,"{""type"":""MultiPoint"",""coordinates"":[]}"
20554_0,0.16677357,0.6657005,0.14058882,2024-05-06,20554,"{""type"":""MultiPoint"",""coordinates"":[]}"
20560_0,0.27629167,0.8128685,0.28325167,2024-05-06,20560,"{""type"":""MultiPoint"",""coordinates"":[]}"
20565_0,0.17260167,0.64041924,0.17883353,2024-05-06,20565,"{""type"":""MultiPoint"",""coordinates"":[]}"
20566_0,0.041392587,0.14899713,0.035590347,2024-05-06,20566,"{""type"":""MultiPoint"",""coordinates"":[]}"
20574_0,0.349077,0.860086,0.35465786,2024-05-06,20574,"{""type"":""MultiPoint"",""coordinates"":[]}"
20575_0,0.31020018,0.82348424,0.32663316,2024-05-06,20575,"{""type"":""MultiPoint"",""coordinates"":[]}"
20576_0,0.19387136,0.3653846,0.12382523,2024-05-06,20576,"{""type"":""MultiPoint"",""coordinates"":[]}"
20577_0,0.025411062,0.117399156,0.040504556,2024-05-06,20577,"{""type"":""MultiPoint"",""coordinates"":[]}"
20578_0,0.075025104,0.47318983,0.07727533,2024-05-06,20578,"{""type"":""MultiPoint"",""coordinates"":[]}"
20579_0,0.18756011,0.71926427,0.16726914,2024-05-06,20579,"{""type"":""MultiPoint"",""coordinates"":[]}"
20585_0,0.48387095,0.721145,0.46081504,2024-05-06,20585,"{""type"":""MultiPoint"",""coordinates"":[]}"
20586_0,-5.648122E-4,0.4582057,-0.030690908,2024-05-06,20586,"{""type"":""MultiPoint"",""coordinates"":[]}"
20587_0,0.12002527,0.6083608,0.024168126,2024-05-06,20587,"{""type"":""MultiPoint"",""coordinates"":[]}"
20589_0,0.14064915,0.47843942,0.12852664,2024-05-06,20589,"{""type"":""MultiPoint"",""coordinates"":[]}"
20590_0,0.100897886,0.5581653,0.086862445,2024-05-06,20590,"{""type"":""MultiPoint"",""coordinates"":[]}"
20599_0,0.07866424,0.5585971,0.049992796,2024-05-06,20599,"{""type"":""MultiPoint"",""coordinates"":[]}"
20604_0,0.014412224,0.48097968,7.042253E-4,2024-05-06,20604,"{""type"":""MultiPoint"",""coordinates"":[]}"
20609_0,0.24228153,0.68218774,0.22234157,2024-05-06,20609,"{""type"":""MultiPoint"",""coordinates"":[]}"
20612_0,0.23763955,0.59034204,0.20103328,2024-05-06,20612,"{""type"":""MultiPoint"",""coordinates"":[]}"
20613_0,0.2678762,0.74044836,0.23283382,2024-05-06,20613,"{""type"":""MultiPoint"",""coordinates"":[]}"
20617_0,0.09148017,0.5615293,0.060876623,2024-05-06,20617,"{""type"":""MultiPoint"",""coordinates"":[]}"
20619_0,0.4471393,0.83682984,0.4534276,2024-05-06,20619,"{""type"":""MultiPoint"",""coordinates"":[]}"
20623_0,0.09485861,0.35846373,0.040730145,2024-05-06,20623,"{""type"":""MultiPoint"",""coordinates"":[]}"
20628_0,0.39747298,0.84039086,0.39098322,2024-05-06,20628,"{""type"":""MultiPoint"",""coordinates"":[]}"
20630_0,0.043963965,0.54991907,0.03963801,2024-05-06,20630,"{""type"":""MultiPoint"",""coordinates"":[]}"
20638_0,0.2596685,0.7860604,0.2382429,2024-05-06,20638,"{""type"":""MultiPoint"",""coordinates"":[]}"
20640_0,0.18254745,0.737337,0.15647082,2024-05-06,20640,"{""type"":""MultiPoint"",""coordinates"":[]}"
20641_0,0.119860016,0.6693592,0.104185216,2024-05-06,20641,"{""type"":""MultiPoint"",""coordinates"":[]}"
20642_0,0.025117213,0.49507517,-0.004659189,2024-05-06,20642,"{""type"":""MultiPoint"",""coordinates"":[]}"
20644_0,0.03777336,0.39256728,-0.019253911,2024-05-06,20644,"{""type"":""MultiPoint"",""coordinates"":[]}"
20651_0,0.075905405,0.5430079,0.022735221,2024-05-06,20651,"{""type"":""MultiPoint"",""coordinates"":[]}"
20659_0,0.039123632,0.5707099,0.008433519,2024-05-06,20659,"{""type"":""MultiPoint"",""coordinates"":[]}"
20660_0,0.12950426,0.69518715,0.11989401,2024-05-06,20660,"{""type"":""MultiPoint"",""coordinates"":[]}"
20661_0,0.15224098,0.72843826,0.11882309,2024-05-06,20661,"{""type"":""MultiPoint"",""coordinates"":[]}"
20662_0,0.08626198,0.582017,0.06459526,2024-05-06,20662,"{""type"":""MultiPoint"",""coordinates"":[]}"
20681_0,0.08357957,0.6862057,0.050513886,2024-05-06,20681,"{""type"":""MultiPoint"",""coordinates"":[]}"
20685_0,-0.04101304,0.4797136,-0.05235002,2024-05-06,20685,"{""type"":""MultiPoint"",""coordinates"":[]}"
20686_0,0.20602174,0.4174885,0.20446928,2024-05-06,20686,"{""type"":""MultiPoint"",""coordinates"":[]}"
20689_0,0.19021237,0.3768116,0.16950758,2024-05-06,20689,"{""type"":""MultiPoint"",""coordinates"":[]}"
20690_0,0.22838002,0.66502905,0.1906739,2024-05-06,20690,"{""type"":""MultiPoint"",""coordinates"":[]}"
20691_0,0.027229676,0.5643247,-0.0055068326,2024-05-06,20691,"{""type"":""MultiPoint"",""coordinates"":[]}"
20696_0,0.22106022,0.46189475,0.23295455,2024-05-06,20696,"{""type"":""MultiPoint"",""coordinates"":[]}"
20699_0,0.19654529,0.5963894,0.1798904,2024-05-06,20699,"{""type"":""MultiPoint"",""coordinates"":[]}"
20702_0,0.15898767,0.7271468,0.1239297,2024-05-06,20702,"{""type"":""MultiPoint"",""coordinates"":[]}"
20708_0,0.06603944,0.47152194,0.09959882,2024-05-06,20708,"{""type"":""MultiPoint"",""coordinates"":[]}"
20743_0,0.26755053,0.6505949,0.22008795,2024-05-06,20743,"{""type"":""MultiPoint"",""coordinates"":[]}"
20758_0,0.078891255,0.4989605,0.053323593,2024-05-06,20758,"{""type"":""MultiPoint"",""coordinates"":[]}"
20766_0,0.07775551,0.6630365,0.060240965,2024-05-06,20766,"{""type"":""MultiPoint"",""coordinates"":[]}"
20785_0,0.23558897,0.383441,0.21412008,2024-05-06,20785,"{""type"":""MultiPoint"",""coordinates"":[]}"
20786_0,0.18917237,0.54989564,0.1750554,2024-05-06,20786,"{""type"":""MultiPoint"",""coordinates"":[]}"
20787_0,0.14885014,0.3618818,0.14561136,2024-05-06,20787,"{""type"":""MultiPoint"",""coordinates"":[]}"
20793_0,0.17940107,0.5237366,0.15162037,2024-05-06,20793,"{""type"":""MultiPoint"",""coordinates"":[]}"
20794_0,0.23211287,0.64772195,0.21090783,2024-05-06,20794,"{""type"":""MultiPoint"",""coordinates"":[]}"
20798_0,0.21688688,0.2756617,0.23848324,2024-05-06,20798,"{""type"":""MultiPoint"",""coordinates"":[]}"
20804_0,0.26817167,0.17774762,0.27678353,2024-05-06,20804,"{""type"":""MultiPoint"",""coordinates"":[]}"
20806_0,0.22481701,0.29368576,0.22616562,2024-05-06,20806,"{""type"":""MultiPoint"",""coordinates"":[]}"
20809_0,0.25982645,0.1218669,0.2832427,2024-05-06,20809,"{""type"":""MultiPoint"",""coordinates"":[]}"
20816_0,0.25248188,0.16674913,0.25726473,2024-05-06,20816,"{""type"":""MultiPoint"",""coordinates"":[]}"
20822_0,0.24837813,0.094425485,0.2803904,2024-05-06,20822,"{""type"":""MultiPoint"",""coordinates"":[]}"
20841_0,0.24282983,0.07478633,0.2575,2024-05-06,20841,"{""type"":""MultiPoint"",""coordinates"":[]}"
21164_0,0.37166753,0.7501826,0.33185104,2024-05-06,21164,"{""type"":""MultiPoint"",""coordinates"":[]}"
21173_0,0.020819563,0.5897992,-0.0055998643,2024-05-06,21173,"{""type"":""MultiPoint"",""coordinates"":[]}"
21176_0,-0.0029544395,0.544623,-0.015908018,2024-05-06,21176,"{""type"":""MultiPoint"",""coordinates"":[]}"
21184_0,0.1432526,-0.04603439,-0.28556594,2024-05-06,21184,"{""type"":""MultiPoint"",""coordinates"":[]}"
21185_0,0.09115309,0.26462883,-0.006631603,2024-05-06,21185,"{""type"":""MultiPoint"",""coordinates"":[]}"
21186_0,0.4624146,0.87060475,0.47613764,2024-05-06,21186,"{""type"":""MultiPoint"",""coordinates"":[]}"
21187_0,0.10887612,0.60792637,0.09953218,2024-05-06,21187,"{""type"":""MultiPoint"",""coordinates"":[]}"
21188_0,0.21698481,0.28343558,0.019990249,2024-05-06,21188,"{""type"":""MultiPoint"",""coordinates"":[]}"
21189_0,0.08224024,0.06637531,0.11264695,2024-05-06,21189,"{""type"":""MultiPoint"",""coordinates"":[]}"
21190_0,0.030994253,0.14238738,0.11052506,2024-05-06,21190,"{""type"":""MultiPoint"",""coordinates"":[]}"
21194_0,0.03819975,0.5725429,0.00944206,2024-05-06,21194,"{""type"":""MultiPoint"",""coordinates"":[]}"
21196_0,0.23676324,0.6790316,0.2331517,2024-05-06,21196,"{""type"":""MultiPoint"",""coordinates"":[]}"
21199_0,0.03172435,0.13445903,0.06431977,2024-05-06,21199,"{""type"":""MultiPoint"",""coordinates"":[]}"
21201_0,-0.024044845,0.46634382,-0.06816433,2024-05-06,21201,"{""type"":""MultiPoint"",""coordinates"":[]}"
21204_0,0.10820276,0.59802306,0.09213736,2024-05-06,21204,"{""type"":""MultiPoint"",""coordinates"":[]}"
21209_0,0.1532528,0.7102845,0.1465454,2024-05-06,21209,"{""type"":""MultiPoint"",""coordinates"":[]}"
21213_0,0.42692307,0.8677043,0.41453832,2024-05-06,21213,"{""type"":""MultiPoint"",""coordinates"":[]}"
21217_0,0.34522748,0.7310513,0.3172093,2024-05-06,21217,"{""type"":""MultiPoint"",""coordinates"":[]}"
21220_0,0.16983055,0.26747546,0.14778969,2024-05-06,21220,"{""type"":""MultiPoint"",""coordinates"":[]}"
21221_0,0.066413105,0.57499456,0.06408564,2024-05-06,21221,"{""type"":""MultiPoint"",""coordinates"":[]}"
21225_0,0.17099534,0.70763016,0.13080435,2024-05-06,21225,"{""type"":""MultiPoint"",""coordinates"":[]}"
21237_0,0.23206751,0.61290324,0.18870728,2024-05-06,21237,"{""type"":""MultiPoint"",""coordinates"":[]}"
21238_0,0.30794966,0.74891776,0.3007083,2024-05-06,21238,"{""type"":""MultiPoint"",""coordinates"":[]}"
21242_0,0.27035248,0.785877,0.26746902,2024-05-06,21242,"{""type"":""MultiPoint"",""coordinates"":[]}"
21245_0,0.29188967,0.7952138,0.27892676,2024-05-06,21245,"{""type"":""MultiPoint"",""coordinates"":[]}"
21248_0,0.25974652,0.78317755,0.24644782,2024-05-06,21248,"{""type"":""MultiPoint"",""coordinates"":[]}"
21251_0,0.31512666,0.8652676,0.2948718,2024-05-06,21251,"{""type"":""MultiPoint"",""coordinates"":[]}"
21255_0,0.28490353,0.80145824,0.2591141,2024-05-06,21255,"{""type"":""MultiPoint"",""coordinates"":[]}"
21258_0,0.24081135,0.79371405,0.23895429,2024-05-06,21258,"{""type"":""MultiPoint"",""coordinates"":[]}"
21262_0,0.19253252,0.6725014,0.16088575,2024-05-06,21262,"{""type"":""MultiPoint"",""coordinates"":[]}"
21266_0,0.2286164,0.74459726,0.16996047,2024-05-06,21266,"{""type"":""MultiPoint"",""coordinates"":[]}"
21270_0,0.12305343,0.5426091,0.08066581,2024-05-06,21270,"{""type"":""MultiPoint"",""coordinates"":[]}"
21275_0,0.11268292,0.48370606,0.121468246,2024-05-06,21275,"{""type"":""MultiPoint"",""coordinates"":[]}"
21278_0,0.12869368,0.70669293,0.12487836,2024-05-06,21278,"{""type"":""MultiPoint"",""coordinates"":[]}"
21283_0,0.1217828,0.67414343,0.09654504,2024-05-06,21283,"{""type"":""MultiPoint"",""coordinates"":[]}"
21288_0,0.11886503,0.6489175,0.10164191,2024-05-06,21288,"{""type"":""MultiPoint"",""coordinates"":[]}"
21289_0,0.22058824,0.62050164,0.1552964,2024-05-06,21289,"{""type"":""MultiPoint"",""coordinates"":[]}"
21290_0,0.25065875,0.71401334,0.22500426,2024-05-06,21290,"{""type"":""MultiPoint"",""coordinates"":[]}"
21296_0,0.012772585,0.51481026,-0.011975092,2024-05-06,21296,"{""type"":""MultiPoint"",""coordinates"":[]}"
21297_0,0.360997,0.88925844,0.34841502,2024-05-06,21297,"{""type"":""MultiPoint"",""coordinates"":[]}"
21298_0,0.39899984,0.88335925,0.41907135,2024-05-06,21298,"{""type"":""MultiPoint"",""coordinates"":[]}"
21303_0,0.15220127,0.71653545,0.12807244,2024-05-06,21303,"{""type"":""MultiPoint"",""coordinates"":[]}"
21304_0,0.29050422,0.7750183,0.2735849,2024-05-06,21304,"{""type"":""MultiPoint"",""coordinates"":[]}"
21305_0,0.32449922,0.7738042,0.2883117,2024-05-06,21305,"{""type"":""MultiPoint"",""coordinates"":[]}"
21309_0,0.11920243,0.60183966,0.09082774,2024-05-06,21309,"{""type"":""MultiPoint"",""coordinates"":[]}"
21316_0,0.23397027,0.7165131,0.14623758,2024-05-06,21316,"{""type"":""MultiPoint"",""coordinates"":[]}"
21317_0,0.047655355,0.28268155,-0.042136002,2024-05-06,21317,"{""type"":""MultiPoint"",""coordinates"":[]}"
21318_0,0.06396527,0.025352113,0.059063137,2024-05-06,21318,"{""type"":""MultiPoint"",""coordinates"":[]}"
21330_0,0.04470835,0.4413793,0.100180954,2024-05-06,21330,"{""type"":""MultiPoint"",""coordinates"":[]}"
21343_0,0.10254519,0.65876776,0.07013185,2024-05-06,21343,"{""type"":""MultiPoint"",""coordinates"":[]}"
21344_0,0.07511531,0.2394775,0.097803965,2024-05-06,21344,"{""type"":""MultiPoint"",""coordinates"":[]}"
21351_0,0.11081029,0.51137596,0.09648261,2024-05-06,21351,"{""type"":""MultiPoint"",""coordinates"":[]}"
21358_0,0.08373294,0.40818584,0.012326044,2024-05-06,21358,"{""type"":""MultiPoint"",""coordinates"":[]}"
21359_0,-0.0192757,0.48585367,-0.06793146,2024-05-06,21359,"{""type"":""MultiPoint"",""coordinates"":[]}"
21361_0,0.071211904,0.46113208,0.09270495,2024-05-06,21361,"{""type"":""MultiPoint"",""coordinates"":[]}"
21362_0,0.04738956,0.57762414,0.028267104,2024-05-06,21362,"{""type"":""MultiPoint"",""coordinates"":[]}"
21365_0,0.015833592,0.5347222,-0.012132823,2024-05-06,21365,"{""type"":""MultiPoint"",""coordinates"":[]}"
21370_0,0.088896126,0.6255384,0.068265066,2024-05-06,21370,"{""type"":""MultiPoint"",""coordinates"":[]}"
21374_0,0.113087185,0.5758941,0.09897879,2024-05-06,21374,"{""type"":""MultiPoint"",""coordinates"":[]}"
21379_0,0.36473694,0.7892504,0.27359676,2024-05-06,21379,"{""type"":""MultiPoint"",""coordinates"":[]}"
21383_0,-0.005192762,0.46282974,-0.02306214,2024-05-06,21383,"{""type"":""MultiPoint"",""coordinates"":[]}"
21386_0,0.061943874,0.58053046,0.026460664,2024-05-06,21386,"{""type"":""MultiPoint"",""coordinates"":[]}"
21393_0,0.12075617,0.6512167,0.111327745,2024-05-06,21393,"{""type"":""MultiPoint"",""coordinates"":[]}"
21394_0,0.3045388,0.6552239,0.30259874,2024-05-06,21394,"{""type"":""MultiPoint"",""coordinates"":[]}"
21395_0,-0.0020134228,0.52800435,-0.030365769,2024-05-06,21395,"{""type"":""MultiPoint"",""coordinates"":[]}"
21396_0,0.15349226,0.6902314,0.13021058,2024-05-06,21396,"{""type"":""MultiPoint"",""coordinates"":[]}"
21400_0,0.17685086,0.6637324,0.17136659,2024-05-06,21400,"{""type"":""MultiPoint"",""coordinates"":[]}"
21402_0,-0.010023693,0.5558223,-0.033376843,2024-05-06,21402,"{""type"":""MultiPoint"",""coordinates"":[]}"
21406_0,-0.053930096,0.44146982,-0.09641329,2024-05-06,21406,"{""type"":""MultiPoint"",""coordinates"":[]}"
21409_0,0.08548632,0.6496087,0.064697884,2024-05-06,21409,"{""type"":""MultiPoint"",""coordinates"":[]}"
21410_0,0.16630803,0.52551615,0.18165359,2024-05-06,21410,"{""type"":""MultiPoint"",""coordinates"":[]}"
21414_0,0.17078848,0.46998537,0.1698223,2024-05-06,21414,"{""type"":""MultiPoint"",""coordinates"":[]}"
21416_0,0.18595298,0.575,0.14564052,2024-05-06,21416,"{""type"":""MultiPoint"",""coordinates"":[]}"
21417_0,0.17238422,0.43867403,0.14865461,2024-05-06,21417,"{""type"":""MultiPoint"",""coordinates"":[]}"
21424_0,0.051843535,0.4693006,0.041438032,2024-05-06,21424,"{""type"":""MultiPoint"",""coordinates"":[]}"
21425_0,0.10781726,0.6171254,0.0923363,2024-05-06,21425,"{""type"":""MultiPoint"",""coordinates"":[]}"
21431_0,0.13381894,0.65982026,0.108206555,2024-05-06,21431,"{""type"":""MultiPoint"",""coordinates"":[]}"
21434_0,0.13290735,0.453617,0.11451876,2024-05-06,21434,"{""type"":""MultiPoint"",""coordinates"":[]}"
21442_0,0.1126559,0.589179,0.075809196,2024-05-06,21442,"{""type"":""MultiPoint"",""coordinates"":[]}"
21448_0,0.008323874,0.5547793,-0.03412902,2024-05-06,21448,"{""type"":""MultiPoint"",""coordinates"":[]}"
21449_0,0.22227603,0.62516385,0.21390113,2024-05-06,21449,"{""type"":""MultiPoint"",""coordinates"":[]}"
21453_0,0.13818876,0.6195331,0.098053485,2024-05-06,21453,"{""type"":""MultiPoint"",""coordinates"":[]}"
21457_0,0.041652083,0.5777237,0.03182461,2024-05-06,21457,"{""type"":""MultiPoint"",""coordinates"":[]}"
21467_0,0.3947534,0.7681941,0.38924184,2024-05-06,21467,"{""type"":""MultiPoint"",""coordinates"":[]}"
21472_0,0.03441571,0.5118386,0.02031959,2024-05-06,21472,"{""type"":""MultiPoint"",""coordinates"":[]}"
21493_0,0.06897245,0.6090938,0.04791281,2024-05-06,21493,"{""type"":""MultiPoint"",""coordinates"":[]}"
21498_0,0.2250327,0.67833024,0.21214809,2024-05-06,21498,"{""type"":""MultiPoint"",""coordinates"":[]}"
21502_0,0.095423765,0.6435006,0.07356032,2024-05-06,21502,"{""type"":""MultiPoint"",""coordinates"":[]}"
21504_0,0.05583973,0.5716216,0.024443954,2024-05-06,21504,"{""type"":""MultiPoint"",""coordinates"":[]}"
21505_0,0.1653394,0.69317544,0.15394965,2024-05-06,21505,"{""type"":""MultiPoint"",""coordinates"":[]}"
21511_0,0.07764706,0.6693657,0.025279734,2024-05-06,21511,"{""type"":""MultiPoint"",""coordinates"":[]}"
21535_0,0.25323698,0.49531308,0.2331478,2024-05-06,21535,"{""type"":""MultiPoint"",""coordinates"":[]}"
21536_0,0.19694072,0.5549872,0.18287937,2024-05-06,21536,"{""type"":""MultiPoint"",""coordinates"":[]}"
21538_0,0.14315407,0.4773519,0.12496684,2024-05-06,21538,"{""type"":""MultiPoint"",""coordinates"":[]}"
21539_0,0.32229927,0.40977442,0.32890365,2024-05-06,21539,"{""type"":""MultiPoint"",""coordinates"":[]}"
21540_0,0.25647804,0.12666973,0.2699896,2024-05-06,21540,"{""type"":""MultiPoint"",""coordinates"":[]}"
21546_0,0.26009923,0.323551,0.26685393,2024-05-06,21546,"{""type"":""MultiPoint"",""coordinates"":[]}"
21554_0,0.22770742,0.13781902,0.2427775,2024-05-06,21554,"{""type"":""MultiPoint"",""coordinates"":[]}"
21555_0,0.24345982,0.14644352,0.2612198,2024-05-06,21555,"{""type"":""MultiPoint"",""coordinates"":[]}"
21557_0,0.23761117,0.122522525,0.248497,2024-05-06,21557,"{""type"":""MultiPoint"",""coordinates"":[]}"
21563_0,0.22810698,0.116193965,0.24744377,2024-05-06,21563,"{""type"":""MultiPoint"",""coordinates"":[]}"
21573_0,0.23521906,0.10881199,0.26702,2024-05-06,21573,"{""type"":""MultiPoint"",""coordinates"":[]}"
21575_0,0.23980765,0.07233459,0.26486048,2024-05-06,21575,"{""type"":""MultiPoint"",""coordinates"":[]}"
21794_0,0.3204308,0.8119897,0.2816367,2024-05-06,21794,"{""type"":""MultiPoint"",""coordinates"":[]}"
21807_0,0.11027981,0.49768436,0.17152013,2024-05-06,21807,"{""type"":""MultiPoint"",""coordinates"":[]}"
21875_0,0.35616228,0.877367,0.33226684,2024-05-06,21875,"{""type"":""MultiPoint"",""coordinates"":[]}"
21915_0,0.10912454,0.7334969,0.09996886,2024-05-06,21915,"{""type"":""MultiPoint"",""coordinates"":[]}"
21918_0,0.061047837,0.11123723,0.11765965,2024-05-06,21918,"{""type"":""MultiPoint"",""coordinates"":[]}"
21919_0,0.02949216,0.42941925,-1.4825797E-4,2024-05-06,21919,"{""type"":""MultiPoint"",""coordinates"":[]}"
21922_0,-0.033423666,0.39057842,-0.10169491,2024-05-06,21922,"{""type"":""MultiPoint"",""coordinates"":[]}"
21926_0,0.16948378,0.6239489,0.14083175,2024-05-06,21926,"{""type"":""MultiPoint"",""coordinates"":[]}"
21932_0,0.06947299,0.107106425,0.070084624,2024-05-06,21932,"{""type"":""MultiPoint"",""coordinates"":[]}"
21933_0,0.39614964,0.8450735,0.37094408,2024-05-06,21933,"{""type"":""MultiPoint"",""coordinates"":[]}"
21934_0,-0.043315906,0.48663968,-0.06600534,2024-05-06,21934,"{""type"":""MultiPoint"",""coordinates"":[]}"
21938_0,0.110205226,0.15970841,0.050262567,2024-05-06,21938,"{""type"":""MultiPoint"",""coordinates"":[]}"
21941_0,0.14816521,0.6672237,0.11458666,2024-05-06,21941,"{""type"":""MultiPoint"",""coordinates"":[]}"
21944_0,0.34860712,0.89300996,0.35928297,2024-05-06,21944,"{""type"":""MultiPoint"",""coordinates"":[]}"
21949_0,0.05765162,0.11430855,0.02115191,2024-05-06,21949,"{""type"":""MultiPoint"",""coordinates"":[]}"
21950_0,0.4370861,0.91174155,0.4255913,2024-05-06,21950,"{""type"":""MultiPoint"",""coordinates"":[]}"
21952_0,0.036160715,0.16747573,0.08600861,2024-05-06,21952,"{""type"":""MultiPoint"",""coordinates"":[]}"
21955_0,0.3888889,0.76779026,0.349857,2024-05-06,21955,"{""type"":""MultiPoint"",""coordinates"":[]}"
21958_0,0.036025893,0.70690423,0.05608378,2024-05-06,21958,"{""type"":""MultiPoint"",""coordinates"":[]}"
21961_0,0.104426086,0.42838284,0.08743718,2024-05-06,21961,"{""type"":""MultiPoint"",""coordinates"":[]}"
21966_0,0.22827274,0.76847976,0.21204397,2024-05-06,21966,"{""type"":""MultiPoint"",""coordinates"":[]}"
21973_0,-0.08915389,0.43883497,-0.1282353,2024-05-06,21973,"{""type"":""MultiPoint"",""coordinates"":[]}"
21974_0,0.37921187,0.89733696,0.38674188,2024-05-06,21974,"{""type"":""MultiPoint"",""coordinates"":[]}"
21975_0,0.10379448,0.55271286,0.073989324,2024-05-06,21975,"{""type"":""MultiPoint"",""coordinates"":[]}"
21976_0,0.14930105,5.1679584E-4,0.13490145,2024-05-06,21976,"{""type"":""MultiPoint"",""coordinates"":[]}"
21977_0,0.2189781,0.70046085,0.15946583,2024-05-06,21977,"{""type"":""MultiPoint"",""coordinates"":[]}"
21978_0,0.19531982,0.7133412,0.16900274,2024-05-06,21978,"{""type"":""MultiPoint"",""coordinates"":[]}"
21980_0,0.24952173,0.74077576,0.14534703,2024-05-06,21980,"{""type"":""MultiPoint"",""coordinates"":[]}"
21984_0,0.15685737,0.5195861,0.14349277,2024-05-06,21984,"{""type"":""MultiPoint"",""coordinates"":[]}"
21988_0,0.20614178,0.54168487,0.1848373,2024-05-06,21988,"{""type"":""MultiPoint"",""coordinates"":[]}"
21991_0,0.073538154,0.55774736,0.023197493,2024-05-06,21991,"{""type"":""MultiPoint"",""coordinates"":[]}"
21992_0,0.0787172,0.6430481,0.05267666,2024-05-06,21992,"{""type"":""MultiPoint"",""coordinates"":[]}"
21999_0,0.12373159,0.5836774,0.09819774,2024-05-06,21999,"{""type"":""MultiPoint"",""coordinates"":[]}"
22000_0,0.28998396,0.87723887,0.31398788,2024-05-06,22000,"{""type"":""MultiPoint"",""coordinates"":[]}"
22005_0,0.14982079,0.3324468,0.059476607,2024-05-06,22005,"{""type"":""MultiPoint"",""coordinates"":[]}"
22006_0,0.15541531,0.42686057,0.14364073,2024-05-06,22006,"{""type"":""MultiPoint"",""coordinates"":[]}"
22007_0,0.20618738,0.6487754,0.16709702,2024-05-06,22007,"{""type"":""MultiPoint"",""coordinates"":[]}"
22010_0,0.17578259,0.70208335,0.1539548,2024-05-06,22010,"{""type"":""MultiPoint"",""coordinates"":[]}"
22012_0,0.08240914,0.55718786,0.049319427,2024-05-06,22012,"{""type"":""MultiPoint"",""coordinates"":[]}"
22019_0,0.085098036,0.60502285,0.0931001,2024-05-06,22019,"{""type"":""MultiPoint"",""coordinates"":[]}"
22022_0,0.22126436,0.7048055,0.15773116,2024-05-06,22022,"{""type"":""MultiPoint"",""coordinates"":[]}"
22023_0,0.29852322,0.81168056,0.3114754,2024-05-06,22023,"{""type"":""MultiPoint"",""coordinates"":[]}"
22029_0,0.020100502,0.54332554,-0.017517705,2024-05-06,22029,"{""type"":""MultiPoint"",""coordinates"":[]}"
22034_0,0.24091896,0.5825137,0.27971718,2024-05-06,22034,"{""type"":""MultiPoint"",""coordinates"":[]}"
22035_0,0.2408178,0.72885907,0.21098158,2024-05-06,22035,"{""type"":""MultiPoint"",""coordinates"":[]}"
22039_0,0.13383755,0.69219106,0.11935808,2024-05-06,22039,"{""type"":""MultiPoint"",""coordinates"":[]}"
22043_0,0.38575393,0.8848797,0.3755486,2024-05-06,22043,"{""type"":""MultiPoint"",""coordinates"":[]}"
22047_0,0.08344841,0.6446125,0.058179606,2024-05-06,22047,"{""type"":""MultiPoint"",""coordinates"":[]}"
22050_0,0.2999263,0.72079206,0.29315478,2024-05-06,22050,"{""type"":""MultiPoint"",""coordinates"":[]}"
22053_0,0.1106698,0.62122905,0.08182666,2024-05-06,22053,"{""type"":""MultiPoint"",""coordinates"":[]}"
22057_0,0.075642966,0.53050107,0.06966121,2024-05-06,22057,"{""type"":""MultiPoint"",""coordinates"":[]}"
22080_0,-0.03295979,0.5145205,-0.06273313,2024-05-06,22080,"{""type"":""MultiPoint"",""coordinates"":[]}"
22081_0,0.08620934,0.5659992,0.08724642,2024-05-06,22081,"{""type"":""MultiPoint"",""coordinates"":[]}"
22082_0,0.34999046,0.75604516,0.31456155,2024-05-06,22082,"{""type"":""MultiPoint"",""coordinates"":[]}"
22086_0,0.14290936,0.66092855,0.15174535,2024-05-06,22086,"{""type"":""MultiPoint"",""coordinates"":[]}"
22090_0,0.17804208,0.51556015,0.13080496,2024-05-06,22090,"{""type"":""MultiPoint"",""coordinates"":[]}"
22094_0,0.050024603,0.4269341,-0.18494272,2024-05-06,22094,"{""type"":""MultiPoint"",""coordinates"":[]}"
22103_0,0.028924374,0.6174691,-0.02366206,2024-05-06,22103,"{""type"":""MultiPoint"",""coordinates"":[]}"
22107_0,0.04564454,0.555668,0.037112013,2024-05-06,22107,"{""type"":""MultiPoint"",""coordinates"":[]}"
22111_0,0.21982062,0.6961806,0.19128181,2024-05-06,22111,"{""type"":""MultiPoint"",""coordinates"":[]}"
22112_0,-0.014605648,0.42351204,-0.038538206,2024-05-06,22112,"{""type"":""MultiPoint"",""coordinates"":[]}"
22125_0,0.098468274,0.5244552,0.080672845,2024-05-06,22125,"{""type"":""MultiPoint"",""coordinates"":[]}"
22130_0,0.10659218,0.56028366,0.07217452,2024-05-06,22130,"{""type"":""MultiPoint"",""coordinates"":[]}"
22132_0,0.0070799016,0.4838113,-0.034316678,2024-05-06,22132,"{""type"":""MultiPoint"",""coordinates"":[]}"
22133_0,0.19917227,0.50826746,0.15085025,2024-05-06,22133,"{""type"":""MultiPoint"",""coordinates"":[]}"
22138_0,0.036399737,0.5086321,-0.012517385,2024-05-06,22138,"{""type"":""MultiPoint"",""coordinates"":[]}"
22142_0,0.031989336,0.6095529,-0.0012062726,2024-05-06,22142,"{""type"":""MultiPoint"",""coordinates"":[]}"
22144_0,0.34849146,0.5871375,0.29948285,2024-05-06,22144,"{""type"":""MultiPoint"",""coordinates"":[]}"
22149_0,0.058339566,0.49727964,0.044402275,2024-05-06,22149,"{""type"":""MultiPoint"",""coordinates"":[]}"
22152_0,0.050458714,0.4665392,0.028494803,2024-05-06,22152,"{""type"":""MultiPoint"",""coordinates"":[]}"
22154_0,0.08320951,0.56067586,0.014376997,2024-05-06,22154,"{""type"":""MultiPoint"",""coordinates"":[]}"
22162_0,0.24178518,0.43592614,0.24805447,2024-05-06,22162,"{""type"":""MultiPoint"",""coordinates"":[]}"
22173_0,0.17933723,0.43350935,0.17305048,2024-05-06,22173,"{""type"":""MultiPoint"",""coordinates"":[]}"
22176_0,0.13160695,0.27942926,0.13742071,2024-05-06,22176,"{""type"":""MultiPoint"",""coordinates"":[]}"
22179_0,-0.0013812155,0.47540984,-0.035714287,2024-05-06,22179,"{""type"":""MultiPoint"",""coordinates"":[]}"
22181_0,0.057208236,0.5723159,0.03625731,2024-05-06,22181,"{""type"":""MultiPoint"",""coordinates"":[]}"
22183_0,0.0106594395,0.5247748,-0.00550863,2024-05-06,22183,"{""type"":""MultiPoint"",""coordinates"":[]}"
22185_0,0.011711527,0.5920055,-0.020148462,2024-05-06,22185,"{""type"":""MultiPoint"",""coordinates"":[]}"
22192_0,0.16451779,0.38323355,0.17557251,2024-05-06,22192,"{""type"":""MultiPoint"",""coordinates"":[]}"
22193_0,0.24891627,0.79337746,0.24391364,2024-05-06,22193,"{""type"":""MultiPoint"",""coordinates"":[]}"
22195_0,0.08342505,0.62181056,0.054066334,2024-05-06,22195,"{""type"":""MultiPoint"",""coordinates"":[]}"
22236_0,0.18863457,0.7137891,0.1798963,2024-05-06,22236,"{""type"":""MultiPoint"",""coordinates"":[]}"
22240_0,0.105764054,0.54204124,0.078801334,2024-05-06,22240,"{""type"":""MultiPoint"",""coordinates"":[]}"
22271_0,0.15152976,0.40989617,0.13443106,2024-05-06,22271,"{""type"":""MultiPoint"",""coordinates"":[]}"
22275_0,0.19007419,0.37333745,0.16749935,2024-05-06,22275,"{""type"":""MultiPoint"",""coordinates"":[]}"
22277_0,0.20331284,0.27640942,0.21998431,2024-05-06,22277,"{""type"":""MultiPoint"",""coordinates"":[]}"
22279_0,0.17914374,0.29499468,0.17261331,2024-05-06,22279,"{""type"":""MultiPoint"",""coordinates"":[]}"
22281_0,0.23906977,0.3078394,0.2516011,2024-05-06,22281,"{""type"":""MultiPoint"",""coordinates"":[]}"
22598_0,0.20463432,0.38817835,0.18781425,2024-05-06,22598,"{""type"":""MultiPoint"",""coordinates"":[]}"
22606_0,0.05363838,0.118718594,0.07063421,2024-05-06,22606,"{""type"":""MultiPoint"",""coordinates"":[]}"
22640_0,0.09010683,0.24898434,0.046947215,2024-05-06,22640,"{""type"":""MultiPoint"",""coordinates"":[]}"
22645_0,0.09089365,0.080105305,0.03542136,2024-05-06,22645,"{""type"":""MultiPoint"",""coordinates"":[]}"
22650_0,0.11439114,0.5097002,0.08629441,2024-05-06,22650,"{""type"":""MultiPoint"",""coordinates"":[]}"
22652_0,0.10724818,0.64889705,0.11014851,2024-05-06,22652,"{""type"":""MultiPoint"",""coordinates"":[]}"
22656_0,0.22017615,0.5754923,0.1930406,2024-05-06,22656,"{""type"":""MultiPoint"",""coordinates"":[]}"
22662_0,0.059689287,0.02661597,0.072292894,2024-05-06,22662,"{""type"":""MultiPoint"",""coordinates"":[]}"
22668_0,0.24545184,0.85684884,0.23216996,2024-05-06,22668,"{""type"":""MultiPoint"",""coordinates"":[]}"
22669_0,0.23275863,0.8319212,0.23228589,2024-05-06,22669,"{""type"":""MultiPoint"",""coordinates"":[]}"
22677_0,0.32051668,0.84531885,0.28666037,2024-05-06,22677,"{""type"":""MultiPoint"",""coordinates"":[]}"
22679_0,0.3084527,0.7623332,0.24725516,2024-05-06,22679,"{""type"":""MultiPoint"",""coordinates"":[]}"
22682_0,0.25677508,0.78576636,0.2524702,2024-05-06,22682,"{""type"":""MultiPoint"",""coordinates"":[]}"
22685_0,0.1467557,0.7182609,0.14700334,2024-05-06,22685,"{""type"":""MultiPoint"",""coordinates"":[]}"
22687_0,-0.0036976777,0.5265423,-0.030523919,2024-05-06,22687,"{""type"":""MultiPoint"",""coordinates"":[]}"
22689_0,0.13846344,0.01885246,0.17354104,2024-05-06,22689,"{""type"":""MultiPoint"",""coordinates"":[]}"
22692_0,0.23536737,0.7515352,0.20311487,2024-05-06,22692,"{""type"":""MultiPoint"",""coordinates"":[]}"
22694_0,0.32913882,0.7153076,0.16861598,2024-05-06,22694,"{""type"":""MultiPoint"",""coordinates"":[]}"
22697_0,0.09442379,0.6570115,0.08407279,2024-05-06,22697,"{""type"":""MultiPoint"",""coordinates"":[]}"
22698_0,0.22574955,0.71978253,0.2190928,2024-05-06,22698,"{""type"":""MultiPoint"",""coordinates"":[]}"
22703_0,0.20093897,0.671882,0.18862228,2024-05-06,22703,"{""type"":""MultiPoint"",""coordinates"":[]}"
22704_0,0.23503034,0.6481481,-0.07566766,2024-05-06,22704,"{""type"":""MultiPoint"",""coordinates"":[]}"
22711_0,0.16853933,0.34960768,-0.025188917,2024-05-06,22711,"{""type"":""MultiPoint"",""coordinates"":[]}"
22712_0,0.30309927,0.7589054,0.30395243,2024-05-06,22712,"{""type"":""MultiPoint"",""coordinates"":[]}"
22732_0,0.053236436,0.59669876,0.017709978,2024-05-06,22732,"{""type"":""MultiPoint"",""coordinates"":[]}"
22735_0,0.11981938,0.5218605,0.09048492,2024-05-06,22735,"{""type"":""MultiPoint"",""coordinates"":[]}"
22737_0,0.2734851,0.82653064,0.3093569,2024-05-06,22737,"{""type"":""MultiPoint"",""coordinates"":[]}"
22740_0,0.26269138,0.8030303,0.2909725,2024-05-06,22740,"{""type"":""MultiPoint"",""coordinates"":[]}"
22742_0,0.25922182,0.84950703,0.2368558,2024-05-06,22742,"{""type"":""MultiPoint"",""coordinates"":[]}"
22744_0,0.24085268,0.5955933,0.18594337,2024-05-06,22744,"{""type"":""MultiPoint"",""coordinates"":[]}"
22747_0,0.024719968,0.5821763,-0.015075377,2024-05-06,22747,"{""type"":""MultiPoint"",""coordinates"":[]}"
22749_0,0.14909638,0.69005626,0.14111984,2024-05-06,22749,"{""type"":""MultiPoint"",""coordinates"":[]}"
22752_0,0.10721063,0.5559633,0.0915527,2024-05-06,22752,"{""type"":""MultiPoint"",""coordinates"":[]}"
22755_0,0.25208914,0.6989823,0.1924812,2024-05-06,22755,"{""type"":""MultiPoint"",""coordinates"":[]}"
22759_0,0.30968666,0.83526325,0.31868133,2024-05-06,22759,"{""type"":""MultiPoint"",""coordinates"":[]}"
22762_0,0.08630137,0.540265,0.06221441,2024-05-06,22762,"{""type"":""MultiPoint"",""coordinates"":[]}"
22767_0,0.36193028,0.80097085,0.35031846,2024-05-06,22767,"{""type"":""MultiPoint"",""coordinates"":[]}"
22769_0,0.17487091,0.6637998,0.1422437,2024-05-06,22769,"{""type"":""MultiPoint"",""coordinates"":[]}"
22771_0,0.2822345,0.8107226,0.2746964,2024-05-06,22771,"{""type"":""MultiPoint"",""coordinates"":[]}"
22773_0,0.26013356,0.72769046,0.19986564,2024-05-06,22773,"{""type"":""MultiPoint"",""coordinates"":[]}"
22776_0,0.17989528,0.73930216,0.14869565,2024-05-06,22776,"{""type"":""MultiPoint"",""coordinates"":[]}"
22778_0,0.15590484,0.6363636,0.12524763,2024-05-06,22778,"{""type"":""MultiPoint"",""coordinates"":[]}"
22780_0,0.34034127,0.82300127,0.32648936,2024-05-06,22780,"{""type"":""MultiPoint"",""coordinates"":[]}"
22786_0,0.1749807,0.5330634,0.25959805,2024-05-06,22786,"{""type"":""MultiPoint"",""coordinates"":[]}"
22791_0,-0.0064695007,0.53892213,-0.02881436,2024-05-06,22791,"{""type"":""MultiPoint"",""coordinates"":[]}"
22792_0,0.27357477,0.75634015,0.27096078,2024-05-06,22792,"{""type"":""MultiPoint"",""coordinates"":[]}"
22793_0,0.17232881,0.7421452,0.15537992,2024-05-06,22793,"{""type"":""MultiPoint"",""coordinates"":[]}"
22794_0,0.36099586,0.79850745,0.42920682,2024-05-06,22794,"{""type"":""MultiPoint"",""coordinates"":[]}"
22795_0,0.08833218,0.043905098,0.12538587,2024-05-06,22795,"{""type"":""MultiPoint"",""coordinates"":[]}"
22800_0,0.0917481,0.1380524,0.073899806,2024-05-06,22800,"{""type"":""MultiPoint"",""coordinates"":[]}"
22802_0,0.1724138,0.62587065,0.15070422,2024-05-06,22802,"{""type"":""MultiPoint"",""coordinates"":[]}"
22806_0,0.07212205,0.375,-0.047221497,2024-05-06,22806,"{""type"":""MultiPoint"",""coordinates"":[]}"
22808_0,0.19652306,0.5593835,0.23607618,2024-05-06,22808,"{""type"":""MultiPoint"",""coordinates"":[]}"
22811_0,0.23454367,0.7028616,0.22815946,2024-05-06,22811,"{""type"":""MultiPoint"",""coordinates"":[]}"
22817_0,0.12570408,0.3986517,-0.011121703,2024-05-06,22817,"{""type"":""MultiPoint"",""coordinates"":[]}"
22820_0,0.06427133,0.39080045,0.119370356,2024-05-06,22820,"{""type"":""MultiPoint"",""coordinates"":[]}"
22823_0,0.19313812,0.7137886,0.18176365,2024-05-06,22823,"{""type"":""MultiPoint"",""coordinates"":[]}"
22824_0,0.042764284,0.23690774,0.08332423,2024-05-06,22824,"{""type"":""MultiPoint"",""coordinates"":[]}"
22835_0,0.10017391,0.7147776,0.07192825,2024-05-06,22835,"{""type"":""MultiPoint"",""coordinates"":[]}"
22838_0,0.052364007,0.5108808,0.021008404,2024-05-06,22838,"{""type"":""MultiPoint"",""coordinates"":[]}"
22842_0,0.3247615,0.8023016,0.3045707,2024-05-06,22842,"{""type"":""MultiPoint"",""coordinates"":[]}"
22845_0,0.29049623,0.7148635,0.23323032,2024-05-06,22845,"{""type"":""MultiPoint"",""coordinates"":[]}"
22847_0,0.23906843,0.7523523,0.18503436,2024-05-06,22847,"{""type"":""MultiPoint"",""coordinates"":[]}"
22851_0,0.2200701,0.77828574,0.19096823,2024-05-06,22851,"{""type"":""MultiPoint"",""coordinates"":[]}"
22853_0,0.35567617,0.7327074,0.33946285,2024-05-06,22853,"{""type"":""MultiPoint"",""coordinates"":[]}"
22855_0,0.0284143,0.5235008,0.03107861,2024-05-06,22855,"{""type"":""MultiPoint"",""coordinates"":[]}"
22857_0,0.1462106,0.58781534,0.13430806,2024-05-06,22857,"{""type"":""MultiPoint"",""coordinates"":[]}"
22860_0,0.08694863,0.6314302,0.068690985,2024-05-06,22860,"{""type"":""MultiPoint"",""coordinates"":[]}"
22881_0,0.079846285,0.6544429,0.042435013,2024-05-06,22881,"{""type"":""MultiPoint"",""coordinates"":[]}"
22886_0,0.13871473,0.6498551,0.12846947,2024-05-06,22886,"{""type"":""MultiPoint"",""coordinates"":[]}"
22895_0,0.18302122,0.43599257,0.17331986,2024-05-06,22895,"{""type"":""MultiPoint"",""coordinates"":[]}"
22896_0,0.16938816,0.58285415,0.17843938,2024-05-06,22896,"{""type"":""MultiPoint"",""coordinates"":[]}"
22900_0,0.2967607,0.7588015,0.27125067,2024-05-06,22900,"{""type"":""MultiPoint"",""coordinates"":[]}"
22901_0,-0.050265033,0.48360166,-0.07181496,2024-05-06,22901,"{""type"":""MultiPoint"",""coordinates"":[]}"
22909_0,0.103407055,0.4595639,0.08050674,2024-05-06,22909,"{""type"":""MultiPoint"",""coordinates"":[]}"
22918_0,0.088106565,0.58112097,0.055949565,2024-05-06,22918,"{""type"":""MultiPoint"",""coordinates"":[]}"
22923_0,0.09417398,0.6878918,0.05965203,2024-05-06,22923,"{""type"":""MultiPoint"",""coordinates"":[]}"
22946_0,0.25517553,0.68726826,0.24515393,2024-05-06,22946,"{""type"":""MultiPoint"",""coordinates"":[]}"
22949_0,0.05747888,0.4871306,0.046102263,2024-05-06,22949,"{""type"":""MultiPoint"",""coordinates"":[]}"
22955_0,0.13696833,0.63765544,0.09133951,2024-05-06,22955,"{""type"":""MultiPoint"",""coordinates"":[]}"
22965_0,0.02417962,0.54798114,0.021983728,2024-05-06,22965,"{""type"":""MultiPoint"",""coordinates"":[]}"
22988_0,0.17231718,0.5084871,0.1610338,2024-05-06,22988,"{""type"":""MultiPoint"",""coordinates"":[]}"
22994_0,0.21693122,0.3068381,0.20344457,2024-05-06,22994,"{""type"":""MultiPoint"",""coordinates"":[]}"
22996_0,0.24958768,0.14546327,0.2721941,2024-05-06,22996,"{""type"":""MultiPoint"",""coordinates"":[]}"
22998_0,0.12690617,0.5125531,0.07375926,2024-05-06,22998,"{""type"":""MultiPoint"",""coordinates"":[]}"
23028_0,0.2495394,0.07027027,0.2669466,2024-05-06,23028,"{""type"":""MultiPoint"",""coordinates"":[]}"
23240_0,0.19180566,0.82364184,0.19949722,2024-05-06,23240,"{""type"":""MultiPoint"",""coordinates"":[]}"
23295_0,0.1589716,0.7328125,0.17354497,2024-05-06,23295,"{""type"":""MultiPoint"",""coordinates"":[]}"
23296_0,0.15068494,0.105341986,-0.02111197,2024-05-06,23296,"{""type"":""MultiPoint"",""coordinates"":[]}"
23337_0,0.13766389,0.7788104,0.13894674,2024-05-06,23337,"{""type"":""MultiPoint"",""coordinates"":[]}"
23353_0,0.070515,0.27426535,0.16459817,2024-05-06,23353,"{""type"":""MultiPoint"",""coordinates"":[]}"
23359_0,0.13596633,0.61364686,0.13470578,2024-05-06,23359,"{""type"":""MultiPoint"",""coordinates"":[]}"
23361_0,0.1888574,0.71202374,0.1462647,2024-05-06,23361,"{""type"":""MultiPoint"",""coordinates"":[]}"
23363_0,0.028554862,0.50898206,-0.011317338,2024-05-06,23363,"{""type"":""MultiPoint"",""coordinates"":[]}"
23370_0,0.11747224,0.6363636,0.09073328,2024-05-06,23370,"{""type"":""MultiPoint"",""coordinates"":[]}"
23371_0,0.083807625,0.11121904,0.17401065,2024-05-06,23371,"{""type"":""MultiPoint"",""coordinates"":[]}"
23376_0,0.1713248,0.711817,0.12416556,2024-05-06,23376,"{""type"":""MultiPoint"",""coordinates"":[]}"
23377_0,0.13772826,0.036,0.1959596,2024-05-06,23377,"{""type"":""MultiPoint"",""coordinates"":[]}"
23384_0,0.19325617,0.5568421,0.29708397,2024-05-06,23384,"{""type"":""MultiPoint"",""coordinates"":[]}"
23387_0,0.12267376,0.018709075,0.11392405,2024-05-06,23387,"{""type"":""MultiPoint"",""coordinates"":[]}"
23388_0,0.22823761,0.6715258,0.18928263,2024-05-06,23388,"{""type"":""MultiPoint"",""coordinates"":[]}"
23389_0,0.105275206,0.043162566,0.13901888,2024-05-06,23389,"{""type"":""MultiPoint"",""coordinates"":[]}"
23390_0,0.08759007,0.6389245,0.05802612,2024-05-06,23390,"{""type"":""MultiPoint"",""coordinates"":[]}"
23393_0,0.14975567,0.6827458,0.10173094,2024-05-06,23393,"{""type"":""MultiPoint"",""coordinates"":[]}"
23396_0,0.02257761,0.54146343,0.006850406,2024-05-06,23396,"{""type"":""MultiPoint"",""coordinates"":[]}"
23399_0,0.14592622,0.7158371,0.14885882,2024-05-06,23399,"{""type"":""MultiPoint"",""coordinates"":[]}"
23404_0,0.036638252,0.61331373,0.011508362,2024-05-06,23404,"{""type"":""MultiPoint"",""coordinates"":[]}"
23410_0,0.32795304,0.82215554,0.29990828,2024-05-06,23410,"{""type"":""MultiPoint"",""coordinates"":[]}"
23412_0,0.29647958,0.7866401,0.2858783,2024-05-06,23412,"{""type"":""MultiPoint"",""coordinates"":[]}"
23414_0,0.22482759,0.71784234,0.19136691,2024-05-06,23414,"{""type"":""MultiPoint"",""coordinates"":[]}"
23420_0,0.14817019,0.49770927,0.11348506,2024-05-06,23420,"{""type"":""MultiPoint"",""coordinates"":[]}"
23435_0,0.13897803,0.61934805,0.1396152,2024-05-06,23435,"{""type"":""MultiPoint"",""coordinates"":[]}"
23439_0,0.2494827,0.70558375,0.22721048,2024-05-06,23439,"{""type"":""MultiPoint"",""coordinates"":[]}"
23445_0,0.21884038,0.4858954,0.24614567,2024-05-06,23445,"{""type"":""MultiPoint"",""coordinates"":[]}"
23450_0,0.026170554,0.47439504,-0.021475257,2024-05-06,23450,"{""type"":""MultiPoint"",""coordinates"":[]}"
23453_0,0.3011236,0.6824098,0.29035938,2024-05-06,23453,"{""type"":""MultiPoint"",""coordinates"":[]}"
23454_0,0.34204936,0.8439332,0.3401082,2024-05-06,23454,"{""type"":""MultiPoint"",""coordinates"":[]}"
23455_0,0.15859863,0.71267605,0.115255274,2024-05-06,23455,"{""type"":""MultiPoint"",""coordinates"":[]}"
23464_0,0.08485305,0.603021,0.05597015,2024-05-06,23464,"{""type"":""MultiPoint"",""coordinates"":[]}"
23465_0,0.19903691,0.6533333,0.16373387,2024-05-06,23465,"{""type"":""MultiPoint"",""coordinates"":[]}"
23470_0,0.18277279,0.66350925,0.15738271,2024-05-06,23470,"{""type"":""MultiPoint"",""coordinates"":[]}"
23473_0,0.18184754,0.7512533,0.183035,2024-05-06,23473,"{""type"":""MultiPoint"",""coordinates"":[]}"
23476_0,0.22492212,0.60954446,0.08797654,2024-05-06,23476,"{""type"":""MultiPoint"",""coordinates"":[]}"
23478_0,0.15882266,0.7155135,0.17291024,2024-05-06,23478,"{""type"":""MultiPoint"",""coordinates"":[]}"
23480_0,0.32519618,0.7581259,0.31956044,2024-05-06,23480,"{""type"":""MultiPoint"",""coordinates"":[]}"
23483_0,0.25748503,0.78904665,0.2801161,2024-05-06,23483,"{""type"":""MultiPoint"",""coordinates"":[]}"
23485_0,0.18201865,0.7805948,0.20468415,2024-05-06,23485,"{""type"":""MultiPoint"",""coordinates"":[]}"
23495_0,0.0048615513,0.06285406,0.054745015,2024-05-06,23495,"{""type"":""MultiPoint"",""coordinates"":[]}"
23499_0,0.18270008,0.72044945,0.30871794,2024-05-06,23499,"{""type"":""MultiPoint"",""coordinates"":[]}"
23501_0,0.010705123,0.14638448,0.07517988,2024-05-06,23501,"{""type"":""MultiPoint"",""coordinates"":[]}"
23503_0,0.12733504,0.60613024,0.10509666,2024-05-06,23503,"{""type"":""MultiPoint"",""coordinates"":[]}"
23506_0,0.1588949,0.65331084,0.15345006,2024-05-06,23506,"{""type"":""MultiPoint"",""coordinates"":[]}"
23511_0,0.10082806,0.58543986,0.06215072,2024-05-06,23511,"{""type"":""MultiPoint"",""coordinates"":[]}"
23520_0,0.124754034,0.57651246,0.088897996,2024-05-06,23520,"{""type"":""MultiPoint"",""coordinates"":[]}"
23525_0,0.14705433,0.656507,0.10255998,2024-05-06,23525,"{""type"":""MultiPoint"",""coordinates"":[]}"
23527_0,0.03136955,0.27747035,0.04494019,2024-05-06,23527,"{""type"":""MultiPoint"",""coordinates"":[]}"
23531_0,0.1282149,0.65124965,0.11352189,2024-05-06,23531,"{""type"":""MultiPoint"",""coordinates"":[]}"
23532_0,0.068134606,0.48233163,0.044922292,2024-05-06,23532,"{""type"":""MultiPoint"",""coordinates"":[]}"
23534_0,0.1573382,0.6798408,0.12212726,2024-05-06,23534,"{""type"":""MultiPoint"",""coordinates"":[]}"
23535_0,0.05238933,0.4283615,0.052517597,2024-05-06,23535,"{""type"":""MultiPoint"",""coordinates"":[]}"
23536_0,0.16774471,0.7737807,0.141077,2024-05-06,23536,"{""type"":""MultiPoint"",""coordinates"":[]}"
23537_0,0.014883558,0.50054646,-0.012052528,2024-05-06,23537,"{""type"":""MultiPoint"",""coordinates"":[]}"
23548_0,0.15818374,0.6407474,0.15461294,2024-05-06,23548,"{""type"":""MultiPoint"",""coordinates"":[]}"
23551_0,-0.012674271,0.51111114,-0.08045977,2024-05-06,23551,"{""type"":""MultiPoint"",""coordinates"":[]}"
23554_0,0.2586248,0.7358752,0.2328902,2024-05-06,23554,"{""type"":""MultiPoint"",""coordinates"":[]}"
23557_0,0.19379157,0.68963116,0.14366463,2024-05-06,23557,"{""type"":""MultiPoint"",""coordinates"":[]}"
23558_0,0.11861246,0.7057569,0.08464071,2024-05-06,23558,"{""type"":""MultiPoint"",""coordinates"":[]}"
23560_0,0.14280477,0.6276704,0.15565185,2024-05-06,23560,"{""type"":""MultiPoint"",""coordinates"":[]}"
23565_0,0.128237,0.6755725,0.11186154,2024-05-06,23565,"{""type"":""MultiPoint"",""coordinates"":[]}"
23568_0,0.06772487,0.5783725,0.044641245,2024-05-06,23568,"{""type"":""MultiPoint"",""coordinates"":[]}"
23570_0,0.25724977,0.7468185,0.24308866,2024-05-06,23570,"{""type"":""MultiPoint"",""coordinates"":[]}"
23573_0,0.114812344,0.6573034,0.084309675,2024-05-06,23573,"{""type"":""MultiPoint"",""coordinates"":[]}"
23574_0,0.11268393,0.59389794,0.11973392,2024-05-06,23574,"{""type"":""MultiPoint"",""coordinates"":[]}"
23580_0,0.09196322,0.6486146,0.07097566,2024-05-06,23580,"{""type"":""MultiPoint"",""coordinates"":[]}"
23581_0,0.35072976,0.76052487,0.37372014,2024-05-06,23581,"{""type"":""MultiPoint"",""coordinates"":[]}"
23587_0,-0.034366198,0.5492064,-0.06045437,2024-05-06,23587,"{""type"":""MultiPoint"",""coordinates"":[]}"
23588_0,0.14781022,0.30864197,0.1193664,2024-05-06,23588,"{""type"":""MultiPoint"",""coordinates"":[]}"
23593_0,0.10212449,0.597053,0.07824756,2024-05-06,23593,"{""type"":""MultiPoint"",""coordinates"":[]}"
23595_0,0.046632126,0.57564104,0.013608247,2024-05-06,23595,"{""type"":""MultiPoint"",""coordinates"":[]}"
23597_0,0.13882989,0.65957445,0.10080645,2024-05-06,23597,"{""type"":""MultiPoint"",""coordinates"":[]}"
23604_0,0.017073618,0.6098175,-0.022731613,2024-05-06,23604,"{""type"":""MultiPoint"",""coordinates"":[]}"
23632_0,0.30477402,0.8144531,0.31983662,2024-05-06,23632,"{""type"":""MultiPoint"",""coordinates"":[]}"
23633_0,0.088430494,0.56736034,0.059411436,2024-05-06,23633,"{""type"":""MultiPoint"",""coordinates"":[]}"
23638_0,0.033327516,0.5604651,-0.015768243,2024-05-06,23638,"{""type"":""MultiPoint"",""coordinates"":[]}"
23646_0,0.13712606,0.6523929,0.13593073,2024-05-06,23646,"{""type"":""MultiPoint"",""coordinates"":[]}"
23662_0,0.15139827,0.27340424,0.15262398,2024-05-06,23662,"{""type"":""MultiPoint"",""coordinates"":[]}"
23663_0,0.12517713,0.26949242,0.13417485,2024-05-06,23663,"{""type"":""MultiPoint"",""coordinates"":[]}"
23688_0,0.22019495,0.14439462,0.24124514,2024-05-06,23688,"{""type"":""MultiPoint"",""coordinates"":[]}"
23699_0,0.25261983,0.092346385,0.28922817,2024-05-06,23699,"{""type"":""MultiPoint"",""coordinates"":[]}"
23894_0,0.09603761,0.49267307,0.046404533,2024-05-06,23894,"{""type"":""MultiPoint"",""coordinates"":[]}"
23936_0,0.09921039,0.044992745,0.09972634,2024-05-06,23936,"{""type"":""MultiPoint"",""coordinates"":[]}"
23942_0,0.21880819,0.66133034,0.18819545,2024-05-06,23942,"{""type"":""MultiPoint"",""coordinates"":[]}"
23944_0,0.39042357,0.67676765,0.33467337,2024-05-06,23944,"{""type"":""MultiPoint"",""coordinates"":[]}"
23945_0,0.03740037,0.56965584,0.032655574,2024-05-06,23945,"{""type"":""MultiPoint"",""coordinates"":[]}"
23954_0,0.112242304,0.04288321,0.13449131,2024-05-06,23954,"{""type"":""MultiPoint"",""coordinates"":[]}"
23960_0,0.19274376,0.5173003,0.17538054,2024-05-06,23960,"{""type"":""MultiPoint"",""coordinates"":[]}"
23963_0,0.2727851,0.76173913,0.27863678,2024-05-06,23963,"{""type"":""MultiPoint"",""coordinates"":[]}"
23979_0,0.20102382,0.6683481,0.13197862,2024-05-06,23979,"{""type"":""MultiPoint"",""coordinates"":[]}"
23982_0,0.45186642,0.79908675,0.4770384,2024-05-06,23982,"{""type"":""MultiPoint"",""coordinates"":[]}"
24008_0,0.2521346,0.516955,0.19098072,2024-05-06,24008,"{""type"":""MultiPoint"",""coordinates"":[]}"
24037_0,0.049304176,0.56390977,0.021485575,2024-05-06,24037,"{""type"":""MultiPoint"",""coordinates"":[]}"
24046_0,0.14804918,0.5227687,0.13463627,2024-05-06,24046,"{""type"":""MultiPoint"",""coordinates"":[]}"
24047_0,0.21745563,0.25813007,0.21880384,2024-05-06,24047,"{""type"":""MultiPoint"",""coordinates"":[]}"
24049_0,0.23590274,0.26397514,0.24623628,2024-05-06,24049,"{""type"":""MultiPoint"",""coordinates"":[]}"
24050_0,0.19068024,0.30384836,0.20074055,2024-05-06,24050,"{""type"":""MultiPoint"",""coordinates"":[]}"
24053_0,0.251516,0.22295082,0.2665535,2024-05-06,24053,"{""type"":""MultiPoint"",""coordinates"":[]}"
24054_0,0.19275825,0.36275697,0.19575597,2024-05-06,24054,"{""type"":""MultiPoint"",""coordinates"":[]}"
24065_0,0.2393736,0.12029795,0.27782497,2024-05-06,24065,"{""type"":""MultiPoint"",""coordinates"":[]}"
24073_0,0.23119648,0.11506525,0.25864762,2024-05-06,24073,"{""type"":""MultiPoint"",""coordinates"":[]}"
24075_0,0.24707533,0.10231579,0.23870358,2024-05-06,24075,"{""type"":""MultiPoint"",""coordinates"":[]}"
24079_0,0.18251365,0.12524386,0.21329407,2024-05-06,24079,"{""type"":""MultiPoint"",""coordinates"":[]}"
24241_0,0.2410455,0.73619354,0.23586744,2024-05-06,24241,"{""type"":""MultiPoint"",""coordinates"":[]}"
24245_0,0.24836601,0.65177196,0.2167991,2024-05-06,24245,"{""type"":""MultiPoint"",""coordinates"":[]}"
24251_0,0.39095268,0.81599844,0.3950305,2024-05-06,24251,"{""type"":""MultiPoint"",""coordinates"":[]}"
24253_0,0.16623151,0.7100694,0.15644261,2024-05-06,24253,"{""type"":""MultiPoint"",""coordinates"":[]}"
24261_0,0.28207204,0.7619699,0.18436782,2024-05-06,24261,"{""type"":""MultiPoint"",""coordinates"":[]}"
24262_0,0.15403564,0.16849452,0.09277389,2024-05-06,24262,"{""type"":""MultiPoint"",""coordinates"":[]}"
24263_0,0.33342513,0.7649667,0.3274041,2024-05-06,24263,"{""type"":""MultiPoint"",""coordinates"":[]}"
24264_0,0.32542548,0.85283476,0.3236815,2024-05-06,24264,"{""type"":""MultiPoint"",""coordinates"":[]}"
24265_0,0.2561445,0.67874014,0.2585596,2024-05-06,24265,"{""type"":""MultiPoint"",""coordinates"":[]}"
24269_0,0.3095743,0.7484403,0.28047162,2024-05-06,24269,"{""type"":""MultiPoint"",""coordinates"":[]}"
24270_0,0.2407465,0.6969697,0.2490386,2024-05-06,24270,"{""type"":""MultiPoint"",""coordinates"":[]}"
24272_0,0.15703012,0.7235116,0.13243826,2024-05-06,24272,"{""type"":""MultiPoint"",""coordinates"":[]}"
24274_0,0.17070638,0.64033264,0.13709241,2024-05-06,24274,"{""type"":""MultiPoint"",""coordinates"":[]}"
24276_0,0.28074405,0.847764,0.30073678,2024-05-06,24276,"{""type"":""MultiPoint"",""coordinates"":[]}"
24279_0,0.23665513,0.8043871,0.2505813,2024-05-06,24279,"{""type"":""MultiPoint"",""coordinates"":[]}"
24281_0,0.26387572,0.6453901,0.23428571,2024-05-06,24281,"{""type"":""MultiPoint"",""coordinates"":[]}"
24282_0,0.24395758,0.799682,0.21938959,2024-05-06,24282,"{""type"":""MultiPoint"",""coordinates"":[]}"
24283_0,0.1760274,0.6080402,0.14163396,2024-05-06,24283,"{""type"":""MultiPoint"",""coordinates"":[]}"
24285_0,0.10159863,0.45711404,0.120538026,2024-05-06,24285,"{""type"":""MultiPoint"",""coordinates"":[]}"
24288_0,-0.046267495,0.5131579,-0.078341015,2024-05-06,24288,"{""type"":""MultiPoint"",""coordinates"":[]}"
24289_0,0.1564599,0.71511966,0.15828899,2024-05-06,24289,"{""type"":""MultiPoint"",""coordinates"":[]}"
24292_0,0.09111792,0.5907147,0.046203293,2024-05-06,24292,"{""type"":""MultiPoint"",""coordinates"":[]}"
24296_0,0.2875782,0.84900147,0.31145275,2024-05-06,24296,"{""type"":""MultiPoint"",""coordinates"":[]}"
24297_0,0.18926056,0.65829146,0.17804551,2024-05-06,24297,"{""type"":""MultiPoint"",""coordinates"":[]}"
24300_0,0.2779743,0.7636122,0.26259744,2024-05-06,24300,"{""type"":""MultiPoint"",""coordinates"":[]}"
24301_0,0.10464914,0.6468682,0.08521616,2024-05-06,24301,"{""type"":""MultiPoint"",""coordinates"":[]}"
24309_0,0.035900783,0.5201613,0.01038526,2024-05-06,24309,"{""type"":""MultiPoint"",""coordinates"":[]}"
24310_0,0.26330453,0.7492163,0.2560495,2024-05-06,24310,"{""type"":""MultiPoint"",""coordinates"":[]}"
24311_0,0.14759825,0.6599496,0.14908457,2024-05-06,24311,"{""type"":""MultiPoint"",""coordinates"":[]}"
24315_0,0.3443361,0.7772778,0.28769356,2024-05-06,24315,"{""type"":""MultiPoint"",""coordinates"":[]}"
24317_0,0.20975609,0.6435986,0.18898623,2024-05-06,24317,"{""type"":""MultiPoint"",""coordinates"":[]}"
24318_0,0.031638417,0.09756957,0.019049956,2024-05-06,24318,"{""type"":""MultiPoint"",""coordinates"":[]}"
24321_0,-0.0336163,0.15442404,-0.047848538,2024-05-06,24321,"{""type"":""MultiPoint"",""coordinates"":[]}"
24328_0,0.41936678,0.87144995,0.4109692,2024-05-06,24328,"{""type"":""MultiPoint"",""coordinates"":[]}"
24333_0,0.09078614,0.632631,0.058308527,2024-05-06,24333,"{""type"":""MultiPoint"",""coordinates"":[]}"
24335_0,0.22912766,0.77416074,0.25761673,2024-05-06,24335,"{""type"":""MultiPoint"",""coordinates"":[]}"
24337_0,0.00192052,0.30097088,0.05245442,2024-05-06,24337,"{""type"":""MultiPoint"",""coordinates"":[]}"
24338_0,0.0040625,0.44517338,-0.016424812,2024-05-06,24338,"{""type"":""MultiPoint"",""coordinates"":[]}"
24339_0,0.10393909,0.59100205,0.06959959,2024-05-06,24339,"{""type"":""MultiPoint"",""coordinates"":[]}"
24340_0,0.02756654,0.45419294,-0.0113692535,2024-05-06,24340,"{""type"":""MultiPoint"",""coordinates"":[]}"
24342_0,0.12473795,0.5955801,0.07101799,2024-05-06,24342,"{""type"":""MultiPoint"",""coordinates"":[]}"
24347_0,0.10464341,0.6676177,0.0742017,2024-05-06,24347,"{""type"":""MultiPoint"",""coordinates"":[]}"
24348_0,0.047045708,0.4258675,0.027973618,2024-05-06,24348,"{""type"":""MultiPoint"",""coordinates"":[]}"
24351_0,0.20816654,0.5398058,0.23184466,2024-05-06,24351,"{""type"":""MultiPoint"",""coordinates"":[]}"
24352_0,0.21666318,0.7608274,0.18563657,2024-05-06,24352,"{""type"":""MultiPoint"",""coordinates"":[]}"
24354_0,0.19105813,0.5335968,0.17682742,2024-05-06,24354,"{""type"":""MultiPoint"",""coordinates"":[]}"
24356_0,0.089105405,0.5808511,0.0723435,2024-05-06,24356,"{""type"":""MultiPoint"",""coordinates"":[]}"
24359_0,0.045837916,0.5778227,0.024371954,2024-05-06,24359,"{""type"":""MultiPoint"",""coordinates"":[]}"
24363_0,-0.011610487,0.49686325,-0.061922546,2024-05-06,24363,"{""type"":""MultiPoint"",""coordinates"":[]}"
24364_0,0.08081049,0.5887574,0.053974483,2024-05-06,24364,"{""type"":""MultiPoint"",""coordinates"":[]}"
24365_0,0.11123659,0.3670653,0.114569664,2024-05-06,24365,"{""type"":""MultiPoint"",""coordinates"":[]}"
24367_0,-0.0061063217,0.47131875,-0.05917943,2024-05-06,24367,"{""type"":""MultiPoint"",""coordinates"":[]}"
24395_0,0.04411474,0.5446375,0.032438926,2024-05-06,24395,"{""type"":""MultiPoint"",""coordinates"":[]}"
24407_0,0.21534584,0.34798536,0.22360764,2024-05-06,24407,"{""type"":""MultiPoint"",""coordinates"":[]}"
24408_0,0.14896415,0.46819788,0.124492556,2024-05-06,24408,"{""type"":""MultiPoint"",""coordinates"":[]}"
24409_0,0.3508246,0.7283603,0.30812252,2024-05-06,24409,"{""type"":""MultiPoint"",""coordinates"":[]}"
24411_0,0.23080996,0.11970534,0.25199485,2024-05-06,24411,"{""type"":""MultiPoint"",""coordinates"":[]}"
24414_0,0.23091336,0.61593527,0.22510618,2024-05-06,24414,"{""type"":""MultiPoint"",""coordinates"":[]}"
24417_0,0.25819886,0.1364039,0.28589326,2024-05-06,24417,"{""type"":""MultiPoint"",""coordinates"":[]}"
24422_0,0.23885089,0.14912719,0.24709067,2024-05-06,24422,"{""type"":""MultiPoint"",""coordinates"":[]}"
24426_0,0.2592169,0.19002123,0.2673827,2024-05-06,24426,"{""type"":""MultiPoint"",""coordinates"":[]}"
24427_0,0.24256808,0.15956482,0.2557683,2024-05-06,24427,"{""type"":""MultiPoint"",""coordinates"":[]}"
24433_0,0.24044287,0.14641288,0.26545453,2024-05-06,24433,"{""type"":""MultiPoint"",""coordinates"":[]}"
24588_0,0.25974637,0.76986176,0.22996743,2024-05-06,24588,"{""type"":""MultiPoint"",""coordinates"":[]}"
24637_0,0.15318711,0.68576103,0.111310914,2024-05-06,24637,"{""type"":""MultiPoint"",""coordinates"":[]}"
24639_0,0.2735182,0.53550863,-0.05362776,2024-05-06,24639,"{""type"":""MultiPoint"",""coordinates"":[]}"
24642_0,0.2832219,0.8279622,0.26365158,2024-05-06,24642,"{""type"":""MultiPoint"",""coordinates"":[]}"
24645_0,0.16277507,0.724359,0.12867133,2024-05-06,24645,"{""type"":""MultiPoint"",""coordinates"":[]}"
24651_0,0.33903742,0.7224607,0.32162458,2024-05-06,24651,"{""type"":""MultiPoint"",""coordinates"":[]}"
24661_0,0.1585504,0.055555556,0.2294929,2024-05-06,24661,"{""type"":""MultiPoint"",""coordinates"":[]}"
24668_0,0.079576544,0.21854983,0.10284058,2024-05-06,24668,"{""type"":""MultiPoint"",""coordinates"":[]}"
24672_0,0.2835865,0.8501516,0.27503356,2024-05-06,24672,"{""type"":""MultiPoint"",""coordinates"":[]}"
24674_0,0.2209006,0.73739815,0.22156197,2024-05-06,24674,"{""type"":""MultiPoint"",""coordinates"":[]}"
24680_0,0.08436488,0.5668652,0.09248773,2024-05-06,24680,"{""type"":""MultiPoint"",""coordinates"":[]}"
24681_0,0.0754717,0.5822785,0.0517459,2024-05-06,24681,"{""type"":""MultiPoint"",""coordinates"":[]}"
24684_0,-0.08851796,0.4565926,-0.13542034,2024-05-06,24684,"{""type"":""MultiPoint"",""coordinates"":[]}"
24685_0,0.07901737,0.5113043,0.08303474,2024-05-06,24685,"{""type"":""MultiPoint"",""coordinates"":[]}"
24686_0,0.21766679,0.7155833,0.18023823,2024-05-06,24686,"{""type"":""MultiPoint"",""coordinates"":[]}"
24689_0,0.2160128,0.7224975,0.1735314,2024-05-06,24689,"{""type"":""MultiPoint"",""coordinates"":[]}"
24690_0,0.041366607,0.60164696,0.041848008,2024-05-06,24690,"{""type"":""MultiPoint"",""coordinates"":[]}"
24691_0,0.2074104,0.6953955,0.18677686,2024-05-06,24691,"{""type"":""MultiPoint"",""coordinates"":[]}"
24692_0,0.06683428,0.5571336,0.039879285,2024-05-06,24692,"{""type"":""MultiPoint"",""coordinates"":[]}"
24693_0,0.0023477853,0.40957966,-0.049909405,2024-05-06,24693,"{""type"":""MultiPoint"",""coordinates"":[]}"
24696_0,0.08563239,0.6203223,0.07502718,2024-05-06,24696,"{""type"":""MultiPoint"",""coordinates"":[]}"
24699_0,-0.015516421,0.16255069,0.0836626,2024-05-06,24699,"{""type"":""MultiPoint"",""coordinates"":[]}"
24702_0,0.40095553,0.7774852,0.24711317,2024-05-06,24702,"{""type"":""MultiPoint"",""coordinates"":[]}"
24703_0,0.0934999,0.5894797,0.089768715,2024-05-06,24703,"{""type"":""MultiPoint"",""coordinates"":[]}"
24706_0,0.2771414,0.8201165,0.25902557,2024-05-06,24706,"{""type"":""MultiPoint"",""coordinates"":[]}"
24711_0,0.2949002,0.70608234,0.27932012,2024-05-06,24711,"{""type"":""MultiPoint"",""coordinates"":[]}"
24714_0,0.35419458,0.7444992,0.334003,2024-05-06,24714,"{""type"":""MultiPoint"",""coordinates"":[]}"
24717_0,0.15223636,0.37591484,0.14333104,2024-05-06,24717,"{""type"":""MultiPoint"",""coordinates"":[]}"
24718_0,0.19395643,0.68646336,0.15754682,2024-05-06,24718,"{""type"":""MultiPoint"",""coordinates"":[]}"
24719_0,0.2777778,0.81644195,0.294683,2024-05-06,24719,"{""type"":""MultiPoint"",""coordinates"":[]}"
24727_0,0.029982364,0.5299539,-0.0061533344,2024-05-06,24727,"{""type"":""MultiPoint"",""coordinates"":[]}"
24729_0,0.16767743,0.6036036,0.16740449,2024-05-06,24729,"{""type"":""MultiPoint"",""coordinates"":[]}"
24730_0,0.09363296,0.38131824,0.08101266,2024-05-06,24730,"{""type"":""MultiPoint"",""coordinates"":[]}"
24731_0,0.07179068,0.5012297,0.036332767,2024-05-06,24731,"{""type"":""MultiPoint"",""coordinates"":[]}"
24740_0,0.03932921,0.4680851,-0.012626262,2024-05-06,24740,"{""type"":""MultiPoint"",""coordinates"":[]}"
24741_0,0.25688073,0.7462555,0.23991242,2024-05-06,24741,"{""type"":""MultiPoint"",""coordinates"":[]}"
24745_0,0.087104626,0.6031746,0.036960986,2024-05-06,24745,"{""type"":""MultiPoint"",""coordinates"":[]}"
24746_0,0.25449002,0.5516199,0.24033149,2024-05-06,24746,"{""type"":""MultiPoint"",""coordinates"":[]}"
24751_0,0.14124613,0.3954176,0.10700674,2024-05-06,24751,"{""type"":""MultiPoint"",""coordinates"":[]}"
24752_0,0.19991365,0.39874083,0.17990705,2024-05-06,24752,"{""type"":""MultiPoint"",""coordinates"":[]}"
24756_0,0.1135186,0.5785513,0.08625991,2024-05-06,24756,"{""type"":""MultiPoint"",""coordinates"":[]}"
24759_0,0.0769779,0.6345062,0.053016454,2024-05-06,24759,"{""type"":""MultiPoint"",""coordinates"":[]}"
24763_0,0.22080873,0.39285713,0.22834645,2024-05-06,24763,"{""type"":""MultiPoint"",""coordinates"":[]}"
24764_0,0.20450178,0.6055515,0.20537429,2024-05-06,24764,"{""type"":""MultiPoint"",""coordinates"":[]}"
24766_0,0.13697049,0.25751072,0.14639713,2024-05-06,24766,"{""type"":""MultiPoint"",""coordinates"":[]}"
24767_0,0.23181134,0.47826087,0.23045991,2024-05-06,24767,"{""type"":""MultiPoint"",""coordinates"":[]}"
24768_0,0.06920178,0.51827556,0.08779587,2024-05-06,24768,"{""type"":""MultiPoint"",""coordinates"":[]}"
24775_0,0.06270903,0.5957305,0.032369442,2024-05-06,24775,"{""type"":""MultiPoint"",""coordinates"":[]}"
24789_0,0.21927348,0.70666665,0.22292994,2024-05-06,24789,"{""type"":""MultiPoint"",""coordinates"":[]}"
24799_0,0.1571697,0.6770067,0.1299289,2024-05-06,24799,"{""type"":""MultiPoint"",""coordinates"":[]}"
24805_0,0.23987034,0.6280087,0.22671063,2024-05-06,24805,"{""type"":""MultiPoint"",""coordinates"":[]}"
24807_0,0.1345581,0.38640538,0.13002247,2024-05-06,24807,"{""type"":""MultiPoint"",""coordinates"":[]}"
24808_0,0.18360996,0.23940562,0.17720857,2024-05-06,24808,"{""type"":""MultiPoint"",""coordinates"":[]}"
24811_0,0.28863198,0.7118463,0.26948953,2024-05-06,24811,"{""type"":""MultiPoint"",""coordinates"":[]}"
24812_0,0.22638522,0.38562092,0.22801474,2024-05-06,24812,"{""type"":""MultiPoint"",""coordinates"":[]}"
24813_0,0.22719142,0.5426357,0.22461538,2024-05-06,24813,"{""type"":""MultiPoint"",""coordinates"":[]}"
24815_0,0.18127747,0.54407716,0.17228758,2024-05-06,24815,"{""type"":""MultiPoint"",""coordinates"":[]}"
24818_0,0.26785713,0.12715995,0.2920264,2024-05-06,24818,"{""type"":""MultiPoint"",""coordinates"":[]}"
24819_0,0.26264113,0.17955555,0.2771896,2024-05-06,24819,"{""type"":""MultiPoint"",""coordinates"":[]}"
24824_0,0.24904397,0.11558598,0.27620363,2024-05-06,24824,"{""type"":""MultiPoint"",""coordinates"":[]}"
24825_0,0.24466811,0.09620758,0.270708,2024-05-06,24825,"{""type"":""MultiPoint"",""coordinates"":[]}"
24834_0,0.24052206,0.09225589,0.27792004,2024-05-06,24834,"{""type"":""MultiPoint"",""coordinates"":[]}"
24991_0,0.102106705,0.15968063,0.112494014,2024-05-06,24991,"{""type"":""MultiPoint"",""coordinates"":[]}"
