system:index,NDII,NDVI,NDWI,month,point_id,.geo
0_0,0.11869255,0.5988611,0.08525446,8,2281,"{""type"":""MultiPoint"",""coordinates"":[]}"
1_0,0.21948576,0.76778275,0.17657977,8,17521,"{""type"":""MultiPoint"",""coordinates"":[]}"
2_0,0.26391792,0.808487,0.2386436,8,8779,"{""type"":""MultiPoint"",""coordinates"":[]}"
3_0,0.20821114,0.7505774,0.1650919,8,7251,"{""type"":""MultiPoint"",""coordinates"":[]}"
4_0,0.04115541,0.41892588,-0.081038326,8,12528,"{""type"":""MultiPoint"",""coordinates"":[]}"
5_0,0.21716818,0.6910377,0.13128205,8,341,"{""type"":""MultiPoint"",""coordinates"":[]}"
6_0,0.025032938,0.49792746,-0.011792856,8,14999,"{""type"":""MultiPoint"",""coordinates"":[]}"
7_0,0.08191453,0.5587879,0.0347569,8,4685,"{""type"":""MultiPoint"",""coordinates"":[]}"
8_0,0.26690724,0.7987061,0.20874052,8,18656,"{""type"":""MultiPoint"",""coordinates"":[]}"
9_0,0.070295714,0.74012667,0.05340531,8,18773,"{""type"":""MultiPoint"",""coordinates"":[]}"
10_0,0.050968543,0.6027868,0.008711997,8,2141,"{""type"":""MultiPoint"",""coordinates"":[]}"
11_0,-0.081159,0.37470943,-0.12085625,8,20320,"{""type"":""MultiPoint"",""coordinates"":[]}"
12_0,0.15692209,0.58032835,0.13307428,8,10658,"{""type"":""MultiPoint"",""coordinates"":[]}"
13_0,0.18697883,0.77095395,0.18004566,8,9016,"{""type"":""MultiPoint"",""coordinates"":[]}"
14_0,0.07113259,0.66376495,0.10162497,8,10711,"{""type"":""MultiPoint"",""coordinates"":[]}"
15_0,0.14261757,0.7066084,0.13979977,8,11892,"{""type"":""MultiPoint"",""coordinates"":[]}"
16_0,-0.11318446,0.33548227,-0.14515367,8,8985,"{""type"":""MultiPoint"",""coordinates"":[]}"
17_0,-0.19030698,0.15628298,-0.1855789,8,22173,"{""type"":""MultiPoint"",""coordinates"":[]}"
18_0,0.19750223,0.73326796,0.22233748,8,3698,"{""type"":""MultiPoint"",""coordinates"":[]}"
19_0,0.20971115,0.78027743,0.24197873,8,25097,"{""type"":""MultiPoint"",""coordinates"":[]}"
20_0,0.13265271,0.7373274,0.12206275,8,8465,"{""type"":""MultiPoint"",""coordinates"":[]}"
21_0,0.04601899,0.5848948,-9.489467E-4,8,14324,"{""type"":""MultiPoint"",""coordinates"":[]}"
22_0,0.06269605,0.60085684,0.017675547,8,22223,"{""type"":""MultiPoint"",""coordinates"":[]}"
23_0,0.11771969,0.6504045,0.09816131,8,13864,"{""type"":""MultiPoint"",""coordinates"":[]}"
24_0,-0.10155812,0.33442956,-0.13169008,8,19193,"{""type"":""MultiPoint"",""coordinates"":[]}"
25_0,0.021282157,0.5520476,-0.022649387,8,14630,"{""type"":""MultiPoint"",""coordinates"":[]}"
26_0,0.20382695,0.74181116,0.18288957,8,14455,"{""type"":""MultiPoint"",""coordinates"":[]}"
27_0,0.26890612,0.80806047,0.26306528,8,4165,"{""type"":""MultiPoint"",""coordinates"":[]}"
28_0,0.025504151,0.56709045,-0.016366001,8,18671,"{""type"":""MultiPoint"",""coordinates"":[]}"
29_0,0.27240762,0.8725377,0.24693872,8,8575,"{""type"":""MultiPoint"",""coordinates"":[]}"
30_0,-0.04973038,0.41264182,-0.08602375,8,23889,"{""type"":""MultiPoint"",""coordinates"":[]}"
31_0,0.19682088,0.82373214,0.16906455,8,8589,"{""type"":""MultiPoint"",""coordinates"":[]}"
32_0,0.21199653,0.796591,0.18782137,8,11615,"{""type"":""MultiPoint"",""coordinates"":[]}"
33_0,0.16681981,0.77386,0.15857723,8,16470,"{""type"":""MultiPoint"",""coordinates"":[]}"
34_0,0.040308308,0.6554456,0.008220555,8,12432,"{""type"":""MultiPoint"",""coordinates"":[]}"
35_0,-9.526834E-4,0.48189938,-0.0014370111,8,8039,"{""type"":""MultiPoint"",""coordinates"":[]}"
36_0,-0.049330395,0.4142164,-0.110911705,8,13367,"{""type"":""MultiPoint"",""coordinates"":[]}"
37_0,0.29379916,0.81073576,0.2529321,8,17125,"{""type"":""MultiPoint"",""coordinates"":[]}"
38_0,0.28709394,0.7817003,0.22274412,8,19072,"{""type"":""MultiPoint"",""coordinates"":[]}"
39_0,0.12696648,0.45635128,-0.0016126143,8,17705,"{""type"":""MultiPoint"",""coordinates"":[]}"
40_0,0.07055942,0.5533854,0.030541502,8,15840,"{""type"":""MultiPoint"",""coordinates"":[]}"
41_0,0.038300566,0.57343817,0.003484733,8,15907,"{""type"":""MultiPoint"",""coordinates"":[]}"
42_0,0.02310626,0.52848697,-0.0063955104,8,15050,"{""type"":""MultiPoint"",""coordinates"":[]}"
43_0,0.33569887,0.84070796,0.30615532,8,15526,"{""type"":""MultiPoint"",""coordinates"":[]}"
44_0,0.15573911,0.6196033,0.061770894,8,13474,"{""type"":""MultiPoint"",""coordinates"":[]}"
45_0,0.24694377,0.62677634,0.22156698,8,22904,"{""type"":""MultiPoint"",""coordinates"":[]}"
46_0,0.13355164,0.7644808,0.12424172,8,17257,"{""type"":""MultiPoint"",""coordinates"":[]}"
47_0,-0.08028751,0.27910173,-0.10215827,8,23680,"{""type"":""MultiPoint"",""coordinates"":[]}"
48_0,0.07553427,0.55528903,0.034625817,8,15067,"{""type"":""MultiPoint"",""coordinates"":[]}"
49_0,0.009861987,0.5214121,-0.041117117,8,20268,"{""type"":""MultiPoint"",""coordinates"":[]}"
50_0,0.059061654,0.49545622,0.046629943,8,5076,"{""type"":""MultiPoint"",""coordinates"":[]}"
51_0,0.273956,0.8125465,0.25932536,8,12217,"{""type"":""MultiPoint"",""coordinates"":[]}"
52_0,0.16893543,0.76382047,0.14680648,8,17997,"{""type"":""MultiPoint"",""coordinates"":[]}"
53_0,0.044235025,0.5616936,0.0032116142,8,16659,"{""type"":""MultiPoint"",""coordinates"":[]}"
54_0,-0.04706641,0.48096138,-0.084474124,8,20326,"{""type"":""MultiPoint"",""coordinates"":[]}"
55_0,1.6659615E-4,0.44584522,-0.033514492,8,2171,"{""type"":""MultiPoint"",""coordinates"":[]}"
56_0,0.046025105,0.52577317,0.032531824,8,2767,"{""type"":""MultiPoint"",""coordinates"":[]}"
57_0,0.05204135,0.5812369,0.019139873,8,9987,"{""type"":""MultiPoint"",""coordinates"":[]}"
58_0,0.24075273,0.70532244,0.21961477,8,20736,"{""type"":""MultiPoint"",""coordinates"":[]}"
59_0,-0.019781845,0.5472068,-0.076082714,8,4189,"{""type"":""MultiPoint"",""coordinates"":[]}"
60_0,0.114455596,0.67683285,0.10106086,8,17682,"{""type"":""MultiPoint"",""coordinates"":[]}"
61_0,0.07475623,0.5110906,0.05036659,8,13351,"{""type"":""MultiPoint"",""coordinates"":[]}"
62_0,-0.0963214,0.2113868,-0.17218716,8,18190,"{""type"":""MultiPoint"",""coordinates"":[]}"
63_0,0.18728097,0.59244365,0.0851918,8,15785,"{""type"":""MultiPoint"",""coordinates"":[]}"
64_0,-0.087387964,0.356683,-0.12651302,8,12667,"{""type"":""MultiPoint"",""coordinates"":[]}"
65_0,0.31616923,0.8902411,0.31706518,8,5685,"{""type"":""MultiPoint"",""coordinates"":[]}"
66_0,0.053420447,0.619802,0.009849247,8,10579,"{""type"":""MultiPoint"",""coordinates"":[]}"
67_0,0.11817384,0.4363922,0.10608452,8,20484,"{""type"":""MultiPoint"",""coordinates"":[]}"
68_0,-0.052140392,0.51694614,-0.09385522,8,18337,"{""type"":""MultiPoint"",""coordinates"":[]}"
69_0,0.0011252813,0.5730833,0.03389523,8,21814,"{""type"":""MultiPoint"",""coordinates"":[]}"
70_0,0.008271525,0.43067464,-0.044496883,8,9070,"{""type"":""MultiPoint"",""coordinates"":[]}"
71_0,0.35749173,0.8930373,0.33959514,8,21950,"{""type"":""MultiPoint"",""coordinates"":[]}"
72_0,0.07298445,0.6992626,0.08071509,8,12981,"{""type"":""MultiPoint"",""coordinates"":[]}"
73_0,0.12676634,0.71908855,0.043497365,8,10321,"{""type"":""MultiPoint"",""coordinates"":[]}"
74_0,0.06936352,0.53456503,0.027195342,8,11428,"{""type"":""MultiPoint"",""coordinates"":[]}"
75_0,0.123720944,0.653017,0.09554179,8,8969,"{""type"":""MultiPoint"",""coordinates"":[]}"
76_0,0.2712675,0.814666,0.2676395,8,4202,"{""type"":""MultiPoint"",""coordinates"":[]}"
77_0,0.08933044,0.69736844,0.0854931,8,19878,"{""type"":""MultiPoint"",""coordinates"":[]}"
78_0,-0.009191258,0.41985652,-0.053592462,8,25362,"{""type"":""MultiPoint"",""coordinates"":[]}"
79_0,0.056328695,0.59253067,-0.0019274575,8,312,"{""type"":""MultiPoint"",""coordinates"":[]}"
80_0,0.22361624,0.64205647,0.16750197,8,13730,"{""type"":""MultiPoint"",""coordinates"":[]}"
81_0,0.009507361,0.5566214,-0.01624344,8,5331,"{""type"":""MultiPoint"",""coordinates"":[]}"
82_0,0.21465722,0.7149091,0.17095083,8,13522,"{""type"":""MultiPoint"",""coordinates"":[]}"
83_0,0.10406435,0.6681215,0.067806154,8,4730,"{""type"":""MultiPoint"",""coordinates"":[]}"
84_0,0.06380656,0.5181489,0.053391505,8,8516,"{""type"":""MultiPoint"",""coordinates"":[]}"
85_0,-0.04056063,0.47372264,-0.09725017,8,5034,"{""type"":""MultiPoint"",""coordinates"":[]}"
86_0,0.1760334,0.7376288,0.13177027,8,14533,"{""type"":""MultiPoint"",""coordinates"":[]}"
87_0,0.20779286,0.7656314,0.18826863,8,17211,"{""type"":""MultiPoint"",""coordinates"":[]}"
88_0,0.20381702,0.54972404,0.12512864,8,24941,"{""type"":""MultiPoint"",""coordinates"":[]}"
89_0,-0.03838208,0.53219664,-0.07583118,8,4449,"{""type"":""MultiPoint"",""coordinates"":[]}"
90_0,-0.11124226,0.33236924,-0.15055762,8,8059,"{""type"":""MultiPoint"",""coordinates"":[]}"
91_0,0.063269995,0.4003967,0.039243888,8,16699,"{""type"":""MultiPoint"",""coordinates"":[]}"
92_0,-0.09783973,0.38562456,-0.12511341,8,15510,"{""type"":""MultiPoint"",""coordinates"":[]}"
93_0,-0.016714502,0.4836428,-0.082120396,8,4252,"{""type"":""MultiPoint"",""coordinates"":[]}"
94_0,-0.12081845,0.34991887,-0.15720743,8,21940,"{""type"":""MultiPoint"",""coordinates"":[]}"
95_0,0.016207771,0.5348381,-0.045228217,8,22585,"{""type"":""MultiPoint"",""coordinates"":[]}"
96_0,0.2735728,0.81091267,0.20801641,8,12540,"{""type"":""MultiPoint"",""coordinates"":[]}"
97_0,0.22514457,0.75116825,0.17852975,8,19236,"{""type"":""MultiPoint"",""coordinates"":[]}"
98_0,0.04598157,0.65868443,0.024370192,8,9192,"{""type"":""MultiPoint"",""coordinates"":[]}"
99_0,-0.07580739,0.38700303,-0.059851322,8,7655,"{""type"":""MultiPoint"",""coordinates"":[]}"
100_0,0.016102085,0.5618255,-0.012195766,8,6887,"{""type"":""MultiPoint"",""coordinates"":[]}"
101_0,0.07378965,0.60683763,0.03963995,8,8715,"{""type"":""MultiPoint"",""coordinates"":[]}"
102_0,0.15577206,0.7189036,0.1486077,8,19491,"{""type"":""MultiPoint"",""coordinates"":[]}"
103_0,0.1553698,0.75397795,0.13186602,8,19230,"{""type"":""MultiPoint"",""coordinates"":[]}"
104_0,0.17284796,0.56451803,0.17172106,8,19479,"{""type"":""MultiPoint"",""coordinates"":[]}"
105_0,0.34030044,0.72831535,0.3307868,8,21377,"{""type"":""MultiPoint"",""coordinates"":[]}"
106_0,-0.16659598,0.21824452,-0.19509336,8,397,"{""type"":""MultiPoint"",""coordinates"":[]}"
107_0,0.12495664,0.51176584,0.1419019,8,199,"{""type"":""MultiPoint"",""coordinates"":[]}"
108_0,0.02430872,0.45832393,-0.018474657,8,16248,"{""type"":""MultiPoint"",""coordinates"":[]}"
109_0,-0.022201665,0.4128743,-0.046560336,8,10495,"{""type"":""MultiPoint"",""coordinates"":[]}"
110_0,-0.0893713,0.3345847,-0.1519424,8,21118,"{""type"":""MultiPoint"",""coordinates"":[]}"
111_0,0.29842362,0.85318106,0.27039105,8,14803,"{""type"":""MultiPoint"",""coordinates"":[]}"
112_0,0.13473727,0.6715098,0.11129777,8,14921,"{""type"":""MultiPoint"",""coordinates"":[]}"
113_0,0.16024105,0.7337093,0.13602863,8,20178,"{""type"":""MultiPoint"",""coordinates"":[]}"
114_0,0.034043908,0.47673836,-0.017767347,8,20460,"{""type"":""MultiPoint"",""coordinates"":[]}"
115_0,0.01054513,0.3396276,-0.03634361,8,14976,"{""type"":""MultiPoint"",""coordinates"":[]}"
116_0,0.2531976,0.6447448,0.19349638,8,7889,"{""type"":""MultiPoint"",""coordinates"":[]}"
117_0,0.07299493,0.6586436,0.061114762,8,1056,"{""type"":""MultiPoint"",""coordinates"":[]}"
118_0,-0.07357125,0.44678593,-0.09524142,8,20856,"{""type"":""MultiPoint"",""coordinates"":[]}"
119_0,0.27749455,0.8142021,0.29444835,8,17775,"{""type"":""MultiPoint"",""coordinates"":[]}"
120_0,-0.0027389883,0.52484405,-0.04927718,8,11791,"{""type"":""MultiPoint"",""coordinates"":[]}"
121_0,0.15364319,0.57287157,0.027790643,8,6352,"{""type"":""MultiPoint"",""coordinates"":[]}"
122_0,0.14222087,0.70043004,0.09128679,8,2408,"{""type"":""MultiPoint"",""coordinates"":[]}"
123_0,-0.014853195,0.3468505,-0.07185738,8,21741,"{""type"":""MultiPoint"",""coordinates"":[]}"
124_0,0.055613384,0.5837375,-0.009950756,8,10700,"{""type"":""MultiPoint"",""coordinates"":[]}"
125_0,0.17458594,0.7540778,0.14508855,8,13690,"{""type"":""MultiPoint"",""coordinates"":[]}"
126_0,0.15003882,0.81519294,0.12421513,8,4739,"{""type"":""MultiPoint"",""coordinates"":[]}"
127_0,-0.071326904,0.44170853,-0.07866242,8,21160,"{""type"":""MultiPoint"",""coordinates"":[]}"
128_0,0.09075459,0.6506047,0.06606937,8,10120,"{""type"":""MultiPoint"",""coordinates"":[]}"
129_0,0.08190223,0.713458,0.056789696,8,2136,"{""type"":""MultiPoint"",""coordinates"":[]}"
130_0,0.37083295,0.8392733,0.34408504,8,5407,"{""type"":""MultiPoint"",""coordinates"":[]}"
131_0,0.05517466,0.5394949,-0.0022594153,8,6267,"{""type"":""MultiPoint"",""coordinates"":[]}"
132_0,0.09522951,0.6692194,0.06797259,8,7536,"{""type"":""MultiPoint"",""coordinates"":[]}"
133_0,0.118509725,0.7367357,0.087444276,8,15356,"{""type"":""MultiPoint"",""coordinates"":[]}"
134_0,0.0073817717,0.51453525,-0.021647193,8,21440,"{""type"":""MultiPoint"",""coordinates"":[]}"
135_0,0.064857244,0.69774103,0.002819019,8,20340,"{""type"":""MultiPoint"",""coordinates"":[]}"
136_0,0.09243749,0.63265365,0.04629141,8,13723,"{""type"":""MultiPoint"",""coordinates"":[]}"
137_0,0.015542328,0.51843697,-0.028863076,8,8769,"{""type"":""MultiPoint"",""coordinates"":[]}"
138_0,0.14056674,0.70077795,0.11431316,8,10507,"{""type"":""MultiPoint"",""coordinates"":[]}"
139_0,0.04608271,0.48802334,-0.017741544,8,25085,"{""type"":""MultiPoint"",""coordinates"":[]}"
140_0,-0.2017475,0.103265226,-0.29849195,8,10821,"{""type"":""MultiPoint"",""coordinates"":[]}"
141_0,-0.0022345332,0.5320082,-0.020611443,8,12398,"{""type"":""MultiPoint"",""coordinates"":[]}"
142_0,-0.061828274,0.2955695,-0.099103175,8,22980,"{""type"":""MultiPoint"",""coordinates"":[]}"
143_0,0.17340416,0.73278,0.17668238,8,21105,"{""type"":""MultiPoint"",""coordinates"":[]}"
144_0,0.20610407,0.72654855,0.15860842,8,3488,"{""type"":""MultiPoint"",""coordinates"":[]}"
145_0,0.2572072,0.7538288,0.21187213,8,1940,"{""type"":""MultiPoint"",""coordinates"":[]}"
146_0,0.1724138,0.6055928,0.11578947,8,4978,"{""type"":""MultiPoint"",""coordinates"":[]}"
147_0,-0.0015994882,0.4511487,-0.043912176,8,17475,"{""type"":""MultiPoint"",""coordinates"":[]}"
148_0,0.10579094,0.56459564,0.08225783,8,1346,"{""type"":""MultiPoint"",""coordinates"":[]}"
149_0,-0.11266379,0.5408688,-0.13711299,8,20904,"{""type"":""MultiPoint"",""coordinates"":[]}"
150_0,0.11958927,0.68560207,0.06638836,8,4990,"{""type"":""MultiPoint"",""coordinates"":[]}"
151_0,-0.081345215,0.44174638,-0.11649911,8,19058,"{""type"":""MultiPoint"",""coordinates"":[]}"
152_0,0.05126429,0.6055633,0.021958243,8,7500,"{""type"":""MultiPoint"",""coordinates"":[]}"
153_0,0.22795957,0.7684066,0.2068621,8,3023,"{""type"":""MultiPoint"",""coordinates"":[]}"
154_0,-0.06017192,0.37513632,-0.11150255,8,8672,"{""type"":""MultiPoint"",""coordinates"":[]}"
155_0,-0.00814603,0.58024,-0.054030776,8,20951,"{""type"":""MultiPoint"",""coordinates"":[]}"
156_0,0.1208215,0.71311194,0.10398924,8,5835,"{""type"":""MultiPoint"",""coordinates"":[]}"
157_0,0.15499145,0.6839203,0.13043596,8,10019,"{""type"":""MultiPoint"",""coordinates"":[]}"
158_0,0.06033963,0.437373,-0.06872785,8,18630,"{""type"":""MultiPoint"",""coordinates"":[]}"
159_0,0.24466811,0.6621813,0.20606372,8,3000,"{""type"":""MultiPoint"",""coordinates"":[]}"
160_0,-0.002548853,0.36407766,-0.024938531,8,23490,"{""type"":""MultiPoint"",""coordinates"":[]}"
161_0,0.09069007,0.70522106,0.13101867,8,21795,"{""type"":""MultiPoint"",""coordinates"":[]}"
162_0,-0.020355767,0.6276276,-0.062861405,8,8468,"{""type"":""MultiPoint"",""coordinates"":[]}"
163_0,0.25329727,0.80020237,0.25149074,8,18055,"{""type"":""MultiPoint"",""coordinates"":[]}"
164_0,0.041771628,0.4477348,0.03702898,8,25158,"{""type"":""MultiPoint"",""coordinates"":[]}"
165_0,0.09769898,0.46651202,0.02347418,8,5843,"{""type"":""MultiPoint"",""coordinates"":[]}"
166_0,0.21290469,0.7763983,0.16636877,8,6087,"{""type"":""MultiPoint"",""coordinates"":[]}"
167_0,0.053367004,0.56782144,0.011071034,8,10772,"{""type"":""MultiPoint"",""coordinates"":[]}"
168_0,0.20347276,0.65543836,0.20775679,8,24404,"{""type"":""MultiPoint"",""coordinates"":[]}"
169_0,0.1082106,0.6436923,0.11625781,8,20606,"{""type"":""MultiPoint"",""coordinates"":[]}"
170_0,0.063402325,0.59980863,0.030202445,8,2435,"{""type"":""MultiPoint"",""coordinates"":[]}"
171_0,-0.016679926,0.5387459,-0.051800966,8,13260,"{""type"":""MultiPoint"",""coordinates"":[]}"
172_0,-0.015164794,0.45166597,-0.042900544,8,10824,"{""type"":""MultiPoint"",""coordinates"":[]}"
173_0,0.07472485,0.6589246,0.044657096,8,16334,"{""type"":""MultiPoint"",""coordinates"":[]}"
174_0,0.25627142,0.6880391,0.23966621,8,24844,"{""type"":""MultiPoint"",""coordinates"":[]}"
175_0,0.2215764,0.71488553,0.2081654,8,24485,"{""type"":""MultiPoint"",""coordinates"":[]}"
176_0,0.14008735,0.7041928,0.11217727,8,5219,"{""type"":""MultiPoint"",""coordinates"":[]}"
177_0,0.18335055,0.7283805,0.17042126,8,16494,"{""type"":""MultiPoint"",""coordinates"":[]}"
178_0,0.073830105,0.61411107,0.021155832,8,11921,"{""type"":""MultiPoint"",""coordinates"":[]}"
179_0,0.025673045,0.45924452,-0.04374886,8,5218,"{""type"":""MultiPoint"",""coordinates"":[]}"
180_0,0.15963823,0.653564,0.13196966,8,21617,"{""type"":""MultiPoint"",""coordinates"":[]}"
181_0,-0.0031650846,0.35789245,-0.039024625,8,25136,"{""type"":""MultiPoint"",""coordinates"":[]}"
182_0,0.080400676,0.53975135,0.020810308,8,6248,"{""type"":""MultiPoint"",""coordinates"":[]}"
183_0,0.0073974445,0.6232858,-0.02678261,8,14074,"{""type"":""MultiPoint"",""coordinates"":[]}"
184_0,0.15208717,0.7553307,0.1146966,8,15331,"{""type"":""MultiPoint"",""coordinates"":[]}"
185_0,-0.060449068,0.39010432,-0.034128696,8,3995,"{""type"":""MultiPoint"",""coordinates"":[]}"
186_0,0.12597027,0.6076163,0.13311411,8,20218,"{""type"":""MultiPoint"",""coordinates"":[]}"
187_0,-0.019177238,0.48534986,-0.0821273,8,16485,"{""type"":""MultiPoint"",""coordinates"":[]}"
188_0,0.11909905,0.62060463,0.07840645,8,19886,"{""type"":""MultiPoint"",""coordinates"":[]}"
189_0,0.086989604,0.5987073,0.0455345,8,14405,"{""type"":""MultiPoint"",""coordinates"":[]}"
190_0,-0.072216675,0.4456544,-0.11651416,8,15448,"{""type"":""MultiPoint"",""coordinates"":[]}"
191_0,-0.027218316,0.47557285,-0.06807099,8,19160,"{""type"":""MultiPoint"",""coordinates"":[]}"
192_0,0.06733291,0.45073205,0.019618878,8,17177,"{""type"":""MultiPoint"",""coordinates"":[]}"
193_0,-0.06493961,0.45242596,-0.11871535,8,5466,"{""type"":""MultiPoint"",""coordinates"":[]}"
194_0,0.051198088,0.49321336,0.05357971,8,17292,"{""type"":""MultiPoint"",""coordinates"":[]}"
195_0,0.17757447,0.6422647,0.15671831,8,25524,"{""type"":""MultiPoint"",""coordinates"":[]}"
196_0,0.09643723,0.55335855,0.065316655,8,14724,"{""type"":""MultiPoint"",""coordinates"":[]}"
197_0,0.13333745,0.68245375,0.09154167,8,16756,"{""type"":""MultiPoint"",""coordinates"":[]}"
198_0,0.14110129,0.7952041,0.123573,8,10820,"{""type"":""MultiPoint"",""coordinates"":[]}"
199_0,0.13422222,0.72694486,0.12141439,8,3843,"{""type"":""MultiPoint"",""coordinates"":[]}"
200_0,-0.058919348,0.38937995,-0.10360246,8,4085,"{""type"":""MultiPoint"",""coordinates"":[]}"
201_0,-0.0047326908,0.4668516,-0.04029038,8,19777,"{""type"":""MultiPoint"",""coordinates"":[]}"
202_0,0.10472813,0.56845516,0.09142312,8,230,"{""type"":""MultiPoint"",""coordinates"":[]}"
203_0,0.13685551,0.64137155,0.081681795,8,8868,"{""type"":""MultiPoint"",""coordinates"":[]}"
204_0,0.051441118,0.48386505,0.043284018,8,3919,"{""type"":""MultiPoint"",""coordinates"":[]}"
205_0,-0.05045119,0.52170867,-0.08196029,8,2505,"{""type"":""MultiPoint"",""coordinates"":[]}"
206_0,0.08676002,0.64167255,0.04560019,8,11387,"{""type"":""MultiPoint"",""coordinates"":[]}"
207_0,0.300048,0.7526178,0.29582226,8,7627,"{""type"":""MultiPoint"",""coordinates"":[]}"
208_0,0.07111017,0.4735294,0.058748942,8,3113,"{""type"":""MultiPoint"",""coordinates"":[]}"
209_0,-0.033313144,0.41257706,-0.092378385,8,19653,"{""type"":""MultiPoint"",""coordinates"":[]}"
210_0,-0.14015011,0.35261014,-0.18570657,8,2501,"{""type"":""MultiPoint"",""coordinates"":[]}"
211_0,-0.12208155,0.2573682,-0.1438145,8,24481,"{""type"":""MultiPoint"",""coordinates"":[]}"
212_0,0.15282749,0.7562623,0.13723347,8,21956,"{""type"":""MultiPoint"",""coordinates"":[]}"
213_0,0.035711974,0.59633696,-0.038677424,8,20982,"{""type"":""MultiPoint"",""coordinates"":[]}"
214_0,0.23461741,0.7198663,0.22650397,8,7706,"{""type"":""MultiPoint"",""coordinates"":[]}"
215_0,0.10656934,0.53876853,0.046850998,8,6388,"{""type"":""MultiPoint"",""coordinates"":[]}"
216_0,-0.023126762,0.44410914,-0.06958523,8,8192,"{""type"":""MultiPoint"",""coordinates"":[]}"
217_0,0.26880467,0.6730199,0.21364342,8,7932,"{""type"":""MultiPoint"",""coordinates"":[]}"
218_0,0.2089562,0.5828598,0.18094523,8,24563,"{""type"":""MultiPoint"",""coordinates"":[]}"
219_0,-0.11895425,0.42374006,-0.17076983,8,9508,"{""type"":""MultiPoint"",""coordinates"":[]}"
220_0,0.12134503,0.57398754,0.0833757,8,12417,"{""type"":""MultiPoint"",""coordinates"":[]}"
221_0,3.4423408E-4,0.5668627,-0.004439891,8,22683,"{""type"":""MultiPoint"",""coordinates"":[]}"
222_0,0.18617816,0.7637083,0.1484056,8,7515,"{""type"":""MultiPoint"",""coordinates"":[]}"
223_0,0.1923664,0.6891519,0.15009232,8,866,"{""type"":""MultiPoint"",""coordinates"":[]}"
224_0,0.020584675,0.5338983,-0.017016655,8,18586,"{""type"":""MultiPoint"",""coordinates"":[]}"
225_0,-0.18168628,0.3420583,-0.23369566,8,5365,"{""type"":""MultiPoint"",""coordinates"":[]}"
226_0,0.043934427,0.48454964,0.012863914,8,3874,"{""type"":""MultiPoint"",""coordinates"":[]}"
227_0,0.11794615,0.66951144,0.0989581,8,17156,"{""type"":""MultiPoint"",""coordinates"":[]}"
228_0,0.18060514,0.7273292,0.14020903,8,12747,"{""type"":""MultiPoint"",""coordinates"":[]}"
229_0,0.074842714,0.5665772,0.05045299,8,25147,"{""type"":""MultiPoint"",""coordinates"":[]}"
230_0,0.09349551,0.61718786,0.060350467,8,6698,"{""type"":""MultiPoint"",""coordinates"":[]}"
231_0,0.17275813,0.70923096,0.18906921,8,14581,"{""type"":""MultiPoint"",""coordinates"":[]}"
232_0,0.15443946,0.49726477,0.078600116,8,14371,"{""type"":""MultiPoint"",""coordinates"":[]}"
233_0,0.0910128,0.56758356,0.04859616,8,13310,"{""type"":""MultiPoint"",""coordinates"":[]}"
234_0,0.07163573,0.61297905,0.040181957,8,22630,"{""type"":""MultiPoint"",""coordinates"":[]}"
235_0,0.025696317,0.4484375,0.012745813,8,18682,"{""type"":""MultiPoint"",""coordinates"":[]}"
236_0,0.086916074,0.74392545,0.066951565,8,9272,"{""type"":""MultiPoint"",""coordinates"":[]}"
237_0,0.034071453,0.6145486,0.0014047354,8,16504,"{""type"":""MultiPoint"",""coordinates"":[]}"
238_0,0.19013822,0.7886879,0.1889313,8,15637,"{""type"":""MultiPoint"",""coordinates"":[]}"
239_0,0.08301165,0.66636926,0.05167649,8,19439,"{""type"":""MultiPoint"",""coordinates"":[]}"
240_0,0.011428571,0.4879121,-0.010956903,8,15508,"{""type"":""MultiPoint"",""coordinates"":[]}"
241_0,0.015416667,0.46215266,-0.011125375,8,963,"{""type"":""MultiPoint"",""coordinates"":[]}"
242_0,0.11498708,0.6031941,0.1068043,8,5923,"{""type"":""MultiPoint"",""coordinates"":[]}"
243_0,6.096322E-4,0.4520202,-0.034112852,8,8351,"{""type"":""MultiPoint"",""coordinates"":[]}"
244_0,0.17716141,0.64188445,0.13765983,8,13033,"{""type"":""MultiPoint"",""coordinates"":[]}"
245_0,-0.09958437,0.4735294,-0.14109378,8,21039,"{""type"":""MultiPoint"",""coordinates"":[]}"
246_0,-0.14263637,0.32826748,-0.17738853,8,20295,"{""type"":""MultiPoint"",""coordinates"":[]}"
247_0,0.048592493,0.6018418,0.024322925,8,11995,"{""type"":""MultiPoint"",""coordinates"":[]}"
248_0,0.27195075,0.823515,0.2371845,8,6663,"{""type"":""MultiPoint"",""coordinates"":[]}"
249_0,0.026841722,0.5718819,0.010118022,8,3455,"{""type"":""MultiPoint"",""coordinates"":[]}"
250_0,-0.19999903,0.25567895,-0.23902805,8,23494,"{""type"":""MultiPoint"",""coordinates"":[]}"
251_0,0.06867684,0.64133334,0.056125768,8,20765,"{""type"":""MultiPoint"",""coordinates"":[]}"
252_0,0.15405926,0.64461964,0.10027766,8,24075,"{""type"":""MultiPoint"",""coordinates"":[]}"
253_0,0.039311558,0.40010798,0.038392678,8,14754,"{""type"":""MultiPoint"",""coordinates"":[]}"
254_0,0.012639813,0.4407024,-0.018279888,8,3058,"{""type"":""MultiPoint"",""coordinates"":[]}"
255_0,-0.2628595,0.15421952,-0.2794938,8,20686,"{""type"":""MultiPoint"",""coordinates"":[]}"
256_0,0.1600852,0.74290305,0.12889045,8,8944,"{""type"":""MultiPoint"",""coordinates"":[]}"
257_0,0.03734193,0.4517849,0.005737338,8,23619,"{""type"":""MultiPoint"",""coordinates"":[]}"
258_0,-0.07140925,0.06891102,-0.13401215,8,11786,"{""type"":""MultiPoint"",""coordinates"":[]}"
259_0,0.12477541,0.62872726,0.08311518,8,7893,"{""type"":""MultiPoint"",""coordinates"":[]}"
260_0,0.05746858,0.61748075,0.026798205,8,20024,"{""type"":""MultiPoint"",""coordinates"":[]}"
261_0,-0.104060315,0.34534505,-0.13404578,8,4745,"{""type"":""MultiPoint"",""coordinates"":[]}"
262_0,-0.016037999,0.35254663,-0.014786754,8,9724,"{""type"":""MultiPoint"",""coordinates"":[]}"
263_0,0.042299602,0.6561514,0.0061229486,8,2213,"{""type"":""MultiPoint"",""coordinates"":[]}"
264_0,-0.07105493,0.46721008,-0.10253534,8,1122,"{""type"":""MultiPoint"",""coordinates"":[]}"
265_0,0.076199904,0.63556,0.026508199,8,6253,"{""type"":""MultiPoint"",""coordinates"":[]}"
266_0,0.27893177,0.8326298,0.26651135,8,12244,"{""type"":""MultiPoint"",""coordinates"":[]}"
267_0,0.05752397,0.5833627,-0.0061646854,8,6920,"{""type"":""MultiPoint"",""coordinates"":[]}"
268_0,0.008469569,0.47667938,-0.008009612,8,18568,"{""type"":""MultiPoint"",""coordinates"":[]}"
269_0,0.28171188,0.545961,0.13019842,8,23206,"{""type"":""MultiPoint"",""coordinates"":[]}"
270_0,0.053307865,0.6374373,0.016352648,8,7204,"{""type"":""MultiPoint"",""coordinates"":[]}"
271_0,0.17669544,0.7117542,0.14598748,8,11682,"{""type"":""MultiPoint"",""coordinates"":[]}"
272_0,0.36264536,0.71828175,0.3350805,8,13555,"{""type"":""MultiPoint"",""coordinates"":[]}"
273_0,0.12634255,0.7169747,0.09082463,8,25463,"{""type"":""MultiPoint"",""coordinates"":[]}"
274_0,0.25755006,0.8072175,0.27743235,8,14814,"{""type"":""MultiPoint"",""coordinates"":[]}"
275_0,0.11061722,0.7195141,0.10539851,8,24508,"{""type"":""MultiPoint"",""coordinates"":[]}"
276_0,0.29632923,0.85188234,0.2787364,8,16431,"{""type"":""MultiPoint"",""coordinates"":[]}"
277_0,0.19821578,0.66987044,0.1639965,8,2748,"{""type"":""MultiPoint"",""coordinates"":[]}"
278_0,-0.1147842,0.45099315,-0.12228312,8,3706,"{""type"":""MultiPoint"",""coordinates"":[]}"
279_0,0.13584796,0.5695246,0.089046255,8,9811,"{""type"":""MultiPoint"",""coordinates"":[]}"
280_0,0.09551159,0.5260978,0.068625435,8,18861,"{""type"":""MultiPoint"",""coordinates"":[]}"
281_0,-0.070981525,0.39662436,-0.09714206,8,6868,"{""type"":""MultiPoint"",""coordinates"":[]}"
282_0,-0.10245821,0.4176693,-0.14454879,8,19839,"{""type"":""MultiPoint"",""coordinates"":[]}"
283_0,-0.17266913,0.2910173,-0.20930232,8,19646,"{""type"":""MultiPoint"",""coordinates"":[]}"
284_0,0.015096816,0.5281326,-0.03781229,8,16787,"{""type"":""MultiPoint"",""coordinates"":[]}"
285_0,0.061194707,0.66950995,0.046009704,8,9278,"{""type"":""MultiPoint"",""coordinates"":[]}"
286_0,0.12957098,0.6775592,0.08422358,8,18697,"{""type"":""MultiPoint"",""coordinates"":[]}"
287_0,0.24458325,0.8115313,0.20321186,8,12146,"{""type"":""MultiPoint"",""coordinates"":[]}"
288_0,-0.0012033695,0.51118666,-0.057909604,8,18571,"{""type"":""MultiPoint"",""coordinates"":[]}"
289_0,0.24449039,0.81144625,0.20363884,8,4618,"{""type"":""MultiPoint"",""coordinates"":[]}"
290_0,0.20959938,0.74991435,0.13992412,8,5653,"{""type"":""MultiPoint"",""coordinates"":[]}"
291_0,-0.0029486928,0.49570552,-0.02119534,8,14941,"{""type"":""MultiPoint"",""coordinates"":[]}"
292_0,0.04053787,0.563469,-0.0047482736,8,13215,"{""type"":""MultiPoint"",""coordinates"":[]}"
293_0,0.12033833,0.6196841,0.08715875,8,17917,"{""type"":""MultiPoint"",""coordinates"":[]}"
294_0,0.037924048,0.5866252,-0.013093224,8,17846,"{""type"":""MultiPoint"",""coordinates"":[]}"
295_0,-0.015755959,0.47602025,-0.049669355,8,1510,"{""type"":""MultiPoint"",""coordinates"":[]}"
296_0,0.0021172976,0.58179164,-0.027122265,8,13804,"{""type"":""MultiPoint"",""coordinates"":[]}"
297_0,0.16827922,0.67641276,0.13453339,8,10404,"{""type"":""MultiPoint"",""coordinates"":[]}"
298_0,-0.002509168,0.4779366,-0.04708022,8,13684,"{""type"":""MultiPoint"",""coordinates"":[]}"
299_0,-0.015180807,0.29924244,-0.028368402,8,2874,"{""type"":""MultiPoint"",""coordinates"":[]}"
300_0,-0.08834114,0.36122409,-0.15547186,8,24955,"{""type"":""MultiPoint"",""coordinates"":[]}"
301_0,0.0491206,0.5148694,0.017650845,8,14340,"{""type"":""MultiPoint"",""coordinates"":[]}"
302_0,0.0041370722,0.38534275,0.008237427,8,11811,"{""type"":""MultiPoint"",""coordinates"":[]}"
303_0,0.15439081,0.7062133,0.11108402,8,11497,"{""type"":""MultiPoint"",""coordinates"":[]}"
304_0,0.109204106,0.61564535,0.08645069,8,7497,"{""type"":""MultiPoint"",""coordinates"":[]}"
305_0,0.25969416,0.81300944,0.22564922,8,19969,"{""type"":""MultiPoint"",""coordinates"":[]}"
306_0,0.060723078,0.6704344,0.026872946,8,3662,"{""type"":""MultiPoint"",""coordinates"":[]}"
307_0,-0.18290062,0.35628796,-0.20144686,8,19125,"{""type"":""MultiPoint"",""coordinates"":[]}"
308_0,0.13513513,0.6263622,0.0928484,8,16780,"{""type"":""MultiPoint"",""coordinates"":[]}"
309_0,0.052171666,0.5603369,0.0014524197,8,7290,"{""type"":""MultiPoint"",""coordinates"":[]}"
310_0,-0.12413488,0.2732228,-0.16328359,8,22545,"{""type"":""MultiPoint"",""coordinates"":[]}"
311_0,0.33563647,0.72281116,0.26564753,8,11038,"{""type"":""MultiPoint"",""coordinates"":[]}"
312_0,0.001775733,0.6985633,-0.03661792,8,24502,"{""type"":""MultiPoint"",""coordinates"":[]}"
313_0,0.12596402,0.7373152,0.095229045,8,14787,"{""type"":""MultiPoint"",""coordinates"":[]}"
314_0,0.1990225,0.7764848,0.16407615,8,16657,"{""type"":""MultiPoint"",""coordinates"":[]}"
315_0,0.22475424,0.7621145,0.22137405,8,1765,"{""type"":""MultiPoint"",""coordinates"":[]}"
316_0,-0.0047983,0.4918726,-0.049224794,8,11142,"{""type"":""MultiPoint"",""coordinates"":[]}"
317_0,0.18342403,0.74275035,0.14156674,8,3931,"{""type"":""MultiPoint"",""coordinates"":[]}"
318_0,-0.046674326,0.47359017,-0.095592745,8,18116,"{""type"":""MultiPoint"",""coordinates"":[]}"
319_0,-0.03775188,0.5127758,-0.052529495,8,9812,"{""type"":""MultiPoint"",""coordinates"":[]}"
320_0,0.014425851,0.46124145,-0.018496655,8,12781,"{""type"":""MultiPoint"",""coordinates"":[]}"
321_0,0.056871273,0.55620724,0.022157054,8,4178,"{""type"":""MultiPoint"",""coordinates"":[]}"
322_0,0.17828162,0.7281116,0.15945986,8,20653,"{""type"":""MultiPoint"",""coordinates"":[]}"
323_0,0.14114863,0.7427712,0.122898795,8,13594,"{""type"":""MultiPoint"",""coordinates"":[]}"
324_0,-0.05387071,0.49447414,-0.12938733,8,2564,"{""type"":""MultiPoint"",""coordinates"":[]}"
325_0,0.22457467,0.7584973,0.1796,8,16899,"{""type"":""MultiPoint"",""coordinates"":[]}"
326_0,0.13145049,0.7299035,0.11004127,8,19340,"{""type"":""MultiPoint"",""coordinates"":[]}"
327_0,0.13945074,0.44250882,0.1399861,8,733,"{""type"":""MultiPoint"",""coordinates"":[]}"
328_0,0.075743765,0.65812075,0.040844347,8,3594,"{""type"":""MultiPoint"",""coordinates"":[]}"
329_0,0.09976813,0.5972844,0.040411398,8,8170,"{""type"":""MultiPoint"",""coordinates"":[]}"
330_0,-0.053872604,0.46355686,-0.06375042,8,17084,"{""type"":""MultiPoint"",""coordinates"":[]}"
331_0,-0.06783498,0.4547342,-0.10275892,8,25413,"{""type"":""MultiPoint"",""coordinates"":[]}"
332_0,0.03950039,0.6171875,-0.027843006,8,20321,"{""type"":""MultiPoint"",""coordinates"":[]}"
333_0,0.06936791,0.6110082,0.029247675,8,2362,"{""type"":""MultiPoint"",""coordinates"":[]}"
334_0,0.08488146,0.471663,0.040908314,8,19490,"{""type"":""MultiPoint"",""coordinates"":[]}"
335_0,0.10132487,0.74922794,0.10149254,8,24209,"{""type"":""MultiPoint"",""coordinates"":[]}"
336_0,0.25939208,0.7790097,0.20769025,8,17510,"{""type"":""MultiPoint"",""coordinates"":[]}"
337_0,0.020152476,0.6023691,-0.04312007,8,18809,"{""type"":""MultiPoint"",""coordinates"":[]}"
338_0,0.0020230124,0.46738827,-0.046636365,8,25428,"{""type"":""MultiPoint"",""coordinates"":[]}"
339_0,0.071629696,0.48294258,0.05739585,8,22727,"{""type"":""MultiPoint"",""coordinates"":[]}"
340_0,0.30558515,0.65385205,0.277949,8,2662,"{""type"":""MultiPoint"",""coordinates"":[]}"
341_0,0.1313529,0.69947886,0.100190476,8,18634,"{""type"":""MultiPoint"",""coordinates"":[]}"
342_0,-0.013175365,0.5213847,-0.049226753,8,17129,"{""type"":""MultiPoint"",""coordinates"":[]}"
343_0,0.22504288,0.7408093,0.18594594,8,18451,"{""type"":""MultiPoint"",""coordinates"":[]}"
344_0,0.12163224,0.66238636,0.09624165,8,12848,"{""type"":""MultiPoint"",""coordinates"":[]}"
345_0,5.8811996E-4,0.42449105,-0.043655653,8,14750,"{""type"":""MultiPoint"",""coordinates"":[]}"
346_0,-0.07700535,0.37416315,-0.13127479,8,1889,"{""type"":""MultiPoint"",""coordinates"":[]}"
347_0,-0.11330778,0.45322996,-0.15011959,8,24994,"{""type"":""MultiPoint"",""coordinates"":[]}"
348_0,0.20780115,0.6934593,0.15816575,8,9380,"{""type"":""MultiPoint"",""coordinates"":[]}"
349_0,-0.007675906,0.42160493,-0.027418293,8,13836,"{""type"":""MultiPoint"",""coordinates"":[]}"
350_0,0.1554858,0.7617421,0.13660356,8,1045,"{""type"":""MultiPoint"",""coordinates"":[]}"
351_0,-0.023982275,0.45986795,-0.03863994,8,1822,"{""type"":""MultiPoint"",""coordinates"":[]}"
352_0,0.044945795,0.5602006,0.041622885,8,20126,"{""type"":""MultiPoint"",""coordinates"":[]}"
353_0,0.083609216,0.692055,0.032118626,8,3064,"{""type"":""MultiPoint"",""coordinates"":[]}"
354_0,0.34067166,0.806496,0.3385183,8,24381,"{""type"":""MultiPoint"",""coordinates"":[]}"
355_0,-0.05424842,0.3823377,-0.0760252,8,1743,"{""type"":""MultiPoint"",""coordinates"":[]}"
356_0,0.08400014,0.67913353,0.03998692,8,5516,"{""type"":""MultiPoint"",""coordinates"":[]}"
357_0,0.12599005,0.6891705,0.10832631,8,6011,"{""type"":""MultiPoint"",""coordinates"":[]}"
358_0,0.03692652,0.57996964,0.0077843172,8,17004,"{""type"":""MultiPoint"",""coordinates"":[]}"
359_0,0.029433737,0.4813475,0.0208746,8,20338,"{""type"":""MultiPoint"",""coordinates"":[]}"
360_0,0.19504912,0.78019893,0.17608647,8,22719,"{""type"":""MultiPoint"",""coordinates"":[]}"
361_0,-0.03511655,0.33361337,-0.06547463,8,22812,"{""type"":""MultiPoint"",""coordinates"":[]}"
362_0,0.23272811,0.81465906,0.23587893,8,6020,"{""type"":""MultiPoint"",""coordinates"":[]}"
363_0,0.094750255,0.45461982,0.048196178,8,6948,"{""type"":""MultiPoint"",""coordinates"":[]}"
364_0,-0.040823758,0.1681107,-0.0817879,8,22200,"{""type"":""MultiPoint"",""coordinates"":[]}"
365_0,0.081987925,0.6010817,0.027466558,8,18365,"{""type"":""MultiPoint"",""coordinates"":[]}"
366_0,0.06147898,0.63257015,0.016131982,8,17593,"{""type"":""MultiPoint"",""coordinates"":[]}"
367_0,0.058833517,0.5760497,-0.00692259,8,2905,"{""type"":""MultiPoint"",""coordinates"":[]}"
368_0,-0.14013977,0.27852485,-0.18146537,8,14841,"{""type"":""MultiPoint"",""coordinates"":[]}"
369_0,0.25445026,0.87091374,0.2414081,8,15334,"{""type"":""MultiPoint"",""coordinates"":[]}"
370_0,-0.0409823,0.3835142,-0.03804784,8,16449,"{""type"":""MultiPoint"",""coordinates"":[]}"
371_0,0.15986769,0.70647776,0.14073072,8,24268,"{""type"":""MultiPoint"",""coordinates"":[]}"
372_0,0.104450576,0.60306257,0.093505055,8,6279,"{""type"":""MultiPoint"",""coordinates"":[]}"
373_0,-0.0069415793,0.42832768,-0.076979846,8,1483,"{""type"":""MultiPoint"",""coordinates"":[]}"
374_0,0.13964853,0.73788756,0.106141694,8,22856,"{""type"":""MultiPoint"",""coordinates"":[]}"
375_0,0.119260915,0.5499118,0.18539616,8,6919,"{""type"":""MultiPoint"",""coordinates"":[]}"
376_0,0.040542882,0.5425806,0.016443335,8,18072,"{""type"":""MultiPoint"",""coordinates"":[]}"
377_0,0.23853476,0.70943075,0.21534279,8,14710,"{""type"":""MultiPoint"",""coordinates"":[]}"
378_0,0.018249134,0.56480837,-0.0070754,8,22174,"{""type"":""MultiPoint"",""coordinates"":[]}"
379_0,0.16169327,0.71316206,0.12752339,8,8069,"{""type"":""MultiPoint"",""coordinates"":[]}"
380_0,-0.19950008,0.280745,-0.2402437,8,2034,"{""type"":""MultiPoint"",""coordinates"":[]}"
381_0,0.20039944,0.812563,0.17791465,8,12140,"{""type"":""MultiPoint"",""coordinates"":[]}"
382_0,0.14033496,0.71351653,0.11716153,8,11250,"{""type"":""MultiPoint"",""coordinates"":[]}"
383_0,0.14064915,0.6301908,0.074533015,8,13506,"{""type"":""MultiPoint"",""coordinates"":[]}"
384_0,-0.08066384,0.43495664,-0.13510254,8,8298,"{""type"":""MultiPoint"",""coordinates"":[]}"
385_0,0.10826116,0.62371296,0.08890072,8,21258,"{""type"":""MultiPoint"",""coordinates"":[]}"
386_0,0.14068289,0.6396585,0.09597619,8,2683,"{""type"":""MultiPoint"",""coordinates"":[]}"
387_0,0.14531478,0.75286174,0.11626168,8,11932,"{""type"":""MultiPoint"",""coordinates"":[]}"
388_0,-0.06278115,0.34652862,-0.0969011,8,17624,"{""type"":""MultiPoint"",""coordinates"":[]}"
389_0,0.08584126,0.7203536,0.041404292,8,16746,"{""type"":""MultiPoint"",""coordinates"":[]}"
390_0,0.31841654,0.84371185,0.3272727,8,3639,"{""type"":""MultiPoint"",""coordinates"":[]}"
391_0,-0.053799674,0.4379355,-0.0915,8,22429,"{""type"":""MultiPoint"",""coordinates"":[]}"
392_0,-0.04491726,0.4969946,-0.08701524,8,12859,"{""type"":""MultiPoint"",""coordinates"":[]}"
393_0,0.16891569,0.7205205,0.16840446,8,22966,"{""type"":""MultiPoint"",""coordinates"":[]}"
394_0,0.106157176,0.7244935,0.08085842,8,14649,"{""type"":""MultiPoint"",""coordinates"":[]}"
395_0,0.07310802,0.6248602,0.07026523,8,25106,"{""type"":""MultiPoint"",""coordinates"":[]}"
396_0,0.12898654,0.69870716,0.091763005,8,8654,"{""type"":""MultiPoint"",""coordinates"":[]}"
397_0,0.210171,0.6406065,0.20219907,8,2885,"{""type"":""MultiPoint"",""coordinates"":[]}"
398_0,0.06474069,0.5362657,-0.004632203,8,4343,"{""type"":""MultiPoint"",""coordinates"":[]}"
399_0,0.037636556,0.59566444,-0.009275492,8,17967,"{""type"":""MultiPoint"",""coordinates"":[]}"
400_0,0.030985689,0.4786752,-0.019798575,8,19796,"{""type"":""MultiPoint"",""coordinates"":[]}"
401_0,0.10753434,0.35879585,0.13116305,8,11215,"{""type"":""MultiPoint"",""coordinates"":[]}"
402_0,0.13335398,0.6860668,0.09743654,8,19941,"{""type"":""MultiPoint"",""coordinates"":[]}"
403_0,-0.09967736,0.50691825,-0.14944977,8,18497,"{""type"":""MultiPoint"",""coordinates"":[]}"
404_0,0.18873651,0.7587199,0.14212692,8,11251,"{""type"":""MultiPoint"",""coordinates"":[]}"
405_0,0.2605322,0.7351261,0.2265457,8,2587,"{""type"":""MultiPoint"",""coordinates"":[]}"
406_0,0.1378873,0.59909034,0.012614924,8,6491,"{""type"":""MultiPoint"",""coordinates"":[]}"
407_0,-0.009879725,0.3988856,-0.0483835,8,14007,"{""type"":""MultiPoint"",""coordinates"":[]}"
408_0,-0.05787834,0.3090909,-0.083067626,8,993,"{""type"":""MultiPoint"",""coordinates"":[]}"
409_0,-0.051922314,0.53060555,-0.060792614,8,2744,"{""type"":""MultiPoint"",""coordinates"":[]}"
410_0,0.31634352,0.9155815,0.30229115,8,23133,"{""type"":""MultiPoint"",""coordinates"":[]}"
411_0,0.21010792,0.8267026,0.18137129,8,15709,"{""type"":""MultiPoint"",""coordinates"":[]}"
412_0,-0.056370914,0.4347826,-0.095089905,8,21936,"{""type"":""MultiPoint"",""coordinates"":[]}"
413_0,0.07375415,0.66780084,0.050934207,8,1103,"{""type"":""MultiPoint"",""coordinates"":[]}"
414_0,0.1403089,0.75340766,0.17503163,8,14227,"{""type"":""MultiPoint"",""coordinates"":[]}"
415_0,0.19010097,0.78449774,0.1859937,8,21319,"{""type"":""MultiPoint"",""coordinates"":[]}"
416_0,0.21779443,0.4757392,0.19048375,8,5473,"{""type"":""MultiPoint"",""coordinates"":[]}"
417_0,0.11267323,0.6959379,0.124801904,8,423,"{""type"":""MultiPoint"",""coordinates"":[]}"
418_0,0.262825,0.8161039,0.24991062,8,12032,"{""type"":""MultiPoint"",""coordinates"":[]}"
419_0,-0.022753537,0.41352957,-0.03238365,8,18851,"{""type"":""MultiPoint"",""coordinates"":[]}"
420_0,-0.09267206,0.36292067,-0.13573258,8,6781,"{""type"":""MultiPoint"",""coordinates"":[]}"
421_0,0.27937338,0.81748,0.26090282,8,8091,"{""type"":""MultiPoint"",""coordinates"":[]}"
422_0,-0.14917475,0.321772,-0.15014407,8,196,"{""type"":""MultiPoint"",""coordinates"":[]}"
423_0,0.14189635,0.59903926,0.055849936,8,7676,"{""type"":""MultiPoint"",""coordinates"":[]}"
424_0,0.05268948,0.5856766,-0.016369963,8,15405,"{""type"":""MultiPoint"",""coordinates"":[]}"
425_0,0.02182609,0.59592324,0.022568818,8,7592,"{""type"":""MultiPoint"",""coordinates"":[]}"
426_0,-0.08267457,0.37575918,-0.10634648,8,8842,"{""type"":""MultiPoint"",""coordinates"":[]}"
427_0,-0.059270516,0.5240339,-0.11489592,8,9485,"{""type"":""MultiPoint"",""coordinates"":[]}"
428_0,0.14949308,0.7322879,0.14555556,8,8278,"{""type"":""MultiPoint"",""coordinates"":[]}"
429_0,0.07602694,0.6653486,0.031139873,8,8546,"{""type"":""MultiPoint"",""coordinates"":[]}"
430_0,0.22075911,0.6948603,0.18526591,8,3942,"{""type"":""MultiPoint"",""coordinates"":[]}"
431_0,0.18113267,0.732326,0.15875077,8,10465,"{""type"":""MultiPoint"",""coordinates"":[]}"
432_0,-0.049844805,0.37406075,-0.14122288,8,23362,"{""type"":""MultiPoint"",""coordinates"":[]}"
433_0,0.07917717,0.68215847,0.04000478,8,22045,"{""type"":""MultiPoint"",""coordinates"":[]}"
434_0,0.06528636,0.64569163,0.03335136,8,16863,"{""type"":""MultiPoint"",""coordinates"":[]}"
435_0,0.080334425,0.51137924,0.037208404,8,24385,"{""type"":""MultiPoint"",""coordinates"":[]}"
436_0,0.07804999,0.6568782,0.061546583,8,11553,"{""type"":""MultiPoint"",""coordinates"":[]}"
437_0,0.24051706,0.794163,0.21611746,8,12211,"{""type"":""MultiPoint"",""coordinates"":[]}"
438_0,0.124705255,0.7403013,0.08775178,8,15354,"{""type"":""MultiPoint"",""coordinates"":[]}"
439_0,0.38423368,0.8875773,0.33729848,8,13995,"{""type"":""MultiPoint"",""coordinates"":[]}"
440_0,0.094720274,0.64189285,0.029549697,8,2232,"{""type"":""MultiPoint"",""coordinates"":[]}"
441_0,0.12832849,0.58655244,0.10215783,8,6847,"{""type"":""MultiPoint"",""coordinates"":[]}"
442_0,0.1118826,0.5743092,0.056112226,8,19763,"{""type"":""MultiPoint"",""coordinates"":[]}"
443_0,0.052366566,0.6,0.05578183,8,5934,"{""type"":""MultiPoint"",""coordinates"":[]}"
444_0,0.10145873,0.6376626,0.07170826,8,20193,"{""type"":""MultiPoint"",""coordinates"":[]}"
445_0,0.11914926,0.675489,0.081848815,8,7882,"{""type"":""MultiPoint"",""coordinates"":[]}"
446_0,0.3518873,0.8868019,0.33877552,8,16153,"{""type"":""MultiPoint"",""coordinates"":[]}"
447_0,0.15252294,0.6749625,0.114302814,8,6528,"{""type"":""MultiPoint"",""coordinates"":[]}"
448_0,0.102619976,0.65778655,0.072321504,8,959,"{""type"":""MultiPoint"",""coordinates"":[]}"
449_0,0.2450692,0.7943727,0.22255781,8,6631,"{""type"":""MultiPoint"",""coordinates"":[]}"
450_0,0.09639898,0.6862549,0.07271674,8,19306,"{""type"":""MultiPoint"",""coordinates"":[]}"
451_0,0.052418448,0.6319392,0.023949169,8,17365,"{""type"":""MultiPoint"",""coordinates"":[]}"
452_0,0.34854618,0.7754386,0.31342125,8,9560,"{""type"":""MultiPoint"",""coordinates"":[]}"
453_0,-0.035983495,0.42811978,-0.059613213,8,8361,"{""type"":""MultiPoint"",""coordinates"":[]}"
454_0,0.3362007,0.69499797,0.32605797,8,971,"{""type"":""MultiPoint"",""coordinates"":[]}"
455_0,-0.10325209,0.29631874,-0.13183692,8,24959,"{""type"":""MultiPoint"",""coordinates"":[]}"
456_0,0.20948519,0.7450348,0.1769462,8,16397,"{""type"":""MultiPoint"",""coordinates"":[]}"
457_0,-0.025297862,0.51399356,-0.055089016,8,6453,"{""type"":""MultiPoint"",""coordinates"":[]}"
458_0,0.116904736,0.729274,0.08934592,8,10063,"{""type"":""MultiPoint"",""coordinates"":[]}"
459_0,0.12951174,0.67017335,0.11337303,8,3711,"{""type"":""MultiPoint"",""coordinates"":[]}"
460_0,0.029647715,0.4364261,0.014099783,8,6788,"{""type"":""MultiPoint"",""coordinates"":[]}"
461_0,0.39524838,0.7567317,0.37007874,8,323,"{""type"":""MultiPoint"",""coordinates"":[]}"
462_0,0.07461567,0.4127705,0.022526935,8,13420,"{""type"":""MultiPoint"",""coordinates"":[]}"
463_0,0.2517738,0.81424147,0.25205362,8,4843,"{""type"":""MultiPoint"",""coordinates"":[]}"
464_0,-0.14317262,0.25230438,-0.16545641,8,5929,"{""type"":""MultiPoint"",""coordinates"":[]}"
465_0,0.21911532,0.79235,0.19526362,8,14378,"{""type"":""MultiPoint"",""coordinates"":[]}"
466_0,0.09081898,0.7305425,0.08649583,8,4400,"{""type"":""MultiPoint"",""coordinates"":[]}"
467_0,0.1342226,0.5221408,0.08894507,8,11693,"{""type"":""MultiPoint"",""coordinates"":[]}"
468_0,-0.06877003,0.44381568,-0.09661103,8,5148,"{""type"":""MultiPoint"",""coordinates"":[]}"
469_0,-0.04787047,0.4484198,-0.09107568,8,20659,"{""type"":""MultiPoint"",""coordinates"":[]}"
470_0,0.29105288,0.8733781,0.28282353,8,19716,"{""type"":""MultiPoint"",""coordinates"":[]}"
471_0,0.040471036,0.61485094,0.020503128,8,6874,"{""type"":""MultiPoint"",""coordinates"":[]}"
472_0,0.032231312,0.6753447,-0.0038803483,8,17404,"{""type"":""MultiPoint"",""coordinates"":[]}"
473_0,-0.026036223,0.54375416,-0.068694316,8,21531,"{""type"":""MultiPoint"",""coordinates"":[]}"
474_0,-0.04008351,0.52842695,-0.064474806,8,15100,"{""type"":""MultiPoint"",""coordinates"":[]}"
475_0,0.21638073,0.6857332,0.19805343,8,14985,"{""type"":""MultiPoint"",""coordinates"":[]}"
476_0,0.084552616,0.7311969,0.072093666,8,11163,"{""type"":""MultiPoint"",""coordinates"":[]}"
477_0,0.04814128,0.4702536,0.00793954,8,9237,"{""type"":""MultiPoint"",""coordinates"":[]}"
478_0,-0.007998444,0.5696449,-0.0112816375,8,23295,"{""type"":""MultiPoint"",""coordinates"":[]}"
479_0,-0.04645987,0.41985938,-0.08351104,8,5998,"{""type"":""MultiPoint"",""coordinates"":[]}"
480_0,-0.024936598,0.5125874,-0.07833965,8,21016,"{""type"":""MultiPoint"",""coordinates"":[]}"
481_0,0.24766336,0.81389475,0.2311192,8,11610,"{""type"":""MultiPoint"",""coordinates"":[]}"
482_0,-0.13525096,0.38564843,-0.22085367,8,2641,"{""type"":""MultiPoint"",""coordinates"":[]}"
483_0,0.3635514,0.805741,0.33021882,8,2805,"{""type"":""MultiPoint"",""coordinates"":[]}"
484_0,0.039884645,0.69622505,0.02470758,8,3953,"{""type"":""MultiPoint"",""coordinates"":[]}"
485_0,-0.06366649,0.4913433,-0.10626118,8,22142,"{""type"":""MultiPoint"",""coordinates"":[]}"
486_0,-0.092902645,0.41691494,-0.08869389,8,2583,"{""type"":""MultiPoint"",""coordinates"":[]}"
487_0,0.0153553905,0.5612551,-0.043580685,8,16177,"{""type"":""MultiPoint"",""coordinates"":[]}"
488_0,0.041259214,0.5491559,0.016932221,8,4540,"{""type"":""MultiPoint"",""coordinates"":[]}"
489_0,-0.051857438,0.47378048,-0.08627069,8,10853,"{""type"":""MultiPoint"",""coordinates"":[]}"
490_0,0.091885135,0.5694555,0.053794164,8,9875,"{""type"":""MultiPoint"",""coordinates"":[]}"
491_0,0.32738698,0.8891089,0.29195398,8,5100,"{""type"":""MultiPoint"",""coordinates"":[]}"
492_0,0.23995346,0.8037316,0.21802753,8,20755,"{""type"":""MultiPoint"",""coordinates"":[]}"
493_0,-0.07847896,0.4782913,-0.1161817,8,20766,"{""type"":""MultiPoint"",""coordinates"":[]}"
494_0,0.18148872,0.70229954,0.16788204,8,18975,"{""type"":""MultiPoint"",""coordinates"":[]}"
495_0,-0.0070028356,0.4968945,-0.019517023,8,9084,"{""type"":""MultiPoint"",""coordinates"":[]}"
496_0,0.08522845,0.77110153,0.06627028,8,10830,"{""type"":""MultiPoint"",""coordinates"":[]}"
497_0,-0.07157557,0.40312672,-0.093943916,8,9263,"{""type"":""MultiPoint"",""coordinates"":[]}"
498_0,-0.10976296,0.44933575,-0.1768889,8,16886,"{""type"":""MultiPoint"",""coordinates"":[]}"
499_0,0.23021609,0.6545898,0.20361996,8,24426,"{""type"":""MultiPoint"",""coordinates"":[]}"
500_0,0.049660593,0.67674917,0.015544041,8,19244,"{""type"":""MultiPoint"",""coordinates"":[]}"
501_0,0.003044449,0.5634622,-0.03599574,8,12332,"{""type"":""MultiPoint"",""coordinates"":[]}"
502_0,0.08992181,0.66573036,0.08310502,8,17346,"{""type"":""MultiPoint"",""coordinates"":[]}"
503_0,-0.037608393,0.39740792,-0.07059227,8,1644,"{""type"":""MultiPoint"",""coordinates"":[]}"
504_0,0.19305511,0.7612345,0.16826017,8,22311,"{""type"":""MultiPoint"",""coordinates"":[]}"
505_0,0.22223634,0.6575648,0.17513537,8,25450,"{""type"":""MultiPoint"",""coordinates"":[]}"
506_0,0.17639199,0.7080865,0.15416336,8,16903,"{""type"":""MultiPoint"",""coordinates"":[]}"
507_0,0.13418324,0.62769175,0.10237792,8,7100,"{""type"":""MultiPoint"",""coordinates"":[]}"
508_0,0.19605634,0.7710548,0.19378531,8,512,"{""type"":""MultiPoint"",""coordinates"":[]}"
509_0,0.2926976,0.80375636,0.22160217,8,3050,"{""type"":""MultiPoint"",""coordinates"":[]}"
510_0,0.04338604,0.5443875,0.019840544,8,20941,"{""type"":""MultiPoint"",""coordinates"":[]}"
511_0,0.14584656,0.73589516,0.09942517,8,2221,"{""type"":""MultiPoint"",""coordinates"":[]}"
512_0,-0.08545842,0.31793594,-0.19806668,8,23780,"{""type"":""MultiPoint"",""coordinates"":[]}"
513_0,0.041582726,0.5166761,0.010921064,8,15227,"{""type"":""MultiPoint"",""coordinates"":[]}"
514_0,0.15457799,0.6437952,0.11447095,8,20671,"{""type"":""MultiPoint"",""coordinates"":[]}"
515_0,0.035969052,0.6237142,-0.0050014085,8,13137,"{""type"":""MultiPoint"",""coordinates"":[]}"
516_0,0.18276137,0.7879161,0.17219079,8,3181,"{""type"":""MultiPoint"",""coordinates"":[]}"
517_0,0.10202522,0.6022067,0.0729783,8,18598,"{""type"":""MultiPoint"",""coordinates"":[]}"
518_0,0.14897998,0.6701259,0.12183036,8,274,"{""type"":""MultiPoint"",""coordinates"":[]}"
519_0,-0.0739159,0.42369086,-0.1301939,8,15025,"{""type"":""MultiPoint"",""coordinates"":[]}"
520_0,0.054573983,0.6544789,0.032123677,8,1108,"{""type"":""MultiPoint"",""coordinates"":[]}"
521_0,-0.12352433,0.39355853,-0.19711612,8,14822,"{""type"":""MultiPoint"",""coordinates"":[]}"
522_0,0.15194586,0.68666667,0.13511647,8,19099,"{""type"":""MultiPoint"",""coordinates"":[]}"
523_0,-0.071850814,0.49085283,-0.12857017,8,20773,"{""type"":""MultiPoint"",""coordinates"":[]}"
524_0,0.16636264,0.6772471,0.10602504,8,21893,"{""type"":""MultiPoint"",""coordinates"":[]}"
525_0,-0.055164177,0.32056564,-0.08808572,8,9383,"{""type"":""MultiPoint"",""coordinates"":[]}"
526_0,0.21750283,0.76741266,0.18830849,8,4859,"{""type"":""MultiPoint"",""coordinates"":[]}"
527_0,0.22081678,0.7873884,0.20007494,8,23259,"{""type"":""MultiPoint"",""coordinates"":[]}"
528_0,-0.105335765,0.21458957,-0.15316027,8,2870,"{""type"":""MultiPoint"",""coordinates"":[]}"
529_0,-0.0489802,0.5210018,-0.08500154,8,20540,"{""type"":""MultiPoint"",""coordinates"":[]}"
530_0,0.051446322,0.5079646,0.022604521,8,2266,"{""type"":""MultiPoint"",""coordinates"":[]}"
531_0,0.3136492,0.8353775,0.26507607,8,8018,"{""type"":""MultiPoint"",""coordinates"":[]}"
532_0,0.15924673,0.6874947,0.1591346,8,12366,"{""type"":""MultiPoint"",""coordinates"":[]}"
533_0,-0.17207901,0.31475863,-0.18876596,8,6287,"{""type"":""MultiPoint"",""coordinates"":[]}"
534_0,0.23213232,0.78989524,0.19554456,8,16296,"{""type"":""MultiPoint"",""coordinates"":[]}"
535_0,-0.09075989,0.36978638,-0.09915014,8,19785,"{""type"":""MultiPoint"",""coordinates"":[]}"
536_0,0.22325124,0.8239907,0.2070006,8,24743,"{""type"":""MultiPoint"",""coordinates"":[]}"
537_0,0.12098171,0.6791926,0.083720036,8,14717,"{""type"":""MultiPoint"",""coordinates"":[]}"
538_0,-0.052006725,0.40785766,-0.07268974,8,20994,"{""type"":""MultiPoint"",""coordinates"":[]}"
539_0,0.24198636,0.6624454,0.23596354,8,16649,"{""type"":""MultiPoint"",""coordinates"":[]}"
540_0,-0.0025716384,0.5871373,-0.03654047,8,16569,"{""type"":""MultiPoint"",""coordinates"":[]}"
541_0,-0.050738007,0.3695497,-0.086313784,8,21873,"{""type"":""MultiPoint"",""coordinates"":[]}"
542_0,-0.1260659,0.33078155,-0.19133846,8,11097,"{""type"":""MultiPoint"",""coordinates"":[]}"
543_0,-0.07364737,0.40261465,-0.13314593,8,20121,"{""type"":""MultiPoint"",""coordinates"":[]}"
544_0,0.18866713,0.71830124,-0.07957491,8,10643,"{""type"":""MultiPoint"",""coordinates"":[]}"
545_0,-0.072487116,0.31650785,-0.12987234,8,25017,"{""type"":""MultiPoint"",""coordinates"":[]}"
546_0,0.031383518,0.5600679,-0.0344406,8,8238,"{""type"":""MultiPoint"",""coordinates"":[]}"
547_0,0.10683974,0.6095251,0.039762963,8,17655,"{""type"":""MultiPoint"",""coordinates"":[]}"
548_0,0.10493115,0.67417926,0.048616674,8,14603,"{""type"":""MultiPoint"",""coordinates"":[]}"
549_0,-0.009659841,0.5349875,-0.022698926,8,19449,"{""type"":""MultiPoint"",""coordinates"":[]}"
550_0,0.28484625,0.8623595,0.26117557,8,8856,"{""type"":""MultiPoint"",""coordinates"":[]}"
551_0,0.023457061,0.54156643,0.009296234,8,20261,"{""type"":""MultiPoint"",""coordinates"":[]}"
552_0,0.2463466,0.80962294,0.21115744,8,7503,"{""type"":""MultiPoint"",""coordinates"":[]}"
553_0,0.19664904,0.5950156,0.19692402,8,19366,"{""type"":""MultiPoint"",""coordinates"":[]}"
554_0,0.0067686182,0.57461566,-0.036910504,8,7639,"{""type"":""MultiPoint"",""coordinates"":[]}"
555_0,0.021686172,0.60154676,0.003501965,8,13981,"{""type"":""MultiPoint"",""coordinates"":[]}"
556_0,0.06469055,0.42340088,0.0050123422,8,22800,"{""type"":""MultiPoint"",""coordinates"":[]}"
557_0,0.10233484,0.5226902,0.027019637,8,243,"{""type"":""MultiPoint"",""coordinates"":[]}"
558_0,0.16938423,0.78869486,0.14970516,8,19717,"{""type"":""MultiPoint"",""coordinates"":[]}"
559_0,-0.041535508,0.46611676,-0.0703413,8,20966,"{""type"":""MultiPoint"",""coordinates"":[]}"
560_0,0.056339137,0.64612997,0.0602608,8,17613,"{""type"":""MultiPoint"",""coordinates"":[]}"
561_0,0.23674192,0.7371717,0.20341037,8,8576,"{""type"":""MultiPoint"",""coordinates"":[]}"
562_0,0.019255051,0.30414745,-0.01949222,8,12947,"{""type"":""MultiPoint"",""coordinates"":[]}"
563_0,0.1925451,0.7900204,0.166041,8,16496,"{""type"":""MultiPoint"",""coordinates"":[]}"
564_0,0.18373652,0.67398494,0.14563376,8,13023,"{""type"":""MultiPoint"",""coordinates"":[]}"
565_0,0.11979362,0.64304245,0.09175947,8,25325,"{""type"":""MultiPoint"",""coordinates"":[]}"
566_0,0.25789568,0.7443478,0.19665937,8,23231,"{""type"":""MultiPoint"",""coordinates"":[]}"
567_0,-0.08295082,0.3890254,-0.11638003,8,4219,"{""type"":""MultiPoint"",""coordinates"":[]}"
568_0,0.15691617,0.56215125,0.14902529,8,24854,"{""type"":""MultiPoint"",""coordinates"":[]}"
569_0,-0.032373134,0.41591245,-0.061389696,8,24946,"{""type"":""MultiPoint"",""coordinates"":[]}"
570_0,0.04789666,0.50239515,-0.0016068495,8,16257,"{""type"":""MultiPoint"",""coordinates"":[]}"
571_0,0.042398285,0.61904764,0.05554382,8,1978,"{""type"":""MultiPoint"",""coordinates"":[]}"
572_0,0.15393971,0.5111934,0.15455718,8,3507,"{""type"":""MultiPoint"",""coordinates"":[]}"
573_0,0.26907295,0.74017406,0.22580773,8,23811,"{""type"":""MultiPoint"",""coordinates"":[]}"
574_0,0.24684502,0.70271224,0.24129164,8,11020,"{""type"":""MultiPoint"",""coordinates"":[]}"
575_0,0.05195544,0.5853506,0.0071497695,8,8206,"{""type"":""MultiPoint"",""coordinates"":[]}"
576_0,0.25932848,0.6607561,0.23381084,8,23661,"{""type"":""MultiPoint"",""coordinates"":[]}"
577_0,0.0892827,0.6170886,0.0681066,8,8010,"{""type"":""MultiPoint"",""coordinates"":[]}"
578_0,0.20878443,0.7978285,0.18335284,8,19298,"{""type"":""MultiPoint"",""coordinates"":[]}"
579_0,-0.12484295,0.40574843,-0.15979865,8,22916,"{""type"":""MultiPoint"",""coordinates"":[]}"
580_0,0.04900269,0.49382937,0.028332114,8,19111,"{""type"":""MultiPoint"",""coordinates"":[]}"
581_0,0.32107842,0.7180462,0.30189943,8,16486,"{""type"":""MultiPoint"",""coordinates"":[]}"
582_0,0.069691256,0.41120097,0.021651438,8,10030,"{""type"":""MultiPoint"",""coordinates"":[]}"
583_0,0.3222486,0.848363,0.2998771,8,5658,"{""type"":""MultiPoint"",""coordinates"":[]}"
584_0,0.15379938,0.689919,0.14784205,8,7305,"{""type"":""MultiPoint"",""coordinates"":[]}"
585_0,-0.056222804,0.34746695,-0.10660825,8,14081,"{""type"":""MultiPoint"",""coordinates"":[]}"
586_0,0.05734963,0.60886055,-7.220637E-4,8,22284,"{""type"":""MultiPoint"",""coordinates"":[]}"
587_0,0.107788734,0.7121254,0.11084124,8,14578,"{""type"":""MultiPoint"",""coordinates"":[]}"
588_0,0.22038607,0.78716797,0.18140647,8,23528,"{""type"":""MultiPoint"",""coordinates"":[]}"
589_0,-0.03590101,0.340329,-0.1110279,8,24239,"{""type"":""MultiPoint"",""coordinates"":[]}"
590_0,0.044046286,0.5863132,0.002337359,8,16861,"{""type"":""MultiPoint"",""coordinates"":[]}"
591_0,0.20758176,0.76568407,0.17881325,8,17048,"{""type"":""MultiPoint"",""coordinates"":[]}"
592_0,0.056315426,0.64134496,0.01756969,8,6214,"{""type"":""MultiPoint"",""coordinates"":[]}"
593_0,0.15997507,0.7506149,0.12555093,8,6624,"{""type"":""MultiPoint"",""coordinates"":[]}"
594_0,-0.01532567,0.52656466,-0.026399156,8,10221,"{""type"":""MultiPoint"",""coordinates"":[]}"
595_0,0.027503526,0.5569977,1.8125793E-4,8,19801,"{""type"":""MultiPoint"",""coordinates"":[]}"
596_0,0.075365104,0.30478027,0.04248938,8,15201,"{""type"":""MultiPoint"",""coordinates"":[]}"
597_0,0.0155932205,0.53329724,-0.013110846,8,9014,"{""type"":""MultiPoint"",""coordinates"":[]}"
598_0,0.1468334,0.64449257,0.09333761,8,5915,"{""type"":""MultiPoint"",""coordinates"":[]}"
599_0,0.07542329,0.45510983,0.044876326,8,25089,"{""type"":""MultiPoint"",""coordinates"":[]}"
600_0,0.19421777,0.620799,0.18966721,8,9529,"{""type"":""MultiPoint"",""coordinates"":[]}"
601_0,-0.113396175,0.16983262,-0.09895687,8,640,"{""type"":""MultiPoint"",""coordinates"":[]}"
602_0,0.16033994,0.65654886,0.14680484,8,3813,"{""type"":""MultiPoint"",""coordinates"":[]}"
603_0,0.090275906,0.6293472,0.055349898,8,15718,"{""type"":""MultiPoint"",""coordinates"":[]}"
604_0,0.13813692,0.7705024,0.10336693,8,8482,"{""type"":""MultiPoint"",""coordinates"":[]}"
605_0,0.13251063,0.5474298,0.060144197,8,12105,"{""type"":""MultiPoint"",""coordinates"":[]}"
606_0,0.087036796,0.7029842,0.026646312,8,1921,"{""type"":""MultiPoint"",""coordinates"":[]}"
607_0,0.17513293,0.6820058,0.10623089,8,20543,"{""type"":""MultiPoint"",""coordinates"":[]}"
608_0,0.13418743,0.75051385,0.101117775,8,13259,"{""type"":""MultiPoint"",""coordinates"":[]}"
609_0,0.092549995,0.6218368,0.04199126,8,10909,"{""type"":""MultiPoint"",""coordinates"":[]}"
610_0,0.17963797,0.69659334,0.12791249,8,8485,"{""type"":""MultiPoint"",""coordinates"":[]}"
611_0,0.14399584,0.74104536,0.14101896,8,12086,"{""type"":""MultiPoint"",""coordinates"":[]}"
612_0,0.1598026,0.7252574,0.11912762,8,9242,"{""type"":""MultiPoint"",""coordinates"":[]}"
613_0,0.1495267,0.71464217,0.12596121,8,21183,"{""type"":""MultiPoint"",""coordinates"":[]}"
614_0,-0.052726615,0.34809768,-0.08972393,8,2270,"{""type"":""MultiPoint"",""coordinates"":[]}"
615_0,-0.032055862,0.185077,-0.01852503,8,25506,"{""type"":""MultiPoint"",""coordinates"":[]}"
616_0,-0.025339477,0.2749633,-0.116830096,8,18804,"{""type"":""MultiPoint"",""coordinates"":[]}"
617_0,0.013702896,0.4310946,-0.02162073,8,12695,"{""type"":""MultiPoint"",""coordinates"":[]}"
618_0,0.11766511,0.77019113,0.09900097,8,10746,"{""type"":""MultiPoint"",""coordinates"":[]}"
619_0,0.27172256,0.83337903,0.27448747,8,4821,"{""type"":""MultiPoint"",""coordinates"":[]}"
620_0,-0.099589,0.3462749,-0.1430876,8,10203,"{""type"":""MultiPoint"",""coordinates"":[]}"
621_0,0.21987353,0.73724556,0.1957534,8,3635,"{""type"":""MultiPoint"",""coordinates"":[]}"
622_0,-0.06774591,0.6300901,-0.0817904,8,52,"{""type"":""MultiPoint"",""coordinates"":[]}"
623_0,0.11772131,0.5282863,0.067369,8,7071,"{""type"":""MultiPoint"",""coordinates"":[]}"
624_0,0.15696287,0.66078323,0.12945935,8,4932,"{""type"":""MultiPoint"",""coordinates"":[]}"
625_0,0.2714555,0.94446033,0.2476196,8,13972,"{""type"":""MultiPoint"",""coordinates"":[]}"
626_0,0.16468205,0.73167306,0.122872196,8,19872,"{""type"":""MultiPoint"",""coordinates"":[]}"
627_0,0.055058096,0.6123423,0.0067196833,8,16989,"{""type"":""MultiPoint"",""coordinates"":[]}"
628_0,-0.16440737,0.31023622,-0.23048669,8,8197,"{""type"":""MultiPoint"",""coordinates"":[]}"
629_0,0.04480494,0.6271306,0.010837669,8,15829,"{""type"":""MultiPoint"",""coordinates"":[]}"
630_0,0.053730555,0.6510526,0.005265847,8,6802,"{""type"":""MultiPoint"",""coordinates"":[]}"
631_0,0.2987974,0.8139788,0.27366808,8,14171,"{""type"":""MultiPoint"",""coordinates"":[]}"
632_0,0.39327,0.7763802,0.3655654,8,2541,"{""type"":""MultiPoint"",""coordinates"":[]}"
633_0,-0.09918404,0.45365855,-0.15206136,8,20381,"{""type"":""MultiPoint"",""coordinates"":[]}"
634_0,0.048084147,0.6077385,-0.0059806146,8,16263,"{""type"":""MultiPoint"",""coordinates"":[]}"
635_0,0.2970744,0.8375431,0.28270888,8,24629,"{""type"":""MultiPoint"",""coordinates"":[]}"
636_0,0.14998606,0.5166066,0.109282516,8,7949,"{""type"":""MultiPoint"",""coordinates"":[]}"
637_0,0.27804315,0.8236716,0.25775975,8,11608,"{""type"":""MultiPoint"",""coordinates"":[]}"
638_0,0.27039862,0.6776141,0.26581174,8,16572,"{""type"":""MultiPoint"",""coordinates"":[]}"
639_0,-0.013202565,0.4036612,-0.06567534,8,9651,"{""type"":""MultiPoint"",""coordinates"":[]}"
640_0,-0.11166326,0.3830156,-0.14951278,8,10254,"{""type"":""MultiPoint"",""coordinates"":[]}"
641_0,-0.07209589,0.5081585,-0.06889279,8,18433,"{""type"":""MultiPoint"",""coordinates"":[]}"
642_0,0.12128053,0.50400496,0.07735402,8,15490,"{""type"":""MultiPoint"",""coordinates"":[]}"
643_0,0.14500758,0.6649252,0.14403258,8,1087,"{""type"":""MultiPoint"",""coordinates"":[]}"
644_0,0.23278679,0.886387,0.2157416,8,1598,"{""type"":""MultiPoint"",""coordinates"":[]}"
645_0,0.09432673,0.5239478,-0.028114017,8,2325,"{""type"":""MultiPoint"",""coordinates"":[]}"
646_0,-0.060894385,0.3984884,-0.1065601,8,3014,"{""type"":""MultiPoint"",""coordinates"":[]}"
647_0,-0.09008194,0.3598462,-0.17052369,8,1347,"{""type"":""MultiPoint"",""coordinates"":[]}"
648_0,0.17311968,0.69091934,0.08647745,8,280,"{""type"":""MultiPoint"",""coordinates"":[]}"
649_0,0.36657044,0.7267645,0.3618821,8,1456,"{""type"":""MultiPoint"",""coordinates"":[]}"
650_0,-0.04421003,0.43486142,-0.066847585,8,14375,"{""type"":""MultiPoint"",""coordinates"":[]}"
651_0,-0.03931848,0.3876698,-0.078293644,8,3792,"{""type"":""MultiPoint"",""coordinates"":[]}"
652_0,0.009458298,0.6194258,-0.041403003,8,10347,"{""type"":""MultiPoint"",""coordinates"":[]}"
653_0,-0.13324405,0.369863,-0.1804708,8,11965,"{""type"":""MultiPoint"",""coordinates"":[]}"
654_0,0.09865045,0.6355908,0.072931,8,7467,"{""type"":""MultiPoint"",""coordinates"":[]}"
655_0,0.16891727,0.76141375,0.1345841,8,14431,"{""type"":""MultiPoint"",""coordinates"":[]}"
656_0,0.14531282,0.6645319,0.12143004,8,22051,"{""type"":""MultiPoint"",""coordinates"":[]}"
657_0,0.3386804,0.8296552,0.32666478,8,7650,"{""type"":""MultiPoint"",""coordinates"":[]}"
658_0,0.18697414,0.7108434,0.14761668,8,6362,"{""type"":""MultiPoint"",""coordinates"":[]}"
659_0,0.040741984,0.5196213,-0.013249085,8,6482,"{""type"":""MultiPoint"",""coordinates"":[]}"
660_0,-0.0038948394,0.56338596,-0.03306613,8,2201,"{""type"":""MultiPoint"",""coordinates"":[]}"
661_0,0.24200237,0.71270955,0.20056233,8,13570,"{""type"":""MultiPoint"",""coordinates"":[]}"
662_0,0.1771452,0.6036697,0.1221324,8,19070,"{""type"":""MultiPoint"",""coordinates"":[]}"
663_0,0.073814295,0.64453423,0.046885695,8,15759,"{""type"":""MultiPoint"",""coordinates"":[]}"
664_0,0.13410982,0.65953636,0.07263095,8,536,"{""type"":""MultiPoint"",""coordinates"":[]}"
665_0,0.2147559,0.862802,0.17788653,8,4069,"{""type"":""MultiPoint"",""coordinates"":[]}"
666_0,0.22068425,0.625044,0.20156047,8,24628,"{""type"":""MultiPoint"",""coordinates"":[]}"
667_0,0.07905489,0.517278,0.046357617,8,10462,"{""type"":""MultiPoint"",""coordinates"":[]}"
668_0,0.08934097,0.71337515,0.111761406,8,18805,"{""type"":""MultiPoint"",""coordinates"":[]}"
669_0,0.064860106,0.5872813,0.014945452,8,10834,"{""type"":""MultiPoint"",""coordinates"":[]}"
670_0,0.17675929,0.75861263,0.151385,8,24642,"{""type"":""MultiPoint"",""coordinates"":[]}"
671_0,0.3733133,0.829371,0.39690527,8,34,"{""type"":""MultiPoint"",""coordinates"":[]}"
672_0,0.16861649,0.7312645,0.12781458,8,6003,"{""type"":""MultiPoint"",""coordinates"":[]}"
673_0,-0.09760175,0.29111734,-0.119654804,8,24181,"{""type"":""MultiPoint"",""coordinates"":[]}"
674_0,0.100933135,0.72858334,0.078043506,8,9093,"{""type"":""MultiPoint"",""coordinates"":[]}"
675_0,0.15020947,0.63873535,0.07023209,8,3169,"{""type"":""MultiPoint"",""coordinates"":[]}"
676_0,-0.15307629,0.35249457,-0.19020551,8,25010,"{""type"":""MultiPoint"",""coordinates"":[]}"
677_0,0.16894703,0.70966244,0.14562368,8,3246,"{""type"":""MultiPoint"",""coordinates"":[]}"
678_0,-0.004893519,0.60678333,-0.042628977,8,4106,"{""type"":""MultiPoint"",""coordinates"":[]}"
679_0,0.13298579,0.75642294,0.11265262,8,8375,"{""type"":""MultiPoint"",""coordinates"":[]}"
680_0,-0.060402352,0.3745313,-0.10368604,8,23662,"{""type"":""MultiPoint"",""coordinates"":[]}"
681_0,0.058577247,0.66538346,0.044085525,8,752,"{""type"":""MultiPoint"",""coordinates"":[]}"
682_0,-0.0027075047,0.32297695,-0.026314149,8,626,"{""type"":""MultiPoint"",""coordinates"":[]}"
683_0,0.08768276,0.63954854,0.049247134,8,9355,"{""type"":""MultiPoint"",""coordinates"":[]}"
684_0,0.31110686,0.8455698,0.29347762,8,17766,"{""type"":""MultiPoint"",""coordinates"":[]}"
685_0,0.25799918,0.7024643,0.20863931,8,21894,"{""type"":""MultiPoint"",""coordinates"":[]}"
686_0,0.106616475,0.60782194,0.031010019,8,14544,"{""type"":""MultiPoint"",""coordinates"":[]}"
687_0,0.19154558,0.85206634,0.23940149,8,10354,"{""type"":""MultiPoint"",""coordinates"":[]}"
688_0,0.23103449,0.7295842,0.18024087,8,9525,"{""type"":""MultiPoint"",""coordinates"":[]}"
689_0,-0.013053712,0.49333334,-0.033952013,8,15911,"{""type"":""MultiPoint"",""coordinates"":[]}"
690_0,0.06318989,0.6158192,0.01986755,8,8145,"{""type"":""MultiPoint"",""coordinates"":[]}"
691_0,0.17298701,0.7935981,0.13313724,8,5094,"{""type"":""MultiPoint"",""coordinates"":[]}"
692_0,0.17924866,0.66076946,0.12325626,8,24223,"{""type"":""MultiPoint"",""coordinates"":[]}"
693_0,-0.013579331,0.5379659,-0.034218077,8,5601,"{""type"":""MultiPoint"",""coordinates"":[]}"
694_0,0.14909142,0.8073546,0.10095614,8,7049,"{""type"":""MultiPoint"",""coordinates"":[]}"
695_0,0.179911,0.77911264,0.15712959,8,11313,"{""type"":""MultiPoint"",""coordinates"":[]}"
696_0,0.19209512,0.7753009,0.16700944,8,19287,"{""type"":""MultiPoint"",""coordinates"":[]}"
697_0,-0.036922514,0.41477543,-0.08599151,8,6332,"{""type"":""MultiPoint"",""coordinates"":[]}"
698_0,0.0909465,0.5942596,0.04892704,8,12451,"{""type"":""MultiPoint"",""coordinates"":[]}"
699_0,-0.039519068,0.3703914,-0.0773803,8,5754,"{""type"":""MultiPoint"",""coordinates"":[]}"
700_0,0.20954707,0.74929935,0.17867604,8,1489,"{""type"":""MultiPoint"",""coordinates"":[]}"
701_0,0.051909167,0.46440107,0.017473932,8,17067,"{""type"":""MultiPoint"",""coordinates"":[]}"
702_0,0.39037,0.822954,0.37762505,8,4851,"{""type"":""MultiPoint"",""coordinates"":[]}"
703_0,0.13630933,0.61386234,0.0922708,8,19245,"{""type"":""MultiPoint"",""coordinates"":[]}"
704_0,-0.02314251,0.472634,-0.059194397,8,20569,"{""type"":""MultiPoint"",""coordinates"":[]}"
705_0,0.11638457,0.6386953,0.07439225,8,10231,"{""type"":""MultiPoint"",""coordinates"":[]}"
706_0,0.048088294,0.691208,0.010223242,8,3352,"{""type"":""MultiPoint"",""coordinates"":[]}"
707_0,0.3077747,0.78356075,0.26210046,8,9542,"{""type"":""MultiPoint"",""coordinates"":[]}"
708_0,0.04326706,0.59967333,-0.07104906,8,2947,"{""type"":""MultiPoint"",""coordinates"":[]}"
709_0,0.18930636,0.65313935,0.13825364,8,23032,"{""type"":""MultiPoint"",""coordinates"":[]}"
710_0,-0.02849201,0.34642857,-0.071185224,8,7152,"{""type"":""MultiPoint"",""coordinates"":[]}"
711_0,0.1036035,0.37644026,0.10499704,8,9100,"{""type"":""MultiPoint"",""coordinates"":[]}"
712_0,0.004833913,0.5637926,-0.045375854,8,16671,"{""type"":""MultiPoint"",""coordinates"":[]}"
713_0,0.1711216,0.71268207,0.12299096,8,15377,"{""type"":""MultiPoint"",""coordinates"":[]}"
714_0,0.15159756,0.67158365,0.09532439,8,12777,"{""type"":""MultiPoint"",""coordinates"":[]}"
715_0,0.18342958,0.9321635,0.28255993,8,3585,"{""type"":""MultiPoint"",""coordinates"":[]}"
716_0,0.2451389,0.8107615,0.22460665,8,4679,"{""type"":""MultiPoint"",""coordinates"":[]}"
717_0,0.030416101,0.31202108,-0.005299182,8,13194,"{""type"":""MultiPoint"",""coordinates"":[]}"
718_0,0.12930728,0.7326956,0.12354729,8,1710,"{""type"":""MultiPoint"",""coordinates"":[]}"
719_0,0.32247865,0.831476,0.22481461,8,21889,"{""type"":""MultiPoint"",""coordinates"":[]}"
720_0,0.0371248,0.5996299,0.038695738,8,1448,"{""type"":""MultiPoint"",""coordinates"":[]}"
721_0,0.1421976,0.69027686,0.14199954,8,2209,"{""type"":""MultiPoint"",""coordinates"":[]}"
722_0,0.13069387,0.44408348,0.12316204,8,24862,"{""type"":""MultiPoint"",""coordinates"":[]}"
723_0,0.22449583,0.7868198,0.2050312,8,7007,"{""type"":""MultiPoint"",""coordinates"":[]}"
724_0,0.26184142,0.703504,0.23085554,8,6650,"{""type"":""MultiPoint"",""coordinates"":[]}"
725_0,0.041777316,0.60320556,0.026055712,8,3229,"{""type"":""MultiPoint"",""coordinates"":[]}"
726_0,0.11916595,0.7261478,0.102808245,8,19780,"{""type"":""MultiPoint"",""coordinates"":[]}"
727_0,-0.071778305,0.36142242,-0.10528388,8,19649,"{""type"":""MultiPoint"",""coordinates"":[]}"
728_0,0.14487964,0.72090834,0.1394576,8,15164,"{""type"":""MultiPoint"",""coordinates"":[]}"
729_0,0.04643115,0.58351904,0.025256181,8,9147,"{""type"":""MultiPoint"",""coordinates"":[]}"
730_0,0.2830331,0.8178918,0.26013944,8,10577,"{""type"":""MultiPoint"",""coordinates"":[]}"
731_0,0.18304841,0.77065694,0.15177582,8,14637,"{""type"":""MultiPoint"",""coordinates"":[]}"
732_0,-0.074095346,0.48894182,-0.13163877,8,7888,"{""type"":""MultiPoint"",""coordinates"":[]}"
733_0,0.2532355,0.7913642,0.22399123,8,5863,"{""type"":""MultiPoint"",""coordinates"":[]}"
734_0,0.09347925,0.6495142,0.07102804,8,7671,"{""type"":""MultiPoint"",""coordinates"":[]}"
735_0,0.05873379,0.49267685,-0.01094363,8,22607,"{""type"":""MultiPoint"",""coordinates"":[]}"
736_0,0.25717196,0.69974935,0.23093334,8,16975,"{""type"":""MultiPoint"",""coordinates"":[]}"
737_0,-0.1099723,0.27383366,-0.16164994,8,5351,"{""type"":""MultiPoint"",""coordinates"":[]}"
738_0,0.21526246,0.7198917,0.19348176,8,8623,"{""type"":""MultiPoint"",""coordinates"":[]}"
739_0,-0.12588242,0.30409822,-0.1872446,8,22959,"{""type"":""MultiPoint"",""coordinates"":[]}"
740_0,0.21066615,0.78509295,0.16621284,8,12574,"{""type"":""MultiPoint"",""coordinates"":[]}"
741_0,-0.006988485,0.47734538,-0.048047923,8,12513,"{""type"":""MultiPoint"",""coordinates"":[]}"
742_0,-0.17648932,0.17186329,-0.19308898,8,20861,"{""type"":""MultiPoint"",""coordinates"":[]}"
743_0,0.14876203,0.63495684,0.092032894,8,17206,"{""type"":""MultiPoint"",""coordinates"":[]}"
744_0,0.12841125,0.58141553,0.075379126,8,24691,"{""type"":""MultiPoint"",""coordinates"":[]}"
745_0,-0.08036036,0.40075558,-0.11201179,8,2227,"{""type"":""MultiPoint"",""coordinates"":[]}"
746_0,0.19601017,0.70315695,0.14303575,8,13028,"{""type"":""MultiPoint"",""coordinates"":[]}"
747_0,0.036322154,0.6050973,-0.0059164083,8,6798,"{""type"":""MultiPoint"",""coordinates"":[]}"
748_0,0.0922473,0.49181953,0.040456433,8,16772,"{""type"":""MultiPoint"",""coordinates"":[]}"
749_0,-0.04651964,0.3749278,-0.117374375,8,10397,"{""type"":""MultiPoint"",""coordinates"":[]}"
750_0,0.06724224,0.7404912,0.03175728,8,5290,"{""type"":""MultiPoint"",""coordinates"":[]}"
751_0,0.13511984,0.727274,0.10417054,8,11233,"{""type"":""MultiPoint"",""coordinates"":[]}"
752_0,-0.019835318,0.5586597,-0.044421878,8,13888,"{""type"":""MultiPoint"",""coordinates"":[]}"
753_0,0.17467411,0.8184293,0.15001203,8,8550,"{""type"":""MultiPoint"",""coordinates"":[]}"
754_0,-0.1216321,0.29640967,-0.15126982,8,25026,"{""type"":""MultiPoint"",""coordinates"":[]}"
755_0,0.08969759,0.33438203,0.07358525,8,17120,"{""type"":""MultiPoint"",""coordinates"":[]}"
756_0,0.21860111,0.67110014,0.1691472,8,24787,"{""type"":""MultiPoint"",""coordinates"":[]}"
757_0,0.07282477,0.66005665,0.07666611,8,21109,"{""type"":""MultiPoint"",""coordinates"":[]}"
758_0,-0.014429621,0.4100597,-0.05875658,8,15062,"{""type"":""MultiPoint"",""coordinates"":[]}"
759_0,0.13611543,0.69574267,0.11288929,8,3974,"{""type"":""MultiPoint"",""coordinates"":[]}"
760_0,0.28614157,0.8426895,0.25111392,8,5194,"{""type"":""MultiPoint"",""coordinates"":[]}"
761_0,0.15056731,0.6897832,0.110602565,8,13172,"{""type"":""MultiPoint"",""coordinates"":[]}"
762_0,0.26131183,0.81238276,0.23236741,8,21170,"{""type"":""MultiPoint"",""coordinates"":[]}"
763_0,0.18364179,0.73636353,0.1087886,8,19007,"{""type"":""MultiPoint"",""coordinates"":[]}"
764_0,0.11893908,0.5979044,0.09194147,8,12622,"{""type"":""MultiPoint"",""coordinates"":[]}"
765_0,-0.10312779,0.3541147,-0.17383036,8,22661,"{""type"":""MultiPoint"",""coordinates"":[]}"
766_0,0.19279213,0.65896684,0.17824903,8,17572,"{""type"":""MultiPoint"",""coordinates"":[]}"
767_0,0.09857632,0.5908142,0.05729363,8,14986,"{""type"":""MultiPoint"",""coordinates"":[]}"
768_0,-0.094315656,0.32705182,-0.12798691,8,9619,"{""type"":""MultiPoint"",""coordinates"":[]}"
769_0,0.19734603,0.47313237,0.16848783,8,12058,"{""type"":""MultiPoint"",""coordinates"":[]}"
770_0,0.2556233,0.7861495,0.23634927,8,5572,"{""type"":""MultiPoint"",""coordinates"":[]}"
771_0,0.18149042,0.73424673,0.1713101,8,24158,"{""type"":""MultiPoint"",""coordinates"":[]}"
772_0,-0.0025186902,0.51283437,-0.0522674,8,8072,"{""type"":""MultiPoint"",""coordinates"":[]}"
773_0,0.15205064,0.74017,0.11937773,8,10121,"{""type"":""MultiPoint"",""coordinates"":[]}"
774_0,0.26829645,0.8447367,0.2821485,8,5225,"{""type"":""MultiPoint"",""coordinates"":[]}"
775_0,0.21306607,0.8029362,0.19909331,8,16148,"{""type"":""MultiPoint"",""coordinates"":[]}"
776_0,-0.046634004,0.5652504,-0.07152145,8,17896,"{""type"":""MultiPoint"",""coordinates"":[]}"
777_0,-0.06400614,0.34232065,-0.11139442,8,4788,"{""type"":""MultiPoint"",""coordinates"":[]}"
778_0,0.05722534,0.670248,0.045266792,8,18929,"{""type"":""MultiPoint"",""coordinates"":[]}"
779_0,0.10977219,0.55856425,0.046559647,8,428,"{""type"":""MultiPoint"",""coordinates"":[]}"
780_0,0.18866153,0.7341142,0.15671498,8,23336,"{""type"":""MultiPoint"",""coordinates"":[]}"
781_0,0.11480574,0.7010777,0.085021704,8,13371,"{""type"":""MultiPoint"",""coordinates"":[]}"
782_0,0.11558363,0.6336503,0.080833994,8,1818,"{""type"":""MultiPoint"",""coordinates"":[]}"
783_0,-0.0018393623,0.26462597,0.030401416,8,19372,"{""type"":""MultiPoint"",""coordinates"":[]}"
784_0,0.32518017,0.80804515,0.26097214,8,852,"{""type"":""MultiPoint"",""coordinates"":[]}"
785_0,0.05824921,0.66155475,0.037055623,8,11327,"{""type"":""MultiPoint"",""coordinates"":[]}"
786_0,-0.073979266,0.2569602,-0.099649325,8,24895,"{""type"":""MultiPoint"",""coordinates"":[]}"
787_0,0.2609498,0.8119882,0.22546512,8,6930,"{""type"":""MultiPoint"",""coordinates"":[]}"
788_0,0.12715812,0.5977883,0.098338075,8,18098,"{""type"":""MultiPoint"",""coordinates"":[]}"
789_0,0.22048439,0.735232,0.22495377,8,18980,"{""type"":""MultiPoint"",""coordinates"":[]}"
790_0,-0.09326094,0.4003795,-0.13986014,8,5780,"{""type"":""MultiPoint"",""coordinates"":[]}"
791_0,0.06562611,0.64467895,0.030641673,8,16066,"{""type"":""MultiPoint"",""coordinates"":[]}"
792_0,0.2317604,0.81127983,0.20360361,8,21805,"{""type"":""MultiPoint"",""coordinates"":[]}"
793_0,0.056583762,0.45072925,-0.0024968882,8,20019,"{""type"":""MultiPoint"",""coordinates"":[]}"
794_0,0.009742741,0.35985452,-0.063214846,8,2308,"{""type"":""MultiPoint"",""coordinates"":[]}"
795_0,0.22310154,0.8352299,0.24737737,8,23766,"{""type"":""MultiPoint"",""coordinates"":[]}"
796_0,0.16947676,0.84163547,0.18171126,8,11852,"{""type"":""MultiPoint"",""coordinates"":[]}"
797_0,0.022147635,0.52757883,-0.030026417,8,19138,"{""type"":""MultiPoint"",""coordinates"":[]}"
798_0,0.031631462,0.6288802,-0.01479198,8,20845,"{""type"":""MultiPoint"",""coordinates"":[]}"
799_0,0.01811028,0.566833,-0.03759288,8,3398,"{""type"":""MultiPoint"",""coordinates"":[]}"
800_0,0.21231109,0.8157182,0.21613833,8,23958,"{""type"":""MultiPoint"",""coordinates"":[]}"
801_0,-0.018538248,0.46999696,-0.021149328,8,150,"{""type"":""MultiPoint"",""coordinates"":[]}"
802_0,0.32914475,0.79406416,0.24583977,8,8407,"{""type"":""MultiPoint"",""coordinates"":[]}"
803_0,0.05540996,0.64044946,-0.05323741,8,2740,"{""type"":""MultiPoint"",""coordinates"":[]}"
804_0,0.06758757,0.7474059,0.041968834,8,17954,"{""type"":""MultiPoint"",""coordinates"":[]}"
805_0,0.22602561,0.6334361,0.23628692,8,17419,"{""type"":""MultiPoint"",""coordinates"":[]}"
806_0,-0.046667494,0.35990557,-0.09623308,8,283,"{""type"":""MultiPoint"",""coordinates"":[]}"
807_0,0.3397529,0.86424583,0.29491657,8,13377,"{""type"":""MultiPoint"",""coordinates"":[]}"
808_0,-0.06796794,0.33702883,-0.11258278,8,6562,"{""type"":""MultiPoint"",""coordinates"":[]}"
809_0,0.05896874,0.68639153,0.028973354,8,10815,"{""type"":""MultiPoint"",""coordinates"":[]}"
810_0,0.22454387,0.872486,0.2032989,8,10836,"{""type"":""MultiPoint"",""coordinates"":[]}"
811_0,0.13254255,0.657268,0.09159755,8,17465,"{""type"":""MultiPoint"",""coordinates"":[]}"
812_0,0.04400329,0.7181747,0.044633657,8,7581,"{""type"":""MultiPoint"",""coordinates"":[]}"
813_0,0.083280124,0.6313838,0.013289579,8,13120,"{""type"":""MultiPoint"",""coordinates"":[]}"
814_0,0.3060066,0.84926724,0.2942894,8,14829,"{""type"":""MultiPoint"",""coordinates"":[]}"
815_0,0.019422969,0.5076279,-0.015625,8,674,"{""type"":""MultiPoint"",""coordinates"":[]}"
816_0,0.075669974,0.6077677,0.046028547,8,22272,"{""type"":""MultiPoint"",""coordinates"":[]}"
817_0,0.029990032,0.42969146,-0.036251307,8,25150,"{""type"":""MultiPoint"",""coordinates"":[]}"
818_0,-0.09036348,0.31033498,-0.108178906,8,23100,"{""type"":""MultiPoint"",""coordinates"":[]}"
819_0,-0.05993685,0.43304628,-0.10387816,8,4955,"{""type"":""MultiPoint"",""coordinates"":[]}"
820_0,-0.1212481,0.4510621,-0.2119035,8,1972,"{""type"":""MultiPoint"",""coordinates"":[]}"
821_0,0.10288259,0.6312268,0.0722508,8,23324,"{""type"":""MultiPoint"",""coordinates"":[]}"
822_0,0.09532781,0.632476,0.04007897,8,11121,"{""type"":""MultiPoint"",""coordinates"":[]}"
823_0,0.1843126,0.8064141,0.1825108,8,7911,"{""type"":""MultiPoint"",""coordinates"":[]}"
824_0,0.023963904,0.56560755,-0.030417858,8,9928,"{""type"":""MultiPoint"",""coordinates"":[]}"
825_0,0.16604294,0.6804187,0.12722015,8,17036,"{""type"":""MultiPoint"",""coordinates"":[]}"
826_0,0.0011625411,0.500708,-0.04504901,8,23312,"{""type"":""MultiPoint"",""coordinates"":[]}"
827_0,0.22156505,0.77932477,0.19877388,8,14752,"{""type"":""MultiPoint"",""coordinates"":[]}"
828_0,0.0046156333,0.6231124,-0.07075691,8,7318,"{""type"":""MultiPoint"",""coordinates"":[]}"
829_0,0.16643405,0.7621216,0.15850651,8,11191,"{""type"":""MultiPoint"",""coordinates"":[]}"
830_0,0.08521464,0.5640405,0.068317056,8,11266,"{""type"":""MultiPoint"",""coordinates"":[]}"
831_0,0.28601173,0.8382599,0.26311713,8,4771,"{""type"":""MultiPoint"",""coordinates"":[]}"
832_0,0.11070998,0.5239696,0.088379465,8,2937,"{""type"":""MultiPoint"",""coordinates"":[]}"
833_0,-0.004447538,0.41104794,-0.036125124,8,12776,"{""type"":""MultiPoint"",""coordinates"":[]}"
834_0,0.023141243,0.4168106,0.0040115085,8,24169,"{""type"":""MultiPoint"",""coordinates"":[]}"
835_0,0.25165507,0.6963995,0.2106565,8,18015,"{""type"":""MultiPoint"",""coordinates"":[]}"
836_0,0.013382747,0.59273,-0.037667587,8,7558,"{""type"":""MultiPoint"",""coordinates"":[]}"
837_0,0.0513834,0.5791346,0.037249282,8,10444,"{""type"":""MultiPoint"",""coordinates"":[]}"
838_0,0.26292148,0.874381,0.21847935,8,7834,"{""type"":""MultiPoint"",""coordinates"":[]}"
839_0,0.103167094,0.6783593,0.07621913,8,23505,"{""type"":""MultiPoint"",""coordinates"":[]}"
840_0,0.17522651,0.7004569,0.12311736,8,21600,"{""type"":""MultiPoint"",""coordinates"":[]}"
841_0,0.12001644,0.5220085,0.046536565,8,19073,"{""type"":""MultiPoint"",""coordinates"":[]}"
842_0,0.12743409,0.7062181,0.101305254,8,21994,"{""type"":""MultiPoint"",""coordinates"":[]}"
843_0,0.111239396,0.66206133,0.06792718,8,23166,"{""type"":""MultiPoint"",""coordinates"":[]}"
844_0,0.2347924,0.805867,0.2056237,8,4416,"{""type"":""MultiPoint"",""coordinates"":[]}"
845_0,0.14650331,0.7084928,0.15255734,8,22023,"{""type"":""MultiPoint"",""coordinates"":[]}"
846_0,0.120546155,0.6101008,0.06411536,8,2898,"{""type"":""MultiPoint"",""coordinates"":[]}"
847_0,0.12316585,0.69504386,0.10053888,8,6494,"{""type"":""MultiPoint"",""coordinates"":[]}"
848_0,0.12624666,0.5976378,0.06918891,8,21027,"{""type"":""MultiPoint"",""coordinates"":[]}"
849_0,0.2257542,0.6952163,0.21907908,8,8799,"{""type"":""MultiPoint"",""coordinates"":[]}"
850_0,0.28557613,0.8239921,0.24896592,8,10438,"{""type"":""MultiPoint"",""coordinates"":[]}"
851_0,-0.08282675,0.53069097,-0.13925049,8,11937,"{""type"":""MultiPoint"",""coordinates"":[]}"
852_0,-0.15989628,0.30957058,-0.18181819,8,6418,"{""type"":""MultiPoint"",""coordinates"":[]}"
853_0,0.18853165,0.7411438,0.16954206,8,8858,"{""type"":""MultiPoint"",""coordinates"":[]}"
854_0,0.012404134,0.5656769,-0.027796078,8,5405,"{""type"":""MultiPoint"",""coordinates"":[]}"
855_0,0.15439998,0.60997796,0.10807307,8,18194,"{""type"":""MultiPoint"",""coordinates"":[]}"
856_0,0.12833224,0.6202986,0.08913748,8,15165,"{""type"":""MultiPoint"",""coordinates"":[]}"
857_0,0.13052855,0.73511183,0.12922843,8,5512,"{""type"":""MultiPoint"",""coordinates"":[]}"
858_0,0.18477876,0.7792916,0.1552726,8,6808,"{""type"":""MultiPoint"",""coordinates"":[]}"
859_0,0.035851028,0.58799046,-0.031081332,8,15461,"{""type"":""MultiPoint"",""coordinates"":[]}"
860_0,0.066884935,0.47685388,0.037060004,8,23779,"{""type"":""MultiPoint"",""coordinates"":[]}"
861_0,0.023520736,0.43357784,-0.038949974,8,13486,"{""type"":""MultiPoint"",""coordinates"":[]}"
862_0,0.090428345,0.7090095,0.10953678,8,11188,"{""type"":""MultiPoint"",""coordinates"":[]}"
863_0,-0.037324585,0.28016642,-0.058211822,8,9296,"{""type"":""MultiPoint"",""coordinates"":[]}"
864_0,-0.008916295,0.49064702,-0.012805659,8,7733,"{""type"":""MultiPoint"",""coordinates"":[]}"
865_0,0.05269702,0.60525376,0.0053583253,8,23539,"{""type"":""MultiPoint"",""coordinates"":[]}"
866_0,-0.08096152,0.29444063,-0.10551432,8,11606,"{""type"":""MultiPoint"",""coordinates"":[]}"
867_0,-0.061316937,0.36504298,-0.15049928,8,9570,"{""type"":""MultiPoint"",""coordinates"":[]}"
868_0,0.026349884,0.6410286,-0.025469283,8,14704,"{""type"":""MultiPoint"",""coordinates"":[]}"
869_0,0.25196713,0.74966353,0.2061607,8,10243,"{""type"":""MultiPoint"",""coordinates"":[]}"
870_0,-0.03715847,0.4468215,-0.097984985,8,18513,"{""type"":""MultiPoint"",""coordinates"":[]}"
871_0,0.30615517,0.80626553,0.2664585,8,4740,"{""type"":""MultiPoint"",""coordinates"":[]}"
872_0,0.1001462,0.5188628,0.058490567,8,1684,"{""type"":""MultiPoint"",""coordinates"":[]}"
873_0,0.017097,0.55542856,-0.01715111,8,259,"{""type"":""MultiPoint"",""coordinates"":[]}"
874_0,-0.03987815,0.51124793,-0.08119781,8,15492,"{""type"":""MultiPoint"",""coordinates"":[]}"
875_0,0.07165117,0.65952337,0.035640754,8,17173,"{""type"":""MultiPoint"",""coordinates"":[]}"
876_0,0.18050915,0.74458796,0.13268536,8,17978,"{""type"":""MultiPoint"",""coordinates"":[]}"
877_0,0.16234459,0.6644773,0.12227806,8,4140,"{""type"":""MultiPoint"",""coordinates"":[]}"
878_0,-0.06874732,0.33677256,-0.10140401,8,9565,"{""type"":""MultiPoint"",""coordinates"":[]}"
879_0,0.11494811,0.70162916,0.083625555,8,2647,"{""type"":""MultiPoint"",""coordinates"":[]}"
880_0,-0.088198006,0.35800636,-0.12250353,8,23732,"{""type"":""MultiPoint"",""coordinates"":[]}"
881_0,0.078489184,0.5440391,0.040342737,8,20151,"{""type"":""MultiPoint"",""coordinates"":[]}"
882_0,0.06295499,0.6334341,0.026996957,8,15531,"{""type"":""MultiPoint"",""coordinates"":[]}"
883_0,0.056679484,0.5904152,0.012519837,8,9561,"{""type"":""MultiPoint"",""coordinates"":[]}"
884_0,-0.008084664,0.5103995,-0.05127628,8,24436,"{""type"":""MultiPoint"",""coordinates"":[]}"
885_0,0.14673299,0.6472714,0.09733679,8,75,"{""type"":""MultiPoint"",""coordinates"":[]}"
886_0,0.09002218,0.49884477,0.06811989,8,15426,"{""type"":""MultiPoint"",""coordinates"":[]}"
887_0,0.14329834,0.66581297,0.11626321,8,19585,"{""type"":""MultiPoint"",""coordinates"":[]}"
888_0,0.17486067,0.75689715,0.1491467,8,24672,"{""type"":""MultiPoint"",""coordinates"":[]}"
889_0,-0.024091061,0.5327995,-0.06674834,8,12608,"{""type"":""MultiPoint"",""coordinates"":[]}"
890_0,0.1305842,0.6812577,0.08992806,8,24706,"{""type"":""MultiPoint"",""coordinates"":[]}"
891_0,-0.027791932,0.39069036,-0.05569455,8,20135,"{""type"":""MultiPoint"",""coordinates"":[]}"
892_0,0.004776301,0.47820887,-0.03148803,8,15809,"{""type"":""MultiPoint"",""coordinates"":[]}"
893_0,0.17795485,0.77013856,0.16323082,8,3710,"{""type"":""MultiPoint"",""coordinates"":[]}"
894_0,0.11548966,0.6675881,0.03753846,8,8887,"{""type"":""MultiPoint"",""coordinates"":[]}"
895_0,-0.013199666,0.5171026,-0.069299944,8,14095,"{""type"":""MultiPoint"",""coordinates"":[]}"
896_0,0.023477225,0.44286478,-0.09378797,8,16568,"{""type"":""MultiPoint"",""coordinates"":[]}"
897_0,-0.075224414,0.35041636,-0.12164075,8,11547,"{""type"":""MultiPoint"",""coordinates"":[]}"
898_0,0.1780133,0.7256255,0.13499299,8,21188,"{""type"":""MultiPoint"",""coordinates"":[]}"
899_0,0.085195534,0.6530291,0.033448108,8,23536,"{""type"":""MultiPoint"",""coordinates"":[]}"
900_0,-0.008595333,0.5138144,-0.058953647,8,11799,"{""type"":""MultiPoint"",""coordinates"":[]}"
901_0,0.11728,0.5927733,0.060046185,8,9276,"{""type"":""MultiPoint"",""coordinates"":[]}"
902_0,-0.024927441,0.48991042,-0.099859044,8,1530,"{""type"":""MultiPoint"",""coordinates"":[]}"
903_0,0.26583183,0.7834883,0.23865578,8,3704,"{""type"":""MultiPoint"",""coordinates"":[]}"
904_0,0.17438145,0.7286384,0.15071411,8,10765,"{""type"":""MultiPoint"",""coordinates"":[]}"
905_0,-0.08664699,0.31900027,-0.13695925,8,12802,"{""type"":""MultiPoint"",""coordinates"":[]}"
906_0,0.012082569,0.54391426,-0.034503065,8,12092,"{""type"":""MultiPoint"",""coordinates"":[]}"
907_0,0.18433534,0.79888356,0.16545624,8,19248,"{""type"":""MultiPoint"",""coordinates"":[]}"
908_0,-0.053497944,0.43049663,-0.10170035,8,9012,"{""type"":""MultiPoint"",""coordinates"":[]}"
909_0,0.030270133,0.5397163,-0.021209264,8,13586,"{""type"":""MultiPoint"",""coordinates"":[]}"
910_0,0.1443403,0.71073985,0.104654446,8,15648,"{""type"":""MultiPoint"",""coordinates"":[]}"
911_0,0.10609169,0.58948463,0.074002735,8,8426,"{""type"":""MultiPoint"",""coordinates"":[]}"
912_0,0.122171864,0.7083622,0.10342027,8,20004,"{""type"":""MultiPoint"",""coordinates"":[]}"
913_0,0.14204046,0.57607925,0.06780061,8,16992,"{""type"":""MultiPoint"",""coordinates"":[]}"
914_0,-0.01870873,0.62724936,-0.03136955,8,99,"{""type"":""MultiPoint"",""coordinates"":[]}"
915_0,0.0055534295,0.5227191,-0.037274435,8,23182,"{""type"":""MultiPoint"",""coordinates"":[]}"
916_0,-0.0029717681,0.6288334,-0.023502653,8,10224,"{""type"":""MultiPoint"",""coordinates"":[]}"
917_0,-0.11750973,0.32956502,-0.15520254,8,15618,"{""type"":""MultiPoint"",""coordinates"":[]}"
918_0,0.08515571,0.68560445,0.06561159,8,8903,"{""type"":""MultiPoint"",""coordinates"":[]}"
919_0,0.07286501,0.5985287,0.050269317,8,10154,"{""type"":""MultiPoint"",""coordinates"":[]}"
920_0,0.032907713,0.5856924,0.011440892,8,17626,"{""type"":""MultiPoint"",""coordinates"":[]}"
921_0,0.159033,0.573803,0.13536519,8,4438,"{""type"":""MultiPoint"",""coordinates"":[]}"
922_0,-0.06317995,0.47983566,-0.13401668,8,3541,"{""type"":""MultiPoint"",""coordinates"":[]}"
923_0,0.06881185,0.5980121,0.033806037,8,12319,"{""type"":""MultiPoint"",""coordinates"":[]}"
924_0,0.1594045,0.7259852,0.09144427,8,14103,"{""type"":""MultiPoint"",""coordinates"":[]}"
925_0,-0.0462739,0.48594582,-0.099594444,8,4982,"{""type"":""MultiPoint"",""coordinates"":[]}"
926_0,0.13202426,0.5829559,0.121937096,8,1246,"{""type"":""MultiPoint"",""coordinates"":[]}"
927_0,-0.018509878,0.4590766,-0.08142032,8,18424,"{""type"":""MultiPoint"",""coordinates"":[]}"
928_0,0.08507857,0.56114995,0.046147563,8,9201,"{""type"":""MultiPoint"",""coordinates"":[]}"
929_0,0.09126725,0.61363953,0.09471019,8,10907,"{""type"":""MultiPoint"",""coordinates"":[]}"
930_0,0.07683724,0.6151498,0.02529166,8,12551,"{""type"":""MultiPoint"",""coordinates"":[]}"
931_0,0.2589612,0.6296885,0.22940567,8,2166,"{""type"":""MultiPoint"",""coordinates"":[]}"
932_0,-0.0434629,0.34495318,-0.066449985,8,2864,"{""type"":""MultiPoint"",""coordinates"":[]}"
933_0,-0.03393899,0.5456523,-0.065635264,8,501,"{""type"":""MultiPoint"",""coordinates"":[]}"
934_0,0.095855854,0.6576854,0.12563165,8,21327,"{""type"":""MultiPoint"",""coordinates"":[]}"
935_0,0.045934763,0.5860693,0.010725018,8,3047,"{""type"":""MultiPoint"",""coordinates"":[]}"
936_0,0.17117538,0.597705,0.15118223,8,2726,"{""type"":""MultiPoint"",""coordinates"":[]}"
937_0,0.20744677,0.76147795,0.18040684,8,13561,"{""type"":""MultiPoint"",""coordinates"":[]}"
938_0,0.13891564,0.71171993,0.14113769,8,21474,"{""type"":""MultiPoint"",""coordinates"":[]}"
939_0,-0.12332744,0.32015342,-0.15926446,8,5245,"{""type"":""MultiPoint"",""coordinates"":[]}"
940_0,0.012194548,0.48690394,-0.02452822,8,10908,"{""type"":""MultiPoint"",""coordinates"":[]}"
941_0,0.15584084,0.7345056,0.14264895,8,12527,"{""type"":""MultiPoint"",""coordinates"":[]}"
942_0,0.130033,0.6990388,0.124446414,8,2884,"{""type"":""MultiPoint"",""coordinates"":[]}"
943_0,0.1653534,0.6108047,0.13122293,8,15843,"{""type"":""MultiPoint"",""coordinates"":[]}"
944_0,0.14832178,0.6205152,0.11014115,8,5359,"{""type"":""MultiPoint"",""coordinates"":[]}"
945_0,0.16804408,0.72827286,0.1542013,8,16900,"{""type"":""MultiPoint"",""coordinates"":[]}"
946_0,0.11074215,0.5558258,0.07187223,8,6480,"{""type"":""MultiPoint"",""coordinates"":[]}"
947_0,0.22745365,0.85743153,0.20376839,8,9332,"{""type"":""MultiPoint"",""coordinates"":[]}"
948_0,-0.0040974766,0.5041209,-0.025776602,8,346,"{""type"":""MultiPoint"",""coordinates"":[]}"
949_0,-0.054006353,0.4064479,-0.10531186,8,21445,"{""type"":""MultiPoint"",""coordinates"":[]}"
950_0,0.09831889,0.63248146,0.07606859,8,23047,"{""type"":""MultiPoint"",""coordinates"":[]}"
951_0,-0.13813384,0.3307373,-0.17108276,8,21914,"{""type"":""MultiPoint"",""coordinates"":[]}"
952_0,-0.002014351,0.52757835,-0.04354869,8,8958,"{""type"":""MultiPoint"",""coordinates"":[]}"
953_0,0.11303511,0.5174237,0.06680162,8,22513,"{""type"":""MultiPoint"",""coordinates"":[]}"
954_0,0.068707615,0.45911732,0.045875486,8,250,"{""type"":""MultiPoint"",""coordinates"":[]}"
955_0,-0.036068566,0.47505087,-0.05403681,8,22088,"{""type"":""MultiPoint"",""coordinates"":[]}"
956_0,-0.002422374,0.49913406,-0.024071991,8,6354,"{""type"":""MultiPoint"",""coordinates"":[]}"
957_0,-0.035591688,0.37956205,-0.06821534,8,18638,"{""type"":""MultiPoint"",""coordinates"":[]}"
958_0,-0.035435036,0.49217877,-0.076257996,8,5676,"{""type"":""MultiPoint"",""coordinates"":[]}"
959_0,-0.03805286,0.5054191,-0.07198703,8,17244,"{""type"":""MultiPoint"",""coordinates"":[]}"
960_0,-0.1253781,0.34662673,-0.18039647,8,12795,"{""type"":""MultiPoint"",""coordinates"":[]}"
961_0,0.025968097,0.4900429,0.008504166,8,2434,"{""type"":""MultiPoint"",""coordinates"":[]}"
962_0,0.27903587,0.8361926,0.24716203,8,16518,"{""type"":""MultiPoint"",""coordinates"":[]}"
963_0,0.02894925,0.60199004,-0.011322203,8,6526,"{""type"":""MultiPoint"",""coordinates"":[]}"
964_0,0.173999,0.753089,0.15280357,8,12864,"{""type"":""MultiPoint"",""coordinates"":[]}"
965_0,0.045863874,0.54834646,0.04845447,8,19953,"{""type"":""MultiPoint"",""coordinates"":[]}"
966_0,0.082574345,0.64537936,0.043810662,8,4104,"{""type"":""MultiPoint"",""coordinates"":[]}"
967_0,0.25965688,0.8994804,0.25496122,8,8582,"{""type"":""MultiPoint"",""coordinates"":[]}"
968_0,0.17367293,0.7412307,0.1762966,8,7117,"{""type"":""MultiPoint"",""coordinates"":[]}"
969_0,0.11027115,0.6980655,0.056830045,8,14661,"{""type"":""MultiPoint"",""coordinates"":[]}"
970_0,0.036136374,0.5321944,-0.01190776,8,12657,"{""type"":""MultiPoint"",""coordinates"":[]}"
971_0,-0.15668434,0.33341813,-0.26584628,8,24076,"{""type"":""MultiPoint"",""coordinates"":[]}"
972_0,0.13974592,0.71722054,0.14965312,8,18348,"{""type"":""MultiPoint"",""coordinates"":[]}"
973_0,-0.021728477,0.54545456,-0.05053966,8,15602,"{""type"":""MultiPoint"",""coordinates"":[]}"
974_0,0.10050908,0.5245647,0.058124527,8,22363,"{""type"":""MultiPoint"",""coordinates"":[]}"
975_0,0.051774893,0.66631746,0.0717655,8,5673,"{""type"":""MultiPoint"",""coordinates"":[]}"
976_0,-0.038385946,0.54907393,-0.085756965,8,14216,"{""type"":""MultiPoint"",""coordinates"":[]}"
977_0,0.037655532,0.6354167,0.0054145516,8,4569,"{""type"":""MultiPoint"",""coordinates"":[]}"
978_0,-0.091417275,0.41288248,-0.1522677,8,13244,"{""type"":""MultiPoint"",""coordinates"":[]}"
979_0,-0.026181325,0.62309486,-0.026805433,8,6977,"{""type"":""MultiPoint"",""coordinates"":[]}"
980_0,0.13928314,0.5864219,0.12560387,8,15900,"{""type"":""MultiPoint"",""coordinates"":[]}"
981_0,-0.012068321,0.5197873,-0.053068276,8,14584,"{""type"":""MultiPoint"",""coordinates"":[]}"
982_0,0.23498498,0.74313325,0.25416285,8,2463,"{""type"":""MultiPoint"",""coordinates"":[]}"
983_0,0.05045086,0.48585746,2.1588946E-4,8,2061,"{""type"":""MultiPoint"",""coordinates"":[]}"
984_0,0.0083130505,0.4715556,0.009473182,8,20968,"{""type"":""MultiPoint"",""coordinates"":[]}"
985_0,0.05232729,0.6915808,0.005683508,8,18379,"{""type"":""MultiPoint"",""coordinates"":[]}"
986_0,0.3371243,0.8349494,0.35585728,8,16132,"{""type"":""MultiPoint"",""coordinates"":[]}"
987_0,-0.013925383,0.43984774,-0.05567896,8,3393,"{""type"":""MultiPoint"",""coordinates"":[]}"
988_0,0.22889195,0.745619,0.21756408,8,22058,"{""type"":""MultiPoint"",""coordinates"":[]}"
989_0,0.0027641277,0.5153514,-0.042762626,8,12257,"{""type"":""MultiPoint"",""coordinates"":[]}"
990_0,0.15067637,0.6352592,0.10292796,8,24539,"{""type"":""MultiPoint"",""coordinates"":[]}"
991_0,0.10698241,0.6261413,0.07525489,8,12543,"{""type"":""MultiPoint"",""coordinates"":[]}"
992_0,0.059074838,0.6113297,0.017611837,8,13825,"{""type"":""MultiPoint"",""coordinates"":[]}"
993_0,0.18235525,0.7774599,0.18181495,8,12346,"{""type"":""MultiPoint"",""coordinates"":[]}"
994_0,0.17068017,0.7233485,0.13706182,8,18158,"{""type"":""MultiPoint"",""coordinates"":[]}"
995_0,0.11298985,0.5862044,0.061514772,8,19844,"{""type"":""MultiPoint"",""coordinates"":[]}"
996_0,0.1296978,0.79350847,0.11375474,8,17810,"{""type"":""MultiPoint"",""coordinates"":[]}"
997_0,0.19720007,0.74573696,0.1733261,8,3382,"{""type"":""MultiPoint"",""coordinates"":[]}"
998_0,0.060787812,0.63741463,0.040939488,8,21036,"{""type"":""MultiPoint"",""coordinates"":[]}"
999_0,0.05992762,0.6918201,0.018835826,8,24516,"{""type"":""MultiPoint"",""coordinates"":[]}"
1000_0,0.08261908,0.41602135,0.04889595,8,2981,"{""type"":""MultiPoint"",""coordinates"":[]}"
1001_0,0.28573635,0.8425782,0.27117997,8,24826,"{""type"":""MultiPoint"",""coordinates"":[]}"
1002_0,-0.017538838,0.3981404,-0.059363887,8,25165,"{""type"":""MultiPoint"",""coordinates"":[]}"
1003_0,0.2527364,0.80510324,0.2362572,8,13222,"{""type"":""MultiPoint"",""coordinates"":[]}"
1004_0,-0.059277445,0.6157178,-0.07263363,8,7974,"{""type"":""MultiPoint"",""coordinates"":[]}"
1005_0,0.20664778,0.5755144,0.18543313,8,1227,"{""type"":""MultiPoint"",""coordinates"":[]}"
1006_0,0.2570034,0.850956,0.26029792,8,16491,"{""type"":""MultiPoint"",""coordinates"":[]}"
1007_0,-0.10053071,0.32651535,-0.14798641,8,24430,"{""type"":""MultiPoint"",""coordinates"":[]}"
1008_0,-0.05842148,0.4122257,-0.09624136,8,4794,"{""type"":""MultiPoint"",""coordinates"":[]}"
1009_0,-0.008961566,0.5833407,-0.068646155,8,1834,"{""type"":""MultiPoint"",""coordinates"":[]}"
1010_0,-0.07023671,0.4639103,-0.12993184,8,25376,"{""type"":""MultiPoint"",""coordinates"":[]}"
1011_0,-0.07495953,0.39181823,-0.10994097,8,13818,"{""type"":""MultiPoint"",""coordinates"":[]}"
1012_0,0.100006714,0.66267145,0.040989336,8,11423,"{""type"":""MultiPoint"",""coordinates"":[]}"
1013_0,0.28684303,0.83166337,0.2741193,8,22932,"{""type"":""MultiPoint"",""coordinates"":[]}"
1014_0,-0.029550621,0.47607362,-0.094017096,8,1202,"{""type"":""MultiPoint"",""coordinates"":[]}"
1015_0,-0.02344562,0.5122557,-0.024010327,8,4384,"{""type"":""MultiPoint"",""coordinates"":[]}"
1016_0,0.13706827,0.5685667,0.082674146,8,1815,"{""type"":""MultiPoint"",""coordinates"":[]}"
1017_0,0.34615386,0.7908038,0.33350757,8,22631,"{""type"":""MultiPoint"",""coordinates"":[]}"
1018_0,0.054775253,0.420642,0.001852311,8,19512,"{""type"":""MultiPoint"",""coordinates"":[]}"
1019_0,0.20790078,0.68754786,0.14407592,8,19693,"{""type"":""MultiPoint"",""coordinates"":[]}"
1020_0,-0.018168898,0.54598796,-0.06683883,8,1603,"{""type"":""MultiPoint"",""coordinates"":[]}"
1021_0,0.208956,0.6958056,0.16541937,8,17172,"{""type"":""MultiPoint"",""coordinates"":[]}"
1022_0,0.08607089,0.5818383,0.05561253,8,1569,"{""type"":""MultiPoint"",""coordinates"":[]}"
1023_0,0.16561845,0.6666667,0.12287614,8,23381,"{""type"":""MultiPoint"",""coordinates"":[]}"
1024_0,-0.02042391,0.45628047,-0.04333642,8,10810,"{""type"":""MultiPoint"",""coordinates"":[]}"
1025_0,-0.051928785,0.4764166,-0.08757008,8,15726,"{""type"":""MultiPoint"",""coordinates"":[]}"
1026_0,0.08876585,0.53901494,0.048104957,8,12320,"{""type"":""MultiPoint"",""coordinates"":[]}"
1027_0,0.034094565,0.5819582,-0.0016983695,8,21982,"{""type"":""MultiPoint"",""coordinates"":[]}"
1028_0,0.0039383913,0.51940364,-0.032120008,8,5742,"{""type"":""MultiPoint"",""coordinates"":[]}"
1029_0,0.10896697,0.5960082,0.02535406,8,3589,"{""type"":""MultiPoint"",""coordinates"":[]}"
1030_0,0.19478992,0.74947745,0.16395691,8,20946,"{""type"":""MultiPoint"",""coordinates"":[]}"
1031_0,0.08564413,0.48871654,0.06265111,8,18928,"{""type"":""MultiPoint"",""coordinates"":[]}"
1032_0,0.16253643,0.54597026,0.14606325,8,14734,"{""type"":""MultiPoint"",""coordinates"":[]}"
1033_0,0.23302841,0.75919473,0.18546943,8,2751,"{""type"":""MultiPoint"",""coordinates"":[]}"
1034_0,0.21643464,0.8705556,0.23553991,8,18362,"{""type"":""MultiPoint"",""coordinates"":[]}"
1035_0,0.14695166,0.5547859,0.16200048,8,3286,"{""type"":""MultiPoint"",""coordinates"":[]}"
1036_0,0.111085296,0.6691453,0.092147686,8,516,"{""type"":""MultiPoint"",""coordinates"":[]}"
1037_0,-0.003322259,0.6251717,-0.04200064,8,6672,"{""type"":""MultiPoint"",""coordinates"":[]}"
1038_0,0.0144802695,0.6239477,-0.019677512,8,23655,"{""type"":""MultiPoint"",""coordinates"":[]}"
1039_0,-0.022785822,0.4891063,-0.055778433,8,6039,"{""type"":""MultiPoint"",""coordinates"":[]}"
1040_0,-0.17644921,0.34279117,-0.22616452,8,17443,"{""type"":""MultiPoint"",""coordinates"":[]}"
1041_0,0.05571605,0.5838167,0.025784152,8,22273,"{""type"":""MultiPoint"",""coordinates"":[]}"
1042_0,-0.016812375,0.496407,-0.066619165,8,21913,"{""type"":""MultiPoint"",""coordinates"":[]}"
1043_0,-0.058865122,0.34988117,-0.07908485,8,25069,"{""type"":""MultiPoint"",""coordinates"":[]}"
1044_0,-0.019364595,0.4976315,-0.03359012,8,7417,"{""type"":""MultiPoint"",""coordinates"":[]}"
1045_0,-0.0372433,0.41374394,-0.10431721,8,23320,"{""type"":""MultiPoint"",""coordinates"":[]}"
1046_0,0.043251976,0.36478457,0.0014849621,8,8279,"{""type"":""MultiPoint"",""coordinates"":[]}"
1047_0,0.031441048,0.48843446,-0.0113560455,8,1475,"{""type"":""MultiPoint"",""coordinates"":[]}"
1048_0,0.21412429,0.63223785,0.19409038,8,8213,"{""type"":""MultiPoint"",""coordinates"":[]}"
1049_0,0.27647728,0.79361606,0.25792482,8,23621,"{""type"":""MultiPoint"",""coordinates"":[]}"
1050_0,0.25751922,0.64853555,0.22424242,8,15419,"{""type"":""MultiPoint"",""coordinates"":[]}"
1051_0,0.041486293,0.6423222,0.020021224,8,5826,"{""type"":""MultiPoint"",""coordinates"":[]}"
1052_0,0.19296135,0.6784899,0.16330089,8,13581,"{""type"":""MultiPoint"",""coordinates"":[]}"
1053_0,-0.074794255,0.521024,-0.11015245,8,8395,"{""type"":""MultiPoint"",""coordinates"":[]}"
1054_0,-0.032098766,0.3879036,-0.013415226,8,12099,"{""type"":""MultiPoint"",""coordinates"":[]}"
1055_0,0.024777,0.46646783,0.0023392583,8,15236,"{""type"":""MultiPoint"",""coordinates"":[]}"
1056_0,0.12061885,0.4990436,0.0880401,8,18209,"{""type"":""MultiPoint"",""coordinates"":[]}"
1057_0,-0.0021369862,0.41953692,-0.0067558973,8,1290,"{""type"":""MultiPoint"",""coordinates"":[]}"
1058_0,-0.01729369,0.5229794,-0.07472178,8,13441,"{""type"":""MultiPoint"",""coordinates"":[]}"
1059_0,0.091694534,0.60854465,0.04953131,8,24149,"{""type"":""MultiPoint"",""coordinates"":[]}"
1060_0,0.100634634,0.747929,0.08722856,8,19822,"{""type"":""MultiPoint"",""coordinates"":[]}"
1061_0,0.075801715,0.6280299,0.026571305,8,1190,"{""type"":""MultiPoint"",""coordinates"":[]}"
1062_0,0.11977716,0.62753034,0.057709172,8,10947,"{""type"":""MultiPoint"",""coordinates"":[]}"
1063_0,-0.082120724,0.24776721,-0.10399324,8,25172,"{""type"":""MultiPoint"",""coordinates"":[]}"
1064_0,-0.14999644,0.25017107,-0.17475738,8,3601,"{""type"":""MultiPoint"",""coordinates"":[]}"
1065_0,0.018965004,0.42330837,-0.003339779,8,13211,"{""type"":""MultiPoint"",""coordinates"":[]}"
1066_0,0.0022769612,0.3962047,-0.020088814,8,16249,"{""type"":""MultiPoint"",""coordinates"":[]}"
1067_0,0.042923447,0.34046683,0.01408241,8,24411,"{""type"":""MultiPoint"",""coordinates"":[]}"
1068_0,0.15532961,0.7613203,0.07936548,8,24520,"{""type"":""MultiPoint"",""coordinates"":[]}"
1069_0,-0.068667814,0.35077882,-0.12361699,8,22094,"{""type"":""MultiPoint"",""coordinates"":[]}"
1070_0,-0.0020594562,0.5161427,-0.044154316,8,21939,"{""type"":""MultiPoint"",""coordinates"":[]}"
1071_0,-0.017857777,0.43470854,-0.028898383,8,35,"{""type"":""MultiPoint"",""coordinates"":[]}"
1072_0,0.25170907,0.6628571,0.2667872,8,10812,"{""type"":""MultiPoint"",""coordinates"":[]}"
1073_0,0.14094625,0.58894145,0.10665639,8,1147,"{""type"":""MultiPoint"",""coordinates"":[]}"
1074_0,-0.08440572,0.26210177,-0.10226307,8,194,"{""type"":""MultiPoint"",""coordinates"":[]}"
1075_0,-0.112779446,0.4369847,-0.15497835,8,12644,"{""type"":""MultiPoint"",""coordinates"":[]}"
1076_0,0.31033343,0.8513964,0.27601647,8,12845,"{""type"":""MultiPoint"",""coordinates"":[]}"
1077_0,0.17034474,0.6994659,0.14143611,8,15016,"{""type"":""MultiPoint"",""coordinates"":[]}"
1078_0,0.24020137,0.82840073,0.2243025,8,4156,"{""type"":""MultiPoint"",""coordinates"":[]}"
1079_0,0.24462101,0.85211957,0.25583944,8,15256,"{""type"":""MultiPoint"",""coordinates"":[]}"
1080_0,-0.11816397,0.35148412,-0.11180498,8,3533,"{""type"":""MultiPoint"",""coordinates"":[]}"
1081_0,-0.02014723,0.417831,-0.07793031,8,14261,"{""type"":""MultiPoint"",""coordinates"":[]}"
1082_0,0.08121935,0.41878322,0.05647986,8,22159,"{""type"":""MultiPoint"",""coordinates"":[]}"
1083_0,-0.057630856,0.10109949,-0.06939809,8,6285,"{""type"":""MultiPoint"",""coordinates"":[]}"
1084_0,0.103409305,0.5146147,0.024293693,8,18168,"{""type"":""MultiPoint"",""coordinates"":[]}"
1085_0,0.15102549,0.7158262,0.13798906,8,22643,"{""type"":""MultiPoint"",""coordinates"":[]}"
1086_0,-0.07524613,0.32260078,-0.09416111,8,4119,"{""type"":""MultiPoint"",""coordinates"":[]}"
1087_0,0.3088005,0.665687,0.265477,8,7808,"{""type"":""MultiPoint"",""coordinates"":[]}"
1088_0,0.14751488,0.696348,0.11650969,8,14543,"{""type"":""MultiPoint"",""coordinates"":[]}"
1089_0,0.2955064,0.69455296,0.24480052,8,5954,"{""type"":""MultiPoint"",""coordinates"":[]}"
1090_0,0.19267361,0.7063953,0.1647894,8,3189,"{""type"":""MultiPoint"",""coordinates"":[]}"
1091_0,0.16218509,0.7794989,0.13170557,8,20211,"{""type"":""MultiPoint"",""coordinates"":[]}"
1092_0,-0.035798445,0.41255698,-0.07262007,8,5504,"{""type"":""MultiPoint"",""coordinates"":[]}"
1093_0,0.14778857,0.6768659,0.105997734,8,17500,"{""type"":""MultiPoint"",""coordinates"":[]}"
1094_0,0.24327928,0.7694641,0.21303143,8,9725,"{""type"":""MultiPoint"",""coordinates"":[]}"
1095_0,0.24132173,0.8170365,0.2147925,8,17585,"{""type"":""MultiPoint"",""coordinates"":[]}"
1096_0,0.233137,0.8051846,0.25309736,8,14791,"{""type"":""MultiPoint"",""coordinates"":[]}"
1097_0,-0.13667868,0.29875886,-0.17377612,8,6442,"{""type"":""MultiPoint"",""coordinates"":[]}"
1098_0,-0.025444493,0.4390433,-0.06695398,8,8962,"{""type"":""MultiPoint"",""coordinates"":[]}"
1099_0,0.07747666,0.618555,0.033199515,8,14421,"{""type"":""MultiPoint"",""coordinates"":[]}"
1100_0,-0.07117853,0.39241293,-0.1031444,8,11297,"{""type"":""MultiPoint"",""coordinates"":[]}"
1101_0,0.06370914,0.6560777,0.052719664,8,23256,"{""type"":""MultiPoint"",""coordinates"":[]}"
1102_0,0.23418948,0.77196586,0.20332819,8,9870,"{""type"":""MultiPoint"",""coordinates"":[]}"
1103_0,0.061633687,0.55512464,0.028745854,8,9804,"{""type"":""MultiPoint"",""coordinates"":[]}"
1104_0,-0.16491535,0.2563408,-0.21350393,8,24944,"{""type"":""MultiPoint"",""coordinates"":[]}"
1105_0,-0.10941001,0.3196319,-0.14911938,8,25084,"{""type"":""MultiPoint"",""coordinates"":[]}"
1106_0,-0.09557321,0.44895545,-0.1352623,8,10901,"{""type"":""MultiPoint"",""coordinates"":[]}"
1107_0,0.08367113,0.6614945,0.048885286,8,18043,"{""type"":""MultiPoint"",""coordinates"":[]}"
1108_0,0.07072498,0.5369929,0.014625733,8,21537,"{""type"":""MultiPoint"",""coordinates"":[]}"
1109_0,0.31222823,0.9090767,0.31341162,8,1052,"{""type"":""MultiPoint"",""coordinates"":[]}"
1110_0,0.22769651,0.7958702,0.19194104,8,8960,"{""type"":""MultiPoint"",""coordinates"":[]}"
1111_0,0.10000544,0.7408528,0.07991647,8,3581,"{""type"":""MultiPoint"",""coordinates"":[]}"
1112_0,0.09774978,0.6673684,0.053209618,8,21787,"{""type"":""MultiPoint"",""coordinates"":[]}"
1113_0,0.018287534,0.48623395,-0.04069436,8,10676,"{""type"":""MultiPoint"",""coordinates"":[]}"
1114_0,0.21704406,0.7735612,0.19900958,8,6592,"{""type"":""MultiPoint"",""coordinates"":[]}"
1115_0,0.10755807,0.69503105,0.083020516,8,21977,"{""type"":""MultiPoint"",""coordinates"":[]}"
1116_0,0.066509515,0.49282545,0.018065887,8,23302,"{""type"":""MultiPoint"",""coordinates"":[]}"
1117_0,0.15698314,0.7736001,0.16476287,8,2516,"{""type"":""MultiPoint"",""coordinates"":[]}"
1118_0,0.22222975,0.86770827,0.17342211,8,6275,"{""type"":""MultiPoint"",""coordinates"":[]}"
1119_0,0.12223671,0.63547474,0.08336912,8,24087,"{""type"":""MultiPoint"",""coordinates"":[]}"
1120_0,0.1717601,0.58965164,0.12260128,8,14264,"{""type"":""MultiPoint"",""coordinates"":[]}"
1121_0,0.12645249,0.5754562,0.10335621,8,718,"{""type"":""MultiPoint"",""coordinates"":[]}"
1122_0,-0.03191677,0.49068668,-0.04369538,8,22709,"{""type"":""MultiPoint"",""coordinates"":[]}"
1123_0,0.23758025,0.78603506,0.19093435,8,19962,"{""type"":""MultiPoint"",""coordinates"":[]}"
1124_0,0.29083365,0.8334274,0.26711154,8,24204,"{""type"":""MultiPoint"",""coordinates"":[]}"
1125_0,0.047091413,0.51289874,-0.0067927297,8,25001,"{""type"":""MultiPoint"",""coordinates"":[]}"
1126_0,-0.03700214,0.5133108,-0.063161045,8,15685,"{""type"":""MultiPoint"",""coordinates"":[]}"
1127_0,0.19516988,0.73884815,0.17098379,8,21491,"{""type"":""MultiPoint"",""coordinates"":[]}"
1128_0,0.17591263,0.7581133,0.09696423,8,13295,"{""type"":""MultiPoint"",""coordinates"":[]}"
1129_0,0.108053565,0.67042756,0.09058474,8,11660,"{""type"":""MultiPoint"",""coordinates"":[]}"
1130_0,0.028453346,0.6280553,-0.006506181,8,7212,"{""type"":""MultiPoint"",""coordinates"":[]}"
1131_0,0.27555025,0.8276438,0.28311947,8,21995,"{""type"":""MultiPoint"",""coordinates"":[]}"
1132_0,0.19148017,0.71228766,0.119213015,8,19618,"{""type"":""MultiPoint"",""coordinates"":[]}"
1133_0,0.079698056,0.606529,0.05092504,8,15115,"{""type"":""MultiPoint"",""coordinates"":[]}"
1134_0,0.02520735,0.5328533,0.05731103,8,5732,"{""type"":""MultiPoint"",""coordinates"":[]}"
1135_0,0.077632554,0.61671203,0.04735729,8,14975,"{""type"":""MultiPoint"",""coordinates"":[]}"
1136_0,0.023931341,0.48395312,-0.007291843,8,14364,"{""type"":""MultiPoint"",""coordinates"":[]}"
1137_0,-0.0845704,0.36542836,-0.14115404,8,1675,"{""type"":""MultiPoint"",""coordinates"":[]}"
1138_0,0.20312499,0.6504791,0.16646077,8,3070,"{""type"":""MultiPoint"",""coordinates"":[]}"
1139_0,0.091926806,0.5381199,-0.0059623183,8,2214,"{""type"":""MultiPoint"",""coordinates"":[]}"
1140_0,0.017026577,0.5420965,-8.6244073E-4,8,6014,"{""type"":""MultiPoint"",""coordinates"":[]}"
1141_0,-0.012333658,0.35591602,-0.036446854,8,24606,"{""type"":""MultiPoint"",""coordinates"":[]}"
1142_0,0.121892005,0.5563013,0.10656741,8,8416,"{""type"":""MultiPoint"",""coordinates"":[]}"
1143_0,0.038444664,0.58351165,0.0326866,8,17178,"{""type"":""MultiPoint"",""coordinates"":[]}"
1144_0,-0.07340293,0.4015572,-0.08971841,8,5227,"{""type"":""MultiPoint"",""coordinates"":[]}"
1145_0,0.09950182,0.5519214,0.053246643,8,22475,"{""type"":""MultiPoint"",""coordinates"":[]}"
1146_0,0.15182956,0.6745725,0.119442545,8,22951,"{""type"":""MultiPoint"",""coordinates"":[]}"
1147_0,0.049569707,0.63372093,0.013247404,8,5687,"{""type"":""MultiPoint"",""coordinates"":[]}"
1148_0,-0.050515465,0.43425605,-0.09694989,8,22824,"{""type"":""MultiPoint"",""coordinates"":[]}"
1149_0,0.16286035,0.70257,0.14428626,8,4774,"{""type"":""MultiPoint"",""coordinates"":[]}"
1150_0,-0.09724072,0.34805766,-0.16698289,8,6029,"{""type"":""MultiPoint"",""coordinates"":[]}"
1151_0,0.1681543,0.6880019,0.123387195,8,9701,"{""type"":""MultiPoint"",""coordinates"":[]}"
1152_0,0.10145744,0.64840215,0.071828395,8,17401,"{""type"":""MultiPoint"",""coordinates"":[]}"
1153_0,0.022914473,0.6372203,-0.004347566,8,9291,"{""type"":""MultiPoint"",""coordinates"":[]}"
1154_0,0.12905088,0.7190043,0.09853189,8,6216,"{""type"":""MultiPoint"",""coordinates"":[]}"
1155_0,-0.069468684,0.50297654,-0.113421276,8,6325,"{""type"":""MultiPoint"",""coordinates"":[]}"
1156_0,0.055122998,0.67106944,0.03466054,8,10556,"{""type"":""MultiPoint"",""coordinates"":[]}"
1157_0,0.117952526,0.7307012,0.101794146,8,4226,"{""type"":""MultiPoint"",""coordinates"":[]}"
1158_0,0.107836194,0.72316146,0.08785009,8,8413,"{""type"":""MultiPoint"",""coordinates"":[]}"
1159_0,-0.050784167,0.4940214,-0.08359498,8,20294,"{""type"":""MultiPoint"",""coordinates"":[]}"
1160_0,0.119035825,0.6868476,0.10709505,8,21181,"{""type"":""MultiPoint"",""coordinates"":[]}"
1161_0,-0.13546567,0.24370956,-0.17049839,8,21405,"{""type"":""MultiPoint"",""coordinates"":[]}"
1162_0,-0.024637192,0.43665037,-0.06939063,8,24640,"{""type"":""MultiPoint"",""coordinates"":[]}"
1163_0,-0.022260647,0.30615124,-0.022986056,8,23726,"{""type"":""MultiPoint"",""coordinates"":[]}"
1164_0,0.0137035055,0.4448213,0.00964975,8,23560,"{""type"":""MultiPoint"",""coordinates"":[]}"
1165_0,0.16371027,0.59367394,0.07311079,8,4203,"{""type"":""MultiPoint"",""coordinates"":[]}"
1166_0,0.08422858,0.6170012,0.10058176,8,18170,"{""type"":""MultiPoint"",""coordinates"":[]}"
1167_0,0.036313266,0.7270061,-0.009482161,8,3509,"{""type"":""MultiPoint"",""coordinates"":[]}"
1168_0,-0.09755142,0.3805919,-0.15292902,8,2813,"{""type"":""MultiPoint"",""coordinates"":[]}"
1169_0,0.026044022,0.3686809,0.028753731,8,10675,"{""type"":""MultiPoint"",""coordinates"":[]}"
1170_0,-0.01884253,0.5299018,-0.07863555,8,9498,"{""type"":""MultiPoint"",""coordinates"":[]}"
1171_0,0.2049884,0.8037085,0.18681967,8,12530,"{""type"":""MultiPoint"",""coordinates"":[]}"
1172_0,0.22043861,0.60805285,0.19970156,8,19341,"{""type"":""MultiPoint"",""coordinates"":[]}"
1173_0,0.043816995,0.53838265,0.031912647,8,12324,"{""type"":""MultiPoint"",""coordinates"":[]}"
1174_0,0.26849663,0.82819843,0.2609558,8,3703,"{""type"":""MultiPoint"",""coordinates"":[]}"
1175_0,-0.13695805,0.32601672,-0.1394663,8,24452,"{""type"":""MultiPoint"",""coordinates"":[]}"
1176_0,0.06708937,0.63386077,0.028258342,8,1457,"{""type"":""MultiPoint"",""coordinates"":[]}"
1177_0,0.07348412,0.5629748,-0.016055219,8,4003,"{""type"":""MultiPoint"",""coordinates"":[]}"
1178_0,0.123765014,0.71971416,0.08072788,8,6237,"{""type"":""MultiPoint"",""coordinates"":[]}"
1179_0,0.07273559,0.5492021,0.016927473,8,6896,"{""type"":""MultiPoint"",""coordinates"":[]}"
1180_0,0.03230362,0.57766145,0.0032608695,8,6524,"{""type"":""MultiPoint"",""coordinates"":[]}"
1181_0,0.27289888,0.78708315,0.2582679,8,10624,"{""type"":""MultiPoint"",""coordinates"":[]}"
1182_0,-0.14744131,0.44372037,-0.17122938,8,19026,"{""type"":""MultiPoint"",""coordinates"":[]}"
1183_0,0.13498852,0.7233084,0.12148787,8,13791,"{""type"":""MultiPoint"",""coordinates"":[]}"
1184_0,0.2604901,0.81161225,0.24528949,8,24677,"{""type"":""MultiPoint"",""coordinates"":[]}"
1185_0,0.24430265,0.59300476,0.21219453,8,3876,"{""type"":""MultiPoint"",""coordinates"":[]}"
1186_0,0.09355192,0.7450307,0.046003316,8,1610,"{""type"":""MultiPoint"",""coordinates"":[]}"
1187_0,0.13456543,0.70913666,0.118119605,8,10612,"{""type"":""MultiPoint"",""coordinates"":[]}"
1188_0,0.018872479,0.50381005,-0.02166282,8,5532,"{""type"":""MultiPoint"",""coordinates"":[]}"
1189_0,-0.0956149,0.32291132,-0.11709331,8,24437,"{""type"":""MultiPoint"",""coordinates"":[]}"
1190_0,-0.03423161,0.50949574,-0.10220768,8,13079,"{""type"":""MultiPoint"",""coordinates"":[]}"
1191_0,0.017609274,0.51696074,-0.02694693,8,23627,"{""type"":""MultiPoint"",""coordinates"":[]}"
1192_0,0.16163693,0.6299495,0.10146964,8,17298,"{""type"":""MultiPoint"",""coordinates"":[]}"
1193_0,0.12357398,0.6373896,0.11762366,8,24650,"{""type"":""MultiPoint"",""coordinates"":[]}"
1194_0,0.17794918,0.6948309,0.11814008,8,17,"{""type"":""MultiPoint"",""coordinates"":[]}"
1195_0,0.060862873,0.58607966,-0.00854644,8,9688,"{""type"":""MultiPoint"",""coordinates"":[]}"
1196_0,0.12264721,0.72529733,0.09640922,8,18594,"{""type"":""MultiPoint"",""coordinates"":[]}"
1197_0,-0.016369598,0.525071,-0.043094836,8,24701,"{""type"":""MultiPoint"",""coordinates"":[]}"
1198_0,0.19848761,0.6895835,0.1467922,8,9798,"{""type"":""MultiPoint"",""coordinates"":[]}"
1199_0,-0.0167763,0.6002472,-0.07661691,8,13883,"{""type"":""MultiPoint"",""coordinates"":[]}"
1200_0,0.09801202,0.5719249,0.07381913,8,14302,"{""type"":""MultiPoint"",""coordinates"":[]}"
1201_0,0.009274464,0.54029703,-0.014202667,8,3482,"{""type"":""MultiPoint"",""coordinates"":[]}"
1202_0,-0.05475561,0.38327175,-0.09680351,8,23341,"{""type"":""MultiPoint"",""coordinates"":[]}"
1203_0,-0.0279377,0.342743,-0.043768715,8,3282,"{""type"":""MultiPoint"",""coordinates"":[]}"
1204_0,-0.07704604,0.25193706,-0.13345706,8,8025,"{""type"":""MultiPoint"",""coordinates"":[]}"
1205_0,0.007572381,0.5461817,-0.019918757,8,22312,"{""type"":""MultiPoint"",""coordinates"":[]}"
1206_0,-0.08613095,0.39576146,-0.1257319,8,13538,"{""type"":""MultiPoint"",""coordinates"":[]}"
1207_0,-0.05437561,0.45948872,-0.08288477,8,13952,"{""type"":""MultiPoint"",""coordinates"":[]}"
1208_0,0.11790017,0.5684247,0.060606062,8,4546,"{""type"":""MultiPoint"",""coordinates"":[]}"
1209_0,-0.07790549,0.33698085,-0.119121745,8,9607,"{""type"":""MultiPoint"",""coordinates"":[]}"
1210_0,0.11811103,0.45091605,0.09097797,8,21605,"{""type"":""MultiPoint"",""coordinates"":[]}"
1211_0,-0.03500864,0.5514975,-0.02401714,8,16914,"{""type"":""MultiPoint"",""coordinates"":[]}"
1212_0,0.18541908,0.8414652,0.18102689,8,12490,"{""type"":""MultiPoint"",""coordinates"":[]}"
1213_0,-0.122728445,0.35117835,-0.17561893,8,9728,"{""type"":""MultiPoint"",""coordinates"":[]}"
1214_0,0.02118492,0.58283263,-0.008882309,8,21336,"{""type"":""MultiPoint"",""coordinates"":[]}"
1215_0,0.27326247,0.7952835,0.23379311,8,21058,"{""type"":""MultiPoint"",""coordinates"":[]}"
1216_0,-0.024725724,0.29239357,-0.05511005,8,911,"{""type"":""MultiPoint"",""coordinates"":[]}"
1217_0,0.046140976,0.49436206,0.004673464,8,1512,"{""type"":""MultiPoint"",""coordinates"":[]}"
1218_0,-0.12517034,0.30162323,-0.1620922,8,11603,"{""type"":""MultiPoint"",""coordinates"":[]}"
1219_0,0.065602005,0.68369704,0.047102027,8,23353,"{""type"":""MultiPoint"",""coordinates"":[]}"
1220_0,-0.07298553,0.28319502,-0.111879855,8,9621,"{""type"":""MultiPoint"",""coordinates"":[]}"
1221_0,0.045641612,0.6771948,0.04552933,8,8449,"{""type"":""MultiPoint"",""coordinates"":[]}"
1222_0,0.022591723,0.5796253,-0.009264511,8,24260,"{""type"":""MultiPoint"",""coordinates"":[]}"
1223_0,0.2144567,0.85697204,0.21718311,8,12469,"{""type"":""MultiPoint"",""coordinates"":[]}"
1224_0,0.17509137,0.75646275,0.14242983,8,3737,"{""type"":""MultiPoint"",""coordinates"":[]}"
1225_0,0.07007419,0.5720733,0.024390243,8,12024,"{""type"":""MultiPoint"",""coordinates"":[]}"
1226_0,0.16630541,0.8009421,0.17240928,8,17324,"{""type"":""MultiPoint"",""coordinates"":[]}"
1227_0,0.0860499,0.7009252,0.05964113,8,8319,"{""type"":""MultiPoint"",""coordinates"":[]}"
1228_0,0.11902162,0.6290617,0.055028465,8,13020,"{""type"":""MultiPoint"",""coordinates"":[]}"
1229_0,0.1346879,0.7384436,0.09752743,8,5070,"{""type"":""MultiPoint"",""coordinates"":[]}"
1230_0,0.1891892,0.827414,0.20116724,8,23307,"{""type"":""MultiPoint"",""coordinates"":[]}"
1231_0,0.040382244,0.5521869,-0.032225914,8,8673,"{""type"":""MultiPoint"",""coordinates"":[]}"
1232_0,0.0635373,0.6477205,0.012269938,8,12778,"{""type"":""MultiPoint"",""coordinates"":[]}"
1233_0,0.014324858,0.4597711,-0.0271264,8,13552,"{""type"":""MultiPoint"",""coordinates"":[]}"
1234_0,0.3313356,0.84752536,0.3063943,8,24600,"{""type"":""MultiPoint"",""coordinates"":[]}"
1235_0,0.010521179,0.36540082,-0.008336019,8,2904,"{""type"":""MultiPoint"",""coordinates"":[]}"
1236_0,-0.1518108,0.4555934,-0.16267301,8,6423,"{""type"":""MultiPoint"",""coordinates"":[]}"
1237_0,-0.08396436,0.3627203,-0.12700489,8,5627,"{""type"":""MultiPoint"",""coordinates"":[]}"
1238_0,0.07192304,0.57398987,-0.0025082259,8,5570,"{""type"":""MultiPoint"",""coordinates"":[]}"
1239_0,0.20472977,0.83621484,0.17840146,8,7850,"{""type"":""MultiPoint"",""coordinates"":[]}"
1240_0,0.09261641,0.7632936,0.09561889,8,11472,"{""type"":""MultiPoint"",""coordinates"":[]}"
1241_0,0.044476327,0.60499704,0.0063409177,8,10175,"{""type"":""MultiPoint"",""coordinates"":[]}"
1242_0,0.082175985,0.36636734,0.05963793,8,25046,"{""type"":""MultiPoint"",""coordinates"":[]}"
1243_0,0.08538813,0.6352132,0.047896646,8,13086,"{""type"":""MultiPoint"",""coordinates"":[]}"
1244_0,0.090289,0.5887047,0.036318693,8,17812,"{""type"":""MultiPoint"",""coordinates"":[]}"
1245_0,-0.014136989,0.39041066,-0.03487412,8,147,"{""type"":""MultiPoint"",""coordinates"":[]}"
1246_0,0.30717328,0.87362194,0.27847633,8,20372,"{""type"":""MultiPoint"",""coordinates"":[]}"
1247_0,0.090813205,0.5992062,0.07269749,8,23087,"{""type"":""MultiPoint"",""coordinates"":[]}"
1248_0,-0.033932924,0.3394051,-0.08005882,8,5081,"{""type"":""MultiPoint"",""coordinates"":[]}"
1249_0,0.013644259,0.44270715,-0.041081354,8,21562,"{""type"":""MultiPoint"",""coordinates"":[]}"
1250_0,0.16955605,0.6853544,0.129369,8,4605,"{""type"":""MultiPoint"",""coordinates"":[]}"
1251_0,0.24825254,0.7871908,0.23321067,8,4245,"{""type"":""MultiPoint"",""coordinates"":[]}"
1252_0,0.17518784,0.6033523,0.13383476,8,6965,"{""type"":""MultiPoint"",""coordinates"":[]}"
1253_0,0.05802424,0.45078534,0.041037485,8,2222,"{""type"":""MultiPoint"",""coordinates"":[]}"
1254_0,0.08816637,0.39709258,0.059374526,8,13604,"{""type"":""MultiPoint"",""coordinates"":[]}"
1255_0,-0.08140617,0.41143435,-0.14903766,8,18769,"{""type"":""MultiPoint"",""coordinates"":[]}"
1256_0,-0.15327846,0.41880342,-0.20940617,8,14128,"{""type"":""MultiPoint"",""coordinates"":[]}"
1257_0,0.14878409,0.6211637,0.10729852,8,996,"{""type"":""MultiPoint"",""coordinates"":[]}"
1258_0,0.18949544,0.7025276,0.14107843,8,5995,"{""type"":""MultiPoint"",""coordinates"":[]}"
1259_0,0.22174889,0.7507633,0.1896842,8,17561,"{""type"":""MultiPoint"",""coordinates"":[]}"
1260_0,0.15585673,0.60612535,0.13840744,8,3142,"{""type"":""MultiPoint"",""coordinates"":[]}"
1261_0,0.2681199,0.75637394,0.21629919,8,16882,"{""type"":""MultiPoint"",""coordinates"":[]}"
1262_0,0.24095564,0.7913265,0.23468328,8,23335,"{""type"":""MultiPoint"",""coordinates"":[]}"
1263_0,-0.03036073,0.45128873,-0.08062146,8,5508,"{""type"":""MultiPoint"",""coordinates"":[]}"
1264_0,-0.14368838,0.27679557,-0.2027877,8,20993,"{""type"":""MultiPoint"",""coordinates"":[]}"
1265_0,0.01980305,0.4720696,-0.011009905,8,11262,"{""type"":""MultiPoint"",""coordinates"":[]}"
1266_0,-0.025678921,0.43012288,-0.051913604,8,16041,"{""type"":""MultiPoint"",""coordinates"":[]}"
1267_0,-0.010629124,0.46426535,-0.039518483,8,3502,"{""type"":""MultiPoint"",""coordinates"":[]}"
1268_0,0.0812759,0.6396852,0.06062281,8,17865,"{""type"":""MultiPoint"",""coordinates"":[]}"
1269_0,-0.0970419,0.51965296,-0.16826497,8,2497,"{""type"":""MultiPoint"",""coordinates"":[]}"
1270_0,-0.09263192,0.5763681,-0.114759706,8,22532,"{""type"":""MultiPoint"",""coordinates"":[]}"
1271_0,-0.006239436,0.54375607,-0.06729334,8,14936,"{""type"":""MultiPoint"",""coordinates"":[]}"
1272_0,-0.12526347,0.27884144,-0.16235015,8,18577,"{""type"":""MultiPoint"",""coordinates"":[]}"
1273_0,0.09347775,0.41168615,0.08744856,8,2386,"{""type"":""MultiPoint"",""coordinates"":[]}"
1274_0,0.18411054,0.75285566,0.17671663,8,8731,"{""type"":""MultiPoint"",""coordinates"":[]}"
1275_0,0.1663496,0.59398496,0.12666076,8,11243,"{""type"":""MultiPoint"",""coordinates"":[]}"
1276_0,0.30366173,0.8351813,0.29582652,8,16203,"{""type"":""MultiPoint"",""coordinates"":[]}"
1277_0,-0.003076923,0.35763502,-0.045877445,8,20099,"{""type"":""MultiPoint"",""coordinates"":[]}"
1278_0,0.10364964,0.69347113,0.10277642,8,16791,"{""type"":""MultiPoint"",""coordinates"":[]}"
1279_0,0.08773752,0.63105655,0.035903934,8,25364,"{""type"":""MultiPoint"",""coordinates"":[]}"
1280_0,0.057785966,0.6585676,0.020046208,8,5621,"{""type"":""MultiPoint"",""coordinates"":[]}"
1281_0,0.21491688,0.7504157,0.21221556,8,11066,"{""type"":""MultiPoint"",""coordinates"":[]}"
1282_0,0.038657606,0.5037168,-0.02097902,8,21536,"{""type"":""MultiPoint"",""coordinates"":[]}"
1283_0,0.24603279,0.8541221,0.24446855,8,14656,"{""type"":""MultiPoint"",""coordinates"":[]}"
1284_0,-0.06058425,0.36305138,-0.10262785,8,22364,"{""type"":""MultiPoint"",""coordinates"":[]}"
1285_0,0.015241457,0.5335413,-0.019614361,8,7191,"{""type"":""MultiPoint"",""coordinates"":[]}"
1286_0,-0.06662427,0.42343763,-0.09216958,8,22882,"{""type"":""MultiPoint"",""coordinates"":[]}"
1287_0,0.038321726,0.5842419,-0.029773558,8,1114,"{""type"":""MultiPoint"",""coordinates"":[]}"
1288_0,0.042316835,0.6506851,-0.03379294,8,16427,"{""type"":""MultiPoint"",""coordinates"":[]}"
1289_0,0.113632075,0.70953465,0.07947249,8,3329,"{""type"":""MultiPoint"",""coordinates"":[]}"
1290_0,0.31814912,0.7502699,0.26206538,8,13671,"{""type"":""MultiPoint"",""coordinates"":[]}"
1291_0,0.020279998,0.6142842,0.010382726,8,13164,"{""type"":""MultiPoint"",""coordinates"":[]}"
1292_0,0.06112394,0.5811467,0.03405671,8,21100,"{""type"":""MultiPoint"",""coordinates"":[]}"
1293_0,-0.039360873,0.45770225,-0.13767482,8,2084,"{""type"":""MultiPoint"",""coordinates"":[]}"
1294_0,0.21681745,0.6557712,0.138293,8,11264,"{""type"":""MultiPoint"",""coordinates"":[]}"
1295_0,0.14001422,0.7071412,0.116516165,8,21255,"{""type"":""MultiPoint"",""coordinates"":[]}"
1296_0,0.11241929,0.64342356,0.115244485,8,19040,"{""type"":""MultiPoint"",""coordinates"":[]}"
1297_0,0.18344131,0.7639139,0.14883432,8,12958,"{""type"":""MultiPoint"",""coordinates"":[]}"
1298_0,0.06229381,0.57039714,0.038599283,8,1427,"{""type"":""MultiPoint"",""coordinates"":[]}"
1299_0,-0.042513862,0.42266637,-0.060815047,8,10991,"{""type"":""MultiPoint"",""coordinates"":[]}"
1300_0,0.036220472,0.4744287,-0.008052709,8,9407,"{""type"":""MultiPoint"",""coordinates"":[]}"
1301_0,0.095369734,0.543532,0.03024748,8,25260,"{""type"":""MultiPoint"",""coordinates"":[]}"
1302_0,-0.0558531,0.42258066,-0.098726116,8,18035,"{""type"":""MultiPoint"",""coordinates"":[]}"
1303_0,0.03274462,0.61471885,6.639863E-4,8,11143,"{""type"":""MultiPoint"",""coordinates"":[]}"
1304_0,-0.058388982,0.43939558,-0.08904894,8,16479,"{""type"":""MultiPoint"",""coordinates"":[]}"
1305_0,0.038972076,0.65926695,0.03458815,8,9645,"{""type"":""MultiPoint"",""coordinates"":[]}"
1306_0,-0.018481176,0.48820177,-0.044156775,8,14667,"{""type"":""MultiPoint"",""coordinates"":[]}"
1307_0,-0.033454996,0.29138064,-0.10917502,8,9279,"{""type"":""MultiPoint"",""coordinates"":[]}"
1308_0,0.008343397,0.42355695,-0.031614874,8,2157,"{""type"":""MultiPoint"",""coordinates"":[]}"
1309_0,-0.06358183,0.4065805,-0.12897944,8,12754,"{""type"":""MultiPoint"",""coordinates"":[]}"
1310_0,-0.01788556,0.56330407,-0.065097705,8,7591,"{""type"":""MultiPoint"",""coordinates"":[]}"
1311_0,0.28722072,0.71202755,0.2619157,8,25094,"{""type"":""MultiPoint"",""coordinates"":[]}"
1312_0,0.02010659,0.5003151,-0.039392605,8,4715,"{""type"":""MultiPoint"",""coordinates"":[]}"
1313_0,0.21767282,0.75591016,0.17591868,8,15667,"{""type"":""MultiPoint"",""coordinates"":[]}"
1314_0,0.011552789,0.44141966,-0.0185852,8,24856,"{""type"":""MultiPoint"",""coordinates"":[]}"
1315_0,-0.0057846243,0.36782968,-0.05168108,8,21628,"{""type"":""MultiPoint"",""coordinates"":[]}"
1316_0,-0.04377915,0.3828756,-0.07934038,8,15467,"{""type"":""MultiPoint"",""coordinates"":[]}"
1317_0,-0.086428836,0.23845193,-0.08470198,8,13499,"{""type"":""MultiPoint"",""coordinates"":[]}"
1318_0,0.24279399,0.84603256,0.23980942,8,4143,"{""type"":""MultiPoint"",""coordinates"":[]}"
1319_0,0.17644277,0.70078707,0.15519035,8,15925,"{""type"":""MultiPoint"",""coordinates"":[]}"
1320_0,0.25706595,0.71198714,0.2077185,8,12049,"{""type"":""MultiPoint"",""coordinates"":[]}"
1321_0,-0.0110778175,0.4916468,-0.024191678,8,8510,"{""type"":""MultiPoint"",""coordinates"":[]}"
1322_0,0.13966048,0.77818274,0.12731764,8,2195,"{""type"":""MultiPoint"",""coordinates"":[]}"
1323_0,0.013983963,0.5594758,-0.028615884,8,17491,"{""type"":""MultiPoint"",""coordinates"":[]}"
1324_0,0.12808186,0.6937664,0.105803706,8,19786,"{""type"":""MultiPoint"",""coordinates"":[]}"
1325_0,-0.01378026,0.5471025,-0.027824463,8,22753,"{""type"":""MultiPoint"",""coordinates"":[]}"
1326_0,0.27083033,0.8692835,0.2594439,8,5211,"{""type"":""MultiPoint"",""coordinates"":[]}"
1327_0,0.067355126,0.43026748,0.024646547,8,15912,"{""type"":""MultiPoint"",""coordinates"":[]}"
1328_0,0.11417249,0.72844154,0.080148935,8,17049,"{""type"":""MultiPoint"",""coordinates"":[]}"
1329_0,0.28646624,0.81448877,0.26101038,8,15393,"{""type"":""MultiPoint"",""coordinates"":[]}"
1330_0,0.078375466,0.3347935,0.05497369,8,25448,"{""type"":""MultiPoint"",""coordinates"":[]}"
1331_0,0.31590277,0.8036515,0.2680248,8,7747,"{""type"":""MultiPoint"",""coordinates"":[]}"
1332_0,0.019499643,0.48940352,-0.016081601,8,2518,"{""type"":""MultiPoint"",""coordinates"":[]}"
1333_0,0.13058007,0.7565289,0.09079381,8,1915,"{""type"":""MultiPoint"",""coordinates"":[]}"
1334_0,0.16316396,0.7433567,0.13515808,8,4296,"{""type"":""MultiPoint"",""coordinates"":[]}"
1335_0,-0.05395344,0.4208808,-0.08913527,8,11740,"{""type"":""MultiPoint"",""coordinates"":[]}"
1336_0,0.06342852,0.5647309,0.031117374,8,12477,"{""type"":""MultiPoint"",""coordinates"":[]}"
1337_0,0.06459974,0.5112225,-0.004996168,8,1336,"{""type"":""MultiPoint"",""coordinates"":[]}"
1338_0,0.120845,0.5089758,0.0895653,8,22371,"{""type"":""MultiPoint"",""coordinates"":[]}"
1339_0,0.18158436,0.64408815,0.1291735,8,1668,"{""type"":""MultiPoint"",""coordinates"":[]}"
1340_0,0.03249006,0.44947916,0.010294557,8,12440,"{""type"":""MultiPoint"",""coordinates"":[]}"
1341_0,0.001767409,0.5358451,0.028217481,8,13523,"{""type"":""MultiPoint"",""coordinates"":[]}"
1342_0,0.20586081,0.71182674,0.18004096,8,4345,"{""type"":""MultiPoint"",""coordinates"":[]}"
1343_0,0.12643804,0.69941336,0.07738535,8,14492,"{""type"":""MultiPoint"",""coordinates"":[]}"
1344_0,0.239531,0.7044419,0.18864179,8,23447,"{""type"":""MultiPoint"",""coordinates"":[]}"
1345_0,0.1838831,0.763778,0.14020708,8,13984,"{""type"":""MultiPoint"",""coordinates"":[]}"
1346_0,0.125077,0.42776883,0.14741251,8,1661,"{""type"":""MultiPoint"",""coordinates"":[]}"
1347_0,0.035516378,0.5672476,-0.008650373,8,7584,"{""type"":""MultiPoint"",""coordinates"":[]}"
1348_0,0.262679,0.82662255,0.2392905,8,7438,"{""type"":""MultiPoint"",""coordinates"":[]}"
1349_0,0.21926188,0.78879815,0.21735588,8,11145,"{""type"":""MultiPoint"",""coordinates"":[]}"
1350_0,0.21316908,0.7568433,0.17102005,8,16424,"{""type"":""MultiPoint"",""coordinates"":[]}"
1351_0,0.20305198,0.64913255,0.18980922,8,2916,"{""type"":""MultiPoint"",""coordinates"":[]}"
1352_0,0.06183635,0.59825325,0.030985916,8,1738,"{""type"":""MultiPoint"",""coordinates"":[]}"
1353_0,-0.035624214,0.5050829,-0.07295174,8,22571,"{""type"":""MultiPoint"",""coordinates"":[]}"
1354_0,0.33194265,0.8634359,0.31640103,8,12793,"{""type"":""MultiPoint"",""coordinates"":[]}"
1355_0,0.1788237,0.7612624,0.1793721,8,8103,"{""type"":""MultiPoint"",""coordinates"":[]}"
1356_0,-0.086867936,0.41102758,-0.13088012,8,10434,"{""type"":""MultiPoint"",""coordinates"":[]}"
1357_0,0.0114834225,0.53128546,-0.029330658,8,10882,"{""type"":""MultiPoint"",""coordinates"":[]}"
1358_0,0.03835892,0.48631597,-0.0026447496,8,21594,"{""type"":""MultiPoint"",""coordinates"":[]}"
1359_0,0.107612975,0.5743697,0.04799537,8,14956,"{""type"":""MultiPoint"",""coordinates"":[]}"
1360_0,0.14752175,0.69710916,0.116045654,8,13978,"{""type"":""MultiPoint"",""coordinates"":[]}"
1361_0,0.1822386,0.7460128,0.13244411,8,13062,"{""type"":""MultiPoint"",""coordinates"":[]}"
1362_0,-0.056196332,0.34371817,-0.10927913,8,3045,"{""type"":""MultiPoint"",""coordinates"":[]}"
1363_0,0.23400065,0.76789075,0.23638132,8,17792,"{""type"":""MultiPoint"",""coordinates"":[]}"
1364_0,0.13839129,0.5765178,0.09159011,8,22492,"{""type"":""MultiPoint"",""coordinates"":[]}"
1365_0,0.31464174,0.7924034,0.27986908,8,21026,"{""type"":""MultiPoint"",""coordinates"":[]}"
1366_0,0.13175254,0.6947428,0.104835734,8,21230,"{""type"":""MultiPoint"",""coordinates"":[]}"
1367_0,0.16210437,0.62572306,0.12628925,8,9397,"{""type"":""MultiPoint"",""coordinates"":[]}"
1368_0,0.3111663,0.8782247,0.27120444,8,6978,"{""type"":""MultiPoint"",""coordinates"":[]}"
1369_0,0.14230089,0.60670966,0.13029432,8,14969,"{""type"":""MultiPoint"",""coordinates"":[]}"
1370_0,0.053198654,0.46614936,0.026902175,8,25347,"{""type"":""MultiPoint"",""coordinates"":[]}"
1371_0,0.056523893,0.6122792,0.032864425,8,8476,"{""type"":""MultiPoint"",""coordinates"":[]}"
1372_0,0.16630839,0.69760936,0.14994398,8,9020,"{""type"":""MultiPoint"",""coordinates"":[]}"
1373_0,0.1216719,0.66619533,0.07009998,8,15880,"{""type"":""MultiPoint"",""coordinates"":[]}"
1374_0,-0.028057335,0.3336391,-0.058396466,8,4220,"{""type"":""MultiPoint"",""coordinates"":[]}"
1375_0,0.11241551,0.5638575,0.03507763,8,5709,"{""type"":""MultiPoint"",""coordinates"":[]}"
1376_0,0.229521,0.8622954,0.2337241,8,4306,"{""type"":""MultiPoint"",""coordinates"":[]}"
1377_0,0.10436832,0.6238257,0.011829909,8,3784,"{""type"":""MultiPoint"",""coordinates"":[]}"
1378_0,0.28485304,0.8536133,0.23476854,8,10133,"{""type"":""MultiPoint"",""coordinates"":[]}"
1379_0,0.14946237,0.70737076,0.13346723,8,14084,"{""type"":""MultiPoint"",""coordinates"":[]}"
1380_0,-0.103186645,0.36965552,-0.12923267,8,3778,"{""type"":""MultiPoint"",""coordinates"":[]}"
1381_0,0.2540796,0.7103835,0.21561027,8,8409,"{""type"":""MultiPoint"",""coordinates"":[]}"
1382_0,0.15530115,0.8596589,0.1380864,8,18310,"{""type"":""MultiPoint"",""coordinates"":[]}"
1383_0,0.17080486,0.77769196,0.13143423,8,7841,"{""type"":""MultiPoint"",""coordinates"":[]}"
1384_0,0.15256496,0.5251628,0.13214533,8,13396,"{""type"":""MultiPoint"",""coordinates"":[]}"
1385_0,-0.057931256,0.37970713,-0.09751244,8,5671,"{""type"":""MultiPoint"",""coordinates"":[]}"
1386_0,-0.08343058,0.35172096,-0.10077424,8,3735,"{""type"":""MultiPoint"",""coordinates"":[]}"
1387_0,-0.13777326,0.38704953,-0.17741095,8,5312,"{""type"":""MultiPoint"",""coordinates"":[]}"
1388_0,0.023128293,0.5151252,0.020490741,8,24964,"{""type"":""MultiPoint"",""coordinates"":[]}"
1389_0,0.17231727,0.57420987,0.078281954,8,16837,"{""type"":""MultiPoint"",""coordinates"":[]}"
1390_0,-0.05083707,0.22662747,-0.08229437,8,2635,"{""type"":""MultiPoint"",""coordinates"":[]}"
1391_0,-0.052232478,0.3757499,-0.09999971,8,12152,"{""type"":""MultiPoint"",""coordinates"":[]}"
1392_0,0.0863838,0.6514359,0.060423143,8,19992,"{""type"":""MultiPoint"",""coordinates"":[]}"
1393_0,-0.027794115,0.4832682,-0.064710885,8,22963,"{""type"":""MultiPoint"",""coordinates"":[]}"
1394_0,0.23971964,0.79993695,0.2300129,8,7578,"{""type"":""MultiPoint"",""coordinates"":[]}"
1395_0,-0.01712604,0.3595975,-0.040602617,8,8188,"{""type"":""MultiPoint"",""coordinates"":[]}"
1396_0,0.43085858,0.8620385,0.39137617,8,4972,"{""type"":""MultiPoint"",""coordinates"":[]}"
1397_0,0.19560236,0.71307284,0.16472167,8,22489,"{""type"":""MultiPoint"",""coordinates"":[]}"
1398_0,0.26125446,0.8125695,0.2409522,8,16417,"{""type"":""MultiPoint"",""coordinates"":[]}"
1399_0,-0.027198046,0.4313448,-0.112151325,8,1113,"{""type"":""MultiPoint"",""coordinates"":[]}"
1400_0,-0.083403505,0.43518642,-0.10865186,8,7337,"{""type"":""MultiPoint"",""coordinates"":[]}"
1401_0,0.2275744,0.71526116,0.17685336,8,550,"{""type"":""MultiPoint"",""coordinates"":[]}"
1402_0,-0.07710807,0.37948588,-0.13752176,8,24756,"{""type"":""MultiPoint"",""coordinates"":[]}"
1403_0,0.20220073,0.7675376,0.18660113,8,25437,"{""type"":""MultiPoint"",""coordinates"":[]}"
1404_0,-0.007061197,0.26671392,-0.065457135,8,13463,"{""type"":""MultiPoint"",""coordinates"":[]}"
1405_0,0.22276165,0.79227805,0.17137812,8,7172,"{""type"":""MultiPoint"",""coordinates"":[]}"
1406_0,0.19287954,0.73381525,0.17706546,8,17235,"{""type"":""MultiPoint"",""coordinates"":[]}"
1407_0,0.20239729,0.69507706,0.19162498,8,520,"{""type"":""MultiPoint"",""coordinates"":[]}"
1408_0,0.0675215,0.62983733,0.04450511,8,23188,"{""type"":""MultiPoint"",""coordinates"":[]}"
1409_0,-0.0018431292,0.4940838,-0.046919625,8,6921,"{""type"":""MultiPoint"",""coordinates"":[]}"
1410_0,-0.052502625,0.4272273,-0.12790698,8,21898,"{""type"":""MultiPoint"",""coordinates"":[]}"
1411_0,0.0981766,0.6949082,0.07509992,8,17670,"{""type"":""MultiPoint"",""coordinates"":[]}"
1412_0,-0.012701281,0.5749796,-0.060778953,8,3426,"{""type"":""MultiPoint"",""coordinates"":[]}"
1413_0,0.09604712,0.69358134,0.0654689,8,15814,"{""type"":""MultiPoint"",""coordinates"":[]}"
1414_0,-0.01075177,0.40851894,-0.05782401,8,14614,"{""type"":""MultiPoint"",""coordinates"":[]}"
1415_0,-0.06399873,0.35823703,-0.13069306,8,7185,"{""type"":""MultiPoint"",""coordinates"":[]}"
1416_0,0.07122314,0.6507177,0.05387783,8,17731,"{""type"":""MultiPoint"",""coordinates"":[]}"
1417_0,0.20215341,0.6467865,0.16979854,8,11558,"{""type"":""MultiPoint"",""coordinates"":[]}"
1418_0,-0.06120726,0.45661452,-0.105540894,8,401,"{""type"":""MultiPoint"",""coordinates"":[]}"
1419_0,-0.070490286,0.38700235,-0.100948766,8,3316,"{""type"":""MultiPoint"",""coordinates"":[]}"
1420_0,0.04537962,0.59611267,0.0341167,8,7861,"{""type"":""MultiPoint"",""coordinates"":[]}"
1421_0,0.012877928,0.51483077,-0.021876838,8,25096,"{""type"":""MultiPoint"",""coordinates"":[]}"
1422_0,0.18231371,0.7603229,0.17256205,8,8610,"{""type"":""MultiPoint"",""coordinates"":[]}"
1423_0,0.14860865,0.6849992,0.13320255,8,438,"{""type"":""MultiPoint"",""coordinates"":[]}"
1424_0,0.07012455,0.53817505,0.03445851,8,7738,"{""type"":""MultiPoint"",""coordinates"":[]}"
1425_0,0.1437816,0.7298969,0.08965814,8,24938,"{""type"":""MultiPoint"",""coordinates"":[]}"
1426_0,-0.06697558,0.3740917,-0.11992922,8,20051,"{""type"":""MultiPoint"",""coordinates"":[]}"
1427_0,-0.0019020448,0.44484556,-0.07830092,8,10906,"{""type"":""MultiPoint"",""coordinates"":[]}"
1428_0,0.052914426,0.4604651,0.006633854,8,10287,"{""type"":""MultiPoint"",""coordinates"":[]}"
1429_0,0.12248556,0.6933684,0.077158,8,1662,"{""type"":""MultiPoint"",""coordinates"":[]}"
1430_0,-0.05043009,0.45747638,-0.07527624,8,3668,"{""type"":""MultiPoint"",""coordinates"":[]}"
1431_0,0.30715215,0.9265805,0.30773154,8,23797,"{""type"":""MultiPoint"",""coordinates"":[]}"
1432_0,0.06247703,0.6313823,0.004408664,8,16164,"{""type"":""MultiPoint"",""coordinates"":[]}"
1433_0,0.09156845,0.5706657,0.050226137,8,23973,"{""type"":""MultiPoint"",""coordinates"":[]}"
1434_0,0.14057261,0.6127301,0.12219851,8,18592,"{""type"":""MultiPoint"",""coordinates"":[]}"
1435_0,0.16753927,0.7199341,0.16909294,8,23977,"{""type"":""MultiPoint"",""coordinates"":[]}"
1436_0,-0.03999329,0.4402029,-0.056017105,8,3470,"{""type"":""MultiPoint"",""coordinates"":[]}"
1437_0,-0.07944622,0.43949932,-0.101186626,8,9052,"{""type"":""MultiPoint"",""coordinates"":[]}"
1438_0,-0.0140708415,0.5343607,-0.055656034,8,681,"{""type"":""MultiPoint"",""coordinates"":[]}"
1439_0,0.20438282,0.7205882,0.14425428,8,24514,"{""type"":""MultiPoint"",""coordinates"":[]}"
1440_0,-0.041750897,0.38734514,-0.07884302,8,3410,"{""type"":""MultiPoint"",""coordinates"":[]}"
1441_0,0.21415907,0.6177785,0.16985795,8,23075,"{""type"":""MultiPoint"",""coordinates"":[]}"
1442_0,-0.12518112,0.2612613,-0.14689086,8,23623,"{""type"":""MultiPoint"",""coordinates"":[]}"
1443_0,-0.068586335,0.42626002,-0.13283326,8,2153,"{""type"":""MultiPoint"",""coordinates"":[]}"
1444_0,0.2557207,0.8167139,0.2172533,8,4391,"{""type"":""MultiPoint"",""coordinates"":[]}"
1445_0,0.23427181,0.7432086,0.21943349,8,6492,"{""type"":""MultiPoint"",""coordinates"":[]}"
1446_0,0.21947879,0.7458069,0.17864159,8,4672,"{""type"":""MultiPoint"",""coordinates"":[]}"
1447_0,0.13573743,0.5416801,0.07558266,8,6357,"{""type"":""MultiPoint"",""coordinates"":[]}"
1448_0,0.04041474,0.5316017,0.035992447,8,7665,"{""type"":""MultiPoint"",""coordinates"":[]}"
1449_0,-0.059618354,0.40943313,-0.117305025,8,18200,"{""type"":""MultiPoint"",""coordinates"":[]}"
1450_0,0.19455703,0.8003971,0.16289379,8,5098,"{""type"":""MultiPoint"",""coordinates"":[]}"
1451_0,0.052858684,0.59322035,-0.0017113519,8,20475,"{""type"":""MultiPoint"",""coordinates"":[]}"
1452_0,0.19854411,0.7486148,0.16409029,8,17183,"{""type"":""MultiPoint"",""coordinates"":[]}"
1453_0,0.06459774,0.6944215,0.05066758,8,23917,"{""type"":""MultiPoint"",""coordinates"":[]}"
1454_0,-0.12908164,0.19043063,-0.16217673,8,24575,"{""type"":""MultiPoint"",""coordinates"":[]}"
1455_0,-0.08438819,0.3998006,-0.117987186,8,6667,"{""type"":""MultiPoint"",""coordinates"":[]}"
1456_0,-0.07962529,0.49224582,-0.12392514,8,12230,"{""type"":""MultiPoint"",""coordinates"":[]}"
1457_0,0.08882885,0.6771233,0.008881521,8,5437,"{""type"":""MultiPoint"",""coordinates"":[]}"
1458_0,-0.09894397,0.4587126,-0.17310335,8,538,"{""type"":""MultiPoint"",""coordinates"":[]}"
1459_0,0.02663164,0.46464726,0.0030533446,8,1288,"{""type"":""MultiPoint"",""coordinates"":[]}"
1460_0,0.28637275,0.54172844,0.23970519,8,459,"{""type"":""MultiPoint"",""coordinates"":[]}"
1461_0,0.20113452,0.8713438,0.18434769,8,12538,"{""type"":""MultiPoint"",""coordinates"":[]}"
1462_0,-0.10877238,0.35663673,-0.12546666,8,6501,"{""type"":""MultiPoint"",""coordinates"":[]}"
1463_0,0.12618646,0.7290059,0.0818046,8,22151,"{""type"":""MultiPoint"",""coordinates"":[]}"
1464_0,0.18032786,0.6561378,0.15514593,8,9601,"{""type"":""MultiPoint"",""coordinates"":[]}"
1465_0,0.14236064,0.8563598,0.12435234,8,20955,"{""type"":""MultiPoint"",""coordinates"":[]}"
1466_0,0.18581389,0.7432756,0.1577231,8,19848,"{""type"":""MultiPoint"",""coordinates"":[]}"
1467_0,0.12121767,0.651059,0.07323842,8,3964,"{""type"":""MultiPoint"",""coordinates"":[]}"
1468_0,0.19133127,0.6981608,0.13446692,8,2300,"{""type"":""MultiPoint"",""coordinates"":[]}"
1469_0,0.27752113,0.7428356,0.25623804,8,16415,"{""type"":""MultiPoint"",""coordinates"":[]}"
1470_0,-0.053350236,0.46910667,-0.09464238,8,12498,"{""type"":""MultiPoint"",""coordinates"":[]}"
1471_0,-0.036972746,0.4857143,-0.07899946,8,12005,"{""type"":""MultiPoint"",""coordinates"":[]}"
1472_0,0.18519393,0.67485917,0.123348825,8,2579,"{""type"":""MultiPoint"",""coordinates"":[]}"
1473_0,0.11445278,0.75737953,0.069201715,8,19575,"{""type"":""MultiPoint"",""coordinates"":[]}"
1474_0,-0.09263041,0.37306553,-0.16073185,8,2533,"{""type"":""MultiPoint"",""coordinates"":[]}"
1475_0,0.17445531,0.6923547,0.1595206,8,5001,"{""type"":""MultiPoint"",""coordinates"":[]}"
1476_0,-0.18888667,0.30794108,-0.24547698,8,1201,"{""type"":""MultiPoint"",""coordinates"":[]}"
1477_0,0.27864423,0.7982838,0.24723355,8,18575,"{""type"":""MultiPoint"",""coordinates"":[]}"
1478_0,0.07608076,0.72327644,0.0432005,8,9233,"{""type"":""MultiPoint"",""coordinates"":[]}"
1479_0,-0.10925926,0.26308104,-0.17105894,8,23033,"{""type"":""MultiPoint"",""coordinates"":[]}"
1480_0,0.22401626,0.8263495,0.24050279,8,17191,"{""type"":""MultiPoint"",""coordinates"":[]}"
1481_0,0.09649033,0.6786953,0.053581305,8,2152,"{""type"":""MultiPoint"",""coordinates"":[]}"
1482_0,0.06483743,0.70287836,0.048999045,8,7603,"{""type"":""MultiPoint"",""coordinates"":[]}"
1483_0,0.09586331,0.5294151,0.08106192,8,21289,"{""type"":""MultiPoint"",""coordinates"":[]}"
1484_0,0.10884515,0.768745,0.06750013,8,22438,"{""type"":""MultiPoint"",""coordinates"":[]}"
1485_0,0.076563165,0.6311813,0.048245613,8,2772,"{""type"":""MultiPoint"",""coordinates"":[]}"
1486_0,-0.12484587,0.4353137,-0.16786686,8,7431,"{""type"":""MultiPoint"",""coordinates"":[]}"
1487_0,-0.10031949,0.4142427,-0.07979307,8,12157,"{""type"":""MultiPoint"",""coordinates"":[]}"
1488_0,0.11204195,0.69778395,0.09162251,8,8608,"{""type"":""MultiPoint"",""coordinates"":[]}"
1489_0,0.15487878,0.66465366,0.093877554,8,24305,"{""type"":""MultiPoint"",""coordinates"":[]}"
1490_0,0.07926116,0.67676765,0.03990025,8,3946,"{""type"":""MultiPoint"",""coordinates"":[]}"
1491_0,0.1311028,0.71055454,0.09018724,8,12291,"{""type"":""MultiPoint"",""coordinates"":[]}"
1492_0,0.040999472,0.5475733,0.031111112,8,10365,"{""type"":""MultiPoint"",""coordinates"":[]}"
1493_0,0.11703958,0.5162876,0.08863026,8,3096,"{""type"":""MultiPoint"",""coordinates"":[]}"
1494_0,0.1075147,0.6044259,0.06895093,8,6522,"{""type"":""MultiPoint"",""coordinates"":[]}"
1495_0,0.09146672,0.6169849,0.059570495,8,7268,"{""type"":""MultiPoint"",""coordinates"":[]}"
1496_0,0.10964393,0.73003304,0.07589191,8,15212,"{""type"":""MultiPoint"",""coordinates"":[]}"
1497_0,0.060809202,0.5835185,0.03071396,8,1959,"{""type"":""MultiPoint"",""coordinates"":[]}"
1498_0,0.09654674,0.46864173,0.07343574,8,8256,"{""type"":""MultiPoint"",""coordinates"":[]}"
1499_0,-0.049720924,0.3194094,-0.08286771,8,221,"{""type"":""MultiPoint"",""coordinates"":[]}"
1500_0,0.033918943,0.43341646,0.017165104,8,23211,"{""type"":""MultiPoint"",""coordinates"":[]}"
1501_0,0.05079436,0.5111562,0.02509124,8,22844,"{""type"":""MultiPoint"",""coordinates"":[]}"
1502_0,0.15036371,0.7466492,0.14319763,8,21294,"{""type"":""MultiPoint"",""coordinates"":[]}"
1503_0,0.12686864,0.6304781,0.09635461,8,1805,"{""type"":""MultiPoint"",""coordinates"":[]}"
1504_0,0.16246974,0.70777476,0.1471161,8,12837,"{""type"":""MultiPoint"",""coordinates"":[]}"
1505_0,0.09137665,0.64859,0.064425774,8,8909,"{""type"":""MultiPoint"",""coordinates"":[]}"
1506_0,0.09406888,0.5513526,0.06561421,8,16505,"{""type"":""MultiPoint"",""coordinates"":[]}"
1507_0,-0.014238411,0.4054054,-0.062434964,8,18569,"{""type"":""MultiPoint"",""coordinates"":[]}"
1508_0,-0.07387811,0.49403182,-0.117335945,8,10987,"{""type"":""MultiPoint"",""coordinates"":[]}"
1509_0,0.10927275,0.44036993,0.053092692,8,21479,"{""type"":""MultiPoint"",""coordinates"":[]}"
1510_0,-0.024270996,0.4814586,-0.10056285,8,5214,"{""type"":""MultiPoint"",""coordinates"":[]}"
1511_0,0.050116777,0.6154355,0.029264208,8,7442,"{""type"":""MultiPoint"",""coordinates"":[]}"
1512_0,-0.06157182,0.39790577,-0.12507723,8,23069,"{""type"":""MultiPoint"",""coordinates"":[]}"
1513_0,0.0167576,0.45610034,-0.002635542,8,22057,"{""type"":""MultiPoint"",""coordinates"":[]}"
1514_0,0.08294541,0.58104396,0.028848372,8,21449,"{""type"":""MultiPoint"",""coordinates"":[]}"
1515_0,-0.05219455,0.3683328,-0.09650177,8,24443,"{""type"":""MultiPoint"",""coordinates"":[]}"
1516_0,0.15409367,0.7797824,0.17272727,8,14804,"{""type"":""MultiPoint"",""coordinates"":[]}"
1517_0,0.07500007,0.5916305,0.025850248,8,10362,"{""type"":""MultiPoint"",""coordinates"":[]}"
1518_0,0.15025514,0.74065584,0.11544409,8,7801,"{""type"":""MultiPoint"",""coordinates"":[]}"
1519_0,0.010386677,0.611685,-0.021894185,8,16558,"{""type"":""MultiPoint"",""coordinates"":[]}"
1520_0,0.0636476,0.48193854,0.012869001,8,19977,"{""type"":""MultiPoint"",""coordinates"":[]}"
1521_0,-0.06589067,0.51224947,-0.10842351,8,4170,"{""type"":""MultiPoint"",""coordinates"":[]}"
1522_0,0.07328872,0.5844922,0.044816323,8,13205,"{""type"":""MultiPoint"",""coordinates"":[]}"
1523_0,0.054916225,0.64664906,0.021926818,8,12354,"{""type"":""MultiPoint"",""coordinates"":[]}"
1524_0,0.08280486,0.54786396,0.03429453,8,6600,"{""type"":""MultiPoint"",""coordinates"":[]}"
1525_0,-0.03488578,0.59130174,-0.042082738,8,1747,"{""type"":""MultiPoint"",""coordinates"":[]}"
1526_0,0.13214919,0.6726593,0.07003025,8,7918,"{""type"":""MultiPoint"",""coordinates"":[]}"
1527_0,0.037899163,0.59491706,-0.004477378,8,17315,"{""type"":""MultiPoint"",""coordinates"":[]}"
1528_0,-0.031905644,0.44348064,-0.085684575,8,17395,"{""type"":""MultiPoint"",""coordinates"":[]}"
1529_0,-0.1193825,0.3280132,-0.1495098,8,23477,"{""type"":""MultiPoint"",""coordinates"":[]}"
1530_0,0.025666667,0.60602194,0.017478991,8,2752,"{""type"":""MultiPoint"",""coordinates"":[]}"
1531_0,0.09813006,0.6524248,0.06332609,8,1923,"{""type"":""MultiPoint"",""coordinates"":[]}"
1532_0,0.241572,0.77667403,0.21575275,8,3780,"{""type"":""MultiPoint"",""coordinates"":[]}"
1533_0,0.042263225,0.5643564,0.009837723,8,873,"{""type"":""MultiPoint"",""coordinates"":[]}"
1534_0,-0.035269827,0.32121453,-0.06095113,8,5533,"{""type"":""MultiPoint"",""coordinates"":[]}"
1535_0,0.16112848,0.62877953,0.20602916,8,15902,"{""type"":""MultiPoint"",""coordinates"":[]}"
1536_0,-0.126835,0.4070817,-0.1635592,8,24262,"{""type"":""MultiPoint"",""coordinates"":[]}"
1537_0,0.21000704,0.76276684,0.15603237,8,16447,"{""type"":""MultiPoint"",""coordinates"":[]}"
1538_0,-0.06102876,0.4344092,-0.1206463,8,14911,"{""type"":""MultiPoint"",""coordinates"":[]}"
1539_0,-0.16886799,0.26975906,-0.22160675,8,19004,"{""type"":""MultiPoint"",""coordinates"":[]}"
1540_0,0.13256356,0.6180633,0.09983617,8,4688,"{""type"":""MultiPoint"",""coordinates"":[]}"
1541_0,0.13225614,0.6467125,0.0761009,8,5853,"{""type"":""MultiPoint"",""coordinates"":[]}"
1542_0,0.19109784,0.7499116,0.17446853,8,9819,"{""type"":""MultiPoint"",""coordinates"":[]}"
1543_0,0.17607711,0.6704261,0.12421581,8,20357,"{""type"":""MultiPoint"",""coordinates"":[]}"
1544_0,0.03053161,0.6353417,0.030321343,8,9932,"{""type"":""MultiPoint"",""coordinates"":[]}"
1545_0,-0.10145363,0.26248497,-0.11647243,8,10037,"{""type"":""MultiPoint"",""coordinates"":[]}"
1546_0,0.12915581,0.7212001,0.116855204,8,25321,"{""type"":""MultiPoint"",""coordinates"":[]}"
1547_0,0.23882401,0.75062037,0.18971333,8,7439,"{""type"":""MultiPoint"",""coordinates"":[]}"
1548_0,0.21540159,0.6988537,0.16413233,8,4813,"{""type"":""MultiPoint"",""coordinates"":[]}"
1549_0,0.004021164,0.50407946,-0.052263286,8,21396,"{""type"":""MultiPoint"",""coordinates"":[]}"
1550_0,0.24468592,0.8013518,0.21858825,8,8878,"{""type"":""MultiPoint"",""coordinates"":[]}"
1551_0,0.2741736,0.8393267,0.26599327,8,11592,"{""type"":""MultiPoint"",""coordinates"":[]}"
1552_0,-0.053592384,0.266596,-0.09134319,8,21582,"{""type"":""MultiPoint"",""coordinates"":[]}"
1553_0,0.00254852,0.49227917,-0.034356575,8,5174,"{""type"":""MultiPoint"",""coordinates"":[]}"
1554_0,0.0041685966,0.48637533,-0.035645474,8,12264,"{""type"":""MultiPoint"",""coordinates"":[]}"
1555_0,0.015892304,0.52429,-0.008751394,8,12980,"{""type"":""MultiPoint"",""coordinates"":[]}"
1556_0,-0.06396819,0.5085125,-0.07119088,8,9124,"{""type"":""MultiPoint"",""coordinates"":[]}"
1557_0,0.10798722,0.6560207,0.08305632,8,16565,"{""type"":""MultiPoint"",""coordinates"":[]}"
1558_0,0.089205876,0.59195155,0.045189563,8,15209,"{""type"":""MultiPoint"",""coordinates"":[]}"
1559_0,0.079898,0.6215278,0.028286943,8,19864,"{""type"":""MultiPoint"",""coordinates"":[]}"
1560_0,0.0048189024,0.50900424,-0.034645934,8,17893,"{""type"":""MultiPoint"",""coordinates"":[]}"
1561_0,-0.018912949,0.38897473,-0.08607255,8,19327,"{""type"":""MultiPoint"",""coordinates"":[]}"
1562_0,0.032131415,0.54360026,0.008880427,8,14524,"{""type"":""MultiPoint"",""coordinates"":[]}"
1563_0,0.16301438,0.7253261,0.12698734,8,21321,"{""type"":""MultiPoint"",""coordinates"":[]}"
1564_0,0.2072072,0.7888,0.14893617,8,13536,"{""type"":""MultiPoint"",""coordinates"":[]}"
1565_0,0.06836909,0.6053141,0.018053697,8,2830,"{""type"":""MultiPoint"",""coordinates"":[]}"
1566_0,0.0072715776,0.46177214,-0.04474237,8,7969,"{""type"":""MultiPoint"",""coordinates"":[]}"
1567_0,0.059513018,0.69102365,0.040066905,8,9373,"{""type"":""MultiPoint"",""coordinates"":[]}"
1568_0,0.16580608,0.6301552,0.12381535,8,22292,"{""type"":""MultiPoint"",""coordinates"":[]}"
1569_0,0.027543727,0.4740154,0.050078508,8,25488,"{""type"":""MultiPoint"",""coordinates"":[]}"
1570_0,-0.059317183,0.41199458,-0.09983853,8,24482,"{""type"":""MultiPoint"",""coordinates"":[]}"
1571_0,0.24921486,0.8486579,0.23161279,8,14835,"{""type"":""MultiPoint"",""coordinates"":[]}"
1572_0,-0.0038936855,0.36028215,-0.07975237,8,12761,"{""type"":""MultiPoint"",""coordinates"":[]}"
1573_0,0.04229505,0.4450923,-0.018969689,8,13225,"{""type"":""MultiPoint"",""coordinates"":[]}"
1574_0,-0.07162507,0.45072615,-0.106626384,8,5226,"{""type"":""MultiPoint"",""coordinates"":[]}"
1575_0,0.15157884,0.7867153,0.17521043,8,12965,"{""type"":""MultiPoint"",""coordinates"":[]}"
1576_0,0.09415622,0.63767374,0.07894659,8,3441,"{""type"":""MultiPoint"",""coordinates"":[]}"
1577_0,-0.086429186,0.30688047,-0.13215591,8,10192,"{""type"":""MultiPoint"",""coordinates"":[]}"
1578_0,-0.09539417,0.44126076,-0.11289478,8,17708,"{""type"":""MultiPoint"",""coordinates"":[]}"
1579_0,0.032091077,0.4884105,0.01576944,8,8977,"{""type"":""MultiPoint"",""coordinates"":[]}"
1580_0,0.20117474,0.6818866,0.20073462,8,127,"{""type"":""MultiPoint"",""coordinates"":[]}"
1581_0,-0.12256565,0.39044115,-0.17129123,8,23204,"{""type"":""MultiPoint"",""coordinates"":[]}"
1582_0,0.04521219,0.6646741,0.010552996,8,8517,"{""type"":""MultiPoint"",""coordinates"":[]}"
1583_0,-0.0043631005,0.67022574,-0.020772237,8,5472,"{""type"":""MultiPoint"",""coordinates"":[]}"
1584_0,0.11517436,0.71132725,0.074891604,8,20458,"{""type"":""MultiPoint"",""coordinates"":[]}"
1585_0,0.072650544,0.621581,0.018033586,8,5937,"{""type"":""MultiPoint"",""coordinates"":[]}"
1586_0,0.24303654,0.76104695,0.22300225,8,9976,"{""type"":""MultiPoint"",""coordinates"":[]}"
1587_0,0.09285382,0.6418719,0.065026365,8,16233,"{""type"":""MultiPoint"",""coordinates"":[]}"
1588_0,-0.035931792,0.4273402,-0.07013716,8,12680,"{""type"":""MultiPoint"",""coordinates"":[]}"
1589_0,-0.034904797,0.4459788,-0.029867705,8,3498,"{""type"":""MultiPoint"",""coordinates"":[]}"
1590_0,0.066323414,0.61070323,0.031908322,8,12121,"{""type"":""MultiPoint"",""coordinates"":[]}"
1591_0,0.031190211,0.59605,-0.023010327,8,17535,"{""type"":""MultiPoint"",""coordinates"":[]}"
1592_0,0.33594817,0.8733032,0.33208063,8,17723,"{""type"":""MultiPoint"",""coordinates"":[]}"
1593_0,-0.101131186,0.33481923,-0.11081442,8,624,"{""type"":""MultiPoint"",""coordinates"":[]}"
1594_0,0.0767213,0.52410585,0.021486647,8,11661,"{""type"":""MultiPoint"",""coordinates"":[]}"
1595_0,0.06349207,0.57210886,0.028718388,8,2119,"{""type"":""MultiPoint"",""coordinates"":[]}"
1596_0,0.24577114,0.68956554,0.20504895,8,22900,"{""type"":""MultiPoint"",""coordinates"":[]}"
1597_0,0.06993826,0.3580944,0.036321867,8,6052,"{""type"":""MultiPoint"",""coordinates"":[]}"
1598_0,0.12770285,0.7099012,0.104369335,8,9892,"{""type"":""MultiPoint"",""coordinates"":[]}"
1599_0,0.14307497,0.5563071,0.14971007,8,10475,"{""type"":""MultiPoint"",""coordinates"":[]}"
1600_0,0.0010640232,0.43976206,-0.07818152,8,20891,"{""type"":""MultiPoint"",""coordinates"":[]}"
1601_0,0.26494083,0.6521487,0.2715487,8,964,"{""type"":""MultiPoint"",""coordinates"":[]}"
1602_0,0.11018237,0.50625,0.057734862,8,11897,"{""type"":""MultiPoint"",""coordinates"":[]}"
1603_0,0.17225556,0.6590845,0.12711382,8,6646,"{""type"":""MultiPoint"",""coordinates"":[]}"
1604_0,0.09636522,0.51187474,0.035192885,8,19620,"{""type"":""MultiPoint"",""coordinates"":[]}"
1605_0,0.031422865,0.4873172,-0.06712915,8,9731,"{""type"":""MultiPoint"",""coordinates"":[]}"
1606_0,-0.11294766,0.34169126,-0.13680884,8,9504,"{""type"":""MultiPoint"",""coordinates"":[]}"
1607_0,-0.08960389,0.30770847,-0.16534138,8,25119,"{""type"":""MultiPoint"",""coordinates"":[]}"
1608_0,-0.05346684,0.44268182,-0.080810025,8,23886,"{""type"":""MultiPoint"",""coordinates"":[]}"
1609_0,0.15009846,0.73120147,0.11893086,8,13702,"{""type"":""MultiPoint"",""coordinates"":[]}"
1610_0,0.06456252,0.5988025,0.04306921,8,18825,"{""type"":""MultiPoint"",""coordinates"":[]}"
1611_0,0.20808731,0.76060116,0.17839243,8,21057,"{""type"":""MultiPoint"",""coordinates"":[]}"
1612_0,0.21949057,0.7503099,0.17820098,8,19755,"{""type"":""MultiPoint"",""coordinates"":[]}"
1613_0,0.0856204,0.6882099,0.07089875,8,15937,"{""type"":""MultiPoint"",""coordinates"":[]}"
1614_0,-0.025528317,0.64977205,0.0070387954,8,24227,"{""type"":""MultiPoint"",""coordinates"":[]}"
1615_0,7.702312E-4,0.53938925,-0.040912796,8,6234,"{""type"":""MultiPoint"",""coordinates"":[]}"
1616_0,-0.068228245,0.32462525,-0.118175335,8,9579,"{""type"":""MultiPoint"",""coordinates"":[]}"
1617_0,0.21530369,0.7594951,0.18374687,8,23842,"{""type"":""MultiPoint"",""coordinates"":[]}"
1618_0,0.04575696,0.47815284,0.0077650715,8,5683,"{""type"":""MultiPoint"",""coordinates"":[]}"
1619_0,0.24738677,0.83061045,0.21162692,8,19270,"{""type"":""MultiPoint"",""coordinates"":[]}"
1620_0,0.16124113,0.80299693,0.119832546,8,19628,"{""type"":""MultiPoint"",""coordinates"":[]}"
1621_0,0.17474906,0.73254406,0.17220846,8,22440,"{""type"":""MultiPoint"",""coordinates"":[]}"
1622_0,0.029016674,0.40542716,0.023075672,8,503,"{""type"":""MultiPoint"",""coordinates"":[]}"
1623_0,0.031845763,0.5317984,-0.020267852,8,22620,"{""type"":""MultiPoint"",""coordinates"":[]}"
1624_0,0.053610977,0.4372662,-0.054243993,8,20762,"{""type"":""MultiPoint"",""coordinates"":[]}"
1625_0,0.20090345,0.70256543,0.15905939,8,22640,"{""type"":""MultiPoint"",""coordinates"":[]}"
1626_0,0.006185413,0.41260242,-0.023505935,8,13027,"{""type"":""MultiPoint"",""coordinates"":[]}"
1627_0,0.0034590107,0.51400834,-0.02746077,8,22988,"{""type"":""MultiPoint"",""coordinates"":[]}"
1628_0,0.06731511,0.65133625,0.037438497,8,9010,"{""type"":""MultiPoint"",""coordinates"":[]}"
1629_0,0.15689355,0.74762297,0.1324981,8,23498,"{""type"":""MultiPoint"",""coordinates"":[]}"
1630_0,0.1989464,0.6652479,0.18550697,8,2622,"{""type"":""MultiPoint"",""coordinates"":[]}"
1631_0,0.03316403,0.515231,-0.00810538,8,5528,"{""type"":""MultiPoint"",""coordinates"":[]}"
1632_0,0.28409767,0.71955717,0.27653214,8,2009,"{""type"":""MultiPoint"",""coordinates"":[]}"
1633_0,0.21586415,0.74869007,0.18853572,8,17959,"{""type"":""MultiPoint"",""coordinates"":[]}"
1634_0,-0.085192844,0.30714518,-0.101849936,8,23114,"{""type"":""MultiPoint"",""coordinates"":[]}"
1635_0,0.20239986,0.78012216,0.17306988,8,4286,"{""type"":""MultiPoint"",""coordinates"":[]}"
1636_0,0.24049793,0.76276433,0.20811288,8,4783,"{""type"":""MultiPoint"",""coordinates"":[]}"
1637_0,0.12582177,0.64315206,0.07287437,8,8410,"{""type"":""MultiPoint"",""coordinates"":[]}"
1638_0,0.11696113,0.4595095,0.113111,8,928,"{""type"":""MultiPoint"",""coordinates"":[]}"
1639_0,0.11211828,0.5900232,0.07348603,8,22722,"{""type"":""MultiPoint"",""coordinates"":[]}"
1640_0,-0.043951612,0.472578,-0.07154812,8,25496,"{""type"":""MultiPoint"",""coordinates"":[]}"
1641_0,0.19580035,0.8188305,0.23042105,8,15827,"{""type"":""MultiPoint"",""coordinates"":[]}"
1642_0,0.18417615,0.75819075,0.1539924,8,5260,"{""type"":""MultiPoint"",""coordinates"":[]}"
1643_0,0.18955237,0.7471706,0.15750006,8,4936,"{""type"":""MultiPoint"",""coordinates"":[]}"
1644_0,0.21385543,0.6497876,0.14358665,8,16793,"{""type"":""MultiPoint"",""coordinates"":[]}"
1645_0,0.35921204,0.855546,0.3177285,8,12702,"{""type"":""MultiPoint"",""coordinates"":[]}"
1646_0,0.11327341,0.69230795,0.07042379,8,22115,"{""type"":""MultiPoint"",""coordinates"":[]}"
1647_0,-0.03626542,0.45156807,-0.119830675,8,21555,"{""type"":""MultiPoint"",""coordinates"":[]}"
1648_0,-0.055689342,0.38283414,-0.12835158,8,2734,"{""type"":""MultiPoint"",""coordinates"":[]}"
1649_0,0.11014547,0.6845679,0.07356412,8,19184,"{""type"":""MultiPoint"",""coordinates"":[]}"
1650_0,0.23218504,0.76131827,0.18621269,8,20043,"{""type"":""MultiPoint"",""coordinates"":[]}"
1651_0,0.36326167,0.7614688,0.3162239,8,828,"{""type"":""MultiPoint"",""coordinates"":[]}"
1652_0,0.09498208,0.62504923,0.04596871,8,1729,"{""type"":""MultiPoint"",""coordinates"":[]}"
1653_0,0.10694683,0.6699927,0.072271146,8,20754,"{""type"":""MultiPoint"",""coordinates"":[]}"
1654_0,-0.012164834,0.56943923,-0.021017479,8,20225,"{""type"":""MultiPoint"",""coordinates"":[]}"
1655_0,-0.055892024,0.3528909,-0.12013537,8,19995,"{""type"":""MultiPoint"",""coordinates"":[]}"
1656_0,0.10171731,0.70686567,0.08861244,8,10342,"{""type"":""MultiPoint"",""coordinates"":[]}"
1657_0,0.28385153,0.7801965,0.23630975,8,24532,"{""type"":""MultiPoint"",""coordinates"":[]}"
1658_0,0.31158665,0.7365152,0.33299723,8,6481,"{""type"":""MultiPoint"",""coordinates"":[]}"
1659_0,-0.16419591,0.3510101,-0.17960514,8,25299,"{""type"":""MultiPoint"",""coordinates"":[]}"
1660_0,0.06145994,0.6232421,0.010783164,8,3350,"{""type"":""MultiPoint"",""coordinates"":[]}"
1661_0,-0.07119095,0.29011586,-0.08957836,8,5844,"{""type"":""MultiPoint"",""coordinates"":[]}"
1662_0,0.006406523,0.607971,-0.07115948,8,775,"{""type"":""MultiPoint"",""coordinates"":[]}"
1663_0,0.17574354,0.6539409,0.08962362,8,20408,"{""type"":""MultiPoint"",""coordinates"":[]}"
1664_0,0.09461235,0.5788387,0.04899931,8,20356,"{""type"":""MultiPoint"",""coordinates"":[]}"
1665_0,-4.5943612E-4,0.49073765,-0.05156222,8,19773,"{""type"":""MultiPoint"",""coordinates"":[]}"
1666_0,-0.07674648,0.44298136,-0.090649724,8,3609,"{""type"":""MultiPoint"",""coordinates"":[]}"
1667_0,0.09449559,0.58209914,0.03503588,8,25322,"{""type"":""MultiPoint"",""coordinates"":[]}"
1668_0,-0.0827008,0.3775993,-0.11970327,8,21480,"{""type"":""MultiPoint"",""coordinates"":[]}"
1669_0,0.09345811,0.7533127,0.06731129,8,17605,"{""type"":""MultiPoint"",""coordinates"":[]}"
1670_0,-0.020852951,0.46565387,-0.062432192,8,24422,"{""type"":""MultiPoint"",""coordinates"":[]}"
1671_0,0.04617658,0.45757997,0.0017996401,8,8393,"{""type"":""MultiPoint"",""coordinates"":[]}"
1672_0,0.26039365,0.6913249,0.18862511,8,3318,"{""type"":""MultiPoint"",""coordinates"":[]}"
1673_0,0.1789594,0.62237173,0.1609991,8,2111,"{""type"":""MultiPoint"",""coordinates"":[]}"
1674_0,0.23127708,0.6006121,0.162623,8,15392,"{""type"":""MultiPoint"",""coordinates"":[]}"
1675_0,-0.06634552,0.51944554,-0.10480944,8,25214,"{""type"":""MultiPoint"",""coordinates"":[]}"
1676_0,0.134525,0.73889333,0.11610148,8,3222,"{""type"":""MultiPoint"",""coordinates"":[]}"
1677_0,0.16015625,0.7124583,0.13115357,8,21943,"{""type"":""MultiPoint"",""coordinates"":[]}"
1678_0,0.03091658,0.53305674,0.0039969385,8,18838,"{""type"":""MultiPoint"",""coordinates"":[]}"
1679_0,0.2078346,0.74965227,0.16971181,8,13643,"{""type"":""MultiPoint"",""coordinates"":[]}"
1680_0,0.10495999,0.6470803,0.06169059,8,12148,"{""type"":""MultiPoint"",""coordinates"":[]}"
1681_0,0.1993632,0.75407124,0.17852478,8,13649,"{""type"":""MultiPoint"",""coordinates"":[]}"
1682_0,-0.11079249,0.16767591,-0.12897244,8,2420,"{""type"":""MultiPoint"",""coordinates"":[]}"
1683_0,0.034917206,0.6194282,-0.0015163003,8,18612,"{""type"":""MultiPoint"",""coordinates"":[]}"
1684_0,0.037317112,0.52401865,-0.019470269,8,14573,"{""type"":""MultiPoint"",""coordinates"":[]}"
1685_0,0.09805907,0.5921325,0.06573776,8,8280,"{""type"":""MultiPoint"",""coordinates"":[]}"
1686_0,0.053255297,0.5655072,0.031857874,8,2055,"{""type"":""MultiPoint"",""coordinates"":[]}"
1687_0,0.010952469,0.68142295,-0.043536607,8,19373,"{""type"":""MultiPoint"",""coordinates"":[]}"
1688_0,0.022239411,0.57417583,-0.024853505,8,8957,"{""type"":""MultiPoint"",""coordinates"":[]}"
1689_0,0.10956211,0.5878233,0.08438662,8,12189,"{""type"":""MultiPoint"",""coordinates"":[]}"
1690_0,0.073179655,0.6088517,0.031184236,8,22642,"{""type"":""MultiPoint"",""coordinates"":[]}"
1691_0,0.19125584,0.75936747,0.17948036,8,11860,"{""type"":""MultiPoint"",""coordinates"":[]}"
1692_0,0.24086888,0.8171142,0.22140744,8,18056,"{""type"":""MultiPoint"",""coordinates"":[]}"
1693_0,0.01527286,0.5530027,-0.017611412,8,13637,"{""type"":""MultiPoint"",""coordinates"":[]}"
1694_0,-0.08831032,0.3743976,-0.13411264,8,19525,"{""type"":""MultiPoint"",""coordinates"":[]}"
1695_0,0.14288211,0.6969247,0.12759376,8,9358,"{""type"":""MultiPoint"",""coordinates"":[]}"
1696_0,0.06206579,0.40561804,0.021490261,8,19920,"{""type"":""MultiPoint"",""coordinates"":[]}"
1697_0,-0.12425271,0.2903541,-0.15577568,8,18842,"{""type"":""MultiPoint"",""coordinates"":[]}"
1698_0,0.0879474,0.63386476,0.06400264,8,24518,"{""type"":""MultiPoint"",""coordinates"":[]}"
1699_0,0.14210527,0.63267374,0.114280865,8,10274,"{""type"":""MultiPoint"",""coordinates"":[]}"
1700_0,0.2605134,0.8480663,0.24441965,8,7201,"{""type"":""MultiPoint"",""coordinates"":[]}"
1701_0,0.077018514,0.48999146,0.05131932,8,15697,"{""type"":""MultiPoint"",""coordinates"":[]}"
1702_0,0.09103943,0.73065567,0.0731443,8,21065,"{""type"":""MultiPoint"",""coordinates"":[]}"
1703_0,0.0630326,0.69355583,0.09311172,8,22345,"{""type"":""MultiPoint"",""coordinates"":[]}"
1704_0,0.046942156,0.66891783,0.019425366,8,18174,"{""type"":""MultiPoint"",""coordinates"":[]}"
1705_0,0.12596399,0.5940015,0.075878926,8,9264,"{""type"":""MultiPoint"",""coordinates"":[]}"
1706_0,0.07717868,0.71032375,0.050007228,8,19502,"{""type"":""MultiPoint"",""coordinates"":[]}"
1707_0,-0.060012084,0.3015701,-0.096345335,8,5038,"{""type"":""MultiPoint"",""coordinates"":[]}"
1708_0,0.16424881,0.72329307,0.11713518,8,12194,"{""type"":""MultiPoint"",""coordinates"":[]}"
1709_0,0.083107494,0.5357308,0.03225988,8,7922,"{""type"":""MultiPoint"",""coordinates"":[]}"
1710_0,0.088265896,0.5910756,0.035428327,8,22267,"{""type"":""MultiPoint"",""coordinates"":[]}"
1711_0,0.06396394,0.419509,-0.039487727,8,8373,"{""type"":""MultiPoint"",""coordinates"":[]}"
1712_0,-0.04168952,0.48798603,-0.09434964,8,21417,"{""type"":""MultiPoint"",""coordinates"":[]}"
1713_0,0.17954214,0.6853771,0.12682061,8,5348,"{""type"":""MultiPoint"",""coordinates"":[]}"
1714_0,-0.0358885,0.5994109,-0.047702562,8,2359,"{""type"":""MultiPoint"",""coordinates"":[]}"
1715_0,0.1764706,0.74383,0.13709514,8,23378,"{""type"":""MultiPoint"",""coordinates"":[]}"
1716_0,0.15892527,0.7190346,0.1288573,8,14964,"{""type"":""MultiPoint"",""coordinates"":[]}"
1717_0,0.15580358,0.5995785,0.11373127,8,6340,"{""type"":""MultiPoint"",""coordinates"":[]}"
1718_0,0.14965218,0.7562371,0.12800218,8,23546,"{""type"":""MultiPoint"",""coordinates"":[]}"
1719_0,0.2959128,0.85128903,0.27992496,8,19067,"{""type"":""MultiPoint"",""coordinates"":[]}"
1720_0,0.29981568,0.7467113,0.29409218,8,10646,"{""type"":""MultiPoint"",""coordinates"":[]}"
1721_0,0.12941717,0.6873458,0.09094446,8,17550,"{""type"":""MultiPoint"",""coordinates"":[]}"
1722_0,0.09871135,0.67189527,0.066228025,8,23010,"{""type"":""MultiPoint"",""coordinates"":[]}"
1723_0,0.11744524,0.56458163,0.09110747,8,24627,"{""type"":""MultiPoint"",""coordinates"":[]}"
1724_0,0.040544864,0.49831358,-0.0039131073,8,4413,"{""type"":""MultiPoint"",""coordinates"":[]}"
1725_0,0.26252404,0.7275212,0.22660537,8,5391,"{""type"":""MultiPoint"",""coordinates"":[]}"
1726_0,0.17835629,0.8016334,0.15465042,8,6126,"{""type"":""MultiPoint"",""coordinates"":[]}"
1727_0,-0.032376647,0.41138732,-0.07273686,8,7819,"{""type"":""MultiPoint"",""coordinates"":[]}"
1728_0,0.036203645,0.5755144,-0.0060219094,8,11890,"{""type"":""MultiPoint"",""coordinates"":[]}"
1729_0,0.065787785,0.59498876,0.011975452,8,10594,"{""type"":""MultiPoint"",""coordinates"":[]}"
1730_0,-0.04405673,0.3315307,-0.10435396,8,5053,"{""type"":""MultiPoint"",""coordinates"":[]}"
1731_0,0.17346276,0.6475626,0.13349698,8,4043,"{""type"":""MultiPoint"",""coordinates"":[]}"
1732_0,-0.06820022,0.5912627,-0.10068027,8,21126,"{""type"":""MultiPoint"",""coordinates"":[]}"
1733_0,-0.07845453,0.4808462,-0.09567003,8,3789,"{""type"":""MultiPoint"",""coordinates"":[]}"
1734_0,0.067546144,0.69147885,-0.003248344,8,12591,"{""type"":""MultiPoint"",""coordinates"":[]}"
1735_0,0.023247804,0.42553192,-0.029961867,8,5716,"{""type"":""MultiPoint"",""coordinates"":[]}"
1736_0,0.11299603,0.6636026,0.044219404,8,10305,"{""type"":""MultiPoint"",""coordinates"":[]}"
1737_0,0.06263577,0.5004312,0.009917355,8,22762,"{""type"":""MultiPoint"",""coordinates"":[]}"
1738_0,-0.14937343,0.2502343,-0.16947448,8,3820,"{""type"":""MultiPoint"",""coordinates"":[]}"
1739_0,0.20716994,0.72496986,0.18157968,8,5068,"{""type"":""MultiPoint"",""coordinates"":[]}"
1740_0,-0.07314192,0.4365605,-0.1223442,8,3362,"{""type"":""MultiPoint"",""coordinates"":[]}"
1741_0,0.20191322,0.806532,0.22357312,8,17471,"{""type"":""MultiPoint"",""coordinates"":[]}"
1742_0,0.07379767,0.67619306,0.03674436,8,2842,"{""type"":""MultiPoint"",""coordinates"":[]}"
1743_0,0.081455804,0.65876484,0.04024145,8,10520,"{""type"":""MultiPoint"",""coordinates"":[]}"
1744_0,0.23442489,0.916347,0.2058935,8,5115,"{""type"":""MultiPoint"",""coordinates"":[]}"
1745_0,0.20379184,0.7782453,0.19213195,8,5927,"{""type"":""MultiPoint"",""coordinates"":[]}"
1746_0,0.122552805,0.6473941,0.115823165,8,9214,"{""type"":""MultiPoint"",""coordinates"":[]}"
1747_0,0.036738563,0.67357296,0.012535175,8,21705,"{""type"":""MultiPoint"",""coordinates"":[]}"
1748_0,0.27129138,0.8244467,0.2600896,8,7717,"{""type"":""MultiPoint"",""coordinates"":[]}"
1749_0,0.2618743,0.6760746,0.16387439,8,15968,"{""type"":""MultiPoint"",""coordinates"":[]}"
1750_0,0.07278963,0.44709516,0.02893634,8,24762,"{""type"":""MultiPoint"",""coordinates"":[]}"
1751_0,0.033707865,0.4618002,0.01564482,8,17894,"{""type"":""MultiPoint"",""coordinates"":[]}"
1752_0,0.20030022,0.6562213,0.185897,8,13831,"{""type"":""MultiPoint"",""coordinates"":[]}"
1753_0,0.11510578,0.66988647,0.08247344,8,18303,"{""type"":""MultiPoint"",""coordinates"":[]}"
1754_0,-0.047242016,0.41177666,-0.09350688,8,3548,"{""type"":""MultiPoint"",""coordinates"":[]}"
1755_0,0.20052278,0.75661373,0.19561583,8,21860,"{""type"":""MultiPoint"",""coordinates"":[]}"
1756_0,-0.026817339,0.44970092,-0.05699843,8,13349,"{""type"":""MultiPoint"",""coordinates"":[]}"
1757_0,-0.0043276665,0.5278991,-0.016558066,8,478,"{""type"":""MultiPoint"",""coordinates"":[]}"
1758_0,0.059317816,0.6447646,0.024256961,8,18776,"{""type"":""MultiPoint"",""coordinates"":[]}"
1759_0,0.13806036,0.5679172,0.11019024,8,23284,"{""type"":""MultiPoint"",""coordinates"":[]}"
1760_0,0.11745033,0.568,0.024994567,8,9423,"{""type"":""MultiPoint"",""coordinates"":[]}"
1761_0,0.024120603,0.6295884,8.4274396E-4,8,17780,"{""type"":""MultiPoint"",""coordinates"":[]}"
1762_0,0.11918214,0.62293047,0.090555556,8,21075,"{""type"":""MultiPoint"",""coordinates"":[]}"
1763_0,0.11075824,0.70776254,0.10774746,8,24621,"{""type"":""MultiPoint"",""coordinates"":[]}"
1764_0,-0.10091165,0.25378942,-0.13317738,8,4504,"{""type"":""MultiPoint"",""coordinates"":[]}"
1765_0,0.033863563,0.54369915,-4.5855768E-4,8,9989,"{""type"":""MultiPoint"",""coordinates"":[]}"
1766_0,-0.012825651,0.5394958,-0.04222973,8,23004,"{""type"":""MultiPoint"",""coordinates"":[]}"
1767_0,-0.027346581,0.51646215,-0.05717186,8,20789,"{""type"":""MultiPoint"",""coordinates"":[]}"
1768_0,0.23190261,0.75130904,0.22097632,8,1092,"{""type"":""MultiPoint"",""coordinates"":[]}"
1769_0,0.32956406,0.8382539,0.31554434,8,24451,"{""type"":""MultiPoint"",""coordinates"":[]}"
1770_0,0.33108756,0.7408455,0.31480327,8,1968,"{""type"":""MultiPoint"",""coordinates"":[]}"
1771_0,-0.07486631,0.35447282,-0.13243064,8,23022,"{""type"":""MultiPoint"",""coordinates"":[]}"
1772_0,0.042543903,0.6602496,0.0014008853,8,24031,"{""type"":""MultiPoint"",""coordinates"":[]}"
1773_0,0.18407433,0.69557,0.15571399,8,18794,"{""type"":""MultiPoint"",""coordinates"":[]}"
1774_0,0.20963936,0.83021736,0.18320362,8,10869,"{""type"":""MultiPoint"",""coordinates"":[]}"
1775_0,0.4011043,0.8524651,0.3844061,8,7136,"{""type"":""MultiPoint"",""coordinates"":[]}"
1776_0,-0.11403971,0.40820074,-0.14951025,8,17877,"{""type"":""MultiPoint"",""coordinates"":[]}"
1777_0,-0.11399384,0.46216416,-0.07065643,8,25030,"{""type"":""MultiPoint"",""coordinates"":[]}"
1778_0,0.08547811,0.6431731,0.05950541,8,2762,"{""type"":""MultiPoint"",""coordinates"":[]}"
1779_0,0.3784689,0.93137985,0.38337162,8,16686,"{""type"":""MultiPoint"",""coordinates"":[]}"
1780_0,0.0041299574,0.7288113,-0.07442677,8,9061,"{""type"":""MultiPoint"",""coordinates"":[]}"
1781_0,0.12779237,0.5750289,0.12390695,8,14236,"{""type"":""MultiPoint"",""coordinates"":[]}"
1782_0,0.069726,0.6748397,0.036233556,8,970,"{""type"":""MultiPoint"",""coordinates"":[]}"
1783_0,0.17391175,0.6449988,0.1355933,8,13196,"{""type"":""MultiPoint"",""coordinates"":[]}"
1784_0,0.055759598,0.6038199,0.0260031,8,12717,"{""type"":""MultiPoint"",""coordinates"":[]}"
1785_0,0.20291242,0.7842654,0.17843425,8,3315,"{""type"":""MultiPoint"",""coordinates"":[]}"
1786_0,0.020799605,0.5222585,-0.007921918,8,1422,"{""type"":""MultiPoint"",""coordinates"":[]}"
1787_0,-0.0695287,0.3510282,-0.097876415,8,7428,"{""type"":""MultiPoint"",""coordinates"":[]}"
1788_0,-0.12331376,0.25750315,-0.17695883,8,24727,"{""type"":""MultiPoint"",""coordinates"":[]}"
1789_0,-0.08428443,0.39200506,-0.11443521,8,13326,"{""type"":""MultiPoint"",""coordinates"":[]}"
1790_0,0.11616572,0.37016827,0.16130276,8,24574,"{""type"":""MultiPoint"",""coordinates"":[]}"
1791_0,-0.024676604,0.46059358,-0.07258048,8,11414,"{""type"":""MultiPoint"",""coordinates"":[]}"
1792_0,-0.015216015,0.45298254,-0.04912632,8,3184,"{""type"":""MultiPoint"",""coordinates"":[]}"
1793_0,0.1052911,0.69062936,0.08683274,8,13363,"{""type"":""MultiPoint"",""coordinates"":[]}"
1794_0,0.12233983,0.54641265,0.07216211,8,16098,"{""type"":""MultiPoint"",""coordinates"":[]}"
1795_0,0.07164704,0.5247989,0.025898382,8,2173,"{""type"":""MultiPoint"",""coordinates"":[]}"
1796_0,-0.024151325,0.41405588,-0.07751795,8,9658,"{""type"":""MultiPoint"",""coordinates"":[]}"
1797_0,0.22257073,0.71421504,0.1831069,8,1009,"{""type"":""MultiPoint"",""coordinates"":[]}"
1798_0,0.26879832,0.7380289,0.23703025,8,19068,"{""type"":""MultiPoint"",""coordinates"":[]}"
1799_0,0.13954574,0.7412231,0.1123719,8,20580,"{""type"":""MultiPoint"",""coordinates"":[]}"
1800_0,0.19422123,0.7189654,0.18671933,8,13312,"{""type"":""MultiPoint"",""coordinates"":[]}"
1801_0,0.06752579,0.687688,-0.029602611,8,210,"{""type"":""MultiPoint"",""coordinates"":[]}"
1802_0,0.10750579,0.705121,0.0952467,8,10312,"{""type"":""MultiPoint"",""coordinates"":[]}"
1803_0,0.21321304,0.79011023,0.20489833,8,1804,"{""type"":""MultiPoint"",""coordinates"":[]}"
1804_0,0.27937952,0.8271539,0.2497395,8,5657,"{""type"":""MultiPoint"",""coordinates"":[]}"
1805_0,0.05255028,0.55850345,0.029131789,8,10052,"{""type"":""MultiPoint"",""coordinates"":[]}"
1806_0,-0.015311604,0.35853633,-0.034852497,8,10041,"{""type"":""MultiPoint"",""coordinates"":[]}"
1807_0,0.28949615,0.8453878,0.26991928,8,5871,"{""type"":""MultiPoint"",""coordinates"":[]}"
1808_0,0.23299362,0.7622708,0.2061295,8,13634,"{""type"":""MultiPoint"",""coordinates"":[]}"
1809_0,0.15092166,0.6233697,0.109116256,8,13638,"{""type"":""MultiPoint"",""coordinates"":[]}"
1810_0,-0.062094554,0.4374142,-0.065086335,8,24447,"{""type"":""MultiPoint"",""coordinates"":[]}"
1811_0,0.30337816,0.8796296,0.31306598,8,11979,"{""type"":""MultiPoint"",""coordinates"":[]}"
1812_0,0.11760709,0.59426117,0.07950676,8,4699,"{""type"":""MultiPoint"",""coordinates"":[]}"
1813_0,0.05591325,0.5632871,0.019423742,8,12524,"{""type"":""MultiPoint"",""coordinates"":[]}"
1814_0,0.0023397568,0.60979766,-0.051939826,8,10726,"{""type"":""MultiPoint"",""coordinates"":[]}"
1815_0,0.111810476,0.671356,0.099523656,8,19460,"{""type"":""MultiPoint"",""coordinates"":[]}"
1816_0,0.12180876,0.67861813,0.07125891,8,5107,"{""type"":""MultiPoint"",""coordinates"":[]}"
1817_0,0.15778475,0.5695284,0.13722971,8,23566,"{""type"":""MultiPoint"",""coordinates"":[]}"
1818_0,0.21944028,0.77415866,0.20228219,8,12456,"{""type"":""MultiPoint"",""coordinates"":[]}"
1819_0,0.13364312,0.59270346,0.09355738,8,19883,"{""type"":""MultiPoint"",""coordinates"":[]}"
1820_0,0.23884799,0.78905344,0.20124629,8,16457,"{""type"":""MultiPoint"",""coordinates"":[]}"
1821_0,-0.12402597,0.38016528,-0.19090113,8,22444,"{""type"":""MultiPoint"",""coordinates"":[]}"
1822_0,0.09256982,0.6008014,0.10421363,8,19759,"{""type"":""MultiPoint"",""coordinates"":[]}"
1823_0,0.0848192,0.5515548,0.03052376,8,14854,"{""type"":""MultiPoint"",""coordinates"":[]}"
1824_0,0.2329905,0.7228571,0.21987528,8,15413,"{""type"":""MultiPoint"",""coordinates"":[]}"
1825_0,0.07202883,0.60961187,0.0116002755,8,649,"{""type"":""MultiPoint"",""coordinates"":[]}"
1826_0,0.229012,0.6874121,0.19811384,8,15172,"{""type"":""MultiPoint"",""coordinates"":[]}"
1827_0,0.22057648,0.7847759,0.1783969,8,217,"{""type"":""MultiPoint"",""coordinates"":[]}"
1828_0,0.14100996,0.66131157,0.12401996,8,17934,"{""type"":""MultiPoint"",""coordinates"":[]}"
1829_0,0.21139146,0.7785465,0.17656958,8,17938,"{""type"":""MultiPoint"",""coordinates"":[]}"
1830_0,0.109914556,0.55628693,0.027776448,8,4519,"{""type"":""MultiPoint"",""coordinates"":[]}"
1831_0,-0.037496895,0.52441454,-0.14197515,8,2676,"{""type"":""MultiPoint"",""coordinates"":[]}"
1832_0,0.014955952,0.59703153,-0.04909448,8,2715,"{""type"":""MultiPoint"",""coordinates"":[]}"
1833_0,0.10651419,0.643309,0.056517493,8,24850,"{""type"":""MultiPoint"",""coordinates"":[]}"
1834_0,0.233997,0.74092245,0.19595505,8,3226,"{""type"":""MultiPoint"",""coordinates"":[]}"
1835_0,-0.058361594,0.39377618,-0.108687334,8,4900,"{""type"":""MultiPoint"",""coordinates"":[]}"
1836_0,0.21200421,0.7796797,0.17885882,8,4884,"{""type"":""MultiPoint"",""coordinates"":[]}"
1837_0,0.13871826,0.6877261,0.15080287,8,22708,"{""type"":""MultiPoint"",""coordinates"":[]}"
1838_0,0.002354524,0.49202126,-0.04305215,8,19231,"{""type"":""MultiPoint"",""coordinates"":[]}"
1839_0,0.08270021,0.680526,0.034396842,8,16059,"{""type"":""MultiPoint"",""coordinates"":[]}"
1840_0,0.02338607,0.5448165,-0.01417116,8,20064,"{""type"":""MultiPoint"",""coordinates"":[]}"
1841_0,0.20939273,0.7572922,0.16747601,8,7484,"{""type"":""MultiPoint"",""coordinates"":[]}"
1842_0,-0.16621923,0.21058191,-0.22062333,8,12499,"{""type"":""MultiPoint"",""coordinates"":[]}"
1843_0,0.14491627,0.681711,0.11110444,8,20646,"{""type"":""MultiPoint"",""coordinates"":[]}"
1844_0,0.15162192,0.685103,0.1151883,8,14725,"{""type"":""MultiPoint"",""coordinates"":[]}"
1845_0,0.19748016,0.64670104,0.2019212,8,17307,"{""type"":""MultiPoint"",""coordinates"":[]}"
1846_0,0.14219896,0.79867536,0.10966549,8,17357,"{""type"":""MultiPoint"",""coordinates"":[]}"
1847_0,0.08641454,0.6297814,0.062039044,8,7576,"{""type"":""MultiPoint"",""coordinates"":[]}"
1848_0,0.26589477,0.8452589,0.27108794,8,14073,"{""type"":""MultiPoint"",""coordinates"":[]}"
1849_0,0.027202966,0.64461106,-4.5762677E-4,8,6161,"{""type"":""MultiPoint"",""coordinates"":[]}"
1850_0,0.10331543,0.6568096,0.07171555,8,24695,"{""type"":""MultiPoint"",""coordinates"":[]}"
1851_0,0.10928435,0.70404863,0.07650937,8,12441,"{""type"":""MultiPoint"",""coordinates"":[]}"
1852_0,0.010881214,0.36714545,-0.054379303,8,7552,"{""type"":""MultiPoint"",""coordinates"":[]}"
1853_0,-0.021899166,0.29439187,-0.08867844,8,22407,"{""type"":""MultiPoint"",""coordinates"":[]}"
1854_0,0.23362832,0.8129771,0.20558375,8,7221,"{""type"":""MultiPoint"",""coordinates"":[]}"
1855_0,-0.061610952,0.4886516,-0.10233102,8,19673,"{""type"":""MultiPoint"",""coordinates"":[]}"
1856_0,0.2866733,0.8857053,0.24913444,8,5584,"{""type"":""MultiPoint"",""coordinates"":[]}"
1857_0,-0.14714384,0.29462075,-0.18856499,8,5711,"{""type"":""MultiPoint"",""coordinates"":[]}"
1858_0,0.19219443,0.7456923,0.15760557,8,12814,"{""type"":""MultiPoint"",""coordinates"":[]}"
1859_0,-0.14285715,0.43951613,-0.18013121,8,18399,"{""type"":""MultiPoint"",""coordinates"":[]}"
1860_0,0.10657846,0.7308627,0.079166666,8,16320,"{""type"":""MultiPoint"",""coordinates"":[]}"
1861_0,0.25622103,0.7986577,0.22868837,8,3200,"{""type"":""MultiPoint"",""coordinates"":[]}"
1862_0,-0.036827195,0.17349304,0.0057526366,8,14222,"{""type"":""MultiPoint"",""coordinates"":[]}"
1863_0,0.32548046,0.7699877,0.27627495,8,25011,"{""type"":""MultiPoint"",""coordinates"":[]}"
1864_0,0.0017740175,0.6206713,-0.060237244,8,2592,"{""type"":""MultiPoint"",""coordinates"":[]}"
1865_0,0.04287465,0.64814585,0.02800719,8,5550,"{""type"":""MultiPoint"",""coordinates"":[]}"
1866_0,0.08073304,0.52388024,0.058245853,8,17990,"{""type"":""MultiPoint"",""coordinates"":[]}"
1867_0,0.14829415,0.70522064,0.12764849,8,13756,"{""type"":""MultiPoint"",""coordinates"":[]}"
1868_0,0.14058371,0.61745214,0.0809805,8,5436,"{""type"":""MultiPoint"",""coordinates"":[]}"
1869_0,0.23577525,0.7088889,0.17741627,8,23924,"{""type"":""MultiPoint"",""coordinates"":[]}"
1870_0,-0.02961352,0.3522613,-0.06692094,8,17697,"{""type"":""MultiPoint"",""coordinates"":[]}"
1871_0,0.23087952,0.7442675,0.20107278,8,9712,"{""type"":""MultiPoint"",""coordinates"":[]}"
1872_0,0.18437286,0.70726496,0.15222037,8,16036,"{""type"":""MultiPoint"",""coordinates"":[]}"
1873_0,0.076059006,0.5858073,0.059223525,8,18026,"{""type"":""MultiPoint"",""coordinates"":[]}"
1874_0,0.24265778,0.6429634,0.2070619,8,2561,"{""type"":""MultiPoint"",""coordinates"":[]}"
1875_0,-0.11096301,0.29662144,-0.14938918,8,6649,"{""type"":""MultiPoint"",""coordinates"":[]}"
1876_0,-0.0881396,0.27776647,-0.0769878,8,25343,"{""type"":""MultiPoint"",""coordinates"":[]}"
1877_0,0.05869242,0.52183473,-0.009286703,8,22044,"{""type"":""MultiPoint"",""coordinates"":[]}"
1878_0,0.2159168,0.6605634,0.16934131,8,24409,"{""type"":""MultiPoint"",""coordinates"":[]}"
1879_0,-0.12701583,0.27780682,-0.15173405,8,20823,"{""type"":""MultiPoint"",""coordinates"":[]}"
1880_0,0.18013458,0.68653905,0.10974854,8,19824,"{""type"":""MultiPoint"",""coordinates"":[]}"
1881_0,0.07851662,0.70039076,0.05517985,8,25221,"{""type"":""MultiPoint"",""coordinates"":[]}"
1882_0,-0.031621277,0.38698822,-0.063901976,8,10277,"{""type"":""MultiPoint"",""coordinates"":[]}"
1883_0,0.12379657,0.7130776,0.1100845,8,22285,"{""type"":""MultiPoint"",""coordinates"":[]}"
1884_0,0.25875887,0.8215485,0.23854914,8,21444,"{""type"":""MultiPoint"",""coordinates"":[]}"
1885_0,-0.0729335,0.52776474,-0.061326824,8,22167,"{""type"":""MultiPoint"",""coordinates"":[]}"
1886_0,0.28851882,0.8174326,0.24751921,8,20637,"{""type"":""MultiPoint"",""coordinates"":[]}"
1887_0,0.05547648,0.47838476,0.034084424,8,134,"{""type"":""MultiPoint"",""coordinates"":[]}"
1888_0,-0.019350128,0.39885715,-0.064935066,8,18040,"{""type"":""MultiPoint"",""coordinates"":[]}"
1889_0,0.284565,0.81691235,0.2641238,8,4393,"{""type"":""MultiPoint"",""coordinates"":[]}"
1890_0,0.30704045,0.7020552,0.2838168,8,11790,"{""type"":""MultiPoint"",""coordinates"":[]}"
1891_0,-0.029773967,0.4082397,-0.074037835,8,10249,"{""type"":""MultiPoint"",""coordinates"":[]}"
1892_0,-0.082905695,0.3990418,-0.14240427,8,1303,"{""type"":""MultiPoint"",""coordinates"":[]}"
1893_0,-0.11949107,0.35060114,-0.16482891,8,10443,"{""type"":""MultiPoint"",""coordinates"":[]}"
1894_0,0.08091117,0.64582187,0.045561105,8,7703,"{""type"":""MultiPoint"",""coordinates"":[]}"
1895_0,0.043137543,0.5074016,-0.009911213,8,18191,"{""type"":""MultiPoint"",""coordinates"":[]}"
1896_0,-0.0989467,0.3261561,-0.13335465,8,4405,"{""type"":""MultiPoint"",""coordinates"":[]}"
1897_0,0.14962928,0.6947627,0.14267617,8,18859,"{""type"":""MultiPoint"",""coordinates"":[]}"
1898_0,0.2360804,0.80727893,0.21356353,8,7563,"{""type"":""MultiPoint"",""coordinates"":[]}"
1899_0,0.12115951,0.6234424,0.03666497,8,19852,"{""type"":""MultiPoint"",""coordinates"":[]}"
1900_0,0.12732232,0.72491336,0.075226694,8,25459,"{""type"":""MultiPoint"",""coordinates"":[]}"
1901_0,0.011941775,0.5697197,-0.014293037,8,18987,"{""type"":""MultiPoint"",""coordinates"":[]}"
1902_0,0.26930794,0.71366405,0.21255134,8,18010,"{""type"":""MultiPoint"",""coordinates"":[]}"
1903_0,-0.011184545,0.3621885,-0.035936877,8,9043,"{""type"":""MultiPoint"",""coordinates"":[]}"
1904_0,-0.07616804,0.47393855,-0.1083704,8,23264,"{""type"":""MultiPoint"",""coordinates"":[]}"
1905_0,0.22714762,0.7305231,0.19035642,8,2299,"{""type"":""MultiPoint"",""coordinates"":[]}"
1906_0,0.26694372,0.7853914,0.24122871,8,3739,"{""type"":""MultiPoint"",""coordinates"":[]}"
1907_0,0.14555024,0.52018446,0.10740047,8,6215,"{""type"":""MultiPoint"",""coordinates"":[]}"
1908_0,-0.08354215,0.33549196,-0.13221644,8,7792,"{""type"":""MultiPoint"",""coordinates"":[]}"
1909_0,0.07905755,0.65480006,0.033958856,8,18129,"{""type"":""MultiPoint"",""coordinates"":[]}"
1910_0,-0.027052993,0.44766963,-0.054800432,8,21533,"{""type"":""MultiPoint"",""coordinates"":[]}"
1911_0,0.031457532,0.45434362,-0.019461079,8,146,"{""type"":""MultiPoint"",""coordinates"":[]}"
1912_0,0.059334297,0.5263158,0.03305785,8,9402,"{""type"":""MultiPoint"",""coordinates"":[]}"
1913_0,0.042758156,0.70645344,0.026451392,8,11959,"{""type"":""MultiPoint"",""coordinates"":[]}"
1914_0,0.20334855,0.7936089,0.19399256,8,14992,"{""type"":""MultiPoint"",""coordinates"":[]}"
1915_0,0.22336403,0.79210716,0.20558822,8,22113,"{""type"":""MultiPoint"",""coordinates"":[]}"
1916_0,0.1650537,0.7344123,0.1372067,8,3256,"{""type"":""MultiPoint"",""coordinates"":[]}"
1917_0,0.29399672,0.72661436,0.25427443,8,14465,"{""type"":""MultiPoint"",""coordinates"":[]}"
1918_0,0.17344753,0.7826866,0.1689176,8,20480,"{""type"":""MultiPoint"",""coordinates"":[]}"
1919_0,0.09298217,0.6148069,0.05409479,8,8268,"{""type"":""MultiPoint"",""coordinates"":[]}"
1920_0,-0.026140256,0.4860051,-0.08937799,8,12093,"{""type"":""MultiPoint"",""coordinates"":[]}"
1921_0,-0.12170889,0.32080466,-0.13995174,8,5198,"{""type"":""MultiPoint"",""coordinates"":[]}"
1922_0,0.20427096,0.78331995,0.1958281,8,11074,"{""type"":""MultiPoint"",""coordinates"":[]}"
1923_0,0.1587647,0.70067453,0.10505493,8,9240,"{""type"":""MultiPoint"",""coordinates"":[]}"
1924_0,0.1682971,0.76623404,0.14230604,8,11853,"{""type"":""MultiPoint"",""coordinates"":[]}"
1925_0,0.06789208,0.4396447,0.014038067,8,11321,"{""type"":""MultiPoint"",""coordinates"":[]}"
1926_0,-0.14246057,0.38488495,-0.20578164,8,4667,"{""type"":""MultiPoint"",""coordinates"":[]}"
1927_0,0.07586434,0.57286185,0.021422205,8,6830,"{""type"":""MultiPoint"",""coordinates"":[]}"
1928_0,-0.14327593,0.39361703,-0.16700953,8,21234,"{""type"":""MultiPoint"",""coordinates"":[]}"
1929_0,0.11125026,0.6417262,0.083979055,8,9051,"{""type"":""MultiPoint"",""coordinates"":[]}"
1930_0,0.057895523,0.52309334,0.015336416,8,6983,"{""type"":""MultiPoint"",""coordinates"":[]}"
1931_0,0.044077136,0.6333541,0.037608486,8,17250,"{""type"":""MultiPoint"",""coordinates"":[]}"
1932_0,0.20201537,0.83891076,0.17308848,8,819,"{""type"":""MultiPoint"",""coordinates"":[]}"
1933_0,-0.16550925,0.23388411,-0.20664372,8,367,"{""type"":""MultiPoint"",""coordinates"":[]}"
1934_0,-0.03155098,0.2876358,-0.10612318,8,24639,"{""type"":""MultiPoint"",""coordinates"":[]}"
1935_0,0.13794404,0.56940347,0.079324916,8,24012,"{""type"":""MultiPoint"",""coordinates"":[]}"
1936_0,0.14916623,0.7636686,0.09240756,8,25110,"{""type"":""MultiPoint"",""coordinates"":[]}"
1937_0,0.006099663,0.2589554,0.041696787,8,16468,"{""type"":""MultiPoint"",""coordinates"":[]}"
1938_0,0.0022412352,0.5359904,-0.04320627,8,25281,"{""type"":""MultiPoint"",""coordinates"":[]}"
1939_0,-0.13521127,0.32040986,-0.14123894,8,6753,"{""type"":""MultiPoint"",""coordinates"":[]}"
1940_0,-0.048180923,0.5,-0.09248957,8,6460,"{""type"":""MultiPoint"",""coordinates"":[]}"
1941_0,0.2469126,0.7415058,0.22515334,8,13677,"{""type"":""MultiPoint"",""coordinates"":[]}"
1942_0,0.16283321,0.69207066,0.103045076,8,20665,"{""type"":""MultiPoint"",""coordinates"":[]}"
1943_0,0.14754099,0.6137513,0.02241594,8,3734,"{""type"":""MultiPoint"",""coordinates"":[]}"
1944_0,0.3117653,0.79787374,0.27731603,8,12405,"{""type"":""MultiPoint"",""coordinates"":[]}"
1945_0,0.0032639515,0.6132418,-0.021040443,8,11832,"{""type"":""MultiPoint"",""coordinates"":[]}"
1946_0,0.077551916,0.6620759,0.061215404,8,13871,"{""type"":""MultiPoint"",""coordinates"":[]}"
1947_0,-0.038676914,0.35281146,-0.08825237,8,23186,"{""type"":""MultiPoint"",""coordinates"":[]}"
1948_0,0.14411885,0.78776175,0.110925406,8,1063,"{""type"":""MultiPoint"",""coordinates"":[]}"
1949_0,-0.14491865,0.3042848,-0.18273099,8,19523,"{""type"":""MultiPoint"",""coordinates"":[]}"
1950_0,0.24664877,0.7335428,0.20894998,8,18001,"{""type"":""MultiPoint"",""coordinates"":[]}"
1951_0,0.1094364,0.6287112,0.032811563,8,20927,"{""type"":""MultiPoint"",""coordinates"":[]}"
1952_0,0.11633523,0.56556576,0.05772525,8,18772,"{""type"":""MultiPoint"",""coordinates"":[]}"
1953_0,-0.052441012,0.30872184,-0.080252945,8,1808,"{""type"":""MultiPoint"",""coordinates"":[]}"
1954_0,-0.040756915,0.45794392,-0.09609402,8,8203,"{""type"":""MultiPoint"",""coordinates"":[]}"
1955_0,-0.047147196,0.43951917,-0.06399609,8,91,"{""type"":""MultiPoint"",""coordinates"":[]}"
1956_0,-0.03987961,0.51024455,-0.08970874,8,12643,"{""type"":""MultiPoint"",""coordinates"":[]}"
1957_0,-0.10581613,0.45009416,-0.13725491,8,943,"{""type"":""MultiPoint"",""coordinates"":[]}"
1958_0,0.20146424,0.7622889,0.17813858,8,15133,"{""type"":""MultiPoint"",""coordinates"":[]}"
1959_0,0.043153245,0.5500392,0.030218827,8,10373,"{""type"":""MultiPoint"",""coordinates"":[]}"
1960_0,0.12318571,0.7829319,0.119910344,8,9453,"{""type"":""MultiPoint"",""coordinates"":[]}"
1961_0,0.093241245,0.6486815,0.05287714,8,19009,"{""type"":""MultiPoint"",""coordinates"":[]}"
1962_0,0.18752673,0.68958014,0.12630065,8,2595,"{""type"":""MultiPoint"",""coordinates"":[]}"
1963_0,0.24998018,0.75909513,0.24857661,8,7109,"{""type"":""MultiPoint"",""coordinates"":[]}"
1964_0,0.21326056,0.790967,0.22762454,8,880,"{""type"":""MultiPoint"",""coordinates"":[]}"
1965_0,0.06103791,0.70457697,0.016935866,8,20204,"{""type"":""MultiPoint"",""coordinates"":[]}"
1966_0,0.25166568,0.7888963,0.2038655,8,22790,"{""type"":""MultiPoint"",""coordinates"":[]}"
1967_0,-0.11646562,0.46788153,-0.16954057,8,447,"{""type"":""MultiPoint"",""coordinates"":[]}"
1968_0,0.11149836,0.66915625,0.068049446,8,16030,"{""type"":""MultiPoint"",""coordinates"":[]}"
1969_0,0.13952571,0.6055963,0.112649865,8,3799,"{""type"":""MultiPoint"",""coordinates"":[]}"
1970_0,0.040844608,0.493565,0.0027854608,8,18109,"{""type"":""MultiPoint"",""coordinates"":[]}"
1971_0,0.34328315,0.88281405,0.30314475,8,23179,"{""type"":""MultiPoint"",""coordinates"":[]}"
1972_0,0.018364519,0.514959,-0.0027855153,8,12893,"{""type"":""MultiPoint"",""coordinates"":[]}"
1973_0,0.27196214,0.86036855,0.26629755,8,19720,"{""type"":""MultiPoint"",""coordinates"":[]}"
1974_0,-0.06737072,0.44842768,-0.11440843,8,19935,"{""type"":""MultiPoint"",""coordinates"":[]}"
1975_0,0.0036924984,0.45268095,-0.050801516,8,9585,"{""type"":""MultiPoint"",""coordinates"":[]}"
1976_0,0.0690518,0.64701015,0.043662235,8,3402,"{""type"":""MultiPoint"",""coordinates"":[]}"
1977_0,0.1184851,0.6053554,0.09699789,8,15503,"{""type"":""MultiPoint"",""coordinates"":[]}"
1978_0,-0.10184731,0.34646282,-0.12824702,8,18083,"{""type"":""MultiPoint"",""coordinates"":[]}"
1979_0,-0.08453164,0.29938552,-0.121796936,8,19549,"{""type"":""MultiPoint"",""coordinates"":[]}"
1980_0,0.088963956,0.6651765,0.058414258,8,17367,"{""type"":""MultiPoint"",""coordinates"":[]}"
1981_0,0.06476565,0.61749834,0.04447545,8,21483,"{""type"":""MultiPoint"",""coordinates"":[]}"
1982_0,0.1388093,0.6033988,0.12499178,8,18226,"{""type"":""MultiPoint"",""coordinates"":[]}"
1983_0,0.17947422,0.657792,0.18370408,8,843,"{""type"":""MultiPoint"",""coordinates"":[]}"
1984_0,-0.14988911,0.28823343,-0.14586283,8,21613,"{""type"":""MultiPoint"",""coordinates"":[]}"
1985_0,0.09740253,0.66179675,0.08988042,8,7908,"{""type"":""MultiPoint"",""coordinates"":[]}"
1986_0,0.01991885,0.40262643,-0.018788343,8,4258,"{""type"":""MultiPoint"",""coordinates"":[]}"
1987_0,0.21889764,0.6949297,0.15934539,8,9539,"{""type"":""MultiPoint"",""coordinates"":[]}"
1988_0,0.021799112,0.591833,-0.014402545,8,15295,"{""type"":""MultiPoint"",""coordinates"":[]}"
1989_0,0.21932115,0.58943784,0.15051311,8,12325,"{""type"":""MultiPoint"",""coordinates"":[]}"
1990_0,0.22765073,0.79767,0.21261773,8,5888,"{""type"":""MultiPoint"",""coordinates"":[]}"
1991_0,0.0010031471,0.4559425,-0.019776829,8,3068,"{""type"":""MultiPoint"",""coordinates"":[]}"
1992_0,-0.04397582,0.45097357,-0.080879405,8,11850,"{""type"":""MultiPoint"",""coordinates"":[]}"
1993_0,0.27417248,0.777778,0.28947395,8,10008,"{""type"":""MultiPoint"",""coordinates"":[]}"
1994_0,0.1864059,0.66677016,0.10808294,8,20756,"{""type"":""MultiPoint"",""coordinates"":[]}"
1995_0,-0.14368093,0.40498826,-0.19262506,8,4689,"{""type"":""MultiPoint"",""coordinates"":[]}"
1996_0,-0.2187648,0.23094985,-0.2725575,8,748,"{""type"":""MultiPoint"",""coordinates"":[]}"
1997_0,-0.019639704,0.6199812,-0.007975966,8,6379,"{""type"":""MultiPoint"",""coordinates"":[]}"
1998_0,0.21910444,0.808179,0.20160212,8,11503,"{""type"":""MultiPoint"",""coordinates"":[]}"
1999_0,0.13748634,0.67300636,0.116830796,8,11146,"{""type"":""MultiPoint"",""coordinates"":[]}"
2000_0,-0.062964976,0.4422517,-0.12691338,8,22455,"{""type"":""MultiPoint"",""coordinates"":[]}"
2001_0,-0.07567901,0.06550639,-0.10126025,8,2907,"{""type"":""MultiPoint"",""coordinates"":[]}"
2002_0,0.15544501,0.76892,0.16021904,8,12074,"{""type"":""MultiPoint"",""coordinates"":[]}"
2003_0,-0.054676212,0.39213514,-0.11735063,8,4047,"{""type"":""MultiPoint"",""coordinates"":[]}"
2004_0,-0.0091642225,0.5090909,-0.051365286,8,14970,"{""type"":""MultiPoint"",""coordinates"":[]}"
2005_0,0.15074365,0.8225309,0.16617642,8,11487,"{""type"":""MultiPoint"",""coordinates"":[]}"
2006_0,0.05129789,0.71315515,0.04890085,8,696,"{""type"":""MultiPoint"",""coordinates"":[]}"
2007_0,0.14365153,0.7786837,0.14412746,8,12097,"{""type"":""MultiPoint"",""coordinates"":[]}"
2008_0,0.043531228,0.6843428,-0.0044113114,8,19593,"{""type"":""MultiPoint"",""coordinates"":[]}"
2009_0,0.14962885,0.66701293,0.085329145,8,18864,"{""type"":""MultiPoint"",""coordinates"":[]}"
2010_0,0.19831708,0.77984315,0.1875969,8,2528,"{""type"":""MultiPoint"",""coordinates"":[]}"
2011_0,0.1893227,0.7251562,0.12657116,8,15081,"{""type"":""MultiPoint"",""coordinates"":[]}"
2012_0,0.09376714,0.53227156,0.05037349,8,14464,"{""type"":""MultiPoint"",""coordinates"":[]}"
2013_0,0.1122058,0.67440474,0.0775033,8,20305,"{""type"":""MultiPoint"",""coordinates"":[]}"
2014_0,0.43357173,0.8715088,0.43491402,8,12335,"{""type"":""MultiPoint"",""coordinates"":[]}"
2015_0,0.08189775,0.60037535,0.06367499,8,119,"{""type"":""MultiPoint"",""coordinates"":[]}"
2016_0,0.19790027,0.6284927,0.15277778,8,6490,"{""type"":""MultiPoint"",""coordinates"":[]}"
2017_0,-0.0411449,0.43338534,-0.065690465,8,18605,"{""type"":""MultiPoint"",""coordinates"":[]}"
2018_0,0.06820536,0.4753837,0.080583945,8,12971,"{""type"":""MultiPoint"",""coordinates"":[]}"
2019_0,-0.027425436,0.32781065,-0.033092037,8,167,"{""type"":""MultiPoint"",""coordinates"":[]}"
2020_0,0.1399406,0.7719249,0.1614325,8,19722,"{""type"":""MultiPoint"",""coordinates"":[]}"
2021_0,-0.09781207,0.42663112,-0.07867498,8,2346,"{""type"":""MultiPoint"",""coordinates"":[]}"
2022_0,0.19489059,0.6752482,0.1579244,8,21601,"{""type"":""MultiPoint"",""coordinates"":[]}"
2023_0,-0.006633059,0.5360934,-0.050524585,8,18728,"{""type"":""MultiPoint"",""coordinates"":[]}"
2024_0,0.09789678,0.4737677,0.05765919,8,9253,"{""type"":""MultiPoint"",""coordinates"":[]}"
2025_0,-0.025156043,0.41084823,-0.069591224,8,20971,"{""type"":""MultiPoint"",""coordinates"":[]}"
2026_0,0.071073815,0.7387497,0.12699936,8,15498,"{""type"":""MultiPoint"",""coordinates"":[]}"
2027_0,-0.01978202,0.51116526,-0.048678625,8,7712,"{""type"":""MultiPoint"",""coordinates"":[]}"
2028_0,0.16926588,0.7499748,0.14704247,8,15868,"{""type"":""MultiPoint"",""coordinates"":[]}"
2029_0,0.08303707,0.6716272,0.08430978,8,14253,"{""type"":""MultiPoint"",""coordinates"":[]}"
2030_0,0.15147157,0.5774584,0.11685827,8,9128,"{""type"":""MultiPoint"",""coordinates"":[]}"
2031_0,0.28995663,0.8436498,0.2762063,8,13421,"{""type"":""MultiPoint"",""coordinates"":[]}"
2032_0,0.045502968,0.49366516,0.02563306,8,2492,"{""type"":""MultiPoint"",""coordinates"":[]}"
2033_0,-0.0680849,0.33038604,-0.08821661,8,16677,"{""type"":""MultiPoint"",""coordinates"":[]}"
2034_0,-0.043642074,0.4949187,-0.05451128,8,22563,"{""type"":""MultiPoint"",""coordinates"":[]}"
2035_0,0.024695652,0.56050956,-0.012639943,8,5678,"{""type"":""MultiPoint"",""coordinates"":[]}"
2036_0,-0.028923973,0.3618747,-0.06351861,8,19252,"{""type"":""MultiPoint"",""coordinates"":[]}"
2037_0,0.017481385,0.62127316,-0.005799503,8,10349,"{""type"":""MultiPoint"",""coordinates"":[]}"
2038_0,-0.10054707,0.30375612,-0.12559327,8,247,"{""type"":""MultiPoint"",""coordinates"":[]}"
2039_0,0.12555948,0.6081604,0.10881078,8,16358,"{""type"":""MultiPoint"",""coordinates"":[]}"
2040_0,0.0939786,0.6575779,0.06742789,8,22852,"{""type"":""MultiPoint"",""coordinates"":[]}"
2041_0,0.015868163,0.44229865,-0.002458724,8,13214,"{""type"":""MultiPoint"",""coordinates"":[]}"
2042_0,0.15159574,0.68146664,0.13583592,8,13620,"{""type"":""MultiPoint"",""coordinates"":[]}"
2043_0,0.012349804,0.48433354,-0.03429013,8,1888,"{""type"":""MultiPoint"",""coordinates"":[]}"
2044_0,0.07793964,0.5821075,0.052830976,8,11761,"{""type"":""MultiPoint"",""coordinates"":[]}"
2045_0,0.04125669,0.47135416,0.008568369,8,7955,"{""type"":""MultiPoint"",""coordinates"":[]}"
2046_0,-0.024246396,0.4143753,-0.05809268,8,13443,"{""type"":""MultiPoint"",""coordinates"":[]}"
2047_0,0.004616477,0.34624204,-0.03787327,8,6134,"{""type"":""MultiPoint"",""coordinates"":[]}"
2048_0,0.021147095,0.5429231,-0.04199811,8,22276,"{""type"":""MultiPoint"",""coordinates"":[]}"
2049_0,-0.27251652,0.16140799,-0.32997394,8,23189,"{""type"":""MultiPoint"",""coordinates"":[]}"
2050_0,0.053994082,0.67126507,0.051912062,8,3274,"{""type"":""MultiPoint"",""coordinates"":[]}"
2051_0,-0.15281175,0.14851451,-0.18260866,8,10798,"{""type"":""MultiPoint"",""coordinates"":[]}"
2052_0,-0.013870268,0.5372529,-0.022207161,8,9132,"{""type"":""MultiPoint"",""coordinates"":[]}"
2053_0,0.34338632,0.8452735,0.33175033,8,21144,"{""type"":""MultiPoint"",""coordinates"":[]}"
2054_0,0.031287063,0.52447736,-0.0015232662,8,24061,"{""type"":""MultiPoint"",""coordinates"":[]}"
2055_0,0.112687446,0.6589022,0.08447181,8,9526,"{""type"":""MultiPoint"",""coordinates"":[]}"
2056_0,0.13496253,0.67295885,0.068068795,8,6880,"{""type"":""MultiPoint"",""coordinates"":[]}"
2057_0,0.2523268,0.630991,0.21836682,8,1450,"{""type"":""MultiPoint"",""coordinates"":[]}"
2058_0,0.23964082,0.75373036,0.21457042,8,12799,"{""type"":""MultiPoint"",""coordinates"":[]}"
2059_0,0.12587684,0.6856084,0.0990737,8,8880,"{""type"":""MultiPoint"",""coordinates"":[]}"
2060_0,0.13711545,0.6246842,0.1234325,8,23038,"{""type"":""MultiPoint"",""coordinates"":[]}"
2061_0,0.03506083,0.4208992,0.0152111715,8,21015,"{""type"":""MultiPoint"",""coordinates"":[]}"
2062_0,-0.13052385,0.28578112,-0.18099211,8,22439,"{""type"":""MultiPoint"",""coordinates"":[]}"
2063_0,-0.08757989,0.39115548,-0.13037275,8,10513,"{""type"":""MultiPoint"",""coordinates"":[]}"
2064_0,0.08933966,0.5984859,0.06282951,8,180,"{""type"":""MultiPoint"",""coordinates"":[]}"
2065_0,0.16244821,0.7812171,0.10082361,8,18389,"{""type"":""MultiPoint"",""coordinates"":[]}"
2066_0,0.2,0.689213,0.18381228,8,15447,"{""type"":""MultiPoint"",""coordinates"":[]}"
2067_0,0.15496105,0.69329715,0.13187549,8,3473,"{""type"":""MultiPoint"",""coordinates"":[]}"
2068_0,-0.09549558,0.26310906,-0.12533215,8,9595,"{""type"":""MultiPoint"",""coordinates"":[]}"
2069_0,0.035145003,0.5714959,0.0026299614,8,25458,"{""type"":""MultiPoint"",""coordinates"":[]}"
2070_0,0.124245174,0.77557325,0.10272905,8,23799,"{""type"":""MultiPoint"",""coordinates"":[]}"
2071_0,0.17950357,0.7455412,0.16184787,8,1493,"{""type"":""MultiPoint"",""coordinates"":[]}"
2072_0,-0.102941744,0.4896322,-0.19053225,8,469,"{""type"":""MultiPoint"",""coordinates"":[]}"
2073_0,0.013025557,0.51196647,-0.007611336,8,13692,"{""type"":""MultiPoint"",""coordinates"":[]}"
2074_0,0.2349082,0.79236424,0.20387198,8,1911,"{""type"":""MultiPoint"",""coordinates"":[]}"
2075_0,0.3017675,0.83671165,0.28699028,8,19382,"{""type"":""MultiPoint"",""coordinates"":[]}"
2076_0,0.047019802,0.5819441,0.01969986,8,8365,"{""type"":""MultiPoint"",""coordinates"":[]}"
2077_0,-0.07354104,0.4754452,-0.1229115,8,15494,"{""type"":""MultiPoint"",""coordinates"":[]}"
2078_0,0.2655721,0.8316315,0.2511455,8,14410,"{""type"":""MultiPoint"",""coordinates"":[]}"
2079_0,0.26044482,0.6779602,0.21838637,8,11752,"{""type"":""MultiPoint"",""coordinates"":[]}"
2080_0,0.06135558,0.5955661,0.03500327,8,1192,"{""type"":""MultiPoint"",""coordinates"":[]}"
2081_0,0.29100382,0.83608824,0.27885756,8,11048,"{""type"":""MultiPoint"",""coordinates"":[]}"
2082_0,-0.027177714,0.49161506,-0.08156026,8,19592,"{""type"":""MultiPoint"",""coordinates"":[]}"
2083_0,0.07373054,0.59731877,0.04397209,8,24583,"{""type"":""MultiPoint"",""coordinates"":[]}"
2084_0,0.15310784,0.73969144,0.12313412,8,9198,"{""type"":""MultiPoint"",""coordinates"":[]}"
2085_0,0.068035096,0.57875556,0.037113048,8,15482,"{""type"":""MultiPoint"",""coordinates"":[]}"
2086_0,-0.010187049,0.48602265,-0.0389903,8,11841,"{""type"":""MultiPoint"",""coordinates"":[]}"
2087_0,0.008924209,0.5492193,-0.009883432,8,5982,"{""type"":""MultiPoint"",""coordinates"":[]}"
2088_0,-0.013802084,0.47255197,-0.04240012,8,4305,"{""type"":""MultiPoint"",""coordinates"":[]}"
2089_0,0.16739495,0.51352614,0.13559929,8,12285,"{""type"":""MultiPoint"",""coordinates"":[]}"
2090_0,0.14165068,0.66271913,0.11126575,8,8388,"{""type"":""MultiPoint"",""coordinates"":[]}"
2091_0,0.22618394,0.75231814,0.19883364,8,7363,"{""type"":""MultiPoint"",""coordinates"":[]}"
2092_0,0.11931722,0.757194,0.089994654,8,17614,"{""type"":""MultiPoint"",""coordinates"":[]}"
2093_0,0.15892975,0.75593793,0.13289008,8,16411,"{""type"":""MultiPoint"",""coordinates"":[]}"
2094_0,0.13126206,0.713389,0.097165436,8,22411,"{""type"":""MultiPoint"",""coordinates"":[]}"
2095_0,0.16389471,0.69006556,0.15072986,8,14337,"{""type"":""MultiPoint"",""coordinates"":[]}"
2096_0,-0.033073198,0.4095895,-0.07407269,8,23076,"{""type"":""MultiPoint"",""coordinates"":[]}"
2097_0,0.118060954,0.6710099,0.095340446,8,8542,"{""type"":""MultiPoint"",""coordinates"":[]}"
2098_0,0.026036613,0.6435807,0.021440566,8,5210,"{""type"":""MultiPoint"",""coordinates"":[]}"
2099_0,0.033469386,0.5068493,-0.0024752475,8,16114,"{""type"":""MultiPoint"",""coordinates"":[]}"
2100_0,0.08761119,0.6812021,0.03594425,8,2229,"{""type"":""MultiPoint"",""coordinates"":[]}"
2101_0,0.07373291,0.5427077,0.04495119,8,1297,"{""type"":""MultiPoint"",""coordinates"":[]}"
2102_0,0.14110276,0.7212904,0.11867573,8,6769,"{""type"":""MultiPoint"",""coordinates"":[]}"
2103_0,0.34515277,0.84100205,0.34859288,8,17784,"{""type"":""MultiPoint"",""coordinates"":[]}"
2104_0,-0.1113655,0.28603104,-0.085213035,8,635,"{""type"":""MultiPoint"",""coordinates"":[]}"
2105_0,0.017065236,0.679422,-0.014451948,8,4115,"{""type"":""MultiPoint"",""coordinates"":[]}"
2106_0,0.17148745,0.8082062,0.14082232,8,3547,"{""type"":""MultiPoint"",""coordinates"":[]}"
2107_0,0.018401979,0.6247456,-0.0015062591,8,24140,"{""type"":""MultiPoint"",""coordinates"":[]}"
2108_0,-0.118715085,0.41549507,-0.14072998,8,22965,"{""type"":""MultiPoint"",""coordinates"":[]}"
2109_0,0.13919413,0.521542,0.1039288,8,8505,"{""type"":""MultiPoint"",""coordinates"":[]}"
2110_0,0.17636687,0.74798656,0.14004086,8,2140,"{""type"":""MultiPoint"",""coordinates"":[]}"
2111_0,0.17956446,0.7638557,0.15994312,8,24006,"{""type"":""MultiPoint"",""coordinates"":[]}"
2112_0,0.054969195,0.75672364,0.0371129,8,9289,"{""type"":""MultiPoint"",""coordinates"":[]}"
2113_0,0.09313547,0.74429,0.09211495,8,7481,"{""type"":""MultiPoint"",""coordinates"":[]}"
2114_0,0.3084995,0.74349713,0.3174521,8,16764,"{""type"":""MultiPoint"",""coordinates"":[]}"
2115_0,0.26356927,0.85762864,0.23547415,8,22357,"{""type"":""MultiPoint"",""coordinates"":[]}"
2116_0,0.21578299,0.78782564,0.24614829,8,2973,"{""type"":""MultiPoint"",""coordinates"":[]}"
2117_0,0.11216439,0.71159136,0.06559173,8,19251,"{""type"":""MultiPoint"",""coordinates"":[]}"
2118_0,0.13652977,0.58602506,0.09587793,8,2004,"{""type"":""MultiPoint"",""coordinates"":[]}"
2119_0,0.054583333,0.57468355,0.045014,8,2275,"{""type"":""MultiPoint"",""coordinates"":[]}"
2120_0,0.01466196,0.2971927,0.021715412,8,3421,"{""type"":""MultiPoint"",""coordinates"":[]}"
2121_0,0.059594985,0.57445484,0.012419872,8,23476,"{""type"":""MultiPoint"",""coordinates"":[]}"
2122_0,0.069746755,0.5264581,0.02206779,8,14651,"{""type"":""MultiPoint"",""coordinates"":[]}"
2123_0,0.07507389,0.60298693,0.05606524,8,17779,"{""type"":""MultiPoint"",""coordinates"":[]}"
2124_0,0.011826606,0.5692359,-0.0033478444,8,14032,"{""type"":""MultiPoint"",""coordinates"":[]}"
2125_0,0.23432451,0.7459049,0.19061556,8,10650,"{""type"":""MultiPoint"",""coordinates"":[]}"
2126_0,0.17751266,0.7071615,0.13397472,8,11361,"{""type"":""MultiPoint"",""coordinates"":[]}"
2127_0,-0.089923516,0.3278777,-0.12185233,8,29,"{""type"":""MultiPoint"",""coordinates"":[]}"
2128_0,0.11863271,0.6114802,0.070999645,8,19191,"{""type"":""MultiPoint"",""coordinates"":[]}"
2129_0,0.14633365,0.675742,0.1233147,8,14811,"{""type"":""MultiPoint"",""coordinates"":[]}"
2130_0,0.010915682,0.46824685,-0.024732584,8,3418,"{""type"":""MultiPoint"",""coordinates"":[]}"
2131_0,0.041337166,0.45807827,0.023351392,8,21888,"{""type"":""MultiPoint"",""coordinates"":[]}"
2132_0,0.13971986,0.75237226,0.1289606,8,7525,"{""type"":""MultiPoint"",""coordinates"":[]}"
2133_0,0.12486126,0.70465416,0.12517713,8,22333,"{""type"":""MultiPoint"",""coordinates"":[]}"
2134_0,0.13833725,0.72406584,0.12012373,8,4206,"{""type"":""MultiPoint"",""coordinates"":[]}"
2135_0,0.112832606,0.627972,0.06844247,8,16229,"{""type"":""MultiPoint"",""coordinates"":[]}"
2136_0,0.14440475,0.6378983,0.11460889,8,23669,"{""type"":""MultiPoint"",""coordinates"":[]}"
2137_0,0.04295497,0.5666875,0.011522135,8,8231,"{""type"":""MultiPoint"",""coordinates"":[]}"
2138_0,0.2635953,0.7802198,0.22623575,8,11165,"{""type"":""MultiPoint"",""coordinates"":[]}"
2139_0,0.1822838,0.7608453,0.17187856,8,5980,"{""type"":""MultiPoint"",""coordinates"":[]}"
2140_0,0.089961484,0.63010216,0.03395509,8,19847,"{""type"":""MultiPoint"",""coordinates"":[]}"
2141_0,0.23782802,0.79987663,0.2617,8,960,"{""type"":""MultiPoint"",""coordinates"":[]}"
2142_0,0.037441213,0.50990474,-0.07170993,8,984,"{""type"":""MultiPoint"",""coordinates"":[]}"
2143_0,-0.2400533,0.32804233,-0.29916236,8,22552,"{""type"":""MultiPoint"",""coordinates"":[]}"
2144_0,0.3135382,0.73354036,0.28317434,8,6814,"{""type"":""MultiPoint"",""coordinates"":[]}"
2145_0,-0.06546362,0.47710297,-0.11071215,8,21409,"{""type"":""MultiPoint"",""coordinates"":[]}"
2146_0,0.29199725,0.71513206,0.27047294,8,2145,"{""type"":""MultiPoint"",""coordinates"":[]}"
2147_0,0.20363566,0.7708674,0.13560033,8,23901,"{""type"":""MultiPoint"",""coordinates"":[]}"
2148_0,0.19491619,0.68612003,0.18907657,8,13218,"{""type"":""MultiPoint"",""coordinates"":[]}"
2149_0,0.22738007,0.79451483,0.21401563,8,15589,"{""type"":""MultiPoint"",""coordinates"":[]}"
2150_0,0.020180665,0.35226178,0.053335812,8,21032,"{""type"":""MultiPoint"",""coordinates"":[]}"
2151_0,0.120761245,0.70226365,0.10196148,8,4832,"{""type"":""MultiPoint"",""coordinates"":[]}"
2152_0,-0.050254595,0.49298978,-0.09978768,8,6306,"{""type"":""MultiPoint"",""coordinates"":[]}"
2153_0,0.042820126,0.52885044,-0.0011370133,8,4724,"{""type"":""MultiPoint"",""coordinates"":[]}"
2154_0,0.08208775,0.5994996,0.04831946,8,6077,"{""type"":""MultiPoint"",""coordinates"":[]}"
2155_0,0.12625922,0.6683505,0.07949425,8,3901,"{""type"":""MultiPoint"",""coordinates"":[]}"
2156_0,-0.10462472,0.33228743,-0.15680826,8,23838,"{""type"":""MultiPoint"",""coordinates"":[]}"
2157_0,0.07809262,0.59125453,0.043011405,8,9999,"{""type"":""MultiPoint"",""coordinates"":[]}"
2158_0,0.1512243,0.58487535,0.11207405,8,2168,"{""type"":""MultiPoint"",""coordinates"":[]}"
2159_0,0.13734296,0.6631886,0.085915744,8,22218,"{""type"":""MultiPoint"",""coordinates"":[]}"
2160_0,0.08696917,0.5915646,0.07575087,8,291,"{""type"":""MultiPoint"",""coordinates"":[]}"
2161_0,0.017645136,0.44766042,-0.02807752,8,4032,"{""type"":""MultiPoint"",""coordinates"":[]}"
2162_0,0.13790935,0.73224086,0.1009454,8,10709,"{""type"":""MultiPoint"",""coordinates"":[]}"
2163_0,0.22325997,0.7941706,0.19483398,8,18893,"{""type"":""MultiPoint"",""coordinates"":[]}"
2164_0,0.19164433,0.73977304,0.22191224,8,2449,"{""type"":""MultiPoint"",""coordinates"":[]}"
2165_0,0.0061308146,0.48869795,-0.046760734,8,1259,"{""type"":""MultiPoint"",""coordinates"":[]}"
2166_0,0.0154577885,0.4987874,-0.020602219,8,8854,"{""type"":""MultiPoint"",""coordinates"":[]}"
2167_0,3.85505E-4,0.50633323,-0.05578176,8,23374,"{""type"":""MultiPoint"",""coordinates"":[]}"
2168_0,-0.0060112025,0.53198344,-0.031568814,8,21157,"{""type"":""MultiPoint"",""coordinates"":[]}"
2169_0,0.32478324,0.852166,0.24994972,8,22562,"{""type"":""MultiPoint"",""coordinates"":[]}"
2170_0,0.036362,0.4925445,0.0036640055,8,13943,"{""type"":""MultiPoint"",""coordinates"":[]}"
2171_0,0.2353511,0.8323314,0.20604675,8,24142,"{""type"":""MultiPoint"",""coordinates"":[]}"
2172_0,0.08941914,0.60395336,0.053038087,8,5545,"{""type"":""MultiPoint"",""coordinates"":[]}"
2173_0,0.07605832,0.57016575,0.025847847,8,4303,"{""type"":""MultiPoint"",""coordinates"":[]}"
2174_0,0.35246882,0.8780603,0.34761742,8,10205,"{""type"":""MultiPoint"",""coordinates"":[]}"
2175_0,-0.119856246,0.34404364,-0.16629712,8,3463,"{""type"":""MultiPoint"",""coordinates"":[]}"
2176_0,0.0135948295,0.50308853,-0.014844804,8,5284,"{""type"":""MultiPoint"",""coordinates"":[]}"
2177_0,0.01914854,0.5844311,0.009923664,8,22572,"{""type"":""MultiPoint"",""coordinates"":[]}"
2178_0,0.07817409,0.69532526,0.048629873,8,22576,"{""type"":""MultiPoint"",""coordinates"":[]}"
2179_0,0.13957454,0.55887836,0.120158866,8,24008,"{""type"":""MultiPoint"",""coordinates"":[]}"
2180_0,0.122355446,0.64386857,0.102803856,8,13308,"{""type"":""MultiPoint"",""coordinates"":[]}"
2181_0,0.11923839,0.6635162,0.08788096,8,25219,"{""type"":""MultiPoint"",""coordinates"":[]}"
2182_0,-0.07398905,0.4050959,-0.10463862,8,5689,"{""type"":""MultiPoint"",""coordinates"":[]}"
2183_0,0.10075787,0.6067116,0.09606499,8,15975,"{""type"":""MultiPoint"",""coordinates"":[]}"
2184_0,0.17327999,0.8044492,0.15613069,8,10061,"{""type"":""MultiPoint"",""coordinates"":[]}"
2185_0,0.06203082,0.6138066,0.021145556,8,18570,"{""type"":""MultiPoint"",""coordinates"":[]}"
2186_0,0.19833383,0.79278624,0.17301592,8,13599,"{""type"":""MultiPoint"",""coordinates"":[]}"
2187_0,0.1325096,0.66164005,0.0705839,8,2790,"{""type"":""MultiPoint"",""coordinates"":[]}"
2188_0,-0.063577905,0.5342066,-0.08102511,8,4421,"{""type"":""MultiPoint"",""coordinates"":[]}"
2189_0,0.30260742,0.8776625,0.28702834,8,23233,"{""type"":""MultiPoint"",""coordinates"":[]}"
2190_0,-0.10052724,0.4084665,-0.10545454,8,2476,"{""type"":""MultiPoint"",""coordinates"":[]}"
2191_0,-0.029164637,0.46915755,-0.055527706,8,20115,"{""type"":""MultiPoint"",""coordinates"":[]}"
2192_0,5.22466E-4,0.4434091,-0.027887072,8,9295,"{""type"":""MultiPoint"",""coordinates"":[]}"
2193_0,-0.025046729,0.46375436,-0.07695297,8,4484,"{""type"":""MultiPoint"",""coordinates"":[]}"
2194_0,0.17090315,0.75245225,0.15646166,8,6756,"{""type"":""MultiPoint"",""coordinates"":[]}"
2195_0,0.23684613,0.78032255,0.21519014,8,14019,"{""type"":""MultiPoint"",""coordinates"":[]}"
2196_0,0.108859606,0.6712796,0.055272922,8,19200,"{""type"":""MultiPoint"",""coordinates"":[]}"
2197_0,0.37703475,0.87591577,0.31715158,8,8023,"{""type"":""MultiPoint"",""coordinates"":[]}"
2198_0,-0.09993553,0.32321998,-0.14117235,8,25061,"{""type"":""MultiPoint"",""coordinates"":[]}"
2199_0,0.14626186,0.725622,0.071020275,8,1611,"{""type"":""MultiPoint"",""coordinates"":[]}"
2200_0,0.06707108,0.58890736,-0.0075066583,8,46,"{""type"":""MultiPoint"",""coordinates"":[]}"
2201_0,0.15535137,0.6475638,0.11636509,8,11318,"{""type"":""MultiPoint"",""coordinates"":[]}"
2202_0,0.38856518,0.88530654,0.369863,8,12056,"{""type"":""MultiPoint"",""coordinates"":[]}"
2203_0,0.1955108,0.7411997,0.17217231,8,14488,"{""type"":""MultiPoint"",""coordinates"":[]}"
2204_0,-0.070177935,0.41497526,-0.11700027,8,23083,"{""type"":""MultiPoint"",""coordinates"":[]}"
2205_0,-0.01223193,0.5468309,-0.027741935,8,21040,"{""type"":""MultiPoint"",""coordinates"":[]}"
2206_0,0.14057389,0.59465486,0.11251711,8,13642,"{""type"":""MultiPoint"",""coordinates"":[]}"
2207_0,0.0038944124,0.53929484,-0.05043604,8,1339,"{""type"":""MultiPoint"",""coordinates"":[]}"
2208_0,0.16985254,0.7805371,0.15887496,8,14187,"{""type"":""MultiPoint"",""coordinates"":[]}"
2209_0,-0.008355411,0.57772774,-0.01029679,8,1514,"{""type"":""MultiPoint"",""coordinates"":[]}"
2210_0,0.0019616191,0.5019908,-0.03899804,8,5814,"{""type"":""MultiPoint"",""coordinates"":[]}"
2211_0,0.24289604,0.6678333,0.22486693,8,139,"{""type"":""MultiPoint"",""coordinates"":[]}"
2212_0,0.17697331,0.7056436,0.1470056,8,16651,"{""type"":""MultiPoint"",""coordinates"":[]}"
2213_0,-0.108057484,0.35437024,-0.15015194,8,23716,"{""type"":""MultiPoint"",""coordinates"":[]}"
2214_0,0.007178289,0.47191527,-0.031289928,8,18212,"{""type"":""MultiPoint"",""coordinates"":[]}"
2215_0,0.14162768,0.7241379,0.13056661,8,6549,"{""type"":""MultiPoint"",""coordinates"":[]}"
2216_0,0.048193626,0.5635838,0.002176266,8,17024,"{""type"":""MultiPoint"",""coordinates"":[]}"
2217_0,0.31524312,0.84311575,0.28211486,8,13106,"{""type"":""MultiPoint"",""coordinates"":[]}"
2218_0,0.12974295,0.64239603,0.0985853,8,11917,"{""type"":""MultiPoint"",""coordinates"":[]}"
2219_0,0.012305699,0.32423362,-0.011690047,8,22100,"{""type"":""MultiPoint"",""coordinates"":[]}"
2220_0,0.03614091,0.5913045,0.008036685,8,14965,"{""type"":""MultiPoint"",""coordinates"":[]}"
2221_0,0.10920611,0.68733156,0.070097946,8,7427,"{""type"":""MultiPoint"",""coordinates"":[]}"
2222_0,0.019555215,0.45840707,-0.024312476,8,2714,"{""type"":""MultiPoint"",""coordinates"":[]}"
2223_0,0.1905752,0.6193828,0.13233389,8,10902,"{""type"":""MultiPoint"",""coordinates"":[]}"
2224_0,0.13945445,0.5942634,0.112282194,8,17300,"{""type"":""MultiPoint"",""coordinates"":[]}"
2225_0,-0.033321764,0.4600823,-0.056048244,8,11067,"{""type"":""MultiPoint"",""coordinates"":[]}"
2226_0,-0.07617371,0.4160868,-0.0940733,8,6888,"{""type"":""MultiPoint"",""coordinates"":[]}"
2227_0,0.08748663,0.6602847,0.057068363,8,18856,"{""type"":""MultiPoint"",""coordinates"":[]}"
2228_0,0.28943834,0.8792856,0.2819609,8,1599,"{""type"":""MultiPoint"",""coordinates"":[]}"
2229_0,-0.06654741,0.48208866,-0.10896149,8,9512,"{""type"":""MultiPoint"",""coordinates"":[]}"
2230_0,0.26398605,0.8728451,0.2405297,8,24912,"{""type"":""MultiPoint"",""coordinates"":[]}"
2231_0,-0.01197115,0.45444497,-0.05539652,8,23383,"{""type"":""MultiPoint"",""coordinates"":[]}"
2232_0,0.0037383179,0.47142425,-0.057749555,8,19239,"{""type"":""MultiPoint"",""coordinates"":[]}"
2233_0,0.13746531,0.717233,0.08015267,8,15723,"{""type"":""MultiPoint"",""coordinates"":[]}"
2234_0,0.1302639,0.57743365,0.1552795,8,3053,"{""type"":""MultiPoint"",""coordinates"":[]}"
2235_0,0.1824,0.5754998,0.11667169,8,22997,"{""type"":""MultiPoint"",""coordinates"":[]}"
2236_0,0.05979674,0.6612562,0.08404329,8,18357,"{""type"":""MultiPoint"",""coordinates"":[]}"
2237_0,0.060097795,0.49856007,0.03111415,8,11557,"{""type"":""MultiPoint"",""coordinates"":[]}"
2238_0,-0.05949055,0.5138651,-0.09666907,8,11342,"{""type"":""MultiPoint"",""coordinates"":[]}"
2239_0,0.1138707,0.64774233,0.05094354,8,9739,"{""type"":""MultiPoint"",""coordinates"":[]}"
2240_0,0.09757023,0.7331766,0.13240997,8,21078,"{""type"":""MultiPoint"",""coordinates"":[]}"
2241_0,0.12980278,0.68415743,0.10625163,8,208,"{""type"":""MultiPoint"",""coordinates"":[]}"
2242_0,-0.006579954,0.2731872,-0.052117262,8,17869,"{""type"":""MultiPoint"",""coordinates"":[]}"
2243_0,-0.030224742,0.46061626,-0.06995814,8,11400,"{""type"":""MultiPoint"",""coordinates"":[]}"
2244_0,0.055808943,0.6873467,0.008977717,8,3877,"{""type"":""MultiPoint"",""coordinates"":[]}"
2245_0,0.26518023,0.60522753,0.21003835,8,8518,"{""type"":""MultiPoint"",""coordinates"":[]}"
2246_0,0.12220972,0.6693986,0.06728504,8,23073,"{""type"":""MultiPoint"",""coordinates"":[]}"
2247_0,0.11873906,0.60062504,0.061395057,8,9059,"{""type"":""MultiPoint"",""coordinates"":[]}"
2248_0,0.05653288,0.5414248,0.022083117,8,21046,"{""type"":""MultiPoint"",""coordinates"":[]}"
2249_0,0.20564549,0.76593983,0.15480734,8,9774,"{""type"":""MultiPoint"",""coordinates"":[]}"
2250_0,-0.058702722,0.34988964,-0.12011525,8,21416,"{""type"":""MultiPoint"",""coordinates"":[]}"
2251_0,0.2792317,0.6536168,0.25071773,8,24429,"{""type"":""MultiPoint"",""coordinates"":[]}"
2252_0,0.013089802,0.5916726,0.012638953,8,12704,"{""type"":""MultiPoint"",""coordinates"":[]}"
2253_0,0.13666405,0.6629982,0.10437229,8,19098,"{""type"":""MultiPoint"",""coordinates"":[]}"
2254_0,-0.015083371,0.5122476,-0.037799474,8,2254,"{""type"":""MultiPoint"",""coordinates"":[]}"
2255_0,0.14323273,0.7324506,0.12667882,8,11401,"{""type"":""MultiPoint"",""coordinates"":[]}"
2256_0,0.22803509,0.77306306,0.23674192,8,12374,"{""type"":""MultiPoint"",""coordinates"":[]}"
2257_0,-0.04587885,0.5206553,-0.10444631,8,16124,"{""type"":""MultiPoint"",""coordinates"":[]}"
2258_0,0.2948984,0.8222358,0.2688356,8,17474,"{""type"":""MultiPoint"",""coordinates"":[]}"
2259_0,0.17865519,0.72991467,0.14713985,8,24327,"{""type"":""MultiPoint"",""coordinates"":[]}"
2260_0,0.10517858,0.6230128,0.044206038,8,11941,"{""type"":""MultiPoint"",""coordinates"":[]}"
2261_0,0.24622995,0.6588012,0.20467621,8,9134,"{""type"":""MultiPoint"",""coordinates"":[]}"
2262_0,0.080875725,0.4986315,0.07607582,8,11734,"{""type"":""MultiPoint"",""coordinates"":[]}"
2263_0,0.09897084,0.71684337,0.091819555,8,17265,"{""type"":""MultiPoint"",""coordinates"":[]}"
2264_0,0.121501006,0.67840844,0.07027039,8,15259,"{""type"":""MultiPoint"",""coordinates"":[]}"
2265_0,0.033433635,0.50757205,0.032625064,8,12137,"{""type"":""MultiPoint"",""coordinates"":[]}"
2266_0,-0.061183427,0.29833367,-0.059028514,8,5478,"{""type"":""MultiPoint"",""coordinates"":[]}"
2267_0,0.10446319,0.41575244,0.09038856,8,13759,"{""type"":""MultiPoint"",""coordinates"":[]}"
2268_0,0.034274142,0.64448273,0.004642545,8,22482,"{""type"":""MultiPoint"",""coordinates"":[]}"
2269_0,-0.103600055,0.42080352,-0.17769082,8,3492,"{""type"":""MultiPoint"",""coordinates"":[]}"
2270_0,0.21837826,0.76842976,0.18481815,8,9633,"{""type"":""MultiPoint"",""coordinates"":[]}"
2271_0,0.172663,0.57591146,0.12517653,8,22082,"{""type"":""MultiPoint"",""coordinates"":[]}"
2272_0,0.1104232,0.51159286,0.11474292,8,19536,"{""type"":""MultiPoint"",""coordinates"":[]}"
2273_0,0.022264134,0.6482191,0.008760344,8,6557,"{""type"":""MultiPoint"",""coordinates"":[]}"
2274_0,0.18723872,0.64443004,0.1819194,8,21140,"{""type"":""MultiPoint"",""coordinates"":[]}"
2275_0,0.04774575,0.49713024,0.04361822,8,12250,"{""type"":""MultiPoint"",""coordinates"":[]}"
2276_0,0.2236737,0.80950457,0.19637229,8,10422,"{""type"":""MultiPoint"",""coordinates"":[]}"
2277_0,-0.20703566,0.2552167,-0.24462947,8,315,"{""type"":""MultiPoint"",""coordinates"":[]}"
2278_0,0.27112404,0.7734461,0.23641685,8,24757,"{""type"":""MultiPoint"",""coordinates"":[]}"
2279_0,0.1097739,0.6120599,0.07545802,8,3840,"{""type"":""MultiPoint"",""coordinates"":[]}"
2280_0,0.013050067,0.47701603,-0.016921151,8,14570,"{""type"":""MultiPoint"",""coordinates"":[]}"
2281_0,0.18751319,0.77987635,0.15382673,8,10094,"{""type"":""MultiPoint"",""coordinates"":[]}"
2282_0,0.17007789,0.63505524,0.16776799,8,936,"{""type"":""MultiPoint"",""coordinates"":[]}"
2283_0,0.13312703,0.74720764,0.09553431,8,23850,"{""type"":""MultiPoint"",""coordinates"":[]}"
2284_0,0.044547006,0.55695647,0.02917677,8,13821,"{""type"":""MultiPoint"",""coordinates"":[]}"
2285_0,0.12215403,0.6295366,0.11759374,8,19860,"{""type"":""MultiPoint"",""coordinates"":[]}"
2286_0,-0.06670575,0.38204524,-0.09614711,8,18909,"{""type"":""MultiPoint"",""coordinates"":[]}"
2287_0,0.11395139,0.6675931,0.10476537,8,24992,"{""type"":""MultiPoint"",""coordinates"":[]}"
2288_0,0.25053182,0.7853659,0.24206679,8,22557,"{""type"":""MultiPoint"",""coordinates"":[]}"
2289_0,0.04936245,0.62363875,0.021118078,8,9194,"{""type"":""MultiPoint"",""coordinates"":[]}"
2290_0,-0.13366163,0.4722222,-0.1664861,8,23826,"{""type"":""MultiPoint"",""coordinates"":[]}"
2291_0,0.23252255,0.7680418,0.20146812,8,21530,"{""type"":""MultiPoint"",""coordinates"":[]}"
2292_0,0.026066745,0.46844354,-0.0022210833,8,7348,"{""type"":""MultiPoint"",""coordinates"":[]}"
2293_0,0.2670902,0.84236014,0.2486586,8,17105,"{""type"":""MultiPoint"",""coordinates"":[]}"
2294_0,0.13837206,0.7148214,0.10283715,8,12235,"{""type"":""MultiPoint"",""coordinates"":[]}"
2295_0,0.06310276,0.59683025,0.03138974,8,4639,"{""type"":""MultiPoint"",""coordinates"":[]}"
2296_0,0.28164196,0.8499287,0.25311205,8,13459,"{""type"":""MultiPoint"",""coordinates"":[]}"
2297_0,0.2744645,0.8539813,0.27326858,8,4563,"{""type"":""MultiPoint"",""coordinates"":[]}"
2298_0,-0.015784513,0.4459857,-0.0742509,8,12568,"{""type"":""MultiPoint"",""coordinates"":[]}"
2299_0,0.36778346,0.86932564,0.36947328,8,23298,"{""type"":""MultiPoint"",""coordinates"":[]}"
2300_0,0.09262631,0.35334456,0.064491495,8,11732,"{""type"":""MultiPoint"",""coordinates"":[]}"
2301_0,0.15621258,0.48494637,0.12920986,8,24553,"{""type"":""MultiPoint"",""coordinates"":[]}"
2302_0,-0.01575079,0.41258547,-0.028684834,8,14733,"{""type"":""MultiPoint"",""coordinates"":[]}"
2303_0,-0.009448224,0.5080113,-0.053441137,8,12829,"{""type"":""MultiPoint"",""coordinates"":[]}"
2304_0,-0.1206331,0.35845876,-0.14513725,8,21189,"{""type"":""MultiPoint"",""coordinates"":[]}"
2305_0,-0.064691946,0.32209697,-0.11172534,8,6602,"{""type"":""MultiPoint"",""coordinates"":[]}"
2306_0,0.280546,0.81913,0.28862208,8,2797,"{""type"":""MultiPoint"",""coordinates"":[]}"
2307_0,-0.0023813304,0.310562,-0.07521368,8,3834,"{""type"":""MultiPoint"",""coordinates"":[]}"
2308_0,0.1521271,0.83175534,0.12033236,8,13250,"{""type"":""MultiPoint"",""coordinates"":[]}"
2309_0,-0.13224557,0.42561892,-0.15397842,8,14517,"{""type"":""MultiPoint"",""coordinates"":[]}"
2310_0,0.2885388,0.79581916,0.23894718,8,13433,"{""type"":""MultiPoint"",""coordinates"":[]}"
2311_0,0.1046485,0.6608635,0.09907834,8,1474,"{""type"":""MultiPoint"",""coordinates"":[]}"
2312_0,0.10005332,0.60837233,0.07888417,8,14362,"{""type"":""MultiPoint"",""coordinates"":[]}"
2313_0,0.29969728,0.7600897,0.2782924,8,18084,"{""type"":""MultiPoint"",""coordinates"":[]}"
2314_0,-0.043591548,0.64493585,-0.08771746,8,3984,"{""type"":""MultiPoint"",""coordinates"":[]}"
2315_0,0.08923074,0.52018577,0.07054733,8,18305,"{""type"":""MultiPoint"",""coordinates"":[]}"
2316_0,0.108939104,0.67492205,0.13072707,8,25324,"{""type"":""MultiPoint"",""coordinates"":[]}"
2317_0,0.12522115,0.59872,0.05740309,8,1713,"{""type"":""MultiPoint"",""coordinates"":[]}"
2318_0,0.17561607,0.66871655,0.11302267,8,13819,"{""type"":""MultiPoint"",""coordinates"":[]}"
2319_0,0.046167288,0.63716877,0.023852652,8,9541,"{""type"":""MultiPoint"",""coordinates"":[]}"
2320_0,-0.021826537,0.29182878,-0.042307694,8,17781,"{""type"":""MultiPoint"",""coordinates"":[]}"
2321_0,0.070297234,0.6415927,0.04975866,8,24022,"{""type"":""MultiPoint"",""coordinates"":[]}"
2322_0,0.05742972,0.62831265,0.027310925,8,12805,"{""type"":""MultiPoint"",""coordinates"":[]}"
2323_0,0.16906667,0.62857145,0.119939744,8,18408,"{""type"":""MultiPoint"",""coordinates"":[]}"
2324_0,0.18734613,0.66322356,0.167605,8,3993,"{""type"":""MultiPoint"",""coordinates"":[]}"
2325_0,-0.003993198,0.50447524,-0.054797594,8,17066,"{""type"":""MultiPoint"",""coordinates"":[]}"
2326_0,0.17098734,0.65550536,0.14951873,8,4101,"{""type"":""MultiPoint"",""coordinates"":[]}"
2327_0,0.18687256,0.6728887,0.14032121,8,4749,"{""type"":""MultiPoint"",""coordinates"":[]}"
2328_0,0.17179011,0.72230357,0.15542664,8,17610,"{""type"":""MultiPoint"",""coordinates"":[]}"
2329_0,0.14356424,0.66846985,0.109297775,8,17237,"{""type"":""MultiPoint"",""coordinates"":[]}"
2330_0,0.07198887,0.63719726,0.05254962,8,9165,"{""type"":""MultiPoint"",""coordinates"":[]}"
2331_0,0.09600877,0.6141302,0.04751412,8,19544,"{""type"":""MultiPoint"",""coordinates"":[]}"
2332_0,0.12656866,0.65292096,0.08455468,8,11202,"{""type"":""MultiPoint"",""coordinates"":[]}"
2333_0,-0.060775615,0.45960888,-0.13409236,8,9092,"{""type"":""MultiPoint"",""coordinates"":[]}"
2334_0,0.21791916,0.7474768,0.19136515,8,8460,"{""type"":""MultiPoint"",""coordinates"":[]}"
2335_0,0.07251784,0.6980325,0.08300087,8,12443,"{""type"":""MultiPoint"",""coordinates"":[]}"
2336_0,0.29831135,0.72563845,0.27818304,8,20985,"{""type"":""MultiPoint"",""coordinates"":[]}"
2337_0,0.22840248,0.6404863,0.20744897,8,10018,"{""type"":""MultiPoint"",""coordinates"":[]}"
2338_0,-0.020761942,0.54822516,-0.07620264,8,18128,"{""type"":""MultiPoint"",""coordinates"":[]}"
2339_0,0.051829007,0.5184263,0.03152822,8,11458,"{""type"":""MultiPoint"",""coordinates"":[]}"
2340_0,0.22094814,0.82734555,0.2186749,8,4157,"{""type"":""MultiPoint"",""coordinates"":[]}"
2341_0,0.054613553,0.54822063,-0.034909423,8,19338,"{""type"":""MultiPoint"",""coordinates"":[]}"
2342_0,0.22040458,0.80563605,0.21474132,8,23519,"{""type"":""MultiPoint"",""coordinates"":[]}"
2343_0,0.029907558,0.5928902,-0.04210212,8,18367,"{""type"":""MultiPoint"",""coordinates"":[]}"
2344_0,-0.03189518,0.6944177,-0.04736088,8,15391,"{""type"":""MultiPoint"",""coordinates"":[]}"
2345_0,-0.034173727,0.48448968,-0.07505838,8,2250,"{""type"":""MultiPoint"",""coordinates"":[]}"
2346_0,0.08205494,0.5959262,0.059576023,8,7175,"{""type"":""MultiPoint"",""coordinates"":[]}"
2347_0,-0.068047404,0.4389165,-0.0990392,8,9659,"{""type"":""MultiPoint"",""coordinates"":[]}"
2348_0,0.106092885,0.6320054,0.025021205,8,12895,"{""type"":""MultiPoint"",""coordinates"":[]}"
2349_0,0.039153833,0.55868244,-0.01868975,8,23300,"{""type"":""MultiPoint"",""coordinates"":[]}"
2350_0,0.2626854,0.7934003,0.23983903,8,12134,"{""type"":""MultiPoint"",""coordinates"":[]}"
2351_0,0.015416826,0.5454453,-0.014454937,8,1642,"{""type"":""MultiPoint"",""coordinates"":[]}"
2352_0,0.18471953,0.69282746,0.15007062,8,6712,"{""type"":""MultiPoint"",""coordinates"":[]}"
2353_0,0.06747147,0.63748676,0.04439498,8,16546,"{""type"":""MultiPoint"",""coordinates"":[]}"
2354_0,0.028393239,0.5779866,0.006964498,8,21280,"{""type"":""MultiPoint"",""coordinates"":[]}"
2355_0,0.28429237,0.7630405,0.27735457,8,7858,"{""type"":""MultiPoint"",""coordinates"":[]}"
2356_0,0.13154832,0.66900456,0.09176007,8,20068,"{""type"":""MultiPoint"",""coordinates"":[]}"
2357_0,0.28041214,0.69645756,0.26072034,8,2764,"{""type"":""MultiPoint"",""coordinates"":[]}"
2358_0,0.03905017,0.58441603,-0.009383748,8,13577,"{""type"":""MultiPoint"",""coordinates"":[]}"
2359_0,0.17959514,0.75430745,0.13044065,8,16065,"{""type"":""MultiPoint"",""coordinates"":[]}"
2360_0,0.2976639,0.89742976,0.28295,8,10879,"{""type"":""MultiPoint"",""coordinates"":[]}"
2361_0,-0.03306214,0.47936893,-0.09691961,8,17999,"{""type"":""MultiPoint"",""coordinates"":[]}"
2362_0,0.10989506,0.63495666,0.088973746,8,683,"{""type"":""MultiPoint"",""coordinates"":[]}"
2363_0,0.07619611,0.43551293,0.06789064,8,10791,"{""type"":""MultiPoint"",""coordinates"":[]}"
2364_0,0.028008683,0.5481094,-0.0017827192,8,23764,"{""type"":""MultiPoint"",""coordinates"":[]}"
2365_0,0.13639478,0.7073648,0.15957978,8,21291,"{""type"":""MultiPoint"",""coordinates"":[]}"
2366_0,-0.111549206,0.28609625,-0.16897029,8,24270,"{""type"":""MultiPoint"",""coordinates"":[]}"
2367_0,0.17921217,0.76830953,0.12779813,8,12571,"{""type"":""MultiPoint"",""coordinates"":[]}"
2368_0,0.021407219,0.64453256,-0.023398932,8,9284,"{""type"":""MultiPoint"",""coordinates"":[]}"
2369_0,0.12146112,0.7321029,0.05322299,8,5071,"{""type"":""MultiPoint"",""coordinates"":[]}"
2370_0,0.1126712,0.74397826,0.09884964,8,19295,"{""type"":""MultiPoint"",""coordinates"":[]}"
2371_0,0.13764338,0.60839725,0.10106521,8,3002,"{""type"":""MultiPoint"",""coordinates"":[]}"
2372_0,0.17043029,0.71043617,0.13240649,8,15817,"{""type"":""MultiPoint"",""coordinates"":[]}"
2373_0,0.009156407,0.44666073,-0.080569215,8,7554,"{""type"":""MultiPoint"",""coordinates"":[]}"
2374_0,0.1561909,0.8161291,0.14557882,8,16022,"{""type"":""MultiPoint"",""coordinates"":[]}"
2375_0,0.18982388,0.6637478,0.18355776,8,8037,"{""type"":""MultiPoint"",""coordinates"":[]}"
2376_0,0.18201144,0.7881572,0.16533066,8,18573,"{""type"":""MultiPoint"",""coordinates"":[]}"
2377_0,0.021777004,0.65781486,-0.007866937,8,20280,"{""type"":""MultiPoint"",""coordinates"":[]}"
2378_0,-0.12644057,0.3685406,-0.17338364,8,6678,"{""type"":""MultiPoint"",""coordinates"":[]}"
2379_0,-0.05058025,0.4987231,-0.10349586,8,20243,"{""type"":""MultiPoint"",""coordinates"":[]}"
2380_0,0.15402819,0.74281263,0.10588845,8,14659,"{""type"":""MultiPoint"",""coordinates"":[]}"
2381_0,0.061519034,0.4827491,0.015518546,8,23526,"{""type"":""MultiPoint"",""coordinates"":[]}"
2382_0,0.10975568,0.6310755,0.026542379,8,13298,"{""type"":""MultiPoint"",""coordinates"":[]}"
2383_0,0.27462345,0.81907356,0.2629805,8,21267,"{""type"":""MultiPoint"",""coordinates"":[]}"
2384_0,0.31310806,0.73314255,0.23306955,8,2858,"{""type"":""MultiPoint"",""coordinates"":[]}"
2385_0,0.28060067,0.73343647,0.2388032,8,8223,"{""type"":""MultiPoint"",""coordinates"":[]}"
2386_0,0.15846951,0.7847571,0.11315745,8,11061,"{""type"":""MultiPoint"",""coordinates"":[]}"
2387_0,0.12827821,0.6360263,0.081961066,8,16481,"{""type"":""MultiPoint"",""coordinates"":[]}"
2388_0,0.29250842,0.5780132,0.24826087,8,1383,"{""type"":""MultiPoint"",""coordinates"":[]}"
2389_0,0.2804624,0.77463317,0.27215496,8,15701,"{""type"":""MultiPoint"",""coordinates"":[]}"
2390_0,0.12766823,0.66506475,0.096498035,8,23968,"{""type"":""MultiPoint"",""coordinates"":[]}"
2391_0,0.40800247,0.8988581,0.40918902,8,21095,"{""type"":""MultiPoint"",""coordinates"":[]}"
2392_0,0.01079434,0.19803359,0.042247854,8,8285,"{""type"":""MultiPoint"",""coordinates"":[]}"
2393_0,-0.010380623,0.43521422,-0.0019981836,8,19861,"{""type"":""MultiPoint"",""coordinates"":[]}"
2394_0,0.25267097,0.728199,0.24184625,8,21763,"{""type"":""MultiPoint"",""coordinates"":[]}"
2395_0,0.033406682,0.6109651,-0.0353047,8,24056,"{""type"":""MultiPoint"",""coordinates"":[]}"
2396_0,0.24816078,0.7574041,0.23132443,8,4194,"{""type"":""MultiPoint"",""coordinates"":[]}"
2397_0,0.30107197,0.7168557,0.3065476,8,24624,"{""type"":""MultiPoint"",""coordinates"":[]}"
2398_0,0.037001707,0.5146077,-0.004966996,8,9140,"{""type"":""MultiPoint"",""coordinates"":[]}"
2399_0,-0.008228347,0.39916813,-0.054383464,8,14950,"{""type"":""MultiPoint"",""coordinates"":[]}"
2400_0,-0.10678372,0.41179743,-0.16108507,8,9737,"{""type"":""MultiPoint"",""coordinates"":[]}"
2401_0,0.042386536,0.4952381,-0.08898756,8,1429,"{""type"":""MultiPoint"",""coordinates"":[]}"
2402_0,-0.017043693,0.49025562,-0.05428847,8,12044,"{""type"":""MultiPoint"",""coordinates"":[]}"
2403_0,0.05069689,0.43364403,0.019662486,8,5286,"{""type"":""MultiPoint"",""coordinates"":[]}"
2404_0,-0.03505893,0.489029,-0.06532357,8,6400,"{""type"":""MultiPoint"",""coordinates"":[]}"
2405_0,-0.060217593,0.47418842,-0.10925649,8,14718,"{""type"":""MultiPoint"",""coordinates"":[]}"
2406_0,0.11474244,0.7296228,0.08142165,8,8952,"{""type"":""MultiPoint"",""coordinates"":[]}"
2407_0,0.032155007,0.5442995,0.011577553,8,24284,"{""type"":""MultiPoint"",""coordinates"":[]}"
2408_0,0.02435556,0.6011934,-0.03942814,8,8525,"{""type"":""MultiPoint"",""coordinates"":[]}"
2409_0,0.10850336,0.73506147,0.08925352,8,11315,"{""type"":""MultiPoint"",""coordinates"":[]}"
2410_0,0.14439371,0.5446174,0.15303455,8,12480,"{""type"":""MultiPoint"",""coordinates"":[]}"
2411_0,0.00869722,0.61891913,-0.041354384,8,19349,"{""type"":""MultiPoint"",""coordinates"":[]}"
2412_0,0.15000963,0.58966076,0.15496273,8,5130,"{""type"":""MultiPoint"",""coordinates"":[]}"
2413_0,0.02632467,0.5266405,-0.024139155,8,13398,"{""type"":""MultiPoint"",""coordinates"":[]}"
2414_0,0.32933533,0.85988533,0.30149752,8,14786,"{""type"":""MultiPoint"",""coordinates"":[]}"
2415_0,0.16398194,0.70287085,0.1352375,8,6165,"{""type"":""MultiPoint"",""coordinates"":[]}"
2416_0,0.17369242,0.72453916,0.054877408,8,1606,"{""type"":""MultiPoint"",""coordinates"":[]}"
2417_0,0.26505437,0.7738533,0.23082078,8,3100,"{""type"":""MultiPoint"",""coordinates"":[]}"
2418_0,0.28605753,0.6895662,0.2549975,8,21758,"{""type"":""MultiPoint"",""coordinates"":[]}"
2419_0,0.22405352,0.6327159,0.16772395,8,6202,"{""type"":""MultiPoint"",""coordinates"":[]}"
2420_0,0.18444714,0.714101,0.12779444,8,13924,"{""type"":""MultiPoint"",""coordinates"":[]}"
2421_0,0.33560708,0.7799009,0.26509055,8,6478,"{""type"":""MultiPoint"",""coordinates"":[]}"
2422_0,0.13144891,0.51459724,0.0067811934,8,21397,"{""type"":""MultiPoint"",""coordinates"":[]}"
2423_0,-0.012514156,0.4920449,-0.05920179,8,12434,"{""type"":""MultiPoint"",""coordinates"":[]}"
2424_0,0.18434644,0.6618506,0.14512195,8,11028,"{""type"":""MultiPoint"",""coordinates"":[]}"
2425_0,-0.0046002413,0.39337698,-0.026660254,8,4044,"{""type"":""MultiPoint"",""coordinates"":[]}"
2426_0,0.15626763,0.77971566,0.111024365,8,4068,"{""type"":""MultiPoint"",""coordinates"":[]}"
2427_0,0.37188292,0.7233229,0.35272333,8,11628,"{""type"":""MultiPoint"",""coordinates"":[]}"
2428_0,0.17450379,0.7370682,0.140184,8,20809,"{""type"":""MultiPoint"",""coordinates"":[]}"
2429_0,0.10291018,0.61247253,0.09373835,8,7658,"{""type"":""MultiPoint"",""coordinates"":[]}"
2430_0,0.17076,0.7679659,0.15038636,8,8863,"{""type"":""MultiPoint"",""coordinates"":[]}"
2431_0,-0.11005518,0.40533954,-0.15582806,8,24083,"{""type"":""MultiPoint"",""coordinates"":[]}"
2432_0,0.18476525,0.67258424,0.14409211,8,8318,"{""type"":""MultiPoint"",""coordinates"":[]}"
2433_0,0.18752939,0.6671065,0.15134384,8,2619,"{""type"":""MultiPoint"",""coordinates"":[]}"
2434_0,-0.04334866,0.52392244,-0.07306188,8,15205,"{""type"":""MultiPoint"",""coordinates"":[]}"
2435_0,-0.020480495,0.44703263,-0.06048759,8,13729,"{""type"":""MultiPoint"",""coordinates"":[]}"
2436_0,-0.03600269,0.5026485,-0.059336822,8,19805,"{""type"":""MultiPoint"",""coordinates"":[]}"
2437_0,0.14521691,0.6543467,0.11537949,8,6714,"{""type"":""MultiPoint"",""coordinates"":[]}"
2438_0,-0.007125669,0.47204626,-0.0628932,8,9069,"{""type"":""MultiPoint"",""coordinates"":[]}"
2439_0,-0.018773738,0.47158754,-0.08026306,8,19258,"{""type"":""MultiPoint"",""coordinates"":[]}"
2440_0,0.062175438,0.55869377,0.0017950267,8,12385,"{""type"":""MultiPoint"",""coordinates"":[]}"
2441_0,-0.011834069,0.5329832,-0.059215408,8,24111,"{""type"":""MultiPoint"",""coordinates"":[]}"
2442_0,-0.046704497,0.4064116,-0.058293946,8,13286,"{""type"":""MultiPoint"",""coordinates"":[]}"
2443_0,0.055185743,0.57483584,0.030536078,8,18758,"{""type"":""MultiPoint"",""coordinates"":[]}"
2444_0,0.14053005,0.7240707,0.10589219,8,6270,"{""type"":""MultiPoint"",""coordinates"":[]}"
2445_0,-0.035899743,0.6882173,-0.10637248,8,11524,"{""type"":""MultiPoint"",""coordinates"":[]}"
2446_0,0.15153682,0.72648317,0.13672264,8,12560,"{""type"":""MultiPoint"",""coordinates"":[]}"
2447_0,0.051109754,0.5154004,-0.015029405,8,10299,"{""type"":""MultiPoint"",""coordinates"":[]}"
2448_0,0.11639818,0.58103305,0.08769063,8,23697,"{""type"":""MultiPoint"",""coordinates"":[]}"
2449_0,-0.04930922,0.28705025,-0.06994759,8,3860,"{""type"":""MultiPoint"",""coordinates"":[]}"
2450_0,-0.061985888,0.48113722,-0.11432334,8,22157,"{""type"":""MultiPoint"",""coordinates"":[]}"
2451_0,0.15081164,0.7180832,0.11137766,8,11793,"{""type"":""MultiPoint"",""coordinates"":[]}"
2452_0,-0.07884856,0.26800913,-0.111630626,8,7568,"{""type"":""MultiPoint"",""coordinates"":[]}"
2453_0,0.28629625,0.8422065,0.26274678,8,17601,"{""type"":""MultiPoint"",""coordinates"":[]}"
2454_0,0.058440447,0.56957126,0.016117478,8,9698,"{""type"":""MultiPoint"",""coordinates"":[]}"
2455_0,-0.024410954,0.46280992,-0.09285237,8,18960,"{""type"":""MultiPoint"",""coordinates"":[]}"
2456_0,0.19143987,0.6902849,0.1556959,8,21150,"{""type"":""MultiPoint"",""coordinates"":[]}"
2457_0,0.11661899,0.63442904,0.08767779,8,6906,"{""type"":""MultiPoint"",""coordinates"":[]}"
2458_0,0.02156477,0.47461408,-0.023019306,8,19566,"{""type"":""MultiPoint"",""coordinates"":[]}"
2459_0,0.083838016,0.6049364,0.041700274,8,20649,"{""type"":""MultiPoint"",""coordinates"":[]}"
2460_0,-0.0035238296,0.5248852,-0.022046916,8,2508,"{""type"":""MultiPoint"",""coordinates"":[]}"
2461_0,-0.10661506,0.33151516,-0.17318232,8,17504,"{""type"":""MultiPoint"",""coordinates"":[]}"
2462_0,-0.047813777,0.4454744,-0.09537454,8,13578,"{""type"":""MultiPoint"",""coordinates"":[]}"
2463_0,0.0652452,0.58110017,0.015858632,8,12455,"{""type"":""MultiPoint"",""coordinates"":[]}"
2464_0,0.22536997,0.6290429,0.17635843,8,7936,"{""type"":""MultiPoint"",""coordinates"":[]}"
2465_0,0.14285715,0.7138718,0.12187358,8,8629,"{""type"":""MultiPoint"",""coordinates"":[]}"
2466_0,-0.046014484,0.38497365,-0.103457704,8,1632,"{""type"":""MultiPoint"",""coordinates"":[]}"
2467_0,0.15596952,0.6460905,0.092498176,8,21844,"{""type"":""MultiPoint"",""coordinates"":[]}"
2468_0,-0.15597388,0.36983588,-0.22151461,8,16069,"{""type"":""MultiPoint"",""coordinates"":[]}"
2469_0,0.17236389,0.70374775,0.111801244,8,3673,"{""type"":""MultiPoint"",""coordinates"":[]}"
2470_0,0.3570798,0.8456151,0.3060914,8,22945,"{""type"":""MultiPoint"",""coordinates"":[]}"
2471_0,-0.08737246,0.46705168,-0.111787826,8,18079,"{""type"":""MultiPoint"",""coordinates"":[]}"
2472_0,-0.1607413,0.26613143,-0.19175418,8,4397,"{""type"":""MultiPoint"",""coordinates"":[]}"
2473_0,-0.021098725,0.43979394,-0.05254713,8,21782,"{""type"":""MultiPoint"",""coordinates"":[]}"
2474_0,0.21189986,0.6070803,0.15124449,8,466,"{""type"":""MultiPoint"",""coordinates"":[]}"
2475_0,0.20143384,0.74252313,0.16730364,8,6674,"{""type"":""MultiPoint"",""coordinates"":[]}"
2476_0,0.05924284,0.6451054,-0.051760588,8,25201,"{""type"":""MultiPoint"",""coordinates"":[]}"
2477_0,0.21630935,0.7618066,0.1876073,8,3752,"{""type"":""MultiPoint"",""coordinates"":[]}"
2478_0,-0.023848098,0.5176702,-0.06603531,8,4984,"{""type"":""MultiPoint"",""coordinates"":[]}"
2479_0,0.17084132,0.6618748,0.18342339,8,3451,"{""type"":""MultiPoint"",""coordinates"":[]}"
2480_0,0.2163201,0.5851411,0.20245208,8,11500,"{""type"":""MultiPoint"",""coordinates"":[]}"
2481_0,-0.04245004,0.5312525,-0.08041248,8,22981,"{""type"":""MultiPoint"",""coordinates"":[]}"
2482_0,0.07234845,0.6900139,0.020804401,8,18515,"{""type"":""MultiPoint"",""coordinates"":[]}"
2483_0,0.1671201,0.7064339,0.09706922,8,8139,"{""type"":""MultiPoint"",""coordinates"":[]}"
2484_0,0.24436493,0.8153105,0.22424242,8,10296,"{""type"":""MultiPoint"",""coordinates"":[]}"
2485_0,0.30683148,0.87176496,0.290477,8,16137,"{""type"":""MultiPoint"",""coordinates"":[]}"
2486_0,0.17660865,0.78569216,0.13835448,8,5163,"{""type"":""MultiPoint"",""coordinates"":[]}"
2487_0,0.14422193,0.7212255,0.11713419,8,6700,"{""type"":""MultiPoint"",""coordinates"":[]}"
2488_0,-0.09875736,0.36772645,-0.18044849,8,15465,"{""type"":""MultiPoint"",""coordinates"":[]}"
2489_0,0.016523778,0.57583356,5.7761732E-5,8,6027,"{""type"":""MultiPoint"",""coordinates"":[]}"
2490_0,0.1533434,0.6620061,0.037717022,8,8696,"{""type"":""MultiPoint"",""coordinates"":[]}"
2491_0,-0.051753443,0.42268753,-0.047249474,8,1580,"{""type"":""MultiPoint"",""coordinates"":[]}"
2492_0,0.037059356,0.621405,0.021732476,8,21047,"{""type"":""MultiPoint"",""coordinates"":[]}"
2493_0,0.31182876,0.8578269,0.2898945,8,9363,"{""type"":""MultiPoint"",""coordinates"":[]}"
2494_0,-0.18536176,0.22994597,-0.23963907,8,8198,"{""type"":""MultiPoint"",""coordinates"":[]}"
2495_0,0.2042756,0.7623349,0.16147636,8,18235,"{""type"":""MultiPoint"",""coordinates"":[]}"
2496_0,0.13500224,0.6591115,0.1074414,8,12787,"{""type"":""MultiPoint"",""coordinates"":[]}"
2497_0,0.23743539,0.77679354,0.20824283,8,23493,"{""type"":""MultiPoint"",""coordinates"":[]}"
2498_0,0.081546515,0.61620915,0.036378875,8,21966,"{""type"":""MultiPoint"",""coordinates"":[]}"
2499_0,-0.026625022,0.63402295,-0.07508708,8,23790,"{""type"":""MultiPoint"",""coordinates"":[]}"
2500_0,0.017085427,0.67701507,0.0057024364,8,17452,"{""type"":""MultiPoint"",""coordinates"":[]}"
2501_0,0.077015884,0.46438912,0.048507463,8,844,"{""type"":""MultiPoint"",""coordinates"":[]}"
2502_0,0.13506204,0.70217353,0.102456056,8,14514,"{""type"":""MultiPoint"",""coordinates"":[]}"
2503_0,-9.011253E-4,0.49994773,-0.036106538,8,15964,"{""type"":""MultiPoint"",""coordinates"":[]}"
2504_0,0.18228063,0.7335997,0.14417583,8,24654,"{""type"":""MultiPoint"",""coordinates"":[]}"
2505_0,0.13524292,0.71181715,0.109465316,8,18528,"{""type"":""MultiPoint"",""coordinates"":[]}"
2506_0,0.17131044,0.7899331,0.14328192,8,8692,"{""type"":""MultiPoint"",""coordinates"":[]}"
2507_0,0.2879058,0.83256054,0.29257488,8,8086,"{""type"":""MultiPoint"",""coordinates"":[]}"
2508_0,0.23839459,0.74406236,0.21050073,8,1398,"{""type"":""MultiPoint"",""coordinates"":[]}"
2509_0,0.06847361,0.52150244,0.037405565,8,12687,"{""type"":""MultiPoint"",""coordinates"":[]}"
2510_0,-0.04507458,0.21314427,-0.058404073,8,121,"{""type"":""MultiPoint"",""coordinates"":[]}"
2511_0,0.1389136,0.71273696,0.10241578,8,10669,"{""type"":""MultiPoint"",""coordinates"":[]}"
2512_0,-0.14785373,0.34647366,-0.1846855,8,22743,"{""type"":""MultiPoint"",""coordinates"":[]}"
2513_0,0.21813473,0.84008473,0.22450733,8,19927,"{""type"":""MultiPoint"",""coordinates"":[]}"
2514_0,-0.046879284,0.41082713,-0.092383854,8,5662,"{""type"":""MultiPoint"",""coordinates"":[]}"
2515_0,0.08694869,0.6356368,0.04935742,8,8742,"{""type"":""MultiPoint"",""coordinates"":[]}"
2516_0,0.007824465,0.4655151,-0.026324626,8,6846,"{""type"":""MultiPoint"",""coordinates"":[]}"
2517_0,-0.108514726,0.3562452,-0.1341084,8,6934,"{""type"":""MultiPoint"",""coordinates"":[]}"
2518_0,0.04996361,0.52297014,-0.0047810036,8,6186,"{""type"":""MultiPoint"",""coordinates"":[]}"
2519_0,0.09609279,0.52682275,0.044255905,8,16420,"{""type"":""MultiPoint"",""coordinates"":[]}"
2520_0,0.1463747,0.58565915,0.08112866,8,5749,"{""type"":""MultiPoint"",""coordinates"":[]}"
2521_0,-0.044076867,0.43948928,-0.06679754,8,18264,"{""type"":""MultiPoint"",""coordinates"":[]}"
2522_0,0.26317644,0.772788,0.19090389,8,14470,"{""type"":""MultiPoint"",""coordinates"":[]}"
2523_0,0.09006004,0.56228256,0.053001877,8,22778,"{""type"":""MultiPoint"",""coordinates"":[]}"
2524_0,-0.041848134,0.4068802,-0.06485315,8,25077,"{""type"":""MultiPoint"",""coordinates"":[]}"
2525_0,-0.0029508197,0.45154744,-0.04189373,8,5816,"{""type"":""MultiPoint"",""coordinates"":[]}"
2526_0,0.18216108,0.6232349,0.1630336,8,23466,"{""type"":""MultiPoint"",""coordinates"":[]}"
2527_0,0.0041858517,0.5117788,-0.037335597,8,23887,"{""type"":""MultiPoint"",""coordinates"":[]}"
2528_0,0.04551685,0.52017796,0.007369714,8,14885,"{""type"":""MultiPoint"",""coordinates"":[]}"
2529_0,0.1942752,0.7649419,0.15946695,8,23459,"{""type"":""MultiPoint"",""coordinates"":[]}"
2530_0,-0.0011897411,0.44597745,-0.044837832,8,23596,"{""type"":""MultiPoint"",""coordinates"":[]}"
2531_0,0.16843972,0.6517134,0.17561299,8,9026,"{""type"":""MultiPoint"",""coordinates"":[]}"
2532_0,0.085865974,0.62531435,0.04590721,8,16672,"{""type"":""MultiPoint"",""coordinates"":[]}"
2533_0,0.21672824,0.77983475,0.21365993,8,22210,"{""type"":""MultiPoint"",""coordinates"":[]}"
2534_0,0.11696839,0.7152817,0.112118095,8,21454,"{""type"":""MultiPoint"",""coordinates"":[]}"
2535_0,0.21141894,0.88404006,0.14386183,8,4093,"{""type"":""MultiPoint"",""coordinates"":[]}"
2536_0,0.0142198475,0.5409953,-0.041684885,8,21407,"{""type"":""MultiPoint"",""coordinates"":[]}"
2537_0,0.048175756,0.42736754,0.008117042,8,7821,"{""type"":""MultiPoint"",""coordinates"":[]}"
2538_0,0.18958549,0.62960136,0.1887285,8,25368,"{""type"":""MultiPoint"",""coordinates"":[]}"
2539_0,0.19818515,0.7851218,0.18421188,8,19346,"{""type"":""MultiPoint"",""coordinates"":[]}"
2540_0,0.085685916,0.5336848,0.030748725,8,14979,"{""type"":""MultiPoint"",""coordinates"":[]}"
2541_0,-0.075703524,0.41252995,-0.12916842,8,14499,"{""type"":""MultiPoint"",""coordinates"":[]}"
2542_0,-0.071542695,0.3775281,-0.100678526,8,21137,"{""type"":""MultiPoint"",""coordinates"":[]}"
2543_0,0.2128853,0.6869338,0.1978927,8,23480,"{""type"":""MultiPoint"",""coordinates"":[]}"
2544_0,0.1743776,0.66719246,0.13570018,8,15731,"{""type"":""MultiPoint"",""coordinates"":[]}"
2545_0,0.102302305,0.6590267,0.100321025,8,12906,"{""type"":""MultiPoint"",""coordinates"":[]}"
2546_0,0.1317436,0.7892439,0.10887436,8,8121,"{""type"":""MultiPoint"",""coordinates"":[]}"
2547_0,-0.0041195704,0.50115836,-0.07407192,8,18887,"{""type"":""MultiPoint"",""coordinates"":[]}"
2548_0,-0.11044884,0.33532402,-0.14877743,8,23864,"{""type"":""MultiPoint"",""coordinates"":[]}"
2549_0,0.22422804,0.81345624,0.2127544,8,20044,"{""type"":""MultiPoint"",""coordinates"":[]}"
2550_0,-0.10080808,0.32994503,-0.13838676,8,1962,"{""type"":""MultiPoint"",""coordinates"":[]}"
2551_0,0.13494667,0.70648295,0.13252112,8,10185,"{""type"":""MultiPoint"",""coordinates"":[]}"
2552_0,0.082358405,0.68694866,0.04933286,8,19458,"{""type"":""MultiPoint"",""coordinates"":[]}"
2553_0,-0.033781957,0.49709296,-0.081484795,8,6550,"{""type"":""MultiPoint"",""coordinates"":[]}"
2554_0,0.19051598,0.72150666,0.17336081,8,20582,"{""type"":""MultiPoint"",""coordinates"":[]}"
2555_0,-0.096045196,0.3147776,-0.15959741,8,2604,"{""type"":""MultiPoint"",""coordinates"":[]}"
2556_0,0.119519666,0.55221117,0.08476659,8,9626,"{""type"":""MultiPoint"",""coordinates"":[]}"
2557_0,0.20099021,0.79597175,0.17103323,8,9749,"{""type"":""MultiPoint"",""coordinates"":[]}"
2558_0,0.092510074,0.595572,0.06625536,8,25520,"{""type"":""MultiPoint"",""coordinates"":[]}"
2559_0,0.25220588,0.82673794,0.2357693,8,18724,"{""type"":""MultiPoint"",""coordinates"":[]}"
2560_0,0.079872206,0.5561224,0.020310633,8,16700,"{""type"":""MultiPoint"",""coordinates"":[]}"
2561_0,0.19460689,0.6034622,0.1549525,8,11839,"{""type"":""MultiPoint"",""coordinates"":[]}"
2562_0,-0.044773,0.38457787,-0.07031576,8,15619,"{""type"":""MultiPoint"",""coordinates"":[]}"
2563_0,0.029986115,0.43211517,0.0029079202,8,4707,"{""type"":""MultiPoint"",""coordinates"":[]}"
2564_0,0.17866775,0.6285169,0.14214821,8,17221,"{""type"":""MultiPoint"",""coordinates"":[]}"
2565_0,-0.053202674,0.38942313,-0.087409094,8,17246,"{""type"":""MultiPoint"",""coordinates"":[]}"
2566_0,0.2563233,0.6689708,0.21480748,8,13199,"{""type"":""MultiPoint"",""coordinates"":[]}"
2567_0,0.19416954,0.71609086,0.17008956,8,15287,"{""type"":""MultiPoint"",""coordinates"":[]}"
2568_0,-0.01880305,0.50352645,-0.056844216,8,14294,"{""type"":""MultiPoint"",""coordinates"":[]}"
2569_0,-0.08013872,0.2681013,-0.10567229,8,24882,"{""type"":""MultiPoint"",""coordinates"":[]}"
2570_0,0.08269554,0.6118519,0.052911058,8,23484,"{""type"":""MultiPoint"",""coordinates"":[]}"
2571_0,0.111883,0.6369863,0.04853621,8,7223,"{""type"":""MultiPoint"",""coordinates"":[]}"
2572_0,-0.074935675,0.46306083,-0.106195755,8,18700,"{""type"":""MultiPoint"",""coordinates"":[]}"
2573_0,0.09295775,0.7273862,0.06489418,8,4375,"{""type"":""MultiPoint"",""coordinates"":[]}"
2574_0,0.06922406,0.422057,0.03611412,8,13651,"{""type"":""MultiPoint"",""coordinates"":[]}"
2575_0,-0.11201534,0.3177348,-0.15780237,8,18361,"{""type"":""MultiPoint"",""coordinates"":[]}"
2576_0,-0.06328525,0.5341793,-0.117078915,8,16716,"{""type"":""MultiPoint"",""coordinates"":[]}"
2577_0,0.018523458,0.51985663,-0.06103658,8,18228,"{""type"":""MultiPoint"",""coordinates"":[]}"
2578_0,0.24835888,0.7894648,0.21334942,8,20860,"{""type"":""MultiPoint"",""coordinates"":[]}"
2579_0,0.11698092,0.6874501,0.07497447,8,18307,"{""type"":""MultiPoint"",""coordinates"":[]}"
2580_0,0.18536621,0.7220328,0.16428289,8,24334,"{""type"":""MultiPoint"",""coordinates"":[]}"
2581_0,0.14572865,0.7670748,0.13690476,8,7482,"{""type"":""MultiPoint"",""coordinates"":[]}"
2582_0,-0.036628015,0.30299973,-0.05163344,8,19599,"{""type"":""MultiPoint"",""coordinates"":[]}"
2583_0,-0.11507764,0.3020584,-0.16715634,8,19866,"{""type"":""MultiPoint"",""coordinates"":[]}"
2584_0,0.0455312,0.5996617,0.04033737,8,11011,"{""type"":""MultiPoint"",""coordinates"":[]}"
2585_0,0.06553409,0.58588094,0.0135794245,8,8358,"{""type"":""MultiPoint"",""coordinates"":[]}"
2586_0,-0.053727612,0.4035214,-0.11404668,8,1350,"{""type"":""MultiPoint"",""coordinates"":[]}"
2587_0,0.15006156,0.7540015,0.12121459,8,5859,"{""type"":""MultiPoint"",""coordinates"":[]}"
2588_0,0.09819641,0.44611213,0.07914931,8,17299,"{""type"":""MultiPoint"",""coordinates"":[]}"
2589_0,0.025751073,0.49390054,-0.007260992,8,2290,"{""type"":""MultiPoint"",""coordinates"":[]}"
2590_0,-0.051629074,0.3539781,-0.064370506,8,3971,"{""type"":""MultiPoint"",""coordinates"":[]}"
2591_0,0.29389247,0.83177435,0.24978074,8,5841,"{""type"":""MultiPoint"",""coordinates"":[]}"
2592_0,0.14608836,0.7379508,0.11671119,8,17947,"{""type"":""MultiPoint"",""coordinates"":[]}"
2593_0,0.12142767,0.66982156,0.08169978,8,15824,"{""type"":""MultiPoint"",""coordinates"":[]}"
2594_0,-0.05760151,0.37246177,-0.097920604,8,168,"{""type"":""MultiPoint"",""coordinates"":[]}"
2595_0,0.04448926,0.46830592,7.062758E-4,8,5500,"{""type"":""MultiPoint"",""coordinates"":[]}"
2596_0,0.10319303,0.6107596,0.053240716,8,11438,"{""type"":""MultiPoint"",""coordinates"":[]}"
2597_0,-0.123463586,0.4241706,-0.13071401,8,2361,"{""type"":""MultiPoint"",""coordinates"":[]}"
2598_0,0.14408319,0.7754249,0.110555276,8,12648,"{""type"":""MultiPoint"",""coordinates"":[]}"
2599_0,0.011653771,0.6187574,-0.025583826,8,6188,"{""type"":""MultiPoint"",""coordinates"":[]}"
2600_0,0.17757109,0.76111835,0.13222903,8,4720,"{""type"":""MultiPoint"",""coordinates"":[]}"
2601_0,0.14801864,0.6979617,0.115415655,8,10392,"{""type"":""MultiPoint"",""coordinates"":[]}"
2602_0,-0.02181639,0.4302614,-0.07448978,8,15281,"{""type"":""MultiPoint"",""coordinates"":[]}"
2603_0,0.0461326,0.36699632,0.011778819,8,24122,"{""type"":""MultiPoint"",""coordinates"":[]}"
2604_0,0.14800596,0.73740983,0.11345964,8,19859,"{""type"":""MultiPoint"",""coordinates"":[]}"
2605_0,0.22478278,0.6968085,0.18265286,8,19802,"{""type"":""MultiPoint"",""coordinates"":[]}"
2606_0,0.14165905,0.5812438,0.115921624,8,1411,"{""type"":""MultiPoint"",""coordinates"":[]}"
2607_0,0.19119063,0.7355186,0.15597175,8,10351,"{""type"":""MultiPoint"",""coordinates"":[]}"
2608_0,0.037745345,0.46558493,-0.0035940441,8,24195,"{""type"":""MultiPoint"",""coordinates"":[]}"
2609_0,0.30322143,0.84897995,0.23027924,8,11376,"{""type"":""MultiPoint"",""coordinates"":[]}"
2610_0,-0.014901694,0.64295596,-0.026030643,8,23106,"{""type"":""MultiPoint"",""coordinates"":[]}"
2611_0,0.19304927,0.6395476,0.15629901,8,8883,"{""type"":""MultiPoint"",""coordinates"":[]}"
2612_0,0.24143155,0.75615406,0.20436941,8,13458,"{""type"":""MultiPoint"",""coordinates"":[]}"
2613_0,0.07888631,0.36526015,0.06739598,8,14801,"{""type"":""MultiPoint"",""coordinates"":[]}"
2614_0,0.18603429,0.67822224,0.16386966,8,5050,"{""type"":""MultiPoint"",""coordinates"":[]}"
2615_0,0.22583698,0.6933745,0.17077291,8,13207,"{""type"":""MultiPoint"",""coordinates"":[]}"
2616_0,0.15248749,0.653307,0.10126349,8,12378,"{""type"":""MultiPoint"",""coordinates"":[]}"
2617_0,0.28041735,0.8140303,0.2563805,8,7958,"{""type"":""MultiPoint"",""coordinates"":[]}"
2618_0,-0.010351495,0.38032663,-0.020986483,8,19569,"{""type"":""MultiPoint"",""coordinates"":[]}"
2619_0,0.04361874,0.38186157,0.014360041,8,23582,"{""type"":""MultiPoint"",""coordinates"":[]}"
2620_0,0.13410443,0.7033124,0.13195275,8,13124,"{""type"":""MultiPoint"",""coordinates"":[]}"
2621_0,0.005617806,0.48543197,-0.0012511386,8,7912,"{""type"":""MultiPoint"",""coordinates"":[]}"
2622_0,0.026386233,0.5513906,-0.0012014417,8,2559,"{""type"":""MultiPoint"",""coordinates"":[]}"
2623_0,-0.07788478,0.3801006,-0.1239255,8,16432,"{""type"":""MultiPoint"",""coordinates"":[]}"
2624_0,-0.034659054,0.47908217,-0.0777544,8,12408,"{""type"":""MultiPoint"",""coordinates"":[]}"
2625_0,0.06388704,0.6110403,0.02983474,8,16503,"{""type"":""MultiPoint"",""coordinates"":[]}"
2626_0,0.09467727,0.59071076,0.054497223,8,23567,"{""type"":""MultiPoint"",""coordinates"":[]}"
2627_0,0.22295143,0.819994,0.18505408,8,6399,"{""type"":""MultiPoint"",""coordinates"":[]}"
2628_0,0.2244837,0.76167107,0.21038918,8,17170,"{""type"":""MultiPoint"",""coordinates"":[]}"
2629_0,0.026007814,0.4929922,0.090285905,8,11212,"{""type"":""MultiPoint"",""coordinates"":[]}"
2630_0,0.1333078,0.7629796,0.0860334,8,2442,"{""type"":""MultiPoint"",""coordinates"":[]}"
2631_0,0.11965659,0.7279539,0.098369665,8,10215,"{""type"":""MultiPoint"",""coordinates"":[]}"
2632_0,-0.14947747,0.22301933,-0.13847293,8,1027,"{""type"":""MultiPoint"",""coordinates"":[]}"
2633_0,-0.1781294,0.19354154,-0.20863096,8,3503,"{""type"":""MultiPoint"",""coordinates"":[]}"
2634_0,0.043199968,0.40209016,-0.004012225,8,17941,"{""type"":""MultiPoint"",""coordinates"":[]}"
2635_0,-0.024631293,0.5035457,-0.03433178,8,6750,"{""type"":""MultiPoint"",""coordinates"":[]}"
2636_0,-0.028085107,0.56453425,-0.04340367,8,8687,"{""type"":""MultiPoint"",""coordinates"":[]}"
2637_0,-0.04219608,0.44814816,-0.08338915,8,6715,"{""type"":""MultiPoint"",""coordinates"":[]}"
2638_0,0.14067449,0.36174864,0.1324304,8,655,"{""type"":""MultiPoint"",""coordinates"":[]}"
2639_0,-0.12146798,0.36545637,-0.16265644,8,2342,"{""type"":""MultiPoint"",""coordinates"":[]}"
2640_0,0.13341027,0.66546667,0.1346802,8,3578,"{""type"":""MultiPoint"",""coordinates"":[]}"
2641_0,-0.024048476,0.50775194,-0.07344184,8,6913,"{""type"":""MultiPoint"",""coordinates"":[]}"
2642_0,0.06065035,0.5355376,0.053387333,8,25053,"{""type"":""MultiPoint"",""coordinates"":[]}"
2643_0,0.106634334,0.6503201,0.09437079,8,18687,"{""type"":""MultiPoint"",""coordinates"":[]}"
2644_0,0.059672434,0.5613729,0.019588457,8,8178,"{""type"":""MultiPoint"",""coordinates"":[]}"
2645_0,0.13937356,0.7211079,0.13810526,8,22657,"{""type"":""MultiPoint"",""coordinates"":[]}"
2646_0,0.09149711,0.7988469,0.06536846,8,12559,"{""type"":""MultiPoint"",""coordinates"":[]}"
2647_0,0.2257447,0.6020456,0.19036344,8,3394,"{""type"":""MultiPoint"",""coordinates"":[]}"
2648_0,0.18865326,0.6496111,0.16281722,8,11047,"{""type"":""MultiPoint"",""coordinates"":[]}"
2649_0,-0.02116485,0.37444767,-0.04831241,8,20096,"{""type"":""MultiPoint"",""coordinates"":[]}"
2650_0,0.100725845,0.6776901,0.063292265,8,2974,"{""type"":""MultiPoint"",""coordinates"":[]}"
2651_0,-0.13676731,0.3874842,-0.20273438,8,8005,"{""type"":""MultiPoint"",""coordinates"":[]}"
2652_0,-0.088074714,0.30660045,-0.12489726,8,6224,"{""type"":""MultiPoint"",""coordinates"":[]}"
2653_0,0.22178712,0.72497606,0.19470789,8,3592,"{""type"":""MultiPoint"",""coordinates"":[]}"
2654_0,0.09161491,0.66325915,0.08949416,8,11206,"{""type"":""MultiPoint"",""coordinates"":[]}"
2655_0,-0.051437218,0.4344411,-0.09026269,8,2388,"{""type"":""MultiPoint"",""coordinates"":[]}"
2656_0,0.05602423,0.44595814,-0.012547257,8,278,"{""type"":""MultiPoint"",""coordinates"":[]}"
2657_0,0.051833514,0.5112183,-0.0095943445,8,14091,"{""type"":""MultiPoint"",""coordinates"":[]}"
2658_0,0.05991639,0.60281044,0.037072208,8,13314,"{""type"":""MultiPoint"",""coordinates"":[]}"
2659_0,0.056695204,0.5907609,0.0056304387,8,10977,"{""type"":""MultiPoint"",""coordinates"":[]}"
2660_0,0.08154421,0.66894126,0.038555246,8,18882,"{""type"":""MultiPoint"",""coordinates"":[]}"
2661_0,0.13855603,0.70147175,0.07908894,8,1635,"{""type"":""MultiPoint"",""coordinates"":[]}"
2662_0,0.13081554,0.6352776,0.07363674,8,14221,"{""type"":""MultiPoint"",""coordinates"":[]}"
2663_0,0.17462285,0.50665927,0.1523769,8,3073,"{""type"":""MultiPoint"",""coordinates"":[]}"
2664_0,0.037308354,0.6594031,0.024403939,8,24019,"{""type"":""MultiPoint"",""coordinates"":[]}"
2665_0,0.13532138,0.7320923,0.10581105,8,18321,"{""type"":""MultiPoint"",""coordinates"":[]}"
2666_0,0.10630989,0.5064726,0.07891909,8,18382,"{""type"":""MultiPoint"",""coordinates"":[]}"
2667_0,0.19399898,0.75307775,0.16434231,8,19578,"{""type"":""MultiPoint"",""coordinates"":[]}"
2668_0,0.17419048,0.7366072,0.14094108,8,5259,"{""type"":""MultiPoint"",""coordinates"":[]}"
2669_0,0.07936521,0.6683478,0.046453334,8,16488,"{""type"":""MultiPoint"",""coordinates"":[]}"
2670_0,0.20268157,0.7597246,0.19407819,8,25288,"{""type"":""MultiPoint"",""coordinates"":[]}"
2671_0,-0.0031619444,0.46517673,-0.043980338,8,23674,"{""type"":""MultiPoint"",""coordinates"":[]}"
2672_0,0.19489811,0.77137274,0.17316294,8,21786,"{""type"":""MultiPoint"",""coordinates"":[]}"
2673_0,0.09368084,0.49684602,0.061578948,8,1131,"{""type"":""MultiPoint"",""coordinates"":[]}"
2674_0,0.045819994,0.6212753,0.009621602,8,2265,"{""type"":""MultiPoint"",""coordinates"":[]}"
2675_0,0.13581142,0.65422887,0.11871302,8,2041,"{""type"":""MultiPoint"",""coordinates"":[]}"
2676_0,0.18910755,0.7779283,0.15905319,8,10607,"{""type"":""MultiPoint"",""coordinates"":[]}"
2677_0,0.21830203,0.7532132,0.17614096,8,23412,"{""type"":""MultiPoint"",""coordinates"":[]}"
2678_0,0.08280202,0.6795804,0.029893015,8,23852,"{""type"":""MultiPoint"",""coordinates"":[]}"
2679_0,0.035714287,0.5952227,-0.0026236125,8,373,"{""type"":""MultiPoint"",""coordinates"":[]}"
2680_0,0.069522075,0.771037,0.0078150695,8,5575,"{""type"":""MultiPoint"",""coordinates"":[]}"
2681_0,0.024987686,0.5595236,0.010390819,8,5610,"{""type"":""MultiPoint"",""coordinates"":[]}"
2682_0,0.06831149,0.39702657,-0.0263292,8,7356,"{""type"":""MultiPoint"",""coordinates"":[]}"
2683_0,0.11713087,0.6819982,0.08807882,8,16976,"{""type"":""MultiPoint"",""coordinates"":[]}"
2684_0,-0.16762373,0.13441208,-0.26014462,8,2784,"{""type"":""MultiPoint"",""coordinates"":[]}"
2685_0,0.030423524,0.5021296,-0.0050706775,8,12520,"{""type"":""MultiPoint"",""coordinates"":[]}"
2686_0,-0.045303214,0.4499326,-0.20694199,8,18078,"{""type"":""MultiPoint"",""coordinates"":[]}"
2687_0,0.17563684,0.7314399,0.17213951,8,24697,"{""type"":""MultiPoint"",""coordinates"":[]}"
2688_0,0.06501845,0.5248707,0.015976483,8,2075,"{""type"":""MultiPoint"",""coordinates"":[]}"
2689_0,-0.01265987,0.47747386,-0.06729702,8,20206,"{""type"":""MultiPoint"",""coordinates"":[]}"
2690_0,0.25905356,0.8365943,0.23729095,8,18808,"{""type"":""MultiPoint"",""coordinates"":[]}"
2691_0,-0.087697215,0.38992646,-0.13049378,8,6138,"{""type"":""MultiPoint"",""coordinates"":[]}"
2692_0,0.0658402,0.62520504,0.023107085,8,22799,"{""type"":""MultiPoint"",""coordinates"":[]}"
2693_0,-0.03526599,0.54624665,-0.05932722,8,1418,"{""type"":""MultiPoint"",""coordinates"":[]}"
2694_0,0.13954198,0.65125346,0.10642288,8,7585,"{""type"":""MultiPoint"",""coordinates"":[]}"
2695_0,0.23648648,0.64701164,0.19673565,8,22503,"{""type"":""MultiPoint"",""coordinates"":[]}"
2696_0,0.24427602,0.81507856,0.22292136,8,4596,"{""type"":""MultiPoint"",""coordinates"":[]}"
2697_0,-0.016297888,0.40908977,-0.06835231,8,24091,"{""type"":""MultiPoint"",""coordinates"":[]}"
2698_0,0.17065978,0.82029825,0.13356216,8,1595,"{""type"":""MultiPoint"",""coordinates"":[]}"
2699_0,0.02623551,0.59255356,-0.015035955,8,5598,"{""type"":""MultiPoint"",""coordinates"":[]}"
2700_0,0.07970487,0.6470754,0.063315526,8,3383,"{""type"":""MultiPoint"",""coordinates"":[]}"
2701_0,-0.018661613,0.5591246,-0.047242083,8,10353,"{""type"":""MultiPoint"",""coordinates"":[]}"
2702_0,-0.06832133,0.28718117,-0.23126444,8,22817,"{""type"":""MultiPoint"",""coordinates"":[]}"
2703_0,0.20525253,0.7169031,0.19267942,8,1175,"{""type"":""MultiPoint"",""coordinates"":[]}"
2704_0,-0.15999219,0.48277086,-0.17295597,8,11977,"{""type"":""MultiPoint"",""coordinates"":[]}"
2705_0,-0.056665305,0.3482527,-0.08145704,8,18912,"{""type"":""MultiPoint"",""coordinates"":[]}"
2706_0,0.15175085,0.73735243,0.117022805,8,23545,"{""type"":""MultiPoint"",""coordinates"":[]}"
2707_0,0.13900371,0.58582705,0.10602793,8,6826,"{""type"":""MultiPoint"",""coordinates"":[]}"
2708_0,0.13501117,0.67414767,0.10727259,8,22426,"{""type"":""MultiPoint"",""coordinates"":[]}"
2709_0,0.021288158,0.5976944,-0.034833316,8,11813,"{""type"":""MultiPoint"",""coordinates"":[]}"
2710_0,0.12954947,0.59971255,0.14751615,8,16073,"{""type"":""MultiPoint"",""coordinates"":[]}"
2711_0,0.020744083,0.52796143,-0.030495988,8,18152,"{""type"":""MultiPoint"",""coordinates"":[]}"
2712_0,0.28776604,0.8692208,0.28829515,8,12565,"{""type"":""MultiPoint"",""coordinates"":[]}"
2713_0,0.16821745,0.61759436,0.14386044,8,1503,"{""type"":""MultiPoint"",""coordinates"":[]}"
2714_0,0.020415438,0.5466578,-0.014327986,8,1554,"{""type"":""MultiPoint"",""coordinates"":[]}"
2715_0,0.06755493,0.5796667,0.070536844,8,3707,"{""type"":""MultiPoint"",""coordinates"":[]}"
2716_0,-0.14337508,0.29075006,-0.17588457,8,1075,"{""type"":""MultiPoint"",""coordinates"":[]}"
2717_0,0.20276266,0.7324475,0.15981126,8,15294,"{""type"":""MultiPoint"",""coordinates"":[]}"
2718_0,0.057951245,0.6525806,0.03803754,8,6824,"{""type"":""MultiPoint"",""coordinates"":[]}"
2719_0,-0.019466475,0.49906892,-0.07344847,8,13695,"{""type"":""MultiPoint"",""coordinates"":[]}"
2720_0,-0.073972605,0.390497,-0.10525391,8,9960,"{""type"":""MultiPoint"",""coordinates"":[]}"
2721_0,0.23527335,0.811486,0.20324107,8,8999,"{""type"":""MultiPoint"",""coordinates"":[]}"
2722_0,-0.14213349,0.23834197,-0.18632002,8,7406,"{""type"":""MultiPoint"",""coordinates"":[]}"
2723_0,0.18789786,0.7823326,0.21634467,8,11333,"{""type"":""MultiPoint"",""coordinates"":[]}"
2724_0,-0.063432835,0.33435488,-0.1260997,8,4347,"{""type"":""MultiPoint"",""coordinates"":[]}"
2725_0,0.12001437,0.6857635,0.16516107,8,21142,"{""type"":""MultiPoint"",""coordinates"":[]}"
2726_0,0.20967501,0.85092455,0.19126101,8,7880,"{""type"":""MultiPoint"",""coordinates"":[]}"
2727_0,0.13036978,0.63800764,0.08279982,8,24017,"{""type"":""MultiPoint"",""coordinates"":[]}"
2728_0,0.30494037,0.5948628,0.32108316,8,22627,"{""type"":""MultiPoint"",""coordinates"":[]}"
2729_0,0.09331401,0.6101983,0.06988847,8,10491,"{""type"":""MultiPoint"",""coordinates"":[]}"
2730_0,0.07328702,0.6357351,0.052246936,8,11378,"{""type"":""MultiPoint"",""coordinates"":[]}"
2731_0,0.04728088,0.5858586,-0.007310808,8,11585,"{""type"":""MultiPoint"",""coordinates"":[]}"
2732_0,0.05965052,0.4672745,0.060880627,8,14418,"{""type"":""MultiPoint"",""coordinates"":[]}"
2733_0,-0.060531773,0.3842619,-0.08697333,8,7668,"{""type"":""MultiPoint"",""coordinates"":[]}"
2734_0,0.2166746,0.8369029,0.16871744,8,17654,"{""type"":""MultiPoint"",""coordinates"":[]}"
2735_0,0.33365846,0.84878314,0.32604873,8,18143,"{""type"":""MultiPoint"",""coordinates"":[]}"
2736_0,0.111624286,0.680537,0.06936738,8,17311,"{""type"":""MultiPoint"",""coordinates"":[]}"
2737_0,0.19884726,0.584078,0.16766468,8,2540,"{""type"":""MultiPoint"",""coordinates"":[]}"
2738_0,-0.008198119,0.42675045,-0.034936372,8,24714,"{""type"":""MultiPoint"",""coordinates"":[]}"
2739_0,0.08555346,0.642611,0.049891,8,22723,"{""type"":""MultiPoint"",""coordinates"":[]}"
2740_0,0.25237343,0.59567344,0.24218124,8,15107,"{""type"":""MultiPoint"",""coordinates"":[]}"
2741_0,-0.10215315,0.35142326,-0.15320806,8,11945,"{""type"":""MultiPoint"",""coordinates"":[]}"
2742_0,0.24398544,0.84170336,0.20660228,8,776,"{""type"":""MultiPoint"",""coordinates"":[]}"
2743_0,0.013120567,0.54784304,-0.06322827,8,22543,"{""type"":""MultiPoint"",""coordinates"":[]}"
2744_0,0.22965087,0.67066777,0.2022048,8,10864,"{""type"":""MultiPoint"",""coordinates"":[]}"
2745_0,-0.011418169,0.5551392,-0.01872411,8,19051,"{""type"":""MultiPoint"",""coordinates"":[]}"
2746_0,0.14960383,0.6701714,0.1128753,8,18219,"{""type"":""MultiPoint"",""coordinates"":[]}"
2747_0,0.01405191,0.656205,-0.018094912,8,10950,"{""type"":""MultiPoint"",""coordinates"":[]}"
2748_0,0.085090905,0.5017442,0.020249221,8,3210,"{""type"":""MultiPoint"",""coordinates"":[]}"
2749_0,0.3041958,0.86097795,0.3078261,8,10981,"{""type"":""MultiPoint"",""coordinates"":[]}"
2750_0,-0.02715968,0.5094167,-0.063491136,8,30,"{""type"":""MultiPoint"",""coordinates"":[]}"
2751_0,0.057458892,0.57395077,0.02412661,8,24047,"{""type"":""MultiPoint"",""coordinates"":[]}"
2752_0,-0.095846646,0.27844915,-0.14927123,8,21739,"{""type"":""MultiPoint"",""coordinates"":[]}"
2753_0,0.23431537,0.845797,0.20598833,8,12550,"{""type"":""MultiPoint"",""coordinates"":[]}"
2754_0,0.117080405,0.5476924,0.08578718,8,3298,"{""type"":""MultiPoint"",""coordinates"":[]}"
2755_0,0.094356656,0.52646637,0.057197332,8,7946,"{""type"":""MultiPoint"",""coordinates"":[]}"
2756_0,-0.064424954,0.4322875,-0.06662758,8,2174,"{""type"":""MultiPoint"",""coordinates"":[]}"
2757_0,0.1583919,0.7394526,0.13641307,8,16760,"{""type"":""MultiPoint"",""coordinates"":[]}"
2758_0,0.073076926,0.5175606,0.025009194,8,4186,"{""type"":""MultiPoint"",""coordinates"":[]}"
2759_0,-0.009329868,0.2656051,-0.07051439,8,20945,"{""type"":""MultiPoint"",""coordinates"":[]}"
2760_0,0.20402806,0.7909036,0.18689986,8,547,"{""type"":""MultiPoint"",""coordinates"":[]}"
2761_0,0.31108794,0.8339942,0.2766264,8,21155,"{""type"":""MultiPoint"",""coordinates"":[]}"
2762_0,0.0684681,0.63805354,0.045650154,8,12599,"{""type"":""MultiPoint"",""coordinates"":[]}"
2763_0,0.20812003,0.8082422,0.18258017,8,15497,"{""type"":""MultiPoint"",""coordinates"":[]}"
2764_0,0.04948983,0.55939364,0.04942495,8,24259,"{""type"":""MultiPoint"",""coordinates"":[]}"
2765_0,0.13449772,0.680079,0.09951602,8,8541,"{""type"":""MultiPoint"",""coordinates"":[]}"
2766_0,0.08172043,0.47524753,0.055100687,8,20565,"{""type"":""MultiPoint"",""coordinates"":[]}"
2767_0,0.27049744,0.77473336,0.21773045,8,25370,"{""type"":""MultiPoint"",""coordinates"":[]}"
2768_0,0.035415553,0.5563438,-0.0018484289,8,1680,"{""type"":""MultiPoint"",""coordinates"":[]}"
2769_0,0.097799964,0.6109974,0.06756238,8,14351,"{""type"":""MultiPoint"",""coordinates"":[]}"
2770_0,0.06290666,0.5220206,0.02994394,8,9736,"{""type"":""MultiPoint"",""coordinates"":[]}"
2771_0,0.0013744355,0.4657271,-0.06468495,8,14015,"{""type"":""MultiPoint"",""coordinates"":[]}"
2772_0,0.101293996,0.62253964,0.075373046,8,15816,"{""type"":""MultiPoint"",""coordinates"":[]}"
2773_0,0.07956767,0.6141359,0.04294374,8,20664,"{""type"":""MultiPoint"",""coordinates"":[]}"
2774_0,0.118938446,0.6712546,0.09482048,8,12262,"{""type"":""MultiPoint"",""coordinates"":[]}"
2775_0,-9.812864E-4,0.4348733,-0.05181446,8,16605,"{""type"":""MultiPoint"",""coordinates"":[]}"
2776_0,0.3521609,0.8845188,0.32217818,8,17689,"{""type"":""MultiPoint"",""coordinates"":[]}"
2777_0,-0.07206918,0.43765283,-0.13410597,8,103,"{""type"":""MultiPoint"",""coordinates"":[]}"
2778_0,0.00296846,0.4487791,-0.020121489,8,13609,"{""type"":""MultiPoint"",""coordinates"":[]}"
2779_0,0.018459223,0.56744957,-0.011705489,8,6688,"{""type"":""MultiPoint"",""coordinates"":[]}"
2780_0,0.063802905,0.46156028,0.07355699,8,22999,"{""type"":""MultiPoint"",""coordinates"":[]}"
2781_0,0.22493799,0.76904774,0.1937892,8,1557,"{""type"":""MultiPoint"",""coordinates"":[]}"
2782_0,0.03957483,0.5556583,0.013943013,8,13758,"{""type"":""MultiPoint"",""coordinates"":[]}"
2783_0,-0.084739186,0.47619048,-0.120567374,8,23148,"{""type"":""MultiPoint"",""coordinates"":[]}"
2784_0,0.075405955,0.6908718,0.039557103,8,3366,"{""type"":""MultiPoint"",""coordinates"":[]}"
2785_0,0.03297049,0.45093262,-0.013788579,8,22348,"{""type"":""MultiPoint"",""coordinates"":[]}"
2786_0,0.015641194,0.57181615,-0.0036101264,8,17240,"{""type"":""MultiPoint"",""coordinates"":[]}"
2787_0,0.014912969,0.49691218,-0.027547127,8,13529,"{""type"":""MultiPoint"",""coordinates"":[]}"
2788_0,0.07027027,0.5757788,0.020630242,8,1719,"{""type"":""MultiPoint"",""coordinates"":[]}"
2789_0,-0.08506535,0.3459165,-0.12278212,8,23557,"{""type"":""MultiPoint"",""coordinates"":[]}"
2790_0,0.132944,0.7320442,0.107969604,8,5252,"{""type"":""MultiPoint"",""coordinates"":[]}"
2791_0,0.16498081,0.7242275,0.16701461,8,8101,"{""type"":""MultiPoint"",""coordinates"":[]}"
2792_0,0.13912085,0.7276446,0.10885151,8,15071,"{""type"":""MultiPoint"",""coordinates"":[]}"
2793_0,0.04113391,0.54936075,0.0017209055,8,17503,"{""type"":""MultiPoint"",""coordinates"":[]}"
2794_0,-0.05110745,0.44918615,-0.062646694,8,23082,"{""type"":""MultiPoint"",""coordinates"":[]}"
2795_0,0.13045765,0.6520651,0.099389225,8,17382,"{""type"":""MultiPoint"",""coordinates"":[]}"
2796_0,-0.014932672,0.46150142,-0.078313716,8,12813,"{""type"":""MultiPoint"",""coordinates"":[]}"
2797_0,0.0477768,0.46814135,0.0014162724,8,10863,"{""type"":""MultiPoint"",""coordinates"":[]}"
2798_0,0.049761865,0.5272824,0.0010442047,8,15453,"{""type"":""MultiPoint"",""coordinates"":[]}"
2799_0,0.1545966,0.7645244,0.040279143,8,20228,"{""type"":""MultiPoint"",""coordinates"":[]}"
2800_0,0.2972767,0.7850729,0.26581776,8,9544,"{""type"":""MultiPoint"",""coordinates"":[]}"
2801_0,-0.09933297,0.3346056,-0.16430818,8,664,"{""type"":""MultiPoint"",""coordinates"":[]}"
2802_0,0.17031331,0.60274726,0.13075371,8,20507,"{""type"":""MultiPoint"",""coordinates"":[]}"
2803_0,0.13586004,0.6782864,0.09483535,8,5449,"{""type"":""MultiPoint"",""coordinates"":[]}"
2804_0,0.103668295,0.6066506,0.0024672074,8,9129,"{""type"":""MultiPoint"",""coordinates"":[]}"
2805_0,0.07682777,0.60742134,0.026718557,8,20843,"{""type"":""MultiPoint"",""coordinates"":[]}"
2806_0,0.16991644,0.7341108,0.14186984,8,23523,"{""type"":""MultiPoint"",""coordinates"":[]}"
2807_0,0.18054076,0.74571484,0.14496197,8,5940,"{""type"":""MultiPoint"",""coordinates"":[]}"
2808_0,0.08087504,0.55474097,0.060686897,8,9720,"{""type"":""MultiPoint"",""coordinates"":[]}"
2809_0,0.11588706,0.5839263,0.09801651,8,17716,"{""type"":""MultiPoint"",""coordinates"":[]}"
2810_0,-0.018994758,0.5561759,-0.07463979,8,19580,"{""type"":""MultiPoint"",""coordinates"":[]}"
2811_0,-0.06629834,0.36376536,-0.09652147,8,23248,"{""type"":""MultiPoint"",""coordinates"":[]}"
2812_0,0.14646362,0.6573786,0.11846459,8,8156,"{""type"":""MultiPoint"",""coordinates"":[]}"
2813_0,0.01897328,0.7915525,-0.05765838,8,2208,"{""type"":""MultiPoint"",""coordinates"":[]}"
2814_0,0.14983651,0.6217195,0.111736335,8,563,"{""type"":""MultiPoint"",""coordinates"":[]}"
2815_0,0.18504193,0.7154097,0.16644374,8,13710,"{""type"":""MultiPoint"",""coordinates"":[]}"
2816_0,0.17350212,0.6037789,0.1401929,8,11526,"{""type"":""MultiPoint"",""coordinates"":[]}"
2817_0,0.110087216,0.56257594,0.088907704,8,8639,"{""type"":""MultiPoint"",""coordinates"":[]}"
2818_0,-0.09450627,0.39099592,-0.123481415,8,17897,"{""type"":""MultiPoint"",""coordinates"":[]}"
2819_0,0.08584885,0.49950016,0.033936653,8,17410,"{""type"":""MultiPoint"",""coordinates"":[]}"
2820_0,0.20979445,0.7077808,0.16067043,8,11818,"{""type"":""MultiPoint"",""coordinates"":[]}"
2821_0,-0.04719579,0.3216675,-0.07388252,8,1873,"{""type"":""MultiPoint"",""coordinates"":[]}"
2822_0,0.08947884,0.49321035,0.04660614,8,22172,"{""type"":""MultiPoint"",""coordinates"":[]}"
2823_0,0.13862333,0.6173393,0.10332661,8,11044,"{""type"":""MultiPoint"",""coordinates"":[]}"
2824_0,0.119948685,0.606846,0.089883916,8,17742,"{""type"":""MultiPoint"",""coordinates"":[]}"
2825_0,0.095846646,0.6626708,0.08769335,8,6084,"{""type"":""MultiPoint"",""coordinates"":[]}"
2826_0,0.093809076,0.6041522,0.012944227,8,17210,"{""type"":""MultiPoint"",""coordinates"":[]}"
2827_0,0.19288199,0.7626592,0.17962578,8,19843,"{""type"":""MultiPoint"",""coordinates"":[]}"
2828_0,0.06315279,0.58048046,0.026189806,8,13049,"{""type"":""MultiPoint"",""coordinates"":[]}"
2829_0,-0.09363411,0.2908227,-0.15061887,8,4894,"{""type"":""MultiPoint"",""coordinates"":[]}"
2830_0,0.07716939,0.57940537,0.06847524,8,11193,"{""type"":""MultiPoint"",""coordinates"":[]}"
2831_0,0.23722893,0.82158005,0.17941293,8,23844,"{""type"":""MultiPoint"",""coordinates"":[]}"
2832_0,-0.08912043,0.35770503,-0.15281431,8,24957,"{""type"":""MultiPoint"",""coordinates"":[]}"
2833_0,-0.029715793,0.5000014,-0.06276148,8,326,"{""type"":""MultiPoint"",""coordinates"":[]}"
2834_0,0.13575433,0.64844036,0.117690966,8,19016,"{""type"":""MultiPoint"",""coordinates"":[]}"
2835_0,0.26699427,0.7714286,0.19229004,8,16826,"{""type"":""MultiPoint"",""coordinates"":[]}"
2836_0,-0.0057758954,0.60013175,-0.046341944,8,3686,"{""type"":""MultiPoint"",""coordinates"":[]}"
2837_0,0.11754141,0.6174174,0.09828711,8,349,"{""type"":""MultiPoint"",""coordinates"":[]}"
2838_0,0.12324994,0.61518985,0.08634298,8,12631,"{""type"":""MultiPoint"",""coordinates"":[]}"
2839_0,0.2182179,0.534647,0.06363801,8,11331,"{""type"":""MultiPoint"",""coordinates"":[]}"
2840_0,0.07865034,0.6111942,0.05238424,8,4981,"{""type"":""MultiPoint"",""coordinates"":[]}"
2841_0,0.18543872,0.847644,0.17195989,8,19534,"{""type"":""MultiPoint"",""coordinates"":[]}"
2842_0,0.0071090315,0.3794916,-0.03817503,8,11521,"{""type"":""MultiPoint"",""coordinates"":[]}"
2843_0,-0.040422775,0.3690767,-0.061248433,8,24063,"{""type"":""MultiPoint"",""coordinates"":[]}"
2844_0,0.012585975,0.5702727,-0.013613089,8,688,"{""type"":""MultiPoint"",""coordinates"":[]}"
2845_0,0.2192995,0.8073546,0.20122267,8,8288,"{""type"":""MultiPoint"",""coordinates"":[]}"
2846_0,0.12709212,0.7380655,0.11379458,8,18735,"{""type"":""MultiPoint"",""coordinates"":[]}"
2847_0,0.25461963,0.67009526,0.19390436,8,12628,"{""type"":""MultiPoint"",""coordinates"":[]}"
2848_0,0.15876606,0.6691014,0.068120785,8,10761,"{""type"":""MultiPoint"",""coordinates"":[]}"
2849_0,0.009284752,0.43290704,0.023976576,8,3580,"{""type"":""MultiPoint"",""coordinates"":[]}"
2850_0,0.2896437,0.8372225,0.26972407,8,16987,"{""type"":""MultiPoint"",""coordinates"":[]}"
2851_0,-0.08877221,0.41267708,-0.12161675,8,17523,"{""type"":""MultiPoint"",""coordinates"":[]}"
2852_0,0.081228666,0.67872804,0.0665742,8,12927,"{""type"":""MultiPoint"",""coordinates"":[]}"
2853_0,0.18545192,0.79937303,0.16688228,8,16134,"{""type"":""MultiPoint"",""coordinates"":[]}"
2854_0,-0.024404781,0.49312237,-0.124311484,8,4048,"{""type"":""MultiPoint"",""coordinates"":[]}"
2855_0,0.08293714,0.45033607,0.07281467,8,3296,"{""type"":""MultiPoint"",""coordinates"":[]}"
2856_0,0.17058955,0.7723343,0.14153132,8,7870,"{""type"":""MultiPoint"",""coordinates"":[]}"
2857_0,0.1427642,0.6287341,0.12097588,8,7900,"{""type"":""MultiPoint"",""coordinates"":[]}"
2858_0,0.091952465,0.59837294,0.053982116,8,7586,"{""type"":""MultiPoint"",""coordinates"":[]}"
2859_0,0.10674946,0.6267682,0.08071222,8,12988,"{""type"":""MultiPoint"",""coordinates"":[]}"
2860_0,0.024581855,0.37997308,-0.011884426,8,5114,"{""type"":""MultiPoint"",""coordinates"":[]}"
2861_0,-0.0080174925,0.45644814,-0.067054264,8,2766,"{""type"":""MultiPoint"",""coordinates"":[]}"
2862_0,0.0026456278,0.4836982,-0.05801696,8,14634,"{""type"":""MultiPoint"",""coordinates"":[]}"
2863_0,0.053646002,0.68432146,0.040703353,8,17437,"{""type"":""MultiPoint"",""coordinates"":[]}"
2864_0,-0.031048387,0.5179413,-0.09258871,8,1527,"{""type"":""MultiPoint"",""coordinates"":[]}"
2865_0,0.05747888,0.721519,0.060125537,8,11947,"{""type"":""MultiPoint"",""coordinates"":[]}"
2866_0,0.00371674,0.42583793,-0.022466449,8,21629,"{""type"":""MultiPoint"",""coordinates"":[]}"
2867_0,0.043560248,0.67275095,0.008658009,8,16274,"{""type"":""MultiPoint"",""coordinates"":[]}"
2868_0,0.22573486,0.8399939,0.22579536,8,16702,"{""type"":""MultiPoint"",""coordinates"":[]}"
2869_0,0.20783943,0.645283,0.20983298,8,7691,"{""type"":""MultiPoint"",""coordinates"":[]}"
2870_0,0.07762739,0.6535367,0.049893655,8,22609,"{""type"":""MultiPoint"",""coordinates"":[]}"
2871_0,0.079299435,0.61207396,0.06042345,8,10424,"{""type"":""MultiPoint"",""coordinates"":[]}"
2872_0,0.014620747,0.55455333,-0.03154236,8,15285,"{""type"":""MultiPoint"",""coordinates"":[]}"
2873_0,0.05897806,0.5893449,0.019223887,8,19467,"{""type"":""MultiPoint"",""coordinates"":[]}"
2874_0,0.08852614,0.7588511,0.049542844,8,24909,"{""type"":""MultiPoint"",""coordinates"":[]}"
2875_0,0.07863001,0.5899772,0.048992787,8,11568,"{""type"":""MultiPoint"",""coordinates"":[]}"
2876_0,0.18416917,0.5922595,0.13367917,8,17236,"{""type"":""MultiPoint"",""coordinates"":[]}"
2877_0,0.11650887,0.74648833,0.12211674,8,15143,"{""type"":""MultiPoint"",""coordinates"":[]}"
2878_0,-0.053935174,0.20925681,-0.09928783,8,20576,"{""type"":""MultiPoint"",""coordinates"":[]}"
2879_0,0.17359115,0.7710246,0.1348342,8,5589,"{""type"":""MultiPoint"",""coordinates"":[]}"
2880_0,0.11204268,0.68981755,0.087348215,8,21971,"{""type"":""MultiPoint"",""coordinates"":[]}"
2881_0,0.011184364,0.49229583,-0.022020157,8,3027,"{""type"":""MultiPoint"",""coordinates"":[]}"
2882_0,0.09815243,0.67537606,0.0802092,8,16552,"{""type"":""MultiPoint"",""coordinates"":[]}"
2883_0,0.061486203,0.6075063,0.027900532,8,19394,"{""type"":""MultiPoint"",""coordinates"":[]}"
2884_0,-0.10947065,0.40389055,-0.18495896,8,6863,"{""type"":""MultiPoint"",""coordinates"":[]}"
2885_0,0.019227438,0.37226278,-0.032352943,8,8137,"{""type"":""MultiPoint"",""coordinates"":[]}"
2886_0,0.26018158,0.63071895,0.25979757,8,23586,"{""type"":""MultiPoint"",""coordinates"":[]}"
2887_0,0.13815142,0.66486484,0.11598588,8,1433,"{""type"":""MultiPoint"",""coordinates"":[]}"
2888_0,0.3578766,0.93092185,0.37222084,8,18338,"{""type"":""MultiPoint"",""coordinates"":[]}"
2889_0,0.2999279,0.7656375,0.2505609,8,13132,"{""type"":""MultiPoint"",""coordinates"":[]}"
2890_0,0.17608577,0.7416378,0.15202126,8,22686,"{""type"":""MultiPoint"",""coordinates"":[]}"
2891_0,-0.17821158,0.2961466,-0.22396761,8,17757,"{""type"":""MultiPoint"",""coordinates"":[]}"
2892_0,-0.06022214,0.4494187,-0.1055943,8,16683,"{""type"":""MultiPoint"",""coordinates"":[]}"
2893_0,0.28465253,0.84685975,0.25170067,8,11985,"{""type"":""MultiPoint"",""coordinates"":[]}"
2894_0,-0.050831612,0.42900258,-0.08708323,8,7567,"{""type"":""MultiPoint"",""coordinates"":[]}"
2895_0,0.22248031,0.77283496,0.1725548,8,3844,"{""type"":""MultiPoint"",""coordinates"":[]}"
2896_0,0.100452244,0.72353333,0.09178566,8,10697,"{""type"":""MultiPoint"",""coordinates"":[]}"
2897_0,0.06279431,0.5708011,0.02214906,8,11605,"{""type"":""MultiPoint"",""coordinates"":[]}"
2898_0,0.122842684,0.6848299,0.103592835,8,13053,"{""type"":""MultiPoint"",""coordinates"":[]}"
2899_0,0.15492764,0.67427844,0.14334069,8,19405,"{""type"":""MultiPoint"",""coordinates"":[]}"
2900_0,0.01768959,0.46922007,0.022326171,8,22801,"{""type"":""MultiPoint"",""coordinates"":[]}"
2901_0,0.07931364,0.6269992,0.03841375,8,2929,"{""type"":""MultiPoint"",""coordinates"":[]}"
2902_0,0.016138352,0.614564,-0.011160136,8,4489,"{""type"":""MultiPoint"",""coordinates"":[]}"
2903_0,-0.15977798,0.28180555,-0.18770893,8,742,"{""type"":""MultiPoint"",""coordinates"":[]}"
2904_0,0.20167157,0.78492606,0.16900274,8,6607,"{""type"":""MultiPoint"",""coordinates"":[]}"
2905_0,0.028718704,0.5268754,-0.009181331,8,3111,"{""type"":""MultiPoint"",""coordinates"":[]}"
2906_0,0.31279665,0.87719506,0.26899773,8,14768,"{""type"":""MultiPoint"",""coordinates"":[]}"
2907_0,0.30453312,0.8378378,0.29714847,8,25338,"{""type"":""MultiPoint"",""coordinates"":[]}"
2908_0,-0.0066373977,0.5899897,-0.044142924,8,24949,"{""type"":""MultiPoint"",""coordinates"":[]}"
2909_0,-0.010696125,0.5632184,-0.028918244,8,21283,"{""type"":""MultiPoint"",""coordinates"":[]}"
2910_0,0.14939243,0.62109375,0.08637236,8,11981,"{""type"":""MultiPoint"",""coordinates"":[]}"
2911_0,0.032611366,0.42214862,-0.005653369,8,2710,"{""type"":""MultiPoint"",""coordinates"":[]}"
2912_0,0.25091335,0.7941897,0.21090864,8,25212,"{""type"":""MultiPoint"",""coordinates"":[]}"
2913_0,-0.02473034,0.510589,-0.07839117,8,13745,"{""type"":""MultiPoint"",""coordinates"":[]}"
2914_0,-0.09027008,0.49594262,-0.14978707,8,7315,"{""type"":""MultiPoint"",""coordinates"":[]}"
2915_0,-0.023349937,0.3874308,-0.06582361,8,1393,"{""type"":""MultiPoint"",""coordinates"":[]}"
2916_0,-0.10870635,0.4548105,-0.14747004,8,14071,"{""type"":""MultiPoint"",""coordinates"":[]}"
2917_0,-0.083361454,0.4188196,-0.115379386,8,11474,"{""type"":""MultiPoint"",""coordinates"":[]}"
2918_0,-0.017885603,0.57575756,-0.047967777,8,14411,"{""type"":""MultiPoint"",""coordinates"":[]}"
2919_0,0.05753644,0.60965884,0.029858224,8,4461,"{""type"":""MultiPoint"",""coordinates"":[]}"
2920_0,0.069867976,0.6195883,0.06581142,8,23569,"{""type"":""MultiPoint"",""coordinates"":[]}"
2921_0,0.34957665,0.87969923,0.32860938,8,4160,"{""type"":""MultiPoint"",""coordinates"":[]}"
2922_0,0.14945693,0.60672927,0.14159428,8,16384,"{""type"":""MultiPoint"",""coordinates"":[]}"
2923_0,0.05941846,0.52123326,0.0026158446,8,12042,"{""type"":""MultiPoint"",""coordinates"":[]}"
2924_0,0.058507964,0.69835305,0.036144577,8,15564,"{""type"":""MultiPoint"",""coordinates"":[]}"
2925_0,-0.09026662,0.45574987,-0.09980557,8,4211,"{""type"":""MultiPoint"",""coordinates"":[]}"
2926_0,0.116770424,0.59199774,0.10644851,8,907,"{""type"":""MultiPoint"",""coordinates"":[]}"
2927_0,-0.064750575,0.4223807,-0.11870878,8,3643,"{""type"":""MultiPoint"",""coordinates"":[]}"
2928_0,0.047839504,0.5736132,0.032397468,8,16598,"{""type"":""MultiPoint"",""coordinates"":[]}"
2929_0,0.0727245,0.6230155,0.03437526,8,7468,"{""type"":""MultiPoint"",""coordinates"":[]}"
2930_0,0.045857117,0.5555556,-0.023186555,8,9483,"{""type"":""MultiPoint"",""coordinates"":[]}"
2931_0,0.2921992,0.80452543,0.30476627,8,10246,"{""type"":""MultiPoint"",""coordinates"":[]}"
2932_0,0.2572759,0.7453135,0.2509979,8,6433,"{""type"":""MultiPoint"",""coordinates"":[]}"
2933_0,-0.08595814,0.5240488,-0.10833669,8,10256,"{""type"":""MultiPoint"",""coordinates"":[]}"
2934_0,-0.11862508,0.38953236,-0.16389664,8,24852,"{""type"":""MultiPoint"",""coordinates"":[]}"
2935_0,-0.019798767,0.56929755,-0.042221125,8,21731,"{""type"":""MultiPoint"",""coordinates"":[]}"
2936_0,-0.011228309,0.38013244,-0.09546627,8,24693,"{""type"":""MultiPoint"",""coordinates"":[]}"
2937_0,0.06053365,0.6595324,0.02472188,8,7278,"{""type"":""MultiPoint"",""coordinates"":[]}"
2938_0,0.2286645,0.8228963,0.23120806,8,21154,"{""type"":""MultiPoint"",""coordinates"":[]}"
2939_0,-0.12688822,0.3755531,-0.18432273,8,2727,"{""type"":""MultiPoint"",""coordinates"":[]}"
2940_0,0.1594927,0.78812784,0.13991849,8,3265,"{""type"":""MultiPoint"",""coordinates"":[]}"
2941_0,0.31398702,0.7754314,0.29374653,8,18472,"{""type"":""MultiPoint"",""coordinates"":[]}"
2942_0,0.16023298,0.7453517,0.108723715,8,5102,"{""type"":""MultiPoint"",""coordinates"":[]}"
2943_0,0.33706787,0.84479964,0.3070102,8,24660,"{""type"":""MultiPoint"",""coordinates"":[]}"
2944_0,-0.04168172,0.43496004,-0.13483861,8,25283,"{""type"":""MultiPoint"",""coordinates"":[]}"
2945_0,0.04732477,0.4912371,-0.0010359116,8,6462,"{""type"":""MultiPoint"",""coordinates"":[]}"
2946_0,0.18102415,0.78677726,0.17265314,8,22000,"{""type"":""MultiPoint"",""coordinates"":[]}"
2947_0,-0.016141733,0.43140906,-0.05398968,8,2412,"{""type"":""MultiPoint"",""coordinates"":[]}"
2948_0,0.11419653,0.64825094,0.080529906,8,17511,"{""type"":""MultiPoint"",""coordinates"":[]}"
2949_0,0.15692885,0.6973007,0.16366537,8,11229,"{""type"":""MultiPoint"",""coordinates"":[]}"
2950_0,0.10495674,0.42831165,0.071078114,8,17276,"{""type"":""MultiPoint"",""coordinates"":[]}"
2951_0,0.14650223,0.6467125,0.12223923,8,10898,"{""type"":""MultiPoint"",""coordinates"":[]}"
2952_0,0.02528981,0.59853405,-0.0026188667,8,2425,"{""type"":""MultiPoint"",""coordinates"":[]}"
2953_0,0.144428,0.74724466,0.08688784,8,23948,"{""type"":""MultiPoint"",""coordinates"":[]}"
2954_0,0.12952252,0.6828904,0.098095655,8,19379,"{""type"":""MultiPoint"",""coordinates"":[]}"
2955_0,0.019643884,0.45450747,-0.0037581462,8,19967,"{""type"":""MultiPoint"",""coordinates"":[]}"
2956_0,0.012884978,0.4923644,-0.041445624,8,6149,"{""type"":""MultiPoint"",""coordinates"":[]}"
2957_0,0.08108108,0.51073706,0.0412,8,25523,"{""type"":""MultiPoint"",""coordinates"":[]}"
2958_0,0.25093752,0.82838094,0.2328021,8,3197,"{""type"":""MultiPoint"",""coordinates"":[]}"
2959_0,-0.046650838,0.4598232,-0.1094899,8,15977,"{""type"":""MultiPoint"",""coordinates"":[]}"
2960_0,0.1670931,0.7449047,0.10814196,8,4580,"{""type"":""MultiPoint"",""coordinates"":[]}"
2961_0,0.056489866,0.31701973,0.047038328,8,2724,"{""type"":""MultiPoint"",""coordinates"":[]}"
2962_0,0.05111557,0.6746976,0.012975474,8,8144,"{""type"":""MultiPoint"",""coordinates"":[]}"
2963_0,0.20729978,0.6165413,0.13559651,8,21149,"{""type"":""MultiPoint"",""coordinates"":[]}"
2964_0,-0.009933372,0.6321528,-0.027755251,8,22906,"{""type"":""MultiPoint"",""coordinates"":[]}"
2965_0,-0.0074131875,0.59429157,-0.027027028,8,1215,"{""type"":""MultiPoint"",""coordinates"":[]}"
2966_0,0.15632372,0.51952386,0.12530267,8,5963,"{""type"":""MultiPoint"",""coordinates"":[]}"
2967_0,0.348723,0.7907073,0.2916908,8,18358,"{""type"":""MultiPoint"",""coordinates"":[]}"
2968_0,-0.051067393,0.4623656,-0.09148001,8,2873,"{""type"":""MultiPoint"",""coordinates"":[]}"
2969_0,0.09866115,0.6448363,0.040578973,8,25315,"{""type"":""MultiPoint"",""coordinates"":[]}"
2970_0,0.057200596,0.6374803,0.03354105,8,5221,"{""type"":""MultiPoint"",""coordinates"":[]}"
2971_0,0.18939394,0.6924565,0.13333334,8,9820,"{""type"":""MultiPoint"",""coordinates"":[]}"
2972_0,0.0852683,0.49596414,0.03260421,8,10455,"{""type"":""MultiPoint"",""coordinates"":[]}"
2973_0,-0.15739161,0.45332164,-0.16115773,8,15622,"{""type"":""MultiPoint"",""coordinates"":[]}"
2974_0,-0.07861579,0.39529482,-0.10051227,8,606,"{""type"":""MultiPoint"",""coordinates"":[]}"
2975_0,-0.060829494,0.3212776,-0.085797854,8,25058,"{""type"":""MultiPoint"",""coordinates"":[]}"
2976_0,0.10059764,0.6668521,0.015836036,8,19032,"{""type"":""MultiPoint"",""coordinates"":[]}"
2977_0,0.13832165,0.76711875,0.12761648,8,4084,"{""type"":""MultiPoint"",""coordinates"":[]}"
2978_0,0.1514936,0.734779,0.13330911,8,15767,"{""type"":""MultiPoint"",""coordinates"":[]}"
2979_0,0.12620358,0.55941755,0.08777598,8,13862,"{""type"":""MultiPoint"",""coordinates"":[]}"
2980_0,0.018807665,0.493465,-0.025974026,8,11132,"{""type"":""MultiPoint"",""coordinates"":[]}"
2981_0,0.084457025,0.73560274,0.054893825,8,10113,"{""type"":""MultiPoint"",""coordinates"":[]}"
2982_0,0.3265836,0.80129427,0.30150357,8,856,"{""type"":""MultiPoint"",""coordinates"":[]}"
2983_0,0.11648019,0.7199837,0.08708797,8,1926,"{""type"":""MultiPoint"",""coordinates"":[]}"
2984_0,0.08845114,0.5293351,0.07830502,8,19347,"{""type"":""MultiPoint"",""coordinates"":[]}"
2985_0,0.17487338,0.5561977,0.15002304,8,11189,"{""type"":""MultiPoint"",""coordinates"":[]}"
2986_0,-0.008563478,0.51635194,-0.057841886,8,22948,"{""type"":""MultiPoint"",""coordinates"":[]}"
2987_0,0.13381484,0.68526524,0.1112268,8,3806,"{""type"":""MultiPoint"",""coordinates"":[]}"
2988_0,-0.14590622,0.25058004,-0.2128514,8,12267,"{""type"":""MultiPoint"",""coordinates"":[]}"
2989_0,-0.13096733,0.28380674,-0.16408473,8,22112,"{""type"":""MultiPoint"",""coordinates"":[]}"
2990_0,0.2811117,0.76666003,0.21236256,8,18320,"{""type"":""MultiPoint"",""coordinates"":[]}"
2991_0,0.002592582,0.43466914,-0.05906477,8,23753,"{""type"":""MultiPoint"",""coordinates"":[]}"
2992_0,0.047409344,0.31380227,0.021397661,8,17284,"{""type"":""MultiPoint"",""coordinates"":[]}"
2993_0,-0.0709632,0.2887602,-0.09117221,8,22506,"{""type"":""MultiPoint"",""coordinates"":[]}"
2994_0,0.20979564,0.6199172,0.17030075,8,44,"{""type"":""MultiPoint"",""coordinates"":[]}"
2995_0,0.3493441,0.8351847,0.36485422,8,2812,"{""type"":""MultiPoint"",""coordinates"":[]}"
2996_0,0.099168785,0.66793114,0.08727032,8,19681,"{""type"":""MultiPoint"",""coordinates"":[]}"
2997_0,-0.012836293,0.52745324,-0.08051166,8,6705,"{""type"":""MultiPoint"",""coordinates"":[]}"
2998_0,0.01693996,0.4904573,0.005466014,8,8394,"{""type"":""MultiPoint"",""coordinates"":[]}"
2999_0,0.05666082,0.568437,0.013325571,8,23311,"{""type"":""MultiPoint"",""coordinates"":[]}"
3000_0,0.17109028,0.71870923,0.12875655,8,25226,"{""type"":""MultiPoint"",""coordinates"":[]}"
3001_0,0.2241616,0.75828815,0.19756345,8,10153,"{""type"":""MultiPoint"",""coordinates"":[]}"
3002_0,0.09396418,0.42469382,0.03125,8,19906,"{""type"":""MultiPoint"",""coordinates"":[]}"
3003_0,0.10664545,0.7626285,0.10157573,8,19605,"{""type"":""MultiPoint"",""coordinates"":[]}"
3004_0,0.08508989,0.55434173,0.029481713,8,585,"{""type"":""MultiPoint"",""coordinates"":[]}"
3005_0,-0.0106458515,0.4670979,-0.01732176,8,6178,"{""type"":""MultiPoint"",""coordinates"":[]}"
3006_0,0.29139405,0.82934445,0.24477024,8,5875,"{""type"":""MultiPoint"",""coordinates"":[]}"
3007_0,0.23613282,0.6605983,0.15154292,8,19586,"{""type"":""MultiPoint"",""coordinates"":[]}"
3008_0,0.06902675,0.5919596,0.02561875,8,6119,"{""type"":""MultiPoint"",""coordinates"":[]}"
3009_0,0.32864556,0.8586488,0.31182066,8,16139,"{""type"":""MultiPoint"",""coordinates"":[]}"
3010_0,0.2164637,0.65140146,0.19146813,8,21757,"{""type"":""MultiPoint"",""coordinates"":[]}"
3011_0,-0.07652131,0.37669557,-0.057484843,8,200,"{""type"":""MultiPoint"",""coordinates"":[]}"
3012_0,-0.060468934,0.433463,-0.09022417,8,10735,"{""type"":""MultiPoint"",""coordinates"":[]}"
3013_0,0.13769956,0.7165019,0.12586641,8,15676,"{""type"":""MultiPoint"",""coordinates"":[]}"
3014_0,0.17646459,0.6756227,0.16186926,8,24763,"{""type"":""MultiPoint"",""coordinates"":[]}"
3015_0,0.118473925,0.71095884,0.083183795,8,11170,"{""type"":""MultiPoint"",""coordinates"":[]}"
3016_0,-0.039670654,0.46116653,-0.056210056,8,2051,"{""type"":""MultiPoint"",""coordinates"":[]}"
3017_0,0.117945366,0.6015645,0.06502514,8,9477,"{""type"":""MultiPoint"",""coordinates"":[]}"
3018_0,-0.06746807,0.5486553,-0.094438456,8,13512,"{""type"":""MultiPoint"",""coordinates"":[]}"
3019_0,0.19556049,0.63530177,0.16343491,8,24972,"{""type"":""MultiPoint"",""coordinates"":[]}"
3020_0,0.058034096,0.42420447,0.039122485,8,25056,"{""type"":""MultiPoint"",""coordinates"":[]}"
3021_0,0.15645272,0.6925308,0.14719163,8,17267,"{""type"":""MultiPoint"",""coordinates"":[]}"
3022_0,-0.08429869,0.34065935,-0.17686455,8,3725,"{""type"":""MultiPoint"",""coordinates"":[]}"
3023_0,-0.011830244,0.506849,-0.035088506,8,7131,"{""type"":""MultiPoint"",""coordinates"":[]}"
3024_0,0.09265292,0.66227543,0.05091804,8,10459,"{""type"":""MultiPoint"",""coordinates"":[]}"
3025_0,0.1313232,0.5965309,0.096891195,8,2264,"{""type"":""MultiPoint"",""coordinates"":[]}"
3026_0,-0.036871027,0.27926973,-0.09187185,8,1232,"{""type"":""MultiPoint"",""coordinates"":[]}"
3027_0,0.23560944,0.8059759,0.23064284,8,16752,"{""type"":""MultiPoint"",""coordinates"":[]}"
3028_0,0.06413994,0.52737606,-0.03935185,8,10959,"{""type"":""MultiPoint"",""coordinates"":[]}"
3029_0,0.2042655,0.82487094,0.18609169,8,6252,"{""type"":""MultiPoint"",""coordinates"":[]}"
3030_0,0.038209185,0.41924593,0.005983247,8,15429,"{""type"":""MultiPoint"",""coordinates"":[]}"
3031_0,0.28325793,0.765307,0.22916412,8,3396,"{""type"":""MultiPoint"",""coordinates"":[]}"
3032_0,0.20149852,0.6849662,0.14886266,8,15364,"{""type"":""MultiPoint"",""coordinates"":[]}"
3033_0,0.13509427,0.6542327,0.0792137,8,19003,"{""type"":""MultiPoint"",""coordinates"":[]}"
3034_0,0.01889049,0.6031755,-0.0041923854,8,1366,"{""type"":""MultiPoint"",""coordinates"":[]}"
3035_0,0.23707493,0.79280263,0.20542553,8,7547,"{""type"":""MultiPoint"",""coordinates"":[]}"
3036_0,0.1457654,0.66106105,0.08914728,8,13959,"{""type"":""MultiPoint"",""coordinates"":[]}"
3037_0,0.144,0.7037868,0.097175345,8,14279,"{""type"":""MultiPoint"",""coordinates"":[]}"
3038_0,-0.08945868,0.361246,-0.13194382,8,6735,"{""type"":""MultiPoint"",""coordinates"":[]}"
3039_0,0.12210936,0.6222442,0.0890029,8,10366,"{""type"":""MultiPoint"",""coordinates"":[]}"
3040_0,0.17758846,0.8296476,0.16389541,8,10084,"{""type"":""MultiPoint"",""coordinates"":[]}"
3041_0,0.15672123,0.71380115,0.113957725,8,18560,"{""type"":""MultiPoint"",""coordinates"":[]}"
3042_0,0.22012831,0.87813145,0.20399205,8,7090,"{""type"":""MultiPoint"",""coordinates"":[]}"
3043_0,-3.4602077E-4,0.6001154,-0.020833334,8,21072,"{""type"":""MultiPoint"",""coordinates"":[]}"
3044_0,0.18672661,0.62879103,0.16659777,8,21461,"{""type"":""MultiPoint"",""coordinates"":[]}"
3045_0,0.13296545,0.7188637,0.09908773,8,7745,"{""type"":""MultiPoint"",""coordinates"":[]}"
3046_0,0.22911248,0.7891835,0.21335168,8,11677,"{""type"":""MultiPoint"",""coordinates"":[]}"
3047_0,0.20858647,0.6983216,0.16793732,8,14600,"{""type"":""MultiPoint"",""coordinates"":[]}"
3048_0,0.15246098,0.47614866,0.13267814,8,6355,"{""type"":""MultiPoint"",""coordinates"":[]}"
3049_0,0.11897922,0.6140381,0.08989909,8,1065,"{""type"":""MultiPoint"",""coordinates"":[]}"
3050_0,0.19951865,0.71281236,0.12977499,8,20638,"{""type"":""MultiPoint"",""coordinates"":[]}"
3051_0,0.091902144,0.6265037,0.05516494,8,7649,"{""type"":""MultiPoint"",""coordinates"":[]}"
3052_0,-0.04124162,0.43911088,-0.09312007,8,24894,"{""type"":""MultiPoint"",""coordinates"":[]}"
3053_0,0.09011433,0.4945849,0.066323906,8,25233,"{""type"":""MultiPoint"",""coordinates"":[]}"
3054_0,0.21762712,0.8152412,0.18416402,8,20332,"{""type"":""MultiPoint"",""coordinates"":[]}"
3055_0,0.25128534,0.804541,0.22734872,8,9427,"{""type"":""MultiPoint"",""coordinates"":[]}"
3056_0,0.05240457,0.46321696,0.041239362,8,4547,"{""type"":""MultiPoint"",""coordinates"":[]}"
3057_0,0.1836014,0.6883285,0.13869786,8,22936,"{""type"":""MultiPoint"",""coordinates"":[]}"
3058_0,0.22873065,0.7394806,0.18376024,8,8925,"{""type"":""MultiPoint"",""coordinates"":[]}"
3059_0,0.13946922,0.6680209,0.100708105,8,14468,"{""type"":""MultiPoint"",""coordinates"":[]}"
3060_0,0.029213047,0.52750474,-0.003215163,8,19375,"{""type"":""MultiPoint"",""coordinates"":[]}"
3061_0,0.20071727,0.78935266,0.18592083,8,20922,"{""type"":""MultiPoint"",""coordinates"":[]}"
3062_0,0.1379232,0.56412727,0.13972725,8,4520,"{""type"":""MultiPoint"",""coordinates"":[]}"
3063_0,0.17230546,0.48648232,0.09393414,8,8956,"{""type"":""MultiPoint"",""coordinates"":[]}"
3064_0,-0.06750778,0.405395,-0.10655486,8,11912,"{""type"":""MultiPoint"",""coordinates"":[]}"
3065_0,0.19560398,0.6892843,0.14084834,8,20784,"{""type"":""MultiPoint"",""coordinates"":[]}"
3066_0,0.11673593,0.63615024,0.08279773,8,14947,"{""type"":""MultiPoint"",""coordinates"":[]}"
3067_0,0.12333506,0.7139149,0.13544865,8,13616,"{""type"":""MultiPoint"",""coordinates"":[]}"
3068_0,0.12863381,0.6416285,-0.0029527717,8,20802,"{""type"":""MultiPoint"",""coordinates"":[]}"
3069_0,-0.14303197,0.2998405,-0.20674698,8,24635,"{""type"":""MultiPoint"",""coordinates"":[]}"
3070_0,0.095931314,0.53766376,0.071240105,8,4418,"{""type"":""MultiPoint"",""coordinates"":[]}"
3071_0,0.0969819,0.7635089,0.074551694,8,5047,"{""type"":""MultiPoint"",""coordinates"":[]}"
3072_0,0.18626283,0.78140646,0.13446018,8,6392,"{""type"":""MultiPoint"",""coordinates"":[]}"
3073_0,0.2243224,0.76929325,0.20095518,8,13449,"{""type"":""MultiPoint"",""coordinates"":[]}"
3074_0,-0.08627256,0.37403768,-0.1290594,8,2020,"{""type"":""MultiPoint"",""coordinates"":[]}"
3075_0,-0.07053292,0.3899355,-0.12187911,8,7615,"{""type"":""MultiPoint"",""coordinates"":[]}"
3076_0,0.24100448,0.70202637,0.16609162,8,2602,"{""type"":""MultiPoint"",""coordinates"":[]}"
3077_0,0.16052318,0.6874093,0.15571536,8,15949,"{""type"":""MultiPoint"",""coordinates"":[]}"
3078_0,-0.074348055,0.39183143,-0.1282723,8,16092,"{""type"":""MultiPoint"",""coordinates"":[]}"
3079_0,-0.032860197,0.4574468,-0.0620378,8,2350,"{""type"":""MultiPoint"",""coordinates"":[]}"
3080_0,0.21291076,0.7534722,0.1748543,8,905,"{""type"":""MultiPoint"",""coordinates"":[]}"
3081_0,0.030454524,0.47901607,-6.20598E-4,8,4344,"{""type"":""MultiPoint"",""coordinates"":[]}"
3082_0,0.37941423,0.8392051,0.37405095,8,21911,"{""type"":""MultiPoint"",""coordinates"":[]}"
3083_0,0.10745604,0.6681398,0.06504904,8,7739,"{""type"":""MultiPoint"",""coordinates"":[]}"
3084_0,0.13186745,0.7268048,0.1001247,8,5561,"{""type"":""MultiPoint"",""coordinates"":[]}"
3085_0,0.08474031,0.42714933,0.05682782,8,20336,"{""type"":""MultiPoint"",""coordinates"":[]}"
3086_0,-0.16186626,0.3918919,-0.1783396,8,69,"{""type"":""MultiPoint"",""coordinates"":[]}"
3087_0,-0.097237065,0.4768875,-0.1610442,8,19670,"{""type"":""MultiPoint"",""coordinates"":[]}"
3088_0,0.19691403,0.7809439,0.15937085,8,3268,"{""type"":""MultiPoint"",""coordinates"":[]}"
3089_0,0.18263972,0.77705485,0.17794183,8,20014,"{""type"":""MultiPoint"",""coordinates"":[]}"
3090_0,0.20254958,0.7553719,0.17175432,8,11089,"{""type"":""MultiPoint"",""coordinates"":[]}"
3091_0,0.0114784455,0.47334722,-0.027728561,8,10870,"{""type"":""MultiPoint"",""coordinates"":[]}"
3092_0,0.23738512,0.74915075,0.21172057,8,6687,"{""type"":""MultiPoint"",""coordinates"":[]}"
3093_0,0.087795764,0.6243681,0.046068694,8,4404,"{""type"":""MultiPoint"",""coordinates"":[]}"
3094_0,0.078311205,0.69054127,0.052004904,8,9414,"{""type"":""MultiPoint"",""coordinates"":[]}"
3095_0,0.110470705,0.597561,0.07153502,8,2043,"{""type"":""MultiPoint"",""coordinates"":[]}"
3096_0,0.18332632,0.6876342,0.19544655,8,15260,"{""type"":""MultiPoint"",""coordinates"":[]}"
3097_0,-0.07482305,0.47102973,-0.12407473,8,20444,"{""type"":""MultiPoint"",""coordinates"":[]}"
3098_0,0.19100858,0.7697085,0.15694988,8,22681,"{""type"":""MultiPoint"",""coordinates"":[]}"
3099_0,0.036959328,0.58987784,-0.0014109308,8,9913,"{""type"":""MultiPoint"",""coordinates"":[]}"
3100_0,0.21715634,0.79555297,0.19664794,8,3077,"{""type"":""MultiPoint"",""coordinates"":[]}"
3101_0,0.09232465,0.51959676,0.07345483,8,20894,"{""type"":""MultiPoint"",""coordinates"":[]}"
3102_0,0.23409401,0.7514896,0.21314643,8,11389,"{""type"":""MultiPoint"",""coordinates"":[]}"
3103_0,0.13277511,0.6451059,0.11034622,8,3745,"{""type"":""MultiPoint"",""coordinates"":[]}"
3104_0,0.12608331,0.76744187,0.012206573,8,23159,"{""type"":""MultiPoint"",""coordinates"":[]}"
3105_0,0.07043423,0.74378496,0.045151044,8,15340,"{""type"":""MultiPoint"",""coordinates"":[]}"
3106_0,0.12517446,0.7177936,0.09965082,8,3923,"{""type"":""MultiPoint"",""coordinates"":[]}"
3107_0,0.07036674,0.4400385,0.036259115,8,1812,"{""type"":""MultiPoint"",""coordinates"":[]}"
3108_0,-0.119632445,0.40627915,-0.15905277,8,1788,"{""type"":""MultiPoint"",""coordinates"":[]}"
3109_0,0.06900175,0.483017,0.06640345,8,383,"{""type"":""MultiPoint"",""coordinates"":[]}"
3110_0,0.1371889,0.71180916,0.07870767,8,729,"{""type"":""MultiPoint"",""coordinates"":[]}"
3111_0,0.012653222,0.571887,-0.023512574,8,313,"{""type"":""MultiPoint"",""coordinates"":[]}"
3112_0,-0.034548946,0.5001604,-0.05068226,8,14990,"{""type"":""MultiPoint"",""coordinates"":[]}"
3113_0,0.043461632,0.7184404,0.04538718,8,21596,"{""type"":""MultiPoint"",""coordinates"":[]}"
3114_0,-0.09360695,0.3839919,-0.13755745,8,21296,"{""type"":""MultiPoint"",""coordinates"":[]}"
3115_0,0.057024803,0.5220774,0.03110719,8,13672,"{""type"":""MultiPoint"",""coordinates"":[]}"
3116_0,-0.065142855,0.42629483,-0.12100072,8,5638,"{""type"":""MultiPoint"",""coordinates"":[]}"
3117_0,0.07224335,0.56900215,0.042435866,8,18757,"{""type"":""MultiPoint"",""coordinates"":[]}"
3118_0,0.24308385,0.75389594,0.23223437,8,16550,"{""type"":""MultiPoint"",""coordinates"":[]}"
3119_0,0.18667798,0.67318267,0.1765464,8,16870,"{""type"":""MultiPoint"",""coordinates"":[]}"
3120_0,0.027609957,0.56173176,-0.01721493,8,14886,"{""type"":""MultiPoint"",""coordinates"":[]}"
3121_0,0.055784352,0.5687462,0.007556675,8,9938,"{""type"":""MultiPoint"",""coordinates"":[]}"
3122_0,0.054711193,0.49666205,0.029668607,8,3059,"{""type"":""MultiPoint"",""coordinates"":[]}"
3123_0,0.0025833875,0.34935197,-0.054702632,8,12909,"{""type"":""MultiPoint"",""coordinates"":[]}"
3124_0,0.07789559,0.6250619,0.04776306,8,12832,"{""type"":""MultiPoint"",""coordinates"":[]}"
3125_0,0.20549928,0.714683,0.1850065,8,10610,"{""type"":""MultiPoint"",""coordinates"":[]}"
3126_0,0.0018205784,0.46955526,-0.055438183,8,6790,"{""type"":""MultiPoint"",""coordinates"":[]}"
3127_0,0.24297996,0.75679755,0.1977556,8,16327,"{""type"":""MultiPoint"",""coordinates"":[]}"
3128_0,0.24470794,0.85315585,0.22957166,8,9282,"{""type"":""MultiPoint"",""coordinates"":[]}"
3129_0,0.36179343,0.8726302,0.35389012,8,11731,"{""type"":""MultiPoint"",""coordinates"":[]}"
3130_0,-0.055781875,0.4564318,-0.09475286,8,19126,"{""type"":""MultiPoint"",""coordinates"":[]}"
3131_0,0.26420224,0.6400564,0.24161315,8,14632,"{""type"":""MultiPoint"",""coordinates"":[]}"
3132_0,0.1292294,0.6760371,0.11959478,8,18818,"{""type"":""MultiPoint"",""coordinates"":[]}"
3133_0,0.03969313,0.5963732,-0.03108253,8,7304,"{""type"":""MultiPoint"",""coordinates"":[]}"
3134_0,0.13417615,0.6957152,0.094614685,8,14580,"{""type"":""MultiPoint"",""coordinates"":[]}"
3135_0,-0.14011772,0.3910469,-0.16204053,8,2897,"{""type"":""MultiPoint"",""coordinates"":[]}"
3136_0,-0.004395467,0.6184485,-0.06527942,8,7916,"{""type"":""MultiPoint"",""coordinates"":[]}"
3137_0,0.42901826,0.7740121,0.3994558,8,14526,"{""type"":""MultiPoint"",""coordinates"":[]}"
3138_0,0.21367086,0.77894264,0.19054013,8,4455,"{""type"":""MultiPoint"",""coordinates"":[]}"
3139_0,0.16767837,0.75003254,0.14291857,8,3798,"{""type"":""MultiPoint"",""coordinates"":[]}"
3140_0,-0.09628988,0.22657512,-0.12938727,8,25329,"{""type"":""MultiPoint"",""coordinates"":[]}"
3141_0,0.13815886,0.50007534,0.055609576,8,1311,"{""type"":""MultiPoint"",""coordinates"":[]}"
3142_0,0.2014652,0.5808286,0.18550107,8,12054,"{""type"":""MultiPoint"",""coordinates"":[]}"
3143_0,-0.07798668,0.33200404,-0.1034103,8,22931,"{""type"":""MultiPoint"",""coordinates"":[]}"
3144_0,0.2861719,0.7897215,0.24060357,8,24997,"{""type"":""MultiPoint"",""coordinates"":[]}"
3145_0,0.07982379,0.66524094,0.052425805,8,23965,"{""type"":""MultiPoint"",""coordinates"":[]}"
3146_0,0.14802632,0.73666024,0.11951729,8,25202,"{""type"":""MultiPoint"",""coordinates"":[]}"
3147_0,-0.13279507,0.2855205,-0.17493373,8,22340,"{""type"":""MultiPoint"",""coordinates"":[]}"
3148_0,-0.04171364,0.38251367,-0.12539808,8,351,"{""type"":""MultiPoint"",""coordinates"":[]}"
3149_0,-0.025547057,0.5229285,-0.044241004,8,19494,"{""type"":""MultiPoint"",""coordinates"":[]}"
3150_0,0.03642766,0.55447847,0.0028437676,8,23736,"{""type"":""MultiPoint"",""coordinates"":[]}"
3151_0,0.07330076,0.6428199,0.039856754,8,19990,"{""type"":""MultiPoint"",""coordinates"":[]}"
3152_0,-0.06934189,0.40940335,-0.1240053,8,19734,"{""type"":""MultiPoint"",""coordinates"":[]}"
3153_0,0.12095866,0.65960735,0.09364072,8,7046,"{""type"":""MultiPoint"",""coordinates"":[]}"
3154_0,0.25456095,0.7341182,0.23806204,8,4265,"{""type"":""MultiPoint"",""coordinates"":[]}"
3155_0,-0.021638652,0.47523832,-0.06438436,8,18923,"{""type"":""MultiPoint"",""coordinates"":[]}"
3156_0,0.12771788,0.7233313,0.071136445,8,15142,"{""type"":""MultiPoint"",""coordinates"":[]}"
3157_0,-0.034442775,0.4479976,-0.06349358,8,19390,"{""type"":""MultiPoint"",""coordinates"":[]}"
3158_0,0.102623455,0.61919504,0.050301813,8,14795,"{""type"":""MultiPoint"",""coordinates"":[]}"
3159_0,0.034348443,0.6956783,0.02012217,8,23896,"{""type"":""MultiPoint"",""coordinates"":[]}"
3160_0,0.053184833,0.62902206,0.010077657,8,2534,"{""type"":""MultiPoint"",""coordinates"":[]}"
3161_0,0.17848165,0.6489549,0.14375547,8,1182,"{""type"":""MultiPoint"",""coordinates"":[]}"
3162_0,0.052701093,0.54782826,0.0221645,8,4125,"{""type"":""MultiPoint"",""coordinates"":[]}"
3163_0,0.27170995,0.7580262,0.29664546,8,21101,"{""type"":""MultiPoint"",""coordinates"":[]}"
3164_0,0.018930824,0.49756178,-0.08953714,8,17239,"{""type"":""MultiPoint"",""coordinates"":[]}"
3165_0,0.31053025,0.8614613,0.29145297,8,21435,"{""type"":""MultiPoint"",""coordinates"":[]}"
3166_0,0.13283972,0.5798492,0.08398348,8,7139,"{""type"":""MultiPoint"",""coordinates"":[]}"
3167_0,0.015815768,0.524591,-0.004933376,8,21185,"{""type"":""MultiPoint"",""coordinates"":[]}"
3168_0,0.2838332,0.8375242,0.2610819,8,6405,"{""type"":""MultiPoint"",""coordinates"":[]}"
3169_0,0.05574821,0.54405624,-0.005760798,8,16387,"{""type"":""MultiPoint"",""coordinates"":[]}"
3170_0,0.27101386,0.7759759,0.2224779,8,7403,"{""type"":""MultiPoint"",""coordinates"":[]}"
3171_0,0.027607642,0.55200297,-0.027020874,8,17126,"{""type"":""MultiPoint"",""coordinates"":[]}"
3172_0,-0.080679,0.24988724,-0.1125027,8,5625,"{""type"":""MultiPoint"",""coordinates"":[]}"
3173_0,0.050758258,0.66480494,-9.6953585E-4,8,9212,"{""type"":""MultiPoint"",""coordinates"":[]}"
3174_0,0.11133367,0.5666932,0.061882094,8,15049,"{""type"":""MultiPoint"",""coordinates"":[]}"
3175_0,-0.12862574,0.26592666,-0.13944325,8,18761,"{""type"":""MultiPoint"",""coordinates"":[]}"
3176_0,0.1629567,0.7031329,0.13107497,8,10329,"{""type"":""MultiPoint"",""coordinates"":[]}"
3177_0,0.19669533,0.7691036,0.17836648,8,15132,"{""type"":""MultiPoint"",""coordinates"":[]}"
3178_0,0.12323088,0.7174177,0.09387067,8,21438,"{""type"":""MultiPoint"",""coordinates"":[]}"
3179_0,0.10525087,0.41775393,0.061579168,8,24658,"{""type"":""MultiPoint"",""coordinates"":[]}"
3180_0,0.23538347,0.8237094,0.18768051,8,23140,"{""type"":""MultiPoint"",""coordinates"":[]}"
3181_0,0.22712766,0.6161303,0.18667044,8,16110,"{""type"":""MultiPoint"",""coordinates"":[]}"
3182_0,0.15529421,0.787721,0.1423086,8,18242,"{""type"":""MultiPoint"",""coordinates"":[]}"
3183_0,0.1769741,0.5420647,0.11422846,8,11040,"{""type"":""MultiPoint"",""coordinates"":[]}"
3184_0,0.09522481,0.46816304,0.053492907,8,19587,"{""type"":""MultiPoint"",""coordinates"":[]}"
3185_0,-0.046565093,0.37437582,-0.039074015,8,4037,"{""type"":""MultiPoint"",""coordinates"":[]}"
3186_0,0.22639507,0.81061393,0.19039066,8,12585,"{""type"":""MultiPoint"",""coordinates"":[]}"
3187_0,0.43812916,0.8622992,0.4220169,8,23282,"{""type"":""MultiPoint"",""coordinates"":[]}"
3188_0,-0.050582416,0.3700565,-0.05795042,8,5705,"{""type"":""MultiPoint"",""coordinates"":[]}"
3189_0,0.22937372,0.76051587,0.18525766,8,9648,"{""type"":""MultiPoint"",""coordinates"":[]}"
3190_0,0.005295156,0.6185395,-0.021962523,8,2512,"{""type"":""MultiPoint"",""coordinates"":[]}"
3191_0,-0.119462125,0.3277645,-0.17328343,8,23739,"{""type"":""MultiPoint"",""coordinates"":[]}"
3192_0,0.3004965,0.8195851,0.29543015,8,22244,"{""type"":""MultiPoint"",""coordinates"":[]}"
3193_0,0.25696522,0.8135132,0.27378586,8,9958,"{""type"":""MultiPoint"",""coordinates"":[]}"
3194_0,0.004623257,0.5323781,-0.039369524,8,16586,"{""type"":""MultiPoint"",""coordinates"":[]}"
3195_0,0.2303206,0.781944,0.20160969,8,15091,"{""type"":""MultiPoint"",""coordinates"":[]}"
3196_0,0.13894255,0.63256675,0.12308787,8,4293,"{""type"":""MultiPoint"",""coordinates"":[]}"
3197_0,0.15127942,0.6693122,0.111160025,8,20573,"{""type"":""MultiPoint"",""coordinates"":[]}"
3198_0,0.0780159,0.57974476,0.039460253,8,13838,"{""type"":""MultiPoint"",""coordinates"":[]}"
3199_0,0.21262424,0.7341026,0.16634275,8,17957,"{""type"":""MultiPoint"",""coordinates"":[]}"
3200_0,0.21295998,0.7725554,0.18143767,8,19335,"{""type"":""MultiPoint"",""coordinates"":[]}"
3201_0,0.17537394,0.7182357,0.15691489,8,54,"{""type"":""MultiPoint"",""coordinates"":[]}"
3202_0,0.029327543,0.4871982,0.018494455,8,14443,"{""type"":""MultiPoint"",""coordinates"":[]}"
3203_0,-0.14756119,0.3735079,-0.16327891,8,2851,"{""type"":""MultiPoint"",""coordinates"":[]}"
3204_0,0.26658082,0.79752743,0.26656395,8,8227,"{""type"":""MultiPoint"",""coordinates"":[]}"
3205_0,0.080696896,0.626162,0.03435237,8,21368,"{""type"":""MultiPoint"",""coordinates"":[]}"
3206_0,0.042939745,0.53767806,0.014516176,8,474,"{""type"":""MultiPoint"",""coordinates"":[]}"
3207_0,0.23316717,0.7955209,0.20441833,8,15330,"{""type"":""MultiPoint"",""coordinates"":[]}"
3208_0,-0.13625221,0.08305508,-0.18000999,8,8425,"{""type"":""MultiPoint"",""coordinates"":[]}"
3209_0,0.099950194,0.7011677,0.077775046,8,9748,"{""type"":""MultiPoint"",""coordinates"":[]}"
3210_0,0.09370589,0.7036959,0.09148504,8,19171,"{""type"":""MultiPoint"",""coordinates"":[]}"
3211_0,0.27260107,0.75099206,0.27599308,8,14049,"{""type"":""MultiPoint"",""coordinates"":[]}"
3212_0,0.040347468,0.35365567,0.009903072,8,20896,"{""type"":""MultiPoint"",""coordinates"":[]}"
3213_0,0.1746161,0.7069362,0.16169842,8,21602,"{""type"":""MultiPoint"",""coordinates"":[]}"
3214_0,-0.0051761563,0.48526523,-0.060091905,8,23392,"{""type"":""MultiPoint"",""coordinates"":[]}"
3215_0,0.018252427,0.42503437,-0.004569839,8,4977,"{""type"":""MultiPoint"",""coordinates"":[]}"
3216_0,0.18220057,0.8238096,0.17479527,8,6307,"{""type"":""MultiPoint"",""coordinates"":[]}"
3217_0,-0.18850435,0.28624946,-0.20180306,8,23065,"{""type"":""MultiPoint"",""coordinates"":[]}"
3218_0,-0.10592897,0.38771296,-0.15199493,8,24603,"{""type"":""MultiPoint"",""coordinates"":[]}"
3219_0,-0.009822105,0.6196472,-0.056069586,8,2859,"{""type"":""MultiPoint"",""coordinates"":[]}"
3220_0,-0.036838792,0.50852114,-0.07298293,8,14242,"{""type"":""MultiPoint"",""coordinates"":[]}"
3221_0,-0.053810265,0.4068997,-0.07402124,8,11940,"{""type"":""MultiPoint"",""coordinates"":[]}"
3222_0,0.23917443,0.71928644,0.16574217,8,898,"{""type"":""MultiPoint"",""coordinates"":[]}"
3223_0,-0.036587313,0.5066403,-0.09211647,8,17745,"{""type"":""MultiPoint"",""coordinates"":[]}"
3224_0,0.042977404,0.49712008,0.018692987,8,10918,"{""type"":""MultiPoint"",""coordinates"":[]}"
3225_0,0.036053505,0.5011351,-0.0043641496,8,8826,"{""type"":""MultiPoint"",""coordinates"":[]}"
3226_0,0.0063903597,0.4463116,-0.025223128,8,25346,"{""type"":""MultiPoint"",""coordinates"":[]}"
3227_0,0.10599826,0.6727233,0.067218095,8,12606,"{""type"":""MultiPoint"",""coordinates"":[]}"
3228_0,0.042249773,0.46246675,-0.121506214,8,11405,"{""type"":""MultiPoint"",""coordinates"":[]}"
3229_0,0.13369134,0.7055637,0.09095591,8,19329,"{""type"":""MultiPoint"",""coordinates"":[]}"
3230_0,0.14466345,0.76243144,0.101104885,8,11869,"{""type"":""MultiPoint"",""coordinates"":[]}"
3231_0,0.10281424,0.70563346,0.052430734,8,17271,"{""type"":""MultiPoint"",""coordinates"":[]}"
3232_0,0.15963978,0.66224396,0.11107904,8,25132,"{""type"":""MultiPoint"",""coordinates"":[]}"
3233_0,0.039340954,0.57611585,-0.019600855,8,6434,"{""type"":""MultiPoint"",""coordinates"":[]}"
3234_0,-0.109477386,0.33466235,-0.1499089,8,20439,"{""type"":""MultiPoint"",""coordinates"":[]}"
3235_0,0.012375386,0.4543919,-0.050367646,8,3230,"{""type"":""MultiPoint"",""coordinates"":[]}"
3236_0,0.11985689,0.4721772,0.10346224,8,3399,"{""type"":""MultiPoint"",""coordinates"":[]}"
3237_0,-0.06881587,0.38154867,-0.112642206,8,17446,"{""type"":""MultiPoint"",""coordinates"":[]}"
3238_0,0.026058003,0.57547355,-0.038751595,8,10045,"{""type"":""MultiPoint"",""coordinates"":[]}"
3239_0,0.20066704,0.6672283,0.16346714,8,21304,"{""type"":""MultiPoint"",""coordinates"":[]}"
3240_0,0.23779297,0.8892682,0.22674954,8,21724,"{""type"":""MultiPoint"",""coordinates"":[]}"
3241_0,-0.029045643,0.4200176,-0.097862765,8,5784,"{""type"":""MultiPoint"",""coordinates"":[]}"
3242_0,-0.014402917,0.38918918,-0.089907534,8,3732,"{""type"":""MultiPoint"",""coordinates"":[]}"
3243_0,0.0045618364,0.5202399,-0.009697796,8,11604,"{""type"":""MultiPoint"",""coordinates"":[]}"
3244_0,0.16880079,0.7052324,0.096559145,8,14664,"{""type"":""MultiPoint"",""coordinates"":[]}"
3245_0,-0.045115396,0.42119834,-0.07684462,8,20926,"{""type"":""MultiPoint"",""coordinates"":[]}"
3246_0,0.105294354,0.65670013,0.062408034,8,9929,"{""type"":""MultiPoint"",""coordinates"":[]}"
3247_0,0.2691112,0.72660756,0.21963131,8,7104,"{""type"":""MultiPoint"",""coordinates"":[]}"
3248_0,0.27340114,0.7532845,0.2757763,8,4322,"{""type"":""MultiPoint"",""coordinates"":[]}"
3249_0,0.3033846,0.75042737,0.29456383,8,6484,"{""type"":""MultiPoint"",""coordinates"":[]}"
3250_0,0.008202173,0.4583501,-0.05876732,8,25111,"{""type"":""MultiPoint"",""coordinates"":[]}"
3251_0,0.0067765513,0.57931775,-0.029526584,8,10779,"{""type"":""MultiPoint"",""coordinates"":[]}"
3252_0,-0.07354759,0.40315711,-0.11896799,8,21130,"{""type"":""MultiPoint"",""coordinates"":[]}"
3253_0,0.27162185,0.8044449,0.23709331,8,16130,"{""type"":""MultiPoint"",""coordinates"":[]}"
3254_0,-0.037477884,0.42665675,-0.052423343,8,24993,"{""type"":""MultiPoint"",""coordinates"":[]}"
3255_0,0.080951504,0.6877532,0.061137073,8,14354,"{""type"":""MultiPoint"",""coordinates"":[]}"
3256_0,-0.058015402,0.34691048,-0.08931891,8,13613,"{""type"":""MultiPoint"",""coordinates"":[]}"
3257_0,0.24961437,0.8059476,0.2223968,8,21320,"{""type"":""MultiPoint"",""coordinates"":[]}"
3258_0,0.12856826,0.50677687,0.08694644,8,7153,"{""type"":""MultiPoint"",""coordinates"":[]}"
3259_0,0.15090458,0.58177346,0.1581608,8,18176,"{""type"":""MultiPoint"",""coordinates"":[]}"
3260_0,0.1890341,0.87491685,0.17243499,8,6290,"{""type"":""MultiPoint"",""coordinates"":[]}"
3261_0,-0.2144,0.32611218,-0.27904585,8,20385,"{""type"":""MultiPoint"",""coordinates"":[]}"
3262_0,0.05980787,0.5581818,0.043204036,8,12010,"{""type"":""MultiPoint"",""coordinates"":[]}"
3263_0,0.19660328,0.75905746,0.15691592,8,5199,"{""type"":""MultiPoint"",""coordinates"":[]}"
3264_0,-0.019023987,0.54366195,-0.058419243,8,2698,"{""type"":""MultiPoint"",""coordinates"":[]}"
3265_0,0.10221047,0.7510276,0.11310191,8,17427,"{""type"":""MultiPoint"",""coordinates"":[]}"
3266_0,0.28308555,0.72879547,0.24546434,8,2095,"{""type"":""MultiPoint"",""coordinates"":[]}"
3267_0,0.08067903,0.6735959,-0.025238886,8,4097,"{""type"":""MultiPoint"",""coordinates"":[]}"
3268_0,0.13572404,0.7601704,0.121180676,8,13754,"{""type"":""MultiPoint"",""coordinates"":[]}"
3269_0,-0.17794642,0.27019355,-0.20441218,8,22652,"{""type"":""MultiPoint"",""coordinates"":[]}"
3270_0,0.033981904,0.59961843,0.013086495,8,20065,"{""type"":""MultiPoint"",""coordinates"":[]}"
3271_0,0.1585169,0.5741403,0.12527744,8,6072,"{""type"":""MultiPoint"",""coordinates"":[]}"
3272_0,-0.14390604,0.33111438,-0.19548802,8,8195,"{""type"":""MultiPoint"",""coordinates"":[]}"
3273_0,0.16416845,0.7154471,0.114291094,8,8714,"{""type"":""MultiPoint"",""coordinates"":[]}"
3274_0,0.016537193,0.48448104,-0.014957597,8,2245,"{""type"":""MultiPoint"",""coordinates"":[]}"
3275_0,0.25893214,0.7581764,0.16546112,8,4810,"{""type"":""MultiPoint"",""coordinates"":[]}"
3276_0,0.29231945,0.7453754,0.27421874,8,16887,"{""type"":""MultiPoint"",""coordinates"":[]}"
3277_0,-0.044346426,0.5491675,-0.053415433,8,8544,"{""type"":""MultiPoint"",""coordinates"":[]}"
3278_0,0.06894023,0.6608,0.010907674,8,17902,"{""type"":""MultiPoint"",""coordinates"":[]}"
3279_0,0.09536357,0.69458985,0.076565325,8,9213,"{""type"":""MultiPoint"",""coordinates"":[]}"
3280_0,0.04285124,0.53884923,0.01491027,8,19940,"{""type"":""MultiPoint"",""coordinates"":[]}"
3281_0,0.317822,0.9253817,0.3033029,8,23812,"{""type"":""MultiPoint"",""coordinates"":[]}"
3282_0,0.031631008,0.6394926,0.008249455,8,18288,"{""type"":""MultiPoint"",""coordinates"":[]}"
3283_0,0.23519152,0.8416857,0.19717543,8,6951,"{""type"":""MultiPoint"",""coordinates"":[]}"
3284_0,0.0016479895,0.6059011,-0.055881724,8,12402,"{""type"":""MultiPoint"",""coordinates"":[]}"
3285_0,0.053293884,0.63718605,0.017967388,8,13173,"{""type"":""MultiPoint"",""coordinates"":[]}"
3286_0,-0.026263645,0.55435586,-0.0412784,8,3537,"{""type"":""MultiPoint"",""coordinates"":[]}"
3287_0,-0.016235022,0.54270524,-0.062222224,8,20998,"{""type"":""MultiPoint"",""coordinates"":[]}"
3288_0,0.018854901,0.43868017,-0.036109746,8,24084,"{""type"":""MultiPoint"",""coordinates"":[]}"
3289_0,0.13689095,0.63236713,0.1657754,8,6561,"{""type"":""MultiPoint"",""coordinates"":[]}"
3290_0,0.043403964,0.5660781,0.0121023515,8,24647,"{""type"":""MultiPoint"",""coordinates"":[]}"
3291_0,0.32339698,0.7686552,0.33485958,8,380,"{""type"":""MultiPoint"",""coordinates"":[]}"
3292_0,0.09130999,0.6482955,0.060070828,8,980,"{""type"":""MultiPoint"",""coordinates"":[]}"
3293_0,0.2919793,0.689604,0.2296807,8,11057,"{""type"":""MultiPoint"",""coordinates"":[]}"
3294_0,0.16547903,0.7432767,0.13648993,8,24822,"{""type"":""MultiPoint"",""coordinates"":[]}"
3295_0,-0.021073837,0.5591918,-0.010271905,8,9252,"{""type"":""MultiPoint"",""coordinates"":[]}"
3296_0,-0.0892989,0.41490158,-0.13034156,8,20430,"{""type"":""MultiPoint"",""coordinates"":[]}"
3297_0,-0.12289513,0.40871796,-0.16096517,8,10269,"{""type"":""MultiPoint"",""coordinates"":[]}"
3298_0,0.067852385,0.56278354,0.012909671,8,1880,"{""type"":""MultiPoint"",""coordinates"":[]}"
3299_0,0.13942355,0.7146656,0.110196255,8,22944,"{""type"":""MultiPoint"",""coordinates"":[]}"
3300_0,0.18194789,0.7537733,0.1832356,8,23002,"{""type"":""MultiPoint"",""coordinates"":[]}"
3301_0,0.1412025,0.7793597,0.1210128,8,15019,"{""type"":""MultiPoint"",""coordinates"":[]}"
3302_0,0.29031596,0.70616,0.28872088,8,9149,"{""type"":""MultiPoint"",""coordinates"":[]}"
3303_0,-0.071502216,0.45286354,-0.12651044,8,2707,"{""type"":""MultiPoint"",""coordinates"":[]}"
3304_0,0.17831087,0.73303753,0.14764914,8,8404,"{""type"":""MultiPoint"",""coordinates"":[]}"
3305_0,0.16812561,0.7158296,0.12611315,8,8211,"{""type"":""MultiPoint"",""coordinates"":[]}"
3306_0,-0.09112033,0.5213528,-0.09275266,8,10186,"{""type"":""MultiPoint"",""coordinates"":[]}"
3307_0,0.031270098,0.6268166,-0.010484041,8,24903,"{""type"":""MultiPoint"",""coordinates"":[]}"
3308_0,0.21552071,0.8548691,0.17206419,8,6241,"{""type"":""MultiPoint"",""coordinates"":[]}"
3309_0,0.39424586,0.8885542,0.35421166,8,20413,"{""type"":""MultiPoint"",""coordinates"":[]}"
3310_0,0.32282537,0.7156332,0.2820273,8,18998,"{""type"":""MultiPoint"",""coordinates"":[]}"
3311_0,0.3972189,0.8623802,0.3585736,8,15131,"{""type"":""MultiPoint"",""coordinates"":[]}"
3312_0,-0.14944455,0.27866912,-0.21979967,8,451,"{""type"":""MultiPoint"",""coordinates"":[]}"
3313_0,0.06904478,0.6013852,0.020301415,8,4564,"{""type"":""MultiPoint"",""coordinates"":[]}"
3314_0,0.04599805,0.62912023,0.021075185,8,8332,"{""type"":""MultiPoint"",""coordinates"":[]}"
3315_0,0.068665914,0.6613373,0.023565449,8,10004,"{""type"":""MultiPoint"",""coordinates"":[]}"
3316_0,0.33019722,0.86846894,0.3201102,8,10923,"{""type"":""MultiPoint"",""coordinates"":[]}"
3317_0,-0.04785979,0.44455495,-0.03857167,8,24998,"{""type"":""MultiPoint"",""coordinates"":[]}"
3318_0,0.03487604,0.4426255,-0.042716075,8,3302,"{""type"":""MultiPoint"",""coordinates"":[]}"
3319_0,0.15016837,0.78641075,0.13314624,8,19606,"{""type"":""MultiPoint"",""coordinates"":[]}"
3320_0,0.121469416,0.5649895,0.044990547,8,369,"{""type"":""MultiPoint"",""coordinates"":[]}"
3321_0,0.049990002,0.6757215,0.052787904,8,15056,"{""type"":""MultiPoint"",""coordinates"":[]}"
3322_0,0.29236037,0.8150006,0.26044676,8,21579,"{""type"":""MultiPoint"",""coordinates"":[]}"
3323_0,0.34961787,0.87774754,0.34644252,8,21064,"{""type"":""MultiPoint"",""coordinates"":[]}"
3324_0,0.04547108,0.5295824,-0.039002176,8,9331,"{""type"":""MultiPoint"",""coordinates"":[]}"
3325_0,0.03398221,0.6072354,-0.0038026464,8,23653,"{""type"":""MultiPoint"",""coordinates"":[]}"
3326_0,0.056964226,0.59170973,0.025381403,8,1328,"{""type"":""MultiPoint"",""coordinates"":[]}"
3327_0,0.06607735,0.64798206,0.032956902,8,2351,"{""type"":""MultiPoint"",""coordinates"":[]}"
3328_0,0.23120491,0.867814,0.2255224,8,8574,"{""type"":""MultiPoint"",""coordinates"":[]}"
3329_0,-0.10326757,0.29581827,-0.15868263,8,10206,"{""type"":""MultiPoint"",""coordinates"":[]}"
3330_0,0.06684186,0.54772156,0.016687984,8,16602,"{""type"":""MultiPoint"",""coordinates"":[]}"
3331_0,0.16019198,0.6180002,0.1370604,8,1318,"{""type"":""MultiPoint"",""coordinates"":[]}"
3332_0,-0.048342284,0.4269006,-0.106852494,8,1775,"{""type"":""MultiPoint"",""coordinates"":[]}"
3333_0,0.12845656,0.669057,0.059624314,8,13989,"{""type"":""MultiPoint"",""coordinates"":[]}"
3334_0,0.05400243,0.62380147,0.027663752,8,16783,"{""type"":""MultiPoint"",""coordinates"":[]}"
3335_0,-0.029113375,0.6048387,-0.07076344,8,4059,"{""type"":""MultiPoint"",""coordinates"":[]}"
3336_0,-0.16581093,0.26891166,-0.19504644,8,22647,"{""type"":""MultiPoint"",""coordinates"":[]}"
3337_0,0.025130646,0.5387652,0.021465594,8,1412,"{""type"":""MultiPoint"",""coordinates"":[]}"
3338_0,0.2765758,0.76357865,0.23596807,8,18356,"{""type"":""MultiPoint"",""coordinates"":[]}"
3339_0,-0.06671312,0.42533693,-0.07778951,8,7405,"{""type"":""MultiPoint"",""coordinates"":[]}"
3340_0,-0.08769423,0.2744887,-0.13323572,8,8233,"{""type"":""MultiPoint"",""coordinates"":[]}"
3341_0,0.07302925,0.7005941,0.059631977,8,15888,"{""type"":""MultiPoint"",""coordinates"":[]}"
3342_0,0.021412168,0.42196244,-0.04040811,8,24794,"{""type"":""MultiPoint"",""coordinates"":[]}"
3343_0,0.06881022,0.5773759,0.036779102,8,19468,"{""type"":""MultiPoint"",""coordinates"":[]}"
3344_0,-0.10410203,0.4091532,-0.11936975,8,2001,"{""type"":""MultiPoint"",""coordinates"":[]}"
3345_0,0.090110086,0.63225806,0.12163682,8,3949,"{""type"":""MultiPoint"",""coordinates"":[]}"
3346_0,0.17201008,0.70046,0.12718195,8,18006,"{""type"":""MultiPoint"",""coordinates"":[]}"
3347_0,0.018189693,0.5144817,-0.036666665,8,311,"{""type"":""MultiPoint"",""coordinates"":[]}"
3348_0,0.14685315,0.6050061,0.105469555,8,19268,"{""type"":""MultiPoint"",""coordinates"":[]}"
3349_0,0.3599806,0.85532206,0.34224865,8,57,"{""type"":""MultiPoint"",""coordinates"":[]}"
3350_0,0.2019066,0.7542793,0.17715858,8,15813,"{""type"":""MultiPoint"",""coordinates"":[]}"
3351_0,0.20494954,0.7507062,0.16132727,8,20608,"{""type"":""MultiPoint"",""coordinates"":[]}"
3352_0,0.23328243,0.67162716,0.21996716,8,24013,"{""type"":""MultiPoint"",""coordinates"":[]}"
3353_0,0.1245414,0.6871356,0.07976625,8,11079,"{""type"":""MultiPoint"",""coordinates"":[]}"
3354_0,0.033740927,0.45052335,-0.008509274,8,18216,"{""type"":""MultiPoint"",""coordinates"":[]}"
3355_0,0.10242955,0.49758744,0.037609696,8,1534,"{""type"":""MultiPoint"",""coordinates"":[]}"
3356_0,0.059761044,0.6541081,0.057805087,8,10140,"{""type"":""MultiPoint"",""coordinates"":[]}"
3357_0,-0.11222001,0.19930153,-0.15793243,8,24845,"{""type"":""MultiPoint"",""coordinates"":[]}"
3358_0,0.18585904,0.79127413,0.11827121,8,10739,"{""type"":""MultiPoint"",""coordinates"":[]}"
3359_0,0.1073053,0.4577505,0.054086223,8,11451,"{""type"":""MultiPoint"",""coordinates"":[]}"
3360_0,0.13465124,0.6679753,0.119878605,8,10930,"{""type"":""MultiPoint"",""coordinates"":[]}"
3361_0,-0.078518994,0.38041002,-0.10619469,8,3694,"{""type"":""MultiPoint"",""coordinates"":[]}"
3362_0,-0.020261364,0.4000736,-0.04458142,8,1280,"{""type"":""MultiPoint"",""coordinates"":[]}"
3363_0,0.27568135,0.86062557,0.27320233,8,11450,"{""type"":""MultiPoint"",""coordinates"":[]}"
3364_0,-0.0721825,0.34987593,-0.10493239,8,9161,"{""type"":""MultiPoint"",""coordinates"":[]}"
3365_0,0.0569962,0.65531665,0.036425736,8,10122,"{""type"":""MultiPoint"",""coordinates"":[]}"
3366_0,-0.07939317,0.38106164,-0.09642248,8,5306,"{""type"":""MultiPoint"",""coordinates"":[]}"
3367_0,0.14143422,0.721166,0.12369938,8,22917,"{""type"":""MultiPoint"",""coordinates"":[]}"
3368_0,-6.602839E-4,0.46860683,-0.0420109,8,16305,"{""type"":""MultiPoint"",""coordinates"":[]}"
3369_0,0.014838664,0.42641804,-0.05960932,8,24471,"{""type"":""MultiPoint"",""coordinates"":[]}"
3370_0,-0.06826009,0.32247365,-0.112096615,8,23598,"{""type"":""MultiPoint"",""coordinates"":[]}"
3371_0,0.06369117,0.62008464,0.081666045,8,25298,"{""type"":""MultiPoint"",""coordinates"":[]}"
3372_0,0.10011465,0.67282003,0.048215676,8,7029,"{""type"":""MultiPoint"",""coordinates"":[]}"
3373_0,0.10352241,0.5441748,0.04787287,8,18272,"{""type"":""MultiPoint"",""coordinates"":[]}"
3374_0,0.1557789,0.74598455,0.16583912,8,19791,"{""type"":""MultiPoint"",""coordinates"":[]}"
3375_0,-0.06318899,0.33150038,-0.12075853,8,884,"{""type"":""MultiPoint"",""coordinates"":[]}"
3376_0,0.051869724,0.52857584,0.03709914,8,8242,"{""type"":""MultiPoint"",""coordinates"":[]}"
3377_0,0.17841065,0.701087,0.12197368,8,12266,"{""type"":""MultiPoint"",""coordinates"":[]}"
3378_0,0.23165745,0.6929737,0.22831602,8,3172,"{""type"":""MultiPoint"",""coordinates"":[]}"
3379_0,-0.007097333,0.52555287,-0.04369012,8,12302,"{""type"":""MultiPoint"",""coordinates"":[]}"
3380_0,0.20162657,0.75273466,0.18977724,8,7964,"{""type"":""MultiPoint"",""coordinates"":[]}"
3381_0,-0.13948864,0.35934094,-0.17025326,8,5187,"{""type"":""MultiPoint"",""coordinates"":[]}"
3382_0,0.14714463,0.69667804,0.118408516,8,19505,"{""type"":""MultiPoint"",""coordinates"":[]}"
3383_0,-0.05798427,0.571175,-0.11733535,8,322,"{""type"":""MultiPoint"",""coordinates"":[]}"
3384_0,0.25161052,0.83501774,0.24591988,8,24207,"{""type"":""MultiPoint"",""coordinates"":[]}"
3385_0,-0.0011307291,0.5193187,-0.01653512,8,23644,"{""type"":""MultiPoint"",""coordinates"":[]}"
3386_0,0.06717659,0.51712626,0.0066703456,8,8832,"{""type"":""MultiPoint"",""coordinates"":[]}"
3387_0,0.09110598,0.6423529,0.061633557,8,1862,"{""type"":""MultiPoint"",""coordinates"":[]}"
3388_0,0.31917855,0.84866124,0.33985826,8,9517,"{""type"":""MultiPoint"",""coordinates"":[]}"
3389_0,-0.13717984,0.24198163,-0.18539928,8,23741,"{""type"":""MultiPoint"",""coordinates"":[]}"
3390_0,0.17226042,0.7313529,0.1269441,8,16811,"{""type"":""MultiPoint"",""coordinates"":[]}"
3391_0,-0.06407848,0.42214411,-0.11380679,8,24775,"{""type"":""MultiPoint"",""coordinates"":[]}"
3392_0,0.0024362514,0.324398,-0.013501666,8,2838,"{""type"":""MultiPoint"",""coordinates"":[]}"
3393_0,0.08836913,0.6047451,0.050482642,8,735,"{""type"":""MultiPoint"",""coordinates"":[]}"
3394_0,0.2214813,0.68754786,0.36783376,8,7474,"{""type"":""MultiPoint"",""coordinates"":[]}"
3395_0,-0.09998206,0.3336613,-0.12614055,8,24184,"{""type"":""MultiPoint"",""coordinates"":[]}"
3396_0,-0.063685425,0.4444154,-0.107223116,8,8049,"{""type"":""MultiPoint"",""coordinates"":[]}"
3397_0,0.108833395,0.6061798,0.101521865,8,12179,"{""type"":""MultiPoint"",""coordinates"":[]}"
3398_0,0.3200062,0.9351432,0.2876209,8,21707,"{""type"":""MultiPoint"",""coordinates"":[]}"
3399_0,0.1764706,0.6825641,0.19006166,8,18455,"{""type"":""MultiPoint"",""coordinates"":[]}"
3400_0,0.09800765,0.5740685,0.08839548,8,3979,"{""type"":""MultiPoint"",""coordinates"":[]}"
3401_0,0.17172821,0.8363431,0.16188039,8,10804,"{""type"":""MultiPoint"",""coordinates"":[]}"
3402_0,-0.12681992,0.3617563,-0.14882812,8,6498,"{""type"":""MultiPoint"",""coordinates"":[]}"
3403_0,0.089210235,0.59904045,0.065227374,8,11773,"{""type"":""MultiPoint"",""coordinates"":[]}"
3404_0,0.010075082,0.5247745,-0.07105337,8,11751,"{""type"":""MultiPoint"",""coordinates"":[]}"
3405_0,0.17618304,0.7626375,0.14866541,8,10501,"{""type"":""MultiPoint"",""coordinates"":[]}"
3406_0,-0.09081786,0.39332044,-0.13560477,8,19139,"{""type"":""MultiPoint"",""coordinates"":[]}"
3407_0,0.21260923,0.76671255,0.18678853,8,22885,"{""type"":""MultiPoint"",""coordinates"":[]}"
3408_0,0.34147942,0.8452569,0.31937325,8,12365,"{""type"":""MultiPoint"",""coordinates"":[]}"
3409_0,0.047845837,0.5055081,0.015144325,8,2645,"{""type"":""MultiPoint"",""coordinates"":[]}"
3410_0,0.092728466,0.6079727,0.094713025,8,9704,"{""type"":""MultiPoint"",""coordinates"":[]}"
3411_0,0.20967086,0.743101,0.19802491,8,24732,"{""type"":""MultiPoint"",""coordinates"":[]}"
3412_0,-0.16538891,0.24745573,-0.213398,8,3525,"{""type"":""MultiPoint"",""coordinates"":[]}"
3413_0,0.07195174,0.6784375,0.082918145,8,13614,"{""type"":""MultiPoint"",""coordinates"":[]}"
3414_0,0.17690663,0.6774597,0.12507808,8,20882,"{""type"":""MultiPoint"",""coordinates"":[]}"
3415_0,0.19399375,0.7774615,0.15354611,8,6544,"{""type"":""MultiPoint"",""coordinates"":[]}"
3416_0,0.16498666,0.7913275,0.123336315,8,14739,"{""type"":""MultiPoint"",""coordinates"":[]}"
3417_0,0.12848985,0.6928473,0.11005656,8,21245,"{""type"":""MultiPoint"",""coordinates"":[]}"
3418_0,0.09662075,0.60739404,0.04134689,8,18779,"{""type"":""MultiPoint"",""coordinates"":[]}"
3419_0,-0.026320128,0.3723274,-0.052682772,8,7303,"{""type"":""MultiPoint"",""coordinates"":[]}"
3420_0,0.18073948,0.6638801,0.14670804,8,22701,"{""type"":""MultiPoint"",""coordinates"":[]}"
3421_0,0.16474038,0.76825655,0.1440028,8,8882,"{""type"":""MultiPoint"",""coordinates"":[]}"
3422_0,-0.10798577,0.35752043,-0.11171111,8,17501,"{""type"":""MultiPoint"",""coordinates"":[]}"
3423_0,-0.15473062,0.419734,-0.1669256,8,11147,"{""type"":""MultiPoint"",""coordinates"":[]}"
3424_0,0.26801518,0.8188548,0.28463787,8,17804,"{""type"":""MultiPoint"",""coordinates"":[]}"
3425_0,-0.03286019,0.49230152,-0.07214559,8,15080,"{""type"":""MultiPoint"",""coordinates"":[]}"
3426_0,0.17807831,0.6841468,0.13402082,8,5117,"{""type"":""MultiPoint"",""coordinates"":[]}"
3427_0,-0.060841117,0.362999,-0.09442939,8,15283,"{""type"":""MultiPoint"",""coordinates"":[]}"
3428_0,0.22605722,0.7259404,0.17513369,8,4254,"{""type"":""MultiPoint"",""coordinates"":[]}"
3429_0,0.19684611,0.6141406,0.18352681,8,20275,"{""type"":""MultiPoint"",""coordinates"":[]}"
3430_0,0.19408515,0.7713499,0.1745802,8,11304,"{""type"":""MultiPoint"",""coordinates"":[]}"
3431_0,0.27386755,0.56843096,0.19837607,8,12412,"{""type"":""MultiPoint"",""coordinates"":[]}"
3432_0,0.34786195,0.90702677,0.33015576,8,7294,"{""type"":""MultiPoint"",""coordinates"":[]}"
3433_0,-0.04731861,0.49131432,-0.12992993,8,6293,"{""type"":""MultiPoint"",""coordinates"":[]}"
3434_0,-0.00942353,0.5049535,-0.04237411,8,14654,"{""type"":""MultiPoint"",""coordinates"":[]}"
3435_0,0.06787131,0.5892923,0.0102183,8,1121,"{""type"":""MultiPoint"",""coordinates"":[]}"
3436_0,0.20383987,0.7423814,0.17450233,8,9623,"{""type"":""MultiPoint"",""coordinates"":[]}"
3437_0,0.16399692,0.6464497,0.06871925,8,5018,"{""type"":""MultiPoint"",""coordinates"":[]}"
3438_0,0.021269413,0.56225353,-0.0053097345,8,22806,"{""type"":""MultiPoint"",""coordinates"":[]}"
3439_0,0.12223847,0.5137784,0.07092185,8,24154,"{""type"":""MultiPoint"",""coordinates"":[]}"
3440_0,0.15693124,0.80212736,0.1482556,8,17287,"{""type"":""MultiPoint"",""coordinates"":[]}"
3441_0,-0.022200296,0.541786,-0.025666337,8,12709,"{""type"":""MultiPoint"",""coordinates"":[]}"
3442_0,0.13613121,0.81294113,0.109391965,8,491,"{""type"":""MultiPoint"",""coordinates"":[]}"
3443_0,0.039724655,0.6484399,0.013818654,8,13520,"{""type"":""MultiPoint"",""coordinates"":[]}"
3444_0,0.35279408,0.8684109,0.31812593,8,10105,"{""type"":""MultiPoint"",""coordinates"":[]}"
3445_0,0.16502017,0.7822857,0.14067693,8,23923,"{""type"":""MultiPoint"",""coordinates"":[]}"
3446_0,0.124326706,0.6122427,0.05420247,8,20196,"{""type"":""MultiPoint"",""coordinates"":[]}"
3447_0,-0.041581206,0.48864374,-0.097205825,8,385,"{""type"":""MultiPoint"",""coordinates"":[]}"
3448_0,0.22342017,0.7595087,0.1715298,8,4372,"{""type"":""MultiPoint"",""coordinates"":[]}"
3449_0,0.10429857,0.7003094,0.06981411,8,17255,"{""type"":""MultiPoint"",""coordinates"":[]}"
3450_0,0.21041784,0.78195274,0.17338331,8,4246,"{""type"":""MultiPoint"",""coordinates"":[]}"
3451_0,0.03400793,0.5254237,0.023285352,8,9729,"{""type"":""MultiPoint"",""coordinates"":[]}"
3452_0,0.17748633,0.7776436,0.13156937,8,21001,"{""type"":""MultiPoint"",""coordinates"":[]}"
3453_0,-0.0020910942,0.5030183,-0.039188005,8,9844,"{""type"":""MultiPoint"",""coordinates"":[]}"
3454_0,0.05529223,0.40486443,0.064520605,8,16076,"{""type"":""MultiPoint"",""coordinates"":[]}"
3455_0,0.37161908,0.8288412,0.36933413,8,25044,"{""type"":""MultiPoint"",""coordinates"":[]}"
3456_0,0.03787713,0.49805883,-0.030147245,8,22332,"{""type"":""MultiPoint"",""coordinates"":[]}"
3457_0,0.10565318,0.5385914,0.053173836,8,409,"{""type"":""MultiPoint"",""coordinates"":[]}"
3458_0,0.16696241,0.6461806,0.12576064,8,21811,"{""type"":""MultiPoint"",""coordinates"":[]}"
3459_0,-0.095448,0.3627398,-0.11031346,8,1282,"{""type"":""MultiPoint"",""coordinates"":[]}"
3460_0,0.09738082,0.45641264,0.018480852,8,6091,"{""type"":""MultiPoint"",""coordinates"":[]}"
3461_0,0.10466416,0.71975595,0.111645296,8,15594,"{""type"":""MultiPoint"",""coordinates"":[]}"
3462_0,0.34510544,0.8765563,0.28890544,8,23920,"{""type"":""MultiPoint"",""coordinates"":[]}"
3463_0,0.16337429,0.6778329,0.13215683,8,2554,"{""type"":""MultiPoint"",""coordinates"":[]}"
3464_0,-0.10561473,0.448534,-0.1527367,8,15794,"{""type"":""MultiPoint"",""coordinates"":[]}"
3465_0,0.06724106,0.5866023,0.027153742,8,6529,"{""type"":""MultiPoint"",""coordinates"":[]}"
3466_0,0.056728113,0.5523494,0.020534886,8,1356,"{""type"":""MultiPoint"",""coordinates"":[]}"
3467_0,0.086088374,0.63597393,0.037440937,8,14602,"{""type"":""MultiPoint"",""coordinates"":[]}"
3468_0,0.18594007,0.7557356,0.16284485,8,6759,"{""type"":""MultiPoint"",""coordinates"":[]}"
3469_0,0.0137258805,0.49832776,-0.0216361,8,11574,"{""type"":""MultiPoint"",""coordinates"":[]}"
3470_0,-0.061138563,0.5773403,-0.11042982,8,2252,"{""type"":""MultiPoint"",""coordinates"":[]}"
3471_0,-0.06177606,0.36886102,-0.10939394,8,19116,"{""type"":""MultiPoint"",""coordinates"":[]}"
3472_0,0.17800875,0.84788823,0.1887119,8,20757,"{""type"":""MultiPoint"",""coordinates"":[]}"
3473_0,0.1709386,0.58429,0.07679672,8,2789,"{""type"":""MultiPoint"",""coordinates"":[]}"
3474_0,0.13427925,0.5968431,0.07125524,8,9754,"{""type"":""MultiPoint"",""coordinates"":[]}"
3475_0,0.12757464,0.5259405,0.062897526,8,2085,"{""type"":""MultiPoint"",""coordinates"":[]}"
3476_0,-0.0013013533,0.50965035,-0.059315894,8,5096,"{""type"":""MultiPoint"",""coordinates"":[]}"
3477_0,0.1900189,0.7668933,0.15184806,8,8739,"{""type"":""MultiPoint"",""coordinates"":[]}"
3478_0,0.1253362,0.61496717,0.07200299,8,17837,"{""type"":""MultiPoint"",""coordinates"":[]}"
3479_0,0.15572564,0.70999634,0.105654754,8,482,"{""type"":""MultiPoint"",""coordinates"":[]}"
3480_0,-0.012890329,0.23658985,-0.014778314,8,24515,"{""type"":""MultiPoint"",""coordinates"":[]}"
3481_0,0.18440682,0.81476516,0.18670937,8,14660,"{""type"":""MultiPoint"",""coordinates"":[]}"
3482_0,0.16476575,0.7156013,0.14928572,8,22077,"{""type"":""MultiPoint"",""coordinates"":[]}"
3483_0,0.11740874,0.62639874,0.10007903,8,7799,"{""type"":""MultiPoint"",""coordinates"":[]}"
3484_0,0.15409453,0.64275074,0.10535848,8,19524,"{""type"":""MultiPoint"",""coordinates"":[]}"
3485_0,-0.052790347,0.39142618,-0.11202724,8,17502,"{""type"":""MultiPoint"",""coordinates"":[]}"
3486_0,0.17932387,0.77716774,0.11292039,8,9217,"{""type"":""MultiPoint"",""coordinates"":[]}"
3487_0,0.008902078,0.6173913,-0.044449408,8,24046,"{""type"":""MultiPoint"",""coordinates"":[]}"
3488_0,0.13282248,0.6467135,0.117277876,8,17195,"{""type"":""MultiPoint"",""coordinates"":[]}"
3489_0,0.25339016,0.80634105,0.23831595,8,22093,"{""type"":""MultiPoint"",""coordinates"":[]}"
3490_0,0.10882564,0.71137524,0.024054246,8,3617,"{""type"":""MultiPoint"",""coordinates"":[]}"
3491_0,0.3206386,0.7967591,0.29878896,8,10549,"{""type"":""MultiPoint"",""coordinates"":[]}"
3492_0,-0.11250899,0.5258087,-0.14565982,8,7247,"{""type"":""MultiPoint"",""coordinates"":[]}"
3493_0,0.0243024,0.6083199,-0.0038107017,8,15976,"{""type"":""MultiPoint"",""coordinates"":[]}"
3494_0,-0.08775442,0.38770053,-0.13391304,8,24684,"{""type"":""MultiPoint"",""coordinates"":[]}"
3495_0,0.108590305,0.6866074,0.07463739,8,7755,"{""type"":""MultiPoint"",""coordinates"":[]}"
3496_0,0.1154997,0.63031423,0.07951007,8,24733,"{""type"":""MultiPoint"",""coordinates"":[]}"
3497_0,0.42303663,0.79933774,0.41921514,8,19784,"{""type"":""MultiPoint"",""coordinates"":[]}"
3498_0,0.15588723,0.6793135,0.18061815,8,16813,"{""type"":""MultiPoint"",""coordinates"":[]}"
3499_0,0.015140256,0.4630485,0.008326402,8,3433,"{""type"":""MultiPoint"",""coordinates"":[]}"
3500_0,0.035101425,0.5327001,0.0103503,8,3616,"{""type"":""MultiPoint"",""coordinates"":[]}"
3501_0,0.3334477,0.716006,0.32214424,8,1035,"{""type"":""MultiPoint"",""coordinates"":[]}"
3502_0,-0.0052011097,0.5410212,-0.036906235,8,14100,"{""type"":""MultiPoint"",""coordinates"":[]}"
3503_0,0.030684212,0.3680732,-0.0017218859,8,4702,"{""type"":""MultiPoint"",""coordinates"":[]}"
3504_0,0.24474293,0.8144234,0.23399763,8,9367,"{""type"":""MultiPoint"",""coordinates"":[]}"
3505_0,0.18141283,0.78550327,0.14768212,8,17288,"{""type"":""MultiPoint"",""coordinates"":[]}"
3506_0,0.06784177,0.5755627,0.049551472,8,8815,"{""type"":""MultiPoint"",""coordinates"":[]}"
3507_0,0.2683837,0.717535,0.2597478,8,12788,"{""type"":""MultiPoint"",""coordinates"":[]}"
3508_0,0.049533613,0.6027293,0.03525955,8,7277,"{""type"":""MultiPoint"",""coordinates"":[]}"
3509_0,-0.10418424,0.29619917,-0.1214821,8,20271,"{""type"":""MultiPoint"",""coordinates"":[]}"
3510_0,0.014394744,0.48879275,-0.01725067,8,18159,"{""type"":""MultiPoint"",""coordinates"":[]}"
3511_0,-0.0439419,0.46375683,-0.07828378,8,16341,"{""type"":""MultiPoint"",""coordinates"":[]}"
3512_0,-0.039634537,0.41433725,-0.053128127,8,2404,"{""type"":""MultiPoint"",""coordinates"":[]}"
3513_0,0.11723188,0.6820599,0.07520288,8,17754,"{""type"":""MultiPoint"",""coordinates"":[]}"
3514_0,0.31578946,0.7273392,0.31286395,8,22121,"{""type"":""MultiPoint"",""coordinates"":[]}"
3515_0,0.22824116,0.81563824,0.22353737,8,10425,"{""type"":""MultiPoint"",""coordinates"":[]}"
3516_0,0.24556175,0.8101593,0.22472972,8,13236,"{""type"":""MultiPoint"",""coordinates"":[]}"
3517_0,0.08469337,0.6327021,0.037173413,8,18719,"{""type"":""MultiPoint"",""coordinates"":[]}"
3518_0,0.3362355,0.8535162,0.31912145,8,14070,"{""type"":""MultiPoint"",""coordinates"":[]}"
3519_0,-0.029662127,0.46570745,-0.0712246,8,17323,"{""type"":""MultiPoint"",""coordinates"":[]}"
3520_0,-0.028958512,0.45661765,-0.0705325,8,15971,"{""type"":""MultiPoint"",""coordinates"":[]}"
3521_0,0.07908177,0.57270765,0.04004208,8,7613,"{""type"":""MultiPoint"",""coordinates"":[]}"
3522_0,-0.085489124,0.34048256,-0.11730104,8,18593,"{""type"":""MultiPoint"",""coordinates"":[]}"
3523_0,0.004782994,0.40430108,-0.03634016,8,5345,"{""type"":""MultiPoint"",""coordinates"":[]}"
3524_0,0.016459897,0.4309054,-0.013932272,8,14493,"{""type"":""MultiPoint"",""coordinates"":[]}"
3525_0,0.093851134,0.6190834,0.047387607,8,1084,"{""type"":""MultiPoint"",""coordinates"":[]}"
3526_0,0.2188195,0.7697063,0.18999468,8,10999,"{""type"":""MultiPoint"",""coordinates"":[]}"
3527_0,0.09502525,0.6910919,0.05482439,8,15399,"{""type"":""MultiPoint"",""coordinates"":[]}"
3528_0,0.0028769674,0.5549343,-0.016619518,8,22039,"{""type"":""MultiPoint"",""coordinates"":[]}"
3529_0,-0.12740214,0.4166407,-0.15568122,8,10989,"{""type"":""MultiPoint"",""coordinates"":[]}"
3530_0,0.10022343,0.75253034,0.08666775,8,21791,"{""type"":""MultiPoint"",""coordinates"":[]}"
3531_0,0.14996968,0.37339616,0.08841384,8,5548,"{""type"":""MultiPoint"",""coordinates"":[]}"
3532_0,0.24085365,0.77840614,0.19597103,8,5183,"{""type"":""MultiPoint"",""coordinates"":[]}"
3533_0,0.0848789,0.65085745,0.035647333,8,16060,"{""type"":""MultiPoint"",""coordinates"":[]}"
3534_0,0.15357015,0.6216676,0.1135222,8,19907,"{""type"":""MultiPoint"",""coordinates"":[]}"
3535_0,0.020453045,0.47225207,-0.02627296,8,7301,"{""type"":""MultiPoint"",""coordinates"":[]}"
3536_0,0.051454138,0.5426357,3.14169E-4,8,6421,"{""type"":""MultiPoint"",""coordinates"":[]}"
3537_0,0.02638932,0.46669817,-0.0025396824,8,24990,"{""type"":""MultiPoint"",""coordinates"":[]}"
3538_0,0.03749062,0.5595334,-0.0023702302,8,5799,"{""type"":""MultiPoint"",""coordinates"":[]}"
3539_0,0.09819151,0.56992614,0.07091776,8,3035,"{""type"":""MultiPoint"",""coordinates"":[]}"
3540_0,-0.024808299,0.46975175,-0.04763392,8,21845,"{""type"":""MultiPoint"",""coordinates"":[]}"
3541_0,-0.1653622,0.20532675,-0.21919902,8,24097,"{""type"":""MultiPoint"",""coordinates"":[]}"
3542_0,-0.113043256,0.39219463,-0.16621484,8,19469,"{""type"":""MultiPoint"",""coordinates"":[]}"
3543_0,0.09835336,0.6083,0.05212177,8,20286,"{""type"":""MultiPoint"",""coordinates"":[]}"
3544_0,0.010642677,0.64116544,-0.01929258,8,13328,"{""type"":""MultiPoint"",""coordinates"":[]}"
3545_0,-0.014933089,0.440519,-0.043484207,8,1276,"{""type"":""MultiPoint"",""coordinates"":[]}"
3546_0,0.17863192,0.7138544,0.106538214,8,8442,"{""type"":""MultiPoint"",""coordinates"":[]}"
3547_0,0.106235564,0.67418855,0.086677365,8,5883,"{""type"":""MultiPoint"",""coordinates"":[]}"
3548_0,-0.049261082,0.48956355,-0.08079625,8,18332,"{""type"":""MultiPoint"",""coordinates"":[]}"
3549_0,0.13707654,0.7819947,0.10660455,8,14161,"{""type"":""MultiPoint"",""coordinates"":[]}"
3550_0,0.13947146,0.69180566,0.10949,8,24812,"{""type"":""MultiPoint"",""coordinates"":[]}"
3551_0,0.10725893,0.65136284,0.06484773,8,8833,"{""type"":""MultiPoint"",""coordinates"":[]}"
3552_0,0.12223393,0.5851368,0.08386032,8,10557,"{""type"":""MultiPoint"",""coordinates"":[]}"
3553_0,0.030143708,0.4853738,-0.02094818,8,6425,"{""type"":""MultiPoint"",""coordinates"":[]}"
3554_0,-0.06802375,0.33691275,-0.113405734,8,6289,"{""type"":""MultiPoint"",""coordinates"":[]}"
3555_0,0.10469651,0.39445645,0.047807414,8,24128,"{""type"":""MultiPoint"",""coordinates"":[]}"
3556_0,-0.017759122,0.4176878,-0.07601351,8,7163,"{""type"":""MultiPoint"",""coordinates"":[]}"
3557_0,0.007844182,0.42431208,-0.0144357495,8,25484,"{""type"":""MultiPoint"",""coordinates"":[]}"
3558_0,0.12429866,0.5849057,0.0759697,8,13340,"{""type"":""MultiPoint"",""coordinates"":[]}"
3559_0,0.25437897,0.65872633,0.19183782,8,5393,"{""type"":""MultiPoint"",""coordinates"":[]}"
3560_0,0.035481386,0.62507373,-0.008788997,8,1588,"{""type"":""MultiPoint"",""coordinates"":[]}"
3561_0,-0.097222224,0.3638321,-0.07213475,8,25307,"{""type"":""MultiPoint"",""coordinates"":[]}"
3562_0,0.1551631,0.74911946,0.1530262,8,15569,"{""type"":""MultiPoint"",""coordinates"":[]}"
3563_0,0.42977893,0.79640716,0.4036388,8,11018,"{""type"":""MultiPoint"",""coordinates"":[]}"
3564_0,-0.2749418,0.10191441,-0.29591653,8,14055,"{""type"":""MultiPoint"",""coordinates"":[]}"
3565_0,0.012103049,0.4802509,-0.010019299,8,22230,"{""type"":""MultiPoint"",""coordinates"":[]}"
3566_0,-0.032872993,0.30225137,-0.11202796,8,6909,"{""type"":""MultiPoint"",""coordinates"":[]}"
3567_0,0.08707787,0.6212658,0.054887272,8,1453,"{""type"":""MultiPoint"",""coordinates"":[]}"
3568_0,0.05042301,0.7435056,0.060463607,8,10210,"{""type"":""MultiPoint"",""coordinates"":[]}"
3569_0,0.18485603,0.76477087,0.16451085,8,3108,"{""type"":""MultiPoint"",""coordinates"":[]}"
3570_0,0.16678597,0.70574844,0.11314761,8,2332,"{""type"":""MultiPoint"",""coordinates"":[]}"
3571_0,0.06887001,0.43534896,0.022494031,8,18261,"{""type"":""MultiPoint"",""coordinates"":[]}"
3572_0,0.16325754,0.749998,0.15560946,8,12783,"{""type"":""MultiPoint"",""coordinates"":[]}"
3573_0,0.105564326,0.6391346,0.082483,8,9936,"{""type"":""MultiPoint"",""coordinates"":[]}"
3574_0,0.06352896,0.45777678,0.048517335,8,20781,"{""type"":""MultiPoint"",""coordinates"":[]}"
3575_0,0.109548055,0.7066975,0.074671865,8,22416,"{""type"":""MultiPoint"",""coordinates"":[]}"
3576_0,-0.16200471,0.28748924,-0.20790973,8,18857,"{""type"":""MultiPoint"",""coordinates"":[]}"
3577_0,-0.07329617,0.3483348,-0.11558916,8,9532,"{""type"":""MultiPoint"",""coordinates"":[]}"
3578_0,-0.04928806,0.37149465,-0.11213518,8,17736,"{""type"":""MultiPoint"",""coordinates"":[]}"
3579_0,0.08114146,0.633909,0.030480484,8,668,"{""type"":""MultiPoint"",""coordinates"":[]}"
3580_0,0.037814368,0.67958814,0.029515501,8,22710,"{""type"":""MultiPoint"",""coordinates"":[]}"
3581_0,-0.019843852,0.49302208,-0.015888944,8,6741,"{""type"":""MultiPoint"",""coordinates"":[]}"
3582_0,0.19852284,0.5805746,0.14093183,8,15022,"{""type"":""MultiPoint"",""coordinates"":[]}"
3583_0,0.075292856,0.61142015,0.032777093,8,7609,"{""type"":""MultiPoint"",""coordinates"":[]}"
3584_0,0.15417203,0.6629895,0.13565604,8,19079,"{""type"":""MultiPoint"",""coordinates"":[]}"
3585_0,-4.8530402E-4,0.5358211,-0.047787514,8,9871,"{""type"":""MultiPoint"",""coordinates"":[]}"
3586_0,-0.1532095,0.32371506,-0.18862559,8,21402,"{""type"":""MultiPoint"",""coordinates"":[]}"
3587_0,0.1761614,0.7758447,0.15178587,8,10339,"{""type"":""MultiPoint"",""coordinates"":[]}"
3588_0,0.3388993,0.8613757,0.305282,8,21081,"{""type"":""MultiPoint"",""coordinates"":[]}"
3589_0,0.32245016,0.85966384,0.3217643,8,22537,"{""type"":""MultiPoint"",""coordinates"":[]}"
3590_0,-0.038921133,0.4387417,-0.079449154,8,8743,"{""type"":""MultiPoint"",""coordinates"":[]}"
3591_0,0.1546776,0.7854821,0.20094734,8,11082,"{""type"":""MultiPoint"",""coordinates"":[]}"
3592_0,-0.08097166,0.3506891,-0.13487004,8,9500,"{""type"":""MultiPoint"",""coordinates"":[]}"
3593_0,-0.028713075,0.5090351,-0.05749574,8,16714,"{""type"":""MultiPoint"",""coordinates"":[]}"
3594_0,-0.05147541,0.5022272,-0.086198136,8,4844,"{""type"":""MultiPoint"",""coordinates"":[]}"
3595_0,0.17444219,0.75095785,0.13534154,8,14237,"{""type"":""MultiPoint"",""coordinates"":[]}"
3596_0,-0.10259398,0.4012062,-0.13255635,8,24967,"{""type"":""MultiPoint"",""coordinates"":[]}"
3597_0,-0.014197531,0.46854147,-0.03552982,8,16794,"{""type"":""MultiPoint"",""coordinates"":[]}"
3598_0,0.022523286,0.36099786,0.006451613,8,2393,"{""type"":""MultiPoint"",""coordinates"":[]}"
3599_0,0.08290242,0.6141515,0.025373403,8,8679,"{""type"":""MultiPoint"",""coordinates"":[]}"
3600_0,0.13126968,0.75752455,0.0885829,8,8147,"{""type"":""MultiPoint"",""coordinates"":[]}"
3601_0,0.036175404,0.5147888,0.02192934,8,9994,"{""type"":""MultiPoint"",""coordinates"":[]}"
3602_0,0.054757092,0.5662168,0.027895447,8,3211,"{""type"":""MultiPoint"",""coordinates"":[]}"
3603_0,0.070510164,0.48495868,-0.005534647,8,7138,"{""type"":""MultiPoint"",""coordinates"":[]}"
3604_0,0.24058616,0.6783823,0.24784127,8,9841,"{""type"":""MultiPoint"",""coordinates"":[]}"
3605_0,0.21770807,0.879914,0.20270208,8,16705,"{""type"":""MultiPoint"",""coordinates"":[]}"
3606_0,0.19928703,0.63844264,0.16151379,8,24112,"{""type"":""MultiPoint"",""coordinates"":[]}"
3607_0,0.1961321,0.7621266,0.18678479,8,6515,"{""type"":""MultiPoint"",""coordinates"":[]}"
3608_0,0.16700128,0.7876788,0.16724044,8,18421,"{""type"":""MultiPoint"",""coordinates"":[]}"
3609_0,-0.037564255,0.33942252,-0.074699774,8,1247,"{""type"":""MultiPoint"",""coordinates"":[]}"
3610_0,0.06371492,0.5479218,0.034597214,8,23095,"{""type"":""MultiPoint"",""coordinates"":[]}"
3611_0,-0.070651576,0.4035623,-0.13387516,8,12437,"{""type"":""MultiPoint"",""coordinates"":[]}"
3612_0,0.10218858,0.6388309,0.07021131,8,6440,"{""type"":""MultiPoint"",""coordinates"":[]}"
3613_0,0.16182032,0.7161865,0.12728237,8,7112,"{""type"":""MultiPoint"",""coordinates"":[]}"
3614_0,0.04233435,0.5387998,-0.015329964,8,23668,"{""type"":""MultiPoint"",""coordinates"":[]}"
3615_0,0.14725585,0.68640214,0.11209941,8,10430,"{""type"":""MultiPoint"",""coordinates"":[]}"
3616_0,0.19212,0.76301473,0.16388202,8,12854,"{""type"":""MultiPoint"",""coordinates"":[]}"
3617_0,-0.03900156,0.5229462,-0.08257477,8,17867,"{""type"":""MultiPoint"",""coordinates"":[]}"
3618_0,0.10467233,0.680214,0.08095338,8,14258,"{""type"":""MultiPoint"",""coordinates"":[]}"
3619_0,0.035117056,0.5506346,-0.0024322446,8,21236,"{""type"":""MultiPoint"",""coordinates"":[]}"
3620_0,-0.06290592,0.30538923,-0.062715106,8,18468,"{""type"":""MultiPoint"",""coordinates"":[]}"
3621_0,0.18657754,0.75162125,0.15781778,8,4950,"{""type"":""MultiPoint"",""coordinates"":[]}"
3622_0,0.21045667,0.787615,0.17319891,8,12069,"{""type"":""MultiPoint"",""coordinates"":[]}"
3623_0,0.01907171,0.43523064,-0.004140915,8,457,"{""type"":""MultiPoint"",""coordinates"":[]}"
3624_0,0.27842826,0.810096,0.25353393,8,11617,"{""type"":""MultiPoint"",""coordinates"":[]}"
3625_0,0.029541366,0.6815262,0.02009665,8,1106,"{""type"":""MultiPoint"",""coordinates"":[]}"
3626_0,0.19000766,0.7430516,0.16902575,8,5815,"{""type"":""MultiPoint"",""coordinates"":[]}"
3627_0,0.031614512,0.6560582,0.032981884,8,24382,"{""type"":""MultiPoint"",""coordinates"":[]}"
3628_0,0.12109769,0.733957,0.0929352,8,3532,"{""type"":""MultiPoint"",""coordinates"":[]}"
3629_0,-0.039104383,0.44014448,-0.07536856,8,4834,"{""type"":""MultiPoint"",""coordinates"":[]}"
3630_0,0.22587933,0.78336656,0.1889442,8,3776,"{""type"":""MultiPoint"",""coordinates"":[]}"
3631_0,0.13591309,0.77186847,0.098180875,8,7033,"{""type"":""MultiPoint"",""coordinates"":[]}"
3632_0,-0.068287805,0.3486569,-0.123154484,8,4985,"{""type"":""MultiPoint"",""coordinates"":[]}"
3633_0,0.12587701,0.71514505,0.08329485,8,20935,"{""type"":""MultiPoint"",""coordinates"":[]}"
3634_0,0.14185432,0.771313,0.13217632,8,2334,"{""type"":""MultiPoint"",""coordinates"":[]}"
3635_0,0.25005588,0.83403414,0.23631133,8,12101,"{""type"":""MultiPoint"",""coordinates"":[]}"
3636_0,0.0461997,0.6520169,0.042317957,8,19819,"{""type"":""MultiPoint"",""coordinates"":[]}"
3637_0,0.2427739,0.6073487,0.2276544,8,6145,"{""type"":""MultiPoint"",""coordinates"":[]}"
3638_0,0.111484595,0.649635,0.06540955,8,14228,"{""type"":""MultiPoint"",""coordinates"":[]}"
3639_0,0.06387383,0.5781486,0.018519923,8,21148,"{""type"":""MultiPoint"",""coordinates"":[]}"
3640_0,0.0074196206,0.55305654,-0.05558478,8,24567,"{""type"":""MultiPoint"",""coordinates"":[]}"
3641_0,0.044885688,0.6262823,-0.006457872,8,15819,"{""type"":""MultiPoint"",""coordinates"":[]}"
3642_0,0.31769708,0.8647435,0.30666766,8,22231,"{""type"":""MultiPoint"",""coordinates"":[]}"
3643_0,-0.022055253,0.53226495,-0.06371641,8,14045,"{""type"":""MultiPoint"",""coordinates"":[]}"
3644_0,0.0736237,0.5471698,0.013452915,8,19017,"{""type"":""MultiPoint"",""coordinates"":[]}"
3645_0,0.13326627,0.64095724,0.10716714,8,15959,"{""type"":""MultiPoint"",""coordinates"":[]}"
3646_0,-0.042069945,0.28648636,-0.05195472,8,4957,"{""type"":""MultiPoint"",""coordinates"":[]}"
3647_0,-0.056253415,0.44261312,-0.093067065,8,7395,"{""type"":""MultiPoint"",""coordinates"":[]}"
3648_0,0.28979436,0.76933897,0.24737692,8,13477,"{""type"":""MultiPoint"",""coordinates"":[]}"
3649_0,0.14692461,0.52106553,0.07298691,8,4336,"{""type"":""MultiPoint"",""coordinates"":[]}"
3650_0,0.07447529,0.5461499,0.051682275,8,14927,"{""type"":""MultiPoint"",""coordinates"":[]}"
3651_0,-0.026569245,0.4377447,-0.054588877,8,16319,"{""type"":""MultiPoint"",""coordinates"":[]}"
3652_0,0.2379274,0.6712989,0.23123688,8,18167,"{""type"":""MultiPoint"",""coordinates"":[]}"
3653_0,0.09226099,0.6039758,0.009854633,8,11467,"{""type"":""MultiPoint"",""coordinates"":[]}"
3654_0,0.07429486,0.6126322,0.021719549,8,13766,"{""type"":""MultiPoint"",""coordinates"":[]}"
3655_0,-0.20725968,0.32731792,-0.2566973,8,1012,"{""type"":""MultiPoint"",""coordinates"":[]}"
3656_0,0.18088251,0.77430797,0.17590739,8,8344,"{""type"":""MultiPoint"",""coordinates"":[]}"
3657_0,0.24825072,0.7964679,0.22095609,8,9033,"{""type"":""MultiPoint"",""coordinates"":[]}"
3658_0,0.15778895,0.593718,0.1567126,8,5332,"{""type"":""MultiPoint"",""coordinates"":[]}"
3659_0,0.20931731,0.72256297,0.19833101,8,24403,"{""type"":""MultiPoint"",""coordinates"":[]}"
3660_0,0.025337232,0.48207402,-0.013656139,8,18966,"{""type"":""MultiPoint"",""coordinates"":[]}"
3661_0,0.061277833,0.50636464,0.03635636,8,25379,"{""type"":""MultiPoint"",""coordinates"":[]}"
3662_0,0.093116455,0.60485095,0.010103359,8,17128,"{""type"":""MultiPoint"",""coordinates"":[]}"
3663_0,0.2054054,0.84679484,0.2127973,8,18976,"{""type"":""MultiPoint"",""coordinates"":[]}"
3664_0,0.16041309,0.7134789,0.14044453,8,6726,"{""type"":""MultiPoint"",""coordinates"":[]}"
3665_0,-0.026888166,0.42587975,-0.07570865,8,9791,"{""type"":""MultiPoint"",""coordinates"":[]}"
3666_0,0.12924145,0.66520506,0.07896861,8,5324,"{""type"":""MultiPoint"",""coordinates"":[]}"
3667_0,-0.110234074,0.3788648,-0.15331744,8,19793,"{""type"":""MultiPoint"",""coordinates"":[]}"
3668_0,0.22113536,0.8271396,0.17720003,8,20210,"{""type"":""MultiPoint"",""coordinates"":[]}"
3669_0,0.1730951,0.75412565,0.12474575,8,16895,"{""type"":""MultiPoint"",""coordinates"":[]}"
3670_0,0.16100028,0.66844916,0.12505126,8,5979,"{""type"":""MultiPoint"",""coordinates"":[]}"
3671_0,0.083868824,0.62081546,0.045927234,8,4953,"{""type"":""MultiPoint"",""coordinates"":[]}"
3672_0,0.1804774,0.74889624,0.13535653,8,18672,"{""type"":""MultiPoint"",""coordinates"":[]}"
3673_0,9.3196647E-4,0.5287178,-0.052382827,8,17861,"{""type"":""MultiPoint"",""coordinates"":[]}"
3674_0,0.20691584,0.73149705,0.16581392,8,25057,"{""type"":""MultiPoint"",""coordinates"":[]}"
3675_0,0.016283248,0.43852985,-0.034589633,8,17668,"{""type"":""MultiPoint"",""coordinates"":[]}"
3676_0,0.27809802,0.8555795,0.26664123,8,3308,"{""type"":""MultiPoint"",""coordinates"":[]}"
3677_0,-0.023767443,0.48353463,-0.02871227,8,21443,"{""type"":""MultiPoint"",""coordinates"":[]}"
3678_0,-0.18807037,0.16485426,-0.2292489,8,19701,"{""type"":""MultiPoint"",""coordinates"":[]}"
3679_0,0.093847565,0.5522914,0.043227665,8,22769,"{""type"":""MultiPoint"",""coordinates"":[]}"
3680_0,-0.07577808,0.30022803,-0.09311314,8,708,"{""type"":""MultiPoint"",""coordinates"":[]}"
3681_0,0.0042819004,0.4422138,-0.04672878,8,10076,"{""type"":""MultiPoint"",""coordinates"":[]}"
3682_0,0.005065856,0.6444296,-0.051412873,8,4388,"{""type"":""MultiPoint"",""coordinates"":[]}"
3683_0,-0.04534005,0.36191604,-0.1155914,8,23449,"{""type"":""MultiPoint"",""coordinates"":[]}"
3684_0,0.07288845,0.65677327,0.043326553,8,13829,"{""type"":""MultiPoint"",""coordinates"":[]}"
3685_0,0.0075747822,0.5401777,-0.049068894,8,15024,"{""type"":""MultiPoint"",""coordinates"":[]}"
3686_0,-0.14023796,0.21894269,-0.22785668,8,24711,"{""type"":""MultiPoint"",""coordinates"":[]}"
3687_0,0.18168096,0.7204922,0.13471109,8,20108,"{""type"":""MultiPoint"",""coordinates"":[]}"
3688_0,0.23419736,0.62970585,0.23800594,8,4772,"{""type"":""MultiPoint"",""coordinates"":[]}"
3689_0,0.05867498,0.60250896,0.021386541,8,11335,"{""type"":""MultiPoint"",""coordinates"":[]}"
3690_0,0.11689291,0.67250156,0.0907918,8,11149,"{""type"":""MultiPoint"",""coordinates"":[]}"
3691_0,0.3960605,0.9013158,0.3628747,8,19746,"{""type"":""MultiPoint"",""coordinates"":[]}"
3692_0,0.071691014,0.5726438,0.010739176,8,4704,"{""type"":""MultiPoint"",""coordinates"":[]}"
3693_0,0.08943504,0.3663938,0.086098984,8,13263,"{""type"":""MultiPoint"",""coordinates"":[]}"
3694_0,0.25954548,0.7662343,0.2225572,8,1944,"{""type"":""MultiPoint"",""coordinates"":[]}"
3695_0,0.14837576,0.7305644,0.14265512,8,14977,"{""type"":""MultiPoint"",""coordinates"":[]}"
3696_0,-0.03178365,0.60574716,-0.053587068,8,15250,"{""type"":""MultiPoint"",""coordinates"":[]}"
3697_0,1.8737119E-4,0.53685504,-0.036519036,8,24201,"{""type"":""MultiPoint"",""coordinates"":[]}"
3698_0,-0.18320733,0.30968767,-0.20403187,8,6419,"{""type"":""MultiPoint"",""coordinates"":[]}"
3699_0,0.19251667,0.7496332,0.17041557,8,15076,"{""type"":""MultiPoint"",""coordinates"":[]}"
3700_0,0.021614749,0.5912603,-0.034170855,8,6455,"{""type"":""MultiPoint"",""coordinates"":[]}"
3701_0,0.14875925,0.70435005,0.11630992,8,19837,"{""type"":""MultiPoint"",""coordinates"":[]}"
3702_0,0.20448977,0.6686855,0.19622737,8,4036,"{""type"":""MultiPoint"",""coordinates"":[]}"
3703_0,-0.08066001,0.4787255,-0.104545735,8,19386,"{""type"":""MultiPoint"",""coordinates"":[]}"
3704_0,-0.12187156,0.39496315,-0.1839156,8,5535,"{""type"":""MultiPoint"",""coordinates"":[]}"
3705_0,0.156906,0.69605654,0.119134784,8,23533,"{""type"":""MultiPoint"",""coordinates"":[]}"
3706_0,0.23539284,0.82963514,0.23088835,8,11635,"{""type"":""MultiPoint"",""coordinates"":[]}"
3707_0,-0.18585859,0.27563754,-0.2124105,8,6417,"{""type"":""MultiPoint"",""coordinates"":[]}"
3708_0,0.04979838,0.53488004,0.011116012,8,8141,"{""type"":""MultiPoint"",""coordinates"":[]}"
3709_0,-0.0054580895,0.47519085,-0.04430508,8,20511,"{""type"":""MultiPoint"",""coordinates"":[]}"
3710_0,-0.024791352,0.49049893,-0.058770694,8,7682,"{""type"":""MultiPoint"",""coordinates"":[]}"
3711_0,0.2142731,0.73712355,0.16233522,8,12649,"{""type"":""MultiPoint"",""coordinates"":[]}"
3712_0,-0.07672045,0.45753273,-0.110922374,8,14393,"{""type"":""MultiPoint"",""coordinates"":[]}"
3713_0,-0.067063615,0.4473753,-0.09974009,8,8665,"{""type"":""MultiPoint"",""coordinates"":[]}"
3714_0,0.21437271,0.57313603,0.17193131,8,8972,"{""type"":""MultiPoint"",""coordinates"":[]}"
3715_0,0.14570186,0.67228043,0.09548311,8,13551,"{""type"":""MultiPoint"",""coordinates"":[]}"
3716_0,-0.01017977,0.38398486,-0.033816423,8,7732,"{""type"":""MultiPoint"",""coordinates"":[]}"
3717_0,-0.0076955515,0.43990308,-0.09820348,8,19395,"{""type"":""MultiPoint"",""coordinates"":[]}"
3718_0,0.16734093,0.61465913,0.13457395,8,1423,"{""type"":""MultiPoint"",""coordinates"":[]}"
3719_0,0.2655346,0.7040624,0.23027888,8,15769,"{""type"":""MultiPoint"",""coordinates"":[]}"
3720_0,-0.10783451,0.44083434,-0.16717042,8,15929,"{""type"":""MultiPoint"",""coordinates"":[]}"
3721_0,0.120628126,0.82810867,0.18489672,8,17426,"{""type"":""MultiPoint"",""coordinates"":[]}"
3722_0,0.19451694,0.7391719,0.1379343,8,17013,"{""type"":""MultiPoint"",""coordinates"":[]}"
3723_0,-0.098104626,0.18622497,-0.081877254,8,701,"{""type"":""MultiPoint"",""coordinates"":[]}"
3724_0,0.014675309,0.5614778,-0.035471834,8,17890,"{""type"":""MultiPoint"",""coordinates"":[]}"
3725_0,0.0682775,0.45327756,0.036087558,8,25326,"{""type"":""MultiPoint"",""coordinates"":[]}"
3726_0,-0.021664057,0.38191277,-0.06945005,8,19453,"{""type"":""MultiPoint"",""coordinates"":[]}"
3727_0,0.06046394,0.63141114,0.046654295,8,16277,"{""type"":""MultiPoint"",""coordinates"":[]}"
3728_0,0.19193284,0.6527317,0.15554367,8,15280,"{""type"":""MultiPoint"",""coordinates"":[]}"
3729_0,0.051513568,0.66062856,0.005578574,8,19667,"{""type"":""MultiPoint"",""coordinates"":[]}"
3730_0,0.10485574,0.72821915,0.09514494,8,16228,"{""type"":""MultiPoint"",""coordinates"":[]}"
3731_0,0.008305748,0.38007554,-0.023463694,8,2704,"{""type"":""MultiPoint"",""coordinates"":[]}"
3732_0,-0.019682886,0.5652048,-0.06895692,8,9163,"{""type"":""MultiPoint"",""coordinates"":[]}"
3733_0,-0.109770805,0.30991217,-0.17011128,8,9618,"{""type"":""MultiPoint"",""coordinates"":[]}"
3734_0,-0.053751167,0.27817747,-0.07745364,8,24521,"{""type"":""MultiPoint"",""coordinates"":[]}"
3735_0,0.14875188,0.6944044,0.12012497,8,22028,"{""type"":""MultiPoint"",""coordinates"":[]}"
3736_0,-0.053175014,0.48915797,-0.07481559,8,17776,"{""type"":""MultiPoint"",""coordinates"":[]}"
3737_0,0.014936661,0.507183,-0.03736348,8,1981,"{""type"":""MultiPoint"",""coordinates"":[]}"
3738_0,0.13725263,0.67574614,0.05820468,8,4110,"{""type"":""MultiPoint"",""coordinates"":[]}"
3739_0,0.13358036,0.62755454,0.09941432,8,3922,"{""type"":""MultiPoint"",""coordinates"":[]}"
3740_0,0.08110621,0.5491552,0.03617945,8,9973,"{""type"":""MultiPoint"",""coordinates"":[]}"
3741_0,-0.036085926,0.49482387,-0.07064976,8,15915,"{""type"":""MultiPoint"",""coordinates"":[]}"
3742_0,0.06743516,0.5568513,0.101702444,8,19290,"{""type"":""MultiPoint"",""coordinates"":[]}"
3743_0,-0.10045662,0.33296338,-0.15969518,8,21798,"{""type"":""MultiPoint"",""coordinates"":[]}"
3744_0,0.05146705,0.55895865,0.017123858,8,5764,"{""type"":""MultiPoint"",""coordinates"":[]}"
3745_0,0.27210262,0.6714329,0.26706642,8,6035,"{""type"":""MultiPoint"",""coordinates"":[]}"
3746_0,0.06973321,0.31497175,0.051226694,8,5382,"{""type"":""MultiPoint"",""coordinates"":[]}"
3747_0,0.34408602,0.8625036,0.30983078,8,6390,"{""type"":""MultiPoint"",""coordinates"":[]}"
3748_0,0.0598778,0.50865674,0.01965812,8,11900,"{""type"":""MultiPoint"",""coordinates"":[]}"
3749_0,-0.04040766,0.51261044,-0.08954081,8,23005,"{""type"":""MultiPoint"",""coordinates"":[]}"
3750_0,0.20166689,0.6971741,0.16693085,8,15877,"{""type"":""MultiPoint"",""coordinates"":[]}"
3751_0,-0.06332715,0.44998065,-0.09614372,8,20776,"{""type"":""MultiPoint"",""coordinates"":[]}"
3752_0,0.11352848,0.7320341,0.11265096,8,14994,"{""type"":""MultiPoint"",""coordinates"":[]}"
3753_0,0.2665925,0.8559417,0.25203252,8,12811,"{""type"":""MultiPoint"",""coordinates"":[]}"
3754_0,0.1008476,0.6469555,0.053680133,8,12860,"{""type"":""MultiPoint"",""coordinates"":[]}"
3755_0,0.015485928,0.48974788,7.8341784E-4,8,5511,"{""type"":""MultiPoint"",""coordinates"":[]}"
3756_0,0.0663823,0.54421467,-0.0016835016,8,19932,"{""type"":""MultiPoint"",""coordinates"":[]}"
3757_0,0.16084194,0.77035356,0.14035802,8,2374,"{""type"":""MultiPoint"",""coordinates"":[]}"
3758_0,-0.026067704,0.3140353,-0.056973487,8,19908,"{""type"":""MultiPoint"",""coordinates"":[]}"
3759_0,0.046040516,0.583623,-0.031698972,8,16070,"{""type"":""MultiPoint"",""coordinates"":[]}"
3760_0,-0.014093839,0.47439525,-0.05568973,8,20249,"{""type"":""MultiPoint"",""coordinates"":[]}"
3761_0,0.19768505,0.5686988,0.15234375,8,12425,"{""type"":""MultiPoint"",""coordinates"":[]}"
3762_0,-0.03557229,0.49948373,-0.07692974,8,13189,"{""type"":""MultiPoint"",""coordinates"":[]}"
3763_0,-0.029544316,0.40314135,-0.08420493,8,17021,"{""type"":""MultiPoint"",""coordinates"":[]}"
3764_0,0.26159793,0.64797026,0.22340186,8,14400,"{""type"":""MultiPoint"",""coordinates"":[]}"
3765_0,0.1803297,0.71892744,0.17409317,8,11418,"{""type"":""MultiPoint"",""coordinates"":[]}"
3766_0,0.086419754,0.69188595,0.08356742,8,14760,"{""type"":""MultiPoint"",""coordinates"":[]}"
3767_0,0.12499219,0.66661173,0.06277509,8,9248,"{""type"":""MultiPoint"",""coordinates"":[]}"
3768_0,0.2816955,0.8616683,0.28224665,8,6206,"{""type"":""MultiPoint"",""coordinates"":[]}"
3769_0,-0.12455454,0.2833647,-0.15921573,8,23377,"{""type"":""MultiPoint"",""coordinates"":[]}"
3770_0,0.12928663,0.58899254,0.12172707,8,20903,"{""type"":""MultiPoint"",""coordinates"":[]}"
3771_0,0.2515638,0.6526674,0.23555556,8,25251,"{""type"":""MultiPoint"",""coordinates"":[]}"
3772_0,-0.010011427,0.51314104,-0.04214006,8,17597,"{""type"":""MultiPoint"",""coordinates"":[]}"
3773_0,0.25652713,0.8018341,0.23923106,8,9682,"{""type"":""MultiPoint"",""coordinates"":[]}"
3774_0,-0.09054878,0.38078985,-0.11624278,8,21247,"{""type"":""MultiPoint"",""coordinates"":[]}"
3775_0,-0.19952047,0.3571885,-0.23479466,8,10191,"{""type"":""MultiPoint"",""coordinates"":[]}"
3776_0,0.12595682,0.57013214,0.096740186,8,1224,"{""type"":""MultiPoint"",""coordinates"":[]}"
3777_0,0.049638364,0.50590384,0.021524798,8,22177,"{""type"":""MultiPoint"",""coordinates"":[]}"
3778_0,-0.054857142,0.44862324,-0.11139294,8,6069,"{""type"":""MultiPoint"",""coordinates"":[]}"
3779_0,0.027167605,0.5620047,-0.0124643305,8,12176,"{""type"":""MultiPoint"",""coordinates"":[]}"
3780_0,0.11071042,0.5894651,0.09689214,8,638,"{""type"":""MultiPoint"",""coordinates"":[]}"
3781_0,0.071288876,0.5930851,0.03665097,8,18086,"{""type"":""MultiPoint"",""coordinates"":[]}"
3782_0,-0.008189263,0.50927585,-0.04462602,8,4877,"{""type"":""MultiPoint"",""coordinates"":[]}"
3783_0,0.20484011,0.6759259,0.13068181,8,345,"{""type"":""MultiPoint"",""coordinates"":[]}"
3784_0,0.20345162,0.73392934,0.14597403,8,12505,"{""type"":""MultiPoint"",""coordinates"":[]}"
3785_0,0.14644447,0.69967747,0.12256373,8,8105,"{""type"":""MultiPoint"",""coordinates"":[]}"
3786_0,0.22849181,0.80737704,0.22130427,8,14971,"{""type"":""MultiPoint"",""coordinates"":[]}"
3787_0,0.03851211,0.710751,0.020940661,8,20995,"{""type"":""MultiPoint"",""coordinates"":[]}"
3788_0,0.17706887,0.7206512,0.1528376,8,22969,"{""type"":""MultiPoint"",""coordinates"":[]}"
3789_0,0.14445561,0.6902849,0.103454985,8,2687,"{""type"":""MultiPoint"",""coordinates"":[]}"
3790_0,0.17015104,0.7681729,0.1496365,8,8951,"{""type"":""MultiPoint"",""coordinates"":[]}"
3791_0,0.118652344,0.67000926,0.07680454,8,22122,"{""type"":""MultiPoint"",""coordinates"":[]}"
3792_0,0.11663031,0.6866975,0.10506631,8,12027,"{""type"":""MultiPoint"",""coordinates"":[]}"
3793_0,0.22536957,0.7669071,0.2187083,8,3595,"{""type"":""MultiPoint"",""coordinates"":[]}"
3794_0,-0.07423302,0.22781822,-0.04593828,8,1034,"{""type"":""MultiPoint"",""coordinates"":[]}"
3795_0,0.03381956,0.50537455,-0.008228261,8,23470,"{""type"":""MultiPoint"",""coordinates"":[]}"
3796_0,-0.037277702,0.36067298,-0.08320827,8,16949,"{""type"":""MultiPoint"",""coordinates"":[]}"
3797_0,-0.052117776,0.35990566,-0.07309438,8,22615,"{""type"":""MultiPoint"",""coordinates"":[]}"
3798_0,0.23798883,0.6343641,0.22600564,8,725,"{""type"":""MultiPoint"",""coordinates"":[]}"
3799_0,0.11986589,0.68235964,0.094671495,8,8477,"{""type"":""MultiPoint"",""coordinates"":[]}"
3800_0,0.18205497,0.76342434,0.17605694,8,3351,"{""type"":""MultiPoint"",""coordinates"":[]}"
3801_0,0.12378662,0.64639723,0.07563985,8,5464,"{""type"":""MultiPoint"",""coordinates"":[]}"
3802_0,-0.026690392,0.41813335,-0.033494536,8,7721,"{""type"":""MultiPoint"",""coordinates"":[]}"
3803_0,-0.06795521,0.44106168,-0.112399355,8,12730,"{""type"":""MultiPoint"",""coordinates"":[]}"
3804_0,0.25448146,0.6761415,0.20330028,8,3381,"{""type"":""MultiPoint"",""coordinates"":[]}"
3805_0,-0.024543287,0.33015576,-0.060254402,8,4814,"{""type"":""MultiPoint"",""coordinates"":[]}"
3806_0,0.14374433,0.56809884,0.14633884,8,24386,"{""type"":""MultiPoint"",""coordinates"":[]}"
3807_0,-0.118769094,0.28060216,-0.15056315,8,6148,"{""type"":""MultiPoint"",""coordinates"":[]}"
3808_0,0.09206458,0.70214015,0.044295788,8,3634,"{""type"":""MultiPoint"",""coordinates"":[]}"
3809_0,0.25507665,0.82645816,0.23781234,8,19143,"{""type"":""MultiPoint"",""coordinates"":[]}"
3810_0,0.16908881,0.743407,0.15568155,8,14205,"{""type"":""MultiPoint"",""coordinates"":[]}"
3811_0,-0.018923553,0.37617254,-0.06539252,8,24324,"{""type"":""MultiPoint"",""coordinates"":[]}"
3812_0,0.26327136,0.7267552,0.24931356,8,2008,"{""type"":""MultiPoint"",""coordinates"":[]}"
3813_0,0.02493224,0.3911706,-0.02284788,8,4653,"{""type"":""MultiPoint"",""coordinates"":[]}"
3814_0,0.110766254,0.59500253,0.10937669,8,3522,"{""type"":""MultiPoint"",""coordinates"":[]}"
3815_0,0.07036899,0.5042438,0.039842665,8,1640,"{""type"":""MultiPoint"",""coordinates"":[]}"
3816_0,-0.030637886,0.55773944,-0.09246746,8,18953,"{""type"":""MultiPoint"",""coordinates"":[]}"
3817_0,0.06762715,0.56146544,0.029265257,8,22768,"{""type"":""MultiPoint"",""coordinates"":[]}"
3818_0,0.26900315,0.8426526,0.22601137,8,10090,"{""type"":""MultiPoint"",""coordinates"":[]}"
3819_0,0.23998518,0.83179957,0.21606624,8,4610,"{""type"":""MultiPoint"",""coordinates"":[]}"
3820_0,-0.11853265,0.16113606,-0.11383935,8,6173,"{""type"":""MultiPoint"",""coordinates"":[]}"
3821_0,0.091125876,0.65468836,0.05557522,8,9426,"{""type"":""MultiPoint"",""coordinates"":[]}"
3822_0,0.2618514,0.8182266,0.2513986,8,17756,"{""type"":""MultiPoint"",""coordinates"":[]}"
3823_0,0.15538336,0.7418004,0.106683806,8,6689,"{""type"":""MultiPoint"",""coordinates"":[]}"
3824_0,0.0759662,0.614139,0.05470178,8,10069,"{""type"":""MultiPoint"",""coordinates"":[]}"
3825_0,-0.00735426,0.6279357,-0.031493146,8,5654,"{""type"":""MultiPoint"",""coordinates"":[]}"
3826_0,0.15488411,0.7187134,0.11379723,8,3287,"{""type"":""MultiPoint"",""coordinates"":[]}"
3827_0,0.081425615,0.6539206,0.05371231,8,2638,"{""type"":""MultiPoint"",""coordinates"":[]}"
3828_0,0.18643282,0.8021785,0.1654955,8,8470,"{""type"":""MultiPoint"",""coordinates"":[]}"
3829_0,0.020162992,0.5067607,0.018139185,8,22952,"{""type"":""MultiPoint"",""coordinates"":[]}"
3830_0,-0.0291503,0.5073892,-0.07773155,8,2323,"{""type"":""MultiPoint"",""coordinates"":[]}"
3831_0,-0.058428045,0.4423927,-0.07869544,8,16235,"{""type"":""MultiPoint"",""coordinates"":[]}"
3832_0,-0.23904924,0.21841486,-0.23375556,8,10322,"{""type"":""MultiPoint"",""coordinates"":[]}"
3833_0,0.1663199,0.606557,0.14913753,8,11396,"{""type"":""MultiPoint"",""coordinates"":[]}"
3834_0,0.15692161,0.7211908,0.11187645,8,4424,"{""type"":""MultiPoint"",""coordinates"":[]}"
3835_0,-0.068312176,0.4533201,-0.105710775,8,13469,"{""type"":""MultiPoint"",""coordinates"":[]}"
3836_0,0.13207181,0.7036345,0.087950654,8,6245,"{""type"":""MultiPoint"",""coordinates"":[]}"
3837_0,-0.016016016,0.3070751,-0.062271062,8,11037,"{""type"":""MultiPoint"",""coordinates"":[]}"
3838_0,-0.06671129,0.452319,-0.09542378,8,9809,"{""type"":""MultiPoint"",""coordinates"":[]}"
3839_0,-0.00529462,0.55014324,-0.04213881,8,13400,"{""type"":""MultiPoint"",""coordinates"":[]}"
3840_0,0.1224131,0.5500617,0.09088403,8,1891,"{""type"":""MultiPoint"",""coordinates"":[]}"
3841_0,0.17648168,0.77955395,0.18982364,8,20678,"{""type"":""MultiPoint"",""coordinates"":[]}"
3842_0,0.057691976,0.7109907,0.07954492,8,6111,"{""type"":""MultiPoint"",""coordinates"":[]}"
3843_0,-0.12625308,0.25808704,-0.17101002,8,21383,"{""type"":""MultiPoint"",""coordinates"":[]}"
3844_0,0.24848464,0.63569087,0.21498856,8,7800,"{""type"":""MultiPoint"",""coordinates"":[]}"
3845_0,0.098856926,0.5572298,0.05668429,8,3422,"{""type"":""MultiPoint"",""coordinates"":[]}"
3846_0,0.330131,0.7075174,0.27900755,8,17694,"{""type"":""MultiPoint"",""coordinates"":[]}"
3847_0,0.12606503,0.653897,0.11984353,8,7488,"{""type"":""MultiPoint"",""coordinates"":[]}"
3848_0,0.1846738,0.7404279,0.17099863,8,16360,"{""type"":""MultiPoint"",""coordinates"":[]}"
3849_0,0.10739027,0.6610732,0.07109197,8,11352,"{""type"":""MultiPoint"",""coordinates"":[]}"
3850_0,0.04540728,0.53333336,-0.0058436817,8,4229,"{""type"":""MultiPoint"",""coordinates"":[]}"
3851_0,0.1173603,0.81058455,0.104534626,8,20221,"{""type"":""MultiPoint"",""coordinates"":[]}"
3852_0,0.14695215,0.52218354,0.11774899,8,22162,"{""type"":""MultiPoint"",""coordinates"":[]}"
3853_0,0.17948718,0.7230047,0.15187445,8,17464,"{""type"":""MultiPoint"",""coordinates"":[]}"
3854_0,-0.051244404,0.4656597,-0.08761433,8,20250,"{""type"":""MultiPoint"",""coordinates"":[]}"
3855_0,0.05517748,0.5655139,0.029987302,8,22702,"{""type"":""MultiPoint"",""coordinates"":[]}"
3856_0,-0.02408594,0.44071195,-0.041103147,8,25441,"{""type"":""MultiPoint"",""coordinates"":[]}"
3857_0,0.04731526,0.59578705,0.009463723,8,9655,"{""type"":""MultiPoint"",""coordinates"":[]}"
3858_0,0.032298516,0.54629683,-0.006067517,8,22089,"{""type"":""MultiPoint"",""coordinates"":[]}"
3859_0,0.054655515,0.6028825,0.001345097,8,22807,"{""type"":""MultiPoint"",""coordinates"":[]}"
3860_0,0.24354623,0.72476304,0.21481487,8,9229,"{""type"":""MultiPoint"",""coordinates"":[]}"
3861_0,0.038705584,0.47348985,-0.026829269,8,3277,"{""type"":""MultiPoint"",""coordinates"":[]}"
3862_0,0.12436116,0.61948377,0.020893943,8,16712,"{""type"":""MultiPoint"",""coordinates"":[]}"
3863_0,0.19450167,0.77357125,0.16644771,8,18011,"{""type"":""MultiPoint"",""coordinates"":[]}"
3864_0,0.2955498,0.8611962,0.2709491,8,5804,"{""type"":""MultiPoint"",""coordinates"":[]}"
3865_0,0.19945936,0.7376862,0.16354865,8,22213,"{""type"":""MultiPoint"",""coordinates"":[]}"
3866_0,0.1463173,0.6563449,0.0926125,8,20426,"{""type"":""MultiPoint"",""coordinates"":[]}"
3867_0,-0.041824248,0.5340121,-0.07907435,8,23099,"{""type"":""MultiPoint"",""coordinates"":[]}"
3868_0,0.09785072,0.6736833,0.078479536,8,8932,"{""type"":""MultiPoint"",""coordinates"":[]}"
3869_0,0.17522821,0.7796081,0.15247379,8,21049,"{""type"":""MultiPoint"",""coordinates"":[]}"
3870_0,0.1733981,0.76207566,0.1559141,8,17546,"{""type"":""MultiPoint"",""coordinates"":[]}"
3871_0,0.22580644,0.7463091,0.2,8,10290,"{""type"":""MultiPoint"",""coordinates"":[]}"
3872_0,0.27609605,0.68062454,0.2651476,8,18633,"{""type"":""MultiPoint"",""coordinates"":[]}"
3873_0,-0.123595506,0.37626195,-0.15792988,8,616,"{""type"":""MultiPoint"",""coordinates"":[]}"
3874_0,-0.022101449,0.43034825,-0.074553065,8,3690,"{""type"":""MultiPoint"",""coordinates"":[]}"
3875_0,0.27005976,0.86477643,0.25524223,8,6422,"{""type"":""MultiPoint"",""coordinates"":[]}"
3876_0,-0.022133542,0.51613146,-0.05860158,8,1901,"{""type"":""MultiPoint"",""coordinates"":[]}"
3877_0,0.13105844,0.75634056,0.112258434,8,8483,"{""type"":""MultiPoint"",""coordinates"":[]}"
3878_0,0.22104116,0.6469661,0.19943978,8,14048,"{""type"":""MultiPoint"",""coordinates"":[]}"
3879_0,0.1657265,0.55833644,0.12346113,8,408,"{""type"":""MultiPoint"",""coordinates"":[]}"
3880_0,0.06986444,0.550498,0.031823654,8,9642,"{""type"":""MultiPoint"",""coordinates"":[]}"
3881_0,0.016180327,0.5692985,-0.041795336,8,22374,"{""type"":""MultiPoint"",""coordinates"":[]}"
3882_0,0.27681208,0.8437811,0.25393334,8,8688,"{""type"":""MultiPoint"",""coordinates"":[]}"
3883_0,0.13857383,0.6953868,0.10188186,8,20152,"{""type"":""MultiPoint"",""coordinates"":[]}"
3884_0,0.2557139,0.71517754,0.21009818,8,22626,"{""type"":""MultiPoint"",""coordinates"":[]}"
3885_0,0.18368228,0.64463055,0.20096533,8,8290,"{""type"":""MultiPoint"",""coordinates"":[]}"
3886_0,-0.029189618,0.3945078,-0.06582251,8,22385,"{""type"":""MultiPoint"",""coordinates"":[]}"
3887_0,-0.051462777,0.2864468,-0.07318553,8,1231,"{""type"":""MultiPoint"",""coordinates"":[]}"
3888_0,-0.05161883,0.10898808,-0.08430332,8,531,"{""type"":""MultiPoint"",""coordinates"":[]}"
3889_0,0.22241169,0.57208973,0.16088328,8,2081,"{""type"":""MultiPoint"",""coordinates"":[]}"
3890_0,0.11029024,0.7110975,0.094626285,8,15713,"{""type"":""MultiPoint"",""coordinates"":[]}"
3891_0,0.13547486,0.72220653,0.087142855,8,21813,"{""type"":""MultiPoint"",""coordinates"":[]}"
3892_0,0.027119495,0.6109866,0.0048553264,8,5377,"{""type"":""MultiPoint"",""coordinates"":[]}"
3893_0,0.118306525,0.6354513,0.08102345,8,16641,"{""type"":""MultiPoint"",""coordinates"":[]}"
3894_0,0.19086622,0.59261745,0.20395738,8,16206,"{""type"":""MultiPoint"",""coordinates"":[]}"
3895_0,0.2657946,0.84279615,0.25198367,8,8042,"{""type"":""MultiPoint"",""coordinates"":[]}"
3896_0,0.16239159,0.7012529,0.11100068,8,20129,"{""type"":""MultiPoint"",""coordinates"":[]}"
3897_0,-0.12013163,0.3097497,-0.15877564,8,24752,"{""type"":""MultiPoint"",""coordinates"":[]}"
3898_0,0.20365626,0.76782364,0.17374091,8,13530,"{""type"":""MultiPoint"",""coordinates"":[]}"
3899_0,0.014580156,0.49112886,-0.0291541,8,16731,"{""type"":""MultiPoint"",""coordinates"":[]}"
3900_0,0.117084,0.6396001,0.10315815,8,2862,"{""type"":""MultiPoint"",""coordinates"":[]}"
3901_0,0.17237502,0.7138935,0.11965303,8,23777,"{""type"":""MultiPoint"",""coordinates"":[]}"
3902_0,0.007973918,0.60898656,-0.028019726,8,7917,"{""type"":""MultiPoint"",""coordinates"":[]}"
3903_0,0.08118668,0.5870044,0.04274184,8,4706,"{""type"":""MultiPoint"",""coordinates"":[]}"
3904_0,0.15864459,0.66657233,0.13253494,8,24277,"{""type"":""MultiPoint"",""coordinates"":[]}"
3905_0,0.032919377,0.63375586,0.0032773453,8,22835,"{""type"":""MultiPoint"",""coordinates"":[]}"
3906_0,-0.058208905,0.48742718,-0.10573167,8,12348,"{""type"":""MultiPoint"",""coordinates"":[]}"
3907_0,-0.019668754,0.46142262,-0.07275665,8,19447,"{""type"":""MultiPoint"",""coordinates"":[]}"
3908_0,0.20215054,0.65822434,0.1446686,8,6677,"{""type"":""MultiPoint"",""coordinates"":[]}"
3909_0,-0.057955742,0.25437173,-0.06709096,8,23535,"{""type"":""MultiPoint"",""coordinates"":[]}"
3910_0,0.29295322,0.7962453,0.24714586,8,20996,"{""type"":""MultiPoint"",""coordinates"":[]}"
3911_0,0.12161699,0.69464386,0.10036913,8,1687,"{""type"":""MultiPoint"",""coordinates"":[]}"
3912_0,-0.081691295,0.570859,-0.09745939,8,10855,"{""type"":""MultiPoint"",""coordinates"":[]}"
3913_0,0.108084984,0.72142935,0.06439273,8,6070,"{""type"":""MultiPoint"",""coordinates"":[]}"
3914_0,-0.07427626,0.4470783,-0.10850739,8,10961,"{""type"":""MultiPoint"",""coordinates"":[]}"
3915_0,-0.082471155,0.40983513,-0.1591923,8,175,"{""type"":""MultiPoint"",""coordinates"":[]}"
3916_0,0.13982041,0.72516847,0.105312556,8,11983,"{""type"":""MultiPoint"",""coordinates"":[]}"
3917_0,-0.10725076,0.37338784,-0.14643206,8,2617,"{""type"":""MultiPoint"",""coordinates"":[]}"
3918_0,0.098175496,0.6426728,0.043317974,8,17855,"{""type"":""MultiPoint"",""coordinates"":[]}"
3919_0,0.1389505,0.80506116,0.11165691,8,13967,"{""type"":""MultiPoint"",""coordinates"":[]}"
3920_0,0.0069001685,0.31401956,-0.027667107,8,1441,"{""type"":""MultiPoint"",""coordinates"":[]}"
3921_0,0.051297046,0.5004371,0.04962019,8,2930,"{""type"":""MultiPoint"",""coordinates"":[]}"
3922_0,-0.041277494,0.38853502,-0.06930693,8,12953,"{""type"":""MultiPoint"",""coordinates"":[]}"
3923_0,-0.045454547,0.37781352,-0.07915473,8,19714,"{""type"":""MultiPoint"",""coordinates"":[]}"
3924_0,0.019561352,0.61294967,-0.044111528,8,4191,"{""type"":""MultiPoint"",""coordinates"":[]}"
3925_0,0.08208929,0.62336534,0.051327344,8,21262,"{""type"":""MultiPoint"",""coordinates"":[]}"
3926_0,-0.043034364,0.46052435,-0.085546434,8,12252,"{""type"":""MultiPoint"",""coordinates"":[]}"
3927_0,0.37195295,0.811076,0.35885265,8,16084,"{""type"":""MultiPoint"",""coordinates"":[]}"
3928_0,-0.057375338,0.47851002,-0.0948369,8,23155,"{""type"":""MultiPoint"",""coordinates"":[]}"
3929_0,0.030400384,0.6580567,0.003336025,8,18774,"{""type"":""MultiPoint"",""coordinates"":[]}"
3930_0,0.17926267,0.74128234,0.106481485,8,14690,"{""type"":""MultiPoint"",""coordinates"":[]}"
3931_0,0.23779832,0.7663956,0.21183142,8,14152,"{""type"":""MultiPoint"",""coordinates"":[]}"
3932_0,0.1671936,0.6819055,0.12498154,8,14876,"{""type"":""MultiPoint"",""coordinates"":[]}"
3933_0,0.26413536,0.7817776,0.19915299,8,10838,"{""type"":""MultiPoint"",""coordinates"":[]}"
3934_0,-0.08567191,0.38781583,-0.114690974,8,20141,"{""type"":""MultiPoint"",""coordinates"":[]}"
3935_0,0.19296375,0.83163124,0.17973334,8,14097,"{""type"":""MultiPoint"",""coordinates"":[]}"
3936_0,0.1509054,0.64512837,0.11863626,8,13139,"{""type"":""MultiPoint"",""coordinates"":[]}"
3937_0,0.18231842,0.70234114,0.1706754,8,2519,"{""type"":""MultiPoint"",""coordinates"":[]}"
3938_0,0.2267725,0.7089879,0.21516205,8,3147,"{""type"":""MultiPoint"",""coordinates"":[]}"
3939_0,0.06351652,0.60590607,0.037640937,8,8225,"{""type"":""MultiPoint"",""coordinates"":[]}"
3940_0,0.18601309,0.7510571,0.15658915,8,19211,"{""type"":""MultiPoint"",""coordinates"":[]}"
3941_0,0.11930898,0.59779453,0.050814584,8,9418,"{""type"":""MultiPoint"",""coordinates"":[]}"
3942_0,-0.036298487,0.4052993,-0.07759598,8,17711,"{""type"":""MultiPoint"",""coordinates"":[]}"
3943_0,0.2701825,0.8774179,0.2291933,8,16054,"{""type"":""MultiPoint"",""coordinates"":[]}"
3944_0,0.02803235,0.41398257,-0.025370944,8,21358,"{""type"":""MultiPoint"",""coordinates"":[]}"
3945_0,0.31214166,0.805771,0.29721373,8,11816,"{""type"":""MultiPoint"",""coordinates"":[]}"
3946_0,-8.649023E-4,0.3200266,0.014142103,8,22464,"{""type"":""MultiPoint"",""coordinates"":[]}"
3947_0,-0.09559577,0.38943136,-0.14250267,8,19285,"{""type"":""MultiPoint"",""coordinates"":[]}"
3948_0,-0.22759601,0.29399934,-0.27568367,8,5160,"{""type"":""MultiPoint"",""coordinates"":[]}"
3949_0,0.08130979,0.6277133,0.043661434,8,23331,"{""type"":""MultiPoint"",""coordinates"":[]}"
3950_0,0.31839162,0.8503229,0.2749158,8,3386,"{""type"":""MultiPoint"",""coordinates"":[]}"
3951_0,-0.0014476941,0.45920226,-0.026875036,8,19350,"{""type"":""MultiPoint"",""coordinates"":[]}"
3952_0,0.30343008,0.74142116,0.28039217,8,9384,"{""type"":""MultiPoint"",""coordinates"":[]}"
3953_0,0.30614507,0.73045105,0.29701796,8,1574,"{""type"":""MultiPoint"",""coordinates"":[]}"
3954_0,0.05487568,0.5845792,0.011866734,8,23778,"{""type"":""MultiPoint"",""coordinates"":[]}"
3955_0,0.26894316,0.86710656,0.2435784,8,1349,"{""type"":""MultiPoint"",""coordinates"":[]}"
3956_0,0.052587472,0.592658,-0.007126949,8,6876,"{""type"":""MultiPoint"",""coordinates"":[]}"
3957_0,0.2988584,0.6891783,0.13456419,8,13727,"{""type"":""MultiPoint"",""coordinates"":[]}"
3958_0,0.03718643,0.49249497,0.013184004,8,3486,"{""type"":""MultiPoint"",""coordinates"":[]}"
3959_0,0.12098288,0.61208105,0.02594494,8,22488,"{""type"":""MultiPoint"",""coordinates"":[]}"
3960_0,0.2756923,0.68580544,0.27928483,8,14149,"{""type"":""MultiPoint"",""coordinates"":[]}"
3961_0,0.27069876,0.85714287,0.2765543,8,16126,"{""type"":""MultiPoint"",""coordinates"":[]}"
3962_0,0.21761248,0.86052966,0.15220243,8,17381,"{""type"":""MultiPoint"",""coordinates"":[]}"
3963_0,0.11359244,0.6493401,0.081339516,8,3223,"{""type"":""MultiPoint"",""coordinates"":[]}"
3964_0,-0.02968143,0.519171,-0.061008807,8,12810,"{""type"":""MultiPoint"",""coordinates"":[]}"
3965_0,0.21931256,0.6904262,0.18495308,8,265,"{""type"":""MultiPoint"",""coordinates"":[]}"
3966_0,0.27492622,0.74063796,0.267382,8,833,"{""type"":""MultiPoint"",""coordinates"":[]}"
3967_0,0.07619548,0.61347324,0.054669295,8,21275,"{""type"":""MultiPoint"",""coordinates"":[]}"
3968_0,0.056057714,0.62550193,0.014729249,8,23649,"{""type"":""MultiPoint"",""coordinates"":[]}"
3969_0,-0.03196894,0.42041028,-0.07124438,8,20187,"{""type"":""MultiPoint"",""coordinates"":[]}"
3970_0,-0.010983517,0.52902836,-0.0039164177,8,4070,"{""type"":""MultiPoint"",""coordinates"":[]}"
3971_0,-0.021053502,0.41784734,-0.07934877,8,20883,"{""type"":""MultiPoint"",""coordinates"":[]}"
3972_0,-0.036135104,0.5111957,-0.094440654,8,14723,"{""type"":""MultiPoint"",""coordinates"":[]}"
3973_0,0.01835026,0.66779727,-0.029239066,8,22486,"{""type"":""MultiPoint"",""coordinates"":[]}"
3974_0,0.20668398,0.69275033,0.19839288,8,10671,"{""type"":""MultiPoint"",""coordinates"":[]}"
3975_0,-0.093907036,0.46055147,-0.13121143,8,16784,"{""type"":""MultiPoint"",""coordinates"":[]}"
3976_0,0.07424796,0.66302365,0.028821599,8,7539,"{""type"":""MultiPoint"",""coordinates"":[]}"
3977_0,0.26606295,0.6949783,0.25240496,8,12339,"{""type"":""MultiPoint"",""coordinates"":[]}"
3978_0,0.16109109,0.68352914,0.16974846,8,15532,"{""type"":""MultiPoint"",""coordinates"":[]}"
3979_0,0.11024823,0.6854735,0.09873699,8,22246,"{""type"":""MultiPoint"",""coordinates"":[]}"
3980_0,-0.038493212,0.52769387,-0.08438048,8,12133,"{""type"":""MultiPoint"",""coordinates"":[]}"
3981_0,0.2011641,0.8298563,0.19718081,8,17996,"{""type"":""MultiPoint"",""coordinates"":[]}"
3982_0,0.15819307,0.7118164,0.07135277,8,23143,"{""type"":""MultiPoint"",""coordinates"":[]}"
3983_0,0.10948018,0.62388694,0.04842663,8,12403,"{""type"":""MultiPoint"",""coordinates"":[]}"
3984_0,0.07960452,0.7786801,0.06800311,8,23109,"{""type"":""MultiPoint"",""coordinates"":[]}"
3985_0,0.2944206,0.8217071,0.25204733,8,5165,"{""type"":""MultiPoint"",""coordinates"":[]}"
3986_0,0.0946593,0.65437657,0.089123584,8,11201,"{""type"":""MultiPoint"",""coordinates"":[]}"
3987_0,0.06346597,0.561561,0.015475234,8,12245,"{""type"":""MultiPoint"",""coordinates"":[]}"
3988_0,0.08954885,0.6782674,0.09051337,8,20911,"{""type"":""MultiPoint"",""coordinates"":[]}"
3989_0,-0.05515002,0.46228305,-0.109784275,8,2127,"{""type"":""MultiPoint"",""coordinates"":[]}"
3990_0,0.10178001,0.56396866,0.093296476,8,22013,"{""type"":""MultiPoint"",""coordinates"":[]}"
3991_0,0.31624222,0.68842024,0.28675622,8,24003,"{""type"":""MultiPoint"",""coordinates"":[]}"
3992_0,0.028560549,0.58655673,-0.00969721,8,83,"{""type"":""MultiPoint"",""coordinates"":[]}"
3993_0,0.26701003,0.6567732,0.2344281,8,4285,"{""type"":""MultiPoint"",""coordinates"":[]}"
3994_0,0.21223947,0.80342716,0.20379327,8,5304,"{""type"":""MultiPoint"",""coordinates"":[]}"
3995_0,0.14785406,0.71571124,0.12015824,8,10600,"{""type"":""MultiPoint"",""coordinates"":[]}"
3996_0,0.1209713,0.7194058,0.085849755,8,5553,"{""type"":""MultiPoint"",""coordinates"":[]}"
3997_0,0.255758,0.8328728,0.21394978,8,23808,"{""type"":""MultiPoint"",""coordinates"":[]}"
3998_0,0.061040908,0.68771684,0.059843887,8,7891,"{""type"":""MultiPoint"",""coordinates"":[]}"
3999_0,0.18125817,0.64833236,0.12385138,8,12227,"{""type"":""MultiPoint"",""coordinates"":[]}"
4000_0,0.07983156,0.6463644,0.06325661,8,14504,"{""type"":""MultiPoint"",""coordinates"":[]}"
4001_0,0.068598635,0.5419983,0.0048371735,8,2240,"{""type"":""MultiPoint"",""coordinates"":[]}"
4002_0,0.23647323,0.81945986,0.245519,8,15547,"{""type"":""MultiPoint"",""coordinates"":[]}"
4003_0,-0.0011565482,0.53867626,-0.06411396,8,6024,"{""type"":""MultiPoint"",""coordinates"":[]}"
4004_0,0.193265,0.76913804,0.1259171,8,20325,"{""type"":""MultiPoint"",""coordinates"":[]}"
4005_0,0.0856102,0.61731845,0.06691025,8,18326,"{""type"":""MultiPoint"",""coordinates"":[]}"
4006_0,-0.056691993,0.4682869,-0.07315248,8,17242,"{""type"":""MultiPoint"",""coordinates"":[]}"
4007_0,0.13327402,0.73991686,0.077939324,8,25500,"{""type"":""MultiPoint"",""coordinates"":[]}"
4008_0,0.10899654,0.70276904,0.09748083,8,6346,"{""type"":""MultiPoint"",""coordinates"":[]}"
4009_0,0.29323038,0.8390308,0.27655762,8,9861,"{""type"":""MultiPoint"",""coordinates"":[]}"
4010_0,0.14035535,0.7500926,0.1488103,8,18813,"{""type"":""MultiPoint"",""coordinates"":[]}"
4011_0,0.12705842,0.5917191,0.07845536,8,14046,"{""type"":""MultiPoint"",""coordinates"":[]}"
4012_0,0.27516696,0.7923921,0.26974687,8,20256,"{""type"":""MultiPoint"",""coordinates"":[]}"
4013_0,0.24406978,0.7768457,0.21925455,8,1261,"{""type"":""MultiPoint"",""coordinates"":[]}"
4014_0,0.19643657,0.8099404,0.16218902,8,24708,"{""type"":""MultiPoint"",""coordinates"":[]}"
4015_0,0.26943198,0.80322206,0.23689502,8,10663,"{""type"":""MultiPoint"",""coordinates"":[]}"
4016_0,0.25526854,0.75858116,0.20687982,8,22245,"{""type"":""MultiPoint"",""coordinates"":[]}"
4017_0,0.0140243415,0.47550657,-0.017374227,8,14748,"{""type"":""MultiPoint"",""coordinates"":[]}"
4018_0,-0.015256245,0.53176844,-0.018801603,8,5418,"{""type"":""MultiPoint"",""coordinates"":[]}"
4019_0,0.1493167,0.7003029,0.11594523,8,23947,"{""type"":""MultiPoint"",""coordinates"":[]}"
4020_0,0.081008576,0.6242975,0.037996855,8,17217,"{""type"":""MultiPoint"",""coordinates"":[]}"
4021_0,-0.051475532,0.47265345,-0.11181448,8,14515,"{""type"":""MultiPoint"",""coordinates"":[]}"
4022_0,0.07841054,0.6488375,0.061833855,8,15337,"{""type"":""MultiPoint"",""coordinates"":[]}"
4023_0,0.03176893,0.6080188,0.014910287,8,10341,"{""type"":""MultiPoint"",""coordinates"":[]}"
4024_0,-0.029869005,0.48531184,-0.078480214,8,15970,"{""type"":""MultiPoint"",""coordinates"":[]}"
4025_0,0.241688,0.7822008,0.22430198,8,18065,"{""type"":""MultiPoint"",""coordinates"":[]}"
4026_0,0.15638283,0.6236531,0.15029404,8,10012,"{""type"":""MultiPoint"",""coordinates"":[]}"
4027_0,0.028843956,0.6046861,0.017412324,8,18795,"{""type"":""MultiPoint"",""coordinates"":[]}"
4028_0,0.15610111,0.77352524,0.17297432,8,14503,"{""type"":""MultiPoint"",""coordinates"":[]}"
4029_0,-0.037844833,0.5621955,-0.14883842,8,24952,"{""type"":""MultiPoint"",""coordinates"":[]}"
4030_0,0.12314078,0.69088936,0.10313108,8,3110,"{""type"":""MultiPoint"",""coordinates"":[]}"
4031_0,0.12549493,0.79237056,0.099507734,8,8810,"{""type"":""MultiPoint"",""coordinates"":[]}"
4032_0,0.11642005,0.49258193,0.08981955,8,25108,"{""type"":""MultiPoint"",""coordinates"":[]}"
4033_0,0.14731562,0.70099854,0.12469345,8,16908,"{""type"":""MultiPoint"",""coordinates"":[]}"
4034_0,-0.055491216,0.5218047,-0.086597465,8,8403,"{""type"":""MultiPoint"",""coordinates"":[]}"
4035_0,-0.015619694,0.51726025,-0.038541667,8,5663,"{""type"":""MultiPoint"",""coordinates"":[]}"
4036_0,0.22302158,0.6562146,0.18396485,8,5339,"{""type"":""MultiPoint"",""coordinates"":[]}"
4037_0,0.24419843,0.79588825,0.20646213,8,13656,"{""type"":""MultiPoint"",""coordinates"":[]}"
4038_0,-0.060611293,0.32049307,-0.07733716,8,424,"{""type"":""MultiPoint"",""coordinates"":[]}"
4039_0,-0.037875976,0.4493953,-0.091796875,8,24582,"{""type"":""MultiPoint"",""coordinates"":[]}"
4040_0,0.06449965,0.61466104,-0.0075268545,8,18917,"{""type"":""MultiPoint"",""coordinates"":[]}"
4041_0,0.16312304,0.6992439,0.124236986,8,17435,"{""type"":""MultiPoint"",""coordinates"":[]}"
4042_0,-0.062961124,0.4450741,-0.099731736,8,4448,"{""type"":""MultiPoint"",""coordinates"":[]}"
4043_0,0.05481347,0.51185,-0.009525181,8,18676,"{""type"":""MultiPoint"",""coordinates"":[]}"
4044_0,-0.30601913,0.09702899,-0.3322198,8,20716,"{""type"":""MultiPoint"",""coordinates"":[]}"
4045_0,0.07882839,0.72427845,0.028690228,8,23360,"{""type"":""MultiPoint"",""coordinates"":[]}"
4046_0,0.16367312,0.723067,0.12895992,8,809,"{""type"":""MultiPoint"",""coordinates"":[]}"
4047_0,0.07204976,0.6714268,0.05064791,8,4057,"{""type"":""MultiPoint"",""coordinates"":[]}"
4048_0,-0.12258872,0.28213137,-0.16973017,8,24115,"{""type"":""MultiPoint"",""coordinates"":[]}"
4049_0,0.049902268,0.6462446,-0.048248287,8,16068,"{""type"":""MultiPoint"",""coordinates"":[]}"
4050_0,0.14293435,0.7253656,0.09817074,8,13927,"{""type"":""MultiPoint"",""coordinates"":[]}"
4051_0,0.11253988,0.574112,0.06975444,8,6912,"{""type"":""MultiPoint"",""coordinates"":[]}"
4052_0,0.23606619,0.729925,0.21837291,8,22775,"{""type"":""MultiPoint"",""coordinates"":[]}"
4053_0,0.09602816,0.32296848,0.09802551,8,5325,"{""type"":""MultiPoint"",""coordinates"":[]}"
4054_0,0.011072929,0.4819533,-0.029207231,8,3341,"{""type"":""MultiPoint"",""coordinates"":[]}"
4055_0,0.30535713,0.8489104,0.31835207,8,13437,"{""type"":""MultiPoint"",""coordinates"":[]}"
4056_0,0.11277478,0.7520373,0.099248916,8,23036,"{""type"":""MultiPoint"",""coordinates"":[]}"
4057_0,0.22187458,0.8113739,0.17819317,8,3794,"{""type"":""MultiPoint"",""coordinates"":[]}"
4058_0,0.117963575,0.75523776,0.11192661,8,14321,"{""type"":""MultiPoint"",""coordinates"":[]}"
4059_0,-0.06149293,0.35116896,-0.07369465,8,3125,"{""type"":""MultiPoint"",""coordinates"":[]}"
4060_0,-0.00946854,0.5084158,-0.037037037,8,19035,"{""type"":""MultiPoint"",""coordinates"":[]}"
4061_0,0.08506841,0.5181102,0.017951425,8,7285,"{""type"":""MultiPoint"",""coordinates"":[]}"
4062_0,0.030222122,0.55104566,-0.035299674,8,3387,"{""type"":""MultiPoint"",""coordinates"":[]}"
4063_0,0.39849982,0.81603944,0.3220694,8,812,"{""type"":""MultiPoint"",""coordinates"":[]}"
4064_0,-0.02475924,0.56181115,-0.05235565,8,21341,"{""type"":""MultiPoint"",""coordinates"":[]}"
4065_0,0.43785596,0.8904783,0.42654747,8,8761,"{""type"":""MultiPoint"",""coordinates"":[]}"
4066_0,0.016631681,0.47054163,-0.043536503,8,5857,"{""type"":""MultiPoint"",""coordinates"":[]}"
4067_0,0.14267734,0.7106603,0.10744544,8,11096,"{""type"":""MultiPoint"",""coordinates"":[]}"
4068_0,-0.09882756,0.3213262,-0.16513307,8,18985,"{""type"":""MultiPoint"",""coordinates"":[]}"
4069_0,0.04816769,0.57082444,-8.945541E-4,8,15289,"{""type"":""MultiPoint"",""coordinates"":[]}"
4070_0,0.1194618,0.56334776,0.0780819,8,25131,"{""type"":""MultiPoint"",""coordinates"":[]}"
4071_0,0.25282204,0.76246196,0.22493683,8,8149,"{""type"":""MultiPoint"",""coordinates"":[]}"
4072_0,0.005660033,0.5497617,0.007472207,8,16161,"{""type"":""MultiPoint"",""coordinates"":[]}"
4073_0,0.07468331,0.47079408,0.06029186,8,24744,"{""type"":""MultiPoint"",""coordinates"":[]}"
4074_0,0.26143792,0.7276786,0.22988205,8,20614,"{""type"":""MultiPoint"",""coordinates"":[]}"
4075_0,-0.17993724,0.33975026,-0.2253265,8,738,"{""type"":""MultiPoint"",""coordinates"":[]}"
4076_0,0.22625566,0.7490877,0.2139657,8,9169,"{""type"":""MultiPoint"",""coordinates"":[]}"
4077_0,0.0935591,0.6010724,0.032969244,8,6258,"{""type"":""MultiPoint"",""coordinates"":[]}"
4078_0,0.14737566,0.6726272,0.15205641,8,945,"{""type"":""MultiPoint"",""coordinates"":[]}"
4079_0,0.038838264,0.5072157,-0.003661218,8,18865,"{""type"":""MultiPoint"",""coordinates"":[]}"
4080_0,0.12559298,0.5479693,0.10757189,8,18462,"{""type"":""MultiPoint"",""coordinates"":[]}"
4081_0,0.111351855,0.4588208,0.0607073,8,22328,"{""type"":""MultiPoint"",""coordinates"":[]}"
4082_0,0.06795289,0.6627894,0.04181925,8,21935,"{""type"":""MultiPoint"",""coordinates"":[]}"
4083_0,0.2057916,0.6965569,0.15775885,8,25240,"{""type"":""MultiPoint"",""coordinates"":[]}"
4084_0,0.24985035,0.7179131,0.21699184,8,23015,"{""type"":""MultiPoint"",""coordinates"":[]}"
4085_0,0.008616031,0.5408208,-0.04973337,8,5128,"{""type"":""MultiPoint"",""coordinates"":[]}"
4086_0,-0.13862191,0.31974578,-0.19784756,8,8896,"{""type"":""MultiPoint"",""coordinates"":[]}"
4087_0,0.14489156,0.7172482,0.121084616,8,23936,"{""type"":""MultiPoint"",""coordinates"":[]}"
4088_0,-0.07798543,0.41590098,-0.1114726,8,3588,"{""type"":""MultiPoint"",""coordinates"":[]}"
4089_0,0.008806559,0.63426423,-0.020994475,8,4148,"{""type"":""MultiPoint"",""coordinates"":[]}"
4090_0,-0.017477857,0.44279733,-0.038602795,8,11845,"{""type"":""MultiPoint"",""coordinates"":[]}"
4091_0,0.3262032,0.7655773,0.30836293,8,4282,"{""type"":""MultiPoint"",""coordinates"":[]}"
4092_0,0.16171618,0.6262578,0.12413793,8,2608,"{""type"":""MultiPoint"",""coordinates"":[]}"
4093_0,0.1729844,0.7334566,0.15750149,8,3921,"{""type"":""MultiPoint"",""coordinates"":[]}"
4094_0,0.19351628,0.68795294,0.15169258,8,19308,"{""type"":""MultiPoint"",""coordinates"":[]}"
4095_0,0.26741734,0.70023805,0.16736236,8,18370,"{""type"":""MultiPoint"",""coordinates"":[]}"
4096_0,0.25252524,0.7730402,0.2239767,8,16889,"{""type"":""MultiPoint"",""coordinates"":[]}"
4097_0,0.18624954,0.62142456,0.13908589,8,10948,"{""type"":""MultiPoint"",""coordinates"":[]}"
4098_0,0.277977,0.77199435,0.2563654,8,3128,"{""type"":""MultiPoint"",""coordinates"":[]}"
4099_0,0.08352359,0.6434874,0.058248024,8,6944,"{""type"":""MultiPoint"",""coordinates"":[]}"
4100_0,0.12055496,0.70060176,0.07519587,8,12542,"{""type"":""MultiPoint"",""coordinates"":[]}"
4101_0,0.112351194,0.5610619,0.06577128,8,14053,"{""type"":""MultiPoint"",""coordinates"":[]}"
4102_0,0.031706788,0.5092721,-0.02763633,8,1847,"{""type"":""MultiPoint"",""coordinates"":[]}"
4103_0,0.09055944,0.7600662,0.096961424,8,14094,"{""type"":""MultiPoint"",""coordinates"":[]}"
4104_0,0.05695528,0.668771,0.029323524,8,2188,"{""type"":""MultiPoint"",""coordinates"":[]}"
4105_0,-0.04659318,0.52994883,-0.06416043,8,22205,"{""type"":""MultiPoint"",""coordinates"":[]}"
4106_0,0.065549694,0.50718784,0.04162815,8,19912,"{""type"":""MultiPoint"",""coordinates"":[]}"
4107_0,0.141765,0.7039078,0.12902682,8,16936,"{""type"":""MultiPoint"",""coordinates"":[]}"
4108_0,0.058022816,0.60101503,0.037019875,8,2781,"{""type"":""MultiPoint"",""coordinates"":[]}"
4109_0,-0.027608797,0.52158755,-0.08263396,8,20364,"{""type"":""MultiPoint"",""coordinates"":[]}"
4110_0,0.1311277,0.6390725,0.08640664,8,5045,"{""type"":""MultiPoint"",""coordinates"":[]}"
4111_0,0.12151122,0.6408253,0.115858935,8,5975,"{""type"":""MultiPoint"",""coordinates"":[]}"
4112_0,0.023198593,0.61483514,0.02582897,8,8777,"{""type"":""MultiPoint"",""coordinates"":[]}"
4113_0,0.0061236294,0.44857162,-0.026136415,8,14529,"{""type"":""MultiPoint"",""coordinates"":[]}"
4114_0,0.19726482,0.8023934,0.20517029,8,15617,"{""type"":""MultiPoint"",""coordinates"":[]}"
4115_0,-0.1165248,0.31172913,-0.1621875,8,6628,"{""type"":""MultiPoint"",""coordinates"":[]}"
4116_0,0.18811505,0.6755814,0.17143016,8,20657,"{""type"":""MultiPoint"",""coordinates"":[]}"
4117_0,-0.007819951,0.5651341,-0.047785547,8,25013,"{""type"":""MultiPoint"",""coordinates"":[]}"
4118_0,-0.12575656,0.42365593,-0.16891192,8,22558,"{""type"":""MultiPoint"",""coordinates"":[]}"
4119_0,0.31787536,0.8930848,0.30215344,8,14765,"{""type"":""MultiPoint"",""coordinates"":[]}"
4120_0,0.047152795,0.6180368,0.003428045,8,23013,"{""type"":""MultiPoint"",""coordinates"":[]}"
4121_0,0.35534918,0.7382076,0.31743512,8,24045,"{""type"":""MultiPoint"",""coordinates"":[]}"
4122_0,-0.08299883,0.41156638,-0.11668878,8,16537,"{""type"":""MultiPoint"",""coordinates"":[]}"
4123_0,0.08954786,0.4768247,0.011338347,8,18182,"{""type"":""MultiPoint"",""coordinates"":[]}"
4124_0,-0.18165378,0.27837992,-0.22254987,8,17930,"{""type"":""MultiPoint"",""coordinates"":[]}"
4125_0,-0.051818307,0.3905089,-0.09995788,8,12738,"{""type"":""MultiPoint"",""coordinates"":[]}"
4126_0,0.2638975,0.80991983,0.25807124,8,15615,"{""type"":""MultiPoint"",""coordinates"":[]}"
4127_0,-0.136114,0.25167862,-0.15497209,8,21176,"{""type"":""MultiPoint"",""coordinates"":[]}"
4128_0,-0.09687544,0.34787935,-0.109187156,8,5048,"{""type"":""MultiPoint"",""coordinates"":[]}"
4129_0,0.16248211,0.56808716,0.12915339,8,1443,"{""type"":""MultiPoint"",""coordinates"":[]}"
4130_0,0.17878935,0.78170687,0.15836312,8,17051,"{""type"":""MultiPoint"",""coordinates"":[]}"
4131_0,-0.06869909,0.3538721,-0.06948055,8,16656,"{""type"":""MultiPoint"",""coordinates"":[]}"
4132_0,0.11159155,0.7238569,0.09069297,8,9112,"{""type"":""MultiPoint"",""coordinates"":[]}"
4133_0,0.20698883,0.66857404,0.19789842,8,5135,"{""type"":""MultiPoint"",""coordinates"":[]}"
4134_0,0.2616283,0.9120974,0.25722694,8,23853,"{""type"":""MultiPoint"",""coordinates"":[]}"
4135_0,0.28847283,0.9198127,0.2813632,8,16719,"{""type"":""MultiPoint"",""coordinates"":[]}"
4136_0,0.3005566,0.8584674,0.26721027,8,15255,"{""type"":""MultiPoint"",""coordinates"":[]}"
4137_0,0.2621035,0.7430647,0.2575024,8,16906,"{""type"":""MultiPoint"",""coordinates"":[]}"
4138_0,0.14675915,0.6818335,0.11239326,8,9356,"{""type"":""MultiPoint"",""coordinates"":[]}"
4139_0,0.028892191,0.5604336,-0.010652921,8,15437,"{""type"":""MultiPoint"",""coordinates"":[]}"
4140_0,5.000833E-4,0.45085254,-0.01696065,8,3233,"{""type"":""MultiPoint"",""coordinates"":[]}"
4141_0,0.20295487,0.7703968,0.17666493,8,21216,"{""type"":""MultiPoint"",""coordinates"":[]}"
4142_0,0.28487545,0.72010666,0.24030466,8,22347,"{""type"":""MultiPoint"",""coordinates"":[]}"
4143_0,0.17385854,0.79241943,0.12944539,8,3559,"{""type"":""MultiPoint"",""coordinates"":[]}"
4144_0,0.2781515,0.81292194,0.25372782,8,11177,"{""type"":""MultiPoint"",""coordinates"":[]}"
4145_0,-0.08154377,0.37855363,-0.1315004,8,1174,"{""type"":""MultiPoint"",""coordinates"":[]}"
4146_0,0.3421456,0.88251364,0.33245134,8,18401,"{""type"":""MultiPoint"",""coordinates"":[]}"
4147_0,0.35977715,0.8374523,0.3270214,8,20034,"{""type"":""MultiPoint"",""coordinates"":[]}"
4148_0,0.07226265,0.6403629,0.045360826,8,21093,"{""type"":""MultiPoint"",""coordinates"":[]}"
4149_0,-0.004631987,0.4343831,-0.041688293,8,25160,"{""type"":""MultiPoint"",""coordinates"":[]}"
4150_0,0.15060754,0.64359474,0.09781845,8,13533,"{""type"":""MultiPoint"",""coordinates"":[]}"
4151_0,-0.093974896,0.41593623,-0.1386828,8,6879,"{""type"":""MultiPoint"",""coordinates"":[]}"
4152_0,0.17483416,0.782257,0.14984697,8,12129,"{""type"":""MultiPoint"",""coordinates"":[]}"
4153_0,0.037262388,0.4262848,0.0057211067,8,11433,"{""type"":""MultiPoint"",""coordinates"":[]}"
4154_0,0.21571232,0.7869731,0.20047414,8,18112,"{""type"":""MultiPoint"",""coordinates"":[]}"
4155_0,-0.09030799,0.31557584,-0.102413796,8,1197,"{""type"":""MultiPoint"",""coordinates"":[]}"
4156_0,-0.025971983,0.509232,-0.068875045,8,16847,"{""type"":""MultiPoint"",""coordinates"":[]}"
4157_0,0.2628016,0.8718807,0.23302025,8,14001,"{""type"":""MultiPoint"",""coordinates"":[]}"
4158_0,0.20630182,0.66664755,0.21987553,8,4471,"{""type"":""MultiPoint"",""coordinates"":[]}"
4159_0,0.04968529,0.5822658,0.015866462,8,10127,"{""type"":""MultiPoint"",""coordinates"":[]}"
4160_0,0.12233492,0.52440476,0.09421064,8,554,"{""type"":""MultiPoint"",""coordinates"":[]}"
4161_0,0.16151562,0.7550586,0.16759972,8,23518,"{""type"":""MultiPoint"",""coordinates"":[]}"
4162_0,0.022365017,0.6069997,-0.0262165,8,24505,"{""type"":""MultiPoint"",""coordinates"":[]}"
4163_0,0.050806057,0.5850467,0.03954523,8,17418,"{""type"":""MultiPoint"",""coordinates"":[]}"
4164_0,0.18396227,0.7817728,0.15997763,8,13958,"{""type"":""MultiPoint"",""coordinates"":[]}"
4165_0,0.22538787,0.63699156,0.21677125,8,1206,"{""type"":""MultiPoint"",""coordinates"":[]}"
4166_0,-0.019794617,0.39789477,-0.05418233,8,7748,"{""type"":""MultiPoint"",""coordinates"":[]}"
4167_0,0.19503662,0.8517137,0.18256499,8,20915,"{""type"":""MultiPoint"",""coordinates"":[]}"
4168_0,-0.0013324451,0.48785046,-0.034642033,8,17684,"{""type"":""MultiPoint"",""coordinates"":[]}"
4169_0,0.0055143563,0.53430235,-0.03491172,8,3848,"{""type"":""MultiPoint"",""coordinates"":[]}"
4170_0,0.12716079,0.64019316,0.10443819,8,14509,"{""type"":""MultiPoint"",""coordinates"":[]}"
4171_0,-0.014532068,0.5157354,-0.06293429,8,3740,"{""type"":""MultiPoint"",""coordinates"":[]}"
4172_0,0.11815068,0.6289855,0.08001808,8,22730,"{""type"":""MultiPoint"",""coordinates"":[]}"
4173_0,0.12857716,0.66915905,0.08782752,8,15625,"{""type"":""MultiPoint"",""coordinates"":[]}"
4174_0,0.09019411,0.5304922,0.07805134,8,25308,"{""type"":""MultiPoint"",""coordinates"":[]}"
4175_0,-0.09249506,0.43119267,-0.12845643,8,14218,"{""type"":""MultiPoint"",""coordinates"":[]}"
4176_0,0.003151524,0.41639203,-0.05564623,8,24486,"{""type"":""MultiPoint"",""coordinates"":[]}"
4177_0,-0.024855401,0.48501432,-0.05040448,8,13740,"{""type"":""MultiPoint"",""coordinates"":[]}"
4178_0,0.25718796,0.7742822,0.20869607,8,15739,"{""type"":""MultiPoint"",""coordinates"":[]}"
4179_0,0.09130435,0.51967114,0.02187192,8,24315,"{""type"":""MultiPoint"",""coordinates"":[]}"
4180_0,-0.008316008,0.5696649,-0.049102314,8,22437,"{""type"":""MultiPoint"",""coordinates"":[]}"
4181_0,0.011267092,0.53998256,-0.03008761,8,24803,"{""type"":""MultiPoint"",""coordinates"":[]}"
4182_0,-0.06653322,0.21437259,-0.0984971,8,1572,"{""type"":""MultiPoint"",""coordinates"":[]}"
4183_0,0.1504652,0.65103245,0.10561813,8,8454,"{""type"":""MultiPoint"",""coordinates"":[]}"
4184_0,-0.0035211267,0.4851632,0.0062555852,8,13442,"{""type"":""MultiPoint"",""coordinates"":[]}"
4185_0,0.24434991,0.6867112,0.24663924,8,7937,"{""type"":""MultiPoint"",""coordinates"":[]}"
4186_0,0.0813799,0.64200383,0.05369211,8,6133,"{""type"":""MultiPoint"",""coordinates"":[]}"
4187_0,0.31155613,0.8575342,0.3152639,8,9409,"{""type"":""MultiPoint"",""coordinates"":[]}"
4188_0,0.019759327,0.3703245,-0.055630248,8,13043,"{""type"":""MultiPoint"",""coordinates"":[]}"
4189_0,-0.015608797,0.54040945,-0.06666011,8,820,"{""type"":""MultiPoint"",""coordinates"":[]}"
4190_0,0.06804684,0.5599891,0.019285714,8,6730,"{""type"":""MultiPoint"",""coordinates"":[]}"
4191_0,0.20768945,0.61857843,0.20869118,8,744,"{""type"":""MultiPoint"",""coordinates"":[]}"
4192_0,0.06523528,0.66345435,-0.033042286,8,15396,"{""type"":""MultiPoint"",""coordinates"":[]}"
4193_0,0.2204484,0.7792778,0.1981345,8,8124,"{""type"":""MultiPoint"",""coordinates"":[]}"
4194_0,0.07428978,0.64929414,0.031136628,8,15755,"{""type"":""MultiPoint"",""coordinates"":[]}"
4195_0,0.035560146,0.3998686,0.01056579,8,19674,"{""type"":""MultiPoint"",""coordinates"":[]}"
4196_0,0.074136764,0.55156726,0.05754652,8,3288,"{""type"":""MultiPoint"",""coordinates"":[]}"
4197_0,0.05021003,0.56138,0.005256914,8,7719,"{""type"":""MultiPoint"",""coordinates"":[]}"
4198_0,-0.048702087,0.2895005,-0.085941985,8,9559,"{""type"":""MultiPoint"",""coordinates"":[]}"
4199_0,0.009087458,0.5808664,-0.021894526,8,12801,"{""type"":""MultiPoint"",""coordinates"":[]}"
4200_0,0.081977986,0.6551549,0.07433657,8,4273,"{""type"":""MultiPoint"",""coordinates"":[]}"
4201_0,-0.029435828,0.4833842,-0.07403104,8,2165,"{""type"":""MultiPoint"",""coordinates"":[]}"
4202_0,-0.16566038,0.35290238,-0.20163488,8,20379,"{""type"":""MultiPoint"",""coordinates"":[]}"
4203_0,-0.09862882,0.29026556,-0.12707102,8,1584,"{""type"":""MultiPoint"",""coordinates"":[]}"
4204_0,0.10738234,0.57373315,0.058400128,8,8889,"{""type"":""MultiPoint"",""coordinates"":[]}"
4205_0,0.10720608,0.69089806,0.08406143,8,15311,"{""type"":""MultiPoint"",""coordinates"":[]}"
4206_0,0.035366543,0.5178466,-0.079279795,8,16050,"{""type"":""MultiPoint"",""coordinates"":[]}"
4207_0,0.27716935,0.8153926,0.23750444,8,7168,"{""type"":""MultiPoint"",""coordinates"":[]}"
4208_0,0.11802352,0.71113044,0.119349405,8,11512,"{""type"":""MultiPoint"",""coordinates"":[]}"
4209_0,0.21771279,0.7513568,0.16729227,8,24917,"{""type"":""MultiPoint"",""coordinates"":[]}"
4210_0,0.15253599,0.7142025,0.11636059,8,12590,"{""type"":""MultiPoint"",""coordinates"":[]}"
4211_0,0.25650185,0.69597954,0.2272888,8,11548,"{""type"":""MultiPoint"",""coordinates"":[]}"
4212_0,0.20533893,0.6068611,0.16238321,8,18897,"{""type"":""MultiPoint"",""coordinates"":[]}"
4213_0,0.036609903,0.5708946,0.022008324,8,23029,"{""type"":""MultiPoint"",""coordinates"":[]}"
4214_0,0.24298161,0.79611933,0.21327968,8,11224,"{""type"":""MultiPoint"",""coordinates"":[]}"
4215_0,-0.06373117,0.40507388,-0.12087912,8,9189,"{""type"":""MultiPoint"",""coordinates"":[]}"
4216_0,0.24958763,0.8695302,0.19815867,8,10868,"{""type"":""MultiPoint"",""coordinates"":[]}"
4217_0,0.022399204,0.5938202,-0.018848348,8,17460,"{""type"":""MultiPoint"",""coordinates"":[]}"
4218_0,0.043791726,0.5308703,0.010018471,8,7003,"{""type"":""MultiPoint"",""coordinates"":[]}"
4219_0,0.22868966,0.6220952,0.21402927,8,22502,"{""type"":""MultiPoint"",""coordinates"":[]}"
4220_0,0.10652946,0.6624369,0.05840727,8,11385,"{""type"":""MultiPoint"",""coordinates"":[]}"
4221_0,0.10899798,0.65744495,0.08089263,8,17099,"{""type"":""MultiPoint"",""coordinates"":[]}"
4222_0,0.14933786,0.661813,0.117701076,8,21560,"{""type"":""MultiPoint"",""coordinates"":[]}"
4223_0,0.025531383,0.5026667,-0.00612737,8,2238,"{""type"":""MultiPoint"",""coordinates"":[]}"
4224_0,0.21989529,0.80422264,0.19063663,8,4201,"{""type"":""MultiPoint"",""coordinates"":[]}"
4225_0,0.039263282,0.5183347,-0.015332124,8,3847,"{""type"":""MultiPoint"",""coordinates"":[]}"
4226_0,0.21026833,0.77955496,0.19428413,8,11222,"{""type"":""MultiPoint"",""coordinates"":[]}"
4227_0,0.11910339,0.67239374,0.09213803,8,5042,"{""type"":""MultiPoint"",""coordinates"":[]}"
4228_0,0.062804505,0.699782,0.0508215,8,3702,"{""type"":""MultiPoint"",""coordinates"":[]}"
4229_0,0.12209703,0.6066367,0.10438658,8,20070,"{""type"":""MultiPoint"",""coordinates"":[]}"
4230_0,0.055632867,0.544166,0.02856947,8,2571,"{""type"":""MultiPoint"",""coordinates"":[]}"
4231_0,0.07568593,0.49378425,0.062366366,8,18127,"{""type"":""MultiPoint"",""coordinates"":[]}"
4232_0,-0.053981323,0.49753523,0.02687443,8,1338,"{""type"":""MultiPoint"",""coordinates"":[]}"
4233_0,0.0013760566,0.4493927,-0.03790688,8,24761,"{""type"":""MultiPoint"",""coordinates"":[]}"
4234_0,0.21716696,0.56732535,0.20702961,8,25493,"{""type"":""MultiPoint"",""coordinates"":[]}"
4235_0,0.053419102,0.53338283,-0.009562105,8,11611,"{""type"":""MultiPoint"",""coordinates"":[]}"
4236_0,0.057879835,0.6507937,0.055142503,8,8641,"{""type"":""MultiPoint"",""coordinates"":[]}"
4237_0,0.032160535,0.5398376,-0.0115863765,8,21519,"{""type"":""MultiPoint"",""coordinates"":[]}"
4238_0,0.10956211,0.61397576,0.072860084,8,12900,"{""type"":""MultiPoint"",""coordinates"":[]}"
4239_0,-0.039672133,0.3785166,-0.11012052,8,14255,"{""type"":""MultiPoint"",""coordinates"":[]}"
4240_0,-0.0060648066,0.35961586,-0.033557046,8,20591,"{""type"":""MultiPoint"",""coordinates"":[]}"
4241_0,-0.1380614,0.36664382,-0.21343195,8,11535,"{""type"":""MultiPoint"",""coordinates"":[]}"
4242_0,-0.11311122,0.33975717,-0.18205489,8,1807,"{""type"":""MultiPoint"",""coordinates"":[]}"
4243_0,0.11884202,0.46539313,0.0809718,8,11466,"{""type"":""MultiPoint"",""coordinates"":[]}"
4244_0,0.10079352,0.64047676,0.12026578,8,25268,"{""type"":""MultiPoint"",""coordinates"":[]}"
4245_0,0.15774776,0.65063095,0.118958496,8,20684,"{""type"":""MultiPoint"",""coordinates"":[]}"
4246_0,-0.23037511,0.29139504,-0.26966718,8,7174,"{""type"":""MultiPoint"",""coordinates"":[]}"
4247_0,0.32124883,0.8609295,0.32016575,8,22228,"{""type"":""MultiPoint"",""coordinates"":[]}"
4248_0,-0.15097854,0.34463158,-0.19315664,8,5215,"{""type"":""MultiPoint"",""coordinates"":[]}"
4249_0,0.059544545,0.5663859,-0.008717808,8,11507,"{""type"":""MultiPoint"",""coordinates"":[]}"
4250_0,0.12433453,0.58514225,0.106128946,8,20438,"{""type"":""MultiPoint"",""coordinates"":[]}"
4251_0,0.09845789,0.6095642,0.056691255,8,16208,"{""type"":""MultiPoint"",""coordinates"":[]}"
4252_0,0.07193159,0.6690029,0.06877813,8,22129,"{""type"":""MultiPoint"",""coordinates"":[]}"
4253_0,-0.08670691,0.3043672,-0.11544273,8,4528,"{""type"":""MultiPoint"",""coordinates"":[]}"
4254_0,0.20816174,0.82379115,0.18481404,8,7178,"{""type"":""MultiPoint"",""coordinates"":[]}"
4255_0,-0.008009612,0.48801038,-0.045917306,8,344,"{""type"":""MultiPoint"",""coordinates"":[]}"
4256_0,0.14717196,0.6344985,0.09282985,8,16291,"{""type"":""MultiPoint"",""coordinates"":[]}"
4257_0,0.116034985,0.6464891,0.084356755,8,12624,"{""type"":""MultiPoint"",""coordinates"":[]}"
4258_0,-0.043268893,0.27000394,-0.110326424,8,25426,"{""type"":""MultiPoint"",""coordinates"":[]}"
4259_0,0.0026826346,0.53161216,-0.027280118,8,3494,"{""type"":""MultiPoint"",""coordinates"":[]}"
4260_0,-0.04520452,0.41866627,-0.072326414,8,15851,"{""type"":""MultiPoint"",""coordinates"":[]}"
4261_0,0.05929446,0.5705548,0.027427888,8,10384,"{""type"":""MultiPoint"",""coordinates"":[]}"
4262_0,0.007085969,0.4990556,-0.07726741,8,13681,"{""type"":""MultiPoint"",""coordinates"":[]}"
4263_0,0.19553451,0.76657826,0.17006324,8,7220,"{""type"":""MultiPoint"",""coordinates"":[]}"
4264_0,0.14054212,0.6662452,0.095557295,8,13202,"{""type"":""MultiPoint"",""coordinates"":[]}"
4265_0,0.20901623,0.8299095,0.20310925,8,20965,"{""type"":""MultiPoint"",""coordinates"":[]}"
4266_0,0.14799003,0.65485775,0.123169355,8,1704,"{""type"":""MultiPoint"",""coordinates"":[]}"
4267_0,0.004064842,0.5012069,-0.032027494,8,17788,"{""type"":""MultiPoint"",""coordinates"":[]}"
4268_0,0.008030727,0.46632653,-0.0010427529,8,8474,"{""type"":""MultiPoint"",""coordinates"":[]}"
4269_0,-0.05311216,0.47397816,-0.087537326,8,12675,"{""type"":""MultiPoint"",""coordinates"":[]}"
4270_0,-0.09041002,0.5043926,-0.122769825,8,25254,"{""type"":""MultiPoint"",""coordinates"":[]}"
4271_0,0.013083569,0.4376801,-0.048202526,8,12215,"{""type"":""MultiPoint"",""coordinates"":[]}"
4272_0,0.27986112,0.8167144,0.24673933,8,4152,"{""type"":""MultiPoint"",""coordinates"":[]}"
4273_0,0.054509018,0.5317989,0.029002782,8,5862,"{""type"":""MultiPoint"",""coordinates"":[]}"
4274_0,-0.03628886,0.51863444,-0.071622275,8,20791,"{""type"":""MultiPoint"",""coordinates"":[]}"
4275_0,0.14512904,0.71623385,0.12644793,8,15099,"{""type"":""MultiPoint"",""coordinates"":[]}"
4276_0,0.0065122484,0.47416377,-0.0014239777,8,25037,"{""type"":""MultiPoint"",""coordinates"":[]}"
4277_0,0.07198484,0.63952714,0.05004965,8,720,"{""type"":""MultiPoint"",""coordinates"":[]}"
4278_0,-0.004387314,0.50237226,-0.04452294,8,9048,"{""type"":""MultiPoint"",""coordinates"":[]}"
4279_0,0.18649848,0.65792906,0.13224247,8,14735,"{""type"":""MultiPoint"",""coordinates"":[]}"
4280_0,0.23823975,0.79122543,0.23340689,8,8008,"{""type"":""MultiPoint"",""coordinates"":[]}"
4281_0,-0.093350664,0.49594155,-0.17559385,8,16726,"{""type"":""MultiPoint"",""coordinates"":[]}"
4282_0,0.19124705,0.661768,0.14608932,8,23156,"{""type"":""MultiPoint"",""coordinates"":[]}"
4283_0,0.30355754,0.6973918,0.28506392,8,9037,"{""type"":""MultiPoint"",""coordinates"":[]}"
4284_0,0.13189508,0.695284,0.09525982,8,15544,"{""type"":""MultiPoint"",""coordinates"":[]}"
4285_0,0.13056757,0.68169695,0.1026416,8,3699,"{""type"":""MultiPoint"",""coordinates"":[]}"
4286_0,-0.12128235,0.33124804,-0.16005526,8,23888,"{""type"":""MultiPoint"",""coordinates"":[]}"
4287_0,0.032788232,0.42859757,0.005390937,8,21626,"{""type"":""MultiPoint"",""coordinates"":[]}"
4288_0,-0.1583379,0.33628058,-0.16516295,8,23285,"{""type"":""MultiPoint"",""coordinates"":[]}"
4289_0,0.15937509,0.69108486,0.10405991,8,15375,"{""type"":""MultiPoint"",""coordinates"":[]}"
4290_0,0.16635323,0.70392644,0.13387871,8,17219,"{""type"":""MultiPoint"",""coordinates"":[]}"
4291_0,0.17646347,0.7088114,0.17515904,8,5523,"{""type"":""MultiPoint"",""coordinates"":[]}"
4292_0,0.15714115,0.7527314,0.1172972,8,3448,"{""type"":""MultiPoint"",""coordinates"":[]}"
4293_0,5.556585E-4,0.5152052,-0.021730842,8,11124,"{""type"":""MultiPoint"",""coordinates"":[]}"
4294_0,-0.069633655,0.45878056,-0.08322022,8,22202,"{""type"":""MultiPoint"",""coordinates"":[]}"
4295_0,0.13000439,0.6452265,0.09372391,8,5762,"{""type"":""MultiPoint"",""coordinates"":[]}"
4296_0,-0.004745709,0.5481557,-0.06111517,8,11919,"{""type"":""MultiPoint"",""coordinates"":[]}"
4297_0,0.09536885,0.62234837,0.039815348,8,3165,"{""type"":""MultiPoint"",""coordinates"":[]}"
4298_0,0.04628997,0.6325741,0.040807374,8,9622,"{""type"":""MultiPoint"",""coordinates"":[]}"
4299_0,0.132273,0.55897117,0.07112069,8,24570,"{""type"":""MultiPoint"",""coordinates"":[]}"
4300_0,-0.02355062,0.45949632,-0.057798076,8,25170,"{""type"":""MultiPoint"",""coordinates"":[]}"
4301_0,0.3482781,0.81528527,0.35824743,8,2074,"{""type"":""MultiPoint"",""coordinates"":[]}"
4302_0,-0.06330919,0.37513354,-0.09556276,8,18486,"{""type"":""MultiPoint"",""coordinates"":[]}"
4303_0,0.13286975,0.7798279,0.07370979,8,19597,"{""type"":""MultiPoint"",""coordinates"":[]}"
4304_0,-0.056686684,0.38515747,-0.08693687,8,8735,"{""type"":""MultiPoint"",""coordinates"":[]}"
4305_0,0.07889075,0.6196908,0.061968137,8,6198,"{""type"":""MultiPoint"",""coordinates"":[]}"
4306_0,-0.13439786,0.3869796,-0.16900925,8,25002,"{""type"":""MultiPoint"",""coordinates"":[]}"
4307_0,0.0761523,0.4910413,0.019277109,8,4256,"{""type"":""MultiPoint"",""coordinates"":[]}"
4308_0,-0.1089199,0.399312,-0.15245152,8,4579,"{""type"":""MultiPoint"",""coordinates"":[]}"
4309_0,0.3638944,0.8737405,0.34375462,8,3658,"{""type"":""MultiPoint"",""coordinates"":[]}"
4310_0,0.08314386,0.65351176,0.0718426,8,257,"{""type"":""MultiPoint"",""coordinates"":[]}"
4311_0,0.2479488,0.82428104,0.15347901,8,2202,"{""type"":""MultiPoint"",""coordinates"":[]}"
4312_0,0.26956907,0.66364443,0.24004823,8,9770,"{""type"":""MultiPoint"",""coordinates"":[]}"
4313_0,0.0911935,0.6652242,0.073285885,8,13885,"{""type"":""MultiPoint"",""coordinates"":[]}"
4314_0,0.15491763,0.5786533,0.07741101,8,18839,"{""type"":""MultiPoint"",""coordinates"":[]}"
4315_0,-0.0011084573,0.48556456,-0.051244143,8,16623,"{""type"":""MultiPoint"",""coordinates"":[]}"
4316_0,-0.12686494,0.3180017,-0.15861355,8,22334,"{""type"":""MultiPoint"",""coordinates"":[]}"
4317_0,0.19589372,0.7348402,0.14405365,8,11896,"{""type"":""MultiPoint"",""coordinates"":[]}"
4318_0,0.18275872,0.68449736,0.13870989,8,19924,"{""type"":""MultiPoint"",""coordinates"":[]}"
4319_0,0.018780071,0.6276423,-0.024924679,8,23337,"{""type"":""MultiPoint"",""coordinates"":[]}"
4320_0,-0.11542461,0.34690416,-0.1509299,8,21238,"{""type"":""MultiPoint"",""coordinates"":[]}"
4321_0,-0.009441707,0.4214571,-0.030811151,8,5460,"{""type"":""MultiPoint"",""coordinates"":[]}"
4322_0,0.08500411,0.70439905,0.030548483,8,19636,"{""type"":""MultiPoint"",""coordinates"":[]}"
4323_0,0.01790559,0.55841124,-0.012870733,8,22793,"{""type"":""MultiPoint"",""coordinates"":[]}"
4324_0,0.111648254,0.6152011,0.07117918,8,484,"{""type"":""MultiPoint"",""coordinates"":[]}"
4325_0,-0.030548122,0.52976286,-0.08045454,8,7757,"{""type"":""MultiPoint"",""coordinates"":[]}"
4326_0,0.17074825,0.6853919,0.1520095,8,359,"{""type"":""MultiPoint"",""coordinates"":[]}"
4327_0,0.14371708,0.69557524,0.12596007,8,3733,"{""type"":""MultiPoint"",""coordinates"":[]}"
4328_0,-0.0064315232,0.56457174,-0.053059407,8,19598,"{""type"":""MultiPoint"",""coordinates"":[]}"
4329_0,0.053293638,0.53276813,-5.800787E-4,8,10854,"{""type"":""MultiPoint"",""coordinates"":[]}"
4330_0,0.03515889,0.61728394,0.010565151,8,9463,"{""type"":""MultiPoint"",""coordinates"":[]}"
4331_0,0.13448058,0.5836582,0.05973876,8,25425,"{""type"":""MultiPoint"",""coordinates"":[]}"
4332_0,0.04156236,0.6286699,0.025283782,8,17577,"{""type"":""MultiPoint"",""coordinates"":[]}"
4333_0,-0.004660132,0.37286913,-0.04985045,8,11269,"{""type"":""MultiPoint"",""coordinates"":[]}"
4334_0,0.015981508,0.43397167,-0.021207243,8,2527,"{""type"":""MultiPoint"",""coordinates"":[]}"
4335_0,0.06781046,0.41179684,0.0662036,8,22876,"{""type"":""MultiPoint"",""coordinates"":[]}"
4336_0,0.106654085,0.59730035,0.002239363,8,14314,"{""type"":""MultiPoint"",""coordinates"":[]}"
4337_0,0.054118775,0.5518534,-0.034573074,8,15763,"{""type"":""MultiPoint"",""coordinates"":[]}"
4338_0,0.048329778,0.6816045,0.008078151,8,23906,"{""type"":""MultiPoint"",""coordinates"":[]}"
4339_0,0.23155975,0.66573393,0.17095852,8,22605,"{""type"":""MultiPoint"",""coordinates"":[]}"
4340_0,0.20829365,0.73065597,0.1362034,8,2450,"{""type"":""MultiPoint"",""coordinates"":[]}"
4341_0,0.13757434,0.6996516,0.095928974,8,6517,"{""type"":""MultiPoint"",""coordinates"":[]}"
4342_0,0.13797088,0.60650885,0.09135201,8,24572,"{""type"":""MultiPoint"",""coordinates"":[]}"
4343_0,0.013824885,0.58440113,-0.017490236,8,19034,"{""type"":""MultiPoint"",""coordinates"":[]}"
4344_0,-0.05367772,0.37415513,-0.10540039,8,24269,"{""type"":""MultiPoint"",""coordinates"":[]}"
4345_0,0.15948623,0.7354411,0.14279222,8,5262,"{""type"":""MultiPoint"",""coordinates"":[]}"
4346_0,-0.021276595,0.5075662,-0.05473432,8,14913,"{""type"":""MultiPoint"",""coordinates"":[]}"
4347_0,-0.080078766,0.36031538,-0.116529346,8,5771,"{""type"":""MultiPoint"",""coordinates"":[]}"
4348_0,0.17607802,0.68042815,0.16234796,8,6933,"{""type"":""MultiPoint"",""coordinates"":[]}"
4349_0,0.1507374,0.7306146,0.15684393,8,15714,"{""type"":""MultiPoint"",""coordinates"":[]}"
4350_0,0.20187831,0.81243294,0.15500963,8,3566,"{""type"":""MultiPoint"",""coordinates"":[]}"
4351_0,0.08134258,0.66425055,0.04214665,8,7781,"{""type"":""MultiPoint"",""coordinates"":[]}"
4352_0,0.2877723,0.8538682,0.2585329,8,8891,"{""type"":""MultiPoint"",""coordinates"":[]}"
4353_0,0.26549286,0.8090066,0.26103207,8,8570,"{""type"":""MultiPoint"",""coordinates"":[]}"
4354_0,-0.1580414,0.4350889,-0.15723516,8,12741,"{""type"":""MultiPoint"",""coordinates"":[]}"
4355_0,0.1215072,0.74768054,0.11077055,8,6137,"{""type"":""MultiPoint"",""coordinates"":[]}"
4356_0,0.06260787,0.5789032,0.03656041,8,766,"{""type"":""MultiPoint"",""coordinates"":[]}"
4357_0,-0.06953404,0.36856663,-0.08909639,8,25417,"{""type"":""MultiPoint"",""coordinates"":[]}"
4358_0,0.258544,0.8017968,0.22687878,8,803,"{""type"":""MultiPoint"",""coordinates"":[]}"
4359_0,-0.02755527,0.39929712,-0.096785285,8,8310,"{""type"":""MultiPoint"",""coordinates"":[]}"
4360_0,0.25575984,0.75,0.24100634,8,334,"{""type"":""MultiPoint"",""coordinates"":[]}"
4361_0,-0.01334295,0.45081967,-0.06011758,8,7456,"{""type"":""MultiPoint"",""coordinates"":[]}"
4362_0,-0.03078606,0.47389358,-0.045780826,8,14111,"{""type"":""MultiPoint"",""coordinates"":[]}"
4363_0,-0.11559181,0.38005668,-0.15931565,8,8022,"{""type"":""MultiPoint"",""coordinates"":[]}"
4364_0,0.063820526,0.5987471,0.012185432,8,22871,"{""type"":""MultiPoint"",""coordinates"":[]}"
4365_0,0.18852963,0.7308338,0.15681903,8,4469,"{""type"":""MultiPoint"",""coordinates"":[]}"
4366_0,-0.18322627,0.2741333,-0.22392303,8,3689,"{""type"":""MultiPoint"",""coordinates"":[]}"
4367_0,0.26162466,0.78962964,0.18136646,8,10829,"{""type"":""MultiPoint"",""coordinates"":[]}"
4368_0,0.24966262,0.8111083,0.22804582,8,11056,"{""type"":""MultiPoint"",""coordinates"":[]}"
4369_0,0.16512719,0.71536076,0.12279841,8,1061,"{""type"":""MultiPoint"",""coordinates"":[]}"
4370_0,0.026002152,0.44367686,0.0061888555,8,3369,"{""type"":""MultiPoint"",""coordinates"":[]}"
4371_0,-0.09730045,0.37444633,-0.15405238,8,5140,"{""type"":""MultiPoint"",""coordinates"":[]}"
4372_0,-0.011375042,0.41003862,-0.04928844,8,14076,"{""type"":""MultiPoint"",""coordinates"":[]}"
4373_0,0.12511155,0.706316,0.10869325,8,19276,"{""type"":""MultiPoint"",""coordinates"":[]}"
4374_0,0.27690035,0.63108665,0.30824143,8,12557,"{""type"":""MultiPoint"",""coordinates"":[]}"
4375_0,-0.07561072,0.3718077,-0.10730369,8,6812,"{""type"":""MultiPoint"",""coordinates"":[]}"
4376_0,0.17719254,0.58778626,0.12767687,8,7944,"{""type"":""MultiPoint"",""coordinates"":[]}"
4377_0,0.018784817,0.56023926,-0.014931488,8,1966,"{""type"":""MultiPoint"",""coordinates"":[]}"
4378_0,0.20563702,0.7300125,0.1482047,8,20785,"{""type"":""MultiPoint"",""coordinates"":[]}"
4379_0,-0.015917439,0.4508435,-0.07336906,8,3213,"{""type"":""MultiPoint"",""coordinates"":[]}"
4380_0,0.13849054,0.6103379,0.08520395,8,4026,"{""type"":""MultiPoint"",""coordinates"":[]}"
4381_0,0.19830757,0.7758035,0.20921169,8,1698,"{""type"":""MultiPoint"",""coordinates"":[]}"
4382_0,-0.111535124,0.43945494,-0.15844625,8,9683,"{""type"":""MultiPoint"",""coordinates"":[]}"
4383_0,0.39590186,0.72026634,0.38015234,8,10710,"{""type"":""MultiPoint"",""coordinates"":[]}"
4384_0,0.15730755,0.4301848,0.10731319,8,19286,"{""type"":""MultiPoint"",""coordinates"":[]}"
4385_0,0.07256445,0.68897253,0.043753177,8,3254,"{""type"":""MultiPoint"",""coordinates"":[]}"
4386_0,0.011604553,0.51299477,-0.086472,8,2923,"{""type"":""MultiPoint"",""coordinates"":[]}"
4387_0,0.09365135,0.64543456,0.008273787,8,12711,"{""type"":""MultiPoint"",""coordinates"":[]}"
4388_0,0.29952696,0.833282,0.28533044,8,12387,"{""type"":""MultiPoint"",""coordinates"":[]}"
4389_0,-0.051993284,0.4416644,-0.08413038,8,8487,"{""type"":""MultiPoint"",""coordinates"":[]}"
4390_0,0.026201189,0.42083985,-0.022519158,8,20890,"{""type"":""MultiPoint"",""coordinates"":[]}"
4391_0,5.497526E-4,0.5527578,-0.02024893,8,10500,"{""type"":""MultiPoint"",""coordinates"":[]}"
4392_0,0.014495264,0.5576568,0.022564378,8,22269,"{""type"":""MultiPoint"",""coordinates"":[]}"
4393_0,4.0816327E-4,0.48126036,-0.038371846,8,19014,"{""type"":""MultiPoint"",""coordinates"":[]}"
4394_0,-0.16466235,0.178291,-0.19792485,8,2053,"{""type"":""MultiPoint"",""coordinates"":[]}"
4395_0,0.11513707,0.5738386,0.057724576,8,14943,"{""type"":""MultiPoint"",""coordinates"":[]}"
4396_0,0.2826299,0.7574013,0.23277603,8,10130,"{""type"":""MultiPoint"",""coordinates"":[]}"
4397_0,-0.15018497,0.28064457,-0.17943837,8,14479,"{""type"":""MultiPoint"",""coordinates"":[]}"
4398_0,-0.1562267,0.36961603,-0.20380434,8,7353,"{""type"":""MultiPoint"",""coordinates"":[]}"
4399_0,-0.032442905,0.42030358,-0.048672106,8,21239,"{""type"":""MultiPoint"",""coordinates"":[]}"
4400_0,0.27197346,0.63935655,0.2774228,8,2545,"{""type"":""MultiPoint"",""coordinates"":[]}"
4401_0,0.07208654,0.49479917,0.03152525,8,7794,"{""type"":""MultiPoint"",""coordinates"":[]}"
4402_0,0.22050737,0.72296125,0.15108192,8,12842,"{""type"":""MultiPoint"",""coordinates"":[]}"
4403_0,-0.07192575,0.38618347,-0.10181618,8,101,"{""type"":""MultiPoint"",""coordinates"":[]}"
4404_0,-0.09601616,0.2936735,-0.07690845,8,19137,"{""type"":""MultiPoint"",""coordinates"":[]}"
4405_0,0.071316,0.44847274,0.03039257,8,133,"{""type"":""MultiPoint"",""coordinates"":[]}"
4406_0,0.02483701,0.61022395,-0.0052009793,8,10563,"{""type"":""MultiPoint"",""coordinates"":[]}"
4407_0,-0.03585677,0.45556033,-0.06449979,8,8345,"{""type"":""MultiPoint"",""coordinates"":[]}"
4408_0,0.012926891,0.48971212,-0.026992885,8,222,"{""type"":""MultiPoint"",""coordinates"":[]}"
4409_0,-0.0069535803,0.51713586,-0.028801844,8,1827,"{""type"":""MultiPoint"",""coordinates"":[]}"
4410_0,0.36045015,0.8423383,0.34366927,8,2825,"{""type"":""MultiPoint"",""coordinates"":[]}"
4411_0,0.22435747,0.8088459,0.20433451,8,10498,"{""type"":""MultiPoint"",""coordinates"":[]}"
4412_0,-0.106468365,0.3618709,-0.14731146,8,14396,"{""type"":""MultiPoint"",""coordinates"":[]}"
4413_0,-0.01647121,0.42346203,-0.0329522,8,14729,"{""type"":""MultiPoint"",""coordinates"":[]}"
4414_0,0.17430946,0.74499476,0.10842105,8,1943,"{""type"":""MultiPoint"",""coordinates"":[]}"
4415_0,0.09959908,0.71119964,0.06410577,8,6551,"{""type"":""MultiPoint"",""coordinates"":[]}"
4416_0,-0.036794882,0.49965373,-0.079982504,8,23610,"{""type"":""MultiPoint"",""coordinates"":[]}"
4417_0,0.29134,0.7020905,0.28707436,8,25104,"{""type"":""MultiPoint"",""coordinates"":[]}"
4418_0,0.09714999,0.5564669,0.0028455285,8,23979,"{""type"":""MultiPoint"",""coordinates"":[]}"
4419_0,-0.02003202,0.55263734,-0.058095038,8,13725,"{""type"":""MultiPoint"",""coordinates"":[]}"
4420_0,0.24690202,0.8431346,0.23809272,8,8293,"{""type"":""MultiPoint"",""coordinates"":[]}"
4421_0,-0.020451447,0.48424625,-0.048181534,8,6463,"{""type"":""MultiPoint"",""coordinates"":[]}"
4422_0,0.22581059,0.6763217,0.19373745,8,24886,"{""type"":""MultiPoint"",""coordinates"":[]}"
4423_0,0.1735806,0.7677979,0.14836547,8,14129,"{""type"":""MultiPoint"",""coordinates"":[]}"
4424_0,0.29207215,0.7693591,0.24226534,8,18868,"{""type"":""MultiPoint"",""coordinates"":[]}"
4425_0,-0.061970428,0.42120183,-0.12029161,8,14107,"{""type"":""MultiPoint"",""coordinates"":[]}"
4426_0,0.24117231,0.78370863,0.19256505,8,7998,"{""type"":""MultiPoint"",""coordinates"":[]}"
4427_0,0.0927029,0.6057389,0.07059499,8,12923,"{""type"":""MultiPoint"",""coordinates"":[]}"
4428_0,0.14144866,0.75838685,0.14476894,8,18732,"{""type"":""MultiPoint"",""coordinates"":[]}"
4429_0,-0.081187434,0.36963397,-0.13453887,8,18629,"{""type"":""MultiPoint"",""coordinates"":[]}"
4430_0,0.3764233,0.7651896,0.36113027,8,2012,"{""type"":""MultiPoint"",""coordinates"":[]}"
4431_0,0.19271189,0.73701984,0.16475263,8,12372,"{""type"":""MultiPoint"",""coordinates"":[]}"
4432_0,0.17966953,0.7267479,0.1458588,8,5019,"{""type"":""MultiPoint"",""coordinates"":[]}"
4433_0,0.12595834,0.73056746,0.11370637,8,17123,"{""type"":""MultiPoint"",""coordinates"":[]}"
4434_0,0.27262476,0.65818995,0.26642025,8,4479,"{""type"":""MultiPoint"",""coordinates"":[]}"
4435_0,-0.16906124,0.19759955,-0.20477968,8,2447,"{""type"":""MultiPoint"",""coordinates"":[]}"
4436_0,0.2835621,0.8685513,0.25882187,8,7872,"{""type"":""MultiPoint"",""coordinates"":[]}"
4437_0,0.09256715,0.58374673,0.05593807,8,1498,"{""type"":""MultiPoint"",""coordinates"":[]}"
4438_0,0.11146826,0.7297977,0.087021254,8,24349,"{""type"":""MultiPoint"",""coordinates"":[]}"
4439_0,8.474576E-4,0.57840234,-0.058064517,8,22923,"{""type"":""MultiPoint"",""coordinates"":[]}"
4440_0,0.16374366,0.69509226,0.113755606,8,4645,"{""type"":""MultiPoint"",""coordinates"":[]}"
4441_0,-0.23125464,0.33053222,-0.26434153,8,2733,"{""type"":""MultiPoint"",""coordinates"":[]}"
4442_0,0.14259757,0.7832391,0.11404533,8,23240,"{""type"":""MultiPoint"",""coordinates"":[]}"
4443_0,-0.009552691,0.47478783,-0.048784416,8,14323,"{""type"":""MultiPoint"",""coordinates"":[]}"
4444_0,0.37455925,0.7926599,0.3559137,8,2485,"{""type"":""MultiPoint"",""coordinates"":[]}"
4445_0,0.04610997,0.4365673,0.007977983,8,5719,"{""type"":""MultiPoint"",""coordinates"":[]}"
4446_0,0.10461607,0.62915707,0.04456206,8,3328,"{""type"":""MultiPoint"",""coordinates"":[]}"
4447_0,0.22764316,0.91064835,0.22168258,8,20192,"{""type"":""MultiPoint"",""coordinates"":[]}"
4448_0,0.14388727,0.54741776,0.10114176,8,3519,"{""type"":""MultiPoint"",""coordinates"":[]}"
4449_0,0.17824696,0.6928377,0.13080224,8,829,"{""type"":""MultiPoint"",""coordinates"":[]}"
4450_0,0.053616356,0.55331963,0.03468276,8,25468,"{""type"":""MultiPoint"",""coordinates"":[]}"
4451_0,0.029257642,0.38771877,0.021662246,8,23681,"{""type"":""MultiPoint"",""coordinates"":[]}"
4452_0,-0.048981495,0.33764434,-0.08039718,8,13484,"{""type"":""MultiPoint"",""coordinates"":[]}"
4453_0,0.21944723,0.83974975,0.22457558,8,7986,"{""type"":""MultiPoint"",""coordinates"":[]}"
4454_0,-0.013802518,0.47305956,-0.028186658,8,13151,"{""type"":""MultiPoint"",""coordinates"":[]}"
4455_0,-0.0016756032,0.4166008,-0.045836248,8,16302,"{""type"":""MultiPoint"",""coordinates"":[]}"
4456_0,0.08176345,0.57129186,0.020509634,8,9758,"{""type"":""MultiPoint"",""coordinates"":[]}"
4457_0,0.11682885,0.696592,0.10418385,8,22250,"{""type"":""MultiPoint"",""coordinates"":[]}"
4458_0,0.26158702,0.8170023,0.2295346,8,21376,"{""type"":""MultiPoint"",""coordinates"":[]}"
4459_0,0.076946706,0.7000519,0.029541168,8,8704,"{""type"":""MultiPoint"",""coordinates"":[]}"
4460_0,0.15761079,0.67987895,0.11985324,8,23501,"{""type"":""MultiPoint"",""coordinates"":[]}"
4461_0,0.19180909,0.7300846,0.15032269,8,7030,"{""type"":""MultiPoint"",""coordinates"":[]}"
4462_0,0.13509257,0.56955326,0.09338863,8,11402,"{""type"":""MultiPoint"",""coordinates"":[]}"
4463_0,-0.069250576,0.3182277,-0.111708246,8,7502,"{""type"":""MultiPoint"",""coordinates"":[]}"
4464_0,0.008788146,0.5723388,-0.030420667,8,23622,"{""type"":""MultiPoint"",""coordinates"":[]}"
4465_0,0.21899055,0.80920285,0.18369834,8,3429,"{""type"":""MultiPoint"",""coordinates"":[]}"
4466_0,-0.10107419,0.38530478,-0.14998141,8,9853,"{""type"":""MultiPoint"",""coordinates"":[]}"
4467_0,0.17036654,0.7466985,0.10121754,8,5514,"{""type"":""MultiPoint"",""coordinates"":[]}"
4468_0,0.15562885,0.7567484,0.10087098,8,14030,"{""type"":""MultiPoint"",""coordinates"":[]}"
4469_0,0.22295806,0.7603926,0.18155396,8,11070,"{""type"":""MultiPoint"",""coordinates"":[]}"
4470_0,0.027824841,0.55723864,0.011967884,8,11843,"{""type"":""MultiPoint"",""coordinates"":[]}"
4471_0,0.04480532,0.5522876,-0.009208103,8,17505,"{""type"":""MultiPoint"",""coordinates"":[]}"
4472_0,0.005924672,0.5611993,-0.017099712,8,22458,"{""type"":""MultiPoint"",""coordinates"":[]}"
4473_0,0.13605589,0.551103,0.114360824,8,16637,"{""type"":""MultiPoint"",""coordinates"":[]}"
4474_0,-0.011243977,0.4635726,-0.037956722,8,11153,"{""type"":""MultiPoint"",""coordinates"":[]}"
4475_0,0.20292942,0.72890174,0.17245059,8,5925,"{""type"":""MultiPoint"",""coordinates"":[]}"
4476_0,0.28476018,0.86238813,0.28090358,8,20400,"{""type"":""MultiPoint"",""coordinates"":[]}"
4477_0,-0.056963164,0.46406052,-0.12151355,8,20964,"{""type"":""MultiPoint"",""coordinates"":[]}"
4478_0,0.10217274,0.70044315,0.061347384,8,11107,"{""type"":""MultiPoint"",""coordinates"":[]}"
4479_0,-0.114496626,0.2984823,-0.1437782,8,10244,"{""type"":""MultiPoint"",""coordinates"":[]}"
4480_0,0.0573804,0.5555556,0.027393391,8,14101,"{""type"":""MultiPoint"",""coordinates"":[]}"
4481_0,0.070713565,0.6595364,0.031806007,8,10819,"{""type"":""MultiPoint"",""coordinates"":[]}"
4482_0,0.2832473,0.83745086,0.28277752,8,15591,"{""type"":""MultiPoint"",""coordinates"":[]}"
4483_0,0.18189822,0.8070437,0.19758204,8,4785,"{""type"":""MultiPoint"",""coordinates"":[]}"
4484_0,0.17675544,0.66389143,0.13887717,8,353,"{""type"":""MultiPoint"",""coordinates"":[]}"
4485_0,0.20894796,0.77546036,0.1828876,8,21471,"{""type"":""MultiPoint"",""coordinates"":[]}"
4486_0,0.2753679,0.7548045,0.29292578,8,7752,"{""type"":""MultiPoint"",""coordinates"":[]}"
4487_0,-0.046507135,0.30205974,-0.06450298,8,7667,"{""type"":""MultiPoint"",""coordinates"":[]}"
4488_0,0.021532105,0.534516,-0.021919291,8,18033,"{""type"":""MultiPoint"",""coordinates"":[]}"
4489_0,0.20393853,0.78295785,0.1730725,8,11175,"{""type"":""MultiPoint"",""coordinates"":[]}"
4490_0,-0.08214286,0.2454791,-0.102163464,8,22073,"{""type"":""MultiPoint"",""coordinates"":[]}"
4491_0,0.08325103,0.42555907,0.041140296,8,4275,"{""type"":""MultiPoint"",""coordinates"":[]}"
4492_0,-0.1455958,0.32525116,-0.1982596,8,8797,"{""type"":""MultiPoint"",""coordinates"":[]}"
4493_0,-0.07977327,0.3118376,-0.0784167,8,23056,"{""type"":""MultiPoint"",""coordinates"":[]}"
4494_0,-0.008822003,0.4162423,-0.05049416,8,22899,"{""type"":""MultiPoint"",""coordinates"":[]}"
4495_0,0.07230598,0.5891657,-0.012491748,8,3571,"{""type"":""MultiPoint"",""coordinates"":[]}"
4496_0,-0.007828412,0.6768401,-0.039738875,8,21647,"{""type"":""MultiPoint"",""coordinates"":[]}"
4497_0,0.22054173,0.76079774,0.23220184,8,15694,"{""type"":""MultiPoint"",""coordinates"":[]}"
4498_0,0.33481812,0.7833451,0.2849162,8,15046,"{""type"":""MultiPoint"",""coordinates"":[]}"
4499_0,0.006956522,0.3542338,0.027339408,8,9685,"{""type"":""MultiPoint"",""coordinates"":[]}"
4500_0,-0.032633908,0.57875556,-0.0650657,8,13954,"{""type"":""MultiPoint"",""coordinates"":[]}"
4501_0,0.20238508,0.818153,0.1658244,8,15376,"{""type"":""MultiPoint"",""coordinates"":[]}"
4502_0,0.23290192,0.766329,0.20773359,8,17045,"{""type"":""MultiPoint"",""coordinates"":[]}"
4503_0,0.042341463,0.5725729,0.0018431292,8,24331,"{""type"":""MultiPoint"",""coordinates"":[]}"
4504_0,-0.18261704,0.31367144,-0.21115668,8,21904,"{""type"":""MultiPoint"",""coordinates"":[]}"
4505_0,-0.09609478,0.41366643,-0.13041526,8,21718,"{""type"":""MultiPoint"",""coordinates"":[]}"
4506_0,0.13886932,0.7629319,0.10733821,8,5564,"{""type"":""MultiPoint"",""coordinates"":[]}"
4507_0,0.021907805,0.50674665,-0.028338136,8,5035,"{""type"":""MultiPoint"",""coordinates"":[]}"
4508_0,0.17590907,0.7710545,0.15392482,8,20160,"{""type"":""MultiPoint"",""coordinates"":[]}"
4509_0,0.09144161,0.61858034,0.06329791,8,14884,"{""type"":""MultiPoint"",""coordinates"":[]}"
4510_0,0.21237624,0.6566332,0.16921483,8,1255,"{""type"":""MultiPoint"",""coordinates"":[]}"
4511_0,0.025001131,0.5215591,-0.028151715,8,8196,"{""type"":""MultiPoint"",""coordinates"":[]}"
4512_0,0.22680476,0.5372122,0.21027896,8,3958,"{""type"":""MultiPoint"",""coordinates"":[]}"
4513_0,-0.14853963,0.34180138,-0.19715859,8,21934,"{""type"":""MultiPoint"",""coordinates"":[]}"
4514_0,-0.124711245,0.31641892,-0.1430865,8,2090,"{""type"":""MultiPoint"",""coordinates"":[]}"
4515_0,0.1319923,0.6571023,0.032086592,8,290,"{""type"":""MultiPoint"",""coordinates"":[]}"
4516_0,0.07141585,0.5798662,0.026631657,8,6552,"{""type"":""MultiPoint"",""coordinates"":[]}"
4517_0,0.0453534,0.536945,0.01189139,8,13906,"{""type"":""MultiPoint"",""coordinates"":[]}"
4518_0,0.23396881,0.6748532,0.21991056,8,17163,"{""type"":""MultiPoint"",""coordinates"":[]}"
4519_0,0.19753158,0.7841136,0.21099915,8,18722,"{""type"":""MultiPoint"",""coordinates"":[]}"
4520_0,-0.024877105,0.61669415,-0.060087934,8,16413,"{""type"":""MultiPoint"",""coordinates"":[]}"
4521_0,0.14565635,0.73960465,0.12748614,8,22617,"{""type"":""MultiPoint"",""coordinates"":[]}"
4522_0,0.083726786,0.6439791,0.031764906,8,4235,"{""type"":""MultiPoint"",""coordinates"":[]}"
4523_0,0.21876809,0.7321075,0.16402833,8,16307,"{""type"":""MultiPoint"",""coordinates"":[]}"
4524_0,0.16360189,0.75653857,0.11173747,8,14112,"{""type"":""MultiPoint"",""coordinates"":[]}"
4525_0,-0.0070835864,0.5699145,-0.04366257,8,5155,"{""type"":""MultiPoint"",""coordinates"":[]}"
4526_0,0.19391502,0.71873295,0.15443873,8,17467,"{""type"":""MultiPoint"",""coordinates"":[]}"
4527_0,-0.14649434,0.32335934,-0.20509543,8,6095,"{""type"":""MultiPoint"",""coordinates"":[]}"
4528_0,0.23965509,0.7849024,0.2431569,8,19355,"{""type"":""MultiPoint"",""coordinates"":[]}"
4529_0,0.26612753,0.79873174,0.25148666,8,6648,"{""type"":""MultiPoint"",""coordinates"":[]}"
4530_0,-0.10598626,0.3851369,-0.13059701,8,5333,"{""type"":""MultiPoint"",""coordinates"":[]}"
4531_0,-0.102609724,0.24983491,-0.13584337,8,21411,"{""type"":""MultiPoint"",""coordinates"":[]}"
4532_0,0.32147744,0.8751978,0.348801,8,10193,"{""type"":""MultiPoint"",""coordinates"":[]}"
4533_0,0.15454546,0.642003,0.10847629,8,19080,"{""type"":""MultiPoint"",""coordinates"":[]}"
4534_0,0.030553505,0.53461295,0.039355434,8,22201,"{""type"":""MultiPoint"",""coordinates"":[]}"
4535_0,0.030290456,0.54252,0.009745763,8,21033,"{""type"":""MultiPoint"",""coordinates"":[]}"
4536_0,0.25858027,0.800203,0.24501121,8,8180,"{""type"":""MultiPoint"",""coordinates"":[]}"
4537_0,0.07677416,0.58972126,0.047340613,8,20200,"{""type"":""MultiPoint"",""coordinates"":[]}"
4538_0,-0.062354892,0.6117051,-0.048978914,8,23899,"{""type"":""MultiPoint"",""coordinates"":[]}"
4539_0,0.05108514,0.5634744,0.010248393,8,16147,"{""type"":""MultiPoint"",""coordinates"":[]}"
4540_0,0.17716879,0.7166939,0.14508523,8,4973,"{""type"":""MultiPoint"",""coordinates"":[]}"
4541_0,0.29739442,0.7391874,0.2685579,8,20290,"{""type"":""MultiPoint"",""coordinates"":[]}"
4542_0,0.038697317,0.53956836,0.012019704,8,19496,"{""type"":""MultiPoint"",""coordinates"":[]}"
4543_0,-0.03411306,0.35347432,-0.06830005,8,24348,"{""type"":""MultiPoint"",""coordinates"":[]}"
4544_0,-0.11823703,0.28776208,-0.15950872,8,9614,"{""type"":""MultiPoint"",""coordinates"":[]}"
4545_0,-0.08138352,0.4652778,-0.120083176,8,16141,"{""type"":""MultiPoint"",""coordinates"":[]}"
4546_0,0.07159893,0.6188188,0.048863705,8,4031,"{""type"":""MultiPoint"",""coordinates"":[]}"
4547_0,-0.13497469,0.37700388,-0.14398625,8,2375,"{""type"":""MultiPoint"",""coordinates"":[]}"
4548_0,0.13504599,0.6837523,0.10981182,8,18957,"{""type"":""MultiPoint"",""coordinates"":[]}"
4549_0,0.072296835,0.5910148,0.028370805,8,15410,"{""type"":""MultiPoint"",""coordinates"":[]}"
4550_0,0.1563441,0.7234542,0.104629196,8,3884,"{""type"":""MultiPoint"",""coordinates"":[]}"
4551_0,0.18160751,0.7738488,0.14407328,8,17651,"{""type"":""MultiPoint"",""coordinates"":[]}"
4552_0,0.1648622,0.8120775,0.11989134,8,22430,"{""type"":""MultiPoint"",""coordinates"":[]}"
4553_0,0.16717467,0.5761094,0.14643134,8,5496,"{""type"":""MultiPoint"",""coordinates"":[]}"
4554_0,0.17878677,0.6896622,0.14873815,8,17089,"{""type"":""MultiPoint"",""coordinates"":[]}"
4555_0,0.20385945,0.59126866,0.15426043,8,9909,"{""type"":""MultiPoint"",""coordinates"":[]}"
4556_0,0.012504008,0.5664261,-0.026324559,8,10992,"{""type"":""MultiPoint"",""coordinates"":[]}"
4557_0,0.17402703,0.6247282,0.12159554,8,14315,"{""type"":""MultiPoint"",""coordinates"":[]}"
4558_0,0.30925974,0.7787755,0.263673,8,1405,"{""type"":""MultiPoint"",""coordinates"":[]}"
4559_0,-0.0818208,0.50891286,-0.10738155,8,17473,"{""type"":""MultiPoint"",""coordinates"":[]}"
4560_0,0.13982642,0.728118,0.08905229,8,12725,"{""type"":""MultiPoint"",""coordinates"":[]}"
4561_0,0.21846771,0.70367754,0.1870864,8,9757,"{""type"":""MultiPoint"",""coordinates"":[]}"
4562_0,-0.065303996,0.43274692,-0.13622054,8,12077,"{""type"":""MultiPoint"",""coordinates"":[]}"
4563_0,-0.064526804,0.44773617,-0.10739145,8,16942,"{""type"":""MultiPoint"",""coordinates"":[]}"
4564_0,-0.024744993,0.56170094,-0.04676492,8,18137,"{""type"":""MultiPoint"",""coordinates"":[]}"
4565_0,0.13716048,0.7162789,0.11850817,8,8489,"{""type"":""MultiPoint"",""coordinates"":[]}"
4566_0,-0.07591893,0.4090511,-0.13574499,8,1768,"{""type"":""MultiPoint"",""coordinates"":[]}"
4567_0,-0.0038763296,0.5434544,0.0014847622,8,14624,"{""type"":""MultiPoint"",""coordinates"":[]}"
4568_0,0.1024534,0.47809428,0.052807428,8,12729,"{""type"":""MultiPoint"",""coordinates"":[]}"
4569_0,0.12844947,0.5380739,0.1049949,8,13687,"{""type"":""MultiPoint"",""coordinates"":[]}"
4570_0,-0.061008807,0.36498973,-0.10011622,8,1243,"{""type"":""MultiPoint"",""coordinates"":[]}"
4571_0,0.030167598,0.53080875,-0.03688093,8,23208,"{""type"":""MultiPoint"",""coordinates"":[]}"
4572_0,0.047211714,0.67250824,0.026554622,8,22589,"{""type"":""MultiPoint"",""coordinates"":[]}"
4573_0,0.058596898,0.5077633,0.04968312,8,20729,"{""type"":""MultiPoint"",""coordinates"":[]}"
4574_0,0.07626181,0.6302844,0.018801922,8,14711,"{""type"":""MultiPoint"",""coordinates"":[]}"
4575_0,0.22116825,0.7307002,0.20767096,8,16688,"{""type"":""MultiPoint"",""coordinates"":[]}"
4576_0,0.16939475,0.74216026,0.15785411,8,4410,"{""type"":""MultiPoint"",""coordinates"":[]}"
4577_0,0.0131180575,0.58967257,-0.024155727,8,2255,"{""type"":""MultiPoint"",""coordinates"":[]}"
4578_0,0.13779373,0.70322645,0.14082819,8,3769,"{""type"":""MultiPoint"",""coordinates"":[]}"
4579_0,0.33601135,0.72754,0.3071992,8,2806,"{""type"":""MultiPoint"",""coordinates"":[]}"
4580_0,0.16017663,0.7771318,0.13607268,8,2681,"{""type"":""MultiPoint"",""coordinates"":[]}"
4581_0,0.240024,0.6896119,0.2538086,8,14604,"{""type"":""MultiPoint"",""coordinates"":[]}"
4582_0,0.014798989,0.55771184,-0.012515717,8,8827,"{""type"":""MultiPoint"",""coordinates"":[]}"
4583_0,0.028223263,0.29977757,-0.0065819733,8,20063,"{""type"":""MultiPoint"",""coordinates"":[]}"
4584_0,0.18790679,0.5507335,0.14492425,8,23542,"{""type"":""MultiPoint"",""coordinates"":[]}"
4585_0,0.17168604,0.7013876,0.12936217,8,3314,"{""type"":""MultiPoint"",""coordinates"":[]}"
4586_0,0.103799105,0.22790104,0.1103345,8,18289,"{""type"":""MultiPoint"",""coordinates"":[]}"
4587_0,0.15329544,0.7237558,0.10692383,8,10007,"{""type"":""MultiPoint"",""coordinates"":[]}"
4588_0,0.010364843,0.59985155,-0.049908545,8,6271,"{""type"":""MultiPoint"",""coordinates"":[]}"
4589_0,0.2824581,0.81987035,0.27581465,8,21512,"{""type"":""MultiPoint"",""coordinates"":[]}"
4590_0,0.20003906,0.71352535,0.16870132,8,10654,"{""type"":""MultiPoint"",""coordinates"":[]}"
4591_0,0.020877043,0.62594265,0.006940576,8,18713,"{""type"":""MultiPoint"",""coordinates"":[]}"
4592_0,0.09155823,0.65092295,0.016522598,8,8588,"{""type"":""MultiPoint"",""coordinates"":[]}"
4593_0,-0.078955956,0.35072315,-0.11505017,8,21070,"{""type"":""MultiPoint"",""coordinates"":[]}"
4594_0,-0.11610861,0.40191805,-0.15233415,8,9534,"{""type"":""MultiPoint"",""coordinates"":[]}"
4595_0,0.061358314,0.5933544,0.012042271,8,14449,"{""type"":""MultiPoint"",""coordinates"":[]}"
4596_0,0.17016558,0.7161696,0.13976021,8,19849,"{""type"":""MultiPoint"",""coordinates"":[]}"
4597_0,-0.03174946,0.46528807,-0.08508971,8,6223,"{""type"":""MultiPoint"",""coordinates"":[]}"
4598_0,0.17604505,0.766072,0.13507721,8,9153,"{""type"":""MultiPoint"",""coordinates"":[]}"
4599_0,-0.016740834,0.5527426,-0.04145865,8,16045,"{""type"":""MultiPoint"",""coordinates"":[]}"
4600_0,-0.09869996,0.21282378,-0.1453399,8,21635,"{""type"":""MultiPoint"",""coordinates"":[]}"
4601_0,0.20367236,0.79788095,0.19615902,8,22226,"{""type"":""MultiPoint"",""coordinates"":[]}"
4602_0,-0.16749822,0.275531,-0.20215352,8,17880,"{""type"":""MultiPoint"",""coordinates"":[]}"
4603_0,0.10029917,0.58872646,0.07311277,8,7542,"{""type"":""MultiPoint"",""coordinates"":[]}"
4604_0,0.10076392,0.6221786,0.142605,8,8099,"{""type"":""MultiPoint"",""coordinates"":[]}"
4605_0,-0.03232917,0.49247175,-0.06815179,8,10920,"{""type"":""MultiPoint"",""coordinates"":[]}"
4606_0,0.12086137,0.63858265,0.085909896,8,8618,"{""type"":""MultiPoint"",""coordinates"":[]}"
4607_0,0.1426199,0.715847,0.097662225,8,20461,"{""type"":""MultiPoint"",""coordinates"":[]}"
4608_0,-0.062356744,0.41885272,-0.07760682,8,12594,"{""type"":""MultiPoint"",""coordinates"":[]}"
4609_0,0.21311161,0.70822173,0.2044667,8,21857,"{""type"":""MultiPoint"",""coordinates"":[]}"
4610_0,0.15833169,0.65546495,0.109846085,8,24686,"{""type"":""MultiPoint"",""coordinates"":[]}"
4611_0,0.026049113,0.6281094,-0.026087381,8,13762,"{""type"":""MultiPoint"",""coordinates"":[]}"
4612_0,0.0141437305,0.6247619,-0.0038925651,8,14108,"{""type"":""MultiPoint"",""coordinates"":[]}"
4613_0,0.09874875,0.7102682,0.06420632,8,12553,"{""type"":""MultiPoint"",""coordinates"":[]}"
4614_0,-0.043615125,0.39014181,-0.08515615,8,7924,"{""type"":""MultiPoint"",""coordinates"":[]}"
4615_0,0.04639062,0.34162802,0.010512374,8,18786,"{""type"":""MultiPoint"",""coordinates"":[]}"
4616_0,0.16048945,0.7126246,0.13296704,8,14183,"{""type"":""MultiPoint"",""coordinates"":[]}"
4617_0,0.10794024,0.49579832,0.06906402,8,12838,"{""type"":""MultiPoint"",""coordinates"":[]}"
4618_0,0.06090016,0.65554434,0.020153668,8,10138,"{""type"":""MultiPoint"",""coordinates"":[]}"
4619_0,0.21459597,0.80008715,0.18777283,8,21696,"{""type"":""MultiPoint"",""coordinates"":[]}"
4620_0,-0.03972451,0.3109572,-0.066884585,8,8316,"{""type"":""MultiPoint"",""coordinates"":[]}"
4621_0,-6.790993E-4,0.39086097,-0.047945797,8,1077,"{""type"":""MultiPoint"",""coordinates"":[]}"
4622_0,-0.03852407,0.52625597,-0.1072271,8,5485,"{""type"":""MultiPoint"",""coordinates"":[]}"
4623_0,0.082288645,0.6070565,0.08563228,8,18695,"{""type"":""MultiPoint"",""coordinates"":[]}"
4624_0,0.21331689,0.6353741,0.16762269,8,14867,"{""type"":""MultiPoint"",""coordinates"":[]}"
4625_0,0.17743862,0.6764165,0.11693864,8,25438,"{""type"":""MultiPoint"",""coordinates"":[]}"
4626_0,-0.14087062,0.29642332,-0.19053628,8,3207,"{""type"":""MultiPoint"",""coordinates"":[]}"
4627_0,-0.0564086,0.51508445,-0.09536785,8,9469,"{""type"":""MultiPoint"",""coordinates"":[]}"
4628_0,-0.24958123,0.13615024,-0.31176367,8,10166,"{""type"":""MultiPoint"",""coordinates"":[]}"
4629_0,-0.04073632,0.4353008,-0.10095983,8,17476,"{""type"":""MultiPoint"",""coordinates"":[]}"
4630_0,0.29719257,0.7932886,0.22257672,8,2150,"{""type"":""MultiPoint"",""coordinates"":[]}"
4631_0,-1.3327309E-5,0.5572039,-0.016327366,8,11701,"{""type"":""MultiPoint"",""coordinates"":[]}"
4632_0,-0.048903342,0.5238853,-0.0646367,8,6045,"{""type"":""MultiPoint"",""coordinates"":[]}"
4633_0,0.21920837,0.8024352,0.17257327,8,3489,"{""type"":""MultiPoint"",""coordinates"":[]}"
4634_0,-0.07199141,0.366314,-0.101794146,8,24925,"{""type"":""MultiPoint"",""coordinates"":[]}"
4635_0,0.23538199,0.8169269,0.22089829,8,23967,"{""type"":""MultiPoint"",""coordinates"":[]}"
4636_0,0.068684064,0.6180577,0.038619936,8,5787,"{""type"":""MultiPoint"",""coordinates"":[]}"
4637_0,0.04885708,0.6688719,0.0059417416,8,9931,"{""type"":""MultiPoint"",""coordinates"":[]}"
4638_0,0.26946658,0.8046679,0.23863867,8,24671,"{""type"":""MultiPoint"",""coordinates"":[]}"
4639_0,-0.25386322,0.13415709,-0.28197837,8,4744,"{""type"":""MultiPoint"",""coordinates"":[]}"
4640_0,0.15025693,0.7220878,0.093023255,8,2380,"{""type"":""MultiPoint"",""coordinates"":[]}"
4641_0,0.044949003,0.5456719,0.025300505,8,12344,"{""type"":""MultiPoint"",""coordinates"":[]}"
4642_0,-0.1895741,0.31122604,-0.23186406,8,6545,"{""type"":""MultiPoint"",""coordinates"":[]}"
4643_0,-0.08149538,0.36839393,-0.122499585,8,25396,"{""type"":""MultiPoint"",""coordinates"":[]}"
4644_0,0.019891644,0.5877139,-0.04124033,8,3529,"{""type"":""MultiPoint"",""coordinates"":[]}"
4645_0,-0.17658198,0.23787764,-0.2159165,8,4420,"{""type"":""MultiPoint"",""coordinates"":[]}"
4646_0,0.13039832,0.6025903,0.07467963,8,604,"{""type"":""MultiPoint"",""coordinates"":[]}"
4647_0,0.2893296,0.8209587,0.2559653,8,4149,"{""type"":""MultiPoint"",""coordinates"":[]}"
4648_0,0.027591974,0.48645937,-0.017248815,8,12739,"{""type"":""MultiPoint"",""coordinates"":[]}"
4649_0,0.21271572,0.77237135,0.19348268,8,19105,"{""type"":""MultiPoint"",""coordinates"":[]}"
4650_0,0.124015585,0.67960006,0.086372,8,22387,"{""type"":""MultiPoint"",""coordinates"":[]}"
4651_0,0.19912384,0.72827584,0.17022623,8,875,"{""type"":""MultiPoint"",""coordinates"":[]}"
4652_0,0.15390477,0.56033677,0.05882353,8,11105,"{""type"":""MultiPoint"",""coordinates"":[]}"
4653_0,0.16647585,0.6416465,0.11775789,8,2467,"{""type"":""MultiPoint"",""coordinates"":[]}"
4654_0,0.23476209,0.84002095,0.2863953,8,19104,"{""type"":""MultiPoint"",""coordinates"":[]}"
4655_0,-0.12559226,0.23050839,-0.14844804,8,8980,"{""type"":""MultiPoint"",""coordinates"":[]}"
4656_0,0.19087504,0.6925644,0.15256402,8,11902,"{""type"":""MultiPoint"",""coordinates"":[]}"
4657_0,0.19298647,0.7549341,0.15215218,8,8540,"{""type"":""MultiPoint"",""coordinates"":[]}"
4658_0,0.07927195,0.61796737,0.04972099,8,15647,"{""type"":""MultiPoint"",""coordinates"":[]}"
4659_0,-0.00270027,0.4675474,-0.043071162,8,8657,"{""type"":""MultiPoint"",""coordinates"":[]}"
4660_0,0.11776096,0.6642532,0.085735135,8,14778,"{""type"":""MultiPoint"",""coordinates"":[]}"
4661_0,-0.11545251,0.31804278,-0.15771915,8,20858,"{""type"":""MultiPoint"",""coordinates"":[]}"
4662_0,0.043525953,0.512949,-0.0042158766,8,25452,"{""type"":""MultiPoint"",""coordinates"":[]}"
4663_0,-0.017803136,0.44501624,-0.09085324,8,22141,"{""type"":""MultiPoint"",""coordinates"":[]}"
4664_0,-0.020505182,0.3966221,-0.06972056,8,7898,"{""type"":""MultiPoint"",""coordinates"":[]}"
4665_0,-0.021228943,0.41202843,-0.0652763,8,19328,"{""type"":""MultiPoint"",""coordinates"":[]}"
4666_0,-0.060357314,0.44991878,-0.109855406,8,575,"{""type"":""MultiPoint"",""coordinates"":[]}"
4667_0,0.11296326,0.74994,0.0831047,8,11815,"{""type"":""MultiPoint"",""coordinates"":[]}"
4668_0,0.14385271,0.63192564,0.11647217,8,15230,"{""type"":""MultiPoint"",""coordinates"":[]}"
4669_0,0.19888833,0.7205824,0.12311948,8,7088,"{""type"":""MultiPoint"",""coordinates"":[]}"
4670_0,-0.13274336,0.2731634,-0.20546407,8,4442,"{""type"":""MultiPoint"",""coordinates"":[]}"
4671_0,0.085834175,0.4055846,0.09954807,8,24088,"{""type"":""MultiPoint"",""coordinates"":[]}"
4672_0,0.20584719,0.5762786,0.1360636,8,17171,"{""type"":""MultiPoint"",""coordinates"":[]}"
4673_0,0.26089406,0.68935794,0.20387019,8,18902,"{""type"":""MultiPoint"",""coordinates"":[]}"
4674_0,0.30080482,0.8486708,0.26799276,8,13373,"{""type"":""MultiPoint"",""coordinates"":[]}"
4675_0,0.2700628,0.7259475,0.25868177,8,913,"{""type"":""MultiPoint"",""coordinates"":[]}"
4676_0,0.085482925,0.7169692,0.040893894,8,13957,"{""type"":""MultiPoint"",""coordinates"":[]}"
4677_0,0.12117038,0.57180256,0.10353555,8,1859,"{""type"":""MultiPoint"",""coordinates"":[]}"
4678_0,0.061811198,0.48609614,-0.0043795677,8,509,"{""type"":""MultiPoint"",""coordinates"":[]}"
4679_0,-0.10782205,0.37023637,-0.14806199,8,23060,"{""type"":""MultiPoint"",""coordinates"":[]}"
4680_0,0.17371859,0.76737726,0.13820006,8,12279,"{""type"":""MultiPoint"",""coordinates"":[]}"
4681_0,-0.06584237,0.42829967,-0.13790713,8,16497,"{""type"":""MultiPoint"",""coordinates"":[]}"
4682_0,0.15469272,0.6894508,0.10842374,8,10608,"{""type"":""MultiPoint"",""coordinates"":[]}"
4683_0,-0.03983351,0.35117742,-0.046802025,8,2814,"{""type"":""MultiPoint"",""coordinates"":[]}"
4684_0,0.10511563,0.73771936,0.025227021,8,15270,"{""type"":""MultiPoint"",""coordinates"":[]}"
4685_0,0.06797728,0.5185001,0.023689093,8,9530,"{""type"":""MultiPoint"",""coordinates"":[]}"
4686_0,0.1647313,0.7719265,0.15095131,8,11430,"{""type"":""MultiPoint"",""coordinates"":[]}"
4687_0,0.29305446,0.8106543,0.25907925,8,9818,"{""type"":""MultiPoint"",""coordinates"":[]}"
4688_0,0.029796796,0.55366075,-0.0087186005,8,5910,"{""type"":""MultiPoint"",""coordinates"":[]}"
4689_0,0.052307487,0.49542418,0.0070630065,8,24991,"{""type"":""MultiPoint"",""coordinates"":[]}"
4690_0,0.0787713,0.5860363,0.04458569,8,9577,"{""type"":""MultiPoint"",""coordinates"":[]}"
4691_0,0.11710818,0.6837814,0.081741,8,11148,"{""type"":""MultiPoint"",""coordinates"":[]}"
4692_0,0.12643506,0.7010051,0.06145494,8,2697,"{""type"":""MultiPoint"",""coordinates"":[]}"
4693_0,0.0839196,0.6968577,0.0035528834,8,4534,"{""type"":""MultiPoint"",""coordinates"":[]}"
4694_0,-0.057901997,0.4458356,-0.11341277,8,22211,"{""type"":""MultiPoint"",""coordinates"":[]}"
4695_0,0.053131748,0.5580034,-0.008975835,8,19865,"{""type"":""MultiPoint"",""coordinates"":[]}"
4696_0,0.107309796,0.7178051,0.08946383,8,9864,"{""type"":""MultiPoint"",""coordinates"":[]}"
4697_0,0.2569592,0.810407,0.20789342,8,7085,"{""type"":""MultiPoint"",""coordinates"":[]}"
4698_0,0.32003963,0.85332036,0.2939563,8,17541,"{""type"":""MultiPoint"",""coordinates"":[]}"
4699_0,0.07037864,0.6498134,0.06986289,8,4550,"{""type"":""MultiPoint"",""coordinates"":[]}"
4700_0,0.18307778,0.70118576,0.1503243,8,13646,"{""type"":""MultiPoint"",""coordinates"":[]}"
4701_0,-0.109507285,0.29027992,-0.15453495,8,21850,"{""type"":""MultiPoint"",""coordinates"":[]}"
4702_0,-0.057376195,0.44831643,-0.123070575,8,2220,"{""type"":""MultiPoint"",""coordinates"":[]}"
4703_0,0.15528981,0.5496633,0.15692799,8,18702,"{""type"":""MultiPoint"",""coordinates"":[]}"
4704_0,0.13579448,0.6879862,0.12243419,8,14558,"{""type"":""MultiPoint"",""coordinates"":[]}"
4705_0,0.30529648,0.8083292,0.27399075,8,6576,"{""type"":""MultiPoint"",""coordinates"":[]}"
4706_0,0.18136851,0.78464365,0.1823639,8,10480,"{""type"":""MultiPoint"",""coordinates"":[]}"
4707_0,0.20194063,0.702087,0.13624619,8,902,"{""type"":""MultiPoint"",""coordinates"":[]}"
4708_0,0.028991869,0.607794,-0.0134754535,8,10597,"{""type"":""MultiPoint"",""coordinates"":[]}"
4709_0,0.07887424,0.6492401,0.05721599,8,22402,"{""type"":""MultiPoint"",""coordinates"":[]}"
4710_0,-0.040795617,0.5344532,-0.05644829,8,513,"{""type"":""MultiPoint"",""coordinates"":[]}"
4711_0,0.19573547,0.6106049,0.112915285,8,21496,"{""type"":""MultiPoint"",""coordinates"":[]}"
4712_0,0.123645596,0.79099566,0.08785841,8,18298,"{""type"":""MultiPoint"",""coordinates"":[]}"
4713_0,0.08848286,0.6173338,0.017560074,8,2115,"{""type"":""MultiPoint"",""coordinates"":[]}"
4714_0,0.0016260162,0.5048802,-0.03702366,8,23585,"{""type"":""MultiPoint"",""coordinates"":[]}"
4715_0,0.018669434,0.41449404,-0.020017272,8,3501,"{""type"":""MultiPoint"",""coordinates"":[]}"
4716_0,0.0030011057,0.56353307,-0.037987173,8,10261,"{""type"":""MultiPoint"",""coordinates"":[]}"
4717_0,-0.10666667,0.3493976,-0.16834697,8,251,"{""type"":""MultiPoint"",""coordinates"":[]}"
4718_0,0.20314407,0.8601209,0.2019496,8,10818,"{""type"":""MultiPoint"",""coordinates"":[]}"
4719_0,0.22699544,0.7315238,0.17118365,8,24173,"{""type"":""MultiPoint"",""coordinates"":[]}"
4720_0,0.034829203,0.47147304,0.006295729,8,7477,"{""type"":""MultiPoint"",""coordinates"":[]}"
4721_0,0.14665668,0.6217054,0.068873905,8,8247,"{""type"":""MultiPoint"",""coordinates"":[]}"
4722_0,0.005907173,0.478749,-0.023780165,8,12883,"{""type"":""MultiPoint"",""coordinates"":[]}"
4723_0,0.09548312,0.3392589,-0.016165746,8,19516,"{""type"":""MultiPoint"",""coordinates"":[]}"
4724_0,0.1483991,0.77442056,0.124750175,8,6692,"{""type"":""MultiPoint"",""coordinates"":[]}"
4725_0,0.045765545,0.29241735,0.01968135,8,24722,"{""type"":""MultiPoint"",""coordinates"":[]}"
4726_0,-0.13884391,0.35840327,-0.18439382,8,12119,"{""type"":""MultiPoint"",""coordinates"":[]}"
4727_0,0.048446387,0.49231717,-0.0040930943,8,13903,"{""type"":""MultiPoint"",""coordinates"":[]}"
4728_0,0.24948241,0.71363807,0.21853948,8,19081,"{""type"":""MultiPoint"",""coordinates"":[]}"
4729_0,0.06054892,0.54626673,0.050402373,8,12409,"{""type"":""MultiPoint"",""coordinates"":[]}"
4730_0,-0.07018763,0.47563678,-0.07044674,8,20299,"{""type"":""MultiPoint"",""coordinates"":[]}"
4731_0,0.21187428,0.7061055,0.18892308,8,1256,"{""type"":""MultiPoint"",""coordinates"":[]}"
4732_0,0.07500433,0.71622,0.054699946,8,19074,"{""type"":""MultiPoint"",""coordinates"":[]}"
4733_0,0.014496123,0.49586043,-0.036624335,8,2992,"{""type"":""MultiPoint"",""coordinates"":[]}"
4734_0,-0.0076810676,0.47165048,-0.06239157,8,263,"{""type"":""MultiPoint"",""coordinates"":[]}"
4735_0,0.22114861,0.808232,0.22542389,8,11106,"{""type"":""MultiPoint"",""coordinates"":[]}"
4736_0,0.10510892,0.6968437,0.06353742,8,22289,"{""type"":""MultiPoint"",""coordinates"":[]}"
4737_0,0.0539873,0.5042641,0.01220623,8,23000,"{""type"":""MultiPoint"",""coordinates"":[]}"
4738_0,0.17650118,0.66217875,0.11793915,8,1097,"{""type"":""MultiPoint"",""coordinates"":[]}"
4739_0,-1.7860332E-4,0.5805597,-0.048885558,8,4291,"{""type"":""MultiPoint"",""coordinates"":[]}"
4740_0,0.12063691,0.63742465,0.11749347,8,9188,"{""type"":""MultiPoint"",""coordinates"":[]}"
4741_0,0.3913919,0.799646,0.36498675,8,7293,"{""type"":""MultiPoint"",""coordinates"":[]}"
4742_0,-5.7275215E-4,0.577834,-0.03357117,8,7001,"{""type"":""MultiPoint"",""coordinates"":[]}"
4743_0,0.1630704,0.6602017,0.13579802,8,7306,"{""type"":""MultiPoint"",""coordinates"":[]}"
4744_0,-0.01576944,0.5204812,-0.03997106,8,23025,"{""type"":""MultiPoint"",""coordinates"":[]}"
4745_0,0.13179572,0.7624168,0.13279578,8,10324,"{""type"":""MultiPoint"",""coordinates"":[]}"
4746_0,-0.065911435,0.4051535,-0.08805031,8,10408,"{""type"":""MultiPoint"",""coordinates"":[]}"
4747_0,0.018454904,0.3924219,-0.013690711,8,4705,"{""type"":""MultiPoint"",""coordinates"":[]}"
4748_0,0.053202376,0.6021569,0.019329539,8,9920,"{""type"":""MultiPoint"",""coordinates"":[]}"
4749_0,0.08636582,0.3923731,0.11591141,8,4510,"{""type"":""MultiPoint"",""coordinates"":[]}"
4750_0,-0.040260136,0.15920417,-0.06546993,8,8350,"{""type"":""MultiPoint"",""coordinates"":[]}"
4751_0,0.02602096,0.53237,-0.018430553,8,5864,"{""type"":""MultiPoint"",""coordinates"":[]}"
4752_0,0.20327681,0.6742402,0.135027,8,3821,"{""type"":""MultiPoint"",""coordinates"":[]}"
4753_0,0.023904689,0.5332239,-0.010402216,8,24738,"{""type"":""MultiPoint"",""coordinates"":[]}"
4754_0,-0.1369796,0.369932,-0.113139875,8,15486,"{""type"":""MultiPoint"",""coordinates"":[]}"
4755_0,-0.002095536,0.3953867,-0.029197307,8,4634,"{""type"":""MultiPoint"",""coordinates"":[]}"
4756_0,0.29228616,0.85223997,0.2720403,8,8796,"{""type"":""MultiPoint"",""coordinates"":[]}"
4757_0,-0.098280095,0.35001358,-0.10429448,8,4475,"{""type"":""MultiPoint"",""coordinates"":[]}"
4758_0,0.30702096,0.847351,0.3494747,8,2546,"{""type"":""MultiPoint"",""coordinates"":[]}"
4759_0,0.09346904,0.5245342,0.04498525,8,8622,"{""type"":""MultiPoint"",""coordinates"":[]}"
4760_0,0.24794494,0.73443323,0.2524981,8,14906,"{""type"":""MultiPoint"",""coordinates"":[]}"
4761_0,0.0694414,0.6509919,0.039565906,8,10163,"{""type"":""MultiPoint"",""coordinates"":[]}"
4762_0,-0.056163937,0.4943163,-0.10222125,8,12371,"{""type"":""MultiPoint"",""coordinates"":[]}"
4763_0,-0.047125667,0.48111388,-0.05257853,8,19770,"{""type"":""MultiPoint"",""coordinates"":[]}"
4764_0,0.11881069,0.72316355,0.09742877,8,12187,"{""type"":""MultiPoint"",""coordinates"":[]}"
4765_0,-0.12075017,0.38741505,-0.152709,8,17769,"{""type"":""MultiPoint"",""coordinates"":[]}"
4766_0,-0.10387586,0.28926185,-0.15662971,8,20892,"{""type"":""MultiPoint"",""coordinates"":[]}"
4767_0,0.028043665,0.5571564,-0.01914628,8,7551,"{""type"":""MultiPoint"",""coordinates"":[]}"
4768_0,0.3281435,0.85071725,0.30920482,8,20339,"{""type"":""MultiPoint"",""coordinates"":[]}"
4769_0,0.12482778,0.62471807,0.07888631,8,6902,"{""type"":""MultiPoint"",""coordinates"":[]}"
4770_0,0.08950909,0.67726076,-0.019967772,8,14666,"{""type"":""MultiPoint"",""coordinates"":[]}"
4771_0,-0.05989111,0.33027965,-0.11626449,8,10943,"{""type"":""MultiPoint"",""coordinates"":[]}"
4772_0,-0.0032805216,0.62004405,0.015897492,8,21933,"{""type"":""MultiPoint"",""coordinates"":[]}"
4773_0,0.15117255,0.681668,0.14346065,8,4010,"{""type"":""MultiPoint"",""coordinates"":[]}"
4774_0,-0.04398213,0.4668296,-0.08076913,8,7840,"{""type"":""MultiPoint"",""coordinates"":[]}"
4775_0,-0.057318654,0.32,-0.10412371,8,8686,"{""type"":""MultiPoint"",""coordinates"":[]}"
4776_0,0.09260539,0.688747,0.08235294,8,4903,"{""type"":""MultiPoint"",""coordinates"":[]}"
4777_0,0.2110291,0.7478935,0.17703132,8,21916,"{""type"":""MultiPoint"",""coordinates"":[]}"
4778_0,0.03742495,0.5743857,0.007186691,8,11766,"{""type"":""MultiPoint"",""coordinates"":[]}"
4779_0,0.20228398,0.5850678,0.15842603,8,17182,"{""type"":""MultiPoint"",""coordinates"":[]}"
4780_0,0.24233463,0.7785651,0.24257426,8,12898,"{""type"":""MultiPoint"",""coordinates"":[]}"
4781_0,0.15465729,0.7278653,0.14233038,8,6595,"{""type"":""MultiPoint"",""coordinates"":[]}"
4782_0,0.107628755,0.659841,0.07636094,8,17164,"{""type"":""MultiPoint"",""coordinates"":[]}"
4783_0,0.15951951,0.71419275,0.10818517,8,17931,"{""type"":""MultiPoint"",""coordinates"":[]}"
4784_0,0.022144787,0.6725164,-0.027923534,8,19687,"{""type"":""MultiPoint"",""coordinates"":[]}"
4785_0,0.18451883,0.5571518,0.122467354,8,23232,"{""type"":""MultiPoint"",""coordinates"":[]}"
4786_0,0.22954446,0.78101987,0.200312,8,18090,"{""type"":""MultiPoint"",""coordinates"":[]}"
4787_0,0.19703314,0.75788707,0.17882665,8,22296,"{""type"":""MultiPoint"",""coordinates"":[]}"
4788_0,0.20608108,0.7549407,0.09871004,8,10861,"{""type"":""MultiPoint"",""coordinates"":[]}"
4789_0,0.22062664,0.62488395,0.19251925,8,15347,"{""type"":""MultiPoint"",""coordinates"":[]}"
4790_0,0.19989213,0.7675868,0.16506773,8,9246,"{""type"":""MultiPoint"",""coordinates"":[]}"
4791_0,0.39476553,0.88839865,0.38000372,8,15530,"{""type"":""MultiPoint"",""coordinates"":[]}"
4792_0,0.038485326,0.5286702,0.02176632,8,224,"{""type"":""MultiPoint"",""coordinates"":[]}"
4793_0,0.100616015,0.5260691,0.08361065,8,9514,"{""type"":""MultiPoint"",""coordinates"":[]}"
4794_0,0.2114165,0.61342955,0.16461366,8,3846,"{""type"":""MultiPoint"",""coordinates"":[]}"
4795_0,0.039381556,0.37238094,0.018466087,8,9750,"{""type"":""MultiPoint"",""coordinates"":[]}"
4796_0,0.19584027,0.7087029,0.13311814,8,12311,"{""type"":""MultiPoint"",""coordinates"":[]}"
4797_0,0.16272323,0.58890176,0.11716892,8,11377,"{""type"":""MultiPoint"",""coordinates"":[]}"
4798_0,-0.051951468,0.4340063,-0.09657856,8,12562,"{""type"":""MultiPoint"",""coordinates"":[]}"
4799_0,0.08896211,0.51826626,0.06508876,8,1504,"{""type"":""MultiPoint"",""coordinates"":[]}"
4800_0,-0.07292645,0.38511652,-0.10723514,8,3018,"{""type"":""MultiPoint"",""coordinates"":[]}"
4801_0,0.15994994,0.70664364,0.038946163,8,11876,"{""type"":""MultiPoint"",""coordinates"":[]}"
4802_0,0.1641646,0.7004953,0.09864891,8,5061,"{""type"":""MultiPoint"",""coordinates"":[]}"
4803_0,-0.03665261,0.36581746,-0.0756612,8,6404,"{""type"":""MultiPoint"",""coordinates"":[]}"
4804_0,0.23482077,0.8188701,0.20526516,8,21821,"{""type"":""MultiPoint"",""coordinates"":[]}"
4805_0,-0.009026752,0.5988073,-0.009342676,8,12019,"{""type"":""MultiPoint"",""coordinates"":[]}"
4806_0,0.18242973,0.68992805,0.14915997,8,3261,"{""type"":""MultiPoint"",""coordinates"":[]}"
4807_0,-0.15127955,0.2603183,-0.20615593,8,20830,"{""type"":""MultiPoint"",""coordinates"":[]}"
4808_0,-0.0954443,0.49037272,-0.13564517,8,15186,"{""type"":""MultiPoint"",""coordinates"":[]}"
4809_0,-0.0063424357,0.3967187,0.01801995,8,23701,"{""type"":""MultiPoint"",""coordinates"":[]}"
4810_0,0.19950177,0.7806191,0.1569742,8,18522,"{""type"":""MultiPoint"",""coordinates"":[]}"
4811_0,0.1540497,0.6499865,0.1066862,8,19939,"{""type"":""MultiPoint"",""coordinates"":[]}"
4812_0,0.076661296,0.69859505,0.03232655,8,24560,"{""type"":""MultiPoint"",""coordinates"":[]}"
4813_0,0.054681353,0.6804992,0.056907378,8,18473,"{""type"":""MultiPoint"",""coordinates"":[]}"
4814_0,0.04981854,0.24819277,0.08315908,8,4159,"{""type"":""MultiPoint"",""coordinates"":[]}"
4815_0,0.017244011,0.49631336,0.0041750427,8,6503,"{""type"":""MultiPoint"",""coordinates"":[]}"
4816_0,-0.06452966,0.44748616,-0.10894789,8,19594,"{""type"":""MultiPoint"",""coordinates"":[]}"
4817_0,0.36314228,0.7540453,0.3642084,8,9002,"{""type"":""MultiPoint"",""coordinates"":[]}"
4818_0,-0.015604431,0.5465492,-0.051529463,8,13706,"{""type"":""MultiPoint"",""coordinates"":[]}"
4819_0,0.31760368,0.8595194,0.30649352,8,20375,"{""type"":""MultiPoint"",""coordinates"":[]}"
4820_0,0.09009977,0.6037915,0.08405439,8,24655,"{""type"":""MultiPoint"",""coordinates"":[]}"
4821_0,-0.035384163,0.3758669,-0.07988819,8,19114,"{""type"":""MultiPoint"",""coordinates"":[]}"
4822_0,0.06650099,0.4257642,0.062164582,8,18878,"{""type"":""MultiPoint"",""coordinates"":[]}"
4823_0,0.23194523,0.80900127,0.21102946,8,20588,"{""type"":""MultiPoint"",""coordinates"":[]}"
4824_0,-0.055274796,0.40860215,-0.09729286,8,6536,"{""type"":""MultiPoint"",""coordinates"":[]}"
4825_0,0.12912387,0.6723224,0.09792276,8,17283,"{""type"":""MultiPoint"",""coordinates"":[]}"
4826_0,0.045121,0.6987163,0.029206349,8,9520,"{""type"":""MultiPoint"",""coordinates"":[]}"
4827_0,0.30529433,0.67023605,0.27811268,8,3511,"{""type"":""MultiPoint"",""coordinates"":[]}"
4828_0,0.044739667,0.61989653,0.032772418,8,11728,"{""type"":""MultiPoint"",""coordinates"":[]}"
4829_0,0.082112,0.55225635,0.020039625,8,433,"{""type"":""MultiPoint"",""coordinates"":[]}"
4830_0,-0.0010509783,0.56392086,-0.0475579,8,25467,"{""type"":""MultiPoint"",""coordinates"":[]}"
4831_0,0.20694406,0.8559892,0.1917752,8,5099,"{""type"":""MultiPoint"",""coordinates"":[]}"
4832_0,-0.073557496,0.4718864,-0.080407485,8,20962,"{""type"":""MultiPoint"",""coordinates"":[]}"
4833_0,0.027281696,0.50695235,-0.003946163,8,14611,"{""type"":""MultiPoint"",""coordinates"":[]}"
4834_0,0.295596,0.82316804,0.2644124,8,7589,"{""type"":""MultiPoint"",""coordinates"":[]}"
4835_0,-0.066455275,0.24161935,-0.06390766,8,1535,"{""type"":""MultiPoint"",""coordinates"":[]}"
4836_0,-0.018097252,0.47672045,-0.07035233,8,2878,"{""type"":""MultiPoint"",""coordinates"":[]}"
4837_0,0.24346793,0.80752623,0.22097072,8,8648,"{""type"":""MultiPoint"",""coordinates"":[]}"
4838_0,0.19089599,0.60329664,0.18334635,8,1272,"{""type"":""MultiPoint"",""coordinates"":[]}"
4839_0,0.08304944,0.73683417,0.049746253,8,17227,"{""type"":""MultiPoint"",""coordinates"":[]}"
4840_0,0.054932736,0.5049912,0.0066039623,8,3652,"{""type"":""MultiPoint"",""coordinates"":[]}"
4841_0,0.09136592,0.4908729,0.067490496,8,16352,"{""type"":""MultiPoint"",""coordinates"":[]}"
4842_0,0.09969772,0.73304456,0.15007834,8,8398,"{""type"":""MultiPoint"",""coordinates"":[]}"
4843_0,0.04997326,0.61049306,0.028393187,8,5090,"{""type"":""MultiPoint"",""coordinates"":[]}"
4844_0,0.11690283,0.59672093,0.07793687,8,15139,"{""type"":""MultiPoint"",""coordinates"":[]}"
4845_0,-0.14300644,0.33802816,-0.16417386,8,4871,"{""type"":""MultiPoint"",""coordinates"":[]}"
4846_0,-0.0051554693,0.50033176,-0.043036994,8,14668,"{""type"":""MultiPoint"",""coordinates"":[]}"
4847_0,0.044839107,0.53774107,0.009753502,8,13670,"{""type"":""MultiPoint"",""coordinates"":[]}"
4848_0,0.008510638,0.49395406,-0.04309715,8,24298,"{""type"":""MultiPoint"",""coordinates"":[]}"
4849_0,-0.03251388,0.493992,-0.060869563,8,25375,"{""type"":""MultiPoint"",""coordinates"":[]}"
4850_0,0.08864315,0.71006566,0.08671944,8,22527,"{""type"":""MultiPoint"",""coordinates"":[]}"
4851_0,0.09437471,0.5160403,0.07050745,8,6350,"{""type"":""MultiPoint"",""coordinates"":[]}"
4852_0,0.09800637,0.57534957,0.061039414,8,11933,"{""type"":""MultiPoint"",""coordinates"":[]}"
4853_0,-0.06901846,0.28967407,-0.10181166,8,11436,"{""type"":""MultiPoint"",""coordinates"":[]}"
4854_0,0.08845375,0.5900292,0.05517711,8,12036,"{""type"":""MultiPoint"",""coordinates"":[]}"
4855_0,0.1719275,0.76978195,0.1434426,8,18984,"{""type"":""MultiPoint"",""coordinates"":[]}"
4856_0,0.29607677,0.6768222,0.2709734,8,4556,"{""type"":""MultiPoint"",""coordinates"":[]}"
4857_0,0.050558314,0.5695447,0.013496144,8,10242,"{""type"":""MultiPoint"",""coordinates"":[]}"
4858_0,0.028178573,0.53145313,-0.016712047,8,21756,"{""type"":""MultiPoint"",""coordinates"":[]}"
4859_0,0.24297777,0.8094994,0.2301037,8,5887,"{""type"":""MultiPoint"",""coordinates"":[]}"
4860_0,0.18441273,0.8135206,0.16579692,8,10071,"{""type"":""MultiPoint"",""coordinates"":[]}"
4861_0,0.2004373,0.68962246,0.16550615,8,18933,"{""type"":""MultiPoint"",""coordinates"":[]}"
4862_0,0.097367674,0.49279538,0.052245937,8,8937,"{""type"":""MultiPoint"",""coordinates"":[]}"
4863_0,0.0017974232,0.53834206,-0.027010323,8,19396,"{""type"":""MultiPoint"",""coordinates"":[]}"
4864_0,0.1326794,0.7152986,0.111700244,8,18531,"{""type"":""MultiPoint"",""coordinates"":[]}"
4865_0,-0.021477226,0.5220999,-0.045259077,8,7628,"{""type"":""MultiPoint"",""coordinates"":[]}"
4866_0,0.062486455,0.6206041,0.0231092,8,4309,"{""type"":""MultiPoint"",""coordinates"":[]}"
4867_0,0.16161531,0.7826071,0.120708,8,4028,"{""type"":""MultiPoint"",""coordinates"":[]}"
4868_0,-0.021600435,0.39924684,-0.055135038,8,24723,"{""type"":""MultiPoint"",""coordinates"":[]}"
4869_0,0.055090033,0.37482253,0.015489233,8,21702,"{""type"":""MultiPoint"",""coordinates"":[]}"
4870_0,-0.008817169,0.49880287,-0.03675842,8,17052,"{""type"":""MultiPoint"",""coordinates"":[]}"
4871_0,0.16172172,0.7575099,0.12472986,8,16295,"{""type"":""MultiPoint"",""coordinates"":[]}"
4872_0,0.15617737,0.68456745,0.09354667,8,245,"{""type"":""MultiPoint"",""coordinates"":[]}"
4873_0,0.272399,0.7863248,0.25525525,8,8862,"{""type"":""MultiPoint"",""coordinates"":[]}"
4874_0,0.2610718,0.7003811,0.23904262,8,8451,"{""type"":""MultiPoint"",""coordinates"":[]}"
4875_0,0.060088202,0.50365275,0.015904857,8,8013,"{""type"":""MultiPoint"",""coordinates"":[]}"
4876_0,0.0026821636,0.5014749,-0.045699555,8,308,"{""type"":""MultiPoint"",""coordinates"":[]}"
4877_0,0.08799776,0.6991089,0.035936855,8,8513,"{""type"":""MultiPoint"",""coordinates"":[]}"
4878_0,-0.03756654,0.38134205,-0.07786885,8,8670,"{""type"":""MultiPoint"",""coordinates"":[]}"
4879_0,0.15497681,0.68000793,0.08951647,8,7907,"{""type"":""MultiPoint"",""coordinates"":[]}"
4880_0,-0.14309242,0.3521381,-0.17346726,8,20008,"{""type"":""MultiPoint"",""coordinates"":[]}"
4881_0,-0.07963247,0.40710863,-0.11255962,8,21087,"{""type"":""MultiPoint"",""coordinates"":[]}"
4882_0,0.24546511,0.6564209,0.23558159,8,5394,"{""type"":""MultiPoint"",""coordinates"":[]}"
4883_0,0.25785217,0.820921,0.23763524,8,25265,"{""type"":""MultiPoint"",""coordinates"":[]}"
4884_0,0.11816667,0.5633295,0.062154755,8,15388,"{""type"":""MultiPoint"",""coordinates"":[]}"
4885_0,0.12049929,0.64954686,0.098203525,8,14018,"{""type"":""MultiPoint"",""coordinates"":[]}"
4886_0,0.06446343,0.54864514,0.03547718,8,12184,"{""type"":""MultiPoint"",""coordinates"":[]}"
4887_0,0.13580997,0.7229629,0.111893326,8,16595,"{""type"":""MultiPoint"",""coordinates"":[]}"
4888_0,0.099006124,0.71096164,0.10589046,8,13822,"{""type"":""MultiPoint"",""coordinates"":[]}"
4889_0,-0.014292061,0.30030704,-0.015357464,8,21576,"{""type"":""MultiPoint"",""coordinates"":[]}"
4890_0,0.15333912,0.6711836,0.06462617,8,22316,"{""type"":""MultiPoint"",""coordinates"":[]}"
4891_0,0.26772016,0.7646478,0.24744144,8,11836,"{""type"":""MultiPoint"",""coordinates"":[]}"
4892_0,0.1326295,0.5593654,0.07086058,8,23315,"{""type"":""MultiPoint"",""coordinates"":[]}"
4893_0,0.11724937,0.6520169,0.10268997,8,19706,"{""type"":""MultiPoint"",""coordinates"":[]}"
4894_0,-0.00517821,0.38454503,-0.030974634,8,2405,"{""type"":""MultiPoint"",""coordinates"":[]}"
4895_0,0.2897351,0.7140673,0.2589087,8,14857,"{""type"":""MultiPoint"",""coordinates"":[]}"
4896_0,0.092610456,0.6077452,0.058996085,8,16325,"{""type"":""MultiPoint"",""coordinates"":[]}"
4897_0,0.048829023,0.565999,-0.0053389417,8,24319,"{""type"":""MultiPoint"",""coordinates"":[]}"
4898_0,0.0153324455,0.46262994,-0.055491216,8,11409,"{""type"":""MultiPoint"",""coordinates"":[]}"
4899_0,0.069653586,0.3795369,0.028217835,8,14707,"{""type"":""MultiPoint"",""coordinates"":[]}"
4900_0,-0.04178273,0.4379712,-0.106473595,8,4447,"{""type"":""MultiPoint"",""coordinates"":[]}"
4901_0,-0.120264,0.40178573,-0.1713382,8,16902,"{""type"":""MultiPoint"",""coordinates"":[]}"
4902_0,0.07038792,0.5934445,0.03987904,8,15063,"{""type"":""MultiPoint"",""coordinates"":[]}"
4903_0,0.08745507,0.37154508,0.05901699,8,24728,"{""type"":""MultiPoint"",""coordinates"":[]}"
4904_0,0.026863245,0.56295365,-0.009142242,8,11764,"{""type"":""MultiPoint"",""coordinates"":[]}"
4905_0,0.14249161,0.6304402,0.1001846,8,14761,"{""type"":""MultiPoint"",""coordinates"":[]}"
4906_0,-0.011436628,0.66979164,-0.0034193348,8,10276,"{""type"":""MultiPoint"",""coordinates"":[]}"
4907_0,0.1479728,0.71765655,0.11545956,8,11758,"{""type"":""MultiPoint"",""coordinates"":[]}"
4908_0,-0.017393684,0.4359404,-0.04665571,8,18166,"{""type"":""MultiPoint"",""coordinates"":[]}"
4909_0,0.05166238,0.5274069,0.024818448,8,6136,"{""type"":""MultiPoint"",""coordinates"":[]}"
4910_0,0.20978121,0.8191117,0.22250362,8,14932,"{""type"":""MultiPoint"",""coordinates"":[]}"
4911_0,0.040697675,0.6061593,0.011940299,8,2267,"{""type"":""MultiPoint"",""coordinates"":[]}"
4912_0,0.19881329,0.73116666,0.18624821,8,3929,"{""type"":""MultiPoint"",""coordinates"":[]}"
4913_0,0.089049056,0.57921326,0.055475157,8,4966,"{""type"":""MultiPoint"",""coordinates"":[]}"
4914_0,0.14901747,0.62011576,0.12144266,8,9391,"{""type"":""MultiPoint"",""coordinates"":[]}"
4915_0,0.06930379,0.67548835,0.060282964,8,20175,"{""type"":""MultiPoint"",""coordinates"":[]}"
4916_0,0.06427146,0.63642657,0.010979905,8,1166,"{""type"":""MultiPoint"",""coordinates"":[]}"
4917_0,0.087996416,0.61026347,0.05485965,8,19919,"{""type"":""MultiPoint"",""coordinates"":[]}"
4918_0,0.022422323,0.5857663,-0.016523136,8,17103,"{""type"":""MultiPoint"",""coordinates"":[]}"
4919_0,-0.087525845,0.50888073,-0.08230453,8,7217,"{""type"":""MultiPoint"",""coordinates"":[]}"
4920_0,-0.04582085,0.49005032,-0.081920944,8,17918,"{""type"":""MultiPoint"",""coordinates"":[]}"
4921_0,0.1426557,0.65554357,0.10806846,8,8757,"{""type"":""MultiPoint"",""coordinates"":[]}"
4922_0,-0.026815424,0.41331804,-0.03166175,8,5357,"{""type"":""MultiPoint"",""coordinates"":[]}"
4923_0,0.08663161,0.5785904,0.073524,8,18891,"{""type"":""MultiPoint"",""coordinates"":[]}"
4924_0,0.059607323,0.48462522,0.013963999,8,6682,"{""type"":""MultiPoint"",""coordinates"":[]}"
4925_0,0.33798304,0.72942334,0.3213824,8,24970,"{""type"":""MultiPoint"",""coordinates"":[]}"
4926_0,0.21313173,0.8175123,0.18857801,8,13658,"{""type"":""MultiPoint"",""coordinates"":[]}"
4927_0,0.13834766,0.70061356,0.1030864,8,11614,"{""type"":""MultiPoint"",""coordinates"":[]}"
4928_0,0.07030624,0.6826811,0.062933676,8,3353,"{""type"":""MultiPoint"",""coordinates"":[]}"
4929_0,0.09408451,0.6281376,0.042667195,8,12925,"{""type"":""MultiPoint"",""coordinates"":[]}"
4930_0,0.3576378,0.8695637,0.34775177,8,14709,"{""type"":""MultiPoint"",""coordinates"":[]}"
4931_0,-0.1731944,0.34151715,-0.2344247,8,20493,"{""type"":""MultiPoint"",""coordinates"":[]}"
4932_0,0.12752149,0.663909,0.111703075,8,21929,"{""type"":""MultiPoint"",""coordinates"":[]}"
4933_0,0.07655679,0.44536734,0.0020165867,8,21960,"{""type"":""MultiPoint"",""coordinates"":[]}"
4934_0,0.24318969,0.8152817,0.20634921,8,17856,"{""type"":""MultiPoint"",""coordinates"":[]}"
4935_0,-1.1497722E-6,0.47287774,-0.028033176,8,6518,"{""type"":""MultiPoint"",""coordinates"":[]}"
4936_0,0.09376338,0.60601354,0.08302739,8,19237,"{""type"":""MultiPoint"",""coordinates"":[]}"
4937_0,0.020488445,0.5516667,-0.03373119,8,21120,"{""type"":""MultiPoint"",""coordinates"":[]}"
4938_0,0.12661898,0.72314763,0.13808802,8,16253,"{""type"":""MultiPoint"",""coordinates"":[]}"
4939_0,-0.02349936,0.47161523,-0.088828504,8,21708,"{""type"":""MultiPoint"",""coordinates"":[]}"
4940_0,6.7036966E-4,0.5203645,-0.052920308,8,10023,"{""type"":""MultiPoint"",""coordinates"":[]}"
4941_0,0.07507483,0.54100806,0.042644873,8,18120,"{""type"":""MultiPoint"",""coordinates"":[]}"
4942_0,0.14151739,0.7159237,0.08108029,8,4574,"{""type"":""MultiPoint"",""coordinates"":[]}"
4943_0,0.098215304,0.6638779,0.08479028,8,1371,"{""type"":""MultiPoint"",""coordinates"":[]}"
4944_0,-0.08962313,0.35171968,-0.08463335,8,24569,"{""type"":""MultiPoint"",""coordinates"":[]}"
4945_0,0.13417451,0.7737163,0.11305298,8,7317,"{""type"":""MultiPoint"",""coordinates"":[]}"
4946_0,-0.032169912,0.53231335,-0.0691488,8,6164,"{""type"":""MultiPoint"",""coordinates"":[]}"
4947_0,0.23886065,0.80652606,0.19504529,8,16425,"{""type"":""MultiPoint"",""coordinates"":[]}"
4948_0,0.19285387,0.79453886,0.2009374,8,18025,"{""type"":""MultiPoint"",""coordinates"":[]}"
4949_0,0.12750264,0.57246906,0.13184796,8,1205,"{""type"":""MultiPoint"",""coordinates"":[]}"
4950_0,0.15893209,0.7043385,0.16058655,8,24649,"{""type"":""MultiPoint"",""coordinates"":[]}"
4951_0,0.25370064,0.83267754,0.2475779,8,6842,"{""type"":""MultiPoint"",""coordinates"":[]}"
4952_0,0.2459247,0.7219754,0.19545363,8,16583,"{""type"":""MultiPoint"",""coordinates"":[]}"
4953_0,-0.0114307795,0.5407962,-0.04129141,8,5505,"{""type"":""MultiPoint"",""coordinates"":[]}"
4954_0,0.15456858,0.6765881,0.09714244,8,10727,"{""type"":""MultiPoint"",""coordinates"":[]}"
4955_0,0.255766,0.89013445,0.2393165,8,15344,"{""type"":""MultiPoint"",""coordinates"":[]}"
4956_0,-0.102648735,0.4082836,-0.1299798,8,5343,"{""type"":""MultiPoint"",""coordinates"":[]}"
4957_0,0.12820615,0.53806394,0.10176998,8,13185,"{""type"":""MultiPoint"",""coordinates"":[]}"
4958_0,0.12446828,0.66310316,0.09533777,8,4290,"{""type"":""MultiPoint"",""coordinates"":[]}"
4959_0,0.01575533,0.47774917,-0.027824825,8,12268,"{""type"":""MultiPoint"",""coordinates"":[]}"
4960_0,-0.14771603,0.3977919,-0.16822615,8,9653,"{""type"":""MultiPoint"",""coordinates"":[]}"
4961_0,0.098445594,0.6165225,0.06753489,8,20601,"{""type"":""MultiPoint"",""coordinates"":[]}"
4962_0,0.2204619,0.80925286,0.18792294,8,8274,"{""type"":""MultiPoint"",""coordinates"":[]}"
4963_0,0.15097106,0.7589087,0.15530442,8,6466,"{""type"":""MultiPoint"",""coordinates"":[]}"
4964_0,-0.113530524,0.18636903,-0.13305691,8,2927,"{""type"":""MultiPoint"",""coordinates"":[]}"
4965_0,0.07673897,0.6000926,0.047721017,8,7997,"{""type"":""MultiPoint"",""coordinates"":[]}"
4966_0,0.11931719,0.60384154,0.06456783,8,1870,"{""type"":""MultiPoint"",""coordinates"":[]}"
4967_0,0.13527638,0.6879433,0.13241825,8,24279,"{""type"":""MultiPoint"",""coordinates"":[]}"
4968_0,-0.06030151,0.33969653,-0.099226594,8,4591,"{""type"":""MultiPoint"",""coordinates"":[]}"
4969_0,0.13596019,0.73303235,0.11364991,8,18187,"{""type"":""MultiPoint"",""coordinates"":[]}"
4970_0,0.20036429,0.70272624,0.16104151,8,586,"{""type"":""MultiPoint"",""coordinates"":[]}"
4971_0,0.004564547,0.5144709,-0.03983595,8,14628,"{""type"":""MultiPoint"",""coordinates"":[]}"
4972_0,0.10428306,0.5286697,0.057786483,8,24283,"{""type"":""MultiPoint"",""coordinates"":[]}"
4973_0,0.041478883,0.5362698,-9.0804737E-4,8,20905,"{""type"":""MultiPoint"",""coordinates"":[]}"
4974_0,0.123123586,0.64908177,0.07307748,8,3043,"{""type"":""MultiPoint"",""coordinates"":[]}"
4975_0,0.034315255,0.5336857,-0.03153496,8,15955,"{""type"":""MultiPoint"",""coordinates"":[]}"
4976_0,0.32488132,0.85243493,0.3124898,8,24040,"{""type"":""MultiPoint"",""coordinates"":[]}"
4977_0,0.14138454,0.6629126,0.13774316,8,19450,"{""type"":""MultiPoint"",""coordinates"":[]}"
4978_0,0.23638728,0.8486774,0.22076324,8,13487,"{""type"":""MultiPoint"",""coordinates"":[]}"
4979_0,0.2832551,0.8526704,0.2643227,8,11968,"{""type"":""MultiPoint"",""coordinates"":[]}"
4980_0,0.15680833,0.5089718,0.13577081,8,18883,"{""type"":""MultiPoint"",""coordinates"":[]}"
4981_0,0.3448617,0.87283176,0.32764852,8,10575,"{""type"":""MultiPoint"",""coordinates"":[]}"
4982_0,0.1267073,0.7164098,0.11193753,8,6128,"{""type"":""MultiPoint"",""coordinates"":[]}"
4983_0,0.04307857,0.66738963,0.02151478,8,23670,"{""type"":""MultiPoint"",""coordinates"":[]}"
4984_0,0.05865096,0.47119826,0.03449298,8,11743,"{""type"":""MultiPoint"",""coordinates"":[]}"
4985_0,0.032373298,0.647541,0.011855905,8,10572,"{""type"":""MultiPoint"",""coordinates"":[]}"
4986_0,0.1351533,0.6737068,0.08990935,8,14910,"{""type"":""MultiPoint"",""coordinates"":[]}"
4987_0,0.062168844,0.68002164,0.0778048,8,13356,"{""type"":""MultiPoint"",""coordinates"":[]}"
4988_0,0.16690725,0.7657319,0.14005353,8,15773,"{""type"":""MultiPoint"",""coordinates"":[]}"
4989_0,0.3051844,0.83350307,0.30654338,8,1187,"{""type"":""MultiPoint"",""coordinates"":[]}"
4990_0,0.16770421,0.68326074,0.10523175,8,6625,"{""type"":""MultiPoint"",""coordinates"":[]}"
4991_0,0.06846384,0.5177835,0.023656279,8,8452,"{""type"":""MultiPoint"",""coordinates"":[]}"
4992_0,-0.11647051,0.30877003,-0.15371376,8,19955,"{""type"":""MultiPoint"",""coordinates"":[]}"
4993_0,-0.009074002,0.47675616,-0.052637715,8,20409,"{""type"":""MultiPoint"",""coordinates"":[]}"
4994_0,0.053859606,0.5270596,0.02788854,8,20367,"{""type"":""MultiPoint"",""coordinates"":[]}"
4995_0,0.040958606,0.4537705,0.024965325,8,24694,"{""type"":""MultiPoint"",""coordinates"":[]}"
4996_0,0.22288956,0.74924386,0.17165005,8,10941,"{""type"":""MultiPoint"",""coordinates"":[]}"
4997_0,0.12639712,0.7406951,0.12024148,8,13461,"{""type"":""MultiPoint"",""coordinates"":[]}"
4998_0,0.12485388,0.6656983,0.08309141,8,15672,"{""type"":""MultiPoint"",""coordinates"":[]}"
4999_0,0.14123236,0.7656762,0.12871239,8,15991,"{""type"":""MultiPoint"",""coordinates"":[]}"
