system:index,NDII,NDVI,NDWI,month,point_id,.geo
0_0,0.06696935,0.69538075,0.13700788,1,2281,"{""type"":""MultiPoint"",""coordinates"":[]}"
1_0,-0.055055775,0.3731177,-0.087133855,1,17521,"{""type"":""MultiPoint"",""coordinates"":[]}"
2_0,-0.01880342,0.4164502,-0.08284884,1,8779,"{""type"":""MultiPoint"",""coordinates"":[]}"
3_0,-0.01151362,0.2088262,-0.050332382,1,7251,"{""type"":""MultiPoint"",""coordinates"":[]}"
4_0,0.05929123,0.5735404,0.01672315,1,12528,"{""type"":""MultiPoint"",""coordinates"":[]}"
5_0,0.10784314,0.69491524,0.1791317,1,341,"{""type"":""MultiPoint"",""coordinates"":[]}"
6_0,-0.097874574,0.39403212,-0.11841754,1,14999,"{""type"":""MultiPoint"",""coordinates"":[]}"
7_0,0.297072,0.80816716,0.31217387,1,4685,"{""type"":""MultiPoint"",""coordinates"":[]}"
8_0,0.017568517,0.46903422,-0.049943674,1,18656,"{""type"":""MultiPoint"",""coordinates"":[]}"
9_0,-0.10062661,0.52073735,-0.28529412,1,18773,"{""type"":""MultiPoint"",""coordinates"":[]}"
10_0,0.164306,0.7349824,0.17544323,1,2141,"{""type"":""MultiPoint"",""coordinates"":[]}"
11_0,-0.15214181,0.22905682,-0.2031732,1,20320,"{""type"":""MultiPoint"",""coordinates"":[]}"
12_0,0.08638132,0.6627043,0.12463243,1,10658,"{""type"":""MultiPoint"",""coordinates"":[]}"
13_0,-0.075029776,0.32113144,-0.013725979,1,9016,"{""type"":""MultiPoint"",""coordinates"":[]}"
14_0,0.008066184,0.26939842,0.02445089,1,10711,"{""type"":""MultiPoint"",""coordinates"":[]}"
15_0,0.15809524,0.784,0.17073171,1,11892,"{""type"":""MultiPoint"",""coordinates"":[]}"
16_0,-0.13315347,0.25248697,-0.14901835,1,8985,"{""type"":""MultiPoint"",""coordinates"":[]}"
17_0,0.09936174,0.5413356,0.12454247,1,22173,"{""type"":""MultiPoint"",""coordinates"":[]}"
18_0,0.068350926,0.063530356,0.019086177,1,3698,"{""type"":""MultiPoint"",""coordinates"":[]}"
19_0,-0.022019334,0.5122363,-0.030040596,1,25097,"{""type"":""MultiPoint"",""coordinates"":[]}"
20_0,-0.18266627,0.39740258,-0.14761631,1,8465,"{""type"":""MultiPoint"",""coordinates"":[]}"
21_0,0.09865347,0.6188976,0.13135593,1,14324,"{""type"":""MultiPoint"",""coordinates"":[]}"
22_0,-0.13618472,0.4322692,-0.17888889,1,22223,"{""type"":""MultiPoint"",""coordinates"":[]}"
23_0,0.1109698,0.6906024,0.124110185,1,13864,"{""type"":""MultiPoint"",""coordinates"":[]}"
24_0,-0.1347085,0.31577408,-0.115913145,1,19193,"{""type"":""MultiPoint"",""coordinates"":[]}"
25_0,-0.048423644,0.42461348,-0.0691608,1,14630,"{""type"":""MultiPoint"",""coordinates"":[]}"
26_0,0.390043,0.7373613,0.26599646,1,14455,"{""type"":""MultiPoint"",""coordinates"":[]}"
27_0,0.0628591,0.3047776,-0.0641985,1,4165,"{""type"":""MultiPoint"",""coordinates"":[]}"
28_0,-0.1574179,0.35296667,-0.1873263,1,18671,"{""type"":""MultiPoint"",""coordinates"":[]}"
29_0,0.21866897,0.96662956,0.14906833,1,8575,"{""type"":""MultiPoint"",""coordinates"":[]}"
30_0,0.12914625,0.5878269,0.11468549,1,23889,"{""type"":""MultiPoint"",""coordinates"":[]}"
31_0,-0.07740368,0.42547426,-0.039647575,1,8589,"{""type"":""MultiPoint"",""coordinates"":[]}"
32_0,0.14699793,0.35371703,0.17986459,1,11615,"{""type"":""MultiPoint"",""coordinates"":[]}"
33_0,-0.08286641,0.4652346,-0.14366198,1,16470,"{""type"":""MultiPoint"",""coordinates"":[]}"
34_0,-0.09545049,0.48219442,-0.089296274,1,12432,"{""type"":""MultiPoint"",""coordinates"":[]}"
35_0,-0.03756345,0.23321874,-0.021795642,1,8039,"{""type"":""MultiPoint"",""coordinates"":[]}"
36_0,0.07602196,-0.0026856104,-0.039824225,1,13367,"{""type"":""MultiPoint"",""coordinates"":[]}"
37_0,-0.04528582,0.430802,-0.08877722,1,17125,"{""type"":""MultiPoint"",""coordinates"":[]}"
38_0,0.23011121,0.73213524,0.22190201,1,19072,"{""type"":""MultiPoint"",""coordinates"":[]}"
39_0,0.12990503,0.16163222,0.13655761,1,17705,"{""type"":""MultiPoint"",""coordinates"":[]}"
40_0,-0.1072572,0.39747328,-0.1901348,1,15840,"{""type"":""MultiPoint"",""coordinates"":[]}"
41_0,0.0032092426,0.6340338,8.6460315E-4,1,15907,"{""type"":""MultiPoint"",""coordinates"":[]}"
42_0,-0.04884454,0.41458106,-0.03430878,1,15050,"{""type"":""MultiPoint"",""coordinates"":[]}"
43_0,0.077511296,0.5026609,0.0122813545,1,15526,"{""type"":""MultiPoint"",""coordinates"":[]}"
44_0,0.0019015424,0.22742663,0.03729366,1,13474,"{""type"":""MultiPoint"",""coordinates"":[]}"
45_0,0.32660648,0.71578395,0.44140968,1,22904,"{""type"":""MultiPoint"",""coordinates"":[]}"
46_0,-0.23313293,0.3752345,-0.15479966,1,17257,"{""type"":""MultiPoint"",""coordinates"":[]}"
47_0,0.15834379,0.64850134,0.18395303,1,23680,"{""type"":""MultiPoint"",""coordinates"":[]}"
48_0,-0.013228258,0.4510528,0.004149378,1,15067,"{""type"":""MultiPoint"",""coordinates"":[]}"
49_0,0.24748245,0.73493975,0.26944616,1,20268,"{""type"":""MultiPoint"",""coordinates"":[]}"
50_0,0.0052001188,0.2631903,-0.019969836,1,5076,"{""type"":""MultiPoint"",""coordinates"":[]}"
51_0,-0.16141236,0.37434828,-0.051579367,1,12217,"{""type"":""MultiPoint"",""coordinates"":[]}"
52_0,0.014303104,0.376117,-0.0085629765,1,17997,"{""type"":""MultiPoint"",""coordinates"":[]}"
53_0,-0.11946217,0.39826244,-0.14208768,1,16659,"{""type"":""MultiPoint"",""coordinates"":[]}"
54_0,-0.1512797,0.3043478,-0.16924985,1,20326,"{""type"":""MultiPoint"",""coordinates"":[]}"
55_0,0.099134624,0.58587354,0.12908547,1,2171,"{""type"":""MultiPoint"",""coordinates"":[]}"
56_0,0.20179708,0.72286373,0.10064744,1,2767,"{""type"":""MultiPoint"",""coordinates"":[]}"
57_0,-0.13579942,0.3825989,-0.059462402,1,9987,"{""type"":""MultiPoint"",""coordinates"":[]}"
58_0,0.38015717,0.8774479,0.40307692,1,20736,"{""type"":""MultiPoint"",""coordinates"":[]}"
59_0,-0.040897407,0.42166734,-0.08749753,1,4189,"{""type"":""MultiPoint"",""coordinates"":[]}"
60_0,-0.016794391,0.421651,-0.03955696,1,17682,"{""type"":""MultiPoint"",""coordinates"":[]}"
61_0,0.8509248,-0.034812737,0.88486737,1,13351,"{""type"":""MultiPoint"",""coordinates"":[]}"
62_0,0.022441346,0.55767196,-0.01406564,1,18190,"{""type"":""MultiPoint"",""coordinates"":[]}"
63_0,0.24762377,0.44420072,0.10577291,1,15785,"{""type"":""MultiPoint"",""coordinates"":[]}"
64_0,-0.009925558,0.0166299,-0.023792055,1,12667,"{""type"":""MultiPoint"",""coordinates"":[]}"
65_0,0.04892397,0.40606803,0.060467854,1,5685,"{""type"":""MultiPoint"",""coordinates"":[]}"
66_0,0.17973523,0.75534266,0.21296297,1,10579,"{""type"":""MultiPoint"",""coordinates"":[]}"
67_0,0.039229672,0.43659994,-0.009445386,1,20484,"{""type"":""MultiPoint"",""coordinates"":[]}"
68_0,0.121323526,0.676397,0.0915015,1,18337,"{""type"":""MultiPoint"",""coordinates"":[]}"
69_0,0.10902256,0.38466078,0.0771028,1,21814,"{""type"":""MultiPoint"",""coordinates"":[]}"
70_0,-0.0920875,0.3902439,-0.11774461,1,9070,"{""type"":""MultiPoint"",""coordinates"":[]}"
71_0,-0.03867661,0.3810589,-0.0777027,1,21950,"{""type"":""MultiPoint"",""coordinates"":[]}"
72_0,-0.19545288,0.359375,-0.21189591,1,12981,"{""type"":""MultiPoint"",""coordinates"":[]}"
73_0,0.20351973,0.74244833,0.17129356,1,10321,"{""type"":""MultiPoint"",""coordinates"":[]}"
74_0,-0.11153607,0.34720227,-0.12740125,1,11428,"{""type"":""MultiPoint"",""coordinates"":[]}"
75_0,0.06283549,0.5628715,0.04199558,1,8969,"{""type"":""MultiPoint"",""coordinates"":[]}"
76_0,-0.06889353,0.3598687,-0.076623015,1,4202,"{""type"":""MultiPoint"",""coordinates"":[]}"
77_0,-0.111247696,0.41025642,-0.06227967,1,19878,"{""type"":""MultiPoint"",""coordinates"":[]}"
78_0,0.058866814,0.6416539,0.095684804,1,25362,"{""type"":""MultiPoint"",""coordinates"":[]}"
79_0,-0.0903192,0.4700748,-0.09735397,1,312,"{""type"":""MultiPoint"",""coordinates"":[]}"
80_0,0.42265427,0.8502304,0.31665832,1,13730,"{""type"":""MultiPoint"",""coordinates"":[]}"
81_0,-0.10949637,0.38000673,-0.10411727,1,5331,"{""type"":""MultiPoint"",""coordinates"":[]}"
82_0,0.4327661,0.8485342,0.4020401,1,13522,"{""type"":""MultiPoint"",""coordinates"":[]}"
83_0,0.30597404,0.7834507,0.2822796,1,4730,"{""type"":""MultiPoint"",""coordinates"":[]}"
84_0,0.14203882,0.6295858,0.18481155,1,8516,"{""type"":""MultiPoint"",""coordinates"":[]}"
85_0,0.12396694,0.75373137,0.029948868,1,5034,"{""type"":""MultiPoint"",""coordinates"":[]}"
86_0,0.0841785,0.53846157,0.040268455,1,14533,"{""type"":""MultiPoint"",""coordinates"":[]}"
87_0,0.12992701,0.4832827,0.12737921,1,17211,"{""type"":""MultiPoint"",""coordinates"":[]}"
88_0,0.40234375,0.8203593,0.19154558,1,24941,"{""type"":""MultiPoint"",""coordinates"":[]}"
89_0,-0.16239612,0.40518013,-0.16892502,1,4449,"{""type"":""MultiPoint"",""coordinates"":[]}"
90_0,-0.11949421,0.32052454,-0.15561622,1,8059,"{""type"":""MultiPoint"",""coordinates"":[]}"
91_0,0.1969564,0.5688487,0.04256804,1,16699,"{""type"":""MultiPoint"",""coordinates"":[]}"
92_0,-0.008190243,0.42947388,-0.023318835,1,15510,"{""type"":""MultiPoint"",""coordinates"":[]}"
93_0,0.0061670323,0.07099528,0.023518538,1,4252,"{""type"":""MultiPoint"",""coordinates"":[]}"
94_0,-0.18949425,0.34188947,-0.20674394,1,21940,"{""type"":""MultiPoint"",""coordinates"":[]}"
95_0,0.14876291,0.33861488,0.18922144,1,22585,"{""type"":""MultiPoint"",""coordinates"":[]}"
96_0,0.032388665,0.54330707,-0.041456018,1,12540,"{""type"":""MultiPoint"",""coordinates"":[]}"
97_0,-0.049217857,0.508658,-0.07212476,1,19236,"{""type"":""MultiPoint"",""coordinates"":[]}"
98_0,-0.184845,0.38582677,-0.1829436,1,9192,"{""type"":""MultiPoint"",""coordinates"":[]}"
99_0,-0.34207872,0.44927537,-0.34615386,1,7655,"{""type"":""MultiPoint"",""coordinates"":[]}"
100_0,-0.1433138,0.36645964,-0.16440587,1,6887,"{""type"":""MultiPoint"",""coordinates"":[]}"
101_0,-0.12816799,0.33671254,-0.117379874,1,8715,"{""type"":""MultiPoint"",""coordinates"":[]}"
102_0,-0.054539237,0.4881589,-0.03644647,1,19491,"{""type"":""MultiPoint"",""coordinates"":[]}"
103_0,-0.11515152,0.46365914,-0.28196722,1,19230,"{""type"":""MultiPoint"",""coordinates"":[]}"
104_0,0.39399293,0.86007607,0.36742425,1,19479,"{""type"":""MultiPoint"",""coordinates"":[]}"
105_0,0.4503991,0.840625,0.44956142,1,21377,"{""type"":""MultiPoint"",""coordinates"":[]}"
106_0,0.06913423,0.64632887,0.14241724,1,397,"{""type"":""MultiPoint"",""coordinates"":[]}"
107_0,0.23554708,0.5679401,0.1315226,1,199,"{""type"":""MultiPoint"",""coordinates"":[]}"
108_0,0.19798546,0.14304812,0.01604278,1,16248,"{""type"":""MultiPoint"",""coordinates"":[]}"
109_0,-0.0032725572,0.40195015,-0.05015904,1,10495,"{""type"":""MultiPoint"",""coordinates"":[]}"
110_0,-0.15411904,0.29831144,-0.24831632,1,21118,"{""type"":""MultiPoint"",""coordinates"":[]}"
111_0,0.052618135,0.40696174,0.06506181,1,14803,"{""type"":""MultiPoint"",""coordinates"":[]}"
112_0,0.024079964,0.65842944,0.027173912,1,14921,"{""type"":""MultiPoint"",""coordinates"":[]}"
113_0,-0.028074315,0.3819085,-0.047640752,1,20178,"{""type"":""MultiPoint"",""coordinates"":[]}"
114_0,-0.13424657,0.3139952,-0.113363676,1,20460,"{""type"":""MultiPoint"",""coordinates"":[]}"
115_0,0.04126282,0.44362262,0.101350084,1,14976,"{""type"":""MultiPoint"",""coordinates"":[]}"
116_0,0.28255528,0.7035491,0.1991183,1,7889,"{""type"":""MultiPoint"",""coordinates"":[]}"
117_0,0.1265941,0.6570397,0.18561485,1,1056,"{""type"":""MultiPoint"",""coordinates"":[]}"
118_0,0.067408234,0.6740342,0.08599533,1,20856,"{""type"":""MultiPoint"",""coordinates"":[]}"
119_0,0.098226465,0.48062703,0.11096167,1,17775,"{""type"":""MultiPoint"",""coordinates"":[]}"
120_0,-0.04315305,0.58045673,-0.10717557,1,11791,"{""type"":""MultiPoint"",""coordinates"":[]}"
121_0,0.15602481,0.4916761,0.0978199,1,6352,"{""type"":""MultiPoint"",""coordinates"":[]}"
122_0,0.354924,0.8549557,0.36734694,1,2408,"{""type"":""MultiPoint"",""coordinates"":[]}"
123_0,0.12197531,0.5166094,0.12370626,1,21741,"{""type"":""MultiPoint"",""coordinates"":[]}"
124_0,0.29516387,0.8389268,0.24158046,1,10700,"{""type"":""MultiPoint"",""coordinates"":[]}"
125_0,-0.125,0.4306894,-0.18531026,1,13690,"{""type"":""MultiPoint"",""coordinates"":[]}"
126_0,0.2532833,0.8457944,0.25,1,4739,"{""type"":""MultiPoint"",""coordinates"":[]}"
127_0,0.0744451,0.5037018,0.11111111,1,21160,"{""type"":""MultiPoint"",""coordinates"":[]}"
128_0,0.3357194,0.79273826,0.29608354,1,10120,"{""type"":""MultiPoint"",""coordinates"":[]}"
129_0,-0.08959771,0.6814095,-0.019161075,1,2136,"{""type"":""MultiPoint"",""coordinates"":[]}"
130_0,0.07762977,0.6084906,0.15544261,1,5407,"{""type"":""MultiPoint"",""coordinates"":[]}"
131_0,0.21752343,0.66680944,0.16419491,1,6267,"{""type"":""MultiPoint"",""coordinates"":[]}"
132_0,-0.01953125,0.31488615,0.013232514,1,7536,"{""type"":""MultiPoint"",""coordinates"":[]}"
133_0,0.07591837,0.6919468,0.08675118,1,15356,"{""type"":""MultiPoint"",""coordinates"":[]}"
134_0,-0.11931928,0.39077938,-0.06408126,1,21440,"{""type"":""MultiPoint"",""coordinates"":[]}"
135_0,-0.043613706,0.24806517,-0.12929493,1,20340,"{""type"":""MultiPoint"",""coordinates"":[]}"
136_0,-0.01859439,0.29833546,-0.05897772,1,13723,"{""type"":""MultiPoint"",""coordinates"":[]}"
137_0,0.17941953,0.08566108,0.19474755,1,8769,"{""type"":""MultiPoint"",""coordinates"":[]}"
138_0,-0.11782893,0.33,-0.053074434,1,10507,"{""type"":""MultiPoint"",""coordinates"":[]}"
139_0,0.21228737,0.66113937,0.18073016,1,25085,"{""type"":""MultiPoint"",""coordinates"":[]}"
140_0,-0.06966539,0.43492064,-0.1130137,1,10821,"{""type"":""MultiPoint"",""coordinates"":[]}"
141_0,-0.017866004,0.49068323,-0.01811864,1,12398,"{""type"":""MultiPoint"",""coordinates"":[]}"
142_0,0.10107724,0.5231481,0.056984853,1,22980,"{""type"":""MultiPoint"",""coordinates"":[]}"
143_0,0.122312136,0.29304978,0.1240839,1,21105,"{""type"":""MultiPoint"",""coordinates"":[]}"
144_0,0.11015761,0.6737422,0.1051125,1,3488,"{""type"":""MultiPoint"",""coordinates"":[]}"
145_0,0.4291313,0.84387267,0.43100727,1,1940,"{""type"":""MultiPoint"",""coordinates"":[]}"
146_0,0.17888923,0.6962025,0.13116883,1,4978,"{""type"":""MultiPoint"",""coordinates"":[]}"
147_0,-0.111783884,0.35921624,-0.13347213,1,17475,"{""type"":""MultiPoint"",""coordinates"":[]}"
148_0,0.30325353,0.8163031,0.25828287,1,1346,"{""type"":""MultiPoint"",""coordinates"":[]}"
149_0,0.009423284,0.6969413,0.04337287,1,20904,"{""type"":""MultiPoint"",""coordinates"":[]}"
150_0,-0.09005425,0.48866633,-0.03537415,1,4990,"{""type"":""MultiPoint"",""coordinates"":[]}"
151_0,-0.17997128,0.29689997,-0.21705575,1,19058,"{""type"":""MultiPoint"",""coordinates"":[]}"
152_0,-0.04083045,0.38756916,-0.024390243,1,7500,"{""type"":""MultiPoint"",""coordinates"":[]}"
153_0,0.07764199,0.34861112,-0.06961234,1,3023,"{""type"":""MultiPoint"",""coordinates"":[]}"
154_0,0.09766864,0.04840232,0.049618598,1,8672,"{""type"":""MultiPoint"",""coordinates"":[]}"
155_0,0.10372178,0.72425246,0.09597806,1,20951,"{""type"":""MultiPoint"",""coordinates"":[]}"
156_0,0.052015156,0.664187,0.07391614,1,5835,"{""type"":""MultiPoint"",""coordinates"":[]}"
157_0,-0.11062407,0.2908256,0.059229147,1,10019,"{""type"":""MultiPoint"",""coordinates"":[]}"
158_0,0.008323874,0.5333141,0.0892518,1,18630,"{""type"":""MultiPoint"",""coordinates"":[]}"
159_0,0.3793993,0.74716395,0.45836,1,3000,"{""type"":""MultiPoint"",""coordinates"":[]}"
160_0,-0.043170102,0.35329768,-0.05300813,1,23490,"{""type"":""MultiPoint"",""coordinates"":[]}"
161_0,0.10207254,0.050821487,0.1258512,1,21795,"{""type"":""MultiPoint"",""coordinates"":[]}"
162_0,0.17330211,0.8127936,0.27635327,1,8468,"{""type"":""MultiPoint"",""coordinates"":[]}"
163_0,-0.05416535,0.43738317,-0.039350405,1,18055,"{""type"":""MultiPoint"",""coordinates"":[]}"
164_0,0.10764341,0.5331268,0.0949374,1,25158,"{""type"":""MultiPoint"",""coordinates"":[]}"
165_0,0.0011111111,0.4547225,-0.09126214,1,5843,"{""type"":""MultiPoint"",""coordinates"":[]}"
166_0,-0.039636128,0.47935367,-0.179941,1,6087,"{""type"":""MultiPoint"",""coordinates"":[]}"
167_0,0.2529802,0.736411,0.2731075,1,10772,"{""type"":""MultiPoint"",""coordinates"":[]}"
168_0,0.049455155,0.50178784,0.05263158,1,24404,"{""type"":""MultiPoint"",""coordinates"":[]}"
169_0,-0.020684468,0.16816516,0.13731723,1,20606,"{""type"":""MultiPoint"",""coordinates"":[]}"
170_0,0.17504387,0.7227091,0.13065192,1,2435,"{""type"":""MultiPoint"",""coordinates"":[]}"
171_0,-0.11567982,0.4177065,-0.11145833,1,13260,"{""type"":""MultiPoint"",""coordinates"":[]}"
172_0,0.05552919,0.5358593,0.065727696,1,10824,"{""type"":""MultiPoint"",""coordinates"":[]}"
173_0,-0.13637815,0.42497262,-0.20040485,1,16334,"{""type"":""MultiPoint"",""coordinates"":[]}"
174_0,0.3856882,0.82393795,0.40771878,1,24844,"{""type"":""MultiPoint"",""coordinates"":[]}"
175_0,0.3798377,0.8229063,0.36384484,1,24485,"{""type"":""MultiPoint"",""coordinates"":[]}"
176_0,0.14943396,0.14985164,0.15738317,1,5219,"{""type"":""MultiPoint"",""coordinates"":[]}"
177_0,-0.16730462,0.47230613,-0.21628584,1,16494,"{""type"":""MultiPoint"",""coordinates"":[]}"
178_0,0.34990254,0.7888543,0.3293023,1,11921,"{""type"":""MultiPoint"",""coordinates"":[]}"
179_0,1.9146084E-4,0.5055901,-0.037037037,1,5218,"{""type"":""MultiPoint"",""coordinates"":[]}"
180_0,0.2678354,0.8304274,0.24839015,1,21617,"{""type"":""MultiPoint"",""coordinates"":[]}"
181_0,0.08627327,0.4603736,0.13753127,1,25136,"{""type"":""MultiPoint"",""coordinates"":[]}"
182_0,0.109694354,0.6684902,0.12962963,1,6248,"{""type"":""MultiPoint"",""coordinates"":[]}"
183_0,0.054733805,0.07747563,0.083842255,1,14074,"{""type"":""MultiPoint"",""coordinates"":[]}"
184_0,0.07869339,0.6636455,0.06295993,1,15331,"{""type"":""MultiPoint"",""coordinates"":[]}"
185_0,0.06639714,0.48922795,0.2031781,1,3995,"{""type"":""MultiPoint"",""coordinates"":[]}"
186_0,0.24189016,0.69953346,0.3524103,1,20218,"{""type"":""MultiPoint"",""coordinates"":[]}"
187_0,-0.15647481,0.42323652,-0.37194028,1,16485,"{""type"":""MultiPoint"",""coordinates"":[]}"
188_0,0.033707865,0.24895158,0.03470496,1,19886,"{""type"":""MultiPoint"",""coordinates"":[]}"
189_0,-0.03801086,0.46359113,-0.059575703,1,14405,"{""type"":""MultiPoint"",""coordinates"":[]}"
190_0,0.01802478,0.42741114,0.017942652,1,15448,"{""type"":""MultiPoint"",""coordinates"":[]}"
191_0,-0.01624018,0.518565,0.0039695892,1,19160,"{""type"":""MultiPoint"",""coordinates"":[]}"
192_0,0.0051903115,0.40754038,0.006908463,1,17177,"{""type"":""MultiPoint"",""coordinates"":[]}"
193_0,0.02218381,0.5787037,0.0067310506,1,5466,"{""type"":""MultiPoint"",""coordinates"":[]}"
194_0,0.21858229,0.75913423,0.17393923,1,17292,"{""type"":""MultiPoint"",""coordinates"":[]}"
195_0,0.2837831,0.5327394,0.38338026,1,25524,"{""type"":""MultiPoint"",""coordinates"":[]}"
196_0,0.2761613,0.67760617,0.2732601,1,14724,"{""type"":""MultiPoint"",""coordinates"":[]}"
197_0,0.27267668,0.7613499,0.2540633,1,16756,"{""type"":""MultiPoint"",""coordinates"":[]}"
198_0,0.033892937,0.5598174,0.09235352,1,10820,"{""type"":""MultiPoint"",""coordinates"":[]}"
199_0,-0.09715198,0.4398014,-0.08445146,1,3843,"{""type"":""MultiPoint"",""coordinates"":[]}"
200_0,-0.003941731,0.5318919,0.002893617,1,4085,"{""type"":""MultiPoint"",""coordinates"":[]}"
201_0,0.06779263,0.3667559,0.094554566,1,19777,"{""type"":""MultiPoint"",""coordinates"":[]}"
202_0,0.29092452,0.7710669,0.29460105,1,230,"{""type"":""MultiPoint"",""coordinates"":[]}"
203_0,0.0020565554,0.48173913,-0.060945615,1,8868,"{""type"":""MultiPoint"",""coordinates"":[]}"
204_0,0.15555556,0.6372093,0.10471204,1,3919,"{""type"":""MultiPoint"",""coordinates"":[]}"
205_0,0.013146363,0.088505745,-0.019795574,1,2505,"{""type"":""MultiPoint"",""coordinates"":[]}"
206_0,0.035072207,0.5862069,0.028198278,1,11387,"{""type"":""MultiPoint"",""coordinates"":[]}"
207_0,0.30366954,0.82774323,0.35446525,1,7627,"{""type"":""MultiPoint"",""coordinates"":[]}"
208_0,0.12887207,0.26107785,0.05635246,1,3113,"{""type"":""MultiPoint"",""coordinates"":[]}"
209_0,-0.061574437,0.4119874,-0.093100585,1,19653,"{""type"":""MultiPoint"",""coordinates"":[]}"
210_0,-0.007094716,0.46368104,-0.03268901,1,2501,"{""type"":""MultiPoint"",""coordinates"":[]}"
211_0,-0.115889244,0.32496405,-0.097981,1,24481,"{""type"":""MultiPoint"",""coordinates"":[]}"
212_0,-0.0936081,0.46041575,-0.09970675,1,21956,"{""type"":""MultiPoint"",""coordinates"":[]}"
213_0,0.22503008,0.7514253,0.22672065,1,20982,"{""type"":""MultiPoint"",""coordinates"":[]}"
214_0,0.4417272,0.825824,0.5763422,1,7706,"{""type"":""MultiPoint"",""coordinates"":[]}"
215_0,0.016739525,0.029876977,0.07585931,1,6388,"{""type"":""MultiPoint"",""coordinates"":[]}"
216_0,-0.07064323,0.49365884,-0.0961492,1,8192,"{""type"":""MultiPoint"",""coordinates"":[]}"
217_0,0.44297227,0.8295763,0.4064634,1,7932,"{""type"":""MultiPoint"",""coordinates"":[]}"
218_0,-0.22890463,0.23167649,-0.22333404,1,24563,"{""type"":""MultiPoint"",""coordinates"":[]}"
219_0,-0.06920189,0.33327922,-0.056689095,1,9508,"{""type"":""MultiPoint"",""coordinates"":[]}"
220_0,0.34637964,0.7701642,0.4244687,1,12417,"{""type"":""MultiPoint"",""coordinates"":[]}"
221_0,-0.02793641,0.39260677,-0.003163127,1,22683,"{""type"":""MultiPoint"",""coordinates"":[]}"
222_0,-0.09103169,0.45594406,-0.23314917,1,7515,"{""type"":""MultiPoint"",""coordinates"":[]}"
223_0,0.23053199,0.8268041,0.070113815,1,866,"{""type"":""MultiPoint"",""coordinates"":[]}"
224_0,-0.09962633,0.422003,-0.15073611,1,18586,"{""type"":""MultiPoint"",""coordinates"":[]}"
225_0,-0.060263652,0.48292682,-0.12265512,1,5365,"{""type"":""MultiPoint"",""coordinates"":[]}"
226_0,0.272666,0.7643505,0.26921776,1,3874,"{""type"":""MultiPoint"",""coordinates"":[]}"
227_0,-0.06777963,0.40298507,-0.07786964,1,17156,"{""type"":""MultiPoint"",""coordinates"":[]}"
228_0,-0.032896362,0.14437242,-0.036228288,1,12747,"{""type"":""MultiPoint"",""coordinates"":[]}"
229_0,0.17561994,0.7015032,0.18692249,1,25147,"{""type"":""MultiPoint"",""coordinates"":[]}"
230_0,-0.089661695,0.37809694,-0.09095216,1,6698,"{""type"":""MultiPoint"",""coordinates"":[]}"
231_0,0.258078,0.8174326,0.2669335,1,14581,"{""type"":""MultiPoint"",""coordinates"":[]}"
232_0,0.1700591,0.653769,0.21766041,1,14371,"{""type"":""MultiPoint"",""coordinates"":[]}"
233_0,0.2678353,0.5839058,0.30622837,1,13310,"{""type"":""MultiPoint"",""coordinates"":[]}"
234_0,-0.03238265,0.46994117,-0.039612234,1,22630,"{""type"":""MultiPoint"",""coordinates"":[]}"
235_0,0.20803124,0.69005233,0.10845646,1,18682,"{""type"":""MultiPoint"",""coordinates"":[]}"
236_0,-0.012648336,0.5598185,-0.036094043,1,9272,"{""type"":""MultiPoint"",""coordinates"":[]}"
237_0,-0.23034735,0.3655793,-0.24899474,1,16504,"{""type"":""MultiPoint"",""coordinates"":[]}"
238_0,-0.060824446,0.47683668,-0.07187267,1,15637,"{""type"":""MultiPoint"",""coordinates"":[]}"
239_0,-0.05748098,0.45215964,-0.06877403,1,19439,"{""type"":""MultiPoint"",""coordinates"":[]}"
240_0,0.1207483,0.12217557,0.13099425,1,15508,"{""type"":""MultiPoint"",""coordinates"":[]}"
241_0,0.25258324,0.7028348,0.28657535,1,963,"{""type"":""MultiPoint"",""coordinates"":[]}"
242_0,0.11172742,0.556314,0.15088758,1,5923,"{""type"":""MultiPoint"",""coordinates"":[]}"
243_0,0.17002708,0.6691145,0.16455033,1,8351,"{""type"":""MultiPoint"",""coordinates"":[]}"
244_0,-0.08042204,0.41074648,-0.07925456,1,13033,"{""type"":""MultiPoint"",""coordinates"":[]}"
245_0,-0.073123954,0.4824875,-0.10600445,1,21039,"{""type"":""MultiPoint"",""coordinates"":[]}"
246_0,-0.10555795,0.35919696,-0.10986159,1,20295,"{""type"":""MultiPoint"",""coordinates"":[]}"
247_0,0.15925969,0.09871915,0.117108196,1,11995,"{""type"":""MultiPoint"",""coordinates"":[]}"
248_0,0.063112505,0.42387217,0.024569422,1,6663,"{""type"":""MultiPoint"",""coordinates"":[]}"
249_0,-0.16907097,0.37817883,-0.09691391,1,3455,"{""type"":""MultiPoint"",""coordinates"":[]}"
250_0,-0.200576,0.26752338,-0.19881657,1,23494,"{""type"":""MultiPoint"",""coordinates"":[]}"
251_0,-0.024214659,0.4577603,-0.0087012565,1,20765,"{""type"":""MultiPoint"",""coordinates"":[]}"
252_0,0.35911855,0.827694,0.35476094,1,24075,"{""type"":""MultiPoint"",""coordinates"":[]}"
253_0,0.21008079,0.6138359,0.15349808,1,14754,"{""type"":""MultiPoint"",""coordinates"":[]}"
254_0,0.09061186,0.64934254,0.10765349,1,3058,"{""type"":""MultiPoint"",""coordinates"":[]}"
255_0,0.22375104,0.5289717,0.027452823,1,20686,"{""type"":""MultiPoint"",""coordinates"":[]}"
256_0,-0.1222069,0.4502695,-0.14269663,1,8944,"{""type"":""MultiPoint"",""coordinates"":[]}"
257_0,-0.06696862,0.38787025,-0.09379653,1,23619,"{""type"":""MultiPoint"",""coordinates"":[]}"
258_0,0.012443346,0.071192056,-0.046032444,1,11786,"{""type"":""MultiPoint"",""coordinates"":[]}"
259_0,0.3544776,0.83790225,0.28393006,1,7893,"{""type"":""MultiPoint"",""coordinates"":[]}"
260_0,-0.029419422,0.535743,-0.016713807,1,20024,"{""type"":""MultiPoint"",""coordinates"":[]}"
261_0,-0.00455298,0.52176505,-0.0021909233,1,4745,"{""type"":""MultiPoint"",""coordinates"":[]}"
262_0,0.1985943,0.6539975,0.22909732,1,9724,"{""type"":""MultiPoint"",""coordinates"":[]}"
263_0,0.31086886,0.7946232,0.32250732,1,2213,"{""type"":""MultiPoint"",""coordinates"":[]}"
264_0,0.17553604,0.68889064,0.16573443,1,1122,"{""type"":""MultiPoint"",""coordinates"":[]}"
265_0,0.011294526,0.30706838,-0.015165031,1,6253,"{""type"":""MultiPoint"",""coordinates"":[]}"
266_0,-0.057524696,0.4631829,-0.083333336,1,12244,"{""type"":""MultiPoint"",""coordinates"":[]}"
267_0,0.22044729,0.77553594,0.22292994,1,6920,"{""type"":""MultiPoint"",""coordinates"":[]}"
268_0,-0.0016460193,0.4791192,0.0033479268,1,18568,"{""type"":""MultiPoint"",""coordinates"":[]}"
269_0,0.18113029,0.5572491,0.22606067,1,23206,"{""type"":""MultiPoint"",""coordinates"":[]}"
270_0,-0.1768546,0.35501355,-0.23741738,1,7204,"{""type"":""MultiPoint"",""coordinates"":[]}"
271_0,-0.07732107,0.42565846,-0.0813618,1,11682,"{""type"":""MultiPoint"",""coordinates"":[]}"
272_0,0.4826884,0.8481159,0.49181095,1,13555,"{""type"":""MultiPoint"",""coordinates"":[]}"
273_0,0.15,0.75949365,0.112651646,1,25463,"{""type"":""MultiPoint"",""coordinates"":[]}"
274_0,0.012768427,0.31220198,-0.0020618557,1,14814,"{""type"":""MultiPoint"",""coordinates"":[]}"
275_0,0.124169104,0.6158324,0.124169104,1,24508,"{""type"":""MultiPoint"",""coordinates"":[]}"
276_0,0.015691869,0.40806562,0.024390243,1,16431,"{""type"":""MultiPoint"",""coordinates"":[]}"
277_0,0.34867924,0.7913593,0.28824744,1,2748,"{""type"":""MultiPoint"",""coordinates"":[]}"
278_0,-0.016050244,0.33690915,-0.020628683,1,3706,"{""type"":""MultiPoint"",""coordinates"":[]}"
279_0,0.2964785,0.6347425,0.35596627,1,9811,"{""type"":""MultiPoint"",""coordinates"":[]}"
280_0,0.37015882,0.7881932,0.3342542,1,18861,"{""type"":""MultiPoint"",""coordinates"":[]}"
281_0,-0.1323693,0.33991644,-0.07126437,1,6868,"{""type"":""MultiPoint"",""coordinates"":[]}"
282_0,-0.096022725,0.39893618,-0.09995394,1,19839,"{""type"":""MultiPoint"",""coordinates"":[]}"
283_0,-0.18028466,0.32446808,-0.20214765,1,19646,"{""type"":""MultiPoint"",""coordinates"":[]}"
284_0,-0.066766314,0.41383353,-0.13220519,1,16787,"{""type"":""MultiPoint"",""coordinates"":[]}"
285_0,-0.064244345,0.3863098,-0.20111163,1,9278,"{""type"":""MultiPoint"",""coordinates"":[]}"
286_0,-0.09866493,0.42357585,-0.14256687,1,18697,"{""type"":""MultiPoint"",""coordinates"":[]}"
287_0,0.018937834,0.32200435,-0.036086958,1,12146,"{""type"":""MultiPoint"",""coordinates"":[]}"
288_0,-0.052546483,0.40763673,-0.17757009,1,18571,"{""type"":""MultiPoint"",""coordinates"":[]}"
289_0,-0.05112045,0.3974152,-0.09163637,1,4618,"{""type"":""MultiPoint"",""coordinates"":[]}"
290_0,-0.03042735,0.3676069,-0.024473147,1,5653,"{""type"":""MultiPoint"",""coordinates"":[]}"
291_0,0.13777144,0.6541787,0.17422435,1,14941,"{""type"":""MultiPoint"",""coordinates"":[]}"
292_0,0.19012621,0.75747925,0.20638926,1,13215,"{""type"":""MultiPoint"",""coordinates"":[]}"
293_0,0.035558328,0.53838533,0.023731047,1,17917,"{""type"":""MultiPoint"",""coordinates"":[]}"
294_0,-0.14213483,0.38067713,-0.16337626,1,17846,"{""type"":""MultiPoint"",""coordinates"":[]}"
295_0,0.19298378,0.7420983,0.33009014,1,1510,"{""type"":""MultiPoint"",""coordinates"":[]}"
296_0,0.054259043,0.54041916,0.098987624,1,13804,"{""type"":""MultiPoint"",""coordinates"":[]}"
297_0,-0.03044776,0.41478762,-0.0768318,1,10404,"{""type"":""MultiPoint"",""coordinates"":[]}"
298_0,0.053352218,0.5048143,0.043644167,1,13684,"{""type"":""MultiPoint"",""coordinates"":[]}"
299_0,0.04014527,0.3262492,0.027829189,1,2874,"{""type"":""MultiPoint"",""coordinates"":[]}"
300_0,0.005141963,0.5361635,-0.028102461,1,24955,"{""type"":""MultiPoint"",""coordinates"":[]}"
301_0,-0.048963413,0.40939888,-0.08423695,1,14340,"{""type"":""MultiPoint"",""coordinates"":[]}"
302_0,0.2563919,0.6768957,0.20637071,1,11811,"{""type"":""MultiPoint"",""coordinates"":[]}"
303_0,0.2606132,0.78219396,0.2826087,1,11497,"{""type"":""MultiPoint"",""coordinates"":[]}"
304_0,0.13663663,0.5005599,-0.056985293,1,7497,"{""type"":""MultiPoint"",""coordinates"":[]}"
305_0,-0.068346694,0.46426836,-0.083236545,1,19969,"{""type"":""MultiPoint"",""coordinates"":[]}"
306_0,-0.12848091,0.4077282,-0.14218922,1,3662,"{""type"":""MultiPoint"",""coordinates"":[]}"
307_0,-0.06222991,0.43098024,-0.062595755,1,19125,"{""type"":""MultiPoint"",""coordinates"":[]}"
308_0,0.05821366,0.09863192,0.017969321,1,16780,"{""type"":""MultiPoint"",""coordinates"":[]}"
309_0,-0.11834862,0.3579832,-0.12453874,1,7290,"{""type"":""MultiPoint"",""coordinates"":[]}"
310_0,-0.0023008096,0.029652996,0.052139577,1,22545,"{""type"":""MultiPoint"",""coordinates"":[]}"
311_0,0.45039436,0.70647776,0.36162007,1,11038,"{""type"":""MultiPoint"",""coordinates"":[]}"
312_0,0.009358594,0.6713615,-0.0064935065,1,24502,"{""type"":""MultiPoint"",""coordinates"":[]}"
313_0,0.029699542,0.1750332,0.16241872,1,14787,"{""type"":""MultiPoint"",""coordinates"":[]}"
314_0,0.32938722,0.8564876,0.3175816,1,16657,"{""type"":""MultiPoint"",""coordinates"":[]}"
315_0,0.21018519,0.61509436,0.27435133,1,1765,"{""type"":""MultiPoint"",""coordinates"":[]}"
316_0,0.13162567,0.35875437,0.11064935,1,11142,"{""type"":""MultiPoint"",""coordinates"":[]}"
317_0,-0.051311288,0.45708954,0.027631579,1,3931,"{""type"":""MultiPoint"",""coordinates"":[]}"
318_0,-0.19046496,0.44746378,-0.25972006,1,18116,"{""type"":""MultiPoint"",""coordinates"":[]}"
319_0,-0.11549906,0.34590164,-0.11339093,1,9812,"{""type"":""MultiPoint"",""coordinates"":[]}"
320_0,0.043013625,0.36800674,0.034878775,1,12781,"{""type"":""MultiPoint"",""coordinates"":[]}"
321_0,0.004109589,0.47384498,-0.025128344,1,4178,"{""type"":""MultiPoint"",""coordinates"":[]}"
322_0,0.114880495,0.30842912,0.11760184,1,20653,"{""type"":""MultiPoint"",""coordinates"":[]}"
323_0,-0.07834332,0.3983287,-0.10311383,1,13594,"{""type"":""MultiPoint"",""coordinates"":[]}"
324_0,0.08181414,0.56363636,0.04862809,1,2564,"{""type"":""MultiPoint"",""coordinates"":[]}"
325_0,0.04315197,0.48762888,-0.050824177,1,16899,"{""type"":""MultiPoint"",""coordinates"":[]}"
326_0,-0.03866602,0.535503,-0.040426046,1,19340,"{""type"":""MultiPoint"",""coordinates"":[]}"
327_0,0.31702536,0.7705819,0.29016745,1,733,"{""type"":""MultiPoint"",""coordinates"":[]}"
328_0,0.27139875,0.7818182,0.25673014,1,3594,"{""type"":""MultiPoint"",""coordinates"":[]}"
329_0,-0.053575877,0.31871346,-0.11970339,1,8170,"{""type"":""MultiPoint"",""coordinates"":[]}"
330_0,-0.051892314,0.3074962,-0.023149906,1,17084,"{""type"":""MultiPoint"",""coordinates"":[]}"
331_0,0.056256674,0.6521046,0.027679116,1,25413,"{""type"":""MultiPoint"",""coordinates"":[]}"
332_0,0.14215948,0.18036287,0.038010325,1,20321,"{""type"":""MultiPoint"",""coordinates"":[]}"
333_0,0.20177741,0.21657205,0.2214342,1,2362,"{""type"":""MultiPoint"",""coordinates"":[]}"
334_0,0.024084419,0.06049822,-0.04190119,1,19490,"{""type"":""MultiPoint"",""coordinates"":[]}"
335_0,0.022837201,0.2980638,-0.07998951,1,24209,"{""type"":""MultiPoint"",""coordinates"":[]}"
336_0,-0.011846287,0.40621403,0.0064543583,1,17510,"{""type"":""MultiPoint"",""coordinates"":[]}"
337_0,0.087701365,0.60318404,-0.005745141,1,18809,"{""type"":""MultiPoint"",""coordinates"":[]}"
338_0,0.16236411,0.66932,0.17733985,1,25428,"{""type"":""MultiPoint"",""coordinates"":[]}"
339_0,-0.006612507,0.5148552,0.03814433,1,22727,"{""type"":""MultiPoint"",""coordinates"":[]}"
340_0,0.34202132,0.7552642,0.3428773,1,2662,"{""type"":""MultiPoint"",""coordinates"":[]}"
341_0,-0.09282621,0.44205558,-0.0884446,1,18634,"{""type"":""MultiPoint"",""coordinates"":[]}"
342_0,-0.20676692,0.34982607,-0.21616162,1,17129,"{""type"":""MultiPoint"",""coordinates"":[]}"
343_0,0.016694492,0.24821134,-0.04376949,1,18451,"{""type"":""MultiPoint"",""coordinates"":[]}"
344_0,0.16562094,0.66959774,0.10845205,1,12848,"{""type"":""MultiPoint"",""coordinates"":[]}"
345_0,0.1176483,0.3592853,0.17063881,1,14750,"{""type"":""MultiPoint"",""coordinates"":[]}"
346_0,-0.07958744,0.41796097,-0.17683129,1,1889,"{""type"":""MultiPoint"",""coordinates"":[]}"
347_0,0.060928866,0.5522644,0.07819598,1,24994,"{""type"":""MultiPoint"",""coordinates"":[]}"
348_0,0.41360545,0.8207469,0.4218645,1,9380,"{""type"":""MultiPoint"",""coordinates"":[]}"
349_0,0.21423833,0.62444305,0.17902517,1,13836,"{""type"":""MultiPoint"",""coordinates"":[]}"
350_0,-0.004654348,0.60429925,-0.036624167,1,1045,"{""type"":""MultiPoint"",""coordinates"":[]}"
351_0,0.21954232,0.7049496,0.24351561,1,1822,"{""type"":""MultiPoint"",""coordinates"":[]}"
352_0,0.23630153,0.7281456,0.27960417,1,20126,"{""type"":""MultiPoint"",""coordinates"":[]}"
353_0,0.24235098,0.92264414,0.29105735,1,3064,"{""type"":""MultiPoint"",""coordinates"":[]}"
354_0,0.23153943,0.63519865,0.20671834,1,24381,"{""type"":""MultiPoint"",""coordinates"":[]}"
355_0,-0.057316724,0.39044645,-0.04407748,1,1743,"{""type"":""MultiPoint"",""coordinates"":[]}"
356_0,0.2807032,0.82533455,0.3048148,1,5516,"{""type"":""MultiPoint"",""coordinates"":[]}"
357_0,-0.070747614,0.41088492,-0.05763141,1,6011,"{""type"":""MultiPoint"",""coordinates"":[]}"
358_0,-0.15924993,0.39097744,-0.18852223,1,17004,"{""type"":""MultiPoint"",""coordinates"":[]}"
359_0,0.043044075,0.19043693,0.059028383,1,20338,"{""type"":""MultiPoint"",""coordinates"":[]}"
360_0,-0.08830092,0.43738317,-0.11420782,1,22719,"{""type"":""MultiPoint"",""coordinates"":[]}"
361_0,-0.023974763,0.41630617,-0.008234218,1,22812,"{""type"":""MultiPoint"",""coordinates"":[]}"
362_0,-0.087425984,0.44997382,-0.0754392,1,6020,"{""type"":""MultiPoint"",""coordinates"":[]}"
363_0,0.33756614,0.80429596,0.31865197,1,6948,"{""type"":""MultiPoint"",""coordinates"":[]}"
364_0,-0.027118644,0.19547021,-0.037671234,1,22200,"{""type"":""MultiPoint"",""coordinates"":[]}"
365_0,0.22222222,0.6967841,0.18699187,1,18365,"{""type"":""MultiPoint"",""coordinates"":[]}"
366_0,-0.13830309,0.43074325,-0.16253443,1,17593,"{""type"":""MultiPoint"",""coordinates"":[]}"
367_0,0.22849964,0.76187634,0.25558865,1,2905,"{""type"":""MultiPoint"",""coordinates"":[]}"
368_0,-0.1427875,0.35029382,-0.12460755,1,14841,"{""type"":""MultiPoint"",""coordinates"":[]}"
369_0,0.37529773,0.89711416,0.3728761,1,15334,"{""type"":""MultiPoint"",""coordinates"":[]}"
370_0,-0.105521716,0.22678784,-0.025729526,1,16449,"{""type"":""MultiPoint"",""coordinates"":[]}"
371_0,0.08503704,0.5669186,0.1002331,1,24268,"{""type"":""MultiPoint"",""coordinates"":[]}"
372_0,0.08291708,0.5829528,0.092885375,1,6279,"{""type"":""MultiPoint"",""coordinates"":[]}"
373_0,0.14414908,0.6435071,0.10591389,1,1483,"{""type"":""MultiPoint"",""coordinates"":[]}"
374_0,-0.102135025,0.4199497,-0.12056322,1,22856,"{""type"":""MultiPoint"",""coordinates"":[]}"
375_0,0.3043478,0.780573,0.35965848,1,6919,"{""type"":""MultiPoint"",""coordinates"":[]}"
376_0,0.06342554,0.6066289,0.0471859,1,18072,"{""type"":""MultiPoint"",""coordinates"":[]}"
377_0,0.4268057,0.8063158,0.43718594,1,14710,"{""type"":""MultiPoint"",""coordinates"":[]}"
378_0,-0.25710124,0.284153,-0.30724564,1,22174,"{""type"":""MultiPoint"",""coordinates"":[]}"
379_0,-0.13754717,0.3521417,-0.25611112,1,8069,"{""type"":""MultiPoint"",""coordinates"":[]}"
380_0,0.082073994,0.36447957,0.09905922,1,2034,"{""type"":""MultiPoint"",""coordinates"":[]}"
381_0,-0.046803206,0.49920833,-0.08583717,1,12140,"{""type"":""MultiPoint"",""coordinates"":[]}"
382_0,-0.12454723,0.42365202,-0.123608015,1,11250,"{""type"":""MultiPoint"",""coordinates"":[]}"
383_0,-0.009803922,0.47706905,-0.09300874,1,13506,"{""type"":""MultiPoint"",""coordinates"":[]}"
384_0,0.09165247,0.6305221,0.105960265,1,8298,"{""type"":""MultiPoint"",""coordinates"":[]}"
385_0,-0.05248988,0.43111494,0.0025810432,1,21258,"{""type"":""MultiPoint"",""coordinates"":[]}"
386_0,0.36833602,0.80794704,0.353719,1,2683,"{""type"":""MultiPoint"",""coordinates"":[]}"
387_0,-0.095118895,0.4648526,-0.15055884,1,11932,"{""type"":""MultiPoint"",""coordinates"":[]}"
388_0,-0.16742383,0.21143802,-0.18662728,1,17624,"{""type"":""MultiPoint"",""coordinates"":[]}"
389_0,0.04018774,0.67269593,0.039906103,1,16746,"{""type"":""MultiPoint"",""coordinates"":[]}"
390_0,0.058988765,0.5542975,0.11259755,1,3639,"{""type"":""MultiPoint"",""coordinates"":[]}"
391_0,0.15559158,0.63487333,0.15789473,1,22429,"{""type"":""MultiPoint"",""coordinates"":[]}"
392_0,-0.026385223,0.49569708,-0.07488257,1,12859,"{""type"":""MultiPoint"",""coordinates"":[]}"
393_0,-0.12931393,0.44412607,-0.13181654,1,22966,"{""type"":""MultiPoint"",""coordinates"":[]}"
394_0,-0.08648378,0.45645863,-0.040545218,1,14649,"{""type"":""MultiPoint"",""coordinates"":[]}"
395_0,-0.021708352,0.45468163,0.017819706,1,25106,"{""type"":""MultiPoint"",""coordinates"":[]}"
396_0,-0.09381126,0.4071607,-0.11155379,1,8654,"{""type"":""MultiPoint"",""coordinates"":[]}"
397_0,0.37906137,0.83234715,0.35719502,1,2885,"{""type"":""MultiPoint"",""coordinates"":[]}"
398_0,-0.059922535,0.43096516,-0.07362105,1,4343,"{""type"":""MultiPoint"",""coordinates"":[]}"
399_0,-0.17304347,0.251562,-0.19327731,1,17967,"{""type"":""MultiPoint"",""coordinates"":[]}"
400_0,0.1257837,0.09198813,0.10694509,1,19796,"{""type"":""MultiPoint"",""coordinates"":[]}"
401_0,0.19385403,0.5802998,0.05636624,1,11215,"{""type"":""MultiPoint"",""coordinates"":[]}"
402_0,-0.09290248,0.3897588,-0.07126697,1,19941,"{""type"":""MultiPoint"",""coordinates"":[]}"
403_0,-0.12406417,0.45869467,-0.16648169,1,18497,"{""type"":""MultiPoint"",""coordinates"":[]}"
404_0,-0.105840705,0.47884187,-0.12944628,1,11251,"{""type"":""MultiPoint"",""coordinates"":[]}"
405_0,0.31062672,0.78546226,0.3580247,1,2587,"{""type"":""MultiPoint"",""coordinates"":[]}"
406_0,0.11042295,0.12453761,-0.015118791,1,6491,"{""type"":""MultiPoint"",""coordinates"":[]}"
407_0,0.25665936,0.65139115,0.2596754,1,14007,"{""type"":""MultiPoint"",""coordinates"":[]}"
408_0,0.02099498,0.5094107,0.06556306,1,993,"{""type"":""MultiPoint"",""coordinates"":[]}"
409_0,0.080144644,0.10800615,0.13334918,1,2744,"{""type"":""MultiPoint"",""coordinates"":[]}"
410_0,0.33405405,0.8179201,0.3022202,1,23133,"{""type"":""MultiPoint"",""coordinates"":[]}"
411_0,-0.013362224,0.41730383,-0.038297873,1,15709,"{""type"":""MultiPoint"",""coordinates"":[]}"
412_0,-0.06141199,0.46026012,-0.07123162,1,21936,"{""type"":""MultiPoint"",""coordinates"":[]}"
413_0,0.24804178,0.78625953,0.25170878,1,1103,"{""type"":""MultiPoint"",""coordinates"":[]}"
414_0,0.14084075,0.65701556,0.14084075,1,14227,"{""type"":""MultiPoint"",""coordinates"":[]}"
415_0,0.04250255,0.38470256,0.04145762,1,21319,"{""type"":""MultiPoint"",""coordinates"":[]}"
416_0,0.36669287,0.6625571,0.41358817,1,5473,"{""type"":""MultiPoint"",""coordinates"":[]}"
417_0,0.3368201,0.8140948,0.30649748,1,423,"{""type"":""MultiPoint"",""coordinates"":[]}"
418_0,-0.0034778577,0.4399664,-0.10973406,1,12032,"{""type"":""MultiPoint"",""coordinates"":[]}"
419_0,-0.099317305,0.2644637,-0.14568992,1,18851,"{""type"":""MultiPoint"",""coordinates"":[]}"
420_0,-0.12495073,0.35955057,-0.15546559,1,6781,"{""type"":""MultiPoint"",""coordinates"":[]}"
421_0,-3.627131E-4,0.3533964,0.034596376,1,8091,"{""type"":""MultiPoint"",""coordinates"":[]}"
422_0,0.0049007013,0.5074984,0.038124908,1,196,"{""type"":""MultiPoint"",""coordinates"":[]}"
423_0,-0.06182532,0.4395797,-0.21075372,1,7676,"{""type"":""MultiPoint"",""coordinates"":[]}"
424_0,0.22930732,0.7394763,0.26778242,1,15405,"{""type"":""MultiPoint"",""coordinates"":[]}"
425_0,-0.0062930775,0.52756613,0.0073898905,1,7592,"{""type"":""MultiPoint"",""coordinates"":[]}"
426_0,-0.16920842,0.33386582,-0.2017915,1,8842,"{""type"":""MultiPoint"",""coordinates"":[]}"
427_0,0.0942452,0.36481404,0.044154104,1,9485,"{""type"":""MultiPoint"",""coordinates"":[]}"
428_0,0.034552846,0.4074074,0.06498492,1,8278,"{""type"":""MultiPoint"",""coordinates"":[]}"
429_0,0.029257314,0.6082122,0.04701835,1,8546,"{""type"":""MultiPoint"",""coordinates"":[]}"
430_0,0.2746017,0.80547947,0.2526172,1,3942,"{""type"":""MultiPoint"",""coordinates"":[]}"
431_0,0.08436567,0.58960176,0.037360966,1,10465,"{""type"":""MultiPoint"",""coordinates"":[]}"
432_0,-0.041666668,0.369462,-0.10125523,1,23362,"{""type"":""MultiPoint"",""coordinates"":[]}"
433_0,-0.002136245,0.46167248,-0.10206213,1,22045,"{""type"":""MultiPoint"",""coordinates"":[]}"
434_0,-0.14559044,0.40255755,-0.20034996,1,16863,"{""type"":""MultiPoint"",""coordinates"":[]}"
435_0,-0.060322855,0.4691689,-0.06484642,1,24385,"{""type"":""MultiPoint"",""coordinates"":[]}"
436_0,0.21231884,0.74938977,0.28661618,1,11553,"{""type"":""MultiPoint"",""coordinates"":[]}"
437_0,0.06637988,0.30483973,0.1048215,1,12211,"{""type"":""MultiPoint"",""coordinates"":[]}"
438_0,0.25199544,0.9237187,0.38780206,1,15354,"{""type"":""MultiPoint"",""coordinates"":[]}"
439_0,0.31079966,0.7877247,0.3552699,1,13995,"{""type"":""MultiPoint"",""coordinates"":[]}"
440_0,0.2324183,0.77185184,0.37861466,1,2232,"{""type"":""MultiPoint"",""coordinates"":[]}"
441_0,0.10098709,0.5217391,0.011474713,1,6847,"{""type"":""MultiPoint"",""coordinates"":[]}"
442_0,0.0704698,0.0967359,0.1078905,1,19763,"{""type"":""MultiPoint"",""coordinates"":[]}"
443_0,-0.153945,0.31350428,-0.11608253,1,5934,"{""type"":""MultiPoint"",""coordinates"":[]}"
444_0,0.021165645,0.6210705,-0.035812672,1,20193,"{""type"":""MultiPoint"",""coordinates"":[]}"
445_0,0.21413502,0.75937164,0.24249423,1,7882,"{""type"":""MultiPoint"",""coordinates"":[]}"
446_0,-0.01600784,0.24266666,0.069157906,1,16153,"{""type"":""MultiPoint"",""coordinates"":[]}"
447_0,0.092608824,0.60301286,0.14950712,1,6528,"{""type"":""MultiPoint"",""coordinates"":[]}"
448_0,0.05625841,0.6659836,0.008155339,1,959,"{""type"":""MultiPoint"",""coordinates"":[]}"
449_0,-0.01795977,0.33801827,-0.038788326,1,6631,"{""type"":""MultiPoint"",""coordinates"":[]}"
450_0,-0.03695807,0.5089947,-0.07358352,1,19306,"{""type"":""MultiPoint"",""coordinates"":[]}"
451_0,0.27353463,0.76929075,0.29825565,1,17365,"{""type"":""MultiPoint"",""coordinates"":[]}"
452_0,0.1503473,0.034986544,0.029185869,1,9560,"{""type"":""MultiPoint"",""coordinates"":[]}"
453_0,-0.09657458,0.3808948,-0.1142596,1,8361,"{""type"":""MultiPoint"",""coordinates"":[]}"
454_0,0.47116673,0.8460053,0.54941916,1,971,"{""type"":""MultiPoint"",""coordinates"":[]}"
455_0,0.104070306,0.5800604,0.06789649,1,24959,"{""type"":""MultiPoint"",""coordinates"":[]}"
456_0,0.017901476,0.2795031,0.060734816,1,16397,"{""type"":""MultiPoint"",""coordinates"":[]}"
457_0,-0.18980044,0.36825523,-0.21102121,1,6453,"{""type"":""MultiPoint"",""coordinates"":[]}"
458_0,0.060670342,0.6472131,-7.942812E-4,1,10063,"{""type"":""MultiPoint"",""coordinates"":[]}"
459_0,0.16370785,0.70318663,0.14840642,1,3711,"{""type"":""MultiPoint"",""coordinates"":[]}"
460_0,0.36156613,0.76785713,0.3294167,1,6788,"{""type"":""MultiPoint"",""coordinates"":[]}"
461_0,0.5356064,0.88083196,0.48737493,1,323,"{""type"":""MultiPoint"",""coordinates"":[]}"
462_0,0.0912315,0.07629661,0.110219724,1,13420,"{""type"":""MultiPoint"",""coordinates"":[]}"
463_0,0.0996139,0.1829436,0.16355811,1,4843,"{""type"":""MultiPoint"",""coordinates"":[]}"
464_0,0.022333125,0.4530831,0.037172012,1,5929,"{""type"":""MultiPoint"",""coordinates"":[]}"
465_0,0.001598721,0.41574687,0.062664166,1,14378,"{""type"":""MultiPoint"",""coordinates"":[]}"
466_0,-0.058251254,0.4393575,-0.038759016,1,4400,"{""type"":""MultiPoint"",""coordinates"":[]}"
467_0,0.095467694,0.6915709,0.10869565,1,11693,"{""type"":""MultiPoint"",""coordinates"":[]}"
468_0,0.21276692,0.38862246,0.2343328,1,5148,"{""type"":""MultiPoint"",""coordinates"":[]}"
469_0,0.06368515,0.572934,0.07462686,1,20659,"{""type"":""MultiPoint"",""coordinates"":[]}"
470_0,0.1464883,0.32361075,0.15561171,1,19716,"{""type"":""MultiPoint"",""coordinates"":[]}"
471_0,-0.1107161,0.3472741,-0.0993895,1,6874,"{""type"":""MultiPoint"",""coordinates"":[]}"
472_0,0.21047527,0.7833935,0.23625192,1,17404,"{""type"":""MultiPoint"",""coordinates"":[]}"
473_0,-0.18849978,0.4121832,-0.26769656,1,21531,"{""type"":""MultiPoint"",""coordinates"":[]}"
474_0,0.15750463,0.7015192,0.19814062,1,15100,"{""type"":""MultiPoint"",""coordinates"":[]}"
475_0,-0.013103563,0.46334794,0.086473726,1,14985,"{""type"":""MultiPoint"",""coordinates"":[]}"
476_0,0.05372239,0.31543168,0.054495912,1,11163,"{""type"":""MultiPoint"",""coordinates"":[]}"
477_0,0.14808185,0.66134846,0.15996768,1,9237,"{""type"":""MultiPoint"",""coordinates"":[]}"
478_0,-0.14095014,0.3574132,-0.13951503,1,23295,"{""type"":""MultiPoint"",""coordinates"":[]}"
479_0,-0.09819533,0.36448598,-0.1259864,1,5998,"{""type"":""MultiPoint"",""coordinates"":[]}"
480_0,0.037096344,0.61551726,-0.007821229,1,21016,"{""type"":""MultiPoint"",""coordinates"":[]}"
481_0,0.083042696,0.3854203,0.11434814,1,11610,"{""type"":""MultiPoint"",""coordinates"":[]}"
482_0,-0.009906764,0.6012359,-0.037709646,1,2641,"{""type"":""MultiPoint"",""coordinates"":[]}"
483_0,0.4223318,0.8920863,0.43720564,1,2805,"{""type"":""MultiPoint"",""coordinates"":[]}"
484_0,-0.16954787,0.4515561,-0.22308998,1,3953,"{""type"":""MultiPoint"",""coordinates"":[]}"
485_0,0.053006683,0.62518966,0.050044682,1,22142,"{""type"":""MultiPoint"",""coordinates"":[]}"
486_0,-0.06594753,0.5120148,0.032918148,1,2583,"{""type"":""MultiPoint"",""coordinates"":[]}"
487_0,-0.1435132,0.3822961,-0.20144753,1,16177,"{""type"":""MultiPoint"",""coordinates"":[]}"
488_0,0.31843382,0.73409873,0.29014474,1,4540,"{""type"":""MultiPoint"",""coordinates"":[]}"
489_0,0.18377349,0.6882923,0.20329525,1,10853,"{""type"":""MultiPoint"",""coordinates"":[]}"
490_0,0.08162736,0.6805048,0.08612687,1,9875,"{""type"":""MultiPoint"",""coordinates"":[]}"
491_0,0.4275,0.89721507,0.4434251,1,5100,"{""type"":""MultiPoint"",""coordinates"":[]}"
492_0,0.025980912,0.5062552,-0.00850947,1,20755,"{""type"":""MultiPoint"",""coordinates"":[]}"
493_0,0.13745892,0.67580265,0.16379082,1,20766,"{""type"":""MultiPoint"",""coordinates"":[]}"
494_0,0.3535944,0.84098136,0.3138781,1,18975,"{""type"":""MultiPoint"",""coordinates"":[]}"
495_0,-0.13621594,0.39944392,-0.1379224,1,9084,"{""type"":""MultiPoint"",""coordinates"":[]}"
496_0,-0.11218103,0.34502923,-0.2292206,1,10830,"{""type"":""MultiPoint"",""coordinates"":[]}"
497_0,0.012795266,0.52541375,0.043838546,1,9263,"{""type"":""MultiPoint"",""coordinates"":[]}"
498_0,0.12344601,0.2647246,0.16746955,1,16886,"{""type"":""MultiPoint"",""coordinates"":[]}"
499_0,0.4165436,0.83914316,0.4451039,1,24426,"{""type"":""MultiPoint"",""coordinates"":[]}"
500_0,-0.10569106,0.4929445,-0.09373267,1,19244,"{""type"":""MultiPoint"",""coordinates"":[]}"
501_0,0.19350615,0.67542505,0.22202487,1,12332,"{""type"":""MultiPoint"",""coordinates"":[]}"
502_0,0.3575865,0.8131987,0.37489745,1,17346,"{""type"":""MultiPoint"",""coordinates"":[]}"
503_0,0.019549616,0.5324165,0.04115684,1,1644,"{""type"":""MultiPoint"",""coordinates"":[]}"
504_0,0.0014556041,0.5527426,-0.124504365,1,22311,"{""type"":""MultiPoint"",""coordinates"":[]}"
505_0,0.373771,0.812231,0.41228196,1,25450,"{""type"":""MultiPoint"",""coordinates"":[]}"
506_0,0.11028917,0.5841785,0.109375,1,16903,"{""type"":""MultiPoint"",""coordinates"":[]}"
507_0,0.3522328,0.76783216,0.20574787,1,7100,"{""type"":""MultiPoint"",""coordinates"":[]}"
508_0,0.43986502,0.8317757,0.48286605,1,512,"{""type"":""MultiPoint"",""coordinates"":[]}"
509_0,0.04101266,0.4985119,-2.731494E-4,1,3050,"{""type"":""MultiPoint"",""coordinates"":[]}"
510_0,-0.045955572,0.42901716,-0.01266505,1,20941,"{""type"":""MultiPoint"",""coordinates"":[]}"
511_0,0.056141544,0.6496278,0.02804355,1,2221,"{""type"":""MultiPoint"",""coordinates"":[]}"
512_0,-0.19416235,0.2649066,-0.30264947,1,23780,"{""type"":""MultiPoint"",""coordinates"":[]}"
513_0,0.31456298,0.8265099,0.36369103,1,15227,"{""type"":""MultiPoint"",""coordinates"":[]}"
514_0,-0.03605216,0.4250635,-0.07794626,1,20671,"{""type"":""MultiPoint"",""coordinates"":[]}"
515_0,-0.10557861,0.2981132,-0.14576608,1,13137,"{""type"":""MultiPoint"",""coordinates"":[]}"
516_0,-0.031011969,0.12618068,-0.0029108229,1,3181,"{""type"":""MultiPoint"",""coordinates"":[]}"
517_0,0.12966849,0.51561415,0.07218045,1,18598,"{""type"":""MultiPoint"",""coordinates"":[]}"
518_0,0.4296875,0.83269286,0.42869604,1,274,"{""type"":""MultiPoint"",""coordinates"":[]}"
519_0,-0.11847437,0.40032285,-0.18395156,1,15025,"{""type"":""MultiPoint"",""coordinates"":[]}"
520_0,0.23959297,0.78035575,0.25803745,1,1108,"{""type"":""MultiPoint"",""coordinates"":[]}"
521_0,-0.23451693,0.33563417,-0.29873216,1,14822,"{""type"":""MultiPoint"",""coordinates"":[]}"
522_0,0.10630499,0.3123785,0.111721106,1,19099,"{""type"":""MultiPoint"",""coordinates"":[]}"
523_0,-0.18204628,0.38136902,-0.23543124,1,20773,"{""type"":""MultiPoint"",""coordinates"":[]}"
524_0,0.078169934,0.25120774,-0.033839595,1,21893,"{""type"":""MultiPoint"",""coordinates"":[]}"
525_0,0.23334129,0.77532905,0.2874584,1,9383,"{""type"":""MultiPoint"",""coordinates"":[]}"
526_0,-0.058760397,0.4239291,-0.07418968,1,4859,"{""type"":""MultiPoint"",""coordinates"":[]}"
527_0,-0.04099462,0.40709218,-0.1076153,1,23259,"{""type"":""MultiPoint"",""coordinates"":[]}"
528_0,-0.011533052,0.48455355,-0.014893291,1,2870,"{""type"":""MultiPoint"",""coordinates"":[]}"
529_0,-0.1471802,0.36558008,-0.17630465,1,20540,"{""type"":""MultiPoint"",""coordinates"":[]}"
530_0,0.15368323,0.32231078,0.1552528,1,2266,"{""type"":""MultiPoint"",""coordinates"":[]}"
531_0,-0.0033783785,0.38762796,-0.08142264,1,8018,"{""type"":""MultiPoint"",""coordinates"":[]}"
532_0,-0.05219699,0.48541114,0.040462427,1,12366,"{""type"":""MultiPoint"",""coordinates"":[]}"
533_0,0.045486353,0.53215635,0.08415399,1,6287,"{""type"":""MultiPoint"",""coordinates"":[]}"
534_0,-0.001682935,0.4822602,-2.9542096E-4,1,16296,"{""type"":""MultiPoint"",""coordinates"":[]}"
535_0,0.12487227,0.08568705,0.13144016,1,19785,"{""type"":""MultiPoint"",""coordinates"":[]}"
536_0,-0.031470925,0.5438081,-0.030433446,1,24743,"{""type"":""MultiPoint"",""coordinates"":[]}"
537_0,0.312146,0.77290523,0.3075368,1,14717,"{""type"":""MultiPoint"",""coordinates"":[]}"
538_0,0.129,0.6541538,0.18540289,1,20994,"{""type"":""MultiPoint"",""coordinates"":[]}"
539_0,0.34348047,0.7777105,0.3298615,1,16649,"{""type"":""MultiPoint"",""coordinates"":[]}"
540_0,-0.14262906,0.51972044,-0.16843538,1,16569,"{""type"":""MultiPoint"",""coordinates"":[]}"
541_0,-0.08565113,0.38255432,-0.1067513,1,21873,"{""type"":""MultiPoint"",""coordinates"":[]}"
542_0,0.0030341288,0.5841633,0.0840444,1,11097,"{""type"":""MultiPoint"",""coordinates"":[]}"
543_0,0.05107496,0.59149927,0.035523538,1,20121,"{""type"":""MultiPoint"",""coordinates"":[]}"
544_0,-0.2413793,0.92805755,-0.47161573,1,10643,"{""type"":""MultiPoint"",""coordinates"":[]}"
545_0,-0.037967768,0.3529028,-0.06991359,1,25017,"{""type"":""MultiPoint"",""coordinates"":[]}"
546_0,0.118945636,0.25212717,0.11913913,1,8238,"{""type"":""MultiPoint"",""coordinates"":[]}"
547_0,0.35943663,0.827451,0.17676768,1,17655,"{""type"":""MultiPoint"",""coordinates"":[]}"
548_0,0.0587901,0.27304995,0.03833971,1,14603,"{""type"":""MultiPoint"",""coordinates"":[]}"
549_0,-0.18410343,0.33861387,-0.20195122,1,19449,"{""type"":""MultiPoint"",""coordinates"":[]}"
550_0,0.018732494,0.28999063,0.105515584,1,8856,"{""type"":""MultiPoint"",""coordinates"":[]}"
551_0,0.25484523,0.7418678,0.3040487,1,20261,"{""type"":""MultiPoint"",""coordinates"":[]}"
552_0,-0.080024734,0.438404,-0.08240534,1,7503,"{""type"":""MultiPoint"",""coordinates"":[]}"
553_0,0.329988,0.73896307,0.4369079,1,19366,"{""type"":""MultiPoint"",""coordinates"":[]}"
554_0,-0.17967214,0.33968255,-0.1959799,1,7639,"{""type"":""MultiPoint"",""coordinates"":[]}"
555_0,0.11707317,0.6756238,0.13265306,1,13981,"{""type"":""MultiPoint"",""coordinates"":[]}"
556_0,0.1372225,0.64155376,0.1265352,1,22800,"{""type"":""MultiPoint"",""coordinates"":[]}"
557_0,0.3292505,0.7639013,0.4393392,1,243,"{""type"":""MultiPoint"",""coordinates"":[]}"
558_0,-0.08537562,0.41238597,-0.053072624,1,19717,"{""type"":""MultiPoint"",""coordinates"":[]}"
559_0,0.113387495,0.67242104,0.12614064,1,20966,"{""type"":""MultiPoint"",""coordinates"":[]}"
560_0,-0.02251161,0.43912637,0.037926186,1,17613,"{""type"":""MultiPoint"",""coordinates"":[]}"
561_0,0.44190416,0.8432974,0.4552917,1,8576,"{""type"":""MultiPoint"",""coordinates"":[]}"
562_0,-0.09046671,0.22573513,-0.0069854916,1,12947,"{""type"":""MultiPoint"",""coordinates"":[]}"
563_0,-0.07503211,0.4270197,-0.05789887,1,16496,"{""type"":""MultiPoint"",""coordinates"":[]}"
564_0,-0.026880395,0.41216677,-0.04819609,1,13023,"{""type"":""MultiPoint"",""coordinates"":[]}"
565_0,0.08229243,0.6193129,0.07972665,1,25325,"{""type"":""MultiPoint"",""coordinates"":[]}"
566_0,0.022840828,0.4677983,-0.07456829,1,23231,"{""type"":""MultiPoint"",""coordinates"":[]}"
567_0,-0.17018284,0.2804268,-0.2016632,1,4219,"{""type"":""MultiPoint"",""coordinates"":[]}"
568_0,0.37948123,0.8423346,0.4249438,1,24854,"{""type"":""MultiPoint"",""coordinates"":[]}"
569_0,0.011221122,0.5283364,0.08594934,1,24946,"{""type"":""MultiPoint"",""coordinates"":[]}"
570_0,-0.06800148,0.575078,-0.124937624,1,16257,"{""type"":""MultiPoint"",""coordinates"":[]}"
571_0,0.2717396,0.41600233,0.20873624,1,1978,"{""type"":""MultiPoint"",""coordinates"":[]}"
572_0,0.3013929,0.7550372,0.36059687,1,3507,"{""type"":""MultiPoint"",""coordinates"":[]}"
573_0,0.3767644,0.8020786,0.35158598,1,23811,"{""type"":""MultiPoint"",""coordinates"":[]}"
574_0,0.34595162,0.67486817,0.45326692,1,11020,"{""type"":""MultiPoint"",""coordinates"":[]}"
575_0,-0.052603733,0.437951,-0.05471291,1,8206,"{""type"":""MultiPoint"",""coordinates"":[]}"
576_0,0.41438928,0.8123439,0.4814815,1,23661,"{""type"":""MultiPoint"",""coordinates"":[]}"
577_0,-0.06423663,0.39114115,2.6990555E-4,1,8010,"{""type"":""MultiPoint"",""coordinates"":[]}"
578_0,0.0,0.47622642,-0.06396686,1,19298,"{""type"":""MultiPoint"",""coordinates"":[]}"
579_0,-0.13815641,0.47418967,-0.1516446,1,22916,"{""type"":""MultiPoint"",""coordinates"":[]}"
580_0,0.052951057,0.20033267,0.065743566,1,19111,"{""type"":""MultiPoint"",""coordinates"":[]}"
581_0,0.30695444,0.8470149,0.39093783,1,16486,"{""type"":""MultiPoint"",""coordinates"":[]}"
582_0,0.1083804,0.5455522,0.14296836,1,10030,"{""type"":""MultiPoint"",""coordinates"":[]}"
583_0,-0.0144817075,0.48766986,-0.054675117,1,5658,"{""type"":""MultiPoint"",""coordinates"":[]}"
584_0,-0.014058107,0.54559046,-0.024962407,1,7305,"{""type"":""MultiPoint"",""coordinates"":[]}"
585_0,0.08212444,0.06106265,0.11542461,1,14081,"{""type"":""MultiPoint"",""coordinates"":[]}"
586_0,-0.2576783,0.35607675,-0.33023256,1,22284,"{""type"":""MultiPoint"",""coordinates"":[]}"
587_0,0.31886628,0.8149142,0.34128112,1,14578,"{""type"":""MultiPoint"",""coordinates"":[]}"
588_0,-0.027044024,0.39340228,-0.07152231,1,23528,"{""type"":""MultiPoint"",""coordinates"":[]}"
589_0,0.09179927,0.11987545,0.12189349,1,24239,"{""type"":""MultiPoint"",""coordinates"":[]}"
590_0,-0.043047383,0.10563873,0.015204678,1,16861,"{""type"":""MultiPoint"",""coordinates"":[]}"
591_0,-0.08916587,0.43012705,-0.09715994,1,17048,"{""type"":""MultiPoint"",""coordinates"":[]}"
592_0,0.14248577,0.17603256,0.09249652,1,6214,"{""type"":""MultiPoint"",""coordinates"":[]}"
593_0,-0.102131724,0.4279919,-0.11807078,1,6624,"{""type"":""MultiPoint"",""coordinates"":[]}"
594_0,-0.1376702,0.3498305,-0.1099631,1,10221,"{""type"":""MultiPoint"",""coordinates"":[]}"
595_0,0.018156094,0.42190993,0.033426184,1,19801,"{""type"":""MultiPoint"",""coordinates"":[]}"
596_0,-0.061373726,0.289267,-0.041357372,1,15201,"{""type"":""MultiPoint"",""coordinates"":[]}"
597_0,-0.11044501,0.36927852,-0.106617644,1,9014,"{""type"":""MultiPoint"",""coordinates"":[]}"
598_0,-0.13287635,0.38801572,-0.12588927,1,5915,"{""type"":""MultiPoint"",""coordinates"":[]}"
599_0,-0.038505424,0.43873656,-0.03777756,1,25089,"{""type"":""MultiPoint"",""coordinates"":[]}"
600_0,0.36471283,0.65616226,0.33125585,1,9529,"{""type"":""MultiPoint"",""coordinates"":[]}"
601_0,0.06130765,0.32184616,0.101878986,1,640,"{""type"":""MultiPoint"",""coordinates"":[]}"
602_0,-0.064429685,0.7096115,-0.04149567,1,3813,"{""type"":""MultiPoint"",""coordinates"":[]}"
603_0,0.21114324,0.7592396,0.2137871,1,15718,"{""type"":""MultiPoint"",""coordinates"":[]}"
604_0,-0.10015367,0.38964805,-0.15246816,1,8482,"{""type"":""MultiPoint"",""coordinates"":[]}"
605_0,-0.06562876,0.40858668,-0.06324369,1,12105,"{""type"":""MultiPoint"",""coordinates"":[]}"
606_0,0.027791321,0.4462107,9.746589E-4,1,1921,"{""type"":""MultiPoint"",""coordinates"":[]}"
607_0,-0.0924073,0.39341086,-0.19626169,1,20543,"{""type"":""MultiPoint"",""coordinates"":[]}"
608_0,0.00968661,0.565381,-0.019331083,1,13259,"{""type"":""MultiPoint"",""coordinates"":[]}"
609_0,0.0941318,0.39155975,0.05254586,1,10909,"{""type"":""MultiPoint"",""coordinates"":[]}"
610_0,0.31437558,0.8263513,0.18459105,1,8485,"{""type"":""MultiPoint"",""coordinates"":[]}"
611_0,-0.103364214,0.40125886,-0.10046443,1,12086,"{""type"":""MultiPoint"",""coordinates"":[]}"
612_0,-0.0014125109,0.50198513,-0.06235901,1,9242,"{""type"":""MultiPoint"",""coordinates"":[]}"
613_0,-0.061643835,0.35055867,-0.121270455,1,21183,"{""type"":""MultiPoint"",""coordinates"":[]}"
614_0,0.116704404,0.5176394,0.10203537,1,2270,"{""type"":""MultiPoint"",""coordinates"":[]}"
615_0,0.05492468,0.37210932,0.027551824,1,25506,"{""type"":""MultiPoint"",""coordinates"":[]}"
616_0,0.11465369,0.42027014,0.055380635,1,18804,"{""type"":""MultiPoint"",""coordinates"":[]}"
617_0,0.101550885,0.01604278,0.09839036,1,12695,"{""type"":""MultiPoint"",""coordinates"":[]}"
618_0,-0.096260145,0.4443198,-0.17948668,1,10746,"{""type"":""MultiPoint"",""coordinates"":[]}"
619_0,-0.06408169,0.4048607,-0.054646987,1,4821,"{""type"":""MultiPoint"",""coordinates"":[]}"
620_0,0.06703172,0.01700731,0.10747832,1,10203,"{""type"":""MultiPoint"",""coordinates"":[]}"
621_0,-0.056195464,0.29657575,-0.10027548,1,3635,"{""type"":""MultiPoint"",""coordinates"":[]}"
622_0,0.019723866,0.48843026,-0.013401109,1,52,"{""type"":""MultiPoint"",""coordinates"":[]}"
623_0,0.4140496,0.829434,0.2705224,1,7071,"{""type"":""MultiPoint"",""coordinates"":[]}"
624_0,-0.10111643,0.43124416,-0.08758664,1,4932,"{""type"":""MultiPoint"",""coordinates"":[]}"
625_0,0.2331813,0.7732629,0.23731217,1,13972,"{""type"":""MultiPoint"",""coordinates"":[]}"
626_0,-0.19986518,0.37612838,-0.19688615,1,19872,"{""type"":""MultiPoint"",""coordinates"":[]}"
627_0,0.15108748,0.23311326,0.18699585,1,16989,"{""type"":""MultiPoint"",""coordinates"":[]}"
628_0,-0.084074736,0.38848674,-0.10646992,1,8197,"{""type"":""MultiPoint"",""coordinates"":[]}"
629_0,-0.0151944375,0.6409228,0.0036809817,1,15829,"{""type"":""MultiPoint"",""coordinates"":[]}"
630_0,-0.06313646,0.48741654,-0.11885121,1,6802,"{""type"":""MultiPoint"",""coordinates"":[]}"
631_0,0.07492958,0.4804637,0.017709563,1,14171,"{""type"":""MultiPoint"",""coordinates"":[]}"
632_0,0.5176471,0.9185442,0.49754903,1,2541,"{""type"":""MultiPoint"",""coordinates"":[]}"
633_0,0.0552009,0.46412557,0.03691941,1,20381,"{""type"":""MultiPoint"",""coordinates"":[]}"
634_0,-0.0033695246,0.62494224,0.06815021,1,16263,"{""type"":""MultiPoint"",""coordinates"":[]}"
635_0,-0.007513417,0.49133536,-0.0072801635,1,24629,"{""type"":""MultiPoint"",""coordinates"":[]}"
636_0,0.80060905,-0.03531613,0.8173006,1,7949,"{""type"":""MultiPoint"",""coordinates"":[]}"
637_0,0.08778775,0.33850417,0.2012945,1,11608,"{""type"":""MultiPoint"",""coordinates"":[]}"
638_0,0.45596686,0.8619175,0.46480966,1,16572,"{""type"":""MultiPoint"",""coordinates"":[]}"
639_0,-0.02304427,0.4347275,-0.036877688,1,9651,"{""type"":""MultiPoint"",""coordinates"":[]}"
640_0,-0.20686767,0.31931165,-0.23474969,1,10254,"{""type"":""MultiPoint"",""coordinates"":[]}"
641_0,-0.14938588,0.35123968,-0.17465927,1,18433,"{""type"":""MultiPoint"",""coordinates"":[]}"
642_0,0.061106525,0.30707395,0.082961224,1,15490,"{""type"":""MultiPoint"",""coordinates"":[]}"
643_0,0.32921588,0.8257036,0.3849287,1,1087,"{""type"":""MultiPoint"",""coordinates"":[]}"
644_0,0.18344201,0.72398394,0.17948718,1,1598,"{""type"":""MultiPoint"",""coordinates"":[]}"
645_0,0.1952471,0.6669528,0.1768595,1,2325,"{""type"":""MultiPoint"",""coordinates"":[]}"
646_0,-0.0035019377,0.4915045,-0.011119267,1,3014,"{""type"":""MultiPoint"",""coordinates"":[]}"
647_0,0.04123982,0.59613526,0.0051282053,1,1347,"{""type"":""MultiPoint"",""coordinates"":[]}"
648_0,0.39729208,0.8088643,0.25585756,1,280,"{""type"":""MultiPoint"",""coordinates"":[]}"
649_0,0.44461778,0.8659553,0.49579376,1,1456,"{""type"":""MultiPoint"",""coordinates"":[]}"
650_0,0.13040139,0.25553098,0.12654321,1,14375,"{""type"":""MultiPoint"",""coordinates"":[]}"
651_0,0.07577808,0.513816,0.051608425,1,3792,"{""type"":""MultiPoint"",""coordinates"":[]}"
652_0,-0.0604053,0.36095417,-0.113111064,1,10347,"{""type"":""MultiPoint"",""coordinates"":[]}"
653_0,-6.076565E-4,0.44071856,-0.07135112,1,11965,"{""type"":""MultiPoint"",""coordinates"":[]}"
654_0,0.023636363,0.56889105,0.011894401,1,7467,"{""type"":""MultiPoint"",""coordinates"":[]}"
655_0,-0.0556391,0.3881547,-0.1396104,1,14431,"{""type"":""MultiPoint"",""coordinates"":[]}"
656_0,-0.038950715,0.4636234,-0.16229436,1,22051,"{""type"":""MultiPoint"",""coordinates"":[]}"
657_0,0.018155927,0.5873016,0.0010865629,1,7650,"{""type"":""MultiPoint"",""coordinates"":[]}"
658_0,-0.0072796936,0.39721447,-0.114219114,1,6362,"{""type"":""MultiPoint"",""coordinates"":[]}"
659_0,-0.11427914,0.28915995,-0.14694552,1,6482,"{""type"":""MultiPoint"",""coordinates"":[]}"
660_0,0.20450161,0.6685083,0.21458535,1,2201,"{""type"":""MultiPoint"",""coordinates"":[]}"
661_0,-0.082004555,0.6103152,-0.2041116,1,13570,"{""type"":""MultiPoint"",""coordinates"":[]}"
662_0,0.25354415,0.67547727,0.22059263,1,19070,"{""type"":""MultiPoint"",""coordinates"":[]}"
663_0,-0.02322495,0.30989012,-0.110447764,1,15759,"{""type"":""MultiPoint"",""coordinates"":[]}"
664_0,0.33996588,0.79937303,0.32831934,1,536,"{""type"":""MultiPoint"",""coordinates"":[]}"
665_0,-0.05699791,0.47027028,-0.15337023,1,4069,"{""type"":""MultiPoint"",""coordinates"":[]}"
666_0,0.45319983,0.8479835,0.46420532,1,24628,"{""type"":""MultiPoint"",""coordinates"":[]}"
667_0,-0.034290686,0.43976945,-0.041074857,1,10462,"{""type"":""MultiPoint"",""coordinates"":[]}"
668_0,-0.12078978,0.41963017,-0.032637775,1,18805,"{""type"":""MultiPoint"",""coordinates"":[]}"
669_0,0.11563323,0.68544996,0.098684214,1,10834,"{""type"":""MultiPoint"",""coordinates"":[]}"
670_0,-0.0244116,0.55194634,-0.030736722,1,24642,"{""type"":""MultiPoint"",""coordinates"":[]}"
671_0,0.49392593,0.8849252,0.42297298,1,34,"{""type"":""MultiPoint"",""coordinates"":[]}"
672_0,-0.062295083,0.39779216,-0.08072048,1,6003,"{""type"":""MultiPoint"",""coordinates"":[]}"
673_0,0.035658915,0.4323251,0.0410197,1,24181,"{""type"":""MultiPoint"",""coordinates"":[]}"
674_0,-0.1826768,0.33704737,-0.23240939,1,9093,"{""type"":""MultiPoint"",""coordinates"":[]}"
675_0,-0.0763638,0.4464146,-0.16550383,1,3169,"{""type"":""MultiPoint"",""coordinates"":[]}"
676_0,-0.031529777,0.40767387,-0.06042417,1,25010,"{""type"":""MultiPoint"",""coordinates"":[]}"
677_0,0.11193722,0.33544877,0.13779746,1,3246,"{""type"":""MultiPoint"",""coordinates"":[]}"
678_0,0.039528023,0.6163265,0.012734991,1,4106,"{""type"":""MultiPoint"",""coordinates"":[]}"
679_0,-0.060888644,0.40109462,-0.07887984,1,8375,"{""type"":""MultiPoint"",""coordinates"":[]}"
680_0,0.12242899,0.550898,0.13480622,1,23662,"{""type"":""MultiPoint"",""coordinates"":[]}"
681_0,0.2135865,0.78173304,0.16714932,1,752,"{""type"":""MultiPoint"",""coordinates"":[]}"
682_0,0.026022833,0.51716167,0.013354477,1,626,"{""type"":""MultiPoint"",""coordinates"":[]}"
683_0,0.26713124,0.7791096,0.26371062,1,9355,"{""type"":""MultiPoint"",""coordinates"":[]}"
684_0,0.041233417,0.30630234,0.030808264,1,17766,"{""type"":""MultiPoint"",""coordinates"":[]}"
685_0,0.022534875,0.43156934,-0.023917995,1,21894,"{""type"":""MultiPoint"",""coordinates"":[]}"
686_0,-0.13307692,0.4647343,-0.3204841,1,14544,"{""type"":""MultiPoint"",""coordinates"":[]}"
687_0,-0.11554146,0.46702558,-0.060749676,1,10354,"{""type"":""MultiPoint"",""coordinates"":[]}"
688_0,0.011560693,0.41966638,0.035522617,1,9525,"{""type"":""MultiPoint"",""coordinates"":[]}"
689_0,0.16165489,0.72037286,0.15586263,1,15911,"{""type"":""MultiPoint"",""coordinates"":[]}"
690_0,-0.06401766,0.51733214,-0.06225895,1,8145,"{""type"":""MultiPoint"",""coordinates"":[]}"
691_0,-0.09813918,0.4563107,-0.06475531,1,5094,"{""type"":""MultiPoint"",""coordinates"":[]}"
692_0,-0.06378927,0.45804197,-0.09303722,1,24223,"{""type"":""MultiPoint"",""coordinates"":[]}"
693_0,0.15931505,0.6756191,0.20374799,1,5601,"{""type"":""MultiPoint"",""coordinates"":[]}"
694_0,-0.15126398,0.42125678,-0.20867209,1,7049,"{""type"":""MultiPoint"",""coordinates"":[]}"
695_0,-0.057101026,0.46748683,-0.06484642,1,11313,"{""type"":""MultiPoint"",""coordinates"":[]}"
696_0,-0.0907964,0.40878224,-0.11242254,1,19287,"{""type"":""MultiPoint"",""coordinates"":[]}"
697_0,0.10456759,0.628909,0.089201875,1,6332,"{""type"":""MultiPoint"",""coordinates"":[]}"
698_0,0.27563027,0.776928,0.2640727,1,12451,"{""type"":""MultiPoint"",""coordinates"":[]}"
699_0,0.16034305,0.09832437,0.20278808,1,5754,"{""type"":""MultiPoint"",""coordinates"":[]}"
700_0,0.08473539,0.62530893,0.025195483,1,1489,"{""type"":""MultiPoint"",""coordinates"":[]}"
701_0,0.1723505,0.67697895,0.20871323,1,17067,"{""type"":""MultiPoint"",""coordinates"":[]}"
702_0,-0.025527004,0.15345983,0.0075916816,1,4851,"{""type"":""MultiPoint"",""coordinates"":[]}"
703_0,-0.039368004,0.18923649,-0.049873654,1,19245,"{""type"":""MultiPoint"",""coordinates"":[]}"
704_0,-0.12347743,0.3912363,-0.16119477,1,20569,"{""type"":""MultiPoint"",""coordinates"":[]}"
705_0,0.11453942,0.11851348,-0.074328,1,10231,"{""type"":""MultiPoint"",""coordinates"":[]}"
706_0,0.08187999,0.6775553,0.051023524,1,3352,"{""type"":""MultiPoint"",""coordinates"":[]}"
707_0,0.15872093,0.58193094,0.10485617,1,9542,"{""type"":""MultiPoint"",""coordinates"":[]}"
708_0,0.08490293,0.74358976,-0.16129032,1,2947,"{""type"":""MultiPoint"",""coordinates"":[]}"
709_0,0.39850026,0.8517379,0.41373008,1,23032,"{""type"":""MultiPoint"",""coordinates"":[]}"
710_0,0.14164704,0.4001586,0.15481421,1,7152,"{""type"":""MultiPoint"",""coordinates"":[]}"
711_0,-0.029964043,0.38088012,-0.14047466,1,9100,"{""type"":""MultiPoint"",""coordinates"":[]}"
712_0,-0.0140280565,0.6443149,0.04918033,1,16671,"{""type"":""MultiPoint"",""coordinates"":[]}"
713_0,0.23237132,0.7743878,0.26285714,1,15377,"{""type"":""MultiPoint"",""coordinates"":[]}"
714_0,-0.103230506,0.35279188,-0.1454832,1,12777,"{""type"":""MultiPoint"",""coordinates"":[]}"
715_0,-0.11944532,0.43777975,-0.035568513,1,3585,"{""type"":""MultiPoint"",""coordinates"":[]}"
716_0,0.34674075,0.9323445,0.41665518,1,4679,"{""type"":""MultiPoint"",""coordinates"":[]}"
717_0,0.0857675,0.44168627,0.045248844,1,13194,"{""type"":""MultiPoint"",""coordinates"":[]}"
718_0,0.07644917,0.6419281,0.14404361,1,1710,"{""type"":""MultiPoint"",""coordinates"":[]}"
719_0,0.03437121,0.42058167,-0.036179837,1,21889,"{""type"":""MultiPoint"",""coordinates"":[]}"
720_0,0.14084919,0.43186182,0.1652916,1,1448,"{""type"":""MultiPoint"",""coordinates"":[]}"
721_0,0.33055788,0.80143887,0.21789883,1,2209,"{""type"":""MultiPoint"",""coordinates"":[]}"
722_0,0.37808496,0.82700276,0.26908717,1,24862,"{""type"":""MultiPoint"",""coordinates"":[]}"
723_0,0.36661404,0.8510609,0.37450513,1,7007,"{""type"":""MultiPoint"",""coordinates"":[]}"
724_0,0.4890625,0.87528867,0.5484363,1,6650,"{""type"":""MultiPoint"",""coordinates"":[]}"
725_0,-0.0494067,0.43280002,-0.11196278,1,3229,"{""type"":""MultiPoint"",""coordinates"":[]}"
726_0,-0.1432668,0.39502355,-0.2079545,1,19780,"{""type"":""MultiPoint"",""coordinates"":[]}"
727_0,0.23107013,0.64141035,0.21326503,1,19649,"{""type"":""MultiPoint"",""coordinates"":[]}"
728_0,-0.13900955,0.41013825,-0.06600534,1,15164,"{""type"":""MultiPoint"",""coordinates"":[]}"
729_0,-0.20168068,0.296343,-0.2095348,1,9147,"{""type"":""MultiPoint"",""coordinates"":[]}"
730_0,-0.057734206,0.41801387,-0.026427062,1,10577,"{""type"":""MultiPoint"",""coordinates"":[]}"
731_0,0.0709409,0.59795535,0.043349963,1,14637,"{""type"":""MultiPoint"",""coordinates"":[]}"
732_0,0.08240081,0.6311337,0.09103215,1,7888,"{""type"":""MultiPoint"",""coordinates"":[]}"
733_0,-0.035233222,0.46504828,-0.07980447,1,5863,"{""type"":""MultiPoint"",""coordinates"":[]}"
734_0,0.23750408,0.7724452,0.25409836,1,7671,"{""type"":""MultiPoint"",""coordinates"":[]}"
735_0,-0.052083332,0.37333333,-0.16004078,1,22607,"{""type"":""MultiPoint"",""coordinates"":[]}"
736_0,0.003894418,0.44574943,0.013129531,1,16975,"{""type"":""MultiPoint"",""coordinates"":[]}"
737_0,-0.14502876,0.35732323,-0.1548207,1,5351,"{""type"":""MultiPoint"",""coordinates"":[]}"
738_0,0.2422467,0.5986234,0.28064325,1,8623,"{""type"":""MultiPoint"",""coordinates"":[]}"
739_0,-0.15826167,0.37990582,-0.18671775,1,22959,"{""type"":""MultiPoint"",""coordinates"":[]}"
740_0,0.13457076,0.7637795,0.09794438,1,12574,"{""type"":""MultiPoint"",""coordinates"":[]}"
741_0,0.119191214,0.65750444,0.12946902,1,12513,"{""type"":""MultiPoint"",""coordinates"":[]}"
742_0,-0.14090672,0.24757305,-0.12882233,1,20861,"{""type"":""MultiPoint"",""coordinates"":[]}"
743_0,-0.042203985,0.39881766,-0.04649794,1,17206,"{""type"":""MultiPoint"",""coordinates"":[]}"
744_0,0.11525103,0.5873288,0.14703196,1,24691,"{""type"":""MultiPoint"",""coordinates"":[]}"
745_0,0.09505872,0.5483871,0.108545035,1,2227,"{""type"":""MultiPoint"",""coordinates"":[]}"
746_0,-0.04021448,0.45454547,-0.14438502,1,13028,"{""type"":""MultiPoint"",""coordinates"":[]}"
747_0,-0.13670099,0.4266719,-0.10727612,1,6798,"{""type"":""MultiPoint"",""coordinates"":[]}"
748_0,0.85479516,-0.009432709,0.8407604,1,16772,"{""type"":""MultiPoint"",""coordinates"":[]}"
749_0,-0.013707263,0.53519017,0.038665358,1,10397,"{""type"":""MultiPoint"",""coordinates"":[]}"
750_0,-0.09897109,0.407354,-0.16136576,1,5290,"{""type"":""MultiPoint"",""coordinates"":[]}"
751_0,-0.08458217,0.37646142,-0.08164327,1,11233,"{""type"":""MultiPoint"",""coordinates"":[]}"
752_0,0.17793344,0.74244887,0.17588028,1,13888,"{""type"":""MultiPoint"",""coordinates"":[]}"
753_0,0.19478785,0.74007934,0.20229653,1,8550,"{""type"":""MultiPoint"",""coordinates"":[]}"
754_0,-0.10587637,0.3477622,-0.17149594,1,25026,"{""type"":""MultiPoint"",""coordinates"":[]}"
755_0,0.114317425,0.34266585,0.19906323,1,17120,"{""type"":""MultiPoint"",""coordinates"":[]}"
756_0,0.30196398,0.74319065,0.2981776,1,24787,"{""type"":""MultiPoint"",""coordinates"":[]}"
757_0,-0.04645006,0.41387755,-0.09627479,1,21109,"{""type"":""MultiPoint"",""coordinates"":[]}"
758_0,-0.06305465,0.2513369,-0.055985153,1,15062,"{""type"":""MultiPoint"",""coordinates"":[]}"
759_0,0.079303674,0.6972477,0.07662464,1,3974,"{""type"":""MultiPoint"",""coordinates"":[]}"
760_0,-0.16228956,0.41781682,-0.25412542,1,5194,"{""type"":""MultiPoint"",""coordinates"":[]}"
761_0,-0.041851945,0.4482309,-0.012815304,1,13172,"{""type"":""MultiPoint"",""coordinates"":[]}"
762_0,0.011653314,0.37118644,0.049168974,1,21170,"{""type"":""MultiPoint"",""coordinates"":[]}"
763_0,0.37682334,0.83314794,0.35248256,1,19007,"{""type"":""MultiPoint"",""coordinates"":[]}"
764_0,0.32265246,0.458075,0.33062497,1,12622,"{""type"":""MultiPoint"",""coordinates"":[]}"
765_0,-0.1493254,0.3458804,-0.21931101,1,22661,"{""type"":""MultiPoint"",""coordinates"":[]}"
766_0,0.18184967,0.6469388,0.17746478,1,17572,"{""type"":""MultiPoint"",""coordinates"":[]}"
767_0,-0.10138249,0.39089108,-0.15304208,1,14986,"{""type"":""MultiPoint"",""coordinates"":[]}"
768_0,-0.13916971,0.2888601,-0.18459332,1,9619,"{""type"":""MultiPoint"",""coordinates"":[]}"
769_0,0.03177784,0.14703766,0.115723565,1,12058,"{""type"":""MultiPoint"",""coordinates"":[]}"
770_0,0.3659615,0.8118467,0.3354735,1,5572,"{""type"":""MultiPoint"",""coordinates"":[]}"
771_0,0.30794924,0.7812269,0.40138498,1,24158,"{""type"":""MultiPoint"",""coordinates"":[]}"
772_0,-0.17918089,0.33561644,-0.1888172,1,8072,"{""type"":""MultiPoint"",""coordinates"":[]}"
773_0,0.38348147,0.8488948,0.38736263,1,10121,"{""type"":""MultiPoint"",""coordinates"":[]}"
774_0,0.11021015,0.36926317,0.1778735,1,5225,"{""type"":""MultiPoint"",""coordinates"":[]}"
775_0,0.04621849,0.19683824,0.010354224,1,16148,"{""type"":""MultiPoint"",""coordinates"":[]}"
776_0,0.049766056,0.4609147,0.04398564,1,17896,"{""type"":""MultiPoint"",""coordinates"":[]}"
777_0,0.045136683,0.050476525,0.13826735,1,4788,"{""type"":""MultiPoint"",""coordinates"":[]}"
778_0,0.07415588,0.650948,0.07298578,1,18929,"{""type"":""MultiPoint"",""coordinates"":[]}"
779_0,0.2891794,0.5934359,0.27837932,1,428,"{""type"":""MultiPoint"",""coordinates"":[]}"
780_0,0.124209315,0.4781048,0.11837916,1,23336,"{""type"":""MultiPoint"",""coordinates"":[]}"
781_0,0.06514008,0.20297313,0.090540886,1,13371,"{""type"":""MultiPoint"",""coordinates"":[]}"
782_0,0.13922633,0.70914793,0.08274894,1,1818,"{""type"":""MultiPoint"",""coordinates"":[]}"
783_0,0.0921522,0.56046814,-0.018339446,1,19372,"{""type"":""MultiPoint"",""coordinates"":[]}"
784_0,0.063579276,0.4881579,-0.102380954,1,852,"{""type"":""MultiPoint"",""coordinates"":[]}"
785_0,-0.08453922,0.44108889,-0.118910424,1,11327,"{""type"":""MultiPoint"",""coordinates"":[]}"
786_0,-0.05714547,0.36113858,-0.03245584,1,24895,"{""type"":""MultiPoint"",""coordinates"":[]}"
787_0,0.13050707,0.17698683,0.08202698,1,6930,"{""type"":""MultiPoint"",""coordinates"":[]}"
788_0,-0.058569502,0.4365942,-0.1138881,1,18098,"{""type"":""MultiPoint"",""coordinates"":[]}"
789_0,0.4007353,0.8680688,0.3343419,1,18980,"{""type"":""MultiPoint"",""coordinates"":[]}"
790_0,-0.16390042,0.38007116,-0.18185654,1,5780,"{""type"":""MultiPoint"",""coordinates"":[]}"
791_0,0.34181726,0.7814727,0.38266888,1,16066,"{""type"":""MultiPoint"",""coordinates"":[]}"
792_0,-0.04612979,0.36734694,-0.050817236,1,21805,"{""type"":""MultiPoint"",""coordinates"":[]}"
793_0,0.01495564,0.5623651,-0.067726895,1,20019,"{""type"":""MultiPoint"",""coordinates"":[]}"
794_0,-0.11149396,0.37391764,-0.106448956,1,2308,"{""type"":""MultiPoint"",""coordinates"":[]}"
795_0,0.10472955,0.29359674,0.117975816,1,23766,"{""type"":""MultiPoint"",""coordinates"":[]}"
796_0,-0.17375372,0.42813793,-0.100808315,1,11852,"{""type"":""MultiPoint"",""coordinates"":[]}"
797_0,-0.0754841,0.47556174,-0.112782165,1,19138,"{""type"":""MultiPoint"",""coordinates"":[]}"
798_0,-0.18538812,0.42058343,-0.2336497,1,20845,"{""type"":""MultiPoint"",""coordinates"":[]}"
799_0,-0.16480447,0.3881044,-0.1731387,1,3398,"{""type"":""MultiPoint"",""coordinates"":[]}"
800_0,0.018215498,0.48475474,0.004071406,1,23958,"{""type"":""MultiPoint"",""coordinates"":[]}"
801_0,0.2262069,0.6489071,0.2975311,1,150,"{""type"":""MultiPoint"",""coordinates"":[]}"
802_0,0.026169706,0.6638856,0.034992605,1,8407,"{""type"":""MultiPoint"",""coordinates"":[]}"
803_0,0.02109403,0.39753085,-0.037087444,1,2740,"{""type"":""MultiPoint"",""coordinates"":[]}"
804_0,-0.0057030483,0.4868603,-0.08646696,1,17954,"{""type"":""MultiPoint"",""coordinates"":[]}"
805_0,0.3041449,0.46100408,0.33996907,1,17419,"{""type"":""MultiPoint"",""coordinates"":[]}"
806_0,0.07400521,0.49147922,0.06470755,1,283,"{""type"":""MultiPoint"",""coordinates"":[]}"
807_0,0.048869032,0.33068362,0.059765354,1,13377,"{""type"":""MultiPoint"",""coordinates"":[]}"
808_0,0.09195623,0.08192458,0.16769312,1,6562,"{""type"":""MultiPoint"",""coordinates"":[]}"
809_0,-0.09337861,0.40674955,-0.09897611,1,10815,"{""type"":""MultiPoint"",""coordinates"":[]}"
810_0,0.1847181,0.83614177,0.17954461,1,10836,"{""type"":""MultiPoint"",""coordinates"":[]}"
811_0,0.07015858,0.25703564,0.019011406,1,17465,"{""type"":""MultiPoint"",""coordinates"":[]}"
812_0,-0.12300566,0.46609443,-0.16271374,1,7581,"{""type"":""MultiPoint"",""coordinates"":[]}"
813_0,-0.119408004,0.42023346,-0.31906486,1,13120,"{""type"":""MultiPoint"",""coordinates"":[]}"
814_0,0.14560822,0.49092773,0.08577356,1,14829,"{""type"":""MultiPoint"",""coordinates"":[]}"
815_0,0.22955887,0.77883697,0.1941497,1,674,"{""type"":""MultiPoint"",""coordinates"":[]}"
816_0,-0.10408163,0.41235393,-0.14014752,1,22272,"{""type"":""MultiPoint"",""coordinates"":[]}"
817_0,0.20226473,0.70102185,0.13222736,1,25150,"{""type"":""MultiPoint"",""coordinates"":[]}"
818_0,0.04428988,0.5033446,0.047274288,1,23100,"{""type"":""MultiPoint"",""coordinates"":[]}"
819_0,0.06371059,0.61192346,0.011389614,1,4955,"{""type"":""MultiPoint"",""coordinates"":[]}"
820_0,-0.07998937,0.5954238,-0.19748889,1,1972,"{""type"":""MultiPoint"",""coordinates"":[]}"
821_0,0.056267805,0.59217304,0.076976664,1,23324,"{""type"":""MultiPoint"",""coordinates"":[]}"
822_0,-0.12856664,0.4625446,-0.18882602,1,11121,"{""type"":""MultiPoint"",""coordinates"":[]}"
823_0,0.37157106,0.7973388,0.47439128,1,7911,"{""type"":""MultiPoint"",""coordinates"":[]}"
824_0,-0.15232219,0.3626943,-0.1693644,1,9928,"{""type"":""MultiPoint"",""coordinates"":[]}"
825_0,0.03505843,0.5851703,0.024637192,1,17036,"{""type"":""MultiPoint"",""coordinates"":[]}"
826_0,-0.1592911,0.3076412,-0.19023752,1,23312,"{""type"":""MultiPoint"",""coordinates"":[]}"
827_0,0.18182594,0.4915825,0.18679179,1,14752,"{""type"":""MultiPoint"",""coordinates"":[]}"
828_0,0.066082805,0.73354566,0.08715954,1,7318,"{""type"":""MultiPoint"",""coordinates"":[]}"
829_0,-0.031438127,0.44354838,-0.10375521,1,11191,"{""type"":""MultiPoint"",""coordinates"":[]}"
830_0,-0.051780753,0.3979154,-0.058670145,1,11266,"{""type"":""MultiPoint"",""coordinates"":[]}"
831_0,-0.051459294,0.45010614,-0.09083665,1,4771,"{""type"":""MultiPoint"",""coordinates"":[]}"
832_0,0.20199256,0.7143827,0.19949071,1,2937,"{""type"":""MultiPoint"",""coordinates"":[]}"
833_0,0.14565827,0.19626169,0.17995007,1,12776,"{""type"":""MultiPoint"",""coordinates"":[]}"
834_0,0.17130621,0.5,0.19697686,1,24169,"{""type"":""MultiPoint"",""coordinates"":[]}"
835_0,0.35976383,0.8333852,0.37989616,1,18015,"{""type"":""MultiPoint"",""coordinates"":[]}"
836_0,0.2034401,0.7928073,0.1085297,1,7558,"{""type"":""MultiPoint"",""coordinates"":[]}"
837_0,-0.07751639,0.43595263,-0.081267215,1,10444,"{""type"":""MultiPoint"",""coordinates"":[]}"
838_0,-0.010284332,0.56926405,-0.049803406,1,7834,"{""type"":""MultiPoint"",""coordinates"":[]}"
839_0,0.048277054,0.35289803,0.06558798,1,23505,"{""type"":""MultiPoint"",""coordinates"":[]}"
840_0,0.37054566,0.8583593,0.3675124,1,21600,"{""type"":""MultiPoint"",""coordinates"":[]}"
841_0,0.17625093,0.67801857,0.020715632,1,19073,"{""type"":""MultiPoint"",""coordinates"":[]}"
842_0,-0.061831705,0.26016712,-0.079905435,1,21994,"{""type"":""MultiPoint"",""coordinates"":[]}"
843_0,0.33112982,0.80775446,0.34239292,1,23166,"{""type"":""MultiPoint"",""coordinates"":[]}"
844_0,-0.064914376,0.44064027,-0.118329465,1,4416,"{""type"":""MultiPoint"",""coordinates"":[]}"
845_0,0.056749586,0.5570339,0.025911396,1,22023,"{""type"":""MultiPoint"",""coordinates"":[]}"
846_0,0.36713848,0.7727205,0.21706922,1,2898,"{""type"":""MultiPoint"",""coordinates"":[]}"
847_0,-0.109297834,0.41164455,-0.2774139,1,6494,"{""type"":""MultiPoint"",""coordinates"":[]}"
848_0,0.28466064,0.73157406,0.26785985,1,21027,"{""type"":""MultiPoint"",""coordinates"":[]}"
849_0,0.23964383,0.71240395,0.112917796,1,8799,"{""type"":""MultiPoint"",""coordinates"":[]}"
850_0,-0.02189781,0.39749372,-0.0021474587,1,10438,"{""type"":""MultiPoint"",""coordinates"":[]}"
851_0,-0.0038179148,0.63736266,-0.08267342,1,11937,"{""type"":""MultiPoint"",""coordinates"":[]}"
852_0,-0.20323451,0.28137177,-0.21172638,1,6418,"{""type"":""MultiPoint"",""coordinates"":[]}"
853_0,0.11477489,0.36719286,0.10443931,1,8858,"{""type"":""MultiPoint"",""coordinates"":[]}"
854_0,-0.09708427,0.381725,-0.10386767,1,5405,"{""type"":""MultiPoint"",""coordinates"":[]}"
855_0,0.38963032,0.8218127,0.29673848,1,18194,"{""type"":""MultiPoint"",""coordinates"":[]}"
856_0,0.088607594,0.5843271,0.16870877,1,15165,"{""type"":""MultiPoint"",""coordinates"":[]}"
857_0,-0.20453809,0.4367954,-0.2156311,1,5512,"{""type"":""MultiPoint"",""coordinates"":[]}"
858_0,-0.14057143,0.3849287,-0.1550926,1,6808,"{""type"":""MultiPoint"",""coordinates"":[]}"
859_0,-0.15548702,0.35930339,-0.24892378,1,15461,"{""type"":""MultiPoint"",""coordinates"":[]}"
860_0,0.22113606,0.6910259,0.2396053,1,23779,"{""type"":""MultiPoint"",""coordinates"":[]}"
861_0,-0.0715688,0.2778865,-0.04946688,1,13486,"{""type"":""MultiPoint"",""coordinates"":[]}"
862_0,-0.12893796,0.40152672,-0.14191853,1,11188,"{""type"":""MultiPoint"",""coordinates"":[]}"
863_0,-0.08308187,0.2585608,-0.036840107,1,9296,"{""type"":""MultiPoint"",""coordinates"":[]}"
864_0,0.33759773,0.0127423825,0.34041047,1,7733,"{""type"":""MultiPoint"",""coordinates"":[]}"
865_0,-0.17533316,0.3667502,-0.19655254,1,23539,"{""type"":""MultiPoint"",""coordinates"":[]}"
866_0,-0.030887185,0.30026665,-0.04279186,1,11606,"{""type"":""MultiPoint"",""coordinates"":[]}"
867_0,0.017285967,0.07993292,0.068366595,1,9570,"{""type"":""MultiPoint"",""coordinates"":[]}"
868_0,-0.0545657,0.451339,-0.10995393,1,14704,"{""type"":""MultiPoint"",""coordinates"":[]}"
869_0,-0.016980436,0.29745203,0.09716533,1,10243,"{""type"":""MultiPoint"",""coordinates"":[]}"
870_0,-0.06227758,0.55942947,-0.09641873,1,18513,"{""type"":""MultiPoint"",""coordinates"":[]}"
871_0,0.4654378,0.8337643,0.47856155,1,4740,"{""type"":""MultiPoint"",""coordinates"":[]}"
872_0,0.07020548,0.5137286,0.07731521,1,1684,"{""type"":""MultiPoint"",""coordinates"":[]}"
873_0,0.14670815,0.6735294,0.16063233,1,259,"{""type"":""MultiPoint"",""coordinates"":[]}"
874_0,-0.169629,0.3132763,-0.19736843,1,15492,"{""type"":""MultiPoint"",""coordinates"":[]}"
875_0,-0.08507417,0.4516581,-0.13705584,1,17173,"{""type"":""MultiPoint"",""coordinates"":[]}"
876_0,-0.06609948,0.34629533,-0.13779831,1,17978,"{""type"":""MultiPoint"",""coordinates"":[]}"
877_0,-0.07319438,0.325008,-0.033854775,1,4140,"{""type"":""MultiPoint"",""coordinates"":[]}"
878_0,0.15342529,0.07803887,0.16449921,1,9565,"{""type"":""MultiPoint"",""coordinates"":[]}"
879_0,0.41064402,0.8644576,0.47165325,1,2647,"{""type"":""MultiPoint"",""coordinates"":[]}"
880_0,-0.006761652,0.5040931,-0.023557521,1,23732,"{""type"":""MultiPoint"",""coordinates"":[]}"
881_0,0.050680652,0.574434,0.040599972,1,20151,"{""type"":""MultiPoint"",""coordinates"":[]}"
882_0,-0.1582003,0.3101197,-0.18097252,1,15531,"{""type"":""MultiPoint"",""coordinates"":[]}"
883_0,-0.18682423,0.34110263,-0.21869352,1,9561,"{""type"":""MultiPoint"",""coordinates"":[]}"
884_0,0.11532386,0.6699187,0.11016949,1,24436,"{""type"":""MultiPoint"",""coordinates"":[]}"
885_0,0.25146198,0.7740249,0.27566692,1,75,"{""type"":""MultiPoint"",""coordinates"":[]}"
886_0,0.8894619,-0.031746686,0.9193126,1,15426,"{""type"":""MultiPoint"",""coordinates"":[]}"
887_0,0.35377195,0.8445359,0.371701,1,19585,"{""type"":""MultiPoint"",""coordinates"":[]}"
888_0,-0.076084375,0.44909552,-0.07323556,1,24672,"{""type"":""MultiPoint"",""coordinates"":[]}"
889_0,0.12328767,0.61865973,0.11651584,1,12608,"{""type"":""MultiPoint"",""coordinates"":[]}"
890_0,0.028350515,0.4043261,-0.005065316,1,24706,"{""type"":""MultiPoint"",""coordinates"":[]}"
891_0,0.15312728,0.5987581,0.1262727,1,20135,"{""type"":""MultiPoint"",""coordinates"":[]}"
892_0,-0.17833364,0.28862163,-0.18053529,1,15809,"{""type"":""MultiPoint"",""coordinates"":[]}"
893_0,-0.06682471,0.18660091,-0.109912135,1,3710,"{""type"":""MultiPoint"",""coordinates"":[]}"
894_0,-0.017196905,0.56343794,-0.0132762315,1,8887,"{""type"":""MultiPoint"",""coordinates"":[]}"
895_0,-0.1513396,0.30408242,-0.21281464,1,14095,"{""type"":""MultiPoint"",""coordinates"":[]}"
896_0,-0.015408723,0.6056338,0.05527211,1,16568,"{""type"":""MultiPoint"",""coordinates"":[]}"
897_0,-0.08457472,0.4464555,-0.081197605,1,11547,"{""type"":""MultiPoint"",""coordinates"":[]}"
898_0,-0.0817873,0.40353835,-0.09950249,1,21188,"{""type"":""MultiPoint"",""coordinates"":[]}"
899_0,0.23921369,0.73003936,0.23707117,1,23536,"{""type"":""MultiPoint"",""coordinates"":[]}"
900_0,-0.054846592,0.5251691,-0.05327369,1,11799,"{""type"":""MultiPoint"",""coordinates"":[]}"
901_0,0.27122498,0.77623475,0.2601757,1,9276,"{""type"":""MultiPoint"",""coordinates"":[]}"
902_0,0.21197917,0.7741835,0.22090517,1,1530,"{""type"":""MultiPoint"",""coordinates"":[]}"
903_0,0.04111322,0.5147118,0.06640182,1,3704,"{""type"":""MultiPoint"",""coordinates"":[]}"
904_0,-0.014285265,0.19014515,-0.09130582,1,10765,"{""type"":""MultiPoint"",""coordinates"":[]}"
905_0,-0.09899087,0.35418236,-0.13916168,1,12802,"{""type"":""MultiPoint"",""coordinates"":[]}"
906_0,-0.050830536,0.56351066,-0.0502797,1,12092,"{""type"":""MultiPoint"",""coordinates"":[]}"
907_0,-0.050201964,0.32743362,-0.10202846,1,19248,"{""type"":""MultiPoint"",""coordinates"":[]}"
908_0,-0.16380656,0.28388906,-0.15642916,1,9012,"{""type"":""MultiPoint"",""coordinates"":[]}"
909_0,0.059498955,0.36448598,0.02699784,1,13586,"{""type"":""MultiPoint"",""coordinates"":[]}"
910_0,0.035443038,0.35723773,0.12814645,1,15648,"{""type"":""MultiPoint"",""coordinates"":[]}"
911_0,0.0146818925,0.53246754,-0.027935991,1,8426,"{""type"":""MultiPoint"",""coordinates"":[]}"
912_0,-0.13178913,0.43272728,0.053123955,1,20004,"{""type"":""MultiPoint"",""coordinates"":[]}"
913_0,-0.007964161,0.64278406,0.06256206,1,16992,"{""type"":""MultiPoint"",""coordinates"":[]}"
914_0,0.009877978,0.60777056,-0.008284024,1,99,"{""type"":""MultiPoint"",""coordinates"":[]}"
915_0,0.20383562,0.7334794,0.19790229,1,23182,"{""type"":""MultiPoint"",""coordinates"":[]}"
916_0,0.09566397,0.3868687,-0.023817988,1,10224,"{""type"":""MultiPoint"",""coordinates"":[]}"
917_0,0.09461664,0.24114507,0.12477824,1,15618,"{""type"":""MultiPoint"",""coordinates"":[]}"
918_0,0.10306129,0.2081142,0.12071389,1,8903,"{""type"":""MultiPoint"",""coordinates"":[]}"
919_0,0.30618602,0.7572169,0.30762875,1,10154,"{""type"":""MultiPoint"",""coordinates"":[]}"
920_0,-0.08307661,0.49492753,-0.036003172,1,17626,"{""type"":""MultiPoint"",""coordinates"":[]}"
921_0,0.34293687,0.6230272,0.26680082,1,4438,"{""type"":""MultiPoint"",""coordinates"":[]}"
922_0,-0.21624506,0.34792313,-0.23664047,1,3541,"{""type"":""MultiPoint"",""coordinates"":[]}"
923_0,-0.1256656,0.39311448,-0.12148541,1,12319,"{""type"":""MultiPoint"",""coordinates"":[]}"
924_0,-0.031195566,0.3611473,-0.06702413,1,14103,"{""type"":""MultiPoint"",""coordinates"":[]}"
925_0,-0.16048887,0.3300371,-0.19013524,1,4982,"{""type"":""MultiPoint"",""coordinates"":[]}"
926_0,0.4006099,0.80289036,0.4639053,1,1246,"{""type"":""MultiPoint"",""coordinates"":[]}"
927_0,0.08782568,0.22825702,0.13773957,1,18424,"{""type"":""MultiPoint"",""coordinates"":[]}"
928_0,0.2400607,0.75371903,0.22832645,1,9201,"{""type"":""MultiPoint"",""coordinates"":[]}"
929_0,0.27857143,0.74075806,0.34815347,1,10907,"{""type"":""MultiPoint"",""coordinates"":[]}"
930_0,0.15431082,0.6945892,0.18730694,1,12551,"{""type"":""MultiPoint"",""coordinates"":[]}"
931_0,0.35131416,0.79947823,0.30661988,1,2166,"{""type"":""MultiPoint"",""coordinates"":[]}"
932_0,0.09943906,0.53511834,0.09528688,1,2864,"{""type"":""MultiPoint"",""coordinates"":[]}"
933_0,0.0031259453,0.61897916,0.011452953,1,501,"{""type"":""MultiPoint"",""coordinates"":[]}"
934_0,-0.056627255,0.43734843,-0.027877055,1,21327,"{""type"":""MultiPoint"",""coordinates"":[]}"
935_0,-0.047714517,0.46461537,-0.060654856,1,3047,"{""type"":""MultiPoint"",""coordinates"":[]}"
936_0,0.26995337,0.42178807,0.2789793,1,2726,"{""type"":""MultiPoint"",""coordinates"":[]}"
937_0,0.076959506,0.30734423,0.017393496,1,13561,"{""type"":""MultiPoint"",""coordinates"":[]}"
938_0,-0.22550544,0.553696,-0.21155235,1,21474,"{""type"":""MultiPoint"",""coordinates"":[]}"
939_0,-0.13076341,0.36624205,-0.118644066,1,5245,"{""type"":""MultiPoint"",""coordinates"":[]}"
940_0,0.2707775,0.7276205,0.24820343,1,10908,"{""type"":""MultiPoint"",""coordinates"":[]}"
941_0,0.07833655,0.6255091,0.10058038,1,12527,"{""type"":""MultiPoint"",""coordinates"":[]}"
942_0,0.11467236,0.8110749,0.026851099,1,2884,"{""type"":""MultiPoint"",""coordinates"":[]}"
943_0,-0.038770054,0.46688208,-0.10152621,1,15843,"{""type"":""MultiPoint"",""coordinates"":[]}"
944_0,0.3015604,0.74091625,0.34675473,1,5359,"{""type"":""MultiPoint"",""coordinates"":[]}"
945_0,0.049832027,0.4249019,0.020439448,1,16900,"{""type"":""MultiPoint"",""coordinates"":[]}"
946_0,0.04523846,0.08085604,0.06873084,1,6480,"{""type"":""MultiPoint"",""coordinates"":[]}"
947_0,-0.016286645,0.47817653,-0.009345794,1,9332,"{""type"":""MultiPoint"",""coordinates"":[]}"
948_0,0.031000886,0.6551415,0.04330597,1,346,"{""type"":""MultiPoint"",""coordinates"":[]}"
949_0,0.2296467,0.5122684,0.20175089,1,21445,"{""type"":""MultiPoint"",""coordinates"":[]}"
950_0,0.30512434,0.80126464,0.31626374,1,23047,"{""type"":""MultiPoint"",""coordinates"":[]}"
951_0,-0.026903974,0.4116829,-0.06396321,1,21914,"{""type"":""MultiPoint"",""coordinates"":[]}"
952_0,-0.15726496,0.21589689,0.14014962,1,8958,"{""type"":""MultiPoint"",""coordinates"":[]}"
953_0,0.8749727,-0.033093363,0.8761234,1,22513,"{""type"":""MultiPoint"",""coordinates"":[]}"
954_0,0.17169674,0.60802835,0.17614658,1,250,"{""type"":""MultiPoint"",""coordinates"":[]}"
955_0,0.06683534,0.46316463,0.030236635,1,22088,"{""type"":""MultiPoint"",""coordinates"":[]}"
956_0,0.20177639,0.53866035,0.24903966,1,6354,"{""type"":""MultiPoint"",""coordinates"":[]}"
957_0,0.10063583,0.4993895,0.11573952,1,18638,"{""type"":""MultiPoint"",""coordinates"":[]}"
958_0,0.15481651,0.060505867,0.22800279,1,5676,"{""type"":""MultiPoint"",""coordinates"":[]}"
959_0,-0.12149533,0.51822054,-0.13807769,1,17244,"{""type"":""MultiPoint"",""coordinates"":[]}"
960_0,-0.19946453,0.31409168,-0.24173465,1,12795,"{""type"":""MultiPoint"",""coordinates"":[]}"
961_0,0.22933784,0.73505455,0.26763922,1,2434,"{""type"":""MultiPoint"",""coordinates"":[]}"
962_0,0.032258064,0.6096096,0.002214489,1,16518,"{""type"":""MultiPoint"",""coordinates"":[]}"
963_0,0.037272464,0.33895922,0.06666667,1,6526,"{""type"":""MultiPoint"",""coordinates"":[]}"
964_0,0.031093359,0.589034,0.058558673,1,12864,"{""type"":""MultiPoint"",""coordinates"":[]}"
965_0,0.27287853,0.7861635,0.3259053,1,19953,"{""type"":""MultiPoint"",""coordinates"":[]}"
966_0,0.2972523,0.76754385,0.31270358,1,4104,"{""type"":""MultiPoint"",""coordinates"":[]}"
967_0,0.0042421906,0.4861945,-0.01037037,1,8582,"{""type"":""MultiPoint"",""coordinates"":[]}"
968_0,0.1211499,0.627725,0.14721486,1,7117,"{""type"":""MultiPoint"",""coordinates"":[]}"
969_0,0.2570547,0.8059863,0.19551206,1,14661,"{""type"":""MultiPoint"",""coordinates"":[]}"
970_0,-0.0221683,0.2833516,-0.0412504,1,12657,"{""type"":""MultiPoint"",""coordinates"":[]}"
971_0,-0.02910516,0.52307314,-0.06249852,1,24076,"{""type"":""MultiPoint"",""coordinates"":[]}"
972_0,0.20780712,0.8054162,0.13207547,1,18348,"{""type"":""MultiPoint"",""coordinates"":[]}"
973_0,-0.12687083,0.37194434,-0.13365763,1,15602,"{""type"":""MultiPoint"",""coordinates"":[]}"
974_0,0.23433203,0.7464842,0.22473344,1,22363,"{""type"":""MultiPoint"",""coordinates"":[]}"
975_0,-0.025013028,0.42396906,-0.02776285,1,5673,"{""type"":""MultiPoint"",""coordinates"":[]}"
976_0,-0.24579561,0.3000723,-0.31053886,1,14216,"{""type"":""MultiPoint"",""coordinates"":[]}"
977_0,-0.05753596,0.3018142,-0.14375491,1,4569,"{""type"":""MultiPoint"",""coordinates"":[]}"
978_0,-0.18181819,0.35956284,-0.26452342,1,13244,"{""type"":""MultiPoint"",""coordinates"":[]}"
979_0,-0.09317397,0.3863968,-0.16166279,1,6977,"{""type"":""MultiPoint"",""coordinates"":[]}"
980_0,0.33481294,0.7300522,0.37726328,1,15900,"{""type"":""MultiPoint"",""coordinates"":[]}"
981_0,0.08748855,0.6717637,0.02142789,1,14584,"{""type"":""MultiPoint"",""coordinates"":[]}"
982_0,0.016133443,0.37839544,-0.007279345,1,2463,"{""type"":""MultiPoint"",""coordinates"":[]}"
983_0,0.12697817,0.5214317,0.14268605,1,2061,"{""type"":""MultiPoint"",""coordinates"":[]}"
984_0,0.024932116,0.6549828,0.12282289,1,20968,"{""type"":""MultiPoint"",""coordinates"":[]}"
985_0,0.22317597,0.7863248,0.11690047,1,18379,"{""type"":""MultiPoint"",""coordinates"":[]}"
986_0,-0.0052872123,0.5400314,0.0055282554,1,16132,"{""type"":""MultiPoint"",""coordinates"":[]}"
987_0,-0.05895398,0.4523376,-0.08997527,1,3393,"{""type"":""MultiPoint"",""coordinates"":[]}"
988_0,0.0,0.52869564,0.040362813,1,22058,"{""type"":""MultiPoint"",""coordinates"":[]}"
989_0,-0.14608523,0.30278128,-0.20083074,1,12257,"{""type"":""MultiPoint"",""coordinates"":[]}"
990_0,0.3325,0.83564013,0.29101872,1,24539,"{""type"":""MultiPoint"",""coordinates"":[]}"
991_0,0.056829512,0.52205884,0.040201005,1,12543,"{""type"":""MultiPoint"",""coordinates"":[]}"
992_0,-0.11064863,0.43480694,-0.1124574,1,13825,"{""type"":""MultiPoint"",""coordinates"":[]}"
993_0,-0.083333336,0.42784294,-0.061039414,1,12346,"{""type"":""MultiPoint"",""coordinates"":[]}"
994_0,-0.12026542,0.43283582,-0.12057522,1,18158,"{""type"":""MultiPoint"",""coordinates"":[]}"
995_0,-0.12176925,0.3840909,-0.11121302,1,19844,"{""type"":""MultiPoint"",""coordinates"":[]}"
996_0,-0.07820102,0.42133996,-0.13659,1,17810,"{""type"":""MultiPoint"",""coordinates"":[]}"
997_0,0.07396546,0.4112076,0.048543688,1,3382,"{""type"":""MultiPoint"",""coordinates"":[]}"
998_0,-0.11904762,0.33890614,-0.1522432,1,21036,"{""type"":""MultiPoint"",""coordinates"":[]}"
999_0,0.2512563,0.7398721,0.22574322,1,24516,"{""type"":""MultiPoint"",""coordinates"":[]}"
1000_0,0.148,0.5337423,0.16578484,1,2981,"{""type"":""MultiPoint"",""coordinates"":[]}"
1001_0,-0.064642765,0.42324474,-0.07847296,1,24826,"{""type"":""MultiPoint"",""coordinates"":[]}"
1002_0,0.06995164,0.57974106,0.080872,1,25165,"{""type"":""MultiPoint"",""coordinates"":[]}"
1003_0,-0.015618844,0.24962206,0.034034424,1,13222,"{""type"":""MultiPoint"",""coordinates"":[]}"
1004_0,0.0045194337,0.48998177,-0.15335327,1,7974,"{""type"":""MultiPoint"",""coordinates"":[]}"
1005_0,0.3470982,0.7844523,0.36825055,1,1227,"{""type"":""MultiPoint"",""coordinates"":[]}"
1006_0,-0.1183432,0.42061856,-0.10490419,1,16491,"{""type"":""MultiPoint"",""coordinates"":[]}"
1007_0,0.07719928,0.60262007,0.042321,1,24430,"{""type"":""MultiPoint"",""coordinates"":[]}"
1008_0,0.0014340344,0.04995618,0.019478995,1,4794,"{""type"":""MultiPoint"",""coordinates"":[]}"
1009_0,-0.060799073,0.68988764,-0.3245509,1,1834,"{""type"":""MultiPoint"",""coordinates"":[]}"
1010_0,0.11910927,0.65178573,0.066458985,1,25376,"{""type"":""MultiPoint"",""coordinates"":[]}"
1011_0,-0.06238236,0.3691443,-0.04427118,1,13818,"{""type"":""MultiPoint"",""coordinates"":[]}"
1012_0,0.23754549,0.751158,0.21083741,1,11423,"{""type"":""MultiPoint"",""coordinates"":[]}"
1013_0,-0.032326072,0.5034619,-0.014152572,1,22932,"{""type"":""MultiPoint"",""coordinates"":[]}"
1014_0,0.09641473,0.612749,0.040884547,1,1202,"{""type"":""MultiPoint"",""coordinates"":[]}"
1015_0,-0.06570605,0.40747178,-0.053578414,1,4384,"{""type"":""MultiPoint"",""coordinates"":[]}"
1016_0,0.016599886,0.6801505,0.18199867,1,1815,"{""type"":""MultiPoint"",""coordinates"":[]}"
1017_0,0.3602585,0.8323311,0.34707338,1,22631,"{""type"":""MultiPoint"",""coordinates"":[]}"
1018_0,0.32796526,0.71393895,0.39294833,1,19512,"{""type"":""MultiPoint"",""coordinates"":[]}"
1019_0,0.39253217,0.8097166,0.40787402,1,19693,"{""type"":""MultiPoint"",""coordinates"":[]}"
1020_0,0.033299286,0.6086632,0.02425107,1,1603,"{""type"":""MultiPoint"",""coordinates"":[]}"
1021_0,-0.0091743115,0.43984962,-0.11937098,1,17172,"{""type"":""MultiPoint"",""coordinates"":[]}"
1022_0,0.21359,0.7408984,0.21309759,1,1569,"{""type"":""MultiPoint"",""coordinates"":[]}"
1023_0,0.10106844,0.37936988,0.17786874,1,23381,"{""type"":""MultiPoint"",""coordinates"":[]}"
1024_0,0.12230216,0.63852924,0.113464445,1,10810,"{""type"":""MultiPoint"",""coordinates"":[]}"
1025_0,0.031399146,0.37458193,-0.019027485,1,15726,"{""type"":""MultiPoint"",""coordinates"":[]}"
1026_0,-0.04229134,0.34444445,-0.03350344,1,12320,"{""type"":""MultiPoint"",""coordinates"":[]}"
1027_0,-0.090440385,0.43095955,-0.10419839,1,21982,"{""type"":""MultiPoint"",""coordinates"":[]}"
1028_0,-0.17377192,0.28902438,-0.19814447,1,5742,"{""type"":""MultiPoint"",""coordinates"":[]}"
1029_0,0.30524153,0.78249335,0.13036165,1,3589,"{""type"":""MultiPoint"",""coordinates"":[]}"
1030_0,-0.102276005,0.44875622,-0.1328015,1,20946,"{""type"":""MultiPoint"",""coordinates"":[]}"
1031_0,-0.15774028,0.31578946,-0.07811432,1,18928,"{""type"":""MultiPoint"",""coordinates"":[]}"
1032_0,0.3481953,0.80222106,0.34649912,1,14734,"{""type"":""MultiPoint"",""coordinates"":[]}"
1033_0,0.1763456,0.60146827,0.13531598,1,2751,"{""type"":""MultiPoint"",""coordinates"":[]}"
1034_0,0.2979798,0.84020185,0.30885246,1,18362,"{""type"":""MultiPoint"",""coordinates"":[]}"
1035_0,0.20063694,0.6779521,0.21077067,1,3286,"{""type"":""MultiPoint"",""coordinates"":[]}"
1036_0,0.26398948,0.7683824,0.28970775,1,516,"{""type"":""MultiPoint"",""coordinates"":[]}"
1037_0,-0.15142915,0.3779029,-0.28072155,1,6672,"{""type"":""MultiPoint"",""coordinates"":[]}"
1038_0,-0.15825595,0.37236702,-0.19268343,1,23655,"{""type"":""MultiPoint"",""coordinates"":[]}"
1039_0,-0.1726413,0.35178933,-0.15079534,1,6039,"{""type"":""MultiPoint"",""coordinates"":[]}"
1040_0,0.038236618,0.025995392,0.12129463,1,17443,"{""type"":""MultiPoint"",""coordinates"":[]}"
1041_0,-0.041688938,0.42415842,-0.02795488,1,22273,"{""type"":""MultiPoint"",""coordinates"":[]}"
1042_0,-0.10746103,0.40906608,-0.21317475,1,21913,"{""type"":""MultiPoint"",""coordinates"":[]}"
1043_0,-0.15858905,0.38209817,-0.16898148,1,25069,"{""type"":""MultiPoint"",""coordinates"":[]}"
1044_0,-0.086410634,0.39096463,-0.11141119,1,7417,"{""type"":""MultiPoint"",""coordinates"":[]}"
1045_0,0.07257936,0.15636571,0.0427266,1,23320,"{""type"":""MultiPoint"",""coordinates"":[]}"
1046_0,0.20543109,0.6236048,0.1974104,1,8279,"{""type"":""MultiPoint"",""coordinates"":[]}"
1047_0,0.18721136,0.6058528,0.1875,1,1475,"{""type"":""MultiPoint"",""coordinates"":[]}"
1048_0,0.3353632,0.51781654,0.36280233,1,8213,"{""type"":""MultiPoint"",""coordinates"":[]}"
1049_0,0.0730659,0.5518454,0.05782313,1,23621,"{""type"":""MultiPoint"",""coordinates"":[]}"
1050_0,0.27298453,0.43388593,0.2533375,1,15419,"{""type"":""MultiPoint"",""coordinates"":[]}"
1051_0,-0.0064864866,0.31663457,0.020154268,1,5826,"{""type"":""MultiPoint"",""coordinates"":[]}"
1052_0,0.059022702,0.35557133,-0.039397452,1,13581,"{""type"":""MultiPoint"",""coordinates"":[]}"
1053_0,-0.24580306,0.32223544,-0.28215158,1,8395,"{""type"":""MultiPoint"",""coordinates"":[]}"
1054_0,-0.08752835,0.33154762,-0.041970022,1,12099,"{""type"":""MultiPoint"",""coordinates"":[]}"
1055_0,0.26152253,0.7661006,0.2859289,1,15236,"{""type"":""MultiPoint"",""coordinates"":[]}"
1056_0,0.2955368,0.019607844,0.25383306,1,18209,"{""type"":""MultiPoint"",""coordinates"":[]}"
1057_0,0.10077907,0.44878632,0.17105925,1,1290,"{""type"":""MultiPoint"",""coordinates"":[]}"
1058_0,-0.19562742,0.2908392,-0.20276953,1,13441,"{""type"":""MultiPoint"",""coordinates"":[]}"
1059_0,0.23175676,0.73044926,0.25952458,1,24149,"{""type"":""MultiPoint"",""coordinates"":[]}"
1060_0,-0.054849885,0.38287154,-0.10489131,1,19822,"{""type"":""MultiPoint"",""coordinates"":[]}"
1061_0,0.056883205,0.68426394,0.05751766,1,1190,"{""type"":""MultiPoint"",""coordinates"":[]}"
1062_0,0.10062318,0.12520954,0.15779646,1,10947,"{""type"":""MultiPoint"",""coordinates"":[]}"
1063_0,0.009792803,0.3791074,0.021374397,1,25172,"{""type"":""MultiPoint"",""coordinates"":[]}"
1064_0,4.992511E-4,0.4837558,0.0074367872,1,3601,"{""type"":""MultiPoint"",""coordinates"":[]}"
1065_0,0.17706317,0.65816957,0.15853074,1,13211,"{""type"":""MultiPoint"",""coordinates"":[]}"
1066_0,0.15164013,0.09805912,0.15125725,1,16249,"{""type"":""MultiPoint"",""coordinates"":[]}"
1067_0,0.24978878,0.53476506,0.3062082,1,24411,"{""type"":""MultiPoint"",""coordinates"":[]}"
1068_0,0.24183007,0.8079534,0.21852995,1,24520,"{""type"":""MultiPoint"",""coordinates"":[]}"
1069_0,-0.1343933,0.3060937,-0.24894048,1,22094,"{""type"":""MultiPoint"",""coordinates"":[]}"
1070_0,0.06213101,0.4343605,0.009207009,1,21939,"{""type"":""MultiPoint"",""coordinates"":[]}"
1071_0,0.2034726,0.6796116,0.24506389,1,35,"{""type"":""MultiPoint"",""coordinates"":[]}"
1072_0,0.31776723,0.7422577,0.35716742,1,10812,"{""type"":""MultiPoint"",""coordinates"":[]}"
1073_0,0.23402777,0.70883054,0.17383036,1,1147,"{""type"":""MultiPoint"",""coordinates"":[]}"
1074_0,0.10291004,0.56366044,0.092977434,1,194,"{""type"":""MultiPoint"",""coordinates"":[]}"
1075_0,-0.09609845,0.3856773,-0.123483226,1,12644,"{""type"":""MultiPoint"",""coordinates"":[]}"
1076_0,0.038926173,0.44073647,0.05704051,1,12845,"{""type"":""MultiPoint"",""coordinates"":[]}"
1077_0,-0.10544159,0.43685374,-0.15774015,1,15016,"{""type"":""MultiPoint"",""coordinates"":[]}"
1078_0,-0.07230109,0.44774076,-0.113091156,1,4156,"{""type"":""MultiPoint"",""coordinates"":[]}"
1079_0,0.30859712,0.1605256,0.27876845,1,15256,"{""type"":""MultiPoint"",""coordinates"":[]}"
1080_0,-0.1540153,0.34947744,-0.16494061,1,3533,"{""type"":""MultiPoint"",""coordinates"":[]}"
1081_0,-0.0508982,0.36476427,-0.12140575,1,14261,"{""type"":""MultiPoint"",""coordinates"":[]}"
1082_0,0.20035149,0.6053476,0.2008,1,22159,"{""type"":""MultiPoint"",""coordinates"":[]}"
1083_0,0.017740982,0.27507693,0.06382979,1,6285,"{""type"":""MultiPoint"",""coordinates"":[]}"
1084_0,0.20898293,0.68774766,0.29219547,1,18168,"{""type"":""MultiPoint"",""coordinates"":[]}"
1085_0,0.020434642,0.5267606,0.01829166,1,22643,"{""type"":""MultiPoint"",""coordinates"":[]}"
1086_0,0.06753053,0.47905028,0.053855877,1,4119,"{""type"":""MultiPoint"",""coordinates"":[]}"
1087_0,0.40279275,0.8188326,0.38613275,1,7808,"{""type"":""MultiPoint"",""coordinates"":[]}"
1088_0,-0.10354712,0.4194831,-0.16358142,1,14543,"{""type"":""MultiPoint"",""coordinates"":[]}"
1089_0,0.2948014,0.7607269,0.22498226,1,5954,"{""type"":""MultiPoint"",""coordinates"":[]}"
1090_0,-0.06933867,0.3752095,0.0031357957,1,3189,"{""type"":""MultiPoint"",""coordinates"":[]}"
1091_0,0.30036527,0.84144145,0.29760227,1,20211,"{""type"":""MultiPoint"",""coordinates"":[]}"
1092_0,0.1474923,0.67834,0.13284165,1,5504,"{""type"":""MultiPoint"",""coordinates"":[]}"
1093_0,-0.011434698,0.3362772,-0.0033676,1,17500,"{""type"":""MultiPoint"",""coordinates"":[]}"
1094_0,0.33586818,0.86153847,0.33396885,1,9725,"{""type"":""MultiPoint"",""coordinates"":[]}"
1095_0,-0.040450927,0.50530785,-0.07785337,1,17585,"{""type"":""MultiPoint"",""coordinates"":[]}"
1096_0,0.024390243,0.33876443,0.14252608,1,14791,"{""type"":""MultiPoint"",""coordinates"":[]}"
1097_0,-0.19759317,0.26972598,-0.22086105,1,6442,"{""type"":""MultiPoint"",""coordinates"":[]}"
1098_0,-0.13418967,0.27820843,-0.1983829,1,8962,"{""type"":""MultiPoint"",""coordinates"":[]}"
1099_0,-0.10933941,0.4467698,-0.1342067,1,14421,"{""type"":""MultiPoint"",""coordinates"":[]}"
1100_0,0.03676079,0.54575163,0.054046158,1,11297,"{""type"":""MultiPoint"",""coordinates"":[]}"
1101_0,-0.060912453,0.1517413,0.03865922,1,23256,"{""type"":""MultiPoint"",""coordinates"":[]}"
1102_0,-0.023626698,0.3731839,0.0511908,1,9870,"{""type"":""MultiPoint"",""coordinates"":[]}"
1103_0,0.23039941,0.6568245,0.07323996,1,9804,"{""type"":""MultiPoint"",""coordinates"":[]}"
1104_0,0.023893805,0.4165536,-0.027480206,1,24944,"{""type"":""MultiPoint"",""coordinates"":[]}"
1105_0,0.02113048,0.55900884,0.031617455,1,25084,"{""type"":""MultiPoint"",""coordinates"":[]}"
1106_0,0.12877457,0.58214617,0.13535127,1,10901,"{""type"":""MultiPoint"",""coordinates"":[]}"
1107_0,-0.028612897,0.38707897,-0.074095346,1,18043,"{""type"":""MultiPoint"",""coordinates"":[]}"
1108_0,0.006185567,0.5391635,0.066458985,1,21537,"{""type"":""MultiPoint"",""coordinates"":[]}"
1109_0,-0.02,0.5795918,-0.0054054055,1,1052,"{""type"":""MultiPoint"",""coordinates"":[]}"
1110_0,0.0373444,0.300295,7.3313783E-4,1,8960,"{""type"":""MultiPoint"",""coordinates"":[]}"
1111_0,0.28755364,1.0,0.31527093,1,3581,"{""type"":""MultiPoint"",""coordinates"":[]}"
1112_0,-0.069767445,0.38783517,-0.17684022,1,21787,"{""type"":""MultiPoint"",""coordinates"":[]}"
1113_0,-0.11640212,0.43577713,-0.14293931,1,10676,"{""type"":""MultiPoint"",""coordinates"":[]}"
1114_0,0.043412514,0.18723239,0.092311375,1,6592,"{""type"":""MultiPoint"",""coordinates"":[]}"
1115_0,0.04025895,0.5570981,0.07078099,1,21977,"{""type"":""MultiPoint"",""coordinates"":[]}"
1116_0,-0.06634353,0.17869657,0.10482088,1,23302,"{""type"":""MultiPoint"",""coordinates"":[]}"
1117_0,0.07173019,0.60640466,-0.020882044,1,2516,"{""type"":""MultiPoint"",""coordinates"":[]}"
1118_0,0.036395147,0.54317546,0.094936706,1,6275,"{""type"":""MultiPoint"",""coordinates"":[]}"
1119_0,0.32435796,0.85862905,0.3569217,1,24087,"{""type"":""MultiPoint"",""coordinates"":[]}"
1120_0,-0.038305543,0.43950617,-0.0015214084,1,14264,"{""type"":""MultiPoint"",""coordinates"":[]}"
1121_0,0.28963408,0.7809437,0.32475114,1,718,"{""type"":""MultiPoint"",""coordinates"":[]}"
1122_0,0.020760313,0.42969984,-0.056428157,1,22709,"{""type"":""MultiPoint"",""coordinates"":[]}"
1123_0,-0.032191068,0.44957587,-0.19423307,1,19962,"{""type"":""MultiPoint"",""coordinates"":[]}"
1124_0,-0.058430716,0.41244018,-0.09272665,1,24204,"{""type"":""MultiPoint"",""coordinates"":[]}"
1125_0,0.122128576,0.06400409,0.16055626,1,25001,"{""type"":""MultiPoint"",""coordinates"":[]}"
1126_0,-0.11958717,0.43659574,-0.12059286,1,15685,"{""type"":""MultiPoint"",""coordinates"":[]}"
1127_0,0.037697054,0.54227734,-0.010799136,1,21491,"{""type"":""MultiPoint"",""coordinates"":[]}"
1128_0,-0.11032195,0.19800885,-0.15658312,1,13295,"{""type"":""MultiPoint"",""coordinates"":[]}"
1129_0,0.24847895,0.8249548,0.24071798,1,11660,"{""type"":""MultiPoint"",""coordinates"":[]}"
1130_0,-0.14359121,0.21376345,-0.17340364,1,7212,"{""type"":""MultiPoint"",""coordinates"":[]}"
1131_0,-0.035855524,0.3149391,6.514658E-4,1,21995,"{""type"":""MultiPoint"",""coordinates"":[]}"
1132_0,0.028088192,0.6563786,0.04347826,1,19618,"{""type"":""MultiPoint"",""coordinates"":[]}"
1133_0,-0.038536586,0.42804655,-0.05519897,1,15115,"{""type"":""MultiPoint"",""coordinates"":[]}"
1134_0,0.1741838,0.41648108,0.1494655,1,5732,"{""type"":""MultiPoint"",""coordinates"":[]}"
1135_0,-0.024908047,0.4136184,-0.03446021,1,14975,"{""type"":""MultiPoint"",""coordinates"":[]}"
1136_0,-0.058569502,0.4109721,-0.14377369,1,14364,"{""type"":""MultiPoint"",""coordinates"":[]}"
1137_0,0.15331686,0.4949683,0.16096896,1,1675,"{""type"":""MultiPoint"",""coordinates"":[]}"
1138_0,0.373158,0.82030874,0.38861564,1,3070,"{""type"":""MultiPoint"",""coordinates"":[]}"
1139_0,0.16130678,0.514518,0.19990261,1,2214,"{""type"":""MultiPoint"",""coordinates"":[]}"
1140_0,0.15048297,0.63793105,0.15871121,1,6014,"{""type"":""MultiPoint"",""coordinates"":[]}"
1141_0,-0.025101602,0.26775676,0.013799448,1,24606,"{""type"":""MultiPoint"",""coordinates"":[]}"
1142_0,-0.054085154,0.552492,-0.05882353,1,8416,"{""type"":""MultiPoint"",""coordinates"":[]}"
1143_0,-0.048543688,0.49777117,0.043354657,1,17178,"{""type"":""MultiPoint"",""coordinates"":[]}"
1144_0,0.054724243,0.29956427,0.038068306,1,5227,"{""type"":""MultiPoint"",""coordinates"":[]}"
1145_0,0.3200133,0.8122308,0.34656,1,22475,"{""type"":""MultiPoint"",""coordinates"":[]}"
1146_0,0.024883784,0.6375437,0.040206566,1,22951,"{""type"":""MultiPoint"",""coordinates"":[]}"
1147_0,-0.025276074,0.25033113,-0.050540607,1,5687,"{""type"":""MultiPoint"",""coordinates"":[]}"
1148_0,-0.11793051,0.2052162,-0.03357182,1,22824,"{""type"":""MultiPoint"",""coordinates"":[]}"
1149_0,0.082529604,0.11529567,0.11059826,1,4774,"{""type"":""MultiPoint"",""coordinates"":[]}"
1150_0,-0.11839963,0.45049062,-0.19305211,1,6029,"{""type"":""MultiPoint"",""coordinates"":[]}"
1151_0,0.12081633,0.19419573,0.101501666,1,9701,"{""type"":""MultiPoint"",""coordinates"":[]}"
1152_0,0.31728044,0.7906018,0.33292422,1,17401,"{""type"":""MultiPoint"",""coordinates"":[]}"
1153_0,-0.041708644,0.45498198,-0.032142144,1,9291,"{""type"":""MultiPoint"",""coordinates"":[]}"
1154_0,0.35643485,0.8473396,0.40208673,1,6216,"{""type"":""MultiPoint"",""coordinates"":[]}"
1155_0,0.052701507,0.62048405,0.028830875,1,6325,"{""type"":""MultiPoint"",""coordinates"":[]}"
1156_0,-0.09516434,0.48950276,-0.09408602,1,10556,"{""type"":""MultiPoint"",""coordinates"":[]}"
1157_0,0.0043010754,0.40428734,-0.02066685,1,4226,"{""type"":""MultiPoint"",""coordinates"":[]}"
1158_0,-0.1741263,0.44427934,-0.16236722,1,8413,"{""type"":""MultiPoint"",""coordinates"":[]}"
1159_0,-0.0062705283,0.4911401,-0.02276176,1,20294,"{""type"":""MultiPoint"",""coordinates"":[]}"
1160_0,-0.12825112,0.40170306,-0.1115529,1,21181,"{""type"":""MultiPoint"",""coordinates"":[]}"
1161_0,-0.14564687,0.27016252,-0.13594191,1,21405,"{""type"":""MultiPoint"",""coordinates"":[]}"
1162_0,0.2029025,0.06341958,0.2138158,1,24640,"{""type"":""MultiPoint"",""coordinates"":[]}"
1163_0,0.039807677,0.41173923,0.12717947,1,23726,"{""type"":""MultiPoint"",""coordinates"":[]}"
1164_0,0.25236592,0.51501155,0.16106194,1,23560,"{""type"":""MultiPoint"",""coordinates"":[]}"
1165_0,-0.06323752,0.32066277,-0.12917738,1,4203,"{""type"":""MultiPoint"",""coordinates"":[]}"
1166_0,0.04961111,0.65248096,0.09651174,1,18170,"{""type"":""MultiPoint"",""coordinates"":[]}"
1167_0,0.2836056,0.8376408,0.27816284,1,3509,"{""type"":""MultiPoint"",""coordinates"":[]}"
1168_0,0.10191637,0.26618704,0.11653813,1,2813,"{""type"":""MultiPoint"",""coordinates"":[]}"
1169_0,-0.034680013,0.4836703,-0.10642202,1,10675,"{""type"":""MultiPoint"",""coordinates"":[]}"
1170_0,-0.116706006,0.40101096,-0.16180082,1,9498,"{""type"":""MultiPoint"",""coordinates"":[]}"
1171_0,-0.116472244,0.4318287,-0.06408738,1,12530,"{""type"":""MultiPoint"",""coordinates"":[]}"
1172_0,0.32705882,0.8487805,0.3445919,1,19341,"{""type"":""MultiPoint"",""coordinates"":[]}"
1173_0,-0.07317073,0.45892018,-0.029853659,1,12324,"{""type"":""MultiPoint"",""coordinates"":[]}"
1174_0,0.03448276,0.16482386,0.01010101,1,3703,"{""type"":""MultiPoint"",""coordinates"":[]}"
1175_0,-0.007837217,0.53847986,0.037136074,1,24452,"{""type"":""MultiPoint"",""coordinates"":[]}"
1176_0,0.043956045,0.5464,0.015003525,1,1457,"{""type"":""MultiPoint"",""coordinates"":[]}"
1177_0,0.22357354,0.6546622,0.32807392,1,4003,"{""type"":""MultiPoint"",""coordinates"":[]}"
1178_0,9.255276E-6,0.6290494,0.0068466184,1,6237,"{""type"":""MultiPoint"",""coordinates"":[]}"
1179_0,0.27021465,0.77381724,0.2312298,1,6896,"{""type"":""MultiPoint"",""coordinates"":[]}"
1180_0,-0.13422486,0.37647986,-0.12833723,1,6524,"{""type"":""MultiPoint"",""coordinates"":[]}"
1181_0,0.08565929,0.95555556,0.115306124,1,10624,"{""type"":""MultiPoint"",""coordinates"":[]}"
1182_0,-0.14053924,0.35230547,-0.15236259,1,19026,"{""type"":""MultiPoint"",""coordinates"":[]}"
1183_0,-0.14938489,0.45043656,-0.121014744,1,13791,"{""type"":""MultiPoint"",""coordinates"":[]}"
1184_0,-0.036700226,0.45302325,-0.17310746,1,24677,"{""type"":""MultiPoint"",""coordinates"":[]}"
1185_0,0.327529,0.7942387,0.27621597,1,3876,"{""type"":""MultiPoint"",""coordinates"":[]}"
1186_0,0.23117077,0.8394649,0.23800066,1,1610,"{""type"":""MultiPoint"",""coordinates"":[]}"
1187_0,-0.10363392,0.41448778,-0.1369939,1,10612,"{""type"":""MultiPoint"",""coordinates"":[]}"
1188_0,-0.01903923,0.39495182,-0.037124667,1,5532,"{""type"":""MultiPoint"",""coordinates"":[]}"
1189_0,0.09378531,0.6427159,0.10829442,1,24437,"{""type"":""MultiPoint"",""coordinates"":[]}"
1190_0,0.16731088,0.72066045,0.1186539,1,13079,"{""type"":""MultiPoint"",""coordinates"":[]}"
1191_0,-0.03794098,0.28611502,-0.04770437,1,23627,"{""type"":""MultiPoint"",""coordinates"":[]}"
1192_0,0.26281956,0.7417307,0.23938783,1,17298,"{""type"":""MultiPoint"",""coordinates"":[]}"
1193_0,-0.032870892,0.34122288,-0.047933046,1,24650,"{""type"":""MultiPoint"",""coordinates"":[]}"
1194_0,0.28149986,0.6627027,0.11311935,1,17,"{""type"":""MultiPoint"",""coordinates"":[]}"
1195_0,0.05753278,0.26670754,0.027609056,1,9688,"{""type"":""MultiPoint"",""coordinates"":[]}"
1196_0,0.044610877,0.28759,0.047402598,1,18594,"{""type"":""MultiPoint"",""coordinates"":[]}"
1197_0,-0.04761905,0.4815346,0.015002344,1,24701,"{""type"":""MultiPoint"",""coordinates"":[]}"
1198_0,0.0027041645,0.52884614,-0.05268935,1,9798,"{""type"":""MultiPoint"",""coordinates"":[]}"
1199_0,0.21903202,0.845082,0.33158317,1,13883,"{""type"":""MultiPoint"",""coordinates"":[]}"
1200_0,0.20925808,0.7395105,0.20598535,1,14302,"{""type"":""MultiPoint"",""coordinates"":[]}"
1201_0,0.21621308,0.71778196,0.21894951,1,3482,"{""type"":""MultiPoint"",""coordinates"":[]}"
1202_0,0.014625993,0.44131148,0.018354567,1,23341,"{""type"":""MultiPoint"",""coordinates"":[]}"
1203_0,0.10467535,0.52804846,0.11268986,1,3282,"{""type"":""MultiPoint"",""coordinates"":[]}"
1204_0,0.02398233,0.43365803,0.047105003,1,8025,"{""type"":""MultiPoint"",""coordinates"":[]}"
1205_0,-0.14383562,0.46294308,-0.18146287,1,22312,"{""type"":""MultiPoint"",""coordinates"":[]}"
1206_0,-0.086741574,0.34042552,-0.12282331,1,13538,"{""type"":""MultiPoint"",""coordinates"":[]}"
1207_0,-0.16313069,0.33225632,-0.115173675,1,13952,"{""type"":""MultiPoint"",""coordinates"":[]}"
1208_0,0.30826825,0.7109916,0.3326947,1,4546,"{""type"":""MultiPoint"",""coordinates"":[]}"
1209_0,-0.09477124,0.31902808,-0.11719867,1,9607,"{""type"":""MultiPoint"",""coordinates"":[]}"
1210_0,0.38710636,0.73872155,0.25689918,1,21605,"{""type"":""MultiPoint"",""coordinates"":[]}"
1211_0,-0.118209064,0.34537882,-0.0711335,1,16914,"{""type"":""MultiPoint"",""coordinates"":[]}"
1212_0,-0.054035723,0.47966012,-0.009916881,1,12490,"{""type"":""MultiPoint"",""coordinates"":[]}"
1213_0,-0.1973015,0.32480708,-0.22936818,1,9728,"{""type"":""MultiPoint"",""coordinates"":[]}"
1214_0,-0.16875,0.36053848,-0.20442805,1,21336,"{""type"":""MultiPoint"",""coordinates"":[]}"
1215_0,0.110367894,0.2635156,0.174121,1,21058,"{""type"":""MultiPoint"",""coordinates"":[]}"
1216_0,0.06276336,0.49128082,0.0799042,1,911,"{""type"":""MultiPoint"",""coordinates"":[]}"
1217_0,0.27492657,0.68172795,0.3087356,1,1512,"{""type"":""MultiPoint"",""coordinates"":[]}"
1218_0,0.22617647,0.011089367,0.26662022,1,11603,"{""type"":""MultiPoint"",""coordinates"":[]}"
1219_0,-0.11169861,0.38485557,-0.15564017,1,23353,"{""type"":""MultiPoint"",""coordinates"":[]}"
1220_0,0.101666875,0.060552616,0.07615808,1,9621,"{""type"":""MultiPoint"",""coordinates"":[]}"
1221_0,-0.09882089,0.44813696,-0.10460772,1,8449,"{""type"":""MultiPoint"",""coordinates"":[]}"
1222_0,-0.042759962,0.5378289,-0.06077348,1,24260,"{""type"":""MultiPoint"",""coordinates"":[]}"
1223_0,-0.11716846,0.43631786,-0.09731644,1,12469,"{""type"":""MultiPoint"",""coordinates"":[]}"
1224_0,-0.06484443,0.40796217,-0.07444444,1,3737,"{""type"":""MultiPoint"",""coordinates"":[]}"
1225_0,-0.061716937,0.3895447,-0.16260162,1,12024,"{""type"":""MultiPoint"",""coordinates"":[]}"
1226_0,-0.11436913,0.44157356,-0.08132726,1,17324,"{""type"":""MultiPoint"",""coordinates"":[]}"
1227_0,-0.08376793,0.45941043,-0.10561423,1,8319,"{""type"":""MultiPoint"",""coordinates"":[]}"
1228_0,0.2802024,0.78556263,0.24585818,1,13020,"{""type"":""MultiPoint"",""coordinates"":[]}"
1229_0,-0.109518826,0.36764,-0.20428808,1,5070,"{""type"":""MultiPoint"",""coordinates"":[]}"
1230_0,0.053849902,0.26015767,0.023267513,1,23307,"{""type"":""MultiPoint"",""coordinates"":[]}"
1231_0,0.12434539,0.16098927,0.019463224,1,8673,"{""type"":""MultiPoint"",""coordinates"":[]}"
1232_0,-0.1996062,0.38509968,-0.26696128,1,12778,"{""type"":""MultiPoint"",""coordinates"":[]}"
1233_0,-0.074264936,0.44737735,-0.1170451,1,13552,"{""type"":""MultiPoint"",""coordinates"":[]}"
1234_0,0.23597589,0.5886593,0.26722988,1,24600,"{""type"":""MultiPoint"",""coordinates"":[]}"
1235_0,0.11397678,0.4712853,0.12877065,1,2904,"{""type"":""MultiPoint"",""coordinates"":[]}"
1236_0,-0.09947454,0.23187292,-0.11585142,1,6423,"{""type"":""MultiPoint"",""coordinates"":[]}"
1237_0,0.02706657,0.55346334,0.03217158,1,5627,"{""type"":""MultiPoint"",""coordinates"":[]}"
1238_0,-0.2460006,0.19520548,-0.26757607,1,5570,"{""type"":""MultiPoint"",""coordinates"":[]}"
1239_0,0.33821657,0.8805093,0.29630885,1,7850,"{""type"":""MultiPoint"",""coordinates"":[]}"
1240_0,-0.14640014,0.43377817,-0.15742698,1,11472,"{""type"":""MultiPoint"",""coordinates"":[]}"
1241_0,-0.023803798,0.40345606,-0.065298975,1,10175,"{""type"":""MultiPoint"",""coordinates"":[]}"
1242_0,0.17806362,0.5703346,0.19505765,1,25046,"{""type"":""MultiPoint"",""coordinates"":[]}"
1243_0,-0.10336818,0.39636365,-0.12635921,1,13086,"{""type"":""MultiPoint"",""coordinates"":[]}"
1244_0,0.010057472,0.42656797,-0.039853174,1,17812,"{""type"":""MultiPoint"",""coordinates"":[]}"
1245_0,0.06864463,0.58164316,0.09102152,1,147,"{""type"":""MultiPoint"",""coordinates"":[]}"
1246_0,0.11228964,0.36438012,0.118679054,1,20372,"{""type"":""MultiPoint"",""coordinates"":[]}"
1247_0,0.18546894,0.67577547,0.19330549,1,23087,"{""type"":""MultiPoint"",""coordinates"":[]}"
1248_0,-0.09367211,0.29517904,-0.08212376,1,5081,"{""type"":""MultiPoint"",""coordinates"":[]}"
1249_0,0.19210221,0.7024673,0.20547946,1,21562,"{""type"":""MultiPoint"",""coordinates"":[]}"
1250_0,-0.039028622,0.3816863,-0.082204156,1,4605,"{""type"":""MultiPoint"",""coordinates"":[]}"
1251_0,0.2329428,0.44856167,0.25676128,1,4245,"{""type"":""MultiPoint"",""coordinates"":[]}"
1252_0,0.17134735,0.602235,0.124791585,1,6965,"{""type"":""MultiPoint"",""coordinates"":[]}"
1253_0,0.1689612,0.5956965,0.21761328,1,2222,"{""type"":""MultiPoint"",""coordinates"":[]}"
1254_0,-0.03993298,0.3184466,-0.077489175,1,13604,"{""type"":""MultiPoint"",""coordinates"":[]}"
1255_0,-0.18371522,0.42633098,-0.1724138,1,18769,"{""type"":""MultiPoint"",""coordinates"":[]}"
1256_0,-0.26364306,0.3157461,-0.2905291,1,14128,"{""type"":""MultiPoint"",""coordinates"":[]}"
1257_0,0.3545888,0.8253275,0.3304482,1,996,"{""type"":""MultiPoint"",""coordinates"":[]}"
1258_0,-0.07960688,0.42830712,-0.11670481,1,5995,"{""type"":""MultiPoint"",""coordinates"":[]}"
1259_0,-0.040717028,0.4293808,-0.10898083,1,17561,"{""type"":""MultiPoint"",""coordinates"":[]}"
1260_0,0.3226685,0.66151637,0.33086753,1,3142,"{""type"":""MultiPoint"",""coordinates"":[]}"
1261_0,0.49642625,0.8537361,0.50112647,1,16882,"{""type"":""MultiPoint"",""coordinates"":[]}"
1262_0,-0.02676733,0.3779412,0.088155106,1,23335,"{""type"":""MultiPoint"",""coordinates"":[]}"
1263_0,0.07823231,0.6395982,0.08573245,1,5508,"{""type"":""MultiPoint"",""coordinates"":[]}"
1264_0,-0.04697227,0.4170821,-0.08630394,1,20993,"{""type"":""MultiPoint"",""coordinates"":[]}"
1265_0,0.2304125,0.54950035,0.17714879,1,11262,"{""type"":""MultiPoint"",""coordinates"":[]}"
1266_0,0.13971831,0.6896251,0.1027027,1,16041,"{""type"":""MultiPoint"",""coordinates"":[]}"
1267_0,-0.12641576,0.3951032,-0.081359215,1,3502,"{""type"":""MultiPoint"",""coordinates"":[]}"
1268_0,-0.04112337,0.49436894,-0.02532928,1,17865,"{""type"":""MultiPoint"",""coordinates"":[]}"
1269_0,0.020043109,0.67175686,0.0055830055,1,2497,"{""type"":""MultiPoint"",""coordinates"":[]}"
1270_0,0.11243485,0.11897226,0.11152187,1,22532,"{""type"":""MultiPoint"",""coordinates"":[]}"
1271_0,-0.04360967,0.35218737,-0.19034721,1,14936,"{""type"":""MultiPoint"",""coordinates"":[]}"
1272_0,-0.105771124,0.35699973,-0.1264283,1,18577,"{""type"":""MultiPoint"",""coordinates"":[]}"
1273_0,0.1736527,0.68285716,0.0988806,1,2386,"{""type"":""MultiPoint"",""coordinates"":[]}"
1274_0,-0.09679159,0.4106749,-0.12686981,1,8731,"{""type"":""MultiPoint"",""coordinates"":[]}"
1275_0,0.23625311,0.70322055,0.2262988,1,11243,"{""type"":""MultiPoint"",""coordinates"":[]}"
1276_0,0.10545454,0.3709779,0.113336004,1,16203,"{""type"":""MultiPoint"",""coordinates"":[]}"
1277_0,0.2580465,0.724537,0.22415371,1,20099,"{""type"":""MultiPoint"",""coordinates"":[]}"
1278_0,-0.03957131,0.41669706,-0.07227891,1,16791,"{""type"":""MultiPoint"",""coordinates"":[]}"
1279_0,0.052304212,0.6106195,0.009864365,1,25364,"{""type"":""MultiPoint"",""coordinates"":[]}"
1280_0,0.28167355,0.80187875,0.28609076,1,5621,"{""type"":""MultiPoint"",""coordinates"":[]}"
1281_0,0.07928222,0.6489547,0.14588378,1,11066,"{""type"":""MultiPoint"",""coordinates"":[]}"
1282_0,0.20350976,0.7134146,0.2633916,1,21536,"{""type"":""MultiPoint"",""coordinates"":[]}"
1283_0,0.10619946,0.627202,0.087027915,1,14656,"{""type"":""MultiPoint"",""coordinates"":[]}"
1284_0,0.04747673,0.56119287,0.09343194,1,22364,"{""type"":""MultiPoint"",""coordinates"":[]}"
1285_0,0.10034483,0.10351967,0.14233878,1,7191,"{""type"":""MultiPoint"",""coordinates"":[]}"
1286_0,-0.15697037,0.32745826,-0.14795008,1,22882,"{""type"":""MultiPoint"",""coordinates"":[]}"
1287_0,0.23321554,0.7783162,0.17252396,1,1114,"{""type"":""MultiPoint"",""coordinates"":[]}"
1288_0,-0.0935789,0.48475474,-0.15756363,1,16427,"{""type"":""MultiPoint"",""coordinates"":[]}"
1289_0,-0.096947335,0.4752089,-0.12983724,1,3329,"{""type"":""MultiPoint"",""coordinates"":[]}"
1290_0,0.38276115,0.8746319,0.43056065,1,13671,"{""type"":""MultiPoint"",""coordinates"":[]}"
1291_0,-0.19606675,0.36406496,-0.26820028,1,13164,"{""type"":""MultiPoint"",""coordinates"":[]}"
1292_0,-0.11607484,0.34413967,-0.19462085,1,21100,"{""type"":""MultiPoint"",""coordinates"":[]}"
1293_0,0.100225456,0.5077214,0.045136683,1,2084,"{""type"":""MultiPoint"",""coordinates"":[]}"
1294_0,0.19480519,0.7378049,0.18439479,1,11264,"{""type"":""MultiPoint"",""coordinates"":[]}"
1295_0,0.11813187,0.35566723,-0.054916985,1,21255,"{""type"":""MultiPoint"",""coordinates"":[]}"
1296_0,-0.038610037,0.39035982,0.039775625,1,19040,"{""type"":""MultiPoint"",""coordinates"":[]}"
1297_0,-0.057089083,0.39775094,-0.10852068,1,12958,"{""type"":""MultiPoint"",""coordinates"":[]}"
1298_0,0.39227104,0.4958217,0.4355949,1,1427,"{""type"":""MultiPoint"",""coordinates"":[]}"
1299_0,-0.15593517,0.3172183,-0.18953349,1,10991,"{""type"":""MultiPoint"",""coordinates"":[]}"
1300_0,0.88480234,-0.039830633,0.8941336,1,9407,"{""type"":""MultiPoint"",""coordinates"":[]}"
1301_0,0.0035257824,0.4891864,-0.020767495,1,25260,"{""type"":""MultiPoint"",""coordinates"":[]}"
1302_0,0.12973933,0.6873205,0.12043597,1,18035,"{""type"":""MultiPoint"",""coordinates"":[]}"
1303_0,-0.12550281,0.27421758,-0.15955243,1,11143,"{""type"":""MultiPoint"",""coordinates"":[]}"
1304_0,-0.20731707,0.3134752,-0.1941032,1,16479,"{""type"":""MultiPoint"",""coordinates"":[]}"
1305_0,0.12175511,0.36074767,0.058722146,1,9645,"{""type"":""MultiPoint"",""coordinates"":[]}"
1306_0,0.0023507287,0.48499,0.03303037,1,14667,"{""type"":""MultiPoint"",""coordinates"":[]}"
1307_0,-0.11083378,0.23278129,-0.09663154,1,9279,"{""type"":""MultiPoint"",""coordinates"":[]}"
1308_0,0.063232,0.60311776,-0.017491542,1,2157,"{""type"":""MultiPoint"",""coordinates"":[]}"
1309_0,0.07620064,0.42943642,0.09238396,1,12754,"{""type"":""MultiPoint"",""coordinates"":[]}"
1310_0,-0.049108125,0.50381035,-0.13450292,1,7591,"{""type"":""MultiPoint"",""coordinates"":[]}"
1311_0,0.42621663,0.83373845,0.466563,1,25094,"{""type"":""MultiPoint"",""coordinates"":[]}"
1312_0,0.05899391,0.63303626,0.017901909,1,4715,"{""type"":""MultiPoint"",""coordinates"":[]}"
1313_0,0.07192429,0.4632258,0.01979414,1,15667,"{""type"":""MultiPoint"",""coordinates"":[]}"
1314_0,0.044502188,0.5740857,0.079807684,1,24856,"{""type"":""MultiPoint"",""coordinates"":[]}"
1315_0,0.115564175,0.5699314,0.17144644,1,21628,"{""type"":""MultiPoint"",""coordinates"":[]}"
1316_0,-0.17341977,0.2482219,-0.17883629,1,15467,"{""type"":""MultiPoint"",""coordinates"":[]}"
1317_0,0.23556653,0.05736267,0.27144328,1,13499,"{""type"":""MultiPoint"",""coordinates"":[]}"
1318_0,-0.030949106,0.48810214,-0.1793863,1,4143,"{""type"":""MultiPoint"",""coordinates"":[]}"
1319_0,0.24935065,0.78714436,0.34106484,1,15925,"{""type"":""MultiPoint"",""coordinates"":[]}"
1320_0,0.28512585,0.7887155,0.29544428,1,12049,"{""type"":""MultiPoint"",""coordinates"":[]}"
1321_0,0.17927788,0.71075845,0.18088327,1,8510,"{""type"":""MultiPoint"",""coordinates"":[]}"
1322_0,0.28831312,0.8213213,0.3053538,1,2195,"{""type"":""MultiPoint"",""coordinates"":[]}"
1323_0,-0.19551282,0.28354082,-0.23305786,1,17491,"{""type"":""MultiPoint"",""coordinates"":[]}"
1324_0,-0.07427123,0.35976505,-0.09537348,1,19786,"{""type"":""MultiPoint"",""coordinates"":[]}"
1325_0,-0.017886179,0.48979592,-0.078071184,1,22753,"{""type"":""MultiPoint"",""coordinates"":[]}"
1326_0,-0.11603139,0.3873704,-0.14987005,1,5211,"{""type"":""MultiPoint"",""coordinates"":[]}"
1327_0,0.088938795,0.08833011,-0.0065132435,1,15912,"{""type"":""MultiPoint"",""coordinates"":[]}"
1328_0,-0.143951,0.45962733,-0.15337108,1,17049,"{""type"":""MultiPoint"",""coordinates"":[]}"
1329_0,0.47576657,0.8895571,0.43369734,1,15393,"{""type"":""MultiPoint"",""coordinates"":[]}"
1330_0,0.16145627,0.50452566,0.1832126,1,25448,"{""type"":""MultiPoint"",""coordinates"":[]}"
1331_0,0.02900491,0.43049327,0.038019452,1,7747,"{""type"":""MultiPoint"",""coordinates"":[]}"
1332_0,-0.016316354,0.454776,0.0022321276,1,2518,"{""type"":""MultiPoint"",""coordinates"":[]}"
1333_0,0.2643851,0.8121756,0.31227377,1,1915,"{""type"":""MultiPoint"",""coordinates"":[]}"
1334_0,-0.024363233,0.37881508,-0.04964539,1,4296,"{""type"":""MultiPoint"",""coordinates"":[]}"
1335_0,0.23390895,0.7645559,0.287013,1,11740,"{""type"":""MultiPoint"",""coordinates"":[]}"
1336_0,0.24118143,0.7530273,0.29145235,1,12477,"{""type"":""MultiPoint"",""coordinates"":[]}"
1337_0,-0.08114339,0.57713324,-0.08565478,1,1336,"{""type"":""MultiPoint"",""coordinates"":[]}"
1338_0,0.24467908,0.6384724,0.15332824,1,22371,"{""type"":""MultiPoint"",""coordinates"":[]}"
1339_0,0.3718959,0.71862805,0.31043687,1,1668,"{""type"":""MultiPoint"",""coordinates"":[]}"
1340_0,0.21989529,0.67071825,0.207025,1,12440,"{""type"":""MultiPoint"",""coordinates"":[]}"
1341_0,-0.062203478,0.3980081,-0.030690538,1,13523,"{""type"":""MultiPoint"",""coordinates"":[]}"
1342_0,0.011878788,0.5248619,-0.046798028,1,4345,"{""type"":""MultiPoint"",""coordinates"":[]}"
1343_0,-0.028400598,0.5902851,-0.036925394,1,14492,"{""type"":""MultiPoint"",""coordinates"":[]}"
1344_0,0.021838354,0.5753213,0.004784689,1,23447,"{""type"":""MultiPoint"",""coordinates"":[]}"
1345_0,0.3248693,0.94722956,0.31202435,1,13984,"{""type"":""MultiPoint"",""coordinates"":[]}"
1346_0,0.29938787,0.69754666,0.36042672,1,1661,"{""type"":""MultiPoint"",""coordinates"":[]}"
1347_0,-0.17366412,0.35936114,-0.19945417,1,7584,"{""type"":""MultiPoint"",""coordinates"":[]}"
1348_0,0.040676944,0.55424905,-0.008840879,1,7438,"{""type"":""MultiPoint"",""coordinates"":[]}"
1349_0,0.04472477,0.5252275,0.05071225,1,11145,"{""type"":""MultiPoint"",""coordinates"":[]}"
1350_0,-0.022671781,0.44207317,-0.20230263,1,16424,"{""type"":""MultiPoint"",""coordinates"":[]}"
1351_0,0.3330819,0.74473333,0.3168117,1,2916,"{""type"":""MultiPoint"",""coordinates"":[]}"
1352_0,0.092253104,0.6323676,0.0897193,1,1738,"{""type"":""MultiPoint"",""coordinates"":[]}"
1353_0,-0.15353055,0.33926737,-0.21477318,1,22571,"{""type"":""MultiPoint"",""coordinates"":[]}"
1354_0,0.024331018,0.43778503,0.004904089,1,12793,"{""type"":""MultiPoint"",""coordinates"":[]}"
1355_0,-0.19470932,0.33222038,-0.23340744,1,8103,"{""type"":""MultiPoint"",""coordinates"":[]}"
1356_0,-0.0882353,0.41134185,-0.080682345,1,10434,"{""type"":""MultiPoint"",""coordinates"":[]}"
1357_0,0.14759274,0.6779141,0.1374931,1,10882,"{""type"":""MultiPoint"",""coordinates"":[]}"
1358_0,0.23875104,0.7511769,0.23034342,1,21594,"{""type"":""MultiPoint"",""coordinates"":[]}"
1359_0,0.049851924,0.45967212,0.012567325,1,14956,"{""type"":""MultiPoint"",""coordinates"":[]}"
1360_0,-0.08814914,0.31307793,-0.063465655,1,13978,"{""type"":""MultiPoint"",""coordinates"":[]}"
1361_0,-0.08568359,0.43,-0.17125471,1,13062,"{""type"":""MultiPoint"",""coordinates"":[]}"
1362_0,-0.09508716,0.31685677,-0.1257555,1,3045,"{""type"":""MultiPoint"",""coordinates"":[]}"
1363_0,0.09345961,0.49027818,0.1802537,1,17792,"{""type"":""MultiPoint"",""coordinates"":[]}"
1364_0,0.3625609,0.7931647,0.34283862,1,22492,"{""type"":""MultiPoint"",""coordinates"":[]}"
1365_0,0.34946358,0.71352154,0.34731588,1,21026,"{""type"":""MultiPoint"",""coordinates"":[]}"
1366_0,0.081064545,0.58669436,0.09326894,1,21230,"{""type"":""MultiPoint"",""coordinates"":[]}"
1367_0,0.3744217,0.779945,0.31225958,1,9397,"{""type"":""MultiPoint"",""coordinates"":[]}"
1368_0,-0.09489091,0.46431702,-0.25780863,1,6978,"{""type"":""MultiPoint"",""coordinates"":[]}"
1369_0,-0.11352418,0.47053942,-0.12015889,1,14969,"{""type"":""MultiPoint"",""coordinates"":[]}"
1370_0,0.044320136,0.51282054,0.042670045,1,25347,"{""type"":""MultiPoint"",""coordinates"":[]}"
1371_0,-0.013802951,0.621164,-0.08834292,1,8476,"{""type"":""MultiPoint"",""coordinates"":[]}"
1372_0,-0.1,0.3896312,-0.07009677,1,9020,"{""type"":""MultiPoint"",""coordinates"":[]}"
1373_0,-0.135839,0.4116331,-0.27885714,1,15880,"{""type"":""MultiPoint"",""coordinates"":[]}"
1374_0,0.2552204,0.003058104,0.23644148,1,4220,"{""type"":""MultiPoint"",""coordinates"":[]}"
1375_0,0.07145377,0.26352614,0.087727204,1,5709,"{""type"":""MultiPoint"",""coordinates"":[]}"
1376_0,0.4513889,0.2812106,0.24038461,1,4306,"{""type"":""MultiPoint"",""coordinates"":[]}"
1377_0,-0.0413343,0.26925012,-0.145469,1,3784,"{""type"":""MultiPoint"",""coordinates"":[]}"
1378_0,0.34477034,0.8391699,0.30936143,1,10133,"{""type"":""MultiPoint"",""coordinates"":[]}"
1379_0,0.11889668,0.1218512,0.09078389,1,14084,"{""type"":""MultiPoint"",""coordinates"":[]}"
1380_0,-0.022016222,0.5125184,-0.0049305246,1,3778,"{""type"":""MultiPoint"",""coordinates"":[]}"
1381_0,0.15305506,0.6921017,0.16016796,1,8409,"{""type"":""MultiPoint"",""coordinates"":[]}"
1382_0,-0.05221675,0.46859083,-0.05169867,1,18310,"{""type"":""MultiPoint"",""coordinates"":[]}"
1383_0,0.06430155,0.5925745,0.04184236,1,7841,"{""type"":""MultiPoint"",""coordinates"":[]}"
1384_0,0.2018748,0.34731436,0.20902455,1,13396,"{""type"":""MultiPoint"",""coordinates"":[]}"
1385_0,0.4869703,0.057979677,0.51541096,1,5671,"{""type"":""MultiPoint"",""coordinates"":[]}"
1386_0,0.011078132,0.46781462,-0.04494114,1,3735,"{""type"":""MultiPoint"",""coordinates"":[]}"
1387_0,-0.016829941,0.5524257,-0.02897814,1,5312,"{""type"":""MultiPoint"",""coordinates"":[]}"
1388_0,0.20239522,0.6754717,0.2233989,1,24964,"{""type"":""MultiPoint"",""coordinates"":[]}"
1389_0,-0.05159808,0.36148033,-0.1322537,1,16837,"{""type"":""MultiPoint"",""coordinates"":[]}"
1390_0,0.100482635,0.5961654,0.10363789,1,2635,"{""type"":""MultiPoint"",""coordinates"":[]}"
1391_0,0.16109285,0.2275574,0.15137614,1,12152,"{""type"":""MultiPoint"",""coordinates"":[]}"
1392_0,-0.094161324,0.4790647,-0.07593081,1,19992,"{""type"":""MultiPoint"",""coordinates"":[]}"
1393_0,-0.1707483,0.31672204,-0.1641072,1,22963,"{""type"":""MultiPoint"",""coordinates"":[]}"
1394_0,-0.12974532,0.38427627,-0.12299976,1,7578,"{""type"":""MultiPoint"",""coordinates"":[]}"
1395_0,-0.07655786,0.19115664,-0.011712214,1,8188,"{""type"":""MultiPoint"",""coordinates"":[]}"
1396_0,0.08922742,0.6213592,0.0320902,1,4972,"{""type"":""MultiPoint"",""coordinates"":[]}"
1397_0,0.3394247,0.8295142,0.35494122,1,22489,"{""type"":""MultiPoint"",""coordinates"":[]}"
1398_0,-0.09172932,0.45474374,-0.09044879,1,16417,"{""type"":""MultiPoint"",""coordinates"":[]}"
1399_0,0.06811146,0.59655005,-0.03797468,1,1113,"{""type"":""MultiPoint"",""coordinates"":[]}"
1400_0,0.038369734,0.5597171,0.036270052,1,7337,"{""type"":""MultiPoint"",""coordinates"":[]}"
1401_0,0.29426637,0.7072258,0.29351294,1,550,"{""type"":""MultiPoint"",""coordinates"":[]}"
1402_0,0.089512944,0.5412844,0.06257059,1,24756,"{""type"":""MultiPoint"",""coordinates"":[]}"
1403_0,0.12931867,0.733937,0.10304343,1,25437,"{""type"":""MultiPoint"",""coordinates"":[]}"
1404_0,0.09499627,0.15010211,0.11810504,1,13463,"{""type"":""MultiPoint"",""coordinates"":[]}"
1405_0,-0.010615736,0.37938964,-0.08374347,1,7172,"{""type"":""MultiPoint"",""coordinates"":[]}"
1406_0,-0.0042685294,0.5606172,-0.09124311,1,17235,"{""type"":""MultiPoint"",""coordinates"":[]}"
1407_0,0.35964635,0.82980156,0.44968474,1,520,"{""type"":""MultiPoint"",""coordinates"":[]}"
1408_0,0.25384375,0.79140127,0.25581396,1,23188,"{""type"":""MultiPoint"",""coordinates"":[]}"
1409_0,0.1456077,0.6700868,0.1146467,1,6921,"{""type"":""MultiPoint"",""coordinates"":[]}"
1410_0,0.056369506,0.19578828,0.04684096,1,21898,"{""type"":""MultiPoint"",""coordinates"":[]}"
1411_0,-0.085341364,0.43434343,-0.11851016,1,17670,"{""type"":""MultiPoint"",""coordinates"":[]}"
1412_0,-0.16902696,0.36238533,-0.22576271,1,3426,"{""type"":""MultiPoint"",""coordinates"":[]}"
1413_0,-0.14515266,0.37790945,-0.1260215,1,15814,"{""type"":""MultiPoint"",""coordinates"":[]}"
1414_0,0.11719996,0.6707677,0.12488933,1,14614,"{""type"":""MultiPoint"",""coordinates"":[]}"
1415_0,0.62124884,0.011691884,0.630142,1,7185,"{""type"":""MultiPoint"",""coordinates"":[]}"
1416_0,0.05,0.16816609,0.120010555,1,17731,"{""type"":""MultiPoint"",""coordinates"":[]}"
1417_0,0.35318446,0.7893098,0.34076655,1,11558,"{""type"":""MultiPoint"",""coordinates"":[]}"
1418_0,0.14285715,0.66086954,0.16429195,1,401,"{""type"":""MultiPoint"",""coordinates"":[]}"
1419_0,0.12680578,0.6264921,0.17923959,1,3316,"{""type"":""MultiPoint"",""coordinates"":[]}"
1420_0,-0.069243155,0.35423198,-0.123139374,1,7861,"{""type"":""MultiPoint"",""coordinates"":[]}"
1421_0,-0.061471444,0.47094536,-0.13507378,1,25096,"{""type"":""MultiPoint"",""coordinates"":[]}"
1422_0,0.33150184,0.7731421,0.31021196,1,8610,"{""type"":""MultiPoint"",""coordinates"":[]}"
1423_0,0.31393954,0.78599757,0.3321086,1,438,"{""type"":""MultiPoint"",""coordinates"":[]}"
1424_0,0.13725491,0.4385246,0.11372023,1,7738,"{""type"":""MultiPoint"",""coordinates"":[]}"
1425_0,0.32276443,0.8369039,0.31683424,1,24938,"{""type"":""MultiPoint"",""coordinates"":[]}"
1426_0,-0.10987623,0.40631887,-0.065728836,1,20051,"{""type"":""MultiPoint"",""coordinates"":[]}"
1427_0,0.18926975,0.64768964,0.18007304,1,10906,"{""type"":""MultiPoint"",""coordinates"":[]}"
1428_0,0.0926143,0.49295774,0.07582089,1,10287,"{""type"":""MultiPoint"",""coordinates"":[]}"
1429_0,0.35707316,0.81467664,0.35041893,1,1662,"{""type"":""MultiPoint"",""coordinates"":[]}"
1430_0,0.17924798,0.056550425,0.29460853,1,3668,"{""type"":""MultiPoint"",""coordinates"":[]}"
1431_0,0.4284078,0.9235209,0.46914893,1,23797,"{""type"":""MultiPoint"",""coordinates"":[]}"
1432_0,-0.14071551,0.3488824,-0.1755618,1,16164,"{""type"":""MultiPoint"",""coordinates"":[]}"
1433_0,0.075581394,0.6630077,0.02640643,1,23973,"{""type"":""MultiPoint"",""coordinates"":[]}"
1434_0,0.30329847,0.5620438,0.2482639,1,18592,"{""type"":""MultiPoint"",""coordinates"":[]}"
1435_0,-0.03768844,0.4397194,-0.057957094,1,23977,"{""type"":""MultiPoint"",""coordinates"":[]}"
1436_0,0.017989418,0.5090129,-0.011188066,1,3470,"{""type"":""MultiPoint"",""coordinates"":[]}"
1437_0,0.13327233,0.66268516,0.10992797,1,9052,"{""type"":""MultiPoint"",""coordinates"":[]}"
1438_0,0.1787154,0.7644214,0.20450695,1,681,"{""type"":""MultiPoint"",""coordinates"":[]}"
1439_0,0.34160304,0.81410486,0.41574937,1,24514,"{""type"":""MultiPoint"",""coordinates"":[]}"
1440_0,-0.20011948,0.25686276,-0.13669865,1,3410,"{""type"":""MultiPoint"",""coordinates"":[]}"
1441_0,0.33226055,0.738223,0.34538397,1,23075,"{""type"":""MultiPoint"",""coordinates"":[]}"
1442_0,0.053277116,0.61127895,0.1331058,1,23623,"{""type"":""MultiPoint"",""coordinates"":[]}"
1443_0,0.04188187,0.56612027,0.0138009805,1,2153,"{""type"":""MultiPoint"",""coordinates"":[]}"
1444_0,-0.09394454,0.44699943,-0.14257228,1,4391,"{""type"":""MultiPoint"",""coordinates"":[]}"
1445_0,-0.024107557,0.44,-0.02815918,1,6492,"{""type"":""MultiPoint"",""coordinates"":[]}"
1446_0,0.38276115,0.8643887,0.34774217,1,4672,"{""type"":""MultiPoint"",""coordinates"":[]}"
1447_0,0.33546266,0.73243827,0.27727136,1,6357,"{""type"":""MultiPoint"",""coordinates"":[]}"
1448_0,-0.05792489,0.5240572,-0.05356577,1,7665,"{""type"":""MultiPoint"",""coordinates"":[]}"
1449_0,0.07094485,0.58282506,0.059265304,1,18200,"{""type"":""MultiPoint"",""coordinates"":[]}"
1450_0,0.34247297,0.8360232,0.3805786,1,5098,"{""type"":""MultiPoint"",""coordinates"":[]}"
1451_0,-0.0029797377,0.36581197,-0.111728735,1,20475,"{""type"":""MultiPoint"",""coordinates"":[]}"
1452_0,-0.024374599,0.54094577,-0.06875891,1,17183,"{""type"":""MultiPoint"",""coordinates"":[]}"
1453_0,-0.038837384,0.4003466,-0.07576544,1,23917,"{""type"":""MultiPoint"",""coordinates"":[]}"
1454_0,0.044734273,0.40300003,0.09049921,1,24575,"{""type"":""MultiPoint"",""coordinates"":[]}"
1455_0,-0.13768461,0.353709,-0.14450036,1,6667,"{""type"":""MultiPoint"",""coordinates"":[]}"
1456_0,-0.05539954,0.5165622,-0.0939402,1,12230,"{""type"":""MultiPoint"",""coordinates"":[]}"
1457_0,0.24939074,0.74868006,0.17077754,1,5437,"{""type"":""MultiPoint"",""coordinates"":[]}"
1458_0,-0.08121575,0.54022986,-0.13841599,1,538,"{""type"":""MultiPoint"",""coordinates"":[]}"
1459_0,0.10386982,0.62616384,0.08872131,1,1288,"{""type"":""MultiPoint"",""coordinates"":[]}"
1460_0,0.37840563,0.7807299,0.39603212,1,459,"{""type"":""MultiPoint"",""coordinates"":[]}"
1461_0,-0.028885832,0.4532751,-0.04959631,1,12538,"{""type"":""MultiPoint"",""coordinates"":[]}"
1462_0,0.10466029,0.5065367,0.12916444,1,6501,"{""type"":""MultiPoint"",""coordinates"":[]}"
1463_0,-0.1420839,0.4119703,-0.14740369,1,22151,"{""type"":""MultiPoint"",""coordinates"":[]}"
1464_0,0.30262274,0.78966457,0.29810297,1,9601,"{""type"":""MultiPoint"",""coordinates"":[]}"
1465_0,0.15504682,0.8452381,0.2493049,1,20955,"{""type"":""MultiPoint"",""coordinates"":[]}"
1466_0,-0.08058043,0.41753343,-0.09504373,1,19848,"{""type"":""MultiPoint"",""coordinates"":[]}"
1467_0,-0.15998156,0.36097562,-0.18154277,1,3964,"{""type"":""MultiPoint"",""coordinates"":[]}"
1468_0,0.39259565,0.8424451,0.3234747,1,2300,"{""type"":""MultiPoint"",""coordinates"":[]}"
1469_0,0.36118495,0.7663303,0.26495728,1,16415,"{""type"":""MultiPoint"",""coordinates"":[]}"
1470_0,-0.1205717,0.3370111,-0.10287548,1,12498,"{""type"":""MultiPoint"",""coordinates"":[]}"
1471_0,0.09360288,0.1891547,0.21520202,1,12005,"{""type"":""MultiPoint"",""coordinates"":[]}"
1472_0,0.19200236,0.7502439,0.13528505,1,2579,"{""type"":""MultiPoint"",""coordinates"":[]}"
1473_0,0.10952129,0.66487104,0.041544974,1,19575,"{""type"":""MultiPoint"",""coordinates"":[]}"
1474_0,0.09116353,0.41064033,0.01048951,1,2533,"{""type"":""MultiPoint"",""coordinates"":[]}"
1475_0,-0.028921999,0.5162162,-0.022648083,1,5001,"{""type"":""MultiPoint"",""coordinates"":[]}"
1476_0,0.018763797,0.6267319,0.06124604,1,1201,"{""type"":""MultiPoint"",""coordinates"":[]}"
1477_0,-0.060789876,0.48601547,-0.08178412,1,18575,"{""type"":""MultiPoint"",""coordinates"":[]}"
1478_0,-0.07304142,0.39662632,-0.18983868,1,9233,"{""type"":""MultiPoint"",""coordinates"":[]}"
1479_0,-0.0072260136,0.45155162,0.0151128555,1,23033,"{""type"":""MultiPoint"",""coordinates"":[]}"
1480_0,-0.097171865,0.47524753,-0.03434867,1,17191,"{""type"":""MultiPoint"",""coordinates"":[]}"
1481_0,0.0015518311,0.588582,-0.006313293,1,2152,"{""type"":""MultiPoint"",""coordinates"":[]}"
1482_0,-0.0965328,0.45470852,-0.15078534,1,7603,"{""type"":""MultiPoint"",""coordinates"":[]}"
1483_0,0.12773001,0.6142923,0.11262475,1,21289,"{""type"":""MultiPoint"",""coordinates"":[]}"
1484_0,0.2591656,0.8516129,0.13115998,1,22438,"{""type"":""MultiPoint"",""coordinates"":[]}"
1485_0,0.19798835,0.7480499,0.19329074,1,2772,"{""type"":""MultiPoint"",""coordinates"":[]}"
1486_0,-0.07101167,0.36339113,-0.09280397,1,7431,"{""type"":""MultiPoint"",""coordinates"":[]}"
1487_0,0.054486632,0.5323166,0.088376895,1,12157,"{""type"":""MultiPoint"",""coordinates"":[]}"
1488_0,-0.050049067,0.5344828,-0.03984451,1,8608,"{""type"":""MultiPoint"",""coordinates"":[]}"
1489_0,-0.021276595,0.48926014,-0.14104596,1,24305,"{""type"":""MultiPoint"",""coordinates"":[]}"
1490_0,0.29288703,0.78684807,0.30526316,1,3946,"{""type"":""MultiPoint"",""coordinates"":[]}"
1491_0,-0.097323604,0.4055696,-0.1598063,1,12291,"{""type"":""MultiPoint"",""coordinates"":[]}"
1492_0,0.023958927,0.46531302,0.05549738,1,10365,"{""type"":""MultiPoint"",""coordinates"":[]}"
1493_0,0.14186047,0.18254603,0.086256705,1,3096,"{""type"":""MultiPoint"",""coordinates"":[]}"
1494_0,-0.10920897,0.32984293,-0.11019202,1,6522,"{""type"":""MultiPoint"",""coordinates"":[]}"
1495_0,-0.022477522,0.47921568,-0.046785224,1,7268,"{""type"":""MultiPoint"",""coordinates"":[]}"
1496_0,-0.12111341,0.4608076,-0.18944392,1,15212,"{""type"":""MultiPoint"",""coordinates"":[]}"
1497_0,0.060689654,0.5649264,0.09225736,1,1959,"{""type"":""MultiPoint"",""coordinates"":[]}"
1498_0,-0.005030554,0.49880612,-0.04340474,1,8256,"{""type"":""MultiPoint"",""coordinates"":[]}"
1499_0,0.11951742,0.6122966,0.10281798,1,221,"{""type"":""MultiPoint"",""coordinates"":[]}"
1500_0,0.1507605,0.66011834,0.18149419,1,23211,"{""type"":""MultiPoint"",""coordinates"":[]}"
1501_0,0.27052104,0.74973637,0.24990825,1,22844,"{""type"":""MultiPoint"",""coordinates"":[]}"
1502_0,-0.0904042,0.33428165,-0.086722486,1,21294,"{""type"":""MultiPoint"",""coordinates"":[]}"
1503_0,0.12666996,0.5996187,0.012368024,1,1805,"{""type"":""MultiPoint"",""coordinates"":[]}"
1504_0,-0.043214202,0.34607396,-0.053053524,1,12837,"{""type"":""MultiPoint"",""coordinates"":[]}"
1505_0,0.0941337,0.6357039,0.066978924,1,8909,"{""type"":""MultiPoint"",""coordinates"":[]}"
1506_0,0.18482725,0.70569104,0.10858653,1,16505,"{""type"":""MultiPoint"",""coordinates"":[]}"
1507_0,0.031188536,0.53302324,0.019850478,1,18569,"{""type"":""MultiPoint"",""coordinates"":[]}"
1508_0,0.02136955,0.26234907,0.015698588,1,10987,"{""type"":""MultiPoint"",""coordinates"":[]}"
1509_0,-0.012992832,0.4531351,-0.031713437,1,21479,"{""type"":""MultiPoint"",""coordinates"":[]}"
1510_0,0.05239333,0.06425248,0.041709054,1,5214,"{""type"":""MultiPoint"",""coordinates"":[]}"
1511_0,-0.031012474,0.48076716,-0.0216443,1,7442,"{""type"":""MultiPoint"",""coordinates"":[]}"
1512_0,0.1740594,0.66067874,0.106381364,1,23069,"{""type"":""MultiPoint"",""coordinates"":[]}"
1513_0,0.074655354,0.507874,0.13692023,1,22057,"{""type"":""MultiPoint"",""coordinates"":[]}"
1514_0,0.24904214,0.78154427,0.24166666,1,21449,"{""type"":""MultiPoint"",""coordinates"":[]}"
1515_0,0.14834069,0.61942637,0.19805443,1,24443,"{""type"":""MultiPoint"",""coordinates"":[]}"
1516_0,-0.06601607,0.30528998,-0.123757906,1,14804,"{""type"":""MultiPoint"",""coordinates"":[]}"
1517_0,-0.06714138,0.4313309,-0.090607904,1,10362,"{""type"":""MultiPoint"",""coordinates"":[]}"
1518_0,0.05748115,0.27244762,-0.16804953,1,7801,"{""type"":""MultiPoint"",""coordinates"":[]}"
1519_0,-0.18699187,0.38666666,-0.18081354,1,16558,"{""type"":""MultiPoint"",""coordinates"":[]}"
1520_0,-0.08501384,0.35702312,-0.10410095,1,19977,"{""type"":""MultiPoint"",""coordinates"":[]}"
1521_0,-0.0053804764,0.26084787,-0.01710731,1,4170,"{""type"":""MultiPoint"",""coordinates"":[]}"
1522_0,0.003144102,0.30977893,-0.005420483,1,13205,"{""type"":""MultiPoint"",""coordinates"":[]}"
1523_0,-0.15529753,0.41835147,-0.17284727,1,12354,"{""type"":""MultiPoint"",""coordinates"":[]}"
1524_0,0.11519845,0.20870678,0.06924643,1,6600,"{""type"":""MultiPoint"",""coordinates"":[]}"
1525_0,-0.045025613,0.3694422,-0.06718062,1,1747,"{""type"":""MultiPoint"",""coordinates"":[]}"
1526_0,0.34177214,0.7903564,0.3384224,1,7918,"{""type"":""MultiPoint"",""coordinates"":[]}"
1527_0,0.07634524,0.6779261,0.08129781,1,17315,"{""type"":""MultiPoint"",""coordinates"":[]}"
1528_0,0.20836303,0.67623097,0.1970803,1,17395,"{""type"":""MultiPoint"",""coordinates"":[]}"
1529_0,0.104029305,0.67408544,0.1444561,1,23477,"{""type"":""MultiPoint"",""coordinates"":[]}"
1530_0,0.07950243,0.23544699,0.1167618,1,2752,"{""type"":""MultiPoint"",""coordinates"":[]}"
1531_0,0.23679304,0.7904762,0.2755162,1,1923,"{""type"":""MultiPoint"",""coordinates"":[]}"
1532_0,-0.053859517,0.41417453,-0.11122554,1,3780,"{""type"":""MultiPoint"",""coordinates"":[]}"
1533_0,0.21070866,0.68069774,0.2041918,1,873,"{""type"":""MultiPoint"",""coordinates"":[]}"
1534_0,-0.038798124,0.2912243,-0.033713654,1,5533,"{""type"":""MultiPoint"",""coordinates"":[]}"
1535_0,0.3103503,0.8197602,0.12132891,1,15902,"{""type"":""MultiPoint"",""coordinates"":[]}"
1536_0,-0.09452112,0.404883,-0.12486568,1,24262,"{""type"":""MultiPoint"",""coordinates"":[]}"
1537_0,-0.03079664,0.39259258,-0.11478117,1,16447,"{""type"":""MultiPoint"",""coordinates"":[]}"
1538_0,-0.19049676,0.28739497,-0.28544775,1,14911,"{""type"":""MultiPoint"",""coordinates"":[]}"
1539_0,-0.2161215,0.40863788,-0.20207852,1,19004,"{""type"":""MultiPoint"",""coordinates"":[]}"
1540_0,0.2134774,0.6818544,0.17653905,1,4688,"{""type"":""MultiPoint"",""coordinates"":[]}"
1541_0,-0.07633168,0.45836577,-0.20615384,1,5853,"{""type"":""MultiPoint"",""coordinates"":[]}"
1542_0,-0.03646308,0.61154854,-0.11206281,1,9819,"{""type"":""MultiPoint"",""coordinates"":[]}"
1543_0,-0.0020509816,0.26640725,0.053470608,1,20357,"{""type"":""MultiPoint"",""coordinates"":[]}"
1544_0,-0.12210982,0.39915374,-0.17793594,1,9932,"{""type"":""MultiPoint"",""coordinates"":[]}"
1545_0,-0.1828871,0.18643361,-0.26723585,1,10037,"{""type"":""MultiPoint"",""coordinates"":[]}"
1546_0,0.021711366,0.3697561,-0.06961899,1,25321,"{""type"":""MultiPoint"",""coordinates"":[]}"
1547_0,0.16386293,0.6739045,0.17818041,1,7439,"{""type"":""MultiPoint"",""coordinates"":[]}"
1548_0,-0.034518026,0.36179146,-0.019400353,1,4813,"{""type"":""MultiPoint"",""coordinates"":[]}"
1549_0,0.17384161,0.67464584,0.11879896,1,21396,"{""type"":""MultiPoint"",""coordinates"":[]}"
1550_0,-0.07311178,0.39990115,-0.0950764,1,8878,"{""type"":""MultiPoint"",""coordinates"":[]}"
1551_0,-0.027590435,0.3996755,-0.12861952,1,11592,"{""type"":""MultiPoint"",""coordinates"":[]}"
1552_0,0.061602417,0.53900707,0.08020004,1,21582,"{""type"":""MultiPoint"",""coordinates"":[]}"
1553_0,-0.014605067,0.14315853,-0.04357727,1,5174,"{""type"":""MultiPoint"",""coordinates"":[]}"
1554_0,-0.04467354,0.15553938,-0.08657665,1,12264,"{""type"":""MultiPoint"",""coordinates"":[]}"
1555_0,0.013968776,0.5729596,-0.0027367268,1,12980,"{""type"":""MultiPoint"",""coordinates"":[]}"
1556_0,-0.0077307867,0.5592011,-0.0068150843,1,9124,"{""type"":""MultiPoint"",""coordinates"":[]}"
1557_0,0.0056639398,0.39473686,-0.039473683,1,16565,"{""type"":""MultiPoint"",""coordinates"":[]}"
1558_0,0.3753866,0.8238321,0.4228961,1,15209,"{""type"":""MultiPoint"",""coordinates"":[]}"
1559_0,0.3236994,0.6195006,0.22957198,1,19864,"{""type"":""MultiPoint"",""coordinates"":[]}"
1560_0,-0.116385214,0.3695413,-0.17145593,1,17893,"{""type"":""MultiPoint"",""coordinates"":[]}"
1561_0,-0.03448276,0.52947783,-0.13884993,1,19327,"{""type"":""MultiPoint"",""coordinates"":[]}"
1562_0,-0.19124797,0.3433084,-0.15414813,1,14524,"{""type"":""MultiPoint"",""coordinates"":[]}"
1563_0,-0.1131397,0.43574592,-0.15965419,1,21321,"{""type"":""MultiPoint"",""coordinates"":[]}"
1564_0,-0.06482364,0.49532712,-0.21611322,1,13536,"{""type"":""MultiPoint"",""coordinates"":[]}"
1565_0,-0.042464614,0.488684,-0.10053809,1,2830,"{""type"":""MultiPoint"",""coordinates"":[]}"
1566_0,0.11381556,0.59229267,0.099118546,1,7969,"{""type"":""MultiPoint"",""coordinates"":[]}"
1567_0,0.2555189,0.79268295,0.30044052,1,9373,"{""type"":""MultiPoint"",""coordinates"":[]}"
1568_0,0.32443258,0.75064045,0.33899412,1,22292,"{""type"":""MultiPoint"",""coordinates"":[]}"
1569_0,0.24282435,0.7213669,0.29054055,1,25488,"{""type"":""MultiPoint"",""coordinates"":[]}"
1570_0,0.01932029,0.5464021,-0.012600809,1,24482,"{""type"":""MultiPoint"",""coordinates"":[]}"
1571_0,-3.7750095E-4,0.3409091,-0.010293557,1,14835,"{""type"":""MultiPoint"",""coordinates"":[]}"
1572_0,-0.07310281,0.34110993,-0.063722104,1,12761,"{""type"":""MultiPoint"",""coordinates"":[]}"
1573_0,-0.043939687,0.30379692,-0.012801042,1,13225,"{""type"":""MultiPoint"",""coordinates"":[]}"
1574_0,0.10899471,0.06122449,0.109337434,1,5226,"{""type"":""MultiPoint"",""coordinates"":[]}"
1575_0,-0.05194452,0.47655895,-0.021417798,1,12965,"{""type"":""MultiPoint"",""coordinates"":[]}"
1576_0,-0.07352514,0.4800885,-0.13977167,1,3441,"{""type"":""MultiPoint"",""coordinates"":[]}"
1577_0,0.19450372,0.12250728,0.22593845,1,10192,"{""type"":""MultiPoint"",""coordinates"":[]}"
1578_0,0.02321715,0.0137175,0.03553002,1,17708,"{""type"":""MultiPoint"",""coordinates"":[]}"
1579_0,0.114918604,0.67491156,0.14589347,1,8977,"{""type"":""MultiPoint"",""coordinates"":[]}"
1580_0,0.13011153,0.57464343,0.19412382,1,127,"{""type"":""MultiPoint"",""coordinates"":[]}"
1581_0,0.07759563,0.5828427,0.057150822,1,23204,"{""type"":""MultiPoint"",""coordinates"":[]}"
1582_0,-0.11166922,0.53644305,-0.20204592,1,8517,"{""type"":""MultiPoint"",""coordinates"":[]}"
1583_0,-0.16787912,0.41017714,-0.16374123,1,5472,"{""type"":""MultiPoint"",""coordinates"":[]}"
1584_0,-0.15303351,0.39179632,-0.1863354,1,20458,"{""type"":""MultiPoint"",""coordinates"":[]}"
1585_0,-0.045827813,0.27729332,-0.08219442,1,5937,"{""type"":""MultiPoint"",""coordinates"":[]}"
1586_0,0.36050782,0.85262346,0.3451181,1,9976,"{""type"":""MultiPoint"",""coordinates"":[]}"
1587_0,-0.0832271,0.3875523,-0.080256544,1,16233,"{""type"":""MultiPoint"",""coordinates"":[]}"
1588_0,0.008158352,0.22814208,-0.070597365,1,12680,"{""type"":""MultiPoint"",""coordinates"":[]}"
1589_0,0.13083498,0.7102729,0.17202368,1,3498,"{""type"":""MultiPoint"",""coordinates"":[]}"
1590_0,-0.17955595,0.3841188,-0.2121668,1,12121,"{""type"":""MultiPoint"",""coordinates"":[]}"
1591_0,-0.026237989,0.25812167,0.024306744,1,17535,"{""type"":""MultiPoint"",""coordinates"":[]}"
1592_0,0.1040887,0.33867615,0.06373117,1,17723,"{""type"":""MultiPoint"",""coordinates"":[]}"
1593_0,0.051027477,0.5856237,0.106401384,1,624,"{""type"":""MultiPoint"",""coordinates"":[]}"
1594_0,-0.026154703,0.4413893,0.02823993,1,11661,"{""type"":""MultiPoint"",""coordinates"":[]}"
1595_0,0.2678095,0.6457341,0.32820693,1,2119,"{""type"":""MultiPoint"",""coordinates"":[]}"
1596_0,0.44821388,0.8169491,0.37154555,1,22900,"{""type"":""MultiPoint"",""coordinates"":[]}"
1597_0,-0.052657124,0.24717514,-0.017644646,1,6052,"{""type"":""MultiPoint"",""coordinates"":[]}"
1598_0,-0.06091232,0.5103093,-0.08669313,1,9892,"{""type"":""MultiPoint"",""coordinates"":[]}"
1599_0,0.20586887,0.55630934,0.17579028,1,10475,"{""type"":""MultiPoint"",""coordinates"":[]}"
1600_0,0.0147492075,0.35745165,0.024802122,1,20891,"{""type"":""MultiPoint"",""coordinates"":[]}"
1601_0,0.38362244,0.77119786,0.23262355,1,964,"{""type"":""MultiPoint"",""coordinates"":[]}"
1602_0,0.25471917,0.5788288,0.2616024,1,11897,"{""type"":""MultiPoint"",""coordinates"":[]}"
1603_0,0.0033508856,0.4787286,-0.033763655,1,6646,"{""type"":""MultiPoint"",""coordinates"":[]}"
1604_0,0.21842448,0.62250876,0.21645796,1,19620,"{""type"":""MultiPoint"",""coordinates"":[]}"
1605_0,0.1996917,0.70906377,0.1593142,1,9731,"{""type"":""MultiPoint"",""coordinates"":[]}"
1606_0,0.010817308,0.41968292,0.029290348,1,9504,"{""type"":""MultiPoint"",""coordinates"":[]}"
1607_0,0.07844523,0.4544139,0.030201964,1,25119,"{""type"":""MultiPoint"",""coordinates"":[]}"
1608_0,0.15295972,0.39191428,0.14036147,1,23886,"{""type"":""MultiPoint"",""coordinates"":[]}"
1609_0,-0.12598425,0.37716895,-0.12503627,1,13702,"{""type"":""MultiPoint"",""coordinates"":[]}"
1610_0,0.32806325,1.0,0.36802974,1,18825,"{""type"":""MultiPoint"",""coordinates"":[]}"
1611_0,0.03514995,0.14078529,0.05402309,1,21057,"{""type"":""MultiPoint"",""coordinates"":[]}"
1612_0,-0.087728195,0.3152133,-0.114575215,1,19755,"{""type"":""MultiPoint"",""coordinates"":[]}"
1613_0,0.26248655,0.8341306,0.29565862,1,15937,"{""type"":""MultiPoint"",""coordinates"":[]}"
1614_0,-0.01605163,0.16013943,-0.042798914,1,24227,"{""type"":""MultiPoint"",""coordinates"":[]}"
1615_0,-0.16664805,0.3243065,-0.16614129,1,6234,"{""type"":""MultiPoint"",""coordinates"":[]}"
1616_0,-0.17816946,0.2987013,-0.15952638,1,9579,"{""type"":""MultiPoint"",""coordinates"":[]}"
1617_0,0.42307693,0.84367037,0.491481,1,23842,"{""type"":""MultiPoint"",""coordinates"":[]}"
1618_0,0.13503575,0.0028382214,0.19724451,1,5683,"{""type"":""MultiPoint"",""coordinates"":[]}"
1619_0,-0.087707184,0.45932415,-0.09489051,1,19270,"{""type"":""MultiPoint"",""coordinates"":[]}"
1620_0,0.2503864,0.84840566,0.2673967,1,19628,"{""type"":""MultiPoint"",""coordinates"":[]}"
1621_0,-0.08480565,-0.017957928,-0.071774974,1,22440,"{""type"":""MultiPoint"",""coordinates"":[]}"
1622_0,0.1663158,0.5346882,0.18757327,1,503,"{""type"":""MultiPoint"",""coordinates"":[]}"
1623_0,-0.20185718,0.2975913,-0.23413289,1,22620,"{""type"":""MultiPoint"",""coordinates"":[]}"
1624_0,-0.04886562,0.4082397,-0.019508058,1,20762,"{""type"":""MultiPoint"",""coordinates"":[]}"
1625_0,0.21898195,0.7623145,0.26274502,1,22640,"{""type"":""MultiPoint"",""coordinates"":[]}"
1626_0,0.06177197,0.46349457,0.06079151,1,13027,"{""type"":""MultiPoint"",""coordinates"":[]}"
1627_0,0.14547707,0.67859465,0.19003691,1,22988,"{""type"":""MultiPoint"",""coordinates"":[]}"
1628_0,-0.10029326,0.3986135,-0.07507163,1,9010,"{""type"":""MultiPoint"",""coordinates"":[]}"
1629_0,-0.08361002,0.45010614,-0.106658444,1,23498,"{""type"":""MultiPoint"",""coordinates"":[]}"
1630_0,0.41777325,0.9021407,0.39474428,1,2622,"{""type"":""MultiPoint"",""coordinates"":[]}"
1631_0,-0.07123035,0.37852487,-0.078913756,1,5528,"{""type"":""MultiPoint"",""coordinates"":[]}"
1632_0,0.43434343,0.8078886,0.42804086,1,2009,"{""type"":""MultiPoint"",""coordinates"":[]}"
1633_0,0.13558649,0.3018868,0.10974611,1,17959,"{""type"":""MultiPoint"",""coordinates"":[]}"
1634_0,-0.12255305,0.33493397,-0.060945272,1,23114,"{""type"":""MultiPoint"",""coordinates"":[]}"
1635_0,0.085094854,0.4,0.062222224,1,4286,"{""type"":""MultiPoint"",""coordinates"":[]}"
1636_0,0.13711734,0.31991953,0.09589041,1,4783,"{""type"":""MultiPoint"",""coordinates"":[]}"
1637_0,0.0072747623,0.42503864,0.018362284,1,8410,"{""type"":""MultiPoint"",""coordinates"":[]}"
1638_0,0.18471338,0.7530756,0.23414785,1,928,"{""type"":""MultiPoint"",""coordinates"":[]}"
1639_0,0.052290667,0.2866817,0.11224877,1,22722,"{""type"":""MultiPoint"",""coordinates"":[]}"
1640_0,0.02841555,0.557551,0.045542367,1,25496,"{""type"":""MultiPoint"",""coordinates"":[]}"
1641_0,-0.017684352,0.42128935,-0.035665296,1,15827,"{""type"":""MultiPoint"",""coordinates"":[]}"
1642_0,-0.09521127,0.38901708,-0.12728328,1,5260,"{""type"":""MultiPoint"",""coordinates"":[]}"
1643_0,0.022141341,0.56366724,0.017672151,1,4936,"{""type"":""MultiPoint"",""coordinates"":[]}"
1644_0,0.51449275,0.70784885,0.45678413,1,16793,"{""type"":""MultiPoint"",""coordinates"":[]}"
1645_0,-0.06455982,0.27185857,0.06907631,1,12702,"{""type"":""MultiPoint"",""coordinates"":[]}"
1646_0,-0.1581604,0.36300418,-0.199187,1,22115,"{""type"":""MultiPoint"",""coordinates"":[]}"
1647_0,0.21704285,0.7816729,0.20843092,1,21555,"{""type"":""MultiPoint"",""coordinates"":[]}"
1648_0,0.028108295,0.3772405,0.011789925,1,2734,"{""type"":""MultiPoint"",""coordinates"":[]}"
1649_0,-0.12992126,0.42986882,-0.1388889,1,19184,"{""type"":""MultiPoint"",""coordinates"":[]}"
1650_0,0.00551081,0.64173913,0.0043358295,1,20043,"{""type"":""MultiPoint"",""coordinates"":[]}"
1651_0,0.51235807,0.87379014,0.5282602,1,828,"{""type"":""MultiPoint"",""coordinates"":[]}"
1652_0,0.1824279,0.6764092,0.12080779,1,1729,"{""type"":""MultiPoint"",""coordinates"":[]}"
1653_0,-0.056116723,0.39873418,-0.031232877,1,20754,"{""type"":""MultiPoint"",""coordinates"":[]}"
1654_0,0.05770887,0.6203233,0.09170306,1,20225,"{""type"":""MultiPoint"",""coordinates"":[]}"
1655_0,0.10752987,0.48660898,0.04367949,1,19995,"{""type"":""MultiPoint"",""coordinates"":[]}"
1656_0,0.029982364,0.51758796,-0.022938624,1,10342,"{""type"":""MultiPoint"",""coordinates"":[]}"
1657_0,0.37741244,0.8348813,0.36073396,1,24532,"{""type"":""MultiPoint"",""coordinates"":[]}"
1658_0,0.3432253,0.6956743,0.32907858,1,6481,"{""type"":""MultiPoint"",""coordinates"":[]}"
1659_0,-0.01986755,0.3964807,-0.060943298,1,25299,"{""type"":""MultiPoint"",""coordinates"":[]}"
1660_0,-0.05973025,0.41328412,-0.16784357,1,3350,"{""type"":""MultiPoint"",""coordinates"":[]}"
1661_0,-0.03154848,0.40321454,0.060126584,1,5844,"{""type"":""MultiPoint"",""coordinates"":[]}"
1662_0,0.16121285,0.7792164,0.16513117,1,775,"{""type"":""MultiPoint"",""coordinates"":[]}"
1663_0,-0.22296016,0.3258004,-0.21718602,1,20408,"{""type"":""MultiPoint"",""coordinates"":[]}"
1664_0,-0.075817,0.31348956,-0.08694695,1,20356,"{""type"":""MultiPoint"",""coordinates"":[]}"
1665_0,-0.158959,0.30966058,-0.20639251,1,19773,"{""type"":""MultiPoint"",""coordinates"":[]}"
1666_0,0.1844071,0.66189504,0.1986234,1,3609,"{""type"":""MultiPoint"",""coordinates"":[]}"
1667_0,0.10886417,0.64342856,0.042028986,1,25322,"{""type"":""MultiPoint"",""coordinates"":[]}"
1668_0,-0.16410048,0.37061948,-0.19484301,1,21480,"{""type"":""MultiPoint"",""coordinates"":[]}"
1669_0,-0.14522822,0.43722942,-0.26171428,1,17605,"{""type"":""MultiPoint"",""coordinates"":[]}"
1670_0,0.22833228,0.7164554,0.20661019,1,24422,"{""type"":""MultiPoint"",""coordinates"":[]}"
1671_0,0.27424836,0.67293084,0.18931212,1,8393,"{""type"":""MultiPoint"",""coordinates"":[]}"
1672_0,0.29502228,0.6584583,0.2569752,1,3318,"{""type"":""MultiPoint"",""coordinates"":[]}"
1673_0,0.3728854,0.84729064,0.399361,1,2111,"{""type"":""MultiPoint"",""coordinates"":[]}"
1674_0,0.41637832,0.83299387,0.3635347,1,15392,"{""type"":""MultiPoint"",""coordinates"":[]}"
1675_0,0.16515973,0.6989619,0.17061886,1,25214,"{""type"":""MultiPoint"",""coordinates"":[]}"
1676_0,-0.01767904,0.53812313,-0.030103033,1,3222,"{""type"":""MultiPoint"",""coordinates"":[]}"
1677_0,-0.11626388,0.39061773,-0.12954395,1,21943,"{""type"":""MultiPoint"",""coordinates"":[]}"
1678_0,0.22593719,0.77000326,0.2806898,1,18838,"{""type"":""MultiPoint"",""coordinates"":[]}"
1679_0,0.00848111,0.5576324,0.031656116,1,13643,"{""type"":""MultiPoint"",""coordinates"":[]}"
1680_0,-0.041840088,0.32234043,-0.073346876,1,12148,"{""type"":""MultiPoint"",""coordinates"":[]}"
1681_0,-0.06278146,0.42353365,-0.02393289,1,13649,"{""type"":""MultiPoint"",""coordinates"":[]}"
1682_0,-0.035114132,0.3180769,-0.046314187,1,2420,"{""type"":""MultiPoint"",""coordinates"":[]}"
1683_0,-0.095446035,0.40712222,-0.14771242,1,18612,"{""type"":""MultiPoint"",""coordinates"":[]}"
1684_0,0.0787172,0.6919692,0.19261214,1,14573,"{""type"":""MultiPoint"",""coordinates"":[]}"
1685_0,0.025231555,0.39657566,-0.005601318,1,8280,"{""type"":""MultiPoint"",""coordinates"":[]}"
1686_0,0.054931335,0.56606686,0.06572104,1,2055,"{""type"":""MultiPoint"",""coordinates"":[]}"
1687_0,-0.049416754,0.35893854,-0.10842294,1,19373,"{""type"":""MultiPoint"",""coordinates"":[]}"
1688_0,0.03992629,0.5467197,0.01944608,1,8957,"{""type"":""MultiPoint"",""coordinates"":[]}"
1689_0,-0.060085837,0.525463,-0.30411828,1,12189,"{""type"":""MultiPoint"",""coordinates"":[]}"
1690_0,-0.11471677,0.42530924,-0.11725293,1,22642,"{""type"":""MultiPoint"",""coordinates"":[]}"
1691_0,0.105367795,0.5877966,0.12427022,1,11860,"{""type"":""MultiPoint"",""coordinates"":[]}"
1692_0,-0.029864253,0.48297873,-0.08181818,1,18056,"{""type"":""MultiPoint"",""coordinates"":[]}"
1693_0,-0.10297359,0.41551617,-0.14947358,1,13637,"{""type"":""MultiPoint"",""coordinates"":[]}"
1694_0,-0.07794527,0.40792584,-0.09281465,1,19525,"{""type"":""MultiPoint"",""coordinates"":[]}"
1695_0,0.38814017,0.66787004,0.34107402,1,9358,"{""type"":""MultiPoint"",""coordinates"":[]}"
1696_0,0.12158394,0.45121193,0.13158466,1,19920,"{""type"":""MultiPoint"",""coordinates"":[]}"
1697_0,0.048947502,0.5890985,0.060921248,1,18842,"{""type"":""MultiPoint"",""coordinates"":[]}"
1698_0,0.18756586,0.71138847,0.2124617,1,24518,"{""type"":""MultiPoint"",""coordinates"":[]}"
1699_0,-0.03693799,0.080996476,-0.039892726,1,10274,"{""type"":""MultiPoint"",""coordinates"":[]}"
1700_0,0.05929919,0.4266855,0.040220007,1,7201,"{""type"":""MultiPoint"",""coordinates"":[]}"
1701_0,0.0980775,0.53939855,0.10165184,1,15697,"{""type"":""MultiPoint"",""coordinates"":[]}"
1702_0,-0.120257236,0.417757,-0.13930674,1,21065,"{""type"":""MultiPoint"",""coordinates"":[]}"
1703_0,-0.07745773,0.4506765,-0.036888316,1,22345,"{""type"":""MultiPoint"",""coordinates"":[]}"
1704_0,-0.14173229,0.4483117,-0.17846239,1,18174,"{""type"":""MultiPoint"",""coordinates"":[]}"
1705_0,0.26803717,0.75035334,0.2393967,1,9264,"{""type"":""MultiPoint"",""coordinates"":[]}"
1706_0,-0.08044983,0.5471698,-0.18669833,1,19502,"{""type"":""MultiPoint"",""coordinates"":[]}"
1707_0,0.06185878,0.46811527,0.034139402,1,5038,"{""type"":""MultiPoint"",""coordinates"":[]}"
1708_0,-0.041077442,0.39807075,-0.119478635,1,12194,"{""type"":""MultiPoint"",""coordinates"":[]}"
1709_0,0.24324325,0.75122875,0.22545756,1,7922,"{""type"":""MultiPoint"",""coordinates"":[]}"
1710_0,-0.12970711,0.4680535,-0.14138035,1,22267,"{""type"":""MultiPoint"",""coordinates"":[]}"
1711_0,-0.03355263,0.41846418,0.022706065,1,8373,"{""type"":""MultiPoint"",""coordinates"":[]}"
1712_0,0.18622765,0.4608575,0.17560889,1,21417,"{""type"":""MultiPoint"",""coordinates"":[]}"
1713_0,-0.120607786,0.4180791,-0.006161797,1,5348,"{""type"":""MultiPoint"",""coordinates"":[]}"
1714_0,-0.039321873,0.45631796,-0.045367062,1,2359,"{""type"":""MultiPoint"",""coordinates"":[]}"
1715_0,-0.09684685,0.46072975,-0.14636791,1,23378,"{""type"":""MultiPoint"",""coordinates"":[]}"
1716_0,-0.114754096,0.41290984,-0.1292281,1,14964,"{""type"":""MultiPoint"",""coordinates"":[]}"
1717_0,0.34636515,0.7562137,0.32610828,1,6340,"{""type"":""MultiPoint"",""coordinates"":[]}"
1718_0,0.06497175,0.39257592,0.0433526,1,23546,"{""type"":""MultiPoint"",""coordinates"":[]}"
1719_0,-0.06994694,0.2828653,-0.0036199095,1,19067,"{""type"":""MultiPoint"",""coordinates"":[]}"
1720_0,-0.0040053404,0.5222552,-0.04735376,1,10646,"{""type"":""MultiPoint"",""coordinates"":[]}"
1721_0,-0.06885011,0.4176524,-0.031848602,1,17550,"{""type"":""MultiPoint"",""coordinates"":[]}"
1722_0,-0.09216735,0.4611399,-0.07359307,1,23010,"{""type"":""MultiPoint"",""coordinates"":[]}"
1723_0,0.16818951,0.57444894,0.20375769,1,24627,"{""type"":""MultiPoint"",""coordinates"":[]}"
1724_0,-0.11612903,0.3211488,-0.12228797,1,4413,"{""type"":""MultiPoint"",""coordinates"":[]}"
1725_0,0.31682497,0.78118163,0.29009518,1,5391,"{""type"":""MultiPoint"",""coordinates"":[]}"
1726_0,-0.1388889,0.46376812,-0.16535927,1,6126,"{""type"":""MultiPoint"",""coordinates"":[]}"
1727_0,-0.034252685,0.4468758,-0.03334507,1,7819,"{""type"":""MultiPoint"",""coordinates"":[]}"
1728_0,0.23432836,0.6225908,0.25129622,1,11890,"{""type"":""MultiPoint"",""coordinates"":[]}"
1729_0,0.05496041,0.66483516,0.028489346,1,10594,"{""type"":""MultiPoint"",""coordinates"":[]}"
1730_0,0.15824088,0.5804881,0.1261147,1,5053,"{""type"":""MultiPoint"",""coordinates"":[]}"
1731_0,0.31590372,0.7709585,0.20885193,1,4043,"{""type"":""MultiPoint"",""coordinates"":[]}"
1732_0,-0.18961985,0.4249605,-0.1910314,1,21126,"{""type"":""MultiPoint"",""coordinates"":[]}"
1733_0,-0.030629292,0.41699055,-0.10995602,1,3789,"{""type"":""MultiPoint"",""coordinates"":[]}"
1734_0,0.3009665,0.7859039,0.32051563,1,12591,"{""type"":""MultiPoint"",""coordinates"":[]}"
1735_0,-0.025322998,0.3717901,-0.03684348,1,5716,"{""type"":""MultiPoint"",""coordinates"":[]}"
1736_0,-0.1502724,0.34563676,-0.2284604,1,10305,"{""type"":""MultiPoint"",""coordinates"":[]}"
1737_0,0.16235955,0.6576577,0.09561075,1,22762,"{""type"":""MultiPoint"",""coordinates"":[]}"
1738_0,-0.052592035,0.38045976,-0.037984066,1,3820,"{""type"":""MultiPoint"",""coordinates"":[]}"
1739_0,-0.044793665,0.1736542,-0.049101047,1,5068,"{""type"":""MultiPoint"",""coordinates"":[]}"
1740_0,-0.14078023,0.42314583,-0.14585233,1,3362,"{""type"":""MultiPoint"",""coordinates"":[]}"
1741_0,-0.038430743,0.32895353,-0.045967743,1,17471,"{""type"":""MultiPoint"",""coordinates"":[]}"
1742_0,-0.054740608,0.49448344,-0.046095237,1,2842,"{""type"":""MultiPoint"",""coordinates"":[]}"
1743_0,0.0051132212,0.47907647,-0.03943017,1,10520,"{""type"":""MultiPoint"",""coordinates"":[]}"
1744_0,0.3580247,0.8572703,0.19317557,1,5115,"{""type"":""MultiPoint"",""coordinates"":[]}"
1745_0,-0.021916913,0.50029325,-0.037184596,1,5927,"{""type"":""MultiPoint"",""coordinates"":[]}"
1746_0,0.3183572,0.84866744,0.36844778,1,9214,"{""type"":""MultiPoint"",""coordinates"":[]}"
1747_0,0.2714563,0.78481704,0.27060652,1,21705,"{""type"":""MultiPoint"",""coordinates"":[]}"
1748_0,-0.09104938,0.49011225,-0.04604811,1,7717,"{""type"":""MultiPoint"",""coordinates"":[]}"
1749_0,0.33898592,0.7886366,0.22105372,1,15968,"{""type"":""MultiPoint"",""coordinates"":[]}"
1750_0,0.25373134,0.6186186,0.17943107,1,24762,"{""type"":""MultiPoint"",""coordinates"":[]}"
1751_0,0.184251,0.71477515,0.13991477,1,17894,"{""type"":""MultiPoint"",""coordinates"":[]}"
1752_0,0.1990916,0.67838126,0.35482484,1,13831,"{""type"":""MultiPoint"",""coordinates"":[]}"
1753_0,0.12544295,0.69634587,0.1472011,1,18303,"{""type"":""MultiPoint"",""coordinates"":[]}"
1754_0,0.03394145,0.51934826,-0.015873017,1,3548,"{""type"":""MultiPoint"",""coordinates"":[]}"
1755_0,0.04124716,0.43770492,0.08635098,1,21860,"{""type"":""MultiPoint"",""coordinates"":[]}"
1756_0,0.11291919,0.62802315,0.11519989,1,13349,"{""type"":""MultiPoint"",""coordinates"":[]}"
1757_0,0.03272795,0.6281459,-0.00861123,1,478,"{""type"":""MultiPoint"",""coordinates"":[]}"
1758_0,-0.16171329,0.38368055,-0.24206816,1,18776,"{""type"":""MultiPoint"",""coordinates"":[]}"
1759_0,-0.055953328,0.21400993,-0.14277269,1,23284,"{""type"":""MultiPoint"",""coordinates"":[]}"
1760_0,0.19467413,0.23855421,0.2734859,1,9423,"{""type"":""MultiPoint"",""coordinates"":[]}"
1761_0,-0.102503546,0.39401197,-0.13164452,1,17780,"{""type"":""MultiPoint"",""coordinates"":[]}"
1762_0,-0.014984575,0.29574677,0.00796253,1,21075,"{""type"":""MultiPoint"",""coordinates"":[]}"
1763_0,0.051600263,0.5031407,0.056734517,1,24621,"{""type"":""MultiPoint"",""coordinates"":[]}"
1764_0,-0.06281789,0.36541787,-0.065075286,1,4504,"{""type"":""MultiPoint"",""coordinates"":[]}"
1765_0,0.09886187,0.68122196,0.05530567,1,9989,"{""type"":""MultiPoint"",""coordinates"":[]}"
1766_0,0.21791215,0.68715495,0.25143325,1,23004,"{""type"":""MultiPoint"",""coordinates"":[]}"
1767_0,-0.20246208,0.3605244,-0.18835542,1,20789,"{""type"":""MultiPoint"",""coordinates"":[]}"
1768_0,0.38666666,0.84236455,0.47492957,1,1092,"{""type"":""MultiPoint"",""coordinates"":[]}"
1769_0,0.44699064,0.8851035,0.47657138,1,24451,"{""type"":""MultiPoint"",""coordinates"":[]}"
1770_0,0.45470852,0.8444278,0.5318275,1,1968,"{""type"":""MultiPoint"",""coordinates"":[]}"
1771_0,0.026300179,0.52793473,0.0144115295,1,23022,"{""type"":""MultiPoint"",""coordinates"":[]}"
1772_0,-0.08326229,0.4877193,-0.19949654,1,24031,"{""type"":""MultiPoint"",""coordinates"":[]}"
1773_0,0.08076923,0.4768667,0.037656903,1,18794,"{""type"":""MultiPoint"",""coordinates"":[]}"
1774_0,-0.09305761,0.45034012,-0.16260801,1,10869,"{""type"":""MultiPoint"",""coordinates"":[]}"
1775_0,0.40904018,0.84282744,0.35328245,1,7136,"{""type"":""MultiPoint"",""coordinates"":[]}"
1776_0,0.048800662,0.4936366,0.090549625,1,17877,"{""type"":""MultiPoint"",""coordinates"":[]}"
1777_0,0.047956366,0.35234657,0.026020268,1,25030,"{""type"":""MultiPoint"",""coordinates"":[]}"
1778_0,0.026110364,0.41802743,0.0,1,2762,"{""type"":""MultiPoint"",""coordinates"":[]}"
1779_0,0.07012987,0.5904822,0.0067380103,1,16686,"{""type"":""MultiPoint"",""coordinates"":[]}"
1780_0,-0.18030605,0.5532646,-0.32436472,1,9061,"{""type"":""MultiPoint"",""coordinates"":[]}"
1781_0,-0.0043033888,0.046796426,0.03514212,1,14236,"{""type"":""MultiPoint"",""coordinates"":[]}"
1782_0,0.28662068,0.7997699,0.2861771,1,970,"{""type"":""MultiPoint"",""coordinates"":[]}"
1783_0,0.39566424,0.82921094,0.39006588,1,13196,"{""type"":""MultiPoint"",""coordinates"":[]}"
1784_0,-0.16306695,0.36876008,-0.15993538,1,12717,"{""type"":""MultiPoint"",""coordinates"":[]}"
1785_0,-0.054957837,0.4572954,-0.10398025,1,3315,"{""type"":""MultiPoint"",""coordinates"":[]}"
1786_0,-0.002204253,0.5496485,0.0033509622,1,1422,"{""type"":""MultiPoint"",""coordinates"":[]}"
1787_0,-0.23761545,0.23676118,-0.23532996,1,7428,"{""type"":""MultiPoint"",""coordinates"":[]}"
1788_0,-0.08153743,0.36884692,-0.051259775,1,24727,"{""type"":""MultiPoint"",""coordinates"":[]}"
1789_0,-0.16435924,0.36284152,-0.12902693,1,13326,"{""type"":""MultiPoint"",""coordinates"":[]}"
1790_0,0.29230255,0.52904975,0.3505859,1,24574,"{""type"":""MultiPoint"",""coordinates"":[]}"
1791_0,-0.13180317,0.43766552,-0.107630156,1,11414,"{""type"":""MultiPoint"",""coordinates"":[]}"
1792_0,-0.14234762,0.31155387,-0.1464218,1,3184,"{""type"":""MultiPoint"",""coordinates"":[]}"
1793_0,-0.068609275,0.37729225,-0.1058114,1,13363,"{""type"":""MultiPoint"",""coordinates"":[]}"
1794_0,0.2980857,0.8048609,0.3840491,1,16098,"{""type"":""MultiPoint"",""coordinates"":[]}"
1795_0,0.1211084,0.6681712,0.107382044,1,2173,"{""type"":""MultiPoint"",""coordinates"":[]}"
1796_0,-0.12270876,0.3272411,-0.18230563,1,9658,"{""type"":""MultiPoint"",""coordinates"":[]}"
1797_0,0.36200905,0.78582406,0.3747964,1,1009,"{""type"":""MultiPoint"",""coordinates"":[]}"
1798_0,0.17739628,0.4244164,0.14685315,1,19068,"{""type"":""MultiPoint"",""coordinates"":[]}"
1799_0,-0.044577874,0.33079585,-0.0376864,1,20580,"{""type"":""MultiPoint"",""coordinates"":[]}"
1800_0,0.40128067,0.80588394,0.4906945,1,13312,"{""type"":""MultiPoint"",""coordinates"":[]}"
1801_0,0.081140794,0.7106787,0.081119195,1,210,"{""type"":""MultiPoint"",""coordinates"":[]}"
1802_0,0.0059490614,0.2851889,0.024892861,1,10312,"{""type"":""MultiPoint"",""coordinates"":[]}"
1803_0,-0.047584973,0.57252693,-0.025210084,1,1804,"{""type"":""MultiPoint"",""coordinates"":[]}"
1804_0,-0.017638266,0.3716599,-0.0023557127,1,5657,"{""type"":""MultiPoint"",""coordinates"":[]}"
1805_0,0.10925071,0.604555,0.038425066,1,10052,"{""type"":""MultiPoint"",""coordinates"":[]}"
1806_0,-0.117781505,0.2997619,-0.114279605,1,10041,"{""type"":""MultiPoint"",""coordinates"":[]}"
1807_0,-0.001612383,0.50418925,0.011503371,1,5871,"{""type"":""MultiPoint"",""coordinates"":[]}"
1808_0,0.046239212,0.5763787,0.031914894,1,13634,"{""type"":""MultiPoint"",""coordinates"":[]}"
1809_0,-0.07630751,0.4377432,-0.106345475,1,13638,"{""type"":""MultiPoint"",""coordinates"":[]}"
1810_0,0.18831366,0.7353763,0.2407942,1,24447,"{""type"":""MultiPoint"",""coordinates"":[]}"
1811_0,-0.03795424,0.397351,-0.057597365,1,11979,"{""type"":""MultiPoint"",""coordinates"":[]}"
1812_0,0.23714867,0.6027293,0.23647836,1,4699,"{""type"":""MultiPoint"",""coordinates"":[]}"
1813_0,-0.0840183,0.3265785,-0.10000325,1,12524,"{""type"":""MultiPoint"",""coordinates"":[]}"
1814_0,0.15086079,0.6861437,0.14663261,1,10726,"{""type"":""MultiPoint"",""coordinates"":[]}"
1815_0,-0.10649161,0.4513064,-0.07779751,1,19460,"{""type"":""MultiPoint"",""coordinates"":[]}"
1816_0,0.06378379,0.5874126,0.08495394,1,5107,"{""type"":""MultiPoint"",""coordinates"":[]}"
1817_0,0.11161345,0.6486486,0.10783201,1,23566,"{""type"":""MultiPoint"",""coordinates"":[]}"
1818_0,0.38343695,0.8684146,0.4033452,1,12456,"{""type"":""MultiPoint"",""coordinates"":[]}"
1819_0,-0.060099132,0.38045925,-0.10245901,1,19883,"{""type"":""MultiPoint"",""coordinates"":[]}"
1820_0,-0.066747576,0.567033,-0.07094134,1,16457,"{""type"":""MultiPoint"",""coordinates"":[]}"
1821_0,-0.015165031,0.55761796,-0.004703669,1,22444,"{""type"":""MultiPoint"",""coordinates"":[]}"
1822_0,0.013745705,0.4624669,0.14710252,1,19759,"{""type"":""MultiPoint"",""coordinates"":[]}"
1823_0,-0.032746956,0.59064883,-0.055893745,1,14854,"{""type"":""MultiPoint"",""coordinates"":[]}"
1824_0,0.24969937,0.53807104,0.11778244,1,15413,"{""type"":""MultiPoint"",""coordinates"":[]}"
1825_0,0.25422007,0.47835585,0.19698554,1,649,"{""type"":""MultiPoint"",""coordinates"":[]}"
1826_0,0.0898905,0.580673,0.048709076,1,15172,"{""type"":""MultiPoint"",""coordinates"":[]}"
1827_0,0.34456128,0.85736537,0.33604684,1,217,"{""type"":""MultiPoint"",""coordinates"":[]}"
1828_0,-0.0076530613,0.4516884,-0.04278403,1,17934,"{""type"":""MultiPoint"",""coordinates"":[]}"
1829_0,0.03785272,0.23218143,0.16366123,1,17938,"{""type"":""MultiPoint"",""coordinates"":[]}"
1830_0,0.2801676,0.7348887,0.25922933,1,4519,"{""type"":""MultiPoint"",""coordinates"":[]}"
1831_0,0.09643748,0.70740336,6.386636E-4,1,2676,"{""type"":""MultiPoint"",""coordinates"":[]}"
1832_0,0.14189382,0.6499931,0.10913419,1,2715,"{""type"":""MultiPoint"",""coordinates"":[]}"
1833_0,0.30843997,0.78632814,0.25181952,1,24850,"{""type"":""MultiPoint"",""coordinates"":[]}"
1834_0,0.093689,0.6608825,0.09191656,1,3226,"{""type"":""MultiPoint"",""coordinates"":[]}"
1835_0,-0.0057726465,0.30623126,-0.072189346,1,4900,"{""type"":""MultiPoint"",""coordinates"":[]}"
1836_0,0.0077000335,0.46604016,-0.037037037,1,4884,"{""type"":""MultiPoint"",""coordinates"":[]}"
1837_0,-0.080636,0.40553746,-0.048773766,1,22708,"{""type"":""MultiPoint"",""coordinates"":[]}"
1838_0,-0.0770416,0.42299023,-0.1437142,1,19231,"{""type"":""MultiPoint"",""coordinates"":[]}"
1839_0,0.3765477,0.8076152,0.58203125,1,16059,"{""type"":""MultiPoint"",""coordinates"":[]}"
1840_0,-0.19331859,0.2967033,-0.26085445,1,20064,"{""type"":""MultiPoint"",""coordinates"":[]}"
1841_0,-0.024141448,0.33209416,0.20068794,1,7484,"{""type"":""MultiPoint"",""coordinates"":[]}"
1842_0,-0.17412446,0.26893583,-0.1911993,1,12499,"{""type"":""MultiPoint"",""coordinates"":[]}"
1843_0,0.020061204,0.55782014,0.041166935,1,20646,"{""type"":""MultiPoint"",""coordinates"":[]}"
1844_0,-0.043450274,0.4195349,-0.018535972,1,14725,"{""type"":""MultiPoint"",""coordinates"":[]}"
1845_0,0.31429687,0.7200824,0.3659998,1,17307,"{""type"":""MultiPoint"",""coordinates"":[]}"
1846_0,0.047852762,0.5765625,0.03285899,1,17357,"{""type"":""MultiPoint"",""coordinates"":[]}"
1847_0,0.25132978,0.75619835,0.2785268,1,7576,"{""type"":""MultiPoint"",""coordinates"":[]}"
1848_0,-3.9698294E-4,0.45008367,-0.055276383,1,14073,"{""type"":""MultiPoint"",""coordinates"":[]}"
1849_0,-0.18795088,0.41823342,-0.16760974,1,6161,"{""type"":""MultiPoint"",""coordinates"":[]}"
1850_0,-0.10895742,0.42351717,-0.10960917,1,24695,"{""type"":""MultiPoint"",""coordinates"":[]}"
1851_0,-0.107256964,0.3284042,-0.14371617,1,12441,"{""type"":""MultiPoint"",""coordinates"":[]}"
1852_0,-0.06499133,0.4702431,-0.11423391,1,7552,"{""type"":""MultiPoint"",""coordinates"":[]}"
1853_0,-0.07055961,0.36202532,-0.079446435,1,22407,"{""type"":""MultiPoint"",""coordinates"":[]}"
1854_0,0.0047549377,0.39745075,0.01856073,1,7221,"{""type"":""MultiPoint"",""coordinates"":[]}"
1855_0,0.13268608,0.6333038,0.11675741,1,19673,"{""type"":""MultiPoint"",""coordinates"":[]}"
1856_0,-0.005603668,0.4752371,-0.010282776,1,5584,"{""type"":""MultiPoint"",""coordinates"":[]}"
1857_0,-0.23119368,0.21176103,-0.25595134,1,5711,"{""type"":""MultiPoint"",""coordinates"":[]}"
1858_0,-0.038859032,0.42071882,-0.05367591,1,12814,"{""type"":""MultiPoint"",""coordinates"":[]}"
1859_0,-0.038772214,0.43944004,-0.05194274,1,18399,"{""type"":""MultiPoint"",""coordinates"":[]}"
1860_0,-0.012801042,0.46330276,-0.082884826,1,16320,"{""type"":""MultiPoint"",""coordinates"":[]}"
1861_0,0.0077348067,0.45869565,0.043459054,1,3200,"{""type"":""MultiPoint"",""coordinates"":[]}"
1862_0,-0.028498646,0.065235905,-0.016202612,1,14222,"{""type"":""MultiPoint"",""coordinates"":[]}"
1863_0,0.08751762,0.024841694,0.14622019,1,25011,"{""type"":""MultiPoint"",""coordinates"":[]}"
1864_0,-0.13953066,0.50611246,-0.44275945,1,2592,"{""type"":""MultiPoint"",""coordinates"":[]}"
1865_0,-0.15703253,0.38000673,-0.1215971,1,5550,"{""type"":""MultiPoint"",""coordinates"":[]}"
1866_0,-0.057087407,0.46319625,-0.019643815,1,17990,"{""type"":""MultiPoint"",""coordinates"":[]}"
1867_0,-0.021531181,0.49225134,0.0076923077,1,13756,"{""type"":""MultiPoint"",""coordinates"":[]}"
1868_0,0.087347806,0.5766323,0.0710828,1,5436,"{""type"":""MultiPoint"",""coordinates"":[]}"
1869_0,0.007800312,0.37026778,0.026927784,1,23924,"{""type"":""MultiPoint"",""coordinates"":[]}"
1870_0,0.7950889,-0.0045191613,0.8020288,1,17697,"{""type"":""MultiPoint"",""coordinates"":[]}"
1871_0,0.09670015,0.48002076,0.11323944,1,9712,"{""type"":""MultiPoint"",""coordinates"":[]}"
1872_0,0.36609071,0.7534591,0.23267974,1,16036,"{""type"":""MultiPoint"",""coordinates"":[]}"
1873_0,-0.09063027,0.3841087,-0.09644434,1,18026,"{""type"":""MultiPoint"",""coordinates"":[]}"
1874_0,0.16393442,0.64834076,0.1679096,1,2561,"{""type"":""MultiPoint"",""coordinates"":[]}"
1875_0,-0.14808302,0.26796657,-0.17409241,1,6649,"{""type"":""MultiPoint"",""coordinates"":[]}"
1876_0,0.061594836,0.4640523,0.09526526,1,25343,"{""type"":""MultiPoint"",""coordinates"":[]}"
1877_0,-0.084436044,0.46871796,-0.14352159,1,22044,"{""type"":""MultiPoint"",""coordinates"":[]}"
1878_0,0.36695212,0.75633687,0.3475533,1,24409,"{""type"":""MultiPoint"",""coordinates"":[]}"
1879_0,0.007880379,0.5121163,0.047896065,1,20823,"{""type"":""MultiPoint"",""coordinates"":[]}"
1880_0,-0.016593887,0.43843845,-0.13745928,1,19824,"{""type"":""MultiPoint"",""coordinates"":[]}"
1881_0,0.28788927,0.78018016,0.36813018,1,25221,"{""type"":""MultiPoint"",""coordinates"":[]}"
1882_0,-0.043953434,0.2868307,-0.07196877,1,10277,"{""type"":""MultiPoint"",""coordinates"":[]}"
1883_0,-0.08224583,0.43992054,-0.10368307,1,22285,"{""type"":""MultiPoint"",""coordinates"":[]}"
1884_0,-0.042337507,0.42844245,-0.04984985,1,21444,"{""type"":""MultiPoint"",""coordinates"":[]}"
1885_0,-0.12047915,0.41767323,-0.06661648,1,22167,"{""type"":""MultiPoint"",""coordinates"":[]}"
1886_0,0.012099644,0.45193172,0.008742434,1,20637,"{""type"":""MultiPoint"",""coordinates"":[]}"
1887_0,0.30710077,0.7919687,0.30912682,1,134,"{""type"":""MultiPoint"",""coordinates"":[]}"
1888_0,0.09588252,0.5885656,0.08229989,1,18040,"{""type"":""MultiPoint"",""coordinates"":[]}"
1889_0,-0.012063099,0.46015936,-0.03152585,1,4393,"{""type"":""MultiPoint"",""coordinates"":[]}"
1890_0,0.4315335,0.87375414,0.4232558,1,11790,"{""type"":""MultiPoint"",""coordinates"":[]}"
1891_0,-0.09833423,0.19168174,-0.097155124,1,10249,"{""type"":""MultiPoint"",""coordinates"":[]}"
1892_0,-0.14389424,0.3853702,-0.15856603,1,1303,"{""type"":""MultiPoint"",""coordinates"":[]}"
1893_0,0.058902953,0.54889435,0.099309616,1,10443,"{""type"":""MultiPoint"",""coordinates"":[]}"
1894_0,-0.106832296,0.43396226,-0.20731707,1,7703,"{""type"":""MultiPoint"",""coordinates"":[]}"
1895_0,0.30040386,0.748676,0.28114808,1,18191,"{""type"":""MultiPoint"",""coordinates"":[]}"
1896_0,-0.11291702,0.33739838,-0.13723776,1,4405,"{""type"":""MultiPoint"",""coordinates"":[]}"
1897_0,0.17512514,0.7446824,0.2624859,1,18859,"{""type"":""MultiPoint"",""coordinates"":[]}"
1898_0,-0.030475207,0.32901257,-0.12826207,1,7563,"{""type"":""MultiPoint"",""coordinates"":[]}"
1899_0,0.16353187,0.26558265,0.21692346,1,19852,"{""type"":""MultiPoint"",""coordinates"":[]}"
1900_0,0.27992633,0.816,0.24146649,1,25459,"{""type"":""MultiPoint"",""coordinates"":[]}"
1901_0,-0.07750953,0.45425618,-0.0739615,1,18987,"{""type"":""MultiPoint"",""coordinates"":[]}"
1902_0,0.26848248,0.7364621,0.2630303,1,18010,"{""type"":""MultiPoint"",""coordinates"":[]}"
1903_0,-0.007614213,0.4192799,-0.10651005,1,9043,"{""type"":""MultiPoint"",""coordinates"":[]}"
1904_0,0.082220435,0.24445565,0.14814815,1,23264,"{""type"":""MultiPoint"",""coordinates"":[]}"
1905_0,0.29579863,0.8040206,0.28656617,1,2299,"{""type"":""MultiPoint"",""coordinates"":[]}"
1906_0,0.10014728,0.3706721,0.06569932,1,3739,"{""type"":""MultiPoint"",""coordinates"":[]}"
1907_0,0.23717895,0.69199663,0.23540299,1,6215,"{""type"":""MultiPoint"",""coordinates"":[]}"
1908_0,-0.07933299,0.4289526,-0.06133645,1,7792,"{""type"":""MultiPoint"",""coordinates"":[]}"
1909_0,-0.10515773,0.40527767,-0.11491074,1,18129,"{""type"":""MultiPoint"",""coordinates"":[]}"
1910_0,-0.057163827,0.3251855,-0.067317076,1,21533,"{""type"":""MultiPoint"",""coordinates"":[]}"
1911_0,-9.699321E-4,0.4638298,0.0024166263,1,146,"{""type"":""MultiPoint"",""coordinates"":[]}"
1912_0,0.849128,-0.011266095,0.8592686,1,9402,"{""type"":""MultiPoint"",""coordinates"":[]}"
1913_0,-0.037430316,0.38468677,-0.15826912,1,11959,"{""type"":""MultiPoint"",""coordinates"":[]}"
1914_0,-0.06378217,0.39273927,-0.059435364,1,14992,"{""type"":""MultiPoint"",""coordinates"":[]}"
1915_0,0.0,0.3243395,-0.03990679,1,22113,"{""type"":""MultiPoint"",""coordinates"":[]}"
1916_0,-0.03367429,0.2552182,0.21056789,1,3256,"{""type"":""MultiPoint"",""coordinates"":[]}"
1917_0,0.31924197,0.9036527,0.45539358,1,14465,"{""type"":""MultiPoint"",""coordinates"":[]}"
1918_0,-0.012057798,0.42613637,-0.030229256,1,20480,"{""type"":""MultiPoint"",""coordinates"":[]}"
1919_0,-0.12472754,0.36503497,-0.14865199,1,8268,"{""type"":""MultiPoint"",""coordinates"":[]}"
1920_0,-0.019034483,0.54925895,0.006781751,1,12093,"{""type"":""MultiPoint"",""coordinates"":[]}"
1921_0,0.10988828,0.2354107,0.07981382,1,5198,"{""type"":""MultiPoint"",""coordinates"":[]}"
1922_0,-0.082903124,0.48590866,-0.08415693,1,11074,"{""type"":""MultiPoint"",""coordinates"":[]}"
1923_0,-0.070327446,0.3866266,-0.1184529,1,9240,"{""type"":""MultiPoint"",""coordinates"":[]}"
1924_0,-0.03428069,0.5190097,-5.824112E-4,1,11853,"{""type"":""MultiPoint"",""coordinates"":[]}"
1925_0,0.13886076,0.591591,0.13374153,1,11321,"{""type"":""MultiPoint"",""coordinates"":[]}"
1926_0,-0.05321285,0.5455365,-0.09836928,1,4667,"{""type"":""MultiPoint"",""coordinates"":[]}"
1927_0,-0.052462183,0.46833184,-0.043728057,1,6830,"{""type"":""MultiPoint"",""coordinates"":[]}"
1928_0,-0.034968827,0.4310876,-0.14698163,1,21234,"{""type"":""MultiPoint"",""coordinates"":[]}"
1929_0,0.04829932,0.63015795,0.04602796,1,9051,"{""type"":""MultiPoint"",""coordinates"":[]}"
1930_0,0.28614008,0.75776404,0.1994532,1,6983,"{""type"":""MultiPoint"",""coordinates"":[]}"
1931_0,0.2540913,0.788879,0.3835812,1,17250,"{""type"":""MultiPoint"",""coordinates"":[]}"
1932_0,0.119459055,0.5991402,0.10874525,1,819,"{""type"":""MultiPoint"",""coordinates"":[]}"
1933_0,-0.07653846,0.3680431,-0.059625212,1,367,"{""type"":""MultiPoint"",""coordinates"":[]}"
1934_0,-0.078341015,0.46583852,-0.003985932,1,24639,"{""type"":""MultiPoint"",""coordinates"":[]}"
1935_0,-0.07594936,0.4369406,-0.07199159,1,24012,"{""type"":""MultiPoint"",""coordinates"":[]}"
1936_0,0.013351358,0.5950155,-0.09791711,1,25110,"{""type"":""MultiPoint"",""coordinates"":[]}"
1937_0,-0.11673699,0.32786137,-0.061852224,1,16468,"{""type"":""MultiPoint"",""coordinates"":[]}"
1938_0,0.08090261,0.62178135,0.06463298,1,25281,"{""type"":""MultiPoint"",""coordinates"":[]}"
1939_0,0.025799794,0.5110044,0.0,1,6753,"{""type"":""MultiPoint"",""coordinates"":[]}"
1940_0,-0.16091664,0.39948893,-0.20902176,1,6460,"{""type"":""MultiPoint"",""coordinates"":[]}"
1941_0,0.3857721,0.7624224,0.31572166,1,13677,"{""type"":""MultiPoint"",""coordinates"":[]}"
1942_0,-0.11111111,0.39337298,-0.13451153,1,20665,"{""type"":""MultiPoint"",""coordinates"":[]}"
1943_0,-0.064776205,0.39287367,-0.20391431,1,3734,"{""type"":""MultiPoint"",""coordinates"":[]}"
1944_0,-0.101580136,0.41243747,-0.1989211,1,12405,"{""type"":""MultiPoint"",""coordinates"":[]}"
1945_0,-0.08945726,0.42190066,-0.13382661,1,11832,"{""type"":""MultiPoint"",""coordinates"":[]}"
1946_0,0.027530283,0.20672023,0.02518816,1,13871,"{""type"":""MultiPoint"",""coordinates"":[]}"
1947_0,0.040376518,0.52099884,-0.019742038,1,23186,"{""type"":""MultiPoint"",""coordinates"":[]}"
1948_0,0.308166,0.77498794,0.16103896,1,1063,"{""type"":""MultiPoint"",""coordinates"":[]}"
1949_0,0.005854456,0.5225939,-0.026259389,1,19523,"{""type"":""MultiPoint"",""coordinates"":[]}"
1950_0,0.15492958,0.6479321,0.17191863,1,18001,"{""type"":""MultiPoint"",""coordinates"":[]}"
1951_0,-0.09155286,0.5333883,-0.07416625,1,20927,"{""type"":""MultiPoint"",""coordinates"":[]}"
1952_0,-0.15282714,0.4562973,-0.12453455,1,18772,"{""type"":""MultiPoint"",""coordinates"":[]}"
1953_0,0.062487524,0.5143843,0.05702811,1,1808,"{""type"":""MultiPoint"",""coordinates"":[]}"
1954_0,0.0053057806,0.5456,0.008075745,1,8203,"{""type"":""MultiPoint"",""coordinates"":[]}"
1955_0,0.18675078,0.7241379,0.31717598,1,91,"{""type"":""MultiPoint"",""coordinates"":[]}"
1956_0,-0.14821474,0.25366047,-0.17046347,1,12643,"{""type"":""MultiPoint"",""coordinates"":[]}"
1957_0,-0.01728946,0.52871287,-0.042881645,1,943,"{""type"":""MultiPoint"",""coordinates"":[]}"
1958_0,-0.087709494,0.44063324,-0.08619247,1,15133,"{""type"":""MultiPoint"",""coordinates"":[]}"
1959_0,0.029760337,0.5905937,0.052956298,1,10373,"{""type"":""MultiPoint"",""coordinates"":[]}"
1960_0,-0.016691068,0.44808742,-0.07592191,1,9453,"{""type"":""MultiPoint"",""coordinates"":[]}"
1961_0,0.21123828,0.44619295,0.23903564,1,19009,"{""type"":""MultiPoint"",""coordinates"":[]}"
1962_0,0.30331755,0.7875862,0.26291618,1,2595,"{""type"":""MultiPoint"",""coordinates"":[]}"
1963_0,0.34254143,0.8010118,0.37451738,1,7109,"{""type"":""MultiPoint"",""coordinates"":[]}"
1964_0,0.09439528,0.5306735,0.0750226,1,880,"{""type"":""MultiPoint"",""coordinates"":[]}"
1965_0,0.017077798,0.63047934,0.050243113,1,20204,"{""type"":""MultiPoint"",""coordinates"":[]}"
1966_0,0.12146777,0.41022852,0.06434316,1,22790,"{""type"":""MultiPoint"",""coordinates"":[]}"
1967_0,0.17504832,0.7390294,0.18814698,1,447,"{""type"":""MultiPoint"",""coordinates"":[]}"
1968_0,0.2999431,0.7576375,0.2525757,1,16030,"{""type"":""MultiPoint"",""coordinates"":[]}"
1969_0,0.2547165,0.6945151,0.30607808,1,3799,"{""type"":""MultiPoint"",""coordinates"":[]}"
1970_0,-0.14148219,0.3130545,-0.08722467,1,18109,"{""type"":""MultiPoint"",""coordinates"":[]}"
1971_0,0.38655183,0.8605081,0.34670678,1,23179,"{""type"":""MultiPoint"",""coordinates"":[]}"
1972_0,0.1361556,0.67261446,0.17666303,1,12893,"{""type"":""MultiPoint"",""coordinates"":[]}"
1973_0,0.007421749,0.40446168,-0.06252159,1,19720,"{""type"":""MultiPoint"",""coordinates"":[]}"
1974_0,0.06521739,0.5955679,0.04155769,1,19935,"{""type"":""MultiPoint"",""coordinates"":[]}"
1975_0,-0.03543539,0.49345744,-0.060032226,1,9585,"{""type"":""MultiPoint"",""coordinates"":[]}"
1976_0,-0.19441141,0.41279387,-0.24589147,1,3402,"{""type"":""MultiPoint"",""coordinates"":[]}"
1977_0,0.045479573,0.19939405,0.15142702,1,15503,"{""type"":""MultiPoint"",""coordinates"":[]}"
1978_0,0.042296845,0.52802134,0.044989776,1,18083,"{""type"":""MultiPoint"",""coordinates"":[]}"
1979_0,0.18363968,0.6603796,0.18297814,1,19549,"{""type"":""MultiPoint"",""coordinates"":[]}"
1980_0,0.15174724,0.5246073,-0.07930574,1,17367,"{""type"":""MultiPoint"",""coordinates"":[]}"
1981_0,-0.14231679,0.3626571,-0.17351598,1,21483,"{""type"":""MultiPoint"",""coordinates"":[]}"
1982_0,0.37545067,0.84570056,0.3691817,1,18226,"{""type"":""MultiPoint"",""coordinates"":[]}"
1983_0,0.278487,0.4324516,0.29491505,1,843,"{""type"":""MultiPoint"",""coordinates"":[]}"
1984_0,-0.08292377,0.43305105,-0.02606899,1,21613,"{""type"":""MultiPoint"",""coordinates"":[]}"
1985_0,0.2462006,0.7763646,0.32088286,1,7908,"{""type"":""MultiPoint"",""coordinates"":[]}"
1986_0,-0.013626373,0.43037975,-0.053707223,1,4258,"{""type"":""MultiPoint"",""coordinates"":[]}"
1987_0,0.34537247,0.8038067,0.06480944,1,9539,"{""type"":""MultiPoint"",""coordinates"":[]}"
1988_0,0.1308544,0.69379914,0.14493163,1,15295,"{""type"":""MultiPoint"",""coordinates"":[]}"
1989_0,0.3262477,0.6566186,0.31773514,1,12325,"{""type"":""MultiPoint"",""coordinates"":[]}"
1990_0,0.11974922,0.39543447,0.0968206,1,5888,"{""type"":""MultiPoint"",""coordinates"":[]}"
1991_0,0.22848932,0.70107037,0.21563491,1,3068,"{""type"":""MultiPoint"",""coordinates"":[]}"
1992_0,-0.17149526,0.29920584,-0.1922945,1,11850,"{""type"":""MultiPoint"",""coordinates"":[]}"
1993_0,0.21625997,0.8008937,0.31227466,1,10008,"{""type"":""MultiPoint"",""coordinates"":[]}"
1994_0,0.3241512,0.77376926,0.3241627,1,20756,"{""type"":""MultiPoint"",""coordinates"":[]}"
1995_0,0.04489847,0.54851764,-0.0095386375,1,4689,"{""type"":""MultiPoint"",""coordinates"":[]}"
1996_0,-0.14799061,0.40581337,-0.15602246,1,748,"{""type"":""MultiPoint"",""coordinates"":[]}"
1997_0,0.047286205,0.2860466,0.00829926,1,6379,"{""type"":""MultiPoint"",""coordinates"":[]}"
1998_0,0.37487233,0.8248588,0.3540587,1,11503,"{""type"":""MultiPoint"",""coordinates"":[]}"
1999_0,0.11875,0.63435704,0.097647436,1,11146,"{""type"":""MultiPoint"",""coordinates"":[]}"
2000_0,0.090998046,0.59774435,0.092699885,1,22455,"{""type"":""MultiPoint"",""coordinates"":[]}"
2001_0,0.059627574,0.5991867,0.06345204,1,2907,"{""type"":""MultiPoint"",""coordinates"":[]}"
2002_0,-0.12110187,0.4162077,-0.12637076,1,12074,"{""type"":""MultiPoint"",""coordinates"":[]}"
2003_0,-0.037542533,0.51060975,-0.08702443,1,4047,"{""type"":""MultiPoint"",""coordinates"":[]}"
2004_0,0.017082786,0.61610967,0.004259851,1,14970,"{""type"":""MultiPoint"",""coordinates"":[]}"
2005_0,-0.034060672,0.49185666,-0.014356565,1,11487,"{""type"":""MultiPoint"",""coordinates"":[]}"
2006_0,0.27669844,0.86612386,0.3603964,1,696,"{""type"":""MultiPoint"",""coordinates"":[]}"
2007_0,-0.14466447,0.47984537,-0.19629629,1,12097,"{""type"":""MultiPoint"",""coordinates"":[]}"
2008_0,0.050538592,0.7263398,0.07160823,1,19593,"{""type"":""MultiPoint"",""coordinates"":[]}"
2009_0,0.21622424,0.75056535,0.2372525,1,18864,"{""type"":""MultiPoint"",""coordinates"":[]}"
2010_0,-0.020593368,0.48472077,-0.018460467,1,2528,"{""type"":""MultiPoint"",""coordinates"":[]}"
2011_0,-0.053291537,0.5308292,-0.028871391,1,15081,"{""type"":""MultiPoint"",""coordinates"":[]}"
2012_0,0.011230219,0.4717455,0.011681057,1,14464,"{""type"":""MultiPoint"",""coordinates"":[]}"
2013_0,0.084563345,0.11530779,0.096920975,1,20305,"{""type"":""MultiPoint"",""coordinates"":[]}"
2014_0,-0.018911617,0.5003785,0.0041972715,1,12335,"{""type"":""MultiPoint"",""coordinates"":[]}"
2015_0,0.022772277,0.5450644,0.01063524,1,119,"{""type"":""MultiPoint"",""coordinates"":[]}"
2016_0,0.28946236,0.73558533,0.2867012,1,6490,"{""type"":""MultiPoint"",""coordinates"":[]}"
2017_0,0.010292436,0.38828632,-0.007483785,1,18605,"{""type"":""MultiPoint"",""coordinates"":[]}"
2018_0,-0.13050847,0.18322296,-0.03208786,1,12971,"{""type"":""MultiPoint"",""coordinates"":[]}"
2019_0,0.17883131,0.54735154,0.21840243,1,167,"{""type"":""MultiPoint"",""coordinates"":[]}"
2020_0,0.13246162,0.35100672,0.17891654,1,19722,"{""type"":""MultiPoint"",""coordinates"":[]}"
2021_0,-0.061834596,0.48310474,-0.044290192,1,2346,"{""type"":""MultiPoint"",""coordinates"":[]}"
2022_0,0.034115903,0.5531394,0.082297534,1,21601,"{""type"":""MultiPoint"",""coordinates"":[]}"
2023_0,-0.13253938,0.37376094,-0.12716237,1,18728,"{""type"":""MultiPoint"",""coordinates"":[]}"
2024_0,0.25518584,0.7518525,0.11779113,1,9253,"{""type"":""MultiPoint"",""coordinates"":[]}"
2025_0,0.18040216,0.65292096,0.14150104,1,20971,"{""type"":""MultiPoint"",""coordinates"":[]}"
2026_0,0.14777498,0.37980023,0.15080526,1,15498,"{""type"":""MultiPoint"",""coordinates"":[]}"
2027_0,0.2305249,0.7078748,0.22960234,1,7712,"{""type"":""MultiPoint"",""coordinates"":[]}"
2028_0,-0.081955925,0.47914034,-0.14629698,1,15868,"{""type"":""MultiPoint"",""coordinates"":[]}"
2029_0,-0.020092284,0.4723259,-0.0021632924,1,14253,"{""type"":""MultiPoint"",""coordinates"":[]}"
2030_0,-0.09402882,0.47984394,-0.11370716,1,9128,"{""type"":""MultiPoint"",""coordinates"":[]}"
2031_0,-6.5019506E-4,0.3849444,0.025332488,1,13421,"{""type"":""MultiPoint"",""coordinates"":[]}"
2032_0,0.11704467,0.14980544,0.1612056,1,2492,"{""type"":""MultiPoint"",""coordinates"":[]}"
2033_0,-0.11813187,0.2923707,-0.10307054,1,16677,"{""type"":""MultiPoint"",""coordinates"":[]}"
2034_0,0.03968056,0.23782903,0.02565834,1,22563,"{""type"":""MultiPoint"",""coordinates"":[]}"
2035_0,-0.13855103,0.34339023,-0.17618138,1,5678,"{""type"":""MultiPoint"",""coordinates"":[]}"
2036_0,0.12546027,0.57426804,0.11666396,1,19252,"{""type"":""MultiPoint"",""coordinates"":[]}"
2037_0,-0.036166366,0.09979633,-0.029649595,1,10349,"{""type"":""MultiPoint"",""coordinates"":[]}"
2038_0,-0.0260258,0.47217107,0.0025541908,1,247,"{""type"":""MultiPoint"",""coordinates"":[]}"
2039_0,0.25433525,0.7282378,0.27346683,1,16358,"{""type"":""MultiPoint"",""coordinates"":[]}"
2040_0,-0.04210193,0.45255473,-0.07290533,1,22852,"{""type"":""MultiPoint"",""coordinates"":[]}"
2041_0,-0.10106673,0.38511148,-0.103704385,1,13214,"{""type"":""MultiPoint"",""coordinates"":[]}"
2042_0,0.10023071,0.58336544,0.11712182,1,13620,"{""type"":""MultiPoint"",""coordinates"":[]}"
2043_0,0.19805919,0.6912552,0.1580752,1,1888,"{""type"":""MultiPoint"",""coordinates"":[]}"
2044_0,-0.07032181,0.4054054,-0.18542805,1,11761,"{""type"":""MultiPoint"",""coordinates"":[]}"
2045_0,0.8677484,-0.032893673,0.875744,1,7955,"{""type"":""MultiPoint"",""coordinates"":[]}"
2046_0,-0.1034139,0.3513938,-0.11452303,1,13443,"{""type"":""MultiPoint"",""coordinates"":[]}"
2047_0,0.09137995,0.405955,-0.11839709,1,6134,"{""type"":""MultiPoint"",""coordinates"":[]}"
2048_0,-0.1374134,0.35858586,-0.1527559,1,22276,"{""type"":""MultiPoint"",""coordinates"":[]}"
2049_0,0.005078856,0.62739176,-0.094931394,1,23189,"{""type"":""MultiPoint"",""coordinates"":[]}"
2050_0,0.031069564,0.56006765,0.06316917,1,3274,"{""type"":""MultiPoint"",""coordinates"":[]}"
2051_0,-0.18445833,0.13986443,-0.19009893,1,10798,"{""type"":""MultiPoint"",""coordinates"":[]}"
2052_0,-0.101167314,0.41889483,-0.0632539,1,9132,"{""type"":""MultiPoint"",""coordinates"":[]}"
2053_0,0.10061728,0.41393685,0.1150748,1,21144,"{""type"":""MultiPoint"",""coordinates"":[]}"
2054_0,0.24737631,0.7356572,0.2416743,1,24061,"{""type"":""MultiPoint"",""coordinates"":[]}"
2055_0,-0.082256965,0.3303313,-0.13363399,1,9526,"{""type"":""MultiPoint"",""coordinates"":[]}"
2056_0,-0.0757684,0.49394813,-0.20781527,1,6880,"{""type"":""MultiPoint"",""coordinates"":[]}"
2057_0,0.3474427,0.7678334,0.32101777,1,1450,"{""type"":""MultiPoint"",""coordinates"":[]}"
2058_0,0.12212039,0.22652358,0.12074099,1,12799,"{""type"":""MultiPoint"",""coordinates"":[]}"
2059_0,0.020458773,0.5113438,0.05445841,1,8880,"{""type"":""MultiPoint"",""coordinates"":[]}"
2060_0,0.32908988,0.79115176,0.3133988,1,23038,"{""type"":""MultiPoint"",""coordinates"":[]}"
2061_0,0.16282421,0.7107558,0.19006589,1,21015,"{""type"":""MultiPoint"",""coordinates"":[]}"
2062_0,-0.01704335,0.44658118,-0.023041476,1,22439,"{""type"":""MultiPoint"",""coordinates"":[]}"
2063_0,0.07466401,0.4864397,0.09073123,1,10513,"{""type"":""MultiPoint"",""coordinates"":[]}"
2064_0,0.3256728,0.82121974,0.3501653,1,180,"{""type"":""MultiPoint"",""coordinates"":[]}"
2065_0,0.22130014,0.79614323,0.17987694,1,18389,"{""type"":""MultiPoint"",""coordinates"":[]}"
2066_0,-0.007654456,0.5495343,0.07347361,1,15447,"{""type"":""MultiPoint"",""coordinates"":[]}"
2067_0,0.36378738,0.8721683,0.36184394,1,3473,"{""type"":""MultiPoint"",""coordinates"":[]}"
2068_0,0.165731,0.06998445,0.19804373,1,9595,"{""type"":""MultiPoint"",""coordinates"":[]}"
2069_0,-0.0018112299,0.5584039,0.039247125,1,25458,"{""type"":""MultiPoint"",""coordinates"":[]}"
2070_0,0.26288658,0.818347,0.2718014,1,23799,"{""type"":""MultiPoint"",""coordinates"":[]}"
2071_0,-0.023976393,0.65484065,-0.026627218,1,1493,"{""type"":""MultiPoint"",""coordinates"":[]}"
2072_0,-0.0050880895,0.5891024,-0.014632361,1,469,"{""type"":""MultiPoint"",""coordinates"":[]}"
2073_0,-0.109443955,0.36444157,-0.11565388,1,13692,"{""type"":""MultiPoint"",""coordinates"":[]}"
2074_0,0.37309942,0.86107326,0.38097492,1,1911,"{""type"":""MultiPoint"",""coordinates"":[]}"
2075_0,-0.07959335,0.42594296,-0.115720525,1,19382,"{""type"":""MultiPoint"",""coordinates"":[]}"
2076_0,-0.16129032,0.32669982,-0.18498367,1,8365,"{""type"":""MultiPoint"",""coordinates"":[]}"
2077_0,-0.09656147,0.15776458,-0.16906595,1,15494,"{""type"":""MultiPoint"",""coordinates"":[]}"
2078_0,-0.0073710075,0.5111365,-0.040609136,1,14410,"{""type"":""MultiPoint"",""coordinates"":[]}"
2079_0,0.3874964,0.8921444,0.32608038,1,11752,"{""type"":""MultiPoint"",""coordinates"":[]}"
2080_0,0.03830906,0.5134323,0.055384777,1,1192,"{""type"":""MultiPoint"",""coordinates"":[]}"
2081_0,-0.061774615,0.36925516,0.005820722,1,11048,"{""type"":""MultiPoint"",""coordinates"":[]}"
2082_0,0.0069717765,0.5734095,0.028288193,1,19592,"{""type"":""MultiPoint"",""coordinates"":[]}"
2083_0,0.10909091,0.40305257,0.060402684,1,24583,"{""type"":""MultiPoint"",""coordinates"":[]}"
2084_0,0.27002814,0.8545727,0.2460099,1,9198,"{""type"":""MultiPoint"",""coordinates"":[]}"
2085_0,0.13999468,0.050815973,0.10632025,1,15482,"{""type"":""MultiPoint"",""coordinates"":[]}"
2086_0,0.028696677,0.566907,0.047051493,1,11841,"{""type"":""MultiPoint"",""coordinates"":[]}"
2087_0,-0.17799044,0.3809107,-0.19479193,1,5982,"{""type"":""MultiPoint"",""coordinates"":[]}"
2088_0,-0.15329729,0.31149825,-0.20842773,1,4305,"{""type"":""MultiPoint"",""coordinates"":[]}"
2089_0,0.21953554,0.77926636,0.26227653,1,12285,"{""type"":""MultiPoint"",""coordinates"":[]}"
2090_0,0.040375587,0.5540875,0.042591482,1,8388,"{""type"":""MultiPoint"",""coordinates"":[]}"
2091_0,0.008582421,0.5626459,0.030951692,1,7363,"{""type"":""MultiPoint"",""coordinates"":[]}"
2092_0,-0.20973292,0.32701722,-0.28768444,1,17614,"{""type"":""MultiPoint"",""coordinates"":[]}"
2093_0,-0.02790396,0.3385719,-0.047823496,1,16411,"{""type"":""MultiPoint"",""coordinates"":[]}"
2094_0,0.13881361,0.67625135,0.12018401,1,22411,"{""type"":""MultiPoint"",""coordinates"":[]}"
2095_0,-0.084327765,0.36014405,-0.09214743,1,14337,"{""type"":""MultiPoint"",""coordinates"":[]}"
2096_0,-0.06139383,0.48541456,-0.07950585,1,23076,"{""type"":""MultiPoint"",""coordinates"":[]}"
2097_0,-0.07199125,0.42132664,-0.07469995,1,8542,"{""type"":""MultiPoint"",""coordinates"":[]}"
2098_0,-0.13868614,0.3503801,-0.18257527,1,5210,"{""type"":""MultiPoint"",""coordinates"":[]}"
2099_0,0.27952996,0.71952283,0.2699981,1,16114,"{""type"":""MultiPoint"",""coordinates"":[]}"
2100_0,0.3360254,0.7773561,0.37665853,1,2229,"{""type"":""MultiPoint"",""coordinates"":[]}"
2101_0,0.23409303,0.7326581,0.23488484,1,1297,"{""type"":""MultiPoint"",""coordinates"":[]}"
2102_0,-0.097382836,0.389899,-0.10174152,1,6769,"{""type"":""MultiPoint"",""coordinates"":[]}"
2103_0,0.009000409,0.65682966,0.08773872,1,17784,"{""type"":""MultiPoint"",""coordinates"":[]}"
2104_0,-0.0596817,0.4127182,-0.0272,1,635,"{""type"":""MultiPoint"",""coordinates"":[]}"
2105_0,0.21559888,0.7650577,0.1717647,1,4115,"{""type"":""MultiPoint"",""coordinates"":[]}"
2106_0,-0.00921659,0.5494613,-0.04463373,1,3547,"{""type"":""MultiPoint"",""coordinates"":[]}"
2107_0,0.16965099,0.7377483,0.17985612,1,24140,"{""type"":""MultiPoint"",""coordinates"":[]}"
2108_0,0.05220681,0.59422284,0.10459852,1,22965,"{""type"":""MultiPoint"",""coordinates"":[]}"
2109_0,-0.08463798,0.3212196,-0.09804558,1,8505,"{""type"":""MultiPoint"",""coordinates"":[]}"
2110_0,0.34562266,0.84115,0.35531834,1,2140,"{""type"":""MultiPoint"",""coordinates"":[]}"
2111_0,-0.044871796,0.47900763,-0.03726708,1,24006,"{""type"":""MultiPoint"",""coordinates"":[]}"
2112_0,-0.08245243,0.51968503,-0.105115235,1,9289,"{""type"":""MultiPoint"",""coordinates"":[]}"
2113_0,-0.12214166,0.34131736,-0.17867604,1,7481,"{""type"":""MultiPoint"",""coordinates"":[]}"
2114_0,0.26840788,0.47932255,0.2692087,1,16764,"{""type"":""MultiPoint"",""coordinates"":[]}"
2115_0,-0.06166227,0.43555143,-0.09803634,1,22357,"{""type"":""MultiPoint"",""coordinates"":[]}"
2116_0,0.42558032,0.8238342,0.53393984,1,2973,"{""type"":""MultiPoint"",""coordinates"":[]}"
2117_0,0.056508765,0.27797115,0.10070216,1,19251,"{""type"":""MultiPoint"",""coordinates"":[]}"
2118_0,0.22867972,0.3946731,0.1573499,1,2004,"{""type"":""MultiPoint"",""coordinates"":[]}"
2119_0,0.19352531,0.39801243,0.23389226,1,2275,"{""type"":""MultiPoint"",""coordinates"":[]}"
2120_0,-0.016332245,0.2019544,0.025825826,1,3421,"{""type"":""MultiPoint"",""coordinates"":[]}"
2121_0,0.108405106,0.6919497,0.098769136,1,23476,"{""type"":""MultiPoint"",""coordinates"":[]}"
2122_0,0.049551748,0.54394066,0.026932348,1,14651,"{""type"":""MultiPoint"",""coordinates"":[]}"
2123_0,-0.0050847456,0.43021345,0.033939723,1,17779,"{""type"":""MultiPoint"",""coordinates"":[]}"
2124_0,0.22178146,0.7343822,0.2919683,1,14032,"{""type"":""MultiPoint"",""coordinates"":[]}"
2125_0,-0.036320876,0.4730656,-0.17294474,1,10650,"{""type"":""MultiPoint"",""coordinates"":[]}"
2126_0,0.2065683,0.76176566,0.23268124,1,11361,"{""type"":""MultiPoint"",""coordinates"":[]}"
2127_0,0.017946877,0.4413757,0.033432078,1,29,"{""type"":""MultiPoint"",""coordinates"":[]}"
2128_0,-0.037886024,0.51181865,-0.08341642,1,19191,"{""type"":""MultiPoint"",""coordinates"":[]}"
2129_0,0.047269586,0.27300382,0.033501204,1,14811,"{""type"":""MultiPoint"",""coordinates"":[]}"
2130_0,-0.09802877,0.38132572,-0.11709655,1,3418,"{""type"":""MultiPoint"",""coordinates"":[]}"
2131_0,0.042054575,0.42444062,0.06895476,1,21888,"{""type"":""MultiPoint"",""coordinates"":[]}"
2132_0,0.0081766145,0.4006462,-0.09392898,1,7525,"{""type"":""MultiPoint"",""coordinates"":[]}"
2133_0,-0.006899635,0.5867461,0.023258405,1,22333,"{""type"":""MultiPoint"",""coordinates"":[]}"
2134_0,-0.0675563,0.42287824,-0.055234954,1,4206,"{""type"":""MultiPoint"",""coordinates"":[]}"
2135_0,-0.20808384,0.25603864,-0.21627732,1,16229,"{""type"":""MultiPoint"",""coordinates"":[]}"
2136_0,0.27416798,0.8086785,0.284375,1,23669,"{""type"":""MultiPoint"",""coordinates"":[]}"
2137_0,0.102293864,0.6007905,0.056062583,1,8231,"{""type"":""MultiPoint"",""coordinates"":[]}"
2138_0,0.02332913,0.4696814,-0.01920439,1,11165,"{""type"":""MultiPoint"",""coordinates"":[]}"
2139_0,-0.03042715,0.4390602,-0.029523531,1,5980,"{""type"":""MultiPoint"",""coordinates"":[]}"
2140_0,-0.09664998,0.4637931,-0.26577777,1,19847,"{""type"":""MultiPoint"",""coordinates"":[]}"
2141_0,0.10694504,0.60178304,0.08268647,1,960,"{""type"":""MultiPoint"",""coordinates"":[]}"
2142_0,0.13543442,0.89341694,0.06144994,1,984,"{""type"":""MultiPoint"",""coordinates"":[]}"
2143_0,-0.10520833,0.44174758,-0.14055361,1,22552,"{""type"":""MultiPoint"",""coordinates"":[]}"
2144_0,0.30080166,0.84054667,0.33097595,1,6814,"{""type"":""MultiPoint"",""coordinates"":[]}"
2145_0,0.104613826,0.6366476,0.096327834,1,21409,"{""type"":""MultiPoint"",""coordinates"":[]}"
2146_0,0.43285418,0.88656974,0.32671714,1,2145,"{""type"":""MultiPoint"",""coordinates"":[]}"
2147_0,0.034969144,0.22310174,0.09068717,1,23901,"{""type"":""MultiPoint"",""coordinates"":[]}"
2148_0,-0.056448393,0.4866596,-0.042382617,1,13218,"{""type"":""MultiPoint"",""coordinates"":[]}"
2149_0,0.14607595,0.24342746,0.1750535,1,15589,"{""type"":""MultiPoint"",""coordinates"":[]}"
2150_0,0.2935459,0.39960125,0.35061574,1,21032,"{""type"":""MultiPoint"",""coordinates"":[]}"
2151_0,-0.11577312,0.3807947,-0.12393058,1,4832,"{""type"":""MultiPoint"",""coordinates"":[]}"
2152_0,0.19237241,0.738255,0.17995444,1,6306,"{""type"":""MultiPoint"",""coordinates"":[]}"
2153_0,0.045835387,0.5066922,-0.015984016,1,4724,"{""type"":""MultiPoint"",""coordinates"":[]}"
2154_0,-0.052784223,0.2245509,-0.07459868,1,6077,"{""type"":""MultiPoint"",""coordinates"":[]}"
2155_0,-0.16367552,0.36551118,-0.17300026,1,3901,"{""type"":""MultiPoint"",""coordinates"":[]}"
2156_0,0.04291498,0.59134614,0.03159517,1,23838,"{""type"":""MultiPoint"",""coordinates"":[]}"
2157_0,0.28578857,0.7481699,0.30335587,1,9999,"{""type"":""MultiPoint"",""coordinates"":[]}"
2158_0,0.19858941,0.667548,0.20985954,1,2168,"{""type"":""MultiPoint"",""coordinates"":[]}"
2159_0,-0.015365318,0.52669036,-0.019200504,1,22218,"{""type"":""MultiPoint"",""coordinates"":[]}"
2160_0,0.28503823,0.7661871,0.32145214,1,291,"{""type"":""MultiPoint"",""coordinates"":[]}"
2161_0,0.114539556,0.56419593,0.15528655,1,4032,"{""type"":""MultiPoint"",""coordinates"":[]}"
2162_0,-0.20567375,0.45340315,-0.20556845,1,10709,"{""type"":""MultiPoint"",""coordinates"":[]}"
2163_0,0.3986765,0.86316794,0.40673202,1,18893,"{""type"":""MultiPoint"",""coordinates"":[]}"
2164_0,0.37710735,0.74311924,0.37039518,1,2449,"{""type"":""MultiPoint"",""coordinates"":[]}"
2165_0,0.26726916,0.74585557,0.15255457,1,1259,"{""type"":""MultiPoint"",""coordinates"":[]}"
2166_0,-0.084193625,0.40695298,-0.112412706,1,8854,"{""type"":""MultiPoint"",""coordinates"":[]}"
2167_0,-0.021337533,0.16284037,-0.03349045,1,23374,"{""type"":""MultiPoint"",""coordinates"":[]}"
2168_0,-0.062474646,0.3740634,-0.10529648,1,21157,"{""type"":""MultiPoint"",""coordinates"":[]}"
2169_0,-0.0014248773,0.43753922,0.022778027,1,22562,"{""type"":""MultiPoint"",""coordinates"":[]}"
2170_0,-0.06785152,0.28992298,-0.019890307,1,13943,"{""type"":""MultiPoint"",""coordinates"":[]}"
2171_0,0.39684582,0.8761354,0.38416037,1,24142,"{""type"":""MultiPoint"",""coordinates"":[]}"
2172_0,0.09354505,0.6844873,0.13589996,1,5545,"{""type"":""MultiPoint"",""coordinates"":[]}"
2173_0,0.060308266,0.051131602,-1.993223E-4,1,4303,"{""type"":""MultiPoint"",""coordinates"":[]}"
2174_0,0.0042735045,0.42357352,-0.013988188,1,10205,"{""type"":""MultiPoint"",""coordinates"":[]}"
2175_0,0.061428573,0.6210278,0.040543944,1,3463,"{""type"":""MultiPoint"",""coordinates"":[]}"
2176_0,0.23066711,0.61400586,0.28873888,1,5284,"{""type"":""MultiPoint"",""coordinates"":[]}"
2177_0,-0.023595233,0.46297532,-0.042358186,1,22572,"{""type"":""MultiPoint"",""coordinates"":[]}"
2178_0,-0.021591244,0.25119388,-0.09467865,1,22576,"{""type"":""MultiPoint"",""coordinates"":[]}"
2179_0,0.28125614,0.6866226,0.25485995,1,24008,"{""type"":""MultiPoint"",""coordinates"":[]}"
2180_0,0.3111225,0.7713122,0.3391993,1,13308,"{""type"":""MultiPoint"",""coordinates"":[]}"
2181_0,0.32186177,0.7868613,0.33551556,1,25219,"{""type"":""MultiPoint"",""coordinates"":[]}"
2182_0,0.011220196,0.06867052,0.020759717,1,5689,"{""type"":""MultiPoint"",""coordinates"":[]}"
2183_0,0.3575418,0.8167796,0.41241637,1,15975,"{""type"":""MultiPoint"",""coordinates"":[]}"
2184_0,-0.10954616,0.4473684,-0.09441729,1,10061,"{""type"":""MultiPoint"",""coordinates"":[]}"
2185_0,0.010207057,0.53518516,-0.0116244415,1,18570,"{""type"":""MultiPoint"",""coordinates"":[]}"
2186_0,-0.1062425,0.38280883,-0.13555145,1,13599,"{""type"":""MultiPoint"",""coordinates"":[]}"
2187_0,0.29565638,0.8130273,0.30921027,1,2790,"{""type"":""MultiPoint"",""coordinates"":[]}"
2188_0,0.06483201,0.37618032,0.057832964,1,4421,"{""type"":""MultiPoint"",""coordinates"":[]}"
2189_0,-0.047379754,0.42339697,-0.089212395,1,23233,"{""type"":""MultiPoint"",""coordinates"":[]}"
2190_0,0.07809031,0.47448313,0.1393146,1,2476,"{""type"":""MultiPoint"",""coordinates"":[]}"
2191_0,0.078608245,0.57031024,0.040979747,1,20115,"{""type"":""MultiPoint"",""coordinates"":[]}"
2192_0,-0.06877883,0.37685135,-0.018147087,1,9295,"{""type"":""MultiPoint"",""coordinates"":[]}"
2193_0,0.2011478,0.7849687,0.17968562,1,4484,"{""type"":""MultiPoint"",""coordinates"":[]}"
2194_0,-0.0729634,0.39787027,-0.11317981,1,6756,"{""type"":""MultiPoint"",""coordinates"":[]}"
2195_0,0.40164202,0.85472155,0.46229717,1,14019,"{""type"":""MultiPoint"",""coordinates"":[]}"
2196_0,-0.05148082,0.39644074,-0.052317485,1,19200,"{""type"":""MultiPoint"",""coordinates"":[]}"
2197_0,0.118093744,0.42825788,0.1033186,1,8023,"{""type"":""MultiPoint"",""coordinates"":[]}"
2198_0,0.13473915,0.65603065,0.14428961,1,25061,"{""type"":""MultiPoint"",""coordinates"":[]}"
2199_0,0.32936758,0.80196524,0.33986175,1,1611,"{""type"":""MultiPoint"",""coordinates"":[]}"
2200_0,0.2987901,0.7580645,0.21456954,1,46,"{""type"":""MultiPoint"",""coordinates"":[]}"
2201_0,0.041296393,0.6524689,0.06997971,1,11318,"{""type"":""MultiPoint"",""coordinates"":[]}"
2202_0,0.024303073,0.37999013,0.012658228,1,12056,"{""type"":""MultiPoint"",""coordinates"":[]}"
2203_0,-0.050554205,0.42857143,-0.032686688,1,14488,"{""type"":""MultiPoint"",""coordinates"":[]}"
2204_0,-0.002991725,0.48542953,-0.029641636,1,23083,"{""type"":""MultiPoint"",""coordinates"":[]}"
2205_0,-0.13785557,0.25792632,-0.10405859,1,21040,"{""type"":""MultiPoint"",""coordinates"":[]}"
2206_0,0.046208113,0.53072625,0.07618063,1,13642,"{""type"":""MultiPoint"",""coordinates"":[]}"
2207_0,0.08467401,0.6583211,-0.020869566,1,1339,"{""type"":""MultiPoint"",""coordinates"":[]}"
2208_0,-0.24287222,0.42052314,-0.25013277,1,14187,"{""type"":""MultiPoint"",""coordinates"":[]}"
2209_0,0.18126164,0.7554488,0.21410322,1,1514,"{""type"":""MultiPoint"",""coordinates"":[]}"
2210_0,-0.07645393,0.338856,-0.11532386,1,5814,"{""type"":""MultiPoint"",""coordinates"":[]}"
2211_0,0.4304405,0.8136925,0.42441604,1,139,"{""type"":""MultiPoint"",""coordinates"":[]}"
2212_0,0.26743227,0.75197405,0.28261164,1,16651,"{""type"":""MultiPoint"",""coordinates"":[]}"
2213_0,-0.030393401,0.5522681,-0.016852826,1,23716,"{""type"":""MultiPoint"",""coordinates"":[]}"
2214_0,0.09903846,0.6374269,0.081822634,1,18212,"{""type"":""MultiPoint"",""coordinates"":[]}"
2215_0,0.02850285,0.554047,-0.023357209,1,6549,"{""type"":""MultiPoint"",""coordinates"":[]}"
2216_0,0.13586529,0.21996616,0.1364193,1,17024,"{""type"":""MultiPoint"",""coordinates"":[]}"
2217_0,-0.02000702,0.50858176,-0.031593893,1,13106,"{""type"":""MultiPoint"",""coordinates"":[]}"
2218_0,0.28649434,0.7740659,0.28086323,1,11917,"{""type"":""MultiPoint"",""coordinates"":[]}"
2219_0,0.15022264,0.59936786,0.19278717,1,22100,"{""type"":""MultiPoint"",""coordinates"":[]}"
2220_0,-0.03917221,0.30774504,-0.054961547,1,14965,"{""type"":""MultiPoint"",""coordinates"":[]}"
2221_0,-0.06980057,0.51107013,-0.07405314,1,7427,"{""type"":""MultiPoint"",""coordinates"":[]}"
2222_0,0.16818562,0.53025115,0.16232613,1,2714,"{""type"":""MultiPoint"",""coordinates"":[]}"
2223_0,0.369225,0.77690876,0.30343166,1,10902,"{""type"":""MultiPoint"",""coordinates"":[]}"
2224_0,0.03372398,0.29488447,0.06308507,1,17300,"{""type"":""MultiPoint"",""coordinates"":[]}"
2225_0,0.029579915,0.37329376,0.0015411288,1,11067,"{""type"":""MultiPoint"",""coordinates"":[]}"
2226_0,-0.06184244,0.43968254,-0.03475869,1,6888,"{""type"":""MultiPoint"",""coordinates"":[]}"
2227_0,0.23482968,0.7931127,0.25607446,1,18856,"{""type"":""MultiPoint"",""coordinates"":[]}"
2228_0,0.38683432,0.8873366,0.43277454,1,1599,"{""type"":""MultiPoint"",""coordinates"":[]}"
2229_0,-0.015319716,0.059476607,0.011136339,1,9512,"{""type"":""MultiPoint"",""coordinates"":[]}"
2230_0,0.3720854,0.8724955,0.37170264,1,24912,"{""type"":""MultiPoint"",""coordinates"":[]}"
2231_0,0.17921366,0.0970621,0.25121647,1,23383,"{""type"":""MultiPoint"",""coordinates"":[]}"
2232_0,0.03441446,0.5304348,-0.022012578,1,19239,"{""type"":""MultiPoint"",""coordinates"":[]}"
2233_0,-0.08741443,0.43982962,-0.18168813,1,15723,"{""type"":""MultiPoint"",""coordinates"":[]}"
2234_0,0.31530195,0.77656674,0.27642912,1,3053,"{""type"":""MultiPoint"",""coordinates"":[]}"
2235_0,0.33844614,0.74530935,0.37570798,1,22997,"{""type"":""MultiPoint"",""coordinates"":[]}"
2236_0,0.30952382,0.7429164,0.30809128,1,18357,"{""type"":""MultiPoint"",""coordinates"":[]}"
2237_0,0.3113181,0.7703756,0.3083734,1,11557,"{""type"":""MultiPoint"",""coordinates"":[]}"
2238_0,-0.1966559,0.3371069,-0.20608804,1,11342,"{""type"":""MultiPoint"",""coordinates"":[]}"
2239_0,0.05698402,0.6627245,0.07126168,1,9739,"{""type"":""MultiPoint"",""coordinates"":[]}"
2240_0,0.08116412,0.34456816,0.114210986,1,21078,"{""type"":""MultiPoint"",""coordinates"":[]}"
2241_0,0.33017743,0.82818186,0.2477542,1,208,"{""type"":""MultiPoint"",""coordinates"":[]}"
2242_0,0.035170604,0.21723427,0.051829774,1,17869,"{""type"":""MultiPoint"",""coordinates"":[]}"
2243_0,-0.026413346,0.49786627,-0.033836987,1,11400,"{""type"":""MultiPoint"",""coordinates"":[]}"
2244_0,-0.05541811,0.53271025,-0.20612356,1,3877,"{""type"":""MultiPoint"",""coordinates"":[]}"
2245_0,0.3659881,0.766254,0.26625913,1,8518,"{""type"":""MultiPoint"",""coordinates"":[]}"
2246_0,0.24864006,0.81037056,0.2828028,1,23073,"{""type"":""MultiPoint"",""coordinates"":[]}"
2247_0,-0.027027028,0.42407554,-0.06797116,1,9059,"{""type"":""MultiPoint"",""coordinates"":[]}"
2248_0,-0.1161817,0.2155318,-0.104848735,1,21046,"{""type"":""MultiPoint"",""coordinates"":[]}"
2249_0,0.019189766,0.6764505,0.07202095,1,9774,"{""type"":""MultiPoint"",""coordinates"":[]}"
2250_0,0.027433628,0.4160401,0.026462086,1,21416,"{""type"":""MultiPoint"",""coordinates"":[]}"
2251_0,0.460182,0.82449496,0.47868383,1,24429,"{""type"":""MultiPoint"",""coordinates"":[]}"
2252_0,-0.14475322,0.28793675,-0.1557789,1,12704,"{""type"":""MultiPoint"",""coordinates"":[]}"
2253_0,-0.019225968,0.34150466,-0.0258859,1,19098,"{""type"":""MultiPoint"",""coordinates"":[]}"
2254_0,0.1860332,0.72814786,0.21205822,1,2254,"{""type"":""MultiPoint"",""coordinates"":[]}"
2255_0,0.54770094,0.13379738,0.5530139,1,11401,"{""type"":""MultiPoint"",""coordinates"":[]}"
2256_0,-0.013672496,0.40232858,0.009937888,1,12374,"{""type"":""MultiPoint"",""coordinates"":[]}"
2257_0,0.02514314,0.4638365,-0.02513089,1,16124,"{""type"":""MultiPoint"",""coordinates"":[]}"
2258_0,0.14486803,0.55106795,0.15600578,1,17474,"{""type"":""MultiPoint"",""coordinates"":[]}"
2259_0,0.09631019,0.62109375,0.04225352,1,24327,"{""type"":""MultiPoint"",""coordinates"":[]}"
2260_0,0.09851657,0.2541435,0.12382593,1,11941,"{""type"":""MultiPoint"",""coordinates"":[]}"
2261_0,-0.022876842,0.35682097,-0.023845008,1,9134,"{""type"":""MultiPoint"",""coordinates"":[]}"
2262_0,0.14149444,0.70305675,0.1941455,1,11734,"{""type"":""MultiPoint"",""coordinates"":[]}"
2263_0,0.04201572,0.6427117,0.021826915,1,17265,"{""type"":""MultiPoint"",""coordinates"":[]}"
2264_0,0.32353795,0.8088002,0.26804045,1,15259,"{""type"":""MultiPoint"",""coordinates"":[]}"
2265_0,-0.10858923,0.38015747,-0.06407518,1,12137,"{""type"":""MultiPoint"",""coordinates"":[]}"
2266_0,0.032139827,0.42232648,0.051731538,1,5478,"{""type"":""MultiPoint"",""coordinates"":[]}"
2267_0,0.015996719,0.4135995,0.014603616,1,13759,"{""type"":""MultiPoint"",""coordinates"":[]}"
2268_0,0.24443106,0.79014665,0.25632185,1,22482,"{""type"":""MultiPoint"",""coordinates"":[]}"
2269_0,0.009500087,0.5961594,-0.052033067,1,3492,"{""type"":""MultiPoint"",""coordinates"":[]}"
2270_0,-0.0255947,0.37006578,-0.023631971,1,9633,"{""type"":""MultiPoint"",""coordinates"":[]}"
2271_0,0.38580772,0.8727355,0.3899074,1,22082,"{""type"":""MultiPoint"",""coordinates"":[]}"
2272_0,0.2565617,0.8594295,0.0013412939,1,19536,"{""type"":""MultiPoint"",""coordinates"":[]}"
2273_0,-0.15737104,0.33466935,-0.19653492,1,6557,"{""type"":""MultiPoint"",""coordinates"":[]}"
2274_0,0.120606825,0.4752581,0.08737864,1,21140,"{""type"":""MultiPoint"",""coordinates"":[]}"
2275_0,-0.13438018,0.4120083,-0.114764266,1,12250,"{""type"":""MultiPoint"",""coordinates"":[]}"
2276_0,-0.06588921,0.42997763,-0.08424069,1,10422,"{""type"":""MultiPoint"",""coordinates"":[]}"
2277_0,0.10126336,0.47957373,0.13715245,1,315,"{""type"":""MultiPoint"",""coordinates"":[]}"
2278_0,-0.04509284,0.4530303,-0.05076551,1,24757,"{""type"":""MultiPoint"",""coordinates"":[]}"
2279_0,0.14675277,0.6717391,0.12797946,1,3840,"{""type"":""MultiPoint"",""coordinates"":[]}"
2280_0,0.16698551,0.6864469,0.21989825,1,14570,"{""type"":""MultiPoint"",""coordinates"":[]}"
2281_0,-0.14997037,0.46263346,-0.11438596,1,10094,"{""type"":""MultiPoint"",""coordinates"":[]}"
2282_0,0.26518172,0.8016627,0.29113925,1,936,"{""type"":""MultiPoint"",""coordinates"":[]}"
2283_0,-0.04394943,0.4795009,-0.03908046,1,23850,"{""type"":""MultiPoint"",""coordinates"":[]}"
2284_0,-0.12462006,0.37828946,-0.07255521,1,13821,"{""type"":""MultiPoint"",""coordinates"":[]}"
2285_0,-0.0695939,0.4441549,-0.0035702824,1,19860,"{""type"":""MultiPoint"",""coordinates"":[]}"
2286_0,0.09688942,0.6056112,0.08171812,1,18909,"{""type"":""MultiPoint"",""coordinates"":[]}"
2287_0,-0.110328004,0.46018615,-0.15727003,1,24992,"{""type"":""MultiPoint"",""coordinates"":[]}"
2288_0,-0.07629288,0.34146342,-0.060288988,1,22557,"{""type"":""MultiPoint"",""coordinates"":[]}"
2289_0,-0.040291373,0.31742242,-0.19916032,1,9194,"{""type"":""MultiPoint"",""coordinates"":[]}"
2290_0,0.12164948,0.614209,0.13439767,1,23826,"{""type"":""MultiPoint"",""coordinates"":[]}"
2291_0,-0.096875,0.5102853,-0.10464201,1,21530,"{""type"":""MultiPoint"",""coordinates"":[]}"
2292_0,-0.04367968,0.3614679,-0.030382227,1,7348,"{""type"":""MultiPoint"",""coordinates"":[]}"
2293_0,-0.074285716,0.47274882,-0.028526768,1,17105,"{""type"":""MultiPoint"",""coordinates"":[]}"
2294_0,-0.005256571,0.32166892,0.044958767,1,12235,"{""type"":""MultiPoint"",""coordinates"":[]}"
2295_0,-0.1218716,0.369379,-0.11817611,1,4639,"{""type"":""MultiPoint"",""coordinates"":[]}"
2296_0,-5.8038306E-4,0.38842246,-0.046433993,1,13459,"{""type"":""MultiPoint"",""coordinates"":[]}"
2297_0,-0.1833437,0.41966048,-0.028633172,1,4563,"{""type"":""MultiPoint"",""coordinates"":[]}"
2298_0,0.19413233,0.68720376,0.22141968,1,12568,"{""type"":""MultiPoint"",""coordinates"":[]}"
2299_0,-0.025590552,0.48547718,-0.07044108,1,23298,"{""type"":""MultiPoint"",""coordinates"":[]}"
2300_0,-0.037107065,0.23200758,-3.841721E-4,1,11732,"{""type"":""MultiPoint"",""coordinates"":[]}"
2301_0,0.35438946,0.73258007,0.39878365,1,24553,"{""type"":""MultiPoint"",""coordinates"":[]}"
2302_0,0.17629452,0.58090186,0.12928402,1,14733,"{""type"":""MultiPoint"",""coordinates"":[]}"
2303_0,-0.10079648,0.49158707,-0.09989023,1,12829,"{""type"":""MultiPoint"",""coordinates"":[]}"
2304_0,-0.100782946,0.3934696,-0.15840963,1,21189,"{""type"":""MultiPoint"",""coordinates"":[]}"
2305_0,-0.01269157,0.19953051,-0.048729077,1,6602,"{""type"":""MultiPoint"",""coordinates"":[]}"
2306_0,0.012604027,0.45486984,0.010823999,1,2797,"{""type"":""MultiPoint"",""coordinates"":[]}"
2307_0,-0.113882355,0.36825645,-0.11492122,1,3834,"{""type"":""MultiPoint"",""coordinates"":[]}"
2308_0,-0.06254249,0.5126263,-0.028258119,1,13250,"{""type"":""MultiPoint"",""coordinates"":[]}"
2309_0,-0.17668161,0.31868133,-0.08630394,1,14517,"{""type"":""MultiPoint"",""coordinates"":[]}"
2310_0,-0.045793395,0.43286327,-0.03593192,1,13433,"{""type"":""MultiPoint"",""coordinates"":[]}"
2311_0,0.20619947,0.7859488,0.25958517,1,1474,"{""type"":""MultiPoint"",""coordinates"":[]}"
2312_0,0.004671613,0.44211486,0.042052366,1,14362,"{""type"":""MultiPoint"",""coordinates"":[]}"
2313_0,0.15042804,0.7055703,0.104811,1,18084,"{""type"":""MultiPoint"",""coordinates"":[]}"
2314_0,-0.22426115,0.4206501,-0.31965813,1,3984,"{""type"":""MultiPoint"",""coordinates"":[]}"
2315_0,0.23874311,0.61716735,0.2602024,1,18305,"{""type"":""MultiPoint"",""coordinates"":[]}"
2316_0,0.23828833,0.83042634,0.32932454,1,25324,"{""type"":""MultiPoint"",""coordinates"":[]}"
2317_0,0.07713885,0.63340473,0.07376126,1,1713,"{""type"":""MultiPoint"",""coordinates"":[]}"
2318_0,0.056429233,0.37966102,0.0175,1,13819,"{""type"":""MultiPoint"",""coordinates"":[]}"
2319_0,-0.03846154,0.3721973,-0.018050542,1,9541,"{""type"":""MultiPoint"",""coordinates"":[]}"
2320_0,0.09140202,0.15676658,0.042057984,1,17781,"{""type"":""MultiPoint"",""coordinates"":[]}"
2321_0,-0.061808717,0.42994013,-0.061187215,1,24022,"{""type"":""MultiPoint"",""coordinates"":[]}"
2322_0,-0.0038363172,0.5212506,-0.004157339,1,12805,"{""type"":""MultiPoint"",""coordinates"":[]}"
2323_0,0.09732167,0.5269852,0.13229671,1,18408,"{""type"":""MultiPoint"",""coordinates"":[]}"
2324_0,0.3961436,0.8290009,0.48746195,1,3993,"{""type"":""MultiPoint"",""coordinates"":[]}"
2325_0,-0.05364027,0.22323999,0.024176273,1,17066,"{""type"":""MultiPoint"",""coordinates"":[]}"
2326_0,0.41666666,0.82794,0.5046222,1,4101,"{""type"":""MultiPoint"",""coordinates"":[]}"
2327_0,0.32657886,0.8065728,0.29101238,1,4749,"{""type"":""MultiPoint"",""coordinates"":[]}"
2328_0,0.306461,0.77760464,0.33082083,1,17610,"{""type"":""MultiPoint"",""coordinates"":[]}"
2329_0,0.071815155,0.23809524,0.083170556,1,17237,"{""type"":""MultiPoint"",""coordinates"":[]}"
2330_0,-0.10513739,0.26677066,-0.31628534,1,9165,"{""type"":""MultiPoint"",""coordinates"":[]}"
2331_0,-0.15134513,0.27762297,-0.20028253,1,19544,"{""type"":""MultiPoint"",""coordinates"":[]}"
2332_0,0.056491576,0.5503212,-0.038624134,1,11202,"{""type"":""MultiPoint"",""coordinates"":[]}"
2333_0,-0.11060433,0.44038156,-0.15868747,1,9092,"{""type"":""MultiPoint"",""coordinates"":[]}"
2334_0,0.060565274,0.602122,-0.07219662,1,8460,"{""type"":""MultiPoint"",""coordinates"":[]}"
2335_0,0.00967118,0.5341615,0.015239678,1,12443,"{""type"":""MultiPoint"",""coordinates"":[]}"
2336_0,0.44759303,0.8471816,0.46441576,1,20985,"{""type"":""MultiPoint"",""coordinates"":[]}"
2337_0,0.44306016,0.70043117,0.21797879,1,10018,"{""type"":""MultiPoint"",""coordinates"":[]}"
2338_0,0.1477997,0.7114026,0.09419355,1,18128,"{""type"":""MultiPoint"",""coordinates"":[]}"
2339_0,0.088086426,0.5479115,0.021548966,1,11458,"{""type"":""MultiPoint"",""coordinates"":[]}"
2340_0,0.23942569,0.24130127,0.21221864,1,4157,"{""type"":""MultiPoint"",""coordinates"":[]}"
2341_0,0.21531664,0.7026941,0.17857143,1,19338,"{""type"":""MultiPoint"",""coordinates"":[]}"
2342_0,-0.11913145,0.4543744,-0.10454677,1,23519,"{""type"":""MultiPoint"",""coordinates"":[]}"
2343_0,0.15166052,0.6627451,0.060195986,1,18367,"{""type"":""MultiPoint"",""coordinates"":[]}"
2344_0,0.17113733,0.74496645,0.21279275,1,15391,"{""type"":""MultiPoint"",""coordinates"":[]}"
2345_0,0.06669809,0.6328438,0.058487874,1,2250,"{""type"":""MultiPoint"",""coordinates"":[]}"
2346_0,-0.11090343,0.3091922,-0.11402687,1,7175,"{""type"":""MultiPoint"",""coordinates"":[]}"
2347_0,0.12998763,0.19416295,0.18172862,1,9659,"{""type"":""MultiPoint"",""coordinates"":[]}"
2348_0,0.20125,0.7522936,0.20621118,1,12895,"{""type"":""MultiPoint"",""coordinates"":[]}"
2349_0,0.036072686,0.25883922,0.030021833,1,23300,"{""type"":""MultiPoint"",""coordinates"":[]}"
2350_0,-0.07337526,0.45949143,-0.10902527,1,12134,"{""type"":""MultiPoint"",""coordinates"":[]}"
2351_0,0.20636864,0.74486303,0.19602978,1,1642,"{""type"":""MultiPoint"",""coordinates"":[]}"
2352_0,0.05489418,0.36941814,0.111594655,1,6712,"{""type"":""MultiPoint"",""coordinates"":[]}"
2353_0,-0.13066526,0.36750272,-0.17747723,1,16546,"{""type"":""MultiPoint"",""coordinates"":[]}"
2354_0,-0.0038190954,0.43057176,-0.009092746,1,21280,"{""type"":""MultiPoint"",""coordinates"":[]}"
2355_0,0.3903846,0.804329,0.40469483,1,7858,"{""type"":""MultiPoint"",""coordinates"":[]}"
2356_0,-0.09437306,0.46077684,-0.12738854,1,20068,"{""type"":""MultiPoint"",""coordinates"":[]}"
2357_0,0.39406604,0.82969886,0.4030354,1,2764,"{""type"":""MultiPoint"",""coordinates"":[]}"
2358_0,0.10432202,0.21924603,0.082395464,1,13577,"{""type"":""MultiPoint"",""coordinates"":[]}"
2359_0,0.36862442,0.8036428,0.3882441,1,16065,"{""type"":""MultiPoint"",""coordinates"":[]}"
2360_0,-0.017881706,0.48618785,-0.0119904075,1,10879,"{""type"":""MultiPoint"",""coordinates"":[]}"
2361_0,-0.04016323,0.5517544,-0.062028702,1,17999,"{""type"":""MultiPoint"",""coordinates"":[]}"
2362_0,0.31186193,0.7935123,0.31913716,1,683,"{""type"":""MultiPoint"",""coordinates"":[]}"
2363_0,0.22562045,0.5968975,0.25861126,1,10791,"{""type"":""MultiPoint"",""coordinates"":[]}"
2364_0,0.034347206,0.25378418,0.060826316,1,23764,"{""type"":""MultiPoint"",""coordinates"":[]}"
2365_0,-0.056449786,0.4887409,-0.004743424,1,21291,"{""type"":""MultiPoint"",""coordinates"":[]}"
2366_0,-0.044307347,0.41637832,-0.062836625,1,24270,"{""type"":""MultiPoint"",""coordinates"":[]}"
2367_0,0.039926574,0.68900806,0.22495274,1,12571,"{""type"":""MultiPoint"",""coordinates"":[]}"
2368_0,-0.03848373,0.6260798,-0.048225816,1,9284,"{""type"":""MultiPoint"",""coordinates"":[]}"
2369_0,-0.031740118,0.4566176,-0.108581744,1,5071,"{""type"":""MultiPoint"",""coordinates"":[]}"
2370_0,-0.1089359,0.4308653,-0.09725096,1,19295,"{""type"":""MultiPoint"",""coordinates"":[]}"
2371_0,0.3142825,0.7203907,0.25236532,1,3002,"{""type"":""MultiPoint"",""coordinates"":[]}"
2372_0,-0.1421475,0.42701015,-0.15929204,1,15817,"{""type"":""MultiPoint"",""coordinates"":[]}"
2373_0,-0.059762884,0.42810458,-0.12014134,1,7554,"{""type"":""MultiPoint"",""coordinates"":[]}"
2374_0,0.0067652217,0.5748032,-0.09321567,1,16022,"{""type"":""MultiPoint"",""coordinates"":[]}"
2375_0,-0.08159781,0.3038961,-0.047965597,1,8037,"{""type"":""MultiPoint"",""coordinates"":[]}"
2376_0,-0.07149853,0.32394367,-0.076001495,1,18573,"{""type"":""MultiPoint"",""coordinates"":[]}"
2377_0,0.28167325,0.42153153,0.26483917,1,20280,"{""type"":""MultiPoint"",""coordinates"":[]}"
2378_0,-0.15308587,0.32376397,-0.21843405,1,6678,"{""type"":""MultiPoint"",""coordinates"":[]}"
2379_0,0.23964497,0.7360942,0.23346524,1,20243,"{""type"":""MultiPoint"",""coordinates"":[]}"
2380_0,0.04618851,0.7199434,-0.043273013,1,14659,"{""type"":""MultiPoint"",""coordinates"":[]}"
2381_0,0.011160715,0.6255887,0.066516824,1,23526,"{""type"":""MultiPoint"",""coordinates"":[]}"
2382_0,0.3004164,0.59059745,0.25205478,1,13298,"{""type"":""MultiPoint"",""coordinates"":[]}"
2383_0,-0.07500778,0.41784036,-0.0683908,1,21267,"{""type"":""MultiPoint"",""coordinates"":[]}"
2384_0,0.2359335,0.6746303,0.08743795,1,2858,"{""type"":""MultiPoint"",""coordinates"":[]}"
2385_0,-8.5338793E-4,0.6909492,-0.06127451,1,8223,"{""type"":""MultiPoint"",""coordinates"":[]}"
2386_0,-0.0939301,0.48163244,-0.21285819,1,11061,"{""type"":""MultiPoint"",""coordinates"":[]}"
2387_0,0.0024463169,0.47449586,0.0018134193,1,16481,"{""type"":""MultiPoint"",""coordinates"":[]}"
2388_0,0.45198163,0.7781999,0.3443088,1,1383,"{""type"":""MultiPoint"",""coordinates"":[]}"
2389_0,0.2735332,0.7682434,0.30261585,1,15701,"{""type"":""MultiPoint"",""coordinates"":[]}"
2390_0,0.062090892,0.17934348,0.0019900498,1,23968,"{""type"":""MultiPoint"",""coordinates"":[]}"
2391_0,0.07765315,0.4834171,0.26955926,1,21095,"{""type"":""MultiPoint"",""coordinates"":[]}"
2392_0,-0.06886098,0.22238731,-0.048164148,1,8285,"{""type"":""MultiPoint"",""coordinates"":[]}"
2393_0,-0.0805395,0.4338179,-0.09795427,1,19861,"{""type"":""MultiPoint"",""coordinates"":[]}"
2394_0,0.37023532,0.79732585,0.42479908,1,21763,"{""type"":""MultiPoint"",""coordinates"":[]}"
2395_0,0.17769642,0.78269356,0.19824272,1,24056,"{""type"":""MultiPoint"",""coordinates"":[]}"
2396_0,-0.019018404,0.43941718,-0.03147575,1,4194,"{""type"":""MultiPoint"",""coordinates"":[]}"
2397_0,0.42319748,0.8399661,0.45521834,1,24624,"{""type"":""MultiPoint"",""coordinates"":[]}"
2398_0,-0.10695293,0.40433672,-0.11319149,1,9140,"{""type"":""MultiPoint"",""coordinates"":[]}"
2399_0,0.09288998,0.12723449,0.14955424,1,14950,"{""type"":""MultiPoint"",""coordinates"":[]}"
2400_0,-0.19297424,0.35888502,-0.19798742,1,9737,"{""type"":""MultiPoint"",""coordinates"":[]}"
2401_0,0.023102006,0.47480258,-0.055906944,1,1429,"{""type"":""MultiPoint"",""coordinates"":[]}"
2402_0,-0.17673682,0.30923694,-0.19020371,1,12044,"{""type"":""MultiPoint"",""coordinates"":[]}"
2403_0,-0.08196721,0.27971563,-0.05028854,1,5286,"{""type"":""MultiPoint"",""coordinates"":[]}"
2404_0,-0.16858469,0.29440242,-0.20709072,1,6400,"{""type"":""MultiPoint"",""coordinates"":[]}"
2405_0,-0.15745914,0.40495867,-0.20825689,1,14718,"{""type"":""MultiPoint"",""coordinates"":[]}"
2406_0,-0.06957878,0.5110259,-0.035336755,1,8952,"{""type"":""MultiPoint"",""coordinates"":[]}"
2407_0,-0.10523354,0.40756914,-0.08253359,1,24284,"{""type"":""MultiPoint"",""coordinates"":[]}"
2408_0,0.17836778,0.7469735,0.14345552,1,8525,"{""type"":""MultiPoint"",""coordinates"":[]}"
2409_0,-0.11740167,0.42971888,-0.10176619,1,11315,"{""type"":""MultiPoint"",""coordinates"":[]}"
2410_0,0.2270913,0.7523258,0.35591394,1,12480,"{""type"":""MultiPoint"",""coordinates"":[]}"
2411_0,-0.0951586,0.40888485,-0.19565839,1,19349,"{""type"":""MultiPoint"",""coordinates"":[]}"
2412_0,0.3656247,0.5750853,0.4097401,1,5130,"{""type"":""MultiPoint"",""coordinates"":[]}"
2413_0,-0.11071587,0.23909035,-0.10717449,1,13398,"{""type"":""MultiPoint"",""coordinates"":[]}"
2414_0,0.19801041,0.2822086,0.13644478,1,14786,"{""type"":""MultiPoint"",""coordinates"":[]}"
2415_0,0.2640244,0.79543823,0.3029719,1,6165,"{""type"":""MultiPoint"",""coordinates"":[]}"
2416_0,0.025436409,0.5463138,-0.017824216,1,1606,"{""type"":""MultiPoint"",""coordinates"":[]}"
2417_0,-0.024083769,0.3037037,-0.0755132,1,3100,"{""type"":""MultiPoint"",""coordinates"":[]}"
2418_0,0.4587242,0.83130574,0.47994593,1,21758,"{""type"":""MultiPoint"",""coordinates"":[]}"
2419_0,0.011590823,0.707129,-0.022640353,1,6202,"{""type"":""MultiPoint"",""coordinates"":[]}"
2420_0,0.3221655,0.8423631,0.29905027,1,13924,"{""type"":""MultiPoint"",""coordinates"":[]}"
2421_0,0.4082739,0.8233677,0.42765275,1,6478,"{""type"":""MultiPoint"",""coordinates"":[]}"
2422_0,0.15361851,0.53927714,0.007570978,1,21397,"{""type"":""MultiPoint"",""coordinates"":[]}"
2423_0,-0.06854957,0.5515548,-0.079015546,1,12434,"{""type"":""MultiPoint"",""coordinates"":[]}"
2424_0,0.06303855,0.51783353,-0.0024260068,1,11028,"{""type"":""MultiPoint"",""coordinates"":[]}"
2425_0,0.096577644,0.49786964,0.09249471,1,4044,"{""type"":""MultiPoint"",""coordinates"":[]}"
2426_0,0.33087248,0.8509434,0.32612368,1,4068,"{""type"":""MultiPoint"",""coordinates"":[]}"
2427_0,0.50940096,0.8824691,0.51617074,1,11628,"{""type"":""MultiPoint"",""coordinates"":[]}"
2428_0,0.3639748,0.8691169,0.38672698,1,20809,"{""type"":""MultiPoint"",""coordinates"":[]}"
2429_0,0.011420205,0.5673624,0.012287888,1,7658,"{""type"":""MultiPoint"",""coordinates"":[]}"
2430_0,-0.051420353,0.47008547,-0.10048927,1,8863,"{""type"":""MultiPoint"",""coordinates"":[]}"
2431_0,0.020801522,0.54648435,-0.005788623,1,24083,"{""type"":""MultiPoint"",""coordinates"":[]}"
2432_0,-0.11277762,0.43614852,-0.10512747,1,8318,"{""type"":""MultiPoint"",""coordinates"":[]}"
2433_0,0.38433382,0.8948612,0.36220807,1,2619,"{""type"":""MultiPoint"",""coordinates"":[]}"
2434_0,-0.124052,0.53366923,-0.09354414,1,15205,"{""type"":""MultiPoint"",""coordinates"":[]}"
2435_0,-0.08118763,0.48716095,-0.0019417476,1,13729,"{""type"":""MultiPoint"",""coordinates"":[]}"
2436_0,0.039566178,0.0784983,0.045699462,1,19805,"{""type"":""MultiPoint"",""coordinates"":[]}"
2437_0,0.25409076,0.7436282,0.22971188,1,6714,"{""type"":""MultiPoint"",""coordinates"":[]}"
2438_0,-0.20595534,0.33275414,-0.21533759,1,9069,"{""type"":""MultiPoint"",""coordinates"":[]}"
2439_0,-0.13623188,0.4026906,-0.14343742,1,19258,"{""type"":""MultiPoint"",""coordinates"":[]}"
2440_0,-0.16548797,0.5264624,-0.20116618,1,12385,"{""type"":""MultiPoint"",""coordinates"":[]}"
2441_0,-0.043520436,0.526186,-0.049898423,1,24111,"{""type"":""MultiPoint"",""coordinates"":[]}"
2442_0,0.23290204,0.7033574,0.23361035,1,13286,"{""type"":""MultiPoint"",""coordinates"":[]}"
2443_0,0.21014282,0.74819565,0.26184398,1,18758,"{""type"":""MultiPoint"",""coordinates"":[]}"
2444_0,0.22979292,0.7794749,0.19755863,1,6270,"{""type"":""MultiPoint"",""coordinates"":[]}"
2445_0,-0.12318286,0.5060498,-0.076641,1,11524,"{""type"":""MultiPoint"",""coordinates"":[]}"
2446_0,0.24277854,0.7544162,0.26050976,1,12560,"{""type"":""MultiPoint"",""coordinates"":[]}"
2447_0,0.028913964,0.103626944,0.078313254,1,10299,"{""type"":""MultiPoint"",""coordinates"":[]}"
2448_0,0.33373207,0.8237314,0.3636923,1,23697,"{""type"":""MultiPoint"",""coordinates"":[]}"
2449_0,-0.08739116,0.31284475,-0.14305085,1,3860,"{""type"":""MultiPoint"",""coordinates"":[]}"
2450_0,-0.032258064,0.6022187,-0.17606445,1,22157,"{""type"":""MultiPoint"",""coordinates"":[]}"
2451_0,-0.2517537,0.48108107,-0.18874907,1,11793,"{""type"":""MultiPoint"",""coordinates"":[]}"
2452_0,-0.0010655301,0.42597157,3.989892E-4,1,7568,"{""type"":""MultiPoint"",""coordinates"":[]}"
2453_0,0.3200307,0.20324227,0.30509803,1,17601,"{""type"":""MultiPoint"",""coordinates"":[]}"
2454_0,-0.079028204,0.4074074,-0.086989224,1,9698,"{""type"":""MultiPoint"",""coordinates"":[]}"
2455_0,0.18496622,0.71665287,0.20962888,1,18960,"{""type"":""MultiPoint"",""coordinates"":[]}"
2456_0,0.2950699,0.63583815,0.25822687,1,21150,"{""type"":""MultiPoint"",""coordinates"":[]}"
2457_0,0.010466691,0.46733668,-0.06780871,1,6906,"{""type"":""MultiPoint"",""coordinates"":[]}"
2458_0,-0.09360229,0.3284065,-0.053581078,1,19566,"{""type"":""MultiPoint"",""coordinates"":[]}"
2459_0,0.07764706,0.5635384,-8.628128E-4,1,20649,"{""type"":""MultiPoint"",""coordinates"":[]}"
2460_0,0.0443356,0.4646584,0.05238214,1,2508,"{""type"":""MultiPoint"",""coordinates"":[]}"
2461_0,0.0035228988,0.08508287,0.023186976,1,17504,"{""type"":""MultiPoint"",""coordinates"":[]}"
2462_0,-0.09799876,0.32595965,-0.1325814,1,13578,"{""type"":""MultiPoint"",""coordinates"":[]}"
2463_0,0.07712591,0.7121588,0.0010940919,1,12455,"{""type"":""MultiPoint"",""coordinates"":[]}"
2464_0,0.34050995,0.75899917,0.3955407,1,7936,"{""type"":""MultiPoint"",""coordinates"":[]}"
2465_0,0.30823627,0.74414015,0.31401372,1,8629,"{""type"":""MultiPoint"",""coordinates"":[]}"
2466_0,0.08570076,0.64405644,0.07452672,1,1632,"{""type"":""MultiPoint"",""coordinates"":[]}"
2467_0,-0.06396938,0.15739645,0.0025627883,1,21844,"{""type"":""MultiPoint"",""coordinates"":[]}"
2468_0,-0.15040651,0.49548775,-0.18040508,1,16069,"{""type"":""MultiPoint"",""coordinates"":[]}"
2469_0,0.01831502,0.5668317,0.024271844,1,3673,"{""type"":""MultiPoint"",""coordinates"":[]}"
2470_0,-0.102145046,0.4964029,-0.0055935364,1,22945,"{""type"":""MultiPoint"",""coordinates"":[]}"
2471_0,-0.1897019,0.39544305,-0.17097893,1,18079,"{""type"":""MultiPoint"",""coordinates"":[]}"
2472_0,0.047208242,0.6178393,0.09800363,1,4397,"{""type"":""MultiPoint"",""coordinates"":[]}"
2473_0,0.2204319,0.65337485,0.20196186,1,21782,"{""type"":""MultiPoint"",""coordinates"":[]}"
2474_0,0.29399115,0.69856876,0.268324,1,466,"{""type"":""MultiPoint"",""coordinates"":[]}"
2475_0,0.08166075,0.32477534,0.106016785,1,6674,"{""type"":""MultiPoint"",""coordinates"":[]}"
2476_0,0.27312776,0.78664833,0.25,1,25201,"{""type"":""MultiPoint"",""coordinates"":[]}"
2477_0,-0.072559364,0.4362895,-0.11223628,1,3752,"{""type"":""MultiPoint"",""coordinates"":[]}"
2478_0,-0.18845598,0.32748026,-0.21658032,1,4984,"{""type"":""MultiPoint"",""coordinates"":[]}"
2479_0,0.022421524,0.538695,0.018018018,1,3451,"{""type"":""MultiPoint"",""coordinates"":[]}"
2480_0,0.4174894,0.8311874,0.38405797,1,11500,"{""type"":""MultiPoint"",""coordinates"":[]}"
2481_0,-0.22804123,0.317525,-0.25941512,1,22981,"{""type"":""MultiPoint"",""coordinates"":[]}"
2482_0,-0.09624539,0.49306804,-0.16555494,1,18515,"{""type"":""MultiPoint"",""coordinates"":[]}"
2483_0,0.09552845,0.6245136,0.11501492,1,8139,"{""type"":""MultiPoint"",""coordinates"":[]}"
2484_0,-0.06214689,0.43021345,-0.038100496,1,10296,"{""type"":""MultiPoint"",""coordinates"":[]}"
2485_0,0.11921941,0.23102866,0.13444526,1,16137,"{""type"":""MultiPoint"",""coordinates"":[]}"
2486_0,0.05827998,0.25032595,0.10455629,1,5163,"{""type"":""MultiPoint"",""coordinates"":[]}"
2487_0,0.0029112082,0.509434,-0.01858736,1,6700,"{""type"":""MultiPoint"",""coordinates"":[]}"
2488_0,-0.11953702,0.40986547,-0.081256405,1,15465,"{""type"":""MultiPoint"",""coordinates"":[]}"
2489_0,-0.10866786,0.3998441,-0.09949564,1,6027,"{""type"":""MultiPoint"",""coordinates"":[]}"
2490_0,0.05842926,0.08544628,-0.055192683,1,8696,"{""type"":""MultiPoint"",""coordinates"":[]}"
2491_0,0.02392642,0.6067313,3.9296705E-5,1,1580,"{""type"":""MultiPoint"",""coordinates"":[]}"
2492_0,0.55580753,0.003905878,0.5870482,1,21047,"{""type"":""MultiPoint"",""coordinates"":[]}"
2493_0,0.47780126,0.87374747,0.50406504,1,9363,"{""type"":""MultiPoint"",""coordinates"":[]}"
2494_0,0.030959079,0.5272833,-6.2866387E-4,1,8198,"{""type"":""MultiPoint"",""coordinates"":[]}"
2495_0,0.0857578,0.72787726,0.10213428,1,18235,"{""type"":""MultiPoint"",""coordinates"":[]}"
2496_0,-0.029760186,0.37820044,-0.011350738,1,12787,"{""type"":""MultiPoint"",""coordinates"":[]}"
2497_0,-0.047877144,0.46071774,-0.09675386,1,23493,"{""type"":""MultiPoint"",""coordinates"":[]}"
2498_0,-0.18578635,0.36447844,-0.20361581,1,21966,"{""type"":""MultiPoint"",""coordinates"":[]}"
2499_0,-0.017454037,0.6226931,-0.047436513,1,23790,"{""type"":""MultiPoint"",""coordinates"":[]}"
2500_0,-0.17867576,0.3831696,-0.21900627,1,17452,"{""type"":""MultiPoint"",""coordinates"":[]}"
2501_0,0.23108315,0.6188962,0.20811376,1,844,"{""type"":""MultiPoint"",""coordinates"":[]}"
2502_0,-0.14310198,0.38412017,-0.1650655,1,14514,"{""type"":""MultiPoint"",""coordinates"":[]}"
2503_0,-0.0025979131,0.45896122,0.010145384,1,15964,"{""type"":""MultiPoint"",""coordinates"":[]}"
2504_0,0.04847512,0.5833333,0.054545455,1,24654,"{""type"":""MultiPoint"",""coordinates"":[]}"
2505_0,-0.0029815147,0.40747663,-0.03585147,1,18528,"{""type"":""MultiPoint"",""coordinates"":[]}"
2506_0,0.05711389,0.15536653,0.061553985,1,8692,"{""type"":""MultiPoint"",""coordinates"":[]}"
2507_0,0.049813014,0.3226917,0.07138047,1,8086,"{""type"":""MultiPoint"",""coordinates"":[]}"
2508_0,0.20834759,0.706,0.1917569,1,1398,"{""type"":""MultiPoint"",""coordinates"":[]}"
2509_0,0.11977137,0.15648147,0.14988747,1,12687,"{""type"":""MultiPoint"",""coordinates"":[]}"
2510_0,-0.008315368,0.18719889,0.06559263,1,121,"{""type"":""MultiPoint"",""coordinates"":[]}"
2511_0,-0.09762858,0.44109878,-0.15306707,1,10669,"{""type"":""MultiPoint"",""coordinates"":[]}"
2512_0,-0.040533036,0.3356684,-0.07732107,1,22743,"{""type"":""MultiPoint"",""coordinates"":[]}"
2513_0,-0.07423118,0.4265949,0.0029721698,1,19927,"{""type"":""MultiPoint"",""coordinates"":[]}"
2514_0,-0.08907026,0.3608658,-0.13508622,1,5662,"{""type"":""MultiPoint"",""coordinates"":[]}"
2515_0,-0.06407942,0.5030675,-0.057873487,1,8742,"{""type"":""MultiPoint"",""coordinates"":[]}"
2516_0,-0.039399624,0.5242105,-0.0014858841,1,6846,"{""type"":""MultiPoint"",""coordinates"":[]}"
2517_0,0.06319172,0.4980531,0.0,1,6934,"{""type"":""MultiPoint"",""coordinates"":[]}"
2518_0,0.1794154,0.6460565,0.13203426,1,6186,"{""type"":""MultiPoint"",""coordinates"":[]}"
2519_0,-0.04711458,0.3641763,0.00815729,1,16420,"{""type"":""MultiPoint"",""coordinates"":[]}"
2520_0,-0.011611705,0.39332202,-0.07741776,1,5749,"{""type"":""MultiPoint"",""coordinates"":[]}"
2521_0,0.0050796885,0.5986541,0.092009075,1,18264,"{""type"":""MultiPoint"",""coordinates"":[]}"
2522_0,-0.041269843,0.53801167,-0.16389784,1,14470,"{""type"":""MultiPoint"",""coordinates"":[]}"
2523_0,0.13710201,0.5923372,0.112299465,1,22778,"{""type"":""MultiPoint"",""coordinates"":[]}"
2524_0,0.17599799,0.6579742,0.20997436,1,25077,"{""type"":""MultiPoint"",""coordinates"":[]}"
2525_0,-0.09662612,0.3924612,-0.090484284,1,5816,"{""type"":""MultiPoint"",""coordinates"":[]}"
2526_0,0.14934848,0.6303502,0.1366565,1,23466,"{""type"":""MultiPoint"",""coordinates"":[]}"
2527_0,0.22924069,0.68903184,0.24074763,1,23887,"{""type"":""MultiPoint"",""coordinates"":[]}"
2528_0,-0.0792053,0.35984606,-0.09693053,1,14885,"{""type"":""MultiPoint"",""coordinates"":[]}"
2529_0,-0.07970762,0.45681953,-0.096291475,1,23459,"{""type"":""MultiPoint"",""coordinates"":[]}"
2530_0,0.044163283,0.50973237,0.04404426,1,23596,"{""type"":""MultiPoint"",""coordinates"":[]}"
2531_0,0.36844388,0.7296727,0.38432285,1,9026,"{""type"":""MultiPoint"",""coordinates"":[]}"
2532_0,0.20815752,0.69606006,0.22130014,1,16672,"{""type"":""MultiPoint"",""coordinates"":[]}"
2533_0,-0.11031261,0.4418146,0.01686287,1,22210,"{""type"":""MultiPoint"",""coordinates"":[]}"
2534_0,-0.1278481,0.37572256,-0.13922682,1,21454,"{""type"":""MultiPoint"",""coordinates"":[]}"
2535_0,0.22871573,0.8464865,0.24843578,1,4093,"{""type"":""MultiPoint"",""coordinates"":[]}"
2536_0,-0.025583982,0.42463914,-0.038990308,1,21407,"{""type"":""MultiPoint"",""coordinates"":[]}"
2537_0,0.11875496,0.50566834,0.12498235,1,7821,"{""type"":""MultiPoint"",""coordinates"":[]}"
2538_0,0.2875708,0.81762916,0.19758193,1,25368,"{""type"":""MultiPoint"",""coordinates"":[]}"
2539_0,-0.06285355,0.4283414,-0.11654011,1,19346,"{""type"":""MultiPoint"",""coordinates"":[]}"
2540_0,0.096659705,0.13735485,0.079263754,1,14979,"{""type"":""MultiPoint"",""coordinates"":[]}"
2541_0,0.10700625,0.6757481,0.09355873,1,14499,"{""type"":""MultiPoint"",""coordinates"":[]}"
2542_0,0.07709815,0.47579694,0.059982613,1,21137,"{""type"":""MultiPoint"",""coordinates"":[]}"
2543_0,0.3025174,0.82285607,0.34624738,1,23480,"{""type"":""MultiPoint"",""coordinates"":[]}"
2544_0,0.18882027,0.7410423,0.21543409,1,15731,"{""type"":""MultiPoint"",""coordinates"":[]}"
2545_0,-0.14466245,0.44427,-0.27790973,1,12906,"{""type"":""MultiPoint"",""coordinates"":[]}"
2546_0,-0.13434814,0.46975696,-0.1545852,1,8121,"{""type"":""MultiPoint"",""coordinates"":[]}"
2547_0,0.041772153,0.5950616,-0.013362085,1,18887,"{""type"":""MultiPoint"",""coordinates"":[]}"
2548_0,0.10587626,0.63065696,0.12799798,1,23864,"{""type"":""MultiPoint"",""coordinates"":[]}"
2549_0,-0.040220387,0.4985535,-0.106397085,1,20044,"{""type"":""MultiPoint"",""coordinates"":[]}"
2550_0,0.035067074,0.5455455,0.05812007,1,1962,"{""type"":""MultiPoint"",""coordinates"":[]}"
2551_0,0.17896207,0.10571647,0.22084208,1,10185,"{""type"":""MultiPoint"",""coordinates"":[]}"
2552_0,-0.18186556,0.3893491,-0.24478595,1,19458,"{""type"":""MultiPoint"",""coordinates"":[]}"
2553_0,-0.09275181,0.32138023,-0.10276726,1,6550,"{""type"":""MultiPoint"",""coordinates"":[]}"
2554_0,-0.058175407,0.3802198,-0.049158838,1,20582,"{""type"":""MultiPoint"",""coordinates"":[]}"
2555_0,0.18584485,0.6653846,0.20156285,1,2604,"{""type"":""MultiPoint"",""coordinates"":[]}"
2556_0,-0.05833792,0.3378106,-0.17506875,1,9626,"{""type"":""MultiPoint"",""coordinates"":[]}"
2557_0,-0.049093656,0.39713773,-0.049754377,1,9749,"{""type"":""MultiPoint"",""coordinates"":[]}"
2558_0,0.2754371,0.78366446,0.31453362,1,25520,"{""type"":""MultiPoint"",""coordinates"":[]}"
2559_0,-0.056417026,0.42970973,0.07909117,1,18724,"{""type"":""MultiPoint"",""coordinates"":[]}"
2560_0,0.2127914,0.72649574,0.1019434,1,16700,"{""type"":""MultiPoint"",""coordinates"":[]}"
2561_0,0.32837945,0.80401874,0.2875782,1,11839,"{""type"":""MultiPoint"",""coordinates"":[]}"
2562_0,0.07852098,0.27203065,0.07235467,1,15619,"{""type"":""MultiPoint"",""coordinates"":[]}"
2563_0,0.1752756,0.60732687,0.18055318,1,4707,"{""type"":""MultiPoint"",""coordinates"":[]}"
2564_0,0.36978617,0.7828138,0.39279503,1,17221,"{""type"":""MultiPoint"",""coordinates"":[]}"
2565_0,-0.05802969,0.25314546,-0.03391108,1,17246,"{""type"":""MultiPoint"",""coordinates"":[]}"
2566_0,0.37168658,0.75669944,0.36114573,1,13199,"{""type"":""MultiPoint"",""coordinates"":[]}"
2567_0,0.0015979911,0.40365577,-0.038875513,1,15287,"{""type"":""MultiPoint"",""coordinates"":[]}"
2568_0,0.19939117,0.20200753,0.23211679,1,14294,"{""type"":""MultiPoint"",""coordinates"":[]}"
2569_0,-0.006448374,0.46331105,-0.023403458,1,24882,"{""type"":""MultiPoint"",""coordinates"":[]}"
2570_0,-0.035006605,0.58655894,0.068408385,1,23484,"{""type"":""MultiPoint"",""coordinates"":[]}"
2571_0,-0.13517241,0.34177214,-0.13873006,1,7223,"{""type"":""MultiPoint"",""coordinates"":[]}"
2572_0,-0.14279886,0.38589212,-0.14490087,1,18700,"{""type"":""MultiPoint"",""coordinates"":[]}"
2573_0,0.037467323,0.513308,-0.008010253,1,4375,"{""type"":""MultiPoint"",""coordinates"":[]}"
2574_0,0.15663956,0.66483516,0.21809046,1,13651,"{""type"":""MultiPoint"",""coordinates"":[]}"
2575_0,0.06717773,0.54385966,0.056207035,1,18361,"{""type"":""MultiPoint"",""coordinates"":[]}"
2576_0,0.1493776,0.65698004,0.08935651,1,16716,"{""type"":""MultiPoint"",""coordinates"":[]}"
2577_0,0.23879416,0.8092251,0.2803021,1,18228,"{""type"":""MultiPoint"",""coordinates"":[]}"
2578_0,-0.038873266,0.47885445,-0.020169199,1,20860,"{""type"":""MultiPoint"",""coordinates"":[]}"
2579_0,-0.12975913,0.3514352,-0.1589242,1,18307,"{""type"":""MultiPoint"",""coordinates"":[]}"
2580_0,0.102468215,0.6329114,0.08745247,1,24334,"{""type"":""MultiPoint"",""coordinates"":[]}"
2581_0,-0.012863918,0.46401483,-0.08124695,1,7482,"{""type"":""MultiPoint"",""coordinates"":[]}"
2582_0,-0.07644306,0.37463126,-0.047914818,1,19599,"{""type"":""MultiPoint"",""coordinates"":[]}"
2583_0,-0.06506024,0.3088875,-0.04245283,1,19866,"{""type"":""MultiPoint"",""coordinates"":[]}"
2584_0,-0.038631674,0.45676857,7.202387E-4,1,11011,"{""type"":""MultiPoint"",""coordinates"":[]}"
2585_0,-0.14285715,0.3321332,-0.15669516,1,8358,"{""type"":""MultiPoint"",""coordinates"":[]}"
2586_0,0.209826,0.6527934,0.17609392,1,1350,"{""type"":""MultiPoint"",""coordinates"":[]}"
2587_0,-0.098421805,0.43845463,-0.13482842,1,5859,"{""type"":""MultiPoint"",""coordinates"":[]}"
2588_0,0.2676368,0.79431474,0.2997942,1,17299,"{""type"":""MultiPoint"",""coordinates"":[]}"
2589_0,0.16276567,0.6694491,0.18591858,1,2290,"{""type"":""MultiPoint"",""coordinates"":[]}"
2590_0,0.071428575,0.60383385,0.05103376,1,3971,"{""type"":""MultiPoint"",""coordinates"":[]}"
2591_0,0.06662127,0.3164006,0.020485945,1,5841,"{""type"":""MultiPoint"",""coordinates"":[]}"
2592_0,-0.14427625,0.37245312,-0.18588349,1,17947,"{""type"":""MultiPoint"",""coordinates"":[]}"
2593_0,-0.08945869,0.39790863,-0.10808461,1,15824,"{""type"":""MultiPoint"",""coordinates"":[]}"
2594_0,0.14701842,0.6571198,0.13921243,1,168,"{""type"":""MultiPoint"",""coordinates"":[]}"
2595_0,0.12389219,0.5748,0.069031276,1,5500,"{""type"":""MultiPoint"",""coordinates"":[]}"
2596_0,-0.11543523,0.37472078,-0.17442782,1,11438,"{""type"":""MultiPoint"",""coordinates"":[]}"
2597_0,-0.034883723,0.36384794,0.0015298317,1,2361,"{""type"":""MultiPoint"",""coordinates"":[]}"
2598_0,0.63904566,0.035528187,0.59857345,1,12648,"{""type"":""MultiPoint"",""coordinates"":[]}"
2599_0,0.19061467,0.766165,0.20975566,1,6188,"{""type"":""MultiPoint"",""coordinates"":[]}"
2600_0,0.23516884,0.7965261,0.2339515,1,4720,"{""type"":""MultiPoint"",""coordinates"":[]}"
2601_0,-0.044444446,0.5044161,-0.054862842,1,10392,"{""type"":""MultiPoint"",""coordinates"":[]}"
2602_0,0.18728371,0.65099585,0.12536867,1,15281,"{""type"":""MultiPoint"",""coordinates"":[]}"
2603_0,0.13884674,0.58274174,0.16511115,1,24122,"{""type"":""MultiPoint"",""coordinates"":[]}"
2604_0,-0.08362168,0.42797494,-0.13568349,1,19859,"{""type"":""MultiPoint"",""coordinates"":[]}"
2605_0,0.19193564,0.04392673,0.24042879,1,19802,"{""type"":""MultiPoint"",""coordinates"":[]}"
2606_0,0.32925308,0.7112213,0.34025937,1,1411,"{""type"":""MultiPoint"",""coordinates"":[]}"
2607_0,-0.03297901,0.41439554,-0.070319116,1,10351,"{""type"":""MultiPoint"",""coordinates"":[]}"
2608_0,0.04616615,0.42703533,0.016411379,1,24195,"{""type"":""MultiPoint"",""coordinates"":[]}"
2609_0,0.47641963,-0.0015519917,0.4099783,1,11376,"{""type"":""MultiPoint"",""coordinates"":[]}"
2610_0,-0.10150666,0.39123207,-0.15508899,1,23106,"{""type"":""MultiPoint"",""coordinates"":[]}"
2611_0,0.26631764,0.76741904,0.266526,1,8883,"{""type"":""MultiPoint"",""coordinates"":[]}"
2612_0,0.009997779,0.24308242,0.068386085,1,13458,"{""type"":""MultiPoint"",""coordinates"":[]}"
2613_0,0.12204572,0.20739079,0.041860465,1,14801,"{""type"":""MultiPoint"",""coordinates"":[]}"
2614_0,0.36669412,0.8479383,0.33639562,1,5050,"{""type"":""MultiPoint"",""coordinates"":[]}"
2615_0,0.33501562,0.76152915,0.35966235,1,13207,"{""type"":""MultiPoint"",""coordinates"":[]}"
2616_0,-0.067073174,0.5764331,-0.10850968,1,12378,"{""type"":""MultiPoint"",""coordinates"":[]}"
2617_0,-0.003706824,0.5069678,-0.02244389,1,7958,"{""type"":""MultiPoint"",""coordinates"":[]}"
2618_0,0.20362566,0.63061786,0.24259265,1,19569,"{""type"":""MultiPoint"",""coordinates"":[]}"
2619_0,0.081129275,0.6011236,0.1449615,1,23582,"{""type"":""MultiPoint"",""coordinates"":[]}"
2620_0,0.0021834061,0.5198238,-0.12972002,1,13124,"{""type"":""MultiPoint"",""coordinates"":[]}"
2621_0,0.18306412,0.7013575,0.24280378,1,7912,"{""type"":""MultiPoint"",""coordinates"":[]}"
2622_0,0.017639078,0.54780364,0.035255533,1,2559,"{""type"":""MultiPoint"",""coordinates"":[]}"
2623_0,-0.018419212,0.45899966,-0.009242144,1,16432,"{""type"":""MultiPoint"",""coordinates"":[]}"
2624_0,-0.088252954,0.3490566,-0.22615558,1,12408,"{""type"":""MultiPoint"",""coordinates"":[]}"
2625_0,-0.14917128,0.37347132,-0.13844515,1,16503,"{""type"":""MultiPoint"",""coordinates"":[]}"
2626_0,-0.1443038,0.35953176,-0.12727273,1,23567,"{""type"":""MultiPoint"",""coordinates"":[]}"
2627_0,-0.030385798,0.43465346,-0.0660544,1,6399,"{""type"":""MultiPoint"",""coordinates"":[]}"
2628_0,-0.032684054,0.5252838,-0.013427562,1,17170,"{""type"":""MultiPoint"",""coordinates"":[]}"
2629_0,-0.0033969167,0.34480843,0.04704876,1,11212,"{""type"":""MultiPoint"",""coordinates"":[]}"
2630_0,0.23519376,0.801774,0.20226453,1,2442,"{""type"":""MultiPoint"",""coordinates"":[]}"
2631_0,0.08130893,0.22088774,0.2590199,1,10215,"{""type"":""MultiPoint"",""coordinates"":[]}"
2632_0,-0.110614054,0.33826277,-0.033554878,1,1027,"{""type"":""MultiPoint"",""coordinates"":[]}"
2633_0,-0.13556725,0.34596926,-0.14443637,1,3503,"{""type"":""MultiPoint"",""coordinates"":[]}"
2634_0,0.021864861,0.45730445,0.09604093,1,17941,"{""type"":""MultiPoint"",""coordinates"":[]}"
2635_0,-0.055510536,0.3580902,-0.05786802,1,6750,"{""type"":""MultiPoint"",""coordinates"":[]}"
2636_0,0.105741985,0.035940804,0.08930741,1,8687,"{""type"":""MultiPoint"",""coordinates"":[]}"
2637_0,-0.08076422,0.43403965,-0.06399317,1,6715,"{""type"":""MultiPoint"",""coordinates"":[]}"
2638_0,0.324493,0.568157,0.36388737,1,655,"{""type"":""MultiPoint"",""coordinates"":[]}"
2639_0,0.17925335,0.63875204,0.16181606,1,2342,"{""type"":""MultiPoint"",""coordinates"":[]}"
2640_0,0.0,0.5007587,-0.025855701,1,3578,"{""type"":""MultiPoint"",""coordinates"":[]}"
2641_0,0.1572383,0.60396695,0.123668365,1,6913,"{""type"":""MultiPoint"",""coordinates"":[]}"
2642_0,0.09424219,0.59748894,0.078947365,1,25053,"{""type"":""MultiPoint"",""coordinates"":[]}"
2643_0,0.065714285,0.5413771,-0.007375684,1,18687,"{""type"":""MultiPoint"",""coordinates"":[]}"
2644_0,0.0637446,0.26347306,0.09317277,1,8178,"{""type"":""MultiPoint"",""coordinates"":[]}"
2645_0,0.08354431,0.5923191,0.07821026,1,22657,"{""type"":""MultiPoint"",""coordinates"":[]}"
2646_0,0.011563169,0.683313,0.06327099,1,12559,"{""type"":""MultiPoint"",""coordinates"":[]}"
2647_0,0.087632775,0.5378173,0.05116279,1,3394,"{""type"":""MultiPoint"",""coordinates"":[]}"
2648_0,0.27465987,0.7331899,0.23737147,1,11047,"{""type"":""MultiPoint"",""coordinates"":[]}"
2649_0,0.085188486,0.5652174,0.046705846,1,20096,"{""type"":""MultiPoint"",""coordinates"":[]}"
2650_0,0.3191131,0.8148893,0.34462678,1,2974,"{""type"":""MultiPoint"",""coordinates"":[]}"
2651_0,0.08414789,0.57746476,0.13017154,1,8005,"{""type"":""MultiPoint"",""coordinates"":[]}"
2652_0,-0.005001601,0.4464048,-0.035104632,1,6224,"{""type"":""MultiPoint"",""coordinates"":[]}"
2653_0,0.47560975,0.8904275,0.5232765,1,3592,"{""type"":""MultiPoint"",""coordinates"":[]}"
2654_0,0.029675638,0.6329464,0.010259918,1,11206,"{""type"":""MultiPoint"",""coordinates"":[]}"
2655_0,0.07414946,0.6659276,0.17212689,1,2388,"{""type"":""MultiPoint"",""coordinates"":[]}"
2656_0,0.18878505,0.7212757,0.14782609,1,278,"{""type"":""MultiPoint"",""coordinates"":[]}"
2657_0,0.20594713,0.1810617,0.1442869,1,14091,"{""type"":""MultiPoint"",""coordinates"":[]}"
2658_0,0.006472492,0.5800554,0.051804215,1,13314,"{""type"":""MultiPoint"",""coordinates"":[]}"
2659_0,-0.1590909,0.3466826,-0.16955355,1,10977,"{""type"":""MultiPoint"",""coordinates"":[]}"
2660_0,-0.08274294,0.41490546,-0.16139801,1,18882,"{""type"":""MultiPoint"",""coordinates"":[]}"
2661_0,0.37049744,0.71276593,0.13647059,1,1635,"{""type"":""MultiPoint"",""coordinates"":[]}"
2662_0,0.04709395,0.5376422,-0.01245633,1,14221,"{""type"":""MultiPoint"",""coordinates"":[]}"
2663_0,0.62291604,0.010284332,0.6339023,1,3073,"{""type"":""MultiPoint"",""coordinates"":[]}"
2664_0,-0.02009898,0.5512021,-0.010635396,1,24019,"{""type"":""MultiPoint"",""coordinates"":[]}"
2665_0,0.1695171,0.7157803,0.13036607,1,18321,"{""type"":""MultiPoint"",""coordinates"":[]}"
2666_0,0.31149393,0.6875769,0.26366657,1,18382,"{""type"":""MultiPoint"",""coordinates"":[]}"
2667_0,0.322038,0.8327388,0.31470624,1,19578,"{""type"":""MultiPoint"",""coordinates"":[]}"
2668_0,-0.0055322396,0.268857,0.028924096,1,5259,"{""type"":""MultiPoint"",""coordinates"":[]}"
2669_0,-0.15174364,0.38947368,-0.18421052,1,16488,"{""type"":""MultiPoint"",""coordinates"":[]}"
2670_0,0.16386555,0.63723916,0.14606741,1,25288,"{""type"":""MultiPoint"",""coordinates"":[]}"
2671_0,-0.11016949,0.40497875,-0.07772021,1,23674,"{""type"":""MultiPoint"",""coordinates"":[]}"
2672_0,-0.02248738,0.29101795,-0.016423358,1,21786,"{""type"":""MultiPoint"",""coordinates"":[]}"
2673_0,0.32799622,0.6526521,0.34086838,1,1131,"{""type"":""MultiPoint"",""coordinates"":[]}"
2674_0,0.35974365,0.7753097,0.30815235,1,2265,"{""type"":""MultiPoint"",""coordinates"":[]}"
2675_0,0.16041826,0.61210626,0.19155206,1,2041,"{""type"":""MultiPoint"",""coordinates"":[]}"
2676_0,-0.10418049,0.43386245,-0.08003467,1,10607,"{""type"":""MultiPoint"",""coordinates"":[]}"
2677_0,-0.1038521,0.4378735,-0.124697514,1,23412,"{""type"":""MultiPoint"",""coordinates"":[]}"
2678_0,0.39030707,0.80877596,0.4562212,1,23852,"{""type"":""MultiPoint"",""coordinates"":[]}"
2679_0,0.065375306,0.6466431,0.099299975,1,373,"{""type"":""MultiPoint"",""coordinates"":[]}"
2680_0,0.25391057,0.82239383,-0.037997317,1,5575,"{""type"":""MultiPoint"",""coordinates"":[]}"
2681_0,0.2846992,0.79606026,0.37460744,1,5610,"{""type"":""MultiPoint"",""coordinates"":[]}"
2682_0,0.13339794,0.14260563,0.19610487,1,7356,"{""type"":""MultiPoint"",""coordinates"":[]}"
2683_0,0.021124968,0.47103658,0.015058561,1,16976,"{""type"":""MultiPoint"",""coordinates"":[]}"
2684_0,0.023098791,0.5025341,0.046809986,1,2784,"{""type"":""MultiPoint"",""coordinates"":[]}"
2685_0,-0.0046585416,0.5405447,-0.002344278,1,12520,"{""type"":""MultiPoint"",""coordinates"":[]}"
2686_0,0.063455,0.33740857,-3.9153732E-4,1,18078,"{""type"":""MultiPoint"",""coordinates"":[]}"
2687_0,-0.10628342,0.44405457,0.002050581,1,24697,"{""type"":""MultiPoint"",""coordinates"":[]}"
2688_0,0.27198,0.63494265,0.21377872,1,2075,"{""type"":""MultiPoint"",""coordinates"":[]}"
2689_0,-0.06548431,0.47974798,-0.023593467,1,20206,"{""type"":""MultiPoint"",""coordinates"":[]}"
2690_0,0.45275036,0.08722467,0.35903084,1,18808,"{""type"":""MultiPoint"",""coordinates"":[]}"
2691_0,0.043224618,0.5509612,0.06037353,1,6138,"{""type"":""MultiPoint"",""coordinates"":[]}"
2692_0,-0.06964467,0.23987539,-0.11139241,1,22799,"{""type"":""MultiPoint"",""coordinates"":[]}"
2693_0,-0.018426295,0.5100317,0.031497955,1,1418,"{""type"":""MultiPoint"",""coordinates"":[]}"
2694_0,-0.24606264,0.38068876,-0.22935358,1,7585,"{""type"":""MultiPoint"",""coordinates"":[]}"
2695_0,0.2749049,0.44065157,0.25919187,1,22503,"{""type"":""MultiPoint"",""coordinates"":[]}"
2696_0,0.04145937,0.36355555,-0.08608877,1,4596,"{""type"":""MultiPoint"",""coordinates"":[]}"
2697_0,0.3558379,0.79729646,0.33505532,1,24091,"{""type"":""MultiPoint"",""coordinates"":[]}"
2698_0,0.22430237,0.77290076,0.23887028,1,1595,"{""type"":""MultiPoint"",""coordinates"":[]}"
2699_0,0.19381064,0.7183099,0.17209804,1,5598,"{""type"":""MultiPoint"",""coordinates"":[]}"
2700_0,-0.14911707,0.4187298,-0.1194648,1,3383,"{""type"":""MultiPoint"",""coordinates"":[]}"
2701_0,-0.19053368,0.3245033,-0.21011291,1,10353,"{""type"":""MultiPoint"",""coordinates"":[]}"
2702_0,0.02589972,0.47774923,-0.13199967,1,22817,"{""type"":""MultiPoint"",""coordinates"":[]}"
2703_0,0.16384181,0.6296296,0.15186246,1,1175,"{""type"":""MultiPoint"",""coordinates"":[]}"
2704_0,-0.04199475,0.4472072,-0.09391504,1,11977,"{""type"":""MultiPoint"",""coordinates"":[]}"
2705_0,0.007910358,0.5888765,0.011879246,1,18912,"{""type"":""MultiPoint"",""coordinates"":[]}"
2706_0,-0.056431826,0.3761883,-0.04907762,1,23545,"{""type"":""MultiPoint"",""coordinates"":[]}"
2707_0,0.11616288,0.65370136,0.10908643,1,6826,"{""type"":""MultiPoint"",""coordinates"":[]}"
2708_0,0.024855295,0.5778547,0.03438975,1,22426,"{""type"":""MultiPoint"",""coordinates"":[]}"
2709_0,-0.06309555,0.24489518,-0.111488916,1,11813,"{""type"":""MultiPoint"",""coordinates"":[]}"
2710_0,0.24348176,0.42538592,0.27600768,1,16073,"{""type"":""MultiPoint"",""coordinates"":[]}"
2711_0,-0.063716054,0.48091602,-0.017486451,1,18152,"{""type"":""MultiPoint"",""coordinates"":[]}"
2712_0,0.23146747,0.95238096,0.3137255,1,12565,"{""type"":""MultiPoint"",""coordinates"":[]}"
2713_0,0.3211894,0.7414501,0.3385539,1,1503,"{""type"":""MultiPoint"",""coordinates"":[]}"
2714_0,0.038952168,0.6536654,0.070585564,1,1554,"{""type"":""MultiPoint"",""coordinates"":[]}"
2715_0,-0.0074990625,0.2696838,0.063896105,1,3707,"{""type"":""MultiPoint"",""coordinates"":[]}"
2716_0,-0.063101605,0.41186735,-0.08120386,1,1075,"{""type"":""MultiPoint"",""coordinates"":[]}"
2717_0,0.3582108,0.84485966,0.33991194,1,15294,"{""type"":""MultiPoint"",""coordinates"":[]}"
2718_0,-0.16666667,0.38468197,-0.1421973,1,6824,"{""type"":""MultiPoint"",""coordinates"":[]}"
2719_0,0.076880224,0.6898793,0.024433324,1,13695,"{""type"":""MultiPoint"",""coordinates"":[]}"
2720_0,0.08260617,0.61475855,-0.050283052,1,9960,"{""type"":""MultiPoint"",""coordinates"":[]}"
2721_0,0.0085077025,0.4054054,0.05425361,1,8999,"{""type"":""MultiPoint"",""coordinates"":[]}"
2722_0,-0.19619048,0.26762402,-0.21118611,1,7406,"{""type"":""MultiPoint"",""coordinates"":[]}"
2723_0,0.14671026,0.59504133,0.13330102,1,11333,"{""type"":""MultiPoint"",""coordinates"":[]}"
2724_0,0.034583535,0.47017267,-0.0042881644,1,4347,"{""type"":""MultiPoint"",""coordinates"":[]}"
2725_0,0.07051723,0.14483692,0.09714286,1,21142,"{""type"":""MultiPoint"",""coordinates"":[]}"
2726_0,0.29658213,1.0,0.32771337,1,7880,"{""type"":""MultiPoint"",""coordinates"":[]}"
2727_0,-0.08896321,0.4242054,-0.07199298,1,24017,"{""type"":""MultiPoint"",""coordinates"":[]}"
2728_0,0.4903274,0.8233216,0.637662,1,22627,"{""type"":""MultiPoint"",""coordinates"":[]}"
2729_0,0.028268551,0.5833333,-0.006535948,1,10491,"{""type"":""MultiPoint"",""coordinates"":[]}"
2730_0,0.32318112,0.8326032,0.33808768,1,11378,"{""type"":""MultiPoint"",""coordinates"":[]}"
2731_0,-0.053440213,0.3124183,-0.06951509,1,11585,"{""type"":""MultiPoint"",""coordinates"":[]}"
2732_0,-0.01529052,0.3536686,0.052993804,1,14418,"{""type"":""MultiPoint"",""coordinates"":[]}"
2733_0,0.12984997,0.6189873,0.19198509,1,7668,"{""type"":""MultiPoint"",""coordinates"":[]}"
2734_0,0.438075,1.0,0.45061728,1,17654,"{""type"":""MultiPoint"",""coordinates"":[]}"
2735_0,0.09345107,0.60697,0.08164794,1,18143,"{""type"":""MultiPoint"",""coordinates"":[]}"
2736_0,0.0013481869,0.24443823,0.01611908,1,17311,"{""type"":""MultiPoint"",""coordinates"":[]}"
2737_0,0.18468732,0.5773548,0.20507084,1,2540,"{""type"":""MultiPoint"",""coordinates"":[]}"
2738_0,0.2211583,0.71406305,0.2142511,1,24714,"{""type"":""MultiPoint"",""coordinates"":[]}"
2739_0,0.18589035,0.22928709,0.16166303,1,22723,"{""type"":""MultiPoint"",""coordinates"":[]}"
2740_0,0.016290369,0.5315985,0.044212896,1,15107,"{""type"":""MultiPoint"",""coordinates"":[]}"
2741_0,-0.08816121,0.35936114,-0.07462686,1,11945,"{""type"":""MultiPoint"",""coordinates"":[]}"
2742_0,0.39641634,0.87082404,0.3923445,1,776,"{""type"":""MultiPoint"",""coordinates"":[]}"
2743_0,0.18391892,0.13578947,0.1192837,1,22543,"{""type"":""MultiPoint"",""coordinates"":[]}"
2744_0,0.21176471,0.9391892,0.19760479,1,10864,"{""type"":""MultiPoint"",""coordinates"":[]}"
2745_0,-0.08941606,0.17512691,-0.12641509,1,19051,"{""type"":""MultiPoint"",""coordinates"":[]}"
2746_0,0.28238177,0.77408016,0.2668115,1,18219,"{""type"":""MultiPoint"",""coordinates"":[]}"
2747_0,-0.18945177,0.33559835,-0.2056272,1,10950,"{""type"":""MultiPoint"",""coordinates"":[]}"
2748_0,-0.06173542,0.48302618,-0.08262592,1,3210,"{""type"":""MultiPoint"",""coordinates"":[]}"
2749_0,-0.0012635125,0.24448848,0.06391915,1,10981,"{""type"":""MultiPoint"",""coordinates"":[]}"
2750_0,0.14326002,0.70336187,0.21104537,1,30,"{""type"":""MultiPoint"",""coordinates"":[]}"
2751_0,0.2635712,0.72519076,0.27419928,1,24047,"{""type"":""MultiPoint"",""coordinates"":[]}"
2752_0,0.027818449,0.43184182,0.008028546,1,21739,"{""type"":""MultiPoint"",""coordinates"":[]}"
2753_0,-0.036478747,0.45861733,-0.058171745,1,12550,"{""type"":""MultiPoint"",""coordinates"":[]}"
2754_0,0.26807496,0.83042276,0.3017901,1,3298,"{""type"":""MultiPoint"",""coordinates"":[]}"
2755_0,0.1992318,0.6637619,0.19264199,1,7946,"{""type"":""MultiPoint"",""coordinates"":[]}"
2756_0,0.09211034,0.6215271,0.15667947,1,2174,"{""type"":""MultiPoint"",""coordinates"":[]}"
2757_0,0.36733288,0.8194093,0.39957717,1,16760,"{""type"":""MultiPoint"",""coordinates"":[]}"
2758_0,0.82028896,0.007665505,0.8319257,1,4186,"{""type"":""MultiPoint"",""coordinates"":[]}"
2759_0,0.09479306,0.3990244,0.12009373,1,20945,"{""type"":""MultiPoint"",""coordinates"":[]}"
2760_0,0.36473668,0.8362416,0.4267101,1,547,"{""type"":""MultiPoint"",""coordinates"":[]}"
2761_0,0.0366461,0.4195349,0.021854304,1,21155,"{""type"":""MultiPoint"",""coordinates"":[]}"
2762_0,-0.01509434,0.48518518,-0.041342866,1,12599,"{""type"":""MultiPoint"",""coordinates"":[]}"
2763_0,-0.04752426,0.37796164,-0.051592894,1,15497,"{""type"":""MultiPoint"",""coordinates"":[]}"
2764_0,-0.017335314,0.37116703,-0.0613563,1,24259,"{""type"":""MultiPoint"",""coordinates"":[]}"
2765_0,0.179268,0.72019273,0.1512252,1,8541,"{""type"":""MultiPoint"",""coordinates"":[]}"
2766_0,0.17451711,0.3705513,0.18200134,1,20565,"{""type"":""MultiPoint"",""coordinates"":[]}"
2767_0,0.054928932,0.569873,0.066231765,1,25370,"{""type"":""MultiPoint"",""coordinates"":[]}"
2768_0,0.23382436,0.71414405,0.2332314,1,1680,"{""type"":""MultiPoint"",""coordinates"":[]}"
2769_0,-0.13200852,0.3814774,-0.12008427,1,14351,"{""type"":""MultiPoint"",""coordinates"":[]}"
2770_0,-0.16923077,0.34678626,-0.13573141,1,9736,"{""type"":""MultiPoint"",""coordinates"":[]}"
2771_0,0.22651933,0.7004968,0.17566241,1,14015,"{""type"":""MultiPoint"",""coordinates"":[]}"
2772_0,-0.13131869,0.39432755,-0.14931622,1,15816,"{""type"":""MultiPoint"",""coordinates"":[]}"
2773_0,-0.08821293,0.47006652,-0.13987058,1,20664,"{""type"":""MultiPoint"",""coordinates"":[]}"
2774_0,-0.03862661,0.33923757,-0.05360544,1,12262,"{""type"":""MultiPoint"",""coordinates"":[]}"
2775_0,-0.24382515,0.32389578,-0.22738583,1,16605,"{""type"":""MultiPoint"",""coordinates"":[]}"
2776_0,-0.030057803,0.43631217,-0.067961164,1,17689,"{""type"":""MultiPoint"",""coordinates"":[]}"
2777_0,-0.057995632,0.45066667,-0.07240607,1,103,"{""type"":""MultiPoint"",""coordinates"":[]}"
2778_0,0.005097934,0.45825464,-0.019241342,1,13609,"{""type"":""MultiPoint"",""coordinates"":[]}"
2779_0,-0.090987496,0.20661157,0.046003018,1,6688,"{""type"":""MultiPoint"",""coordinates"":[]}"
2780_0,0.2508918,0.52380955,0.28652322,1,22999,"{""type"":""MultiPoint"",""coordinates"":[]}"
2781_0,0.19090554,0.7505908,0.18921432,1,1557,"{""type"":""MultiPoint"",""coordinates"":[]}"
2782_0,-0.002240478,0.48550725,-0.04354588,1,13758,"{""type"":""MultiPoint"",""coordinates"":[]}"
2783_0,0.089039244,0.61554027,0.06909481,1,23148,"{""type"":""MultiPoint"",""coordinates"":[]}"
2784_0,-0.18994197,0.44073647,-0.23284313,1,3366,"{""type"":""MultiPoint"",""coordinates"":[]}"
2785_0,0.29440632,0.75787663,0.25303245,1,22348,"{""type"":""MultiPoint"",""coordinates"":[]}"
2786_0,-0.12197743,0.45796064,-0.12560646,1,17240,"{""type"":""MultiPoint"",""coordinates"":[]}"
2787_0,-0.09498787,0.35407445,-0.10029096,1,13529,"{""type"":""MultiPoint"",""coordinates"":[]}"
2788_0,0.042524915,0.53597325,-0.022711143,1,1719,"{""type"":""MultiPoint"",""coordinates"":[]}"
2789_0,0.02147651,0.45925927,-0.023548922,1,23557,"{""type"":""MultiPoint"",""coordinates"":[]}"
2790_0,-0.08594271,0.47096774,-0.08739159,1,5252,"{""type"":""MultiPoint"",""coordinates"":[]}"
2791_0,0.08995592,0.109103546,0.16969235,1,8101,"{""type"":""MultiPoint"",""coordinates"":[]}"
2792_0,-0.14227167,0.34529915,-0.17150554,1,15071,"{""type"":""MultiPoint"",""coordinates"":[]}"
2793_0,-0.18593782,0.26598838,-0.23819266,1,17503,"{""type"":""MultiPoint"",""coordinates"":[]}"
2794_0,0.09758119,0.61097693,0.13680874,1,23082,"{""type"":""MultiPoint"",""coordinates"":[]}"
2795_0,0.3088765,0.7667128,0.2557319,1,17382,"{""type"":""MultiPoint"",""coordinates"":[]}"
2796_0,-0.14897858,0.30379745,-0.2133649,1,12813,"{""type"":""MultiPoint"",""coordinates"":[]}"
2797_0,0.22359397,0.70567554,0.20651133,1,10863,"{""type"":""MultiPoint"",""coordinates"":[]}"
2798_0,0.09545163,0.21103218,0.08311688,1,15453,"{""type"":""MultiPoint"",""coordinates"":[]}"
2799_0,0.40459913,0.8685446,0.45660806,1,20228,"{""type"":""MultiPoint"",""coordinates"":[]}"
2800_0,0.25494006,0.64174575,0.25662574,1,9544,"{""type"":""MultiPoint"",""coordinates"":[]}"
2801_0,-0.009718415,0.49160483,-0.023749368,1,664,"{""type"":""MultiPoint"",""coordinates"":[]}"
2802_0,0.014667817,0.12880562,-0.025441485,1,20507,"{""type"":""MultiPoint"",""coordinates"":[]}"
2803_0,-0.15097317,0.37520662,-0.13603322,1,5449,"{""type"":""MultiPoint"",""coordinates"":[]}"
2804_0,-0.04389153,0.46040034,-0.14084937,1,9129,"{""type"":""MultiPoint"",""coordinates"":[]}"
2805_0,-0.096112676,0.45449135,-0.13075674,1,20843,"{""type"":""MultiPoint"",""coordinates"":[]}"
2806_0,-0.10964649,0.44241884,-0.057557024,1,23523,"{""type"":""MultiPoint"",""coordinates"":[]}"
2807_0,-0.009073412,0.3549151,-0.033511687,1,5940,"{""type"":""MultiPoint"",""coordinates"":[]}"
2808_0,-0.11610763,0.4871795,-0.18865785,1,9720,"{""type"":""MultiPoint"",""coordinates"":[]}"
2809_0,0.040868454,0.19745223,0.015404785,1,17716,"{""type"":""MultiPoint"",""coordinates"":[]}"
2810_0,0.083613425,0.6609876,0.03446097,1,19580,"{""type"":""MultiPoint"",""coordinates"":[]}"
2811_0,0.011925043,0.10494572,0.06666667,1,23248,"{""type"":""MultiPoint"",""coordinates"":[]}"
2812_0,-0.04227734,0.3471874,-0.02750764,1,8156,"{""type"":""MultiPoint"",""coordinates"":[]}"
2813_0,0.09616088,0.83762884,0.07137491,1,2208,"{""type"":""MultiPoint"",""coordinates"":[]}"
2814_0,0.3913004,0.76786673,0.4441354,1,563,"{""type"":""MultiPoint"",""coordinates"":[]}"
2815_0,-0.06589521,0.39957175,-0.037546933,1,13710,"{""type"":""MultiPoint"",""coordinates"":[]}"
2816_0,0.36129034,0.8002279,0.36800528,1,11526,"{""type"":""MultiPoint"",""coordinates"":[]}"
2817_0,0.049796503,0.09104807,0.12567464,1,8639,"{""type"":""MultiPoint"",""coordinates"":[]}"
2818_0,-0.05967793,0.40115973,-0.08083736,1,17897,"{""type"":""MultiPoint"",""coordinates"":[]}"
2819_0,0.28837603,0.68005896,0.31043884,1,17410,"{""type"":""MultiPoint"",""coordinates"":[]}"
2820_0,0.35718223,0.8367369,0.2589408,1,11818,"{""type"":""MultiPoint"",""coordinates"":[]}"
2821_0,0.08564262,0.55080074,0.12411826,1,1873,"{""type"":""MultiPoint"",""coordinates"":[]}"
2822_0,-0.02119353,0.42761445,0.011605938,1,22172,"{""type"":""MultiPoint"",""coordinates"":[]}"
2823_0,0.11481096,0.59416056,0.12422787,1,11044,"{""type"":""MultiPoint"",""coordinates"":[]}"
2824_0,-0.09462152,0.21404193,-0.033866417,1,17742,"{""type"":""MultiPoint"",""coordinates"":[]}"
2825_0,-0.16294102,0.3834746,-0.13901345,1,6084,"{""type"":""MultiPoint"",""coordinates"":[]}"
2826_0,-0.019588638,0.44207445,-0.1875589,1,17210,"{""type"":""MultiPoint"",""coordinates"":[]}"
2827_0,0.08258154,0.5609537,0.073247775,1,19843,"{""type"":""MultiPoint"",""coordinates"":[]}"
2828_0,-0.004610142,0.6200608,0.016097369,1,13049,"{""type"":""MultiPoint"",""coordinates"":[]}"
2829_0,-0.08070501,0.27194658,-0.13455608,1,4894,"{""type"":""MultiPoint"",""coordinates"":[]}"
2830_0,-0.13132346,0.3447099,-0.135649,1,11193,"{""type"":""MultiPoint"",""coordinates"":[]}"
2831_0,0.38731444,0.85302323,0.43617022,1,23844,"{""type"":""MultiPoint"",""coordinates"":[]}"
2832_0,0.09460105,0.5798429,0.13826367,1,24957,"{""type"":""MultiPoint"",""coordinates"":[]}"
2833_0,-0.066609524,0.4454205,-0.12696542,1,326,"{""type"":""MultiPoint"",""coordinates"":[]}"
2834_0,0.20838855,0.5181647,0.21211861,1,19016,"{""type"":""MultiPoint"",""coordinates"":[]}"
2835_0,0.03723204,0.5615171,0.04191617,1,16826,"{""type"":""MultiPoint"",""coordinates"":[]}"
2836_0,-0.065904304,0.47939894,-0.108123906,1,3686,"{""type"":""MultiPoint"",""coordinates"":[]}"
2837_0,0.012892562,0.40442133,0.00830289,1,349,"{""type"":""MultiPoint"",""coordinates"":[]}"
2838_0,0.20725536,0.42414126,0.2116199,1,12631,"{""type"":""MultiPoint"",""coordinates"":[]}"
2839_0,-0.12313309,0.5639464,-0.45552978,1,11331,"{""type"":""MultiPoint"",""coordinates"":[]}"
2840_0,-0.07138536,0.5388838,-0.02577469,1,4981,"{""type"":""MultiPoint"",""coordinates"":[]}"
2841_0,-0.18047549,0.42736092,-0.18352814,1,19534,"{""type"":""MultiPoint"",""coordinates"":[]}"
2842_0,0.022164276,0.5,0.042960443,1,11521,"{""type"":""MultiPoint"",""coordinates"":[]}"
2843_0,0.04029927,0.5134135,0.08454811,1,24063,"{""type"":""MultiPoint"",""coordinates"":[]}"
2844_0,0.20441312,0.7619466,0.2445429,1,688,"{""type"":""MultiPoint"",""coordinates"":[]}"
2845_0,0.0023790642,0.44387755,-0.052719664,1,8288,"{""type"":""MultiPoint"",""coordinates"":[]}"
2846_0,-0.10935992,0.44648647,-0.069623195,1,18735,"{""type"":""MultiPoint"",""coordinates"":[]}"
2847_0,0.3277345,0.44413868,0.3388453,1,12628,"{""type"":""MultiPoint"",""coordinates"":[]}"
2848_0,0.23060696,0.7336349,0.175908,1,10761,"{""type"":""MultiPoint"",""coordinates"":[]}"
2849_0,0.067269646,0.4620007,0.12559618,1,3580,"{""type"":""MultiPoint"",""coordinates"":[]}"
2850_0,-0.07440633,0.4300518,-0.1669182,1,16987,"{""type"":""MultiPoint"",""coordinates"":[]}"
2851_0,0.12996337,0.1661891,0.14897886,1,17523,"{""type"":""MultiPoint"",""coordinates"":[]}"
2852_0,-0.16969353,0.37353173,-0.15039961,1,12927,"{""type"":""MultiPoint"",""coordinates"":[]}"
2853_0,0.08879552,0.23038356,0.18796805,1,16134,"{""type"":""MultiPoint"",""coordinates"":[]}"
2854_0,0.03254945,0.69826025,0.021112446,1,4048,"{""type"":""MultiPoint"",""coordinates"":[]}"
2855_0,0.113879,0.5974026,0.14532757,1,3296,"{""type"":""MultiPoint"",""coordinates"":[]}"
2856_0,0.3420408,0.870257,0.18754326,1,7870,"{""type"":""MultiPoint"",""coordinates"":[]}"
2857_0,0.27094474,0.5397008,0.24099723,1,7900,"{""type"":""MultiPoint"",""coordinates"":[]}"
2858_0,-0.10375276,0.3923611,-0.17291857,1,7586,"{""type"":""MultiPoint"",""coordinates"":[]}"
2859_0,-0.014251782,0.502193,-0.072758034,1,12988,"{""type"":""MultiPoint"",""coordinates"":[]}"
2860_0,0.16094822,0.599018,0.10928186,1,5114,"{""type"":""MultiPoint"",""coordinates"":[]}"
2861_0,-0.008072654,0.0654599,0.05308057,1,2766,"{""type"":""MultiPoint"",""coordinates"":[]}"
2862_0,-0.12186125,0.30555487,-0.13895223,1,14634,"{""type"":""MultiPoint"",""coordinates"":[]}"
2863_0,0.072326764,0.20076118,0.09240031,1,17437,"{""type"":""MultiPoint"",""coordinates"":[]}"
2864_0,0.1265497,0.6976292,0.078252286,1,1527,"{""type"":""MultiPoint"",""coordinates"":[]}"
2865_0,-0.099138886,0.41079462,-0.17074318,1,11947,"{""type"":""MultiPoint"",""coordinates"":[]}"
2866_0,0.15173902,0.67880917,0.16784523,1,21629,"{""type"":""MultiPoint"",""coordinates"":[]}"
2867_0,0.007308754,0.14093162,-0.02999663,1,16274,"{""type"":""MultiPoint"",""coordinates"":[]}"
2868_0,0.32377538,0.98717946,0.33801168,1,16702,"{""type"":""MultiPoint"",""coordinates"":[]}"
2869_0,0.21699545,0.7161892,0.044444446,1,7691,"{""type"":""MultiPoint"",""coordinates"":[]}"
2870_0,-0.19547276,0.325,-0.24604966,1,22609,"{""type"":""MultiPoint"",""coordinates"":[]}"
2871_0,-0.05091871,0.44379228,-0.08601473,1,10424,"{""type"":""MultiPoint"",""coordinates"":[]}"
2872_0,0.13341868,0.11938189,0.10916308,1,15285,"{""type"":""MultiPoint"",""coordinates"":[]}"
2873_0,0.26752898,0.7788582,0.24243762,1,19467,"{""type"":""MultiPoint"",""coordinates"":[]}"
2874_0,0.067913786,0.7094241,0.020711215,1,24909,"{""type"":""MultiPoint"",""coordinates"":[]}"
2875_0,0.26605737,0.4120365,0.27174512,1,11568,"{""type"":""MultiPoint"",""coordinates"":[]}"
2876_0,0.15333734,0.61085975,0.11613308,1,17236,"{""type"":""MultiPoint"",""coordinates"":[]}"
2877_0,-0.106529206,0.43704775,-0.08012969,1,15143,"{""type"":""MultiPoint"",""coordinates"":[]}"
2878_0,0.10505923,0.336029,0.081595354,1,20576,"{""type"":""MultiPoint"",""coordinates"":[]}"
2879_0,0.43026707,1.0,0.4524715,1,5589,"{""type"":""MultiPoint"",""coordinates"":[]}"
2880_0,0.005933364,0.13350838,-0.042112775,1,21971,"{""type"":""MultiPoint"",""coordinates"":[]}"
2881_0,0.19285339,0.24247356,0.16793066,1,3027,"{""type"":""MultiPoint"",""coordinates"":[]}"
2882_0,-0.15505823,0.4134478,-0.13129054,1,16552,"{""type"":""MultiPoint"",""coordinates"":[]}"
2883_0,-0.11710413,0.3478261,-0.13402858,1,19394,"{""type"":""MultiPoint"",""coordinates"":[]}"
2884_0,0.062768705,0.5874894,0.07670851,1,6863,"{""type"":""MultiPoint"",""coordinates"":[]}"
2885_0,0.062191974,0.112097666,0.14189944,1,8137,"{""type"":""MultiPoint"",""coordinates"":[]}"
2886_0,0.3912515,0.84181815,0.33817703,1,23586,"{""type"":""MultiPoint"",""coordinates"":[]}"
2887_0,0.21935056,0.75036424,0.1893911,1,1433,"{""type"":""MultiPoint"",""coordinates"":[]}"
2888_0,-0.0028735632,0.4419753,0.062233936,1,18338,"{""type"":""MultiPoint"",""coordinates"":[]}"
2889_0,0.36159822,0.8262872,0.35460132,1,13132,"{""type"":""MultiPoint"",""coordinates"":[]}"
2890_0,-0.022358347,0.38033685,0.03049666,1,22686,"{""type"":""MultiPoint"",""coordinates"":[]}"
2891_0,-0.20621341,0.33093005,-0.23703244,1,17757,"{""type"":""MultiPoint"",""coordinates"":[]}"
2892_0,-0.055695623,0.43813682,-0.076419726,1,16683,"{""type"":""MultiPoint"",""coordinates"":[]}"
2893_0,0.10958904,0.25279328,0.11464245,1,11985,"{""type"":""MultiPoint"",""coordinates"":[]}"
2894_0,-0.08258381,0.35225618,-0.116043836,1,7567,"{""type"":""MultiPoint"",""coordinates"":[]}"
2895_0,-0.06029654,0.42608696,-0.048740596,1,3844,"{""type"":""MultiPoint"",""coordinates"":[]}"
2896_0,-0.108571425,0.46911958,-0.13097551,1,10697,"{""type"":""MultiPoint"",""coordinates"":[]}"
2897_0,0.0569697,0.19664635,0.08665955,1,11605,"{""type"":""MultiPoint"",""coordinates"":[]}"
2898_0,-0.115872055,0.37525356,-0.19492199,1,13053,"{""type"":""MultiPoint"",""coordinates"":[]}"
2899_0,0.22752044,0.7592955,0.22646658,1,19405,"{""type"":""MultiPoint"",""coordinates"":[]}"
2900_0,-0.08881973,0.38471672,0.04883034,1,22801,"{""type"":""MultiPoint"",""coordinates"":[]}"
2901_0,0.1456311,0.73534137,-0.023858478,1,2929,"{""type"":""MultiPoint"",""coordinates"":[]}"
2902_0,0.10451256,0.73523253,0.117365606,1,4489,"{""type"":""MultiPoint"",""coordinates"":[]}"
2903_0,-0.03194367,0.48880124,-0.044944014,1,742,"{""type"":""MultiPoint"",""coordinates"":[]}"
2904_0,2.3391812E-4,0.44421053,-0.029636418,1,6607,"{""type"":""MultiPoint"",""coordinates"":[]}"
2905_0,0.15460718,0.25420094,0.18005644,1,3111,"{""type"":""MultiPoint"",""coordinates"":[]}"
2906_0,0.028059645,0.5262618,-0.20578131,1,14768,"{""type"":""MultiPoint"",""coordinates"":[]}"
2907_0,0.032258064,0.55167663,0.01610018,1,25338,"{""type"":""MultiPoint"",""coordinates"":[]}"
2908_0,0.22068168,0.6996951,0.22000578,1,24949,"{""type"":""MultiPoint"",""coordinates"":[]}"
2909_0,-0.12600146,0.38917089,-0.16783594,1,21283,"{""type"":""MultiPoint"",""coordinates"":[]}"
2910_0,-0.06153983,0.112877585,-0.023108525,1,11981,"{""type"":""MultiPoint"",""coordinates"":[]}"
2911_0,0.14460641,0.63602805,0.16003436,1,2710,"{""type"":""MultiPoint"",""coordinates"":[]}"
2912_0,0.37630662,0.8615474,0.39322034,1,25212,"{""type"":""MultiPoint"",""coordinates"":[]}"
2913_0,-0.13855422,0.38235295,-0.18002196,1,13745,"{""type"":""MultiPoint"",""coordinates"":[]}"
2914_0,-0.23906504,0.33567354,-0.31253725,1,7315,"{""type"":""MultiPoint"",""coordinates"":[]}"
2915_0,0.19310631,0.44141433,0.23549086,1,1393,"{""type"":""MultiPoint"",""coordinates"":[]}"
2916_0,0.05970149,0.5495283,0.023355475,1,14071,"{""type"":""MultiPoint"",""coordinates"":[]}"
2917_0,-0.15462355,0.34595162,-0.1365332,1,11474,"{""type"":""MultiPoint"",""coordinates"":[]}"
2918_0,0.09327098,0.74009216,0.11533587,1,14411,"{""type"":""MultiPoint"",""coordinates"":[]}"
2919_0,0.24885128,0.66608626,0.2899726,1,4461,"{""type"":""MultiPoint"",""coordinates"":[]}"
2920_0,0.09850107,0.59331477,0.09657321,1,23569,"{""type"":""MultiPoint"",""coordinates"":[]}"
2921_0,0.0059302445,0.385447,-0.0037552014,1,4160,"{""type"":""MultiPoint"",""coordinates"":[]}"
2922_0,-0.03136763,0.37841192,-0.049100634,1,16384,"{""type"":""MultiPoint"",""coordinates"":[]}"
2923_0,0.007981312,0.14994511,0.029381549,1,12042,"{""type"":""MultiPoint"",""coordinates"":[]}"
2924_0,-0.1799224,0.39102563,-0.20494619,1,15564,"{""type"":""MultiPoint"",""coordinates"":[]}"
2925_0,-0.12147595,0.38022563,-0.14038786,1,4211,"{""type"":""MultiPoint"",""coordinates"":[]}"
2926_0,0.017177502,0.5158325,0.008494733,1,907,"{""type"":""MultiPoint"",""coordinates"":[]}"
2927_0,0.048070412,0.12518471,0.01620591,1,3643,"{""type"":""MultiPoint"",""coordinates"":[]}"
2928_0,-0.18478844,0.34126648,-0.19373988,1,16598,"{""type"":""MultiPoint"",""coordinates"":[]}"
2929_0,-0.17732997,0.33917198,-0.19989736,1,7468,"{""type"":""MultiPoint"",""coordinates"":[]}"
2930_0,0.020347917,0.16341724,0.06311756,1,9483,"{""type"":""MultiPoint"",""coordinates"":[]}"
2931_0,0.32235295,0.69257045,0.33589548,1,10246,"{""type"":""MultiPoint"",""coordinates"":[]}"
2932_0,0.30912477,0.69067377,0.4568082,1,6433,"{""type"":""MultiPoint"",""coordinates"":[]}"
2933_0,0.110707805,0.13893858,0.1319126,1,10256,"{""type"":""MultiPoint"",""coordinates"":[]}"
2934_0,0.023036258,0.55873454,0.023844877,1,24852,"{""type"":""MultiPoint"",""coordinates"":[]}"
2935_0,0.18467078,0.71473354,0.23263133,1,21731,"{""type"":""MultiPoint"",""coordinates"":[]}"
2936_0,-0.042227887,0.36668628,-0.10044978,1,24693,"{""type"":""MultiPoint"",""coordinates"":[]}"
2937_0,0.046385292,0.65125346,0.06552006,1,7278,"{""type"":""MultiPoint"",""coordinates"":[]}"
2938_0,-0.14138818,0.40130153,-0.08342792,1,21154,"{""type"":""MultiPoint"",""coordinates"":[]}"
2939_0,-0.045881003,0.4965991,-0.08476282,1,2727,"{""type"":""MultiPoint"",""coordinates"":[]}"
2940_0,-0.1262525,0.47035572,-0.20342612,1,3265,"{""type"":""MultiPoint"",""coordinates"":[]}"
2941_0,-0.065478496,0.4476397,0.028980566,1,18472,"{""type"":""MultiPoint"",""coordinates"":[]}"
2942_0,0.2906364,0.7595855,0.31102794,1,5102,"{""type"":""MultiPoint"",""coordinates"":[]}"
2943_0,-0.04284412,0.47622758,-0.018652849,1,24660,"{""type"":""MultiPoint"",""coordinates"":[]}"
2944_0,-0.04909567,0.57625663,-0.10706803,1,25283,"{""type"":""MultiPoint"",""coordinates"":[]}"
2945_0,-0.11323329,0.36940837,-0.1498356,1,6462,"{""type"":""MultiPoint"",""coordinates"":[]}"
2946_0,-0.0055583627,0.28467155,-0.17127723,1,22000,"{""type"":""MultiPoint"",""coordinates"":[]}"
2947_0,0.14416108,0.6494845,0.19847743,1,2412,"{""type"":""MultiPoint"",""coordinates"":[]}"
2948_0,-0.08853173,0.38252428,-0.16773817,1,17511,"{""type"":""MultiPoint"",""coordinates"":[]}"
2949_0,0.095881164,0.5855073,0.15284716,1,11229,"{""type"":""MultiPoint"",""coordinates"":[]}"
2950_0,0.21763214,0.71162516,0.19434647,1,17276,"{""type"":""MultiPoint"",""coordinates"":[]}"
2951_0,0.3639556,0.78518295,0.33054605,1,10898,"{""type"":""MultiPoint"",""coordinates"":[]}"
2952_0,0.15818714,0.77343065,0.17573236,1,2425,"{""type"":""MultiPoint"",""coordinates"":[]}"
2953_0,-0.049473684,0.28938547,-0.07060403,1,23948,"{""type"":""MultiPoint"",""coordinates"":[]}"
2954_0,-0.12622721,0.41836736,-0.23966943,1,19379,"{""type"":""MultiPoint"",""coordinates"":[]}"
2955_0,0.13146302,0.5414974,0.15451607,1,19967,"{""type"":""MultiPoint"",""coordinates"":[]}"
2956_0,0.06340737,0.5346945,0.110195145,1,6149,"{""type"":""MultiPoint"",""coordinates"":[]}"
2957_0,0.27306214,0.4103772,0.25632507,1,25523,"{""type"":""MultiPoint"",""coordinates"":[]}"
2958_0,-0.04694168,0.43127146,-0.08235294,1,3197,"{""type"":""MultiPoint"",""coordinates"":[]}"
2959_0,0.10749628,0.5941706,0.10237608,1,15977,"{""type"":""MultiPoint"",""coordinates"":[]}"
2960_0,-0.027027028,0.42432016,-0.037560638,1,4580,"{""type"":""MultiPoint"",""coordinates"":[]}"
2961_0,0.1196796,0.45807183,0.17251219,1,2724,"{""type"":""MultiPoint"",""coordinates"":[]}"
2962_0,-0.17843957,0.38827977,-0.21518408,1,8144,"{""type"":""MultiPoint"",""coordinates"":[]}"
2963_0,0.18146418,0.7474081,0.24612737,1,21149,"{""type"":""MultiPoint"",""coordinates"":[]}"
2964_0,-0.11111111,0.36834532,-0.23097463,1,22906,"{""type"":""MultiPoint"",""coordinates"":[]}"
2965_0,0.100146845,0.6853429,0.103569336,1,1215,"{""type"":""MultiPoint"",""coordinates"":[]}"
2966_0,0.2121616,0.6731329,0.20312922,1,5963,"{""type"":""MultiPoint"",""coordinates"":[]}"
2967_0,0.4226087,0.8535607,0.39138407,1,18358,"{""type"":""MultiPoint"",""coordinates"":[]}"
2968_0,0.16856629,0.63031423,0.12,1,2873,"{""type"":""MultiPoint"",""coordinates"":[]}"
2969_0,-0.055654526,0.50087017,-0.04782201,1,25315,"{""type"":""MultiPoint"",""coordinates"":[]}"
2970_0,0.12006382,0.22455727,0.0806418,1,5221,"{""type"":""MultiPoint"",""coordinates"":[]}"
2971_0,0.057377048,0.56048834,-0.030679077,1,9820,"{""type"":""MultiPoint"",""coordinates"":[]}"
2972_0,0.047795087,0.46923077,0.121130876,1,10455,"{""type"":""MultiPoint"",""coordinates"":[]}"
2973_0,-0.008852892,0.5132343,-0.026931567,1,15622,"{""type"":""MultiPoint"",""coordinates"":[]}"
2974_0,0.088613406,0.53404254,-0.015363606,1,606,"{""type"":""MultiPoint"",""coordinates"":[]}"
2975_0,0.08738237,0.52755904,0.1496093,1,25058,"{""type"":""MultiPoint"",""coordinates"":[]}"
2976_0,0.15015574,0.11130693,0.1731084,1,19032,"{""type"":""MultiPoint"",""coordinates"":[]}"
2977_0,0.08541765,0.53351206,0.016926201,1,4084,"{""type"":""MultiPoint"",""coordinates"":[]}"
2978_0,-0.094339624,0.43852243,-0.08711494,1,15767,"{""type"":""MultiPoint"",""coordinates"":[]}"
2979_0,0.1904762,0.64127177,0.2395998,1,13862,"{""type"":""MultiPoint"",""coordinates"":[]}"
2980_0,-0.080095164,0.43394834,-0.019715497,1,11132,"{""type"":""MultiPoint"",""coordinates"":[]}"
2981_0,-0.07189934,0.44304892,-0.118236475,1,10113,"{""type"":""MultiPoint"",""coordinates"":[]}"
2982_0,0.34349355,0.7157447,0.23444976,1,856,"{""type"":""MultiPoint"",""coordinates"":[]}"
2983_0,0.0066678063,0.14366198,0.008363202,1,1926,"{""type"":""MultiPoint"",""coordinates"":[]}"
2984_0,-0.041408382,0.45866793,-0.056004457,1,19347,"{""type"":""MultiPoint"",""coordinates"":[]}"
2985_0,0.28885385,0.74173343,0.24764712,1,11189,"{""type"":""MultiPoint"",""coordinates"":[]}"
2986_0,-0.05142857,0.4884726,-0.04249292,1,22948,"{""type"":""MultiPoint"",""coordinates"":[]}"
2987_0,0.10518835,0.623439,0.08336037,1,3806,"{""type"":""MultiPoint"",""coordinates"":[]}"
2988_0,-0.10395108,0.39576083,-0.1379394,1,12267,"{""type"":""MultiPoint"",""coordinates"":[]}"
2989_0,-0.101330966,0.20747097,-0.12939036,1,22112,"{""type"":""MultiPoint"",""coordinates"":[]}"
2990_0,0.3761353,0.8169223,0.37451234,1,18320,"{""type"":""MultiPoint"",""coordinates"":[]}"
2991_0,-0.072811805,0.49795344,-0.08794762,1,23753,"{""type"":""MultiPoint"",""coordinates"":[]}"
2992_0,-0.14278597,0.23744768,-0.016555926,1,17284,"{""type"":""MultiPoint"",""coordinates"":[]}"
2993_0,0.12074635,0.3978173,0.14009736,1,22506,"{""type"":""MultiPoint"",""coordinates"":[]}"
2994_0,0.40651298,0.8055866,0.356843,1,44,"{""type"":""MultiPoint"",""coordinates"":[]}"
2995_0,0.2637005,0.7760381,0.3064145,1,2812,"{""type"":""MultiPoint"",""coordinates"":[]}"
2996_0,0.28935426,0.77382463,0.29099876,1,19681,"{""type"":""MultiPoint"",""coordinates"":[]}"
2997_0,-0.13393086,0.36032388,-0.2445194,1,6705,"{""type"":""MultiPoint"",""coordinates"":[]}"
2998_0,-0.033772454,0.4958625,-4.6360685E-4,1,8394,"{""type"":""MultiPoint"",""coordinates"":[]}"
2999_0,-0.12838897,0.36006168,-0.15610398,1,23311,"{""type"":""MultiPoint"",""coordinates"":[]}"
3000_0,0.37726524,0.8470363,0.36342204,1,25226,"{""type"":""MultiPoint"",""coordinates"":[]}"
3001_0,0.40996665,0.78968817,0.40308654,1,10153,"{""type"":""MultiPoint"",""coordinates"":[]}"
3002_0,0.12671521,0.6662857,0.028208744,1,19906,"{""type"":""MultiPoint"",""coordinates"":[]}"
3003_0,0.06589521,0.5945946,-0.026377296,1,19605,"{""type"":""MultiPoint"",""coordinates"":[]}"
3004_0,0.05226422,0.54575837,0.04770053,1,585,"{""type"":""MultiPoint"",""coordinates"":[]}"
3005_0,0.17914854,0.69441867,0.24965031,1,6178,"{""type"":""MultiPoint"",""coordinates"":[]}"
3006_0,-0.011500128,0.48068285,-0.09125999,1,5875,"{""type"":""MultiPoint"",""coordinates"":[]}"
3007_0,0.19244276,0.76948816,0.25579453,1,19586,"{""type"":""MultiPoint"",""coordinates"":[]}"
3008_0,-0.14997321,0.4288965,-0.20448808,1,6119,"{""type"":""MultiPoint"",""coordinates"":[]}"
3009_0,0.0323741,0.45658264,-0.053426575,1,16139,"{""type"":""MultiPoint"",""coordinates"":[]}"
3010_0,0.37757275,0.8042302,0.37289953,1,21757,"{""type"":""MultiPoint"",""coordinates"":[]}"
3011_0,0.095794454,0.6186849,0.21964534,1,200,"{""type"":""MultiPoint"",""coordinates"":[]}"
3012_0,-0.1709728,0.3311612,-0.13222514,1,10735,"{""type"":""MultiPoint"",""coordinates"":[]}"
3013_0,0.06736566,0.20796101,0.052463382,1,15676,"{""type"":""MultiPoint"",""coordinates"":[]}"
3014_0,0.2857645,0.6941287,0.26946402,1,24763,"{""type"":""MultiPoint"",""coordinates"":[]}"
3015_0,-0.13527022,0.40429506,-0.16880023,1,11170,"{""type"":""MultiPoint"",""coordinates"":[]}"
3016_0,0.10462088,0.6613781,0.1353935,1,2051,"{""type"":""MultiPoint"",""coordinates"":[]}"
3017_0,0.102629945,0.26716816,0.110355094,1,9477,"{""type"":""MultiPoint"",""coordinates"":[]}"
3018_0,-0.20348704,0.39317775,-0.20736478,1,13512,"{""type"":""MultiPoint"",""coordinates"":[]}"
3019_0,0.35167986,0.70730513,0.36823454,1,24972,"{""type"":""MultiPoint"",""coordinates"":[]}"
3020_0,0.122234315,0.64486974,0.12975588,1,25056,"{""type"":""MultiPoint"",""coordinates"":[]}"
3021_0,0.33299726,0.82404095,0.44445187,1,17267,"{""type"":""MultiPoint"",""coordinates"":[]}"
3022_0,-0.003058104,0.44423676,-0.034731045,1,3725,"{""type"":""MultiPoint"",""coordinates"":[]}"
3023_0,-0.10582255,0.35235378,-0.09472702,1,7131,"{""type"":""MultiPoint"",""coordinates"":[]}"
3024_0,-0.07881609,0.47706422,-0.15321721,1,10459,"{""type"":""MultiPoint"",""coordinates"":[]}"
3025_0,0.22672804,0.40887472,0.21929044,1,2264,"{""type"":""MultiPoint"",""coordinates"":[]}"
3026_0,0.1359736,0.5821727,0.147806,1,1232,"{""type"":""MultiPoint"",""coordinates"":[]}"
3027_0,0.37102273,0.876526,0.41079813,1,16752,"{""type"":""MultiPoint"",""coordinates"":[]}"
3028_0,0.1791691,0.06064092,0.116513416,1,10959,"{""type"":""MultiPoint"",""coordinates"":[]}"
3029_0,0.073076926,0.6255201,-0.032119915,1,6252,"{""type"":""MultiPoint"",""coordinates"":[]}"
3030_0,0.7737046,-0.03431067,0.8121159,1,15429,"{""type"":""MultiPoint"",""coordinates"":[]}"
3031_0,0.2595978,0.8356164,0.3300248,1,3396,"{""type"":""MultiPoint"",""coordinates"":[]}"
3032_0,0.34816188,0.81162685,0.27139366,1,15364,"{""type"":""MultiPoint"",""coordinates"":[]}"
3033_0,0.30046114,0.79737335,0.29470673,1,19003,"{""type"":""MultiPoint"",""coordinates"":[]}"
3034_0,0.26746166,0.7294485,0.31334552,1,1366,"{""type"":""MultiPoint"",""coordinates"":[]}"
3035_0,-0.041289814,0.5226586,-0.22474033,1,7547,"{""type"":""MultiPoint"",""coordinates"":[]}"
3036_0,0.110065356,0.69475543,0.22283106,1,13959,"{""type"":""MultiPoint"",""coordinates"":[]}"
3037_0,0.05040872,0.45353675,0.05115346,1,14279,"{""type"":""MultiPoint"",""coordinates"":[]}"
3038_0,-0.04256837,0.19864176,-0.036896877,1,6735,"{""type"":""MultiPoint"",""coordinates"":[]}"
3039_0,0.15196599,0.6897913,0.13441879,1,10366,"{""type"":""MultiPoint"",""coordinates"":[]}"
3040_0,-0.06029579,0.47195858,0.033195022,1,10084,"{""type"":""MultiPoint"",""coordinates"":[]}"
3041_0,0.13202325,0.41703638,0.106552705,1,18560,"{""type"":""MultiPoint"",""coordinates"":[]}"
3042_0,-0.0077562327,0.46031746,-0.050713934,1,7090,"{""type"":""MultiPoint"",""coordinates"":[]}"
3043_0,0.030242104,0.02280841,0.002842622,1,21072,"{""type"":""MultiPoint"",""coordinates"":[]}"
3044_0,0.3583551,0.82784516,0.3142658,1,21461,"{""type"":""MultiPoint"",""coordinates"":[]}"
3045_0,-0.025185185,0.4845516,-0.14664458,1,7745,"{""type"":""MultiPoint"",""coordinates"":[]}"
3046_0,0.032318797,0.41983318,-0.007067138,1,11677,"{""type"":""MultiPoint"",""coordinates"":[]}"
3047_0,0.25791416,0.77762836,0.21505761,1,14600,"{""type"":""MultiPoint"",""coordinates"":[]}"
3048_0,0.23127536,0.5156825,0.27847797,1,6355,"{""type"":""MultiPoint"",""coordinates"":[]}"
3049_0,0.31111866,0.78995436,0.27043572,1,1065,"{""type"":""MultiPoint"",""coordinates"":[]}"
3050_0,0.32539952,0.64950496,0.2971506,1,20638,"{""type"":""MultiPoint"",""coordinates"":[]}"
3051_0,0.029736051,0.54884547,0.03328895,1,7649,"{""type"":""MultiPoint"",""coordinates"":[]}"
3052_0,0.08315836,0.63684213,0.10026028,1,24894,"{""type"":""MultiPoint"",""coordinates"":[]}"
3053_0,0.29726443,0.74529916,0.32856214,1,25233,"{""type"":""MultiPoint"",""coordinates"":[]}"
3054_0,0.10787646,0.3751375,-0.03546982,1,20332,"{""type"":""MultiPoint"",""coordinates"":[]}"
3055_0,0.07865806,0.27012426,0.14674199,1,9427,"{""type"":""MultiPoint"",""coordinates"":[]}"
3056_0,0.22334631,0.48604685,0.32654405,1,4547,"{""type"":""MultiPoint"",""coordinates"":[]}"
3057_0,-0.025,0.4731861,-0.015513127,1,22936,"{""type"":""MultiPoint"",""coordinates"":[]}"
3058_0,0.07024952,0.344206,0.13158838,1,8925,"{""type"":""MultiPoint"",""coordinates"":[]}"
3059_0,-0.08785439,0.494705,-0.10045523,1,14468,"{""type"":""MultiPoint"",""coordinates"":[]}"
3060_0,0.07500577,0.51937985,-0.022037422,1,19375,"{""type"":""MultiPoint"",""coordinates"":[]}"
3061_0,-0.09311919,0.56227046,-0.08794817,1,20922,"{""type"":""MultiPoint"",""coordinates"":[]}"
3062_0,0.31612492,0.6864,0.3419935,1,4520,"{""type"":""MultiPoint"",""coordinates"":[]}"
3063_0,0.22736056,0.7046271,0.21739367,1,8956,"{""type"":""MultiPoint"",""coordinates"":[]}"
3064_0,0.12728235,0.58605343,0.13843691,1,11912,"{""type"":""MultiPoint"",""coordinates"":[]}"
3065_0,-0.060240965,0.41409692,-0.109109804,1,20784,"{""type"":""MultiPoint"",""coordinates"":[]}"
3066_0,0.02188868,0.50095785,-0.037135277,1,14947,"{""type"":""MultiPoint"",""coordinates"":[]}"
3067_0,0.018559763,0.62099123,-0.020324158,1,13616,"{""type"":""MultiPoint"",""coordinates"":[]}"
3068_0,-0.09436723,0.49358973,-0.23228996,1,20802,"{""type"":""MultiPoint"",""coordinates"":[]}"
3069_0,0.06553828,0.20872727,0.026650267,1,24635,"{""type"":""MultiPoint"",""coordinates"":[]}"
3070_0,-0.08419263,0.68791944,-0.1971972,1,4418,"{""type"":""MultiPoint"",""coordinates"":[]}"
3071_0,-0.25919235,0.31747234,-0.32480305,1,5047,"{""type"":""MultiPoint"",""coordinates"":[]}"
3072_0,0.0503404,0.29680115,0.020681648,1,6392,"{""type"":""MultiPoint"",""coordinates"":[]}"
3073_0,0.01496388,0.49915254,-0.038064167,1,13449,"{""type"":""MultiPoint"",""coordinates"":[]}"
3074_0,0.11266688,0.047904193,0.14015251,1,2020,"{""type"":""MultiPoint"",""coordinates"":[]}"
3075_0,-0.14319527,0.36319217,-0.22371422,1,7615,"{""type"":""MultiPoint"",""coordinates"":[]}"
3076_0,0.36842123,0.85668725,0.40436378,1,2602,"{""type"":""MultiPoint"",""coordinates"":[]}"
3077_0,0.39607164,0.8342502,0.44332668,1,15949,"{""type"":""MultiPoint"",""coordinates"":[]}"
3078_0,-0.024453025,0.50271446,-0.043978818,1,16092,"{""type"":""MultiPoint"",""coordinates"":[]}"
3079_0,0.1436045,0.6563147,0.1368984,1,2350,"{""type"":""MultiPoint"",""coordinates"":[]}"
3080_0,0.025833724,0.43126178,0.08995173,1,905,"{""type"":""MultiPoint"",""coordinates"":[]}"
3081_0,0.21125738,0.06544393,0.21926671,1,4344,"{""type"":""MultiPoint"",""coordinates"":[]}"
3082_0,0.13121136,0.113823935,0.15255752,1,21911,"{""type"":""MultiPoint"",""coordinates"":[]}"
3083_0,-0.09907614,0.4746336,-0.11398127,1,7739,"{""type"":""MultiPoint"",""coordinates"":[]}"
3084_0,-0.17843665,0.39618644,-0.24763359,1,5561,"{""type"":""MultiPoint"",""coordinates"":[]}"
3085_0,0.0898466,0.011784257,0.122535214,1,20336,"{""type"":""MultiPoint"",""coordinates"":[]}"
3086_0,-0.06323738,0.4221344,-0.14452629,1,69,"{""type"":""MultiPoint"",""coordinates"":[]}"
3087_0,0.002624672,0.5311653,-0.014847161,1,19670,"{""type"":""MultiPoint"",""coordinates"":[]}"
3088_0,-0.11981865,0.4280488,-0.19241379,1,3268,"{""type"":""MultiPoint"",""coordinates"":[]}"
3089_0,-0.16992381,0.38334394,-0.21044993,1,20014,"{""type"":""MultiPoint"",""coordinates"":[]}"
3090_0,-0.124418244,0.395879,-0.1463807,1,11089,"{""type"":""MultiPoint"",""coordinates"":[]}"
3091_0,0.12334802,0.46437347,-0.077353865,1,10870,"{""type"":""MultiPoint"",""coordinates"":[]}"
3092_0,-0.047058824,0.38821068,-0.017391304,1,6687,"{""type"":""MultiPoint"",""coordinates"":[]}"
3093_0,-0.1362963,0.35673428,-0.17410573,1,4404,"{""type"":""MultiPoint"",""coordinates"":[]}"
3094_0,-0.09130553,0.32688588,-0.06659563,1,9414,"{""type"":""MultiPoint"",""coordinates"":[]}"
3095_0,0.24831207,0.53333336,0.1984,1,2043,"{""type"":""MultiPoint"",""coordinates"":[]}"
3096_0,0.10505348,0.74212164,0.09710956,1,15260,"{""type"":""MultiPoint"",""coordinates"":[]}"
3097_0,-0.167576,0.34487125,-0.22763637,1,20444,"{""type"":""MultiPoint"",""coordinates"":[]}"
3098_0,-0.09824,0.4125,-0.18016928,1,22681,"{""type"":""MultiPoint"",""coordinates"":[]}"
3099_0,-0.11460211,0.37674418,-0.14135021,1,9913,"{""type"":""MultiPoint"",""coordinates"":[]}"
3100_0,0.1168165,0.32215104,0.12643716,1,3077,"{""type"":""MultiPoint"",""coordinates"":[]}"
3101_0,-0.08260338,0.3290698,-0.022420414,1,20894,"{""type"":""MultiPoint"",""coordinates"":[]}"
3102_0,0.010440309,0.525747,0.03032368,1,11389,"{""type"":""MultiPoint"",""coordinates"":[]}"
3103_0,0.056518946,0.59226876,0.015854375,1,3745,"{""type"":""MultiPoint"",""coordinates"":[]}"
3104_0,0.3640017,0.79112875,0.31423318,1,23159,"{""type"":""MultiPoint"",""coordinates"":[]}"
3105_0,-5.727377E-4,0.60655737,0.0053981105,1,15340,"{""type"":""MultiPoint"",""coordinates"":[]}"
3106_0,-0.0815047,0.44821584,-0.096296296,1,3923,"{""type"":""MultiPoint"",""coordinates"":[]}"
3107_0,0.21835889,0.60906994,0.22323804,1,1812,"{""type"":""MultiPoint"",""coordinates"":[]}"
3108_0,0.055881027,0.52387184,0.053107344,1,1788,"{""type"":""MultiPoint"",""coordinates"":[]}"
3109_0,0.09515528,0.6158388,0.16102281,1,383,"{""type"":""MultiPoint"",""coordinates"":[]}"
3110_0,0.29842585,0.83234525,0.29793033,1,729,"{""type"":""MultiPoint"",""coordinates"":[]}"
3111_0,0.109105386,0.6384314,0.109105386,1,313,"{""type"":""MultiPoint"",""coordinates"":[]}"
3112_0,-0.037703995,0.46980137,-0.066857144,1,14990,"{""type"":""MultiPoint"",""coordinates"":[]}"
3113_0,-0.04210328,0.48840722,0.018182242,1,21596,"{""type"":""MultiPoint"",""coordinates"":[]}"
3114_0,0.016927084,0.5543624,-0.00958324,1,21296,"{""type"":""MultiPoint"",""coordinates"":[]}"
3115_0,-0.0910709,0.43032935,0.032153033,1,13672,"{""type"":""MultiPoint"",""coordinates"":[]}"
3116_0,0.14381401,0.6384441,0.09049892,1,5638,"{""type"":""MultiPoint"",""coordinates"":[]}"
3117_0,0.19683136,0.7567568,0.15194884,1,18757,"{""type"":""MultiPoint"",""coordinates"":[]}"
3118_0,0.09142857,0.47471055,0.04883721,1,16550,"{""type"":""MultiPoint"",""coordinates"":[]}"
3119_0,0.08192697,0.5394046,0.097035885,1,16870,"{""type"":""MultiPoint"",""coordinates"":[]}"
3120_0,-0.12853406,0.38627067,-0.16241862,1,14886,"{""type"":""MultiPoint"",""coordinates"":[]}"
3121_0,0.19070847,0.6946729,0.15584117,1,9938,"{""type"":""MultiPoint"",""coordinates"":[]}"
3122_0,0.32635435,0.8630319,0.31241217,1,3059,"{""type"":""MultiPoint"",""coordinates"":[]}"
3123_0,0.051774815,0.2961808,-0.0047915666,1,12909,"{""type"":""MultiPoint"",""coordinates"":[]}"
3124_0,-0.12880296,0.35272393,-0.15072463,1,12832,"{""type"":""MultiPoint"",""coordinates"":[]}"
3125_0,-0.015933413,0.44666666,-0.10330579,1,10610,"{""type"":""MultiPoint"",""coordinates"":[]}"
3126_0,-0.019712826,0.54142106,-0.0033777072,1,6790,"{""type"":""MultiPoint"",""coordinates"":[]}"
3127_0,0.04489413,0.5429889,-0.024388874,1,16327,"{""type"":""MultiPoint"",""coordinates"":[]}"
3128_0,0.011976464,0.5567037,0.049382724,1,9282,"{""type"":""MultiPoint"",""coordinates"":[]}"
3129_0,0.059058063,0.595679,-0.038729854,1,11731,"{""type"":""MultiPoint"",""coordinates"":[]}"
3130_0,-0.13333334,0.35701805,-0.15960325,1,19126,"{""type"":""MultiPoint"",""coordinates"":[]}"
3131_0,0.39955652,0.7843619,0.41990164,1,14632,"{""type"":""MultiPoint"",""coordinates"":[]}"
3132_0,-0.032967035,0.5163934,-0.079000674,1,18818,"{""type"":""MultiPoint"",""coordinates"":[]}"
3133_0,-0.1462486,0.40050378,-0.22813512,1,7304,"{""type"":""MultiPoint"",""coordinates"":[]}"
3134_0,0.17661978,0.7747702,0.15743718,1,14580,"{""type"":""MultiPoint"",""coordinates"":[]}"
3135_0,0.022517242,0.58115613,0.057097673,1,2897,"{""type"":""MultiPoint"",""coordinates"":[]}"
3136_0,0.26938313,0.81002,0.27684963,1,7916,"{""type"":""MultiPoint"",""coordinates"":[]}"
3137_0,0.5309798,0.88284516,0.48921147,1,14526,"{""type"":""MultiPoint"",""coordinates"":[]}"
3138_0,-0.021433355,0.5143662,-0.1061852,1,4455,"{""type"":""MultiPoint"",""coordinates"":[]}"
3139_0,-0.05114401,0.49106205,-0.095755875,1,3798,"{""type"":""MultiPoint"",""coordinates"":[]}"
3140_0,0.09132899,0.5926211,0.013450721,1,25329,"{""type"":""MultiPoint"",""coordinates"":[]}"
3141_0,0.086619265,0.55847955,-0.09644235,1,1311,"{""type"":""MultiPoint"",""coordinates"":[]}"
3142_0,0.3373546,0.7265578,0.22165991,1,12054,"{""type"":""MultiPoint"",""coordinates"":[]}"
3143_0,-0.10198061,0.439937,-0.09012048,1,22931,"{""type"":""MultiPoint"",""coordinates"":[]}"
3144_0,0.29742962,0.8090349,0.18096514,1,24997,"{""type"":""MultiPoint"",""coordinates"":[]}"
3145_0,-0.15352698,0.38097057,-0.16342592,1,23965,"{""type"":""MultiPoint"",""coordinates"":[]}"
3146_0,0.31205675,0.7542121,0.2840909,1,25202,"{""type"":""MultiPoint"",""coordinates"":[]}"
3147_0,-0.019616097,0.47347218,0.02968202,1,22340,"{""type"":""MultiPoint"",""coordinates"":[]}"
3148_0,-0.009821204,0.52566504,0.03014479,1,351,"{""type"":""MultiPoint"",""coordinates"":[]}"
3149_0,-0.14348355,0.36210278,-0.14964487,1,19494,"{""type"":""MultiPoint"",""coordinates"":[]}"
3150_0,-0.06648514,0.48407504,-0.06115144,1,23736,"{""type"":""MultiPoint"",""coordinates"":[]}"
3151_0,-0.09555237,0.43130434,-0.15104009,1,19990,"{""type"":""MultiPoint"",""coordinates"":[]}"
3152_0,0.006644518,0.332161,0.10696285,1,19734,"{""type"":""MultiPoint"",""coordinates"":[]}"
3153_0,0.2735206,0.75,0.31790122,1,7046,"{""type"":""MultiPoint"",""coordinates"":[]}"
3154_0,0.06817231,0.26441947,0.07571043,1,4265,"{""type"":""MultiPoint"",""coordinates"":[]}"
3155_0,-0.14966676,0.3155242,-0.15907393,1,18923,"{""type"":""MultiPoint"",""coordinates"":[]}"
3156_0,-0.1155268,0.4366058,-0.15618661,1,15142,"{""type"":""MultiPoint"",""coordinates"":[]}"
3157_0,0.05832101,0.6199616,0.061865795,1,19390,"{""type"":""MultiPoint"",""coordinates"":[]}"
3158_0,0.11090951,0.31102464,0.06735751,1,14795,"{""type"":""MultiPoint"",""coordinates"":[]}"
3159_0,-0.1264644,0.41226017,-0.16640747,1,23896,"{""type"":""MultiPoint"",""coordinates"":[]}"
3160_0,-0.04769737,0.5379344,-0.11233993,1,2534,"{""type"":""MultiPoint"",""coordinates"":[]}"
3161_0,0.06712565,0.5525588,0.096666664,1,1182,"{""type"":""MultiPoint"",""coordinates"":[]}"
3162_0,0.022988506,0.37152484,-0.013191131,1,4125,"{""type"":""MultiPoint"",""coordinates"":[]}"
3163_0,0.27423167,0.66041994,0.49928644,1,21101,"{""type"":""MultiPoint"",""coordinates"":[]}"
3164_0,-0.042183623,0.536605,-0.17137809,1,17239,"{""type"":""MultiPoint"",""coordinates"":[]}"
3165_0,-0.026032627,0.46838155,-0.07334786,1,21435,"{""type"":""MultiPoint"",""coordinates"":[]}"
3166_0,0.34924006,0.7145933,0.33253533,1,7139,"{""type"":""MultiPoint"",""coordinates"":[]}"
3167_0,9.741612E-4,0.5357929,-0.015434368,1,21185,"{""type"":""MultiPoint"",""coordinates"":[]}"
3168_0,-0.0055617355,0.43617022,-0.07193676,1,6405,"{""type"":""MultiPoint"",""coordinates"":[]}"
3169_0,0.1371249,0.6614482,0.076375455,1,16387,"{""type"":""MultiPoint"",""coordinates"":[]}"
3170_0,-0.031146053,0.44516128,-0.044410415,1,7403,"{""type"":""MultiPoint"",""coordinates"":[]}"
3171_0,-0.061666247,0.5166163,-0.16023268,1,17126,"{""type"":""MultiPoint"",""coordinates"":[]}"
3172_0,0.07088847,0.52570254,0.07494543,1,5625,"{""type"":""MultiPoint"",""coordinates"":[]}"
3173_0,0.1661878,0.7435498,0.14657831,1,9212,"{""type"":""MultiPoint"",""coordinates"":[]}"
3174_0,-0.106983304,0.3256059,-0.14549878,1,15049,"{""type"":""MultiPoint"",""coordinates"":[]}"
3175_0,0.0014363689,0.33732775,-0.19591141,1,18761,"{""type"":""MultiPoint"",""coordinates"":[]}"
3176_0,-0.08752669,0.33940774,-0.12208936,1,10329,"{""type"":""MultiPoint"",""coordinates"":[]}"
3177_0,-0.12357217,0.59875584,-0.100712106,1,15132,"{""type"":""MultiPoint"",""coordinates"":[]}"
3178_0,-0.06305859,0.46445295,-0.13712375,1,21438,"{""type"":""MultiPoint"",""coordinates"":[]}"
3179_0,0.002528633,0.3307138,0.019016968,1,24658,"{""type"":""MultiPoint"",""coordinates"":[]}"
3180_0,0.30246913,0.8419144,0.30427933,1,23140,"{""type"":""MultiPoint"",""coordinates"":[]}"
3181_0,0.29368997,0.4119051,0.2554115,1,16110,"{""type"":""MultiPoint"",""coordinates"":[]}"
3182_0,-0.1110099,0.38833028,-0.09677448,1,18242,"{""type"":""MultiPoint"",""coordinates"":[]}"
3183_0,0.01341853,0.4155251,-0.023677979,1,11040,"{""type"":""MultiPoint"",""coordinates"":[]}"
3184_0,0.15951501,0.5127706,0.15337735,1,19587,"{""type"":""MultiPoint"",""coordinates"":[]}"
3185_0,0.049101982,0.5819376,0.113753036,1,4037,"{""type"":""MultiPoint"",""coordinates"":[]}"
3186_0,0.4092528,0.7393638,0.35095638,1,12585,"{""type"":""MultiPoint"",""coordinates"":[]}"
3187_0,-0.0109375,0.10492108,-0.041867957,1,23282,"{""type"":""MultiPoint"",""coordinates"":[]}"
3188_0,-0.10306059,0.2785206,-0.08210784,1,5705,"{""type"":""MultiPoint"",""coordinates"":[]}"
3189_0,-0.08172957,0.3792025,-0.10183299,1,9648,"{""type"":""MultiPoint"",""coordinates"":[]}"
3190_0,0.04950495,0.30515274,-0.017606685,1,2512,"{""type"":""MultiPoint"",""coordinates"":[]}"
3191_0,0.025896924,0.51433665,-0.064513095,1,23739,"{""type"":""MultiPoint"",""coordinates"":[]}"
3192_0,-0.055481285,0.56924814,-0.09379128,1,22244,"{""type"":""MultiPoint"",""coordinates"":[]}"
3193_0,0.15546219,0.23474747,0.14810455,1,9958,"{""type"":""MultiPoint"",""coordinates"":[]}"
3194_0,-0.20681642,0.40059346,-0.18719837,1,16586,"{""type"":""MultiPoint"",""coordinates"":[]}"
3195_0,-0.05153445,0.44449648,-0.071364045,1,15091,"{""type"":""MultiPoint"",""coordinates"":[]}"
3196_0,-0.06200833,0.31217542,-0.06545961,1,4293,"{""type"":""MultiPoint"",""coordinates"":[]}"
3197_0,0.106796116,0.65947044,0.12350513,1,20573,"{""type"":""MultiPoint"",""coordinates"":[]}"
3198_0,-0.03944056,0.24826176,-0.098108746,1,13838,"{""type"":""MultiPoint"",""coordinates"":[]}"
3199_0,-0.107442975,0.43341404,-0.10977443,1,17957,"{""type"":""MultiPoint"",""coordinates"":[]}"
3200_0,-0.034068137,0.45503357,0.016567677,1,19335,"{""type"":""MultiPoint"",""coordinates"":[]}"
3201_0,0.047721565,0.30649352,0.1273981,1,54,"{""type"":""MultiPoint"",""coordinates"":[]}"
3202_0,-0.042624522,0.44144145,-0.103674315,1,14443,"{""type"":""MultiPoint"",""coordinates"":[]}"
3203_0,0.06833013,0.5547866,0.060782038,1,2851,"{""type"":""MultiPoint"",""coordinates"":[]}"
3204_0,0.08608815,0.44424778,0.15662651,1,8227,"{""type"":""MultiPoint"",""coordinates"":[]}"
3205_0,0.046963055,0.6035635,0.04005046,1,21368,"{""type"":""MultiPoint"",""coordinates"":[]}"
3206_0,0.08692714,0.6594652,0.1250221,1,474,"{""type"":""MultiPoint"",""coordinates"":[]}"
3207_0,0.10030303,0.60162604,0.03167421,1,15330,"{""type"":""MultiPoint"",""coordinates"":[]}"
3208_0,-0.18811882,0.091772154,-0.15337424,1,8425,"{""type"":""MultiPoint"",""coordinates"":[]}"
3209_0,-0.04477612,0.45884147,-0.111979164,1,9748,"{""type"":""MultiPoint"",""coordinates"":[]}"
3210_0,-0.025697969,0.27508092,0.023410361,1,19171,"{""type"":""MultiPoint"",""coordinates"":[]}"
3211_0,0.28781816,0.5966709,0.26430002,1,14049,"{""type"":""MultiPoint"",""coordinates"":[]}"
3212_0,-0.0059727496,0.31038392,-0.057805017,1,20896,"{""type"":""MultiPoint"",""coordinates"":[]}"
3213_0,0.33855897,0.82043064,0.24128293,1,21602,"{""type"":""MultiPoint"",""coordinates"":[]}"
3214_0,-0.087186895,0.43232483,-0.076042905,1,23392,"{""type"":""MultiPoint"",""coordinates"":[]}"
3215_0,0.019381875,0.52299297,0.032122906,1,4977,"{""type"":""MultiPoint"",""coordinates"":[]}"
3216_0,0.34736842,0.8010753,0.42877325,1,6307,"{""type"":""MultiPoint"",""coordinates"":[]}"
3217_0,-0.005966646,0.5143427,-0.0055228267,1,23065,"{""type"":""MultiPoint"",""coordinates"":[]}"
3218_0,-0.066019416,0.3766829,-0.10152488,1,24603,"{""type"":""MultiPoint"",""coordinates"":[]}"
3219_0,-0.048178613,0.6810631,-0.054685354,1,2859,"{""type"":""MultiPoint"",""coordinates"":[]}"
3220_0,-0.09459815,0.42346543,-0.13095562,1,14242,"{""type"":""MultiPoint"",""coordinates"":[]}"
3221_0,0.018550228,0.23864575,-0.23812732,1,11940,"{""type"":""MultiPoint"",""coordinates"":[]}"
3222_0,0.0733309,0.64619166,0.026819924,1,898,"{""type"":""MultiPoint"",""coordinates"":[]}"
3223_0,-0.09730005,0.20653987,-0.13667546,1,17745,"{""type"":""MultiPoint"",""coordinates"":[]}"
3224_0,-8.175129E-4,0.032354034,-0.062301047,1,10918,"{""type"":""MultiPoint"",""coordinates"":[]}"
3225_0,0.083092846,0.0851282,0.114293955,1,8826,"{""type"":""MultiPoint"",""coordinates"":[]}"
3226_0,0.12421053,0.6458423,0.08634384,1,25346,"{""type"":""MultiPoint"",""coordinates"":[]}"
3227_0,0.31557614,0.7633333,0.34662098,1,12606,"{""type"":""MultiPoint"",""coordinates"":[]}"
3228_0,0.12526205,0.6979225,-0.06618094,1,11405,"{""type"":""MultiPoint"",""coordinates"":[]}"
3229_0,-0.13078363,0.41304347,-0.1875,1,19329,"{""type"":""MultiPoint"",""coordinates"":[]}"
3230_0,0.26440266,0.76488245,0.22467242,1,11869,"{""type"":""MultiPoint"",""coordinates"":[]}"
3231_0,0.23415749,0.814636,0.3380132,1,17271,"{""type"":""MultiPoint"",""coordinates"":[]}"
3232_0,0.37294996,0.8700068,0.34357354,1,25132,"{""type"":""MultiPoint"",""coordinates"":[]}"
3233_0,-0.1665058,0.35105905,-0.23442288,1,6434,"{""type"":""MultiPoint"",""coordinates"":[]}"
3234_0,-0.10678489,0.28295255,-0.1345584,1,20439,"{""type"":""MultiPoint"",""coordinates"":[]}"
3235_0,0.30153483,0.51780504,0.18219519,1,3230,"{""type"":""MultiPoint"",""coordinates"":[]}"
3236_0,0.32449356,0.71556354,0.27526596,1,3399,"{""type"":""MultiPoint"",""coordinates"":[]}"
3237_0,-0.15492322,0.24113475,-0.19681722,1,17446,"{""type"":""MultiPoint"",""coordinates"":[]}"
3238_0,0.21375687,0.7228073,0.12631278,1,10045,"{""type"":""MultiPoint"",""coordinates"":[]}"
3239_0,0.3190272,0.5047775,0.2357097,1,21304,"{""type"":""MultiPoint"",""coordinates"":[]}"
3240_0,-0.043246444,0.5533769,-0.06372697,1,21724,"{""type"":""MultiPoint"",""coordinates"":[]}"
3241_0,-0.10436137,0.4878286,-0.11157565,1,5784,"{""type"":""MultiPoint"",""coordinates"":[]}"
3242_0,-0.035617784,0.36275107,-0.028543547,1,3732,"{""type"":""MultiPoint"",""coordinates"":[]}"
3243_0,0.16062817,0.08504635,0.16419381,1,11604,"{""type"":""MultiPoint"",""coordinates"":[]}"
3244_0,-0.04462602,0.2949002,-0.20497753,1,14664,"{""type"":""MultiPoint"",""coordinates"":[]}"
3245_0,-0.12661931,0.3488824,-0.10446538,1,20926,"{""type"":""MultiPoint"",""coordinates"":[]}"
3246_0,-0.12758945,0.4011194,-0.17024165,1,9929,"{""type"":""MultiPoint"",""coordinates"":[]}"
3247_0,0.43810847,0.82153136,0.4218916,1,7104,"{""type"":""MultiPoint"",""coordinates"":[]}"
3248_0,0.03251493,0.20672525,-0.014345991,1,4322,"{""type"":""MultiPoint"",""coordinates"":[]}"
3249_0,0.45111492,0.8558297,0.49960908,1,6484,"{""type"":""MultiPoint"",""coordinates"":[]}"
3250_0,0.24040166,0.7321016,-0.0288,1,25111,"{""type"":""MultiPoint"",""coordinates"":[]}"
3251_0,0.19013134,0.73387986,0.1762115,1,10779,"{""type"":""MultiPoint"",""coordinates"":[]}"
3252_0,0.039673712,0.468733,0.04265586,1,21130,"{""type"":""MultiPoint"",""coordinates"":[]}"
3253_0,-0.03228439,0.35728714,0.032834776,1,16130,"{""type"":""MultiPoint"",""coordinates"":[]}"
3254_0,-0.018453082,0.4050669,0.011268183,1,24993,"{""type"":""MultiPoint"",""coordinates"":[]}"
3255_0,0.04978118,0.7308311,0.027979854,1,14354,"{""type"":""MultiPoint"",""coordinates"":[]}"
3256_0,0.16750209,0.23683006,0.15871675,1,13613,"{""type"":""MultiPoint"",""coordinates"":[]}"
3257_0,0.12521563,0.38086304,0.11690008,1,21320,"{""type"":""MultiPoint"",""coordinates"":[]}"
3258_0,0.3119173,0.7044125,0.18881722,1,7153,"{""type"":""MultiPoint"",""coordinates"":[]}"
3259_0,0.3763279,0.79646075,0.493378,1,18176,"{""type"":""MultiPoint"",""coordinates"":[]}"
3260_0,-0.07177914,0.47506562,-0.084083155,1,6290,"{""type"":""MultiPoint"",""coordinates"":[]}"
3261_0,0.02572262,0.14431413,0.008099352,1,20385,"{""type"":""MultiPoint"",""coordinates"":[]}"
3262_0,-0.06650709,0.3172234,-0.057467368,1,12010,"{""type"":""MultiPoint"",""coordinates"":[]}"
3263_0,-0.033770584,0.5059037,-0.071668535,1,5199,"{""type"":""MultiPoint"",""coordinates"":[]}"
3264_0,0.16101415,0.6404631,0.16568434,1,2698,"{""type"":""MultiPoint"",""coordinates"":[]}"
3265_0,-0.05599473,0.466313,-0.18417946,1,17427,"{""type"":""MultiPoint"",""coordinates"":[]}"
3266_0,0.39050132,0.82623804,0.3892928,1,2095,"{""type"":""MultiPoint"",""coordinates"":[]}"
3267_0,0.2657566,0.7762938,0.21782178,1,4097,"{""type"":""MultiPoint"",""coordinates"":[]}"
3268_0,0.03131524,0.5583039,-0.016270338,1,13754,"{""type"":""MultiPoint"",""coordinates"":[]}"
3269_0,-0.12780069,0.27817878,-0.15491924,1,22652,"{""type"":""MultiPoint"",""coordinates"":[]}"
3270_0,-0.07987403,0.43643513,-0.094602436,1,20065,"{""type"":""MultiPoint"",""coordinates"":[]}"
3271_0,0.12936682,0.63948196,0.125,1,6072,"{""type"":""MultiPoint"",""coordinates"":[]}"
3272_0,-0.1731463,0.34925973,-0.20176171,1,8195,"{""type"":""MultiPoint"",""coordinates"":[]}"
3273_0,-0.1790289,0.37663817,-0.2419203,1,8714,"{""type"":""MultiPoint"",""coordinates"":[]}"
3274_0,0.22607346,0.7446985,0.23399897,1,2245,"{""type"":""MultiPoint"",""coordinates"":[]}"
3275_0,0.030871434,0.23324676,0.0038054967,1,4810,"{""type"":""MultiPoint"",""coordinates"":[]}"
3276_0,0.10344828,0.022,0.102580644,1,16887,"{""type"":""MultiPoint"",""coordinates"":[]}"
3277_0,-9.7761265E-5,0.5539419,-0.026111504,1,8544,"{""type"":""MultiPoint"",""coordinates"":[]}"
3278_0,-0.028479312,0.49564052,-0.26378343,1,17902,"{""type"":""MultiPoint"",""coordinates"":[]}"
3279_0,-0.012832681,0.4074543,-0.025860166,1,9213,"{""type"":""MultiPoint"",""coordinates"":[]}"
3280_0,0.0295858,0.49014622,0.028148148,1,19940,"{""type"":""MultiPoint"",""coordinates"":[]}"
3281_0,-0.02119353,0.44123313,-0.09280812,1,23812,"{""type"":""MultiPoint"",""coordinates"":[]}"
3282_0,-0.10188792,0.32766992,-0.1272499,1,18288,"{""type"":""MultiPoint"",""coordinates"":[]}"
3283_0,0.019693654,0.52141804,0.027027028,1,6951,"{""type"":""MultiPoint"",""coordinates"":[]}"
3284_0,0.20496543,0.8043828,0.17292444,1,12402,"{""type"":""MultiPoint"",""coordinates"":[]}"
3285_0,0.32836583,0.81950873,0.33441848,1,13173,"{""type"":""MultiPoint"",""coordinates"":[]}"
3286_0,-0.071960635,0.5386655,-0.055626113,1,3537,"{""type"":""MultiPoint"",""coordinates"":[]}"
3287_0,0.20641868,0.62739176,0.19526628,1,20998,"{""type"":""MultiPoint"",""coordinates"":[]}"
3288_0,0.03930726,0.5170524,0.021545263,1,24084,"{""type"":""MultiPoint"",""coordinates"":[]}"
3289_0,-0.035170738,0.33792424,-0.05779195,1,6561,"{""type"":""MultiPoint"",""coordinates"":[]}"
3290_0,0.06941275,0.08418293,0.09921534,1,24647,"{""type"":""MultiPoint"",""coordinates"":[]}"
3291_0,0.10512726,0.70535177,0.006461051,1,380,"{""type"":""MultiPoint"",""coordinates"":[]}"
3292_0,0.0075653372,0.5669206,0.009167584,1,980,"{""type"":""MultiPoint"",""coordinates"":[]}"
3293_0,0.08078796,0.19836567,0.054524757,1,11057,"{""type"":""MultiPoint"",""coordinates"":[]}"
3294_0,-0.041960184,0.52250487,-0.050847456,1,24822,"{""type"":""MultiPoint"",""coordinates"":[]}"
3295_0,-0.14798,0.26675984,-0.064409964,1,9252,"{""type"":""MultiPoint"",""coordinates"":[]}"
3296_0,-0.16828983,0.35871887,-0.19936013,1,20430,"{""type"":""MultiPoint"",""coordinates"":[]}"
3297_0,-0.17974971,0.29925707,-0.17462714,1,10269,"{""type"":""MultiPoint"",""coordinates"":[]}"
3298_0,0.21782984,0.7667234,0.17945199,1,1880,"{""type"":""MultiPoint"",""coordinates"":[]}"
3299_0,0.022922637,0.5924076,0.013994911,1,22944,"{""type"":""MultiPoint"",""coordinates"":[]}"
3300_0,-0.071581654,0.28972745,0.009508716,1,23002,"{""type"":""MultiPoint"",""coordinates"":[]}"
3301_0,-0.07118102,0.46043852,-0.11025145,1,15019,"{""type"":""MultiPoint"",""coordinates"":[]}"
3302_0,0.3761062,0.80451125,0.36415246,1,9149,"{""type"":""MultiPoint"",""coordinates"":[]}"
3303_0,-0.008580858,0.549226,0.00968523,1,2707,"{""type"":""MultiPoint"",""coordinates"":[]}"
3304_0,-0.03438497,0.5811585,-0.0321896,1,8404,"{""type"":""MultiPoint"",""coordinates"":[]}"
3305_0,0.06771287,0.34954885,0.034897715,1,8211,"{""type"":""MultiPoint"",""coordinates"":[]}"
3306_0,0.114602976,0.4815024,0.07507113,1,10186,"{""type"":""MultiPoint"",""coordinates"":[]}"
3307_0,0.011859838,0.6193578,0.0025929126,1,24903,"{""type"":""MultiPoint"",""coordinates"":[]}"
3308_0,-0.08228731,0.50645626,-0.19292852,1,6241,"{""type"":""MultiPoint"",""coordinates"":[]}"
3309_0,0.0379107,0.51918405,0.09865825,1,20413,"{""type"":""MultiPoint"",""coordinates"":[]}"
3310_0,0.48458782,0.85459536,0.45010182,1,18998,"{""type"":""MultiPoint"",""coordinates"":[]}"
3311_0,-0.032674465,0.51291513,-0.039007515,1,15131,"{""type"":""MultiPoint"",""coordinates"":[]}"
3312_0,-0.1352544,0.4438495,-0.17765795,1,451,"{""type"":""MultiPoint"",""coordinates"":[]}"
3313_0,-0.021642195,0.27947307,-0.0430349,1,4564,"{""type"":""MultiPoint"",""coordinates"":[]}"
3314_0,-0.13242961,0.4374461,-0.16348833,1,8332,"{""type"":""MultiPoint"",""coordinates"":[]}"
3315_0,-0.10369831,0.4492839,-0.11925436,1,10004,"{""type"":""MultiPoint"",""coordinates"":[]}"
3316_0,-0.03553719,0.44520977,-0.036480688,1,10923,"{""type"":""MultiPoint"",""coordinates"":[]}"
3317_0,0.13662316,0.106359646,0.178064,1,24998,"{""type"":""MultiPoint"",""coordinates"":[]}"
3318_0,-0.08680555,0.36199638,-0.05011533,1,3302,"{""type"":""MultiPoint"",""coordinates"":[]}"
3319_0,-0.1048908,0.42262894,0.0033296337,1,19606,"{""type"":""MultiPoint"",""coordinates"":[]}"
3320_0,0.15354714,0.6808219,0.0523999,1,369,"{""type"":""MultiPoint"",""coordinates"":[]}"
3321_0,0.011414392,0.33133882,-0.056203604,1,15056,"{""type"":""MultiPoint"",""coordinates"":[]}"
3322_0,-0.03773585,0.5012749,-0.046014257,1,21579,"{""type"":""MultiPoint"",""coordinates"":[]}"
3323_0,0.038110573,0.32162535,0.095319636,1,21064,"{""type"":""MultiPoint"",""coordinates"":[]}"
3324_0,0.32341725,0.7712855,0.32419047,1,9331,"{""type"":""MultiPoint"",""coordinates"":[]}"
3325_0,-0.18412414,0.37206703,-0.17050147,1,23653,"{""type"":""MultiPoint"",""coordinates"":[]}"
3326_0,0.2765658,0.78474116,0.15877931,1,1328,"{""type"":""MultiPoint"",""coordinates"":[]}"
3327_0,0.2564554,0.6869361,0.31354135,1,2351,"{""type"":""MultiPoint"",""coordinates"":[]}"
3328_0,0.35468802,0.8473038,0.333814,1,8574,"{""type"":""MultiPoint"",""coordinates"":[]}"
3329_0,8.970398E-4,0.062412344,0.09465318,1,10206,"{""type"":""MultiPoint"",""coordinates"":[]}"
3330_0,-0.032083627,0.5972416,0.04641783,1,16602,"{""type"":""MultiPoint"",""coordinates"":[]}"
3331_0,0.21793604,0.6927224,0.2647241,1,1318,"{""type"":""MultiPoint"",""coordinates"":[]}"
3332_0,0.18015935,0.6083467,0.120969966,1,1775,"{""type"":""MultiPoint"",""coordinates"":[]}"
3333_0,0.33604437,0.801217,0.32928678,1,13989,"{""type"":""MultiPoint"",""coordinates"":[]}"
3334_0,-0.1452514,0.28373566,-0.17810996,1,16783,"{""type"":""MultiPoint"",""coordinates"":[]}"
3335_0,-0.03362506,0.6405887,-0.047875926,1,4059,"{""type"":""MultiPoint"",""coordinates"":[]}"
3336_0,0.07642089,0.10040161,0.102444485,1,22647,"{""type"":""MultiPoint"",""coordinates"":[]}"
3337_0,-0.03111071,0.49683386,0.0198121,1,1412,"{""type"":""MultiPoint"",""coordinates"":[]}"
3338_0,0.44734237,0.8456319,0.4433296,1,18356,"{""type"":""MultiPoint"",""coordinates"":[]}"
3339_0,-0.08709828,0.28455284,-0.14636542,1,7405,"{""type"":""MultiPoint"",""coordinates"":[]}"
3340_0,-0.016518425,0.38840938,-0.031814273,1,8233,"{""type"":""MultiPoint"",""coordinates"":[]}"
3341_0,-0.12125535,0.42842692,-0.15826702,1,15888,"{""type"":""MultiPoint"",""coordinates"":[]}"
3342_0,0.042675894,0.53961825,0.059170257,1,24794,"{""type"":""MultiPoint"",""coordinates"":[]}"
3343_0,-0.10176817,0.35669586,-0.16108108,1,19468,"{""type"":""MultiPoint"",""coordinates"":[]}"
3344_0,0.23746519,0.5134139,0.3045411,1,2001,"{""type"":""MultiPoint"",""coordinates"":[]}"
3345_0,0.23447867,0.79939455,0.33560857,1,3949,"{""type"":""MultiPoint"",""coordinates"":[]}"
3346_0,-0.080622345,0.5454068,-0.09180138,1,18006,"{""type"":""MultiPoint"",""coordinates"":[]}"
3347_0,0.19832294,0.69280833,0.17437388,1,311,"{""type"":""MultiPoint"",""coordinates"":[]}"
3348_0,-0.0038957878,0.5602472,-0.044561934,1,19268,"{""type"":""MultiPoint"",""coordinates"":[]}"
3349_0,0.4250214,0.75729287,0.38355535,1,57,"{""type"":""MultiPoint"",""coordinates"":[]}"
3350_0,-0.0026155186,0.5323051,-0.029017856,1,15813,"{""type"":""MultiPoint"",""coordinates"":[]}"
3351_0,0.020224718,0.6065041,0.041827768,1,20608,"{""type"":""MultiPoint"",""coordinates"":[]}"
3352_0,0.3539232,0.8117647,0.36138615,1,24013,"{""type"":""MultiPoint"",""coordinates"":[]}"
3353_0,-0.04373952,0.47454238,-0.0892747,1,11079,"{""type"":""MultiPoint"",""coordinates"":[]}"
3354_0,0.022221368,0.50675255,-0.038613424,1,18216,"{""type"":""MultiPoint"",""coordinates"":[]}"
3355_0,0.3475885,0.8224432,0.4133732,1,1534,"{""type"":""MultiPoint"",""coordinates"":[]}"
3356_0,0.25400183,0.7714286,0.2784203,1,10140,"{""type"":""MultiPoint"",""coordinates"":[]}"
3357_0,-0.06953114,0.29178143,-0.04554887,1,24845,"{""type"":""MultiPoint"",""coordinates"":[]}"
3358_0,-0.1306075,0.47730348,-0.25290897,1,10739,"{""type"":""MultiPoint"",""coordinates"":[]}"
3359_0,0.21325845,0.6856912,0.076769106,1,11451,"{""type"":""MultiPoint"",""coordinates"":[]}"
3360_0,0.021202942,0.3760186,0.022049287,1,10930,"{""type"":""MultiPoint"",""coordinates"":[]}"
3361_0,0.024283526,0.42028984,0.0040196516,1,3694,"{""type"":""MultiPoint"",""coordinates"":[]}"
3362_0,0.16895694,0.6516193,0.19573247,1,1280,"{""type"":""MultiPoint"",""coordinates"":[]}"
3363_0,0.075786136,0.39552417,0.03801576,1,11450,"{""type"":""MultiPoint"",""coordinates"":[]}"
3364_0,0.17237237,0.58818835,0.14463067,1,9161,"{""type"":""MultiPoint"",""coordinates"":[]}"
3365_0,-0.062754214,0.46648428,-0.058142897,1,10122,"{""type"":""MultiPoint"",""coordinates"":[]}"
3366_0,-0.03784537,0.4429651,-0.054245282,1,5306,"{""type"":""MultiPoint"",""coordinates"":[]}"
3367_0,-0.11781776,0.44205222,-0.10057143,1,22917,"{""type"":""MultiPoint"",""coordinates"":[]}"
3368_0,-0.13152029,0.35248226,-0.14195725,1,16305,"{""type"":""MultiPoint"",""coordinates"":[]}"
3369_0,0.14220273,0.5389939,0.12809034,1,24471,"{""type"":""MultiPoint"",""coordinates"":[]}"
3370_0,0.02624807,0.45257,-0.019693654,1,23598,"{""type"":""MultiPoint"",""coordinates"":[]}"
3371_0,-0.009741188,0.5490004,0.023316376,1,25298,"{""type"":""MultiPoint"",""coordinates"":[]}"
3372_0,0.104089245,0.73424,0.12483708,1,7029,"{""type"":""MultiPoint"",""coordinates"":[]}"
3373_0,0.004222085,0.23956977,0.025033621,1,18272,"{""type"":""MultiPoint"",""coordinates"":[]}"
3374_0,-0.046121594,0.46692863,0.024702653,1,19791,"{""type"":""MultiPoint"",""coordinates"":[]}"
3375_0,0.008936009,0.39620456,-0.05719633,1,884,"{""type"":""MultiPoint"",""coordinates"":[]}"
3376_0,0.013186813,0.45231846,-0.011830986,1,8242,"{""type"":""MultiPoint"",""coordinates"":[]}"
3377_0,-0.06755016,0.4042208,-0.03166133,1,12266,"{""type"":""MultiPoint"",""coordinates"":[]}"
3378_0,0.45534086,0.85918117,0.59887886,1,3172,"{""type"":""MultiPoint"",""coordinates"":[]}"
3379_0,-0.12197581,0.43278944,-0.119155355,1,12302,"{""type"":""MultiPoint"",""coordinates"":[]}"
3380_0,-0.011390002,0.4356659,-0.08773608,1,7964,"{""type"":""MultiPoint"",""coordinates"":[]}"
3381_0,-0.17829153,0.26183686,-0.22494744,1,5187,"{""type"":""MultiPoint"",""coordinates"":[]}"
3382_0,0.28597188,0.8366142,0.32238194,1,19505,"{""type"":""MultiPoint"",""coordinates"":[]}"
3383_0,0.031621896,0.23892036,0.11765161,1,322,"{""type"":""MultiPoint"",""coordinates"":[]}"
3384_0,-0.013816926,0.38909698,-0.026822157,1,24207,"{""type"":""MultiPoint"",""coordinates"":[]}"
3385_0,-0.054225158,0.47028613,-0.029846733,1,23644,"{""type"":""MultiPoint"",""coordinates"":[]}"
3386_0,0.11938343,0.21642874,0.1035358,1,8832,"{""type"":""MultiPoint"",""coordinates"":[]}"
3387_0,0.36881685,0.8905741,0.4482747,1,1862,"{""type"":""MultiPoint"",""coordinates"":[]}"
3388_0,0.033147357,0.41423222,0.07854898,1,9517,"{""type"":""MultiPoint"",""coordinates"":[]}"
3389_0,-0.09071528,0.37315086,-0.08475595,1,23741,"{""type"":""MultiPoint"",""coordinates"":[]}"
3390_0,-0.075,0.41820344,-0.10746004,1,16811,"{""type"":""MultiPoint"",""coordinates"":[]}"
3391_0,0.13360578,0.65023255,0.117232546,1,24775,"{""type"":""MultiPoint"",""coordinates"":[]}"
3392_0,0.015066337,0.4437421,0.025948104,1,2838,"{""type"":""MultiPoint"",""coordinates"":[]}"
3393_0,0.11160327,0.60765177,0.14197396,1,735,"{""type"":""MultiPoint"",""coordinates"":[]}"
3394_0,-0.0983453,0.46524063,-0.08346166,1,7474,"{""type"":""MultiPoint"",""coordinates"":[]}"
3395_0,0.10892418,0.6350975,0.09770921,1,24184,"{""type"":""MultiPoint"",""coordinates"":[]}"
3396_0,-0.15707406,0.37158853,-0.16896333,1,8049,"{""type"":""MultiPoint"",""coordinates"":[]}"
3397_0,-0.07285129,0.39320186,-0.054860935,1,12179,"{""type"":""MultiPoint"",""coordinates"":[]}"
3398_0,0.07150965,0.6461017,0.046100818,1,21707,"{""type"":""MultiPoint"",""coordinates"":[]}"
3399_0,-0.05839416,0.53846157,-0.13725491,1,18455,"{""type"":""MultiPoint"",""coordinates"":[]}"
3400_0,-0.18215613,1.0,-0.15359116,1,3979,"{""type"":""MultiPoint"",""coordinates"":[]}"
3401_0,-0.004626952,0.53861004,-0.031620555,1,10804,"{""type"":""MultiPoint"",""coordinates"":[]}"
3402_0,0.09474378,0.079465985,0.15209506,1,6498,"{""type"":""MultiPoint"",""coordinates"":[]}"
3403_0,0.071240105,0.5406032,0.11409396,1,11773,"{""type"":""MultiPoint"",""coordinates"":[]}"
3404_0,-0.014138641,0.495283,-0.047414947,1,11751,"{""type"":""MultiPoint"",""coordinates"":[]}"
3405_0,-0.061433446,0.50856465,-0.12803005,1,10501,"{""type"":""MultiPoint"",""coordinates"":[]}"
3406_0,-0.06634146,0.36056337,-0.13634332,1,19139,"{""type"":""MultiPoint"",""coordinates"":[]}"
3407_0,-0.062322944,0.42222223,-0.07973707,1,22885,"{""type"":""MultiPoint"",""coordinates"":[]}"
3408_0,-0.042637862,0.39130434,-0.09101725,1,12365,"{""type"":""MultiPoint"",""coordinates"":[]}"
3409_0,0.18965285,0.6960791,0.19227926,1,2645,"{""type"":""MultiPoint"",""coordinates"":[]}"
3410_0,-0.086189516,0.33406675,-0.08454957,1,9704,"{""type"":""MultiPoint"",""coordinates"":[]}"
3411_0,0.16586827,0.67346936,0.17108004,1,24732,"{""type"":""MultiPoint"",""coordinates"":[]}"
3412_0,-0.17299427,0.41227502,-0.17976654,1,3525,"{""type"":""MultiPoint"",""coordinates"":[]}"
3413_0,-0.04884967,0.47368422,-0.026210299,1,13614,"{""type"":""MultiPoint"",""coordinates"":[]}"
3414_0,-0.11726013,0.4130819,-0.11234372,1,20882,"{""type"":""MultiPoint"",""coordinates"":[]}"
3415_0,0.12900394,0.3353973,0.12587006,1,6544,"{""type"":""MultiPoint"",""coordinates"":[]}"
3416_0,0.27719298,0.77315295,0.21446474,1,14739,"{""type"":""MultiPoint"",""coordinates"":[]}"
3417_0,-0.07860923,0.4637776,-0.04708367,1,21245,"{""type"":""MultiPoint"",""coordinates"":[]}"
3418_0,-0.075393535,0.43601713,-0.040898155,1,18779,"{""type"":""MultiPoint"",""coordinates"":[]}"
3419_0,0.22102748,0.15034868,0.2416085,1,7303,"{""type"":""MultiPoint"",""coordinates"":[]}"
3420_0,-0.013960754,0.41821396,0.016477272,1,22701,"{""type"":""MultiPoint"",""coordinates"":[]}"
3421_0,-0.033615366,0.3798141,-0.05780482,1,8882,"{""type"":""MultiPoint"",""coordinates"":[]}"
3422_0,0.041895896,0.14206128,0.12111801,1,17501,"{""type"":""MultiPoint"",""coordinates"":[]}"
3423_0,0.06945766,0.53409094,0.038711227,1,11147,"{""type"":""MultiPoint"",""coordinates"":[]}"
3424_0,0.124236256,0.58966076,0.08550489,1,17804,"{""type"":""MultiPoint"",""coordinates"":[]}"
3425_0,-0.15301903,0.38812104,-0.13564155,1,15080,"{""type"":""MultiPoint"",""coordinates"":[]}"
3426_0,0.4175199,0.82686085,0.39105505,1,5117,"{""type"":""MultiPoint"",""coordinates"":[]}"
3427_0,0.007924916,0.19201775,0.020011494,1,15283,"{""type"":""MultiPoint"",""coordinates"":[]}"
3428_0,0.056144483,0.18498659,-0.039342843,1,4254,"{""type"":""MultiPoint"",""coordinates"":[]}"
3429_0,0.25777537,0.52956367,0.26673228,1,20275,"{""type"":""MultiPoint"",""coordinates"":[]}"
3430_0,-0.084472485,0.44113728,-0.070217915,1,11304,"{""type"":""MultiPoint"",""coordinates"":[]}"
3431_0,0.40349674,0.76404494,0.06552094,1,12412,"{""type"":""MultiPoint"",""coordinates"":[]}"
3432_0,0.33864543,0.2430525,0.31428573,1,7294,"{""type"":""MultiPoint"",""coordinates"":[]}"
3433_0,0.0995935,0.71280724,0.06889128,1,6293,"{""type"":""MultiPoint"",""coordinates"":[]}"
3434_0,-0.030069761,0.46524456,-0.049618322,1,14654,"{""type"":""MultiPoint"",""coordinates"":[]}"
3435_0,0.32274848,0.7466789,0.32757354,1,1121,"{""type"":""MultiPoint"",""coordinates"":[]}"
3436_0,0.061200585,0.5218193,-0.05017301,1,9623,"{""type"":""MultiPoint"",""coordinates"":[]}"
3437_0,-0.0028901733,0.44598764,-0.052578364,1,5018,"{""type"":""MultiPoint"",""coordinates"":[]}"
3438_0,-0.06871421,0.46824723,-0.033996474,1,22806,"{""type"":""MultiPoint"",""coordinates"":[]}"
3439_0,0.21730383,0.59083194,0.24023825,1,24154,"{""type"":""MultiPoint"",""coordinates"":[]}"
3440_0,-0.061213117,0.43472844,-0.07201929,1,17287,"{""type"":""MultiPoint"",""coordinates"":[]}"
3441_0,0.12949207,0.3364269,0.091366306,1,12709,"{""type"":""MultiPoint"",""coordinates"":[]}"
3442_0,0.34046346,0.87525153,0.3897746,1,491,"{""type"":""MultiPoint"",""coordinates"":[]}"
3443_0,-0.16833618,0.33532488,-0.19222139,1,13520,"{""type"":""MultiPoint"",""coordinates"":[]}"
3444_0,0.351223,0.85189956,0.35596415,1,10105,"{""type"":""MultiPoint"",""coordinates"":[]}"
3445_0,0.013585037,0.37693435,-0.013977617,1,23923,"{""type"":""MultiPoint"",""coordinates"":[]}"
3446_0,0.018677436,0.5220949,0.0010277493,1,20196,"{""type"":""MultiPoint"",""coordinates"":[]}"
3447_0,0.13856928,0.7222976,0.08588141,1,385,"{""type"":""MultiPoint"",""coordinates"":[]}"
3448_0,-0.06110036,0.42975205,-0.072386056,1,4372,"{""type"":""MultiPoint"",""coordinates"":[]}"
3449_0,-0.25081626,0.36008447,-0.26965955,1,17255,"{""type"":""MultiPoint"",""coordinates"":[]}"
3450_0,-0.15939525,0.4062237,-0.23861566,1,4246,"{""type"":""MultiPoint"",""coordinates"":[]}"
3451_0,0.082049444,0.5995247,0.068432674,1,9729,"{""type"":""MultiPoint"",""coordinates"":[]}"
3452_0,0.33974606,0.79028136,0.3460722,1,21001,"{""type"":""MultiPoint"",""coordinates"":[]}"
3453_0,-0.15338245,0.36984128,-0.15317559,1,9844,"{""type"":""MultiPoint"",""coordinates"":[]}"
3454_0,0.306828,0.5285714,0.2481628,1,16076,"{""type"":""MultiPoint"",""coordinates"":[]}"
3455_0,0.45346054,0.88550174,0.46882263,1,25044,"{""type"":""MultiPoint"",""coordinates"":[]}"
3456_0,0.29541814,0.8264118,0.16237417,1,22332,"{""type"":""MultiPoint"",""coordinates"":[]}"
3457_0,0.30297312,0.70135766,0.28567588,1,409,"{""type"":""MultiPoint"",""coordinates"":[]}"
3458_0,0.065647095,0.16944754,0.08349844,1,21811,"{""type"":""MultiPoint"",""coordinates"":[]}"
3459_0,-0.045615416,0.49576345,-0.095969245,1,1282,"{""type"":""MultiPoint"",""coordinates"":[]}"
3460_0,-0.08170822,0.36581922,-0.06230303,1,6091,"{""type"":""MultiPoint"",""coordinates"":[]}"
3461_0,0.1883556,0.23769633,0.24898894,1,15594,"{""type"":""MultiPoint"",""coordinates"":[]}"
3462_0,0.04287184,0.50104237,-0.09283595,1,23920,"{""type"":""MultiPoint"",""coordinates"":[]}"
3463_0,0.05272839,0.5300834,-0.05365297,1,2554,"{""type"":""MultiPoint"",""coordinates"":[]}"
3464_0,0.03168636,0.59193957,0.019309219,1,15794,"{""type"":""MultiPoint"",""coordinates"":[]}"
3465_0,-0.014958449,0.4826287,-0.016930336,1,6529,"{""type"":""MultiPoint"",""coordinates"":[]}"
3466_0,0.33468696,0.7581177,0.31041738,1,1356,"{""type"":""MultiPoint"",""coordinates"":[]}"
3467_0,0.28562963,0.80607575,0.21530528,1,14602,"{""type"":""MultiPoint"",""coordinates"":[]}"
3468_0,-5.1813474E-4,0.39879274,-0.037614185,1,6759,"{""type"":""MultiPoint"",""coordinates"":[]}"
3469_0,0.12753695,0.6704405,0.14314938,1,11574,"{""type"":""MultiPoint"",""coordinates"":[]}"
3470_0,0.1498029,0.75353533,0.14190981,1,2252,"{""type"":""MultiPoint"",""coordinates"":[]}"
3471_0,-0.10582125,0.3792049,-0.14648525,1,19116,"{""type"":""MultiPoint"",""coordinates"":[]}"
3472_0,-0.007869249,0.5393836,-0.007817198,1,20757,"{""type"":""MultiPoint"",""coordinates"":[]}"
3473_0,0.045523982,0.4475,-0.06612903,1,2789,"{""type"":""MultiPoint"",""coordinates"":[]}"
3474_0,-0.12209649,0.3506676,-0.32442883,1,9754,"{""type"":""MultiPoint"",""coordinates"":[]}"
3475_0,0.062629044,0.5423977,0.026308935,1,2085,"{""type"":""MultiPoint"",""coordinates"":[]}"
3476_0,0.01146789,0.1556701,0.053919695,1,5096,"{""type"":""MultiPoint"",""coordinates"":[]}"
3477_0,-0.1474801,0.37294015,-0.21582417,1,8739,"{""type"":""MultiPoint"",""coordinates"":[]}"
3478_0,-0.0245459,0.45580447,-0.07743934,1,17837,"{""type"":""MultiPoint"",""coordinates"":[]}"
3479_0,0.34705406,0.837441,0.35254103,1,482,"{""type"":""MultiPoint"",""coordinates"":[]}"
3480_0,0.04306448,0.23835616,0.08786232,1,24515,"{""type"":""MultiPoint"",""coordinates"":[]}"
3481_0,-0.004561581,0.44285715,-0.02339532,1,14660,"{""type"":""MultiPoint"",""coordinates"":[]}"
3482_0,-0.11353032,0.42781106,-0.11223301,1,22077,"{""type"":""MultiPoint"",""coordinates"":[]}"
3483_0,0.20642073,0.6346612,0.22669466,1,7799,"{""type"":""MultiPoint"",""coordinates"":[]}"
3484_0,0.26262933,0.7798078,0.28557006,1,19524,"{""type"":""MultiPoint"",""coordinates"":[]}"
3485_0,0.1321567,0.06114976,0.12613784,1,17502,"{""type"":""MultiPoint"",""coordinates"":[]}"
3486_0,0.12526062,0.83567244,-0.14745912,1,9217,"{""type"":""MultiPoint"",""coordinates"":[]}"
3487_0,0.1714123,0.73935264,0.18789995,1,24046,"{""type"":""MultiPoint"",""coordinates"":[]}"
3488_0,-0.015827337,0.47836834,-0.041680787,1,17195,"{""type"":""MultiPoint"",""coordinates"":[]}"
3489_0,-0.08654545,0.44444445,-0.13181818,1,22093,"{""type"":""MultiPoint"",""coordinates"":[]}"
3490_0,0.16423228,0.71577305,0.15883829,1,3617,"{""type"":""MultiPoint"",""coordinates"":[]}"
3491_0,0.31396958,0.8626247,0.3147278,1,10549,"{""type"":""MultiPoint"",""coordinates"":[]}"
3492_0,0.015807843,0.30278617,0.053255964,1,7247,"{""type"":""MultiPoint"",""coordinates"":[]}"
3493_0,-0.13448733,0.40884158,-0.13328516,1,15976,"{""type"":""MultiPoint"",""coordinates"":[]}"
3494_0,0.14375453,0.47971782,0.048845947,1,24684,"{""type"":""MultiPoint"",""coordinates"":[]}"
3495_0,0.23365824,0.124945275,0.19953966,1,7755,"{""type"":""MultiPoint"",""coordinates"":[]}"
3496_0,0.21691075,0.7606908,0.20393258,1,24733,"{""type"":""MultiPoint"",""coordinates"":[]}"
3497_0,0.518385,0.8511502,0.49302325,1,19784,"{""type"":""MultiPoint"",""coordinates"":[]}"
3498_0,-0.020111732,0.11566858,0.047072332,1,16813,"{""type"":""MultiPoint"",""coordinates"":[]}"
3499_0,0.07294833,0.58576643,0.06527735,1,3433,"{""type"":""MultiPoint"",""coordinates"":[]}"
3500_0,0.2795031,0.79198635,0.31879196,1,3616,"{""type"":""MultiPoint"",""coordinates"":[]}"
3501_0,0.44407502,0.82141143,0.48709795,1,1035,"{""type"":""MultiPoint"",""coordinates"":[]}"
3502_0,-0.1864573,0.3080339,-0.19762258,1,14100,"{""type"":""MultiPoint"",""coordinates"":[]}"
3503_0,0.2115744,0.5550068,0.18368822,1,4702,"{""type"":""MultiPoint"",""coordinates"":[]}"
3504_0,0.30830947,0.8252857,0.34455606,1,9367,"{""type"":""MultiPoint"",""coordinates"":[]}"
3505_0,-0.12405931,0.37168577,-0.117992856,1,17288,"{""type"":""MultiPoint"",""coordinates"":[]}"
3506_0,0.062002275,0.63597244,0.070382886,1,8815,"{""type"":""MultiPoint"",""coordinates"":[]}"
3507_0,0.113344386,0.049425535,0.15850541,1,12788,"{""type"":""MultiPoint"",""coordinates"":[]}"
3508_0,0.06922977,0.24844721,0.13318011,1,7277,"{""type"":""MultiPoint"",""coordinates"":[]}"
3509_0,0.02581638,0.4263323,0.1218986,1,20271,"{""type"":""MultiPoint"",""coordinates"":[]}"
3510_0,-0.114285715,0.34069982,-0.19887641,1,18159,"{""type"":""MultiPoint"",""coordinates"":[]}"
3511_0,0.116231784,0.4326241,0.14491804,1,16341,"{""type"":""MultiPoint"",""coordinates"":[]}"
3512_0,0.18127838,0.6808646,0.02347418,1,2404,"{""type"":""MultiPoint"",""coordinates"":[]}"
3513_0,0.04857777,0.3044608,0.03858493,1,17754,"{""type"":""MultiPoint"",""coordinates"":[]}"
3514_0,0.4816609,0.9166971,0.5215586,1,22121,"{""type"":""MultiPoint"",""coordinates"":[]}"
3515_0,0.097317144,0.25825244,0.08312776,1,10425,"{""type"":""MultiPoint"",""coordinates"":[]}"
3516_0,-0.0519208,0.42103997,-0.028608896,1,13236,"{""type"":""MultiPoint"",""coordinates"":[]}"
3517_0,0.07467532,0.71008813,0.03139661,1,18719,"{""type"":""MultiPoint"",""coordinates"":[]}"
3518_0,0.15705766,0.6746803,0.12547266,1,14070,"{""type"":""MultiPoint"",""coordinates"":[]}"
3519_0,0.055419546,0.6078776,0.03133091,1,17323,"{""type"":""MultiPoint"",""coordinates"":[]}"
3520_0,0.19621685,0.6996418,0.11949882,1,15971,"{""type"":""MultiPoint"",""coordinates"":[]}"
3521_0,-0.13557312,0.37980455,-0.154047,1,7613,"{""type"":""MultiPoint"",""coordinates"":[]}"
3522_0,0.0058227303,0.5317201,0.041181363,1,18593,"{""type"":""MultiPoint"",""coordinates"":[]}"
3523_0,0.23514332,0.63533837,0.22649069,1,5345,"{""type"":""MultiPoint"",""coordinates"":[]}"
3524_0,-0.096662834,0.49702382,-0.2614163,1,14493,"{""type"":""MultiPoint"",""coordinates"":[]}"
3525_0,0.38928694,0.75242716,0.28184643,1,1084,"{""type"":""MultiPoint"",""coordinates"":[]}"
3526_0,-0.092161015,0.34051558,-0.13975309,1,10999,"{""type"":""MultiPoint"",""coordinates"":[]}"
3527_0,0.2930983,0.8128342,0.30432227,1,15399,"{""type"":""MultiPoint"",""coordinates"":[]}"
3528_0,-0.05644565,0.4412214,-0.102661595,1,22039,"{""type"":""MultiPoint"",""coordinates"":[]}"
3529_0,0.013918178,0.11637081,-0.016079966,1,10989,"{""type"":""MultiPoint"",""coordinates"":[]}"
3530_0,0.019222038,0.14977258,0.14982945,1,21791,"{""type"":""MultiPoint"",""coordinates"":[]}"
3531_0,0.17317487,0.3888889,0.09959822,1,5548,"{""type"":""MultiPoint"",""coordinates"":[]}"
3532_0,0.04905509,0.30292338,0.15891173,1,5183,"{""type"":""MultiPoint"",""coordinates"":[]}"
3533_0,0.21085714,0.70080143,0.13444062,1,16060,"{""type"":""MultiPoint"",""coordinates"":[]}"
3534_0,0.0445269,0.5254048,0.02019544,1,19907,"{""type"":""MultiPoint"",""coordinates"":[]}"
3535_0,0.13229957,0.5965626,0.11892797,1,7301,"{""type"":""MultiPoint"",""coordinates"":[]}"
3536_0,-0.056916427,0.3043005,-0.12976511,1,6421,"{""type"":""MultiPoint"",""coordinates"":[]}"
3537_0,0.10849305,0.2965879,0.014577259,1,24990,"{""type"":""MultiPoint"",""coordinates"":[]}"
3538_0,0.19328406,0.15393747,0.21374883,1,5799,"{""type"":""MultiPoint"",""coordinates"":[]}"
3539_0,0.11343284,0.6719653,0.102597065,1,3035,"{""type"":""MultiPoint"",""coordinates"":[]}"
3540_0,-0.14435337,0.38142622,-0.1531457,1,21845,"{""type"":""MultiPoint"",""coordinates"":[]}"
3541_0,-0.14807627,0.37311774,-0.16502228,1,24097,"{""type"":""MultiPoint"",""coordinates"":[]}"
3542_0,-0.2013549,0.32227185,-0.20498301,1,19469,"{""type"":""MultiPoint"",""coordinates"":[]}"
3543_0,0.2588848,0.73202753,0.22481248,1,20286,"{""type"":""MultiPoint"",""coordinates"":[]}"
3544_0,0.2233353,0.7680154,0.25082874,1,13328,"{""type"":""MultiPoint"",""coordinates"":[]}"
3545_0,0.2234324,0.77126557,0.18027021,1,1276,"{""type"":""MultiPoint"",""coordinates"":[]}"
3546_0,0.33292902,0.866616,0.231353,1,8442,"{""type"":""MultiPoint"",""coordinates"":[]}"
3547_0,0.0015600624,0.5587437,0.004748813,1,5883,"{""type"":""MultiPoint"",""coordinates"":[]}"
3548_0,0.07630979,0.6112,0.09998051,1,18332,"{""type"":""MultiPoint"",""coordinates"":[]}"
3549_0,-0.13015874,0.3856813,-0.16150081,1,14161,"{""type"":""MultiPoint"",""coordinates"":[]}"
3550_0,0.34013277,0.8194397,0.3528495,1,24812,"{""type"":""MultiPoint"",""coordinates"":[]}"
3551_0,-0.15489389,0.36269015,-0.1596692,1,8833,"{""type"":""MultiPoint"",""coordinates"":[]}"
3552_0,0.30599114,0.78783596,0.22674635,1,10557,"{""type"":""MultiPoint"",""coordinates"":[]}"
3553_0,0.07956164,0.08424785,0.101855315,1,6425,"{""type"":""MultiPoint"",""coordinates"":[]}"
3554_0,0.14433303,0.6283186,0.107731305,1,6289,"{""type"":""MultiPoint"",""coordinates"":[]}"
3555_0,0.17983314,0.48636502,0.15349635,1,24128,"{""type"":""MultiPoint"",""coordinates"":[]}"
3556_0,-0.12548544,0.2846486,-0.17258818,1,7163,"{""type"":""MultiPoint"",""coordinates"":[]}"
3557_0,-0.10103872,0.46730652,-0.10207939,1,25484,"{""type"":""MultiPoint"",""coordinates"":[]}"
3558_0,0.29342037,0.42162383,0.31671813,1,13340,"{""type"":""MultiPoint"",""coordinates"":[]}"
3559_0,0.24524716,1.0,0.20995025,1,5393,"{""type"":""MultiPoint"",""coordinates"":[]}"
3560_0,0.038314175,0.58753437,-0.010850943,1,1588,"{""type"":""MultiPoint"",""coordinates"":[]}"
3561_0,0.013933548,0.63427377,0.15254237,1,25307,"{""type"":""MultiPoint"",""coordinates"":[]}"
3562_0,-0.077630825,0.4395036,-0.14239483,1,15569,"{""type"":""MultiPoint"",""coordinates"":[]}"
3563_0,0.5039439,0.83675677,0.48101267,1,11018,"{""type"":""MultiPoint"",""coordinates"":[]}"
3564_0,0.30989194,0.7364384,0.28286457,1,14055,"{""type"":""MultiPoint"",""coordinates"":[]}"
3565_0,-0.07665064,0.33274022,-0.16187806,1,22230,"{""type"":""MultiPoint"",""coordinates"":[]}"
3566_0,-0.017656792,0.3448152,-0.1234879,1,6909,"{""type"":""MultiPoint"",""coordinates"":[]}"
3567_0,0.10214219,0.635605,0.09906542,1,1453,"{""type"":""MultiPoint"",""coordinates"":[]}"
3568_0,-0.12178478,0.4353325,-0.15983717,1,10210,"{""type"":""MultiPoint"",""coordinates"":[]}"
3569_0,0.034438502,0.32942164,-0.111484595,1,3108,"{""type"":""MultiPoint"",""coordinates"":[]}"
3570_0,0.360213,0.85192305,0.32913882,1,2332,"{""type"":""MultiPoint"",""coordinates"":[]}"
3571_0,0.16771148,0.6633593,0.17033608,1,18261,"{""type"":""MultiPoint"",""coordinates"":[]}"
3572_0,-0.11327547,0.42651138,-0.07781317,1,12783,"{""type"":""MultiPoint"",""coordinates"":[]}"
3573_0,0.30663794,0.82418716,0.3134232,1,9936,"{""type"":""MultiPoint"",""coordinates"":[]}"
3574_0,-0.111638956,0.23333333,-0.034254145,1,20781,"{""type"":""MultiPoint"",""coordinates"":[]}"
3575_0,-0.045055255,0.4568121,-0.059770115,1,22416,"{""type"":""MultiPoint"",""coordinates"":[]}"
3576_0,-0.14333232,0.4180997,-0.15737864,1,18857,"{""type"":""MultiPoint"",""coordinates"":[]}"
3577_0,0.11653798,0.42069516,0.13242814,1,9532,"{""type"":""MultiPoint"",""coordinates"":[]}"
3578_0,0.05038937,0.100023314,0.12513189,1,17736,"{""type"":""MultiPoint"",""coordinates"":[]}"
3579_0,0.013108614,0.59411764,-0.006102877,1,668,"{""type"":""MultiPoint"",""coordinates"":[]}"
3580_0,-0.13311397,0.44577062,-0.15241861,1,22710,"{""type"":""MultiPoint"",""coordinates"":[]}"
3581_0,4.6721695E-4,0.48601863,0.02119872,1,6741,"{""type"":""MultiPoint"",""coordinates"":[]}"
3582_0,0.22955938,0.7421544,0.18304904,1,15022,"{""type"":""MultiPoint"",""coordinates"":[]}"
3583_0,-0.15337424,0.45454547,-0.258512,1,7609,"{""type"":""MultiPoint"",""coordinates"":[]}"
3584_0,-0.07513555,0.38399026,-0.07458065,1,19079,"{""type"":""MultiPoint"",""coordinates"":[]}"
3585_0,-0.11066667,0.43567753,-0.14828898,1,9871,"{""type"":""MultiPoint"",""coordinates"":[]}"
3586_0,-0.044705883,0.5283019,-0.027466938,1,21402,"{""type"":""MultiPoint"",""coordinates"":[]}"
3587_0,-0.071814634,0.4678211,-0.06500581,1,10339,"{""type"":""MultiPoint"",""coordinates"":[]}"
3588_0,0.032911394,0.34290272,-0.019790454,1,21081,"{""type"":""MultiPoint"",""coordinates"":[]}"
3589_0,0.097604714,0.17320405,0.15790103,1,22537,"{""type"":""MultiPoint"",""coordinates"":[]}"
3590_0,-0.07750652,0.33012512,-0.046019327,1,8743,"{""type"":""MultiPoint"",""coordinates"":[]}"
3591_0,0.048703354,0.4851013,0.051617466,1,11082,"{""type"":""MultiPoint"",""coordinates"":[]}"
3592_0,-0.1588867,0.29485077,-0.19707139,1,9500,"{""type"":""MultiPoint"",""coordinates"":[]}"
3593_0,0.118581906,0.6760976,0.1537945,1,16714,"{""type"":""MultiPoint"",""coordinates"":[]}"
3594_0,0.00271672,0.44217688,-0.056791417,1,4844,"{""type"":""MultiPoint"",""coordinates"":[]}"
3595_0,0.0034612964,0.5217391,-0.027661994,1,14237,"{""type"":""MultiPoint"",""coordinates"":[]}"
3596_0,0.0021917808,0.6234004,0.016890924,1,24967,"{""type"":""MultiPoint"",""coordinates"":[]}"
3597_0,-0.15350488,0.27126896,-0.15299335,1,16794,"{""type"":""MultiPoint"",""coordinates"":[]}"
3598_0,0.09211813,0.61199296,0.08315228,1,2393,"{""type"":""MultiPoint"",""coordinates"":[]}"
3599_0,0.14414415,0.06332419,0.18877122,1,8679,"{""type"":""MultiPoint"",""coordinates"":[]}"
3600_0,-0.001986494,0.48224893,0.011682879,1,8147,"{""type"":""MultiPoint"",""coordinates"":[]}"
3601_0,0.20012473,0.7483058,0.18455872,1,9994,"{""type"":""MultiPoint"",""coordinates"":[]}"
3602_0,0.14001073,0.62034535,0.1199953,1,3211,"{""type"":""MultiPoint"",""coordinates"":[]}"
3603_0,0.32393512,0.7122692,0.2605584,1,7138,"{""type"":""MultiPoint"",""coordinates"":[]}"
3604_0,0.344968,0.8326996,0.32695755,1,9841,"{""type"":""MultiPoint"",""coordinates"":[]}"
3605_0,0.0018682858,0.42451155,-0.059514277,1,16705,"{""type"":""MultiPoint"",""coordinates"":[]}"
3606_0,0.27108452,0.6801789,0.2217982,1,24112,"{""type"":""MultiPoint"",""coordinates"":[]}"
3607_0,-0.034803685,0.36100745,0.01175817,1,6515,"{""type"":""MultiPoint"",""coordinates"":[]}"
3608_0,0.054351687,0.12919132,0.10920245,1,18421,"{""type"":""MultiPoint"",""coordinates"":[]}"
3609_0,0.18004933,0.4570552,0.11896349,1,1247,"{""type"":""MultiPoint"",""coordinates"":[]}"
3610_0,0.07936504,0.64383715,0.11923873,1,23095,"{""type"":""MultiPoint"",""coordinates"":[]}"
3611_0,-0.1772087,0.23246217,-0.2620453,1,12437,"{""type"":""MultiPoint"",""coordinates"":[]}"
3612_0,0.045426518,0.24987252,0.027027028,1,6440,"{""type"":""MultiPoint"",""coordinates"":[]}"
3613_0,0.36369047,0.820447,0.38966027,1,7112,"{""type"":""MultiPoint"",""coordinates"":[]}"
3614_0,-0.1357868,0.3621993,-0.1506321,1,23668,"{""type"":""MultiPoint"",""coordinates"":[]}"
3615_0,0.10658615,0.25117493,0.13996035,1,10430,"{""type"":""MultiPoint"",""coordinates"":[]}"
3616_0,-0.12439209,0.4475493,-0.13630353,1,12854,"{""type"":""MultiPoint"",""coordinates"":[]}"
3617_0,-0.20435308,0.33731344,-0.2502092,1,17867,"{""type"":""MultiPoint"",""coordinates"":[]}"
3618_0,-0.10406361,0.44127804,-0.091411464,1,14258,"{""type"":""MultiPoint"",""coordinates"":[]}"
3619_0,-0.14156626,0.35879302,-0.217019,1,21236,"{""type"":""MultiPoint"",""coordinates"":[]}"
3620_0,0.021823473,0.08076863,0.04565886,1,18468,"{""type"":""MultiPoint"",""coordinates"":[]}"
3621_0,-0.10868847,0.39011925,-0.10334253,1,4950,"{""type"":""MultiPoint"",""coordinates"":[]}"
3622_0,-0.058987644,0.38009787,-0.14083298,1,12069,"{""type"":""MultiPoint"",""coordinates"":[]}"
3623_0,0.129449,0.5545003,0.12266394,1,457,"{""type"":""MultiPoint"",""coordinates"":[]}"
3624_0,0.024287222,0.37613982,0.08119403,1,11617,"{""type"":""MultiPoint"",""coordinates"":[]}"
3625_0,0.14141159,0.7128643,0.21524663,1,1106,"{""type"":""MultiPoint"",""coordinates"":[]}"
3626_0,-0.035385124,0.48995343,0.0018442897,1,5815,"{""type"":""MultiPoint"",""coordinates"":[]}"
3627_0,-0.13369323,0.366,-0.14901835,1,24382,"{""type"":""MultiPoint"",""coordinates"":[]}"
3628_0,0.22100212,0.7705558,0.20855443,1,3532,"{""type"":""MultiPoint"",""coordinates"":[]}"
3629_0,-0.2025751,0.28576604,-0.22438279,1,4834,"{""type"":""MultiPoint"",""coordinates"":[]}"
3630_0,-0.09318766,0.4232456,-0.13437812,1,3776,"{""type"":""MultiPoint"",""coordinates"":[]}"
3631_0,0.028540956,0.62014484,0.0029598456,1,7033,"{""type"":""MultiPoint"",""coordinates"":[]}"
3632_0,0.19145873,0.66083544,0.17858964,1,4985,"{""type"":""MultiPoint"",""coordinates"":[]}"
3633_0,0.0048289737,0.5704388,0.006228652,1,20935,"{""type"":""MultiPoint"",""coordinates"":[]}"
3634_0,0.29533282,0.8360656,0.31447712,1,2334,"{""type"":""MultiPoint"",""coordinates"":[]}"
3635_0,0.16074298,0.3106856,0.17858715,1,12101,"{""type"":""MultiPoint"",""coordinates"":[]}"
3636_0,0.016415188,0.18563357,0.024885729,1,19819,"{""type"":""MultiPoint"",""coordinates"":[]}"
3637_0,0.57257146,0.5254237,0.6400385,1,6145,"{""type"":""MultiPoint"",""coordinates"":[]}"
3638_0,0.18815067,0.06438932,0.20845252,1,14228,"{""type"":""MultiPoint"",""coordinates"":[]}"
3639_0,-0.21322803,0.30095476,-0.22136647,1,21148,"{""type"":""MultiPoint"",""coordinates"":[]}"
3640_0,0.1400147,0.58606327,0.1037578,1,24567,"{""type"":""MultiPoint"",""coordinates"":[]}"
3641_0,-0.1403594,0.38299474,-0.18571429,1,15819,"{""type"":""MultiPoint"",""coordinates"":[]}"
3642_0,-0.028648164,0.4252529,-0.09120311,1,22231,"{""type"":""MultiPoint"",""coordinates"":[]}"
3643_0,0.24426103,0.71180934,0.23598436,1,14045,"{""type"":""MultiPoint"",""coordinates"":[]}"
3644_0,0.19689903,0.6428177,0.15289013,1,19017,"{""type"":""MultiPoint"",""coordinates"":[]}"
3645_0,0.37594303,0.80524844,0.40572676,1,15959,"{""type"":""MultiPoint"",""coordinates"":[]}"
3646_0,-0.07806579,0.31801283,-0.0305575,1,4957,"{""type"":""MultiPoint"",""coordinates"":[]}"
3647_0,-0.06993007,0.45472735,-0.037288137,1,7395,"{""type"":""MultiPoint"",""coordinates"":[]}"
3648_0,0.087951474,0.38610747,0.09803922,1,13477,"{""type"":""MultiPoint"",""coordinates"":[]}"
3649_0,0.066470586,0.07713089,0.12069443,1,4336,"{""type"":""MultiPoint"",""coordinates"":[]}"
3650_0,-0.0699109,0.44782406,-0.028571429,1,14927,"{""type"":""MultiPoint"",""coordinates"":[]}"
3651_0,0.01028518,0.42119566,0.022018349,1,16319,"{""type"":""MultiPoint"",""coordinates"":[]}"
3652_0,0.34110263,0.82636654,0.35291782,1,18167,"{""type"":""MultiPoint"",""coordinates"":[]}"
3653_0,0.23765227,0.7701176,0.2877369,1,11467,"{""type"":""MultiPoint"",""coordinates"":[]}"
3654_0,-0.04222222,0.5332429,-0.07078288,1,13766,"{""type"":""MultiPoint"",""coordinates"":[]}"
3655_0,-0.011294453,0.58088523,-0.02529258,1,1012,"{""type"":""MultiPoint"",""coordinates"":[]}"
3656_0,-0.06143001,0.4248366,-0.057171516,1,8344,"{""type"":""MultiPoint"",""coordinates"":[]}"
3657_0,-0.017524024,0.41914722,-0.03557312,1,9033,"{""type"":""MultiPoint"",""coordinates"":[]}"
3658_0,0.31512606,0.73117256,0.29992843,1,5332,"{""type"":""MultiPoint"",""coordinates"":[]}"
3659_0,-0.0061261263,0.5657143,-0.05770887,1,24403,"{""type"":""MultiPoint"",""coordinates"":[]}"
3660_0,0.15834971,0.70671225,0.28608248,1,18966,"{""type"":""MultiPoint"",""coordinates"":[]}"
3661_0,0.09090909,0.4300518,0.05930138,1,25379,"{""type"":""MultiPoint"",""coordinates"":[]}"
3662_0,0.20174652,0.53867644,0.2024543,1,17128,"{""type"":""MultiPoint"",""coordinates"":[]}"
3663_0,0.14354995,0.7691238,0.18051045,1,18976,"{""type"":""MultiPoint"",""coordinates"":[]}"
3664_0,0.021615846,0.35472974,-0.01164273,1,6726,"{""type"":""MultiPoint"",""coordinates"":[]}"
3665_0,0.1448081,0.6544118,0.14241487,1,9791,"{""type"":""MultiPoint"",""coordinates"":[]}"
3666_0,-0.08664356,0.4181818,-0.117219076,1,5324,"{""type"":""MultiPoint"",""coordinates"":[]}"
3667_0,-0.16333999,0.33252868,-0.18761027,1,19793,"{""type"":""MultiPoint"",""coordinates"":[]}"
3668_0,-0.038641397,0.45352113,-0.08456535,1,20210,"{""type"":""MultiPoint"",""coordinates"":[]}"
3669_0,-0.034915395,0.5919483,-0.031228311,1,16895,"{""type"":""MultiPoint"",""coordinates"":[]}"
3670_0,-0.041849222,0.38414633,-0.034890965,1,5979,"{""type"":""MultiPoint"",""coordinates"":[]}"
3671_0,-0.056743205,0.46081954,-0.03462532,1,4953,"{""type"":""MultiPoint"",""coordinates"":[]}"
3672_0,-0.14199395,0.40771028,-0.17431825,1,18672,"{""type"":""MultiPoint"",""coordinates"":[]}"
3673_0,-0.15038002,0.35571095,-0.2367454,1,17861,"{""type"":""MultiPoint"",""coordinates"":[]}"
3674_0,0.033476807,0.4627798,0.07144498,1,25057,"{""type"":""MultiPoint"",""coordinates"":[]}"
3675_0,-0.15586454,0.3364833,-0.10938571,1,17668,"{""type"":""MultiPoint"",""coordinates"":[]}"
3676_0,0.13018867,0.4119403,0.06962664,1,3308,"{""type"":""MultiPoint"",""coordinates"":[]}"
3677_0,-0.04345898,0.41128483,-0.06338822,1,21443,"{""type"":""MultiPoint"",""coordinates"":[]}"
3678_0,0.052809574,0.624355,0.047817048,1,19701,"{""type"":""MultiPoint"",""coordinates"":[]}"
3679_0,0.05566038,0.4517696,0.03284031,1,22769,"{""type"":""MultiPoint"",""coordinates"":[]}"
3680_0,0.12983549,0.6321911,0.18899575,1,708,"{""type"":""MultiPoint"",""coordinates"":[]}"
3681_0,0.15789473,0.67496836,0.14303483,1,10076,"{""type"":""MultiPoint"",""coordinates"":[]}"
3682_0,0.11210762,0.63523215,0.10335917,1,4388,"{""type"":""MultiPoint"",""coordinates"":[]}"
3683_0,-0.0164551,0.55644196,-0.081666276,1,23449,"{""type"":""MultiPoint"",""coordinates"":[]}"
3684_0,-0.18413979,0.43048128,-0.1929587,1,13829,"{""type"":""MultiPoint"",""coordinates"":[]}"
3685_0,0.08910276,0.69405097,0.09257442,1,15024,"{""type"":""MultiPoint"",""coordinates"":[]}"
3686_0,0.042764366,0.6001387,0.07090071,1,24711,"{""type"":""MultiPoint"",""coordinates"":[]}"
3687_0,0.26796842,0.9918367,0.2696456,1,20108,"{""type"":""MultiPoint"",""coordinates"":[]}"
3688_0,-0.012794268,0.1563567,0.1960575,1,4772,"{""type"":""MultiPoint"",""coordinates"":[]}"
3689_0,-0.085504346,0.36506587,-0.061722543,1,11335,"{""type"":""MultiPoint"",""coordinates"":[]}"
3690_0,-0.06804734,0.38561034,-0.11649484,1,11149,"{""type"":""MultiPoint"",""coordinates"":[]}"
3691_0,0.010950195,0.2594611,0.02591241,1,19746,"{""type"":""MultiPoint"",""coordinates"":[]}"
3692_0,0.08551175,0.4097349,0.093862936,1,4704,"{""type"":""MultiPoint"",""coordinates"":[]}"
3693_0,0.16444445,0.47766322,0.1700618,1,13263,"{""type"":""MultiPoint"",""coordinates"":[]}"
3694_0,0.33764467,0.83539385,0.4652377,1,1944,"{""type"":""MultiPoint"",""coordinates"":[]}"
3695_0,-0.06639487,0.4090909,0.007856949,1,14977,"{""type"":""MultiPoint"",""coordinates"":[]}"
3696_0,-0.23442763,0.33235294,-0.26837897,1,15250,"{""type"":""MultiPoint"",""coordinates"":[]}"
3697_0,0.058935363,0.6380894,0.13608794,1,24201,"{""type"":""MultiPoint"",""coordinates"":[]}"
3698_0,-0.20272173,0.24934383,-0.21354167,1,6419,"{""type"":""MultiPoint"",""coordinates"":[]}"
3699_0,0.020241171,0.33887735,0.058166012,1,15076,"{""type"":""MultiPoint"",""coordinates"":[]}"
3700_0,-0.16084874,0.33285663,-0.2074039,1,6455,"{""type"":""MultiPoint"",""coordinates"":[]}"
3701_0,0.049612947,0.24255735,0.03861897,1,19837,"{""type"":""MultiPoint"",""coordinates"":[]}"
3702_0,0.17990896,0.6704231,0.22855449,1,4036,"{""type"":""MultiPoint"",""coordinates"":[]}"
3703_0,-0.2598684,0.29881036,-0.25652716,1,19386,"{""type"":""MultiPoint"",""coordinates"":[]}"
3704_0,-0.08655422,0.53542894,-0.10944335,1,5535,"{""type"":""MultiPoint"",""coordinates"":[]}"
3705_0,-0.06345733,0.433926,-0.0998632,1,23533,"{""type"":""MultiPoint"",""coordinates"":[]}"
3706_0,-0.07636364,0.47517732,-0.10537634,1,11635,"{""type"":""MultiPoint"",""coordinates"":[]}"
3707_0,-0.2149143,0.27656528,-0.22468492,1,6417,"{""type"":""MultiPoint"",""coordinates"":[]}"
3708_0,0.12638456,0.068946496,0.12522514,1,8141,"{""type"":""MultiPoint"",""coordinates"":[]}"
3709_0,-0.056583244,0.3210421,-0.10153148,1,20511,"{""type"":""MultiPoint"",""coordinates"":[]}"
3710_0,-0.10304569,0.44217688,-0.11111111,1,7682,"{""type"":""MultiPoint"",""coordinates"":[]}"
3711_0,0.03671706,0.26668996,0.026200874,1,12649,"{""type"":""MultiPoint"",""coordinates"":[]}"
3712_0,0.040650405,0.4599746,0.036083657,1,14393,"{""type"":""MultiPoint"",""coordinates"":[]}"
3713_0,0.13556579,0.03829132,0.21376811,1,8665,"{""type"":""MultiPoint"",""coordinates"":[]}"
3714_0,0.114754096,0.4945227,0.077738516,1,8972,"{""type"":""MultiPoint"",""coordinates"":[]}"
3715_0,-0.0633479,0.4811494,-0.010551194,1,13551,"{""type"":""MultiPoint"",""coordinates"":[]}"
3716_0,0.13680781,0.50509167,0.0871644,1,7732,"{""type"":""MultiPoint"",""coordinates"":[]}"
3717_0,0.042870287,0.61693746,0.10903646,1,19395,"{""type"":""MultiPoint"",""coordinates"":[]}"
3718_0,0.033492822,0.5752438,0.05209513,1,1423,"{""type"":""MultiPoint"",""coordinates"":[]}"
3719_0,0.13376008,0.60036916,0.15179294,1,15769,"{""type"":""MultiPoint"",""coordinates"":[]}"
3720_0,0.005630355,0.6252677,0.0036363637,1,15929,"{""type"":""MultiPoint"",""coordinates"":[]}"
3721_0,0.0047477745,0.5007595,-0.061728396,1,17426,"{""type"":""MultiPoint"",""coordinates"":[]}"
3722_0,-0.11420252,0.39880952,-0.15621156,1,17013,"{""type"":""MultiPoint"",""coordinates"":[]}"
3723_0,0.2091628,0.7238267,0.13690476,1,701,"{""type"":""MultiPoint"",""coordinates"":[]}"
3724_0,-0.080955364,0.52130413,-0.10753304,1,17890,"{""type"":""MultiPoint"",""coordinates"":[]}"
3725_0,0.08311461,0.61413044,0.0626118,1,25326,"{""type"":""MultiPoint"",""coordinates"":[]}"
3726_0,-0.07692308,0.53892213,-0.013986014,1,19453,"{""type"":""MultiPoint"",""coordinates"":[]}"
3727_0,-0.11597374,0.40123752,-0.16704805,1,16277,"{""type"":""MultiPoint"",""coordinates"":[]}"
3728_0,0.31958175,0.7551312,0.3270431,1,15280,"{""type"":""MultiPoint"",""coordinates"":[]}"
3729_0,0.05490549,0.6728256,0.060057197,1,19667,"{""type"":""MultiPoint"",""coordinates"":[]}"
3730_0,-0.12265512,0.5900277,-0.21904762,1,16228,"{""type"":""MultiPoint"",""coordinates"":[]}"
3731_0,0.2459093,0.66827506,0.25726825,1,2704,"{""type"":""MultiPoint"",""coordinates"":[]}"
3732_0,-0.13988964,0.39363956,-0.20853406,1,9163,"{""type"":""MultiPoint"",""coordinates"":[]}"
3733_0,-0.062144887,0.2846154,-0.083986565,1,9618,"{""type"":""MultiPoint"",""coordinates"":[]}"
3734_0,0.098992705,0.571223,0.006382264,1,24521,"{""type"":""MultiPoint"",""coordinates"":[]}"
3735_0,-0.027989822,0.22129345,0.1984127,1,22028,"{""type"":""MultiPoint"",""coordinates"":[]}"
3736_0,0.021970233,0.076524,0.084880635,1,17776,"{""type"":""MultiPoint"",""coordinates"":[]}"
3737_0,0.16951822,0.38765433,0.18000418,1,1981,"{""type"":""MultiPoint"",""coordinates"":[]}"
3738_0,0.275506,0.8006644,0.3409396,1,4110,"{""type"":""MultiPoint"",""coordinates"":[]}"
3739_0,-0.11210058,0.41659537,-0.08610936,1,3922,"{""type"":""MultiPoint"",""coordinates"":[]}"
3740_0,0.30458403,0.7763751,0.31596527,1,9973,"{""type"":""MultiPoint"",""coordinates"":[]}"
3741_0,-0.13807328,0.4700422,-0.16156283,1,15915,"{""type"":""MultiPoint"",""coordinates"":[]}"
3742_0,-0.09033778,0.46163216,-0.11958914,1,19290,"{""type"":""MultiPoint"",""coordinates"":[]}"
3743_0,-0.06811863,0.28926176,-0.16708861,1,21798,"{""type"":""MultiPoint"",""coordinates"":[]}"
3744_0,-0.09873003,0.3982548,-0.14493063,1,5764,"{""type"":""MultiPoint"",""coordinates"":[]}"
3745_0,0.33259425,0.7664023,0.32918772,1,6035,"{""type"":""MultiPoint"",""coordinates"":[]}"
3746_0,0.14875072,0.5308259,0.11720398,1,5382,"{""type"":""MultiPoint"",""coordinates"":[]}"
3747_0,0.07576894,0.35666418,-0.047975503,1,6390,"{""type"":""MultiPoint"",""coordinates"":[]}"
3748_0,0.37427345,0.7914662,0.35127398,1,11900,"{""type"":""MultiPoint"",""coordinates"":[]}"
3749_0,0.007921333,0.6347359,-0.011699164,1,23005,"{""type"":""MultiPoint"",""coordinates"":[]}"
3750_0,0.101015225,0.6554986,0.07317073,1,15877,"{""type"":""MultiPoint"",""coordinates"":[]}"
3751_0,-0.11675579,0.48552337,-0.06270859,1,20776,"{""type"":""MultiPoint"",""coordinates"":[]}"
3752_0,0.03245644,0.5520535,-0.024609843,1,14994,"{""type"":""MultiPoint"",""coordinates"":[]}"
3753_0,-0.016984766,0.15244162,-0.033819865,1,12811,"{""type"":""MultiPoint"",""coordinates"":[]}"
3754_0,-0.062238492,0.5144893,-0.07659687,1,12860,"{""type"":""MultiPoint"",""coordinates"":[]}"
3755_0,0.054945692,0.5269828,0.09348355,1,5511,"{""type"":""MultiPoint"",""coordinates"":[]}"
3756_0,0.19132829,0.6550349,0.239236,1,19932,"{""type"":""MultiPoint"",""coordinates"":[]}"
3757_0,-0.020783646,0.4502924,-0.04975473,1,2374,"{""type"":""MultiPoint"",""coordinates"":[]}"
3758_0,0.06736527,0.30897608,0.11749429,1,19908,"{""type"":""MultiPoint"",""coordinates"":[]}"
3759_0,0.16790736,0.6906667,0.11521548,1,16070,"{""type"":""MultiPoint"",""coordinates"":[]}"
3760_0,0.21731207,0.74330044,0.20426123,1,20249,"{""type"":""MultiPoint"",""coordinates"":[]}"
3761_0,0.36558774,0.8417778,0.37995338,1,12425,"{""type"":""MultiPoint"",""coordinates"":[]}"
3762_0,-0.17589226,0.3011911,-0.18302071,1,13189,"{""type"":""MultiPoint"",""coordinates"":[]}"
3763_0,-0.10461779,0.3683839,-0.11763368,1,17021,"{""type"":""MultiPoint"",""coordinates"":[]}"
3764_0,0.2893013,0.749004,0.25536174,1,14400,"{""type"":""MultiPoint"",""coordinates"":[]}"
3765_0,0.31792098,0.84611094,0.36059165,1,11418,"{""type"":""MultiPoint"",""coordinates"":[]}"
3766_0,-0.11844197,0.39814815,-0.13239437,1,14760,"{""type"":""MultiPoint"",""coordinates"":[]}"
3767_0,0.24216166,0.4862639,0.22166781,1,9248,"{""type"":""MultiPoint"",""coordinates"":[]}"
3768_0,0.012759413,0.43051112,0.0144473715,1,6206,"{""type"":""MultiPoint"",""coordinates"":[]}"
3769_0,-0.17982031,0.20335133,-0.1725454,1,23377,"{""type"":""MultiPoint"",""coordinates"":[]}"
3770_0,0.23242164,0.72663474,0.24010803,1,20903,"{""type"":""MultiPoint"",""coordinates"":[]}"
3771_0,0.26976627,0.4388602,0.29665628,1,25251,"{""type"":""MultiPoint"",""coordinates"":[]}"
3772_0,-0.15804195,0.3442623,-0.18116976,1,17597,"{""type"":""MultiPoint"",""coordinates"":[]}"
3773_0,-0.0016763777,0.46621382,-0.024346152,1,9682,"{""type"":""MultiPoint"",""coordinates"":[]}"
3774_0,-0.24453609,0.23646724,-0.25463057,1,21247,"{""type"":""MultiPoint"",""coordinates"":[]}"
3775_0,-0.06638024,0.4057635,-0.10507569,1,10191,"{""type"":""MultiPoint"",""coordinates"":[]}"
3776_0,0.118761845,0.60495865,0.13002807,1,1224,"{""type"":""MultiPoint"",""coordinates"":[]}"
3777_0,0.030643074,0.4985591,0.041427277,1,22177,"{""type"":""MultiPoint"",""coordinates"":[]}"
3778_0,0.16025446,0.669708,0.1380597,1,6069,"{""type"":""MultiPoint"",""coordinates"":[]}"
3779_0,-0.1278761,0.35559502,-0.18834499,1,12176,"{""type"":""MultiPoint"",""coordinates"":[]}"
3780_0,0.013593229,0.48598132,0.035633054,1,638,"{""type"":""MultiPoint"",""coordinates"":[]}"
3781_0,-0.11863569,0.39517897,-0.10202094,1,18086,"{""type"":""MultiPoint"",""coordinates"":[]}"
3782_0,-0.057477526,0.3949305,-0.06795048,1,4877,"{""type"":""MultiPoint"",""coordinates"":[]}"
3783_0,0.06675658,0.5592453,0.039135654,1,345,"{""type"":""MultiPoint"",""coordinates"":[]}"
3784_0,-0.028240133,0.21075603,-0.017093394,1,12505,"{""type"":""MultiPoint"",""coordinates"":[]}"
3785_0,-0.025030525,0.3483871,-0.0020889286,1,8105,"{""type"":""MultiPoint"",""coordinates"":[]}"
3786_0,-0.005416559,0.44380403,-0.021863438,1,14971,"{""type"":""MultiPoint"",""coordinates"":[]}"
3787_0,0.25008282,0.7949929,0.21677874,1,20995,"{""type"":""MultiPoint"",""coordinates"":[]}"
3788_0,-0.094520986,0.46364164,-0.15171948,1,22969,"{""type"":""MultiPoint"",""coordinates"":[]}"
3789_0,0.3205425,0.7946768,0.20719178,1,2687,"{""type"":""MultiPoint"",""coordinates"":[]}"
3790_0,0.040878896,0.2737514,0.054398507,1,8951,"{""type"":""MultiPoint"",""coordinates"":[]}"
3791_0,-0.076501235,0.4297597,-0.11851852,1,22122,"{""type"":""MultiPoint"",""coordinates"":[]}"
3792_0,0.04054054,0.20114122,0.009071877,1,12027,"{""type"":""MultiPoint"",""coordinates"":[]}"
3793_0,0.42444524,0.84647447,0.53054327,1,3595,"{""type"":""MultiPoint"",""coordinates"":[]}"
3794_0,0.017700108,0.37219763,0.082438715,1,1034,"{""type"":""MultiPoint"",""coordinates"":[]}"
3795_0,0.0819536,0.6102498,0.08713011,1,23470,"{""type"":""MultiPoint"",""coordinates"":[]}"
3796_0,-0.04421849,0.44033918,-0.027800491,1,16949,"{""type"":""MultiPoint"",""coordinates"":[]}"
3797_0,0.11465962,0.33400974,0.08040201,1,22615,"{""type"":""MultiPoint"",""coordinates"":[]}"
3798_0,0.35754648,0.7350739,0.40104857,1,725,"{""type"":""MultiPoint"",""coordinates"":[]}"
3799_0,0.11857708,0.9592668,0.13814433,1,8477,"{""type"":""MultiPoint"",""coordinates"":[]}"
3800_0,-0.076874,0.4232902,-0.041666668,1,3351,"{""type"":""MultiPoint"",""coordinates"":[]}"
3801_0,0.33508277,0.8567026,0.27322158,1,5464,"{""type"":""MultiPoint"",""coordinates"":[]}"
3802_0,-0.048852265,0.6080402,0.1273666,1,7721,"{""type"":""MultiPoint"",""coordinates"":[]}"
3803_0,-0.19770116,0.30107528,-0.21190974,1,12730,"{""type"":""MultiPoint"",""coordinates"":[]}"
3804_0,0.047361962,0.61129034,0.016111707,1,3381,"{""type"":""MultiPoint"",""coordinates"":[]}"
3805_0,-0.07635207,0.21833138,-0.05694015,1,4814,"{""type"":""MultiPoint"",""coordinates"":[]}"
3806_0,0.12981261,0.48643762,0.1256419,1,24386,"{""type"":""MultiPoint"",""coordinates"":[]}"
3807_0,0.009257444,0.46612194,0.0034800735,1,6148,"{""type"":""MultiPoint"",""coordinates"":[]}"
3808_0,0.08815357,0.12339209,-0.014420062,1,3634,"{""type"":""MultiPoint"",""coordinates"":[]}"
3809_0,-0.083716005,0.4199823,-0.09885387,1,19143,"{""type"":""MultiPoint"",""coordinates"":[]}"
3810_0,0.09651376,0.61616164,0.08573656,1,14205,"{""type"":""MultiPoint"",""coordinates"":[]}"
3811_0,0.013322728,0.3666824,0.08196115,1,24324,"{""type"":""MultiPoint"",""coordinates"":[]}"
3812_0,0.44276902,0.8609929,0.42605013,1,2008,"{""type"":""MultiPoint"",""coordinates"":[]}"
3813_0,-0.089738876,0.4523077,-0.05534548,1,4653,"{""type"":""MultiPoint"",""coordinates"":[]}"
3814_0,0.2581268,0.7355033,0.28601167,1,3522,"{""type"":""MultiPoint"",""coordinates"":[]}"
3815_0,0.2360431,0.6655651,0.23529412,1,1640,"{""type"":""MultiPoint"",""coordinates"":[]}"
3816_0,0.029956551,0.65227723,0.021617293,1,18953,"{""type"":""MultiPoint"",""coordinates"":[]}"
3817_0,-0.05109489,0.45019922,-0.04413274,1,22768,"{""type"":""MultiPoint"",""coordinates"":[]}"
3818_0,0.45757577,1.0,0.40131974,1,10090,"{""type"":""MultiPoint"",""coordinates"":[]}"
3819_0,-0.031055901,0.49840596,-0.079674795,1,4610,"{""type"":""MultiPoint"",""coordinates"":[]}"
3820_0,0.009880708,0.5324102,0.0067679617,1,6173,"{""type"":""MultiPoint"",""coordinates"":[]}"
3821_0,-0.121225774,0.37759337,-0.16207379,1,9426,"{""type"":""MultiPoint"",""coordinates"":[]}"
3822_0,0.005741627,0.3923364,-0.0060518035,1,17756,"{""type"":""MultiPoint"",""coordinates"":[]}"
3823_0,-0.13306452,0.44994944,-0.3227017,1,6689,"{""type"":""MultiPoint"",""coordinates"":[]}"
3824_0,0.18350169,0.7196391,0.1841884,1,10069,"{""type"":""MultiPoint"",""coordinates"":[]}"
3825_0,-0.034548946,0.49008498,-0.10620221,1,5654,"{""type"":""MultiPoint"",""coordinates"":[]}"
3826_0,-0.022960613,0.28252032,0.022650259,1,3287,"{""type"":""MultiPoint"",""coordinates"":[]}"
3827_0,0.086312145,0.7004678,0.089107566,1,2638,"{""type"":""MultiPoint"",""coordinates"":[]}"
3828_0,-0.18775181,0.44416028,-0.18124592,1,8470,"{""type"":""MultiPoint"",""coordinates"":[]}"
3829_0,-0.10728863,0.37320575,-0.048881523,1,22952,"{""type"":""MultiPoint"",""coordinates"":[]}"
3830_0,0.11896002,0.6726987,0.08414075,1,2323,"{""type"":""MultiPoint"",""coordinates"":[]}"
3831_0,0.052941177,0.47940865,0.10433928,1,16235,"{""type"":""MultiPoint"",""coordinates"":[]}"
3832_0,-0.01748512,0.54123574,0.04178748,1,10322,"{""type"":""MultiPoint"",""coordinates"":[]}"
3833_0,0.32828686,0.8106509,0.36687946,1,11396,"{""type"":""MultiPoint"",""coordinates"":[]}"
3834_0,-0.111725226,0.40550134,-0.12097531,1,4424,"{""type"":""MultiPoint"",""coordinates"":[]}"
3835_0,-0.19536598,0.2627451,-0.2482942,1,13469,"{""type"":""MultiPoint"",""coordinates"":[]}"
3836_0,0.18773504,0.72216547,0.111770526,1,6245,"{""type"":""MultiPoint"",""coordinates"":[]}"
3837_0,0.111921586,0.082365364,0.12674698,1,11037,"{""type"":""MultiPoint"",""coordinates"":[]}"
3838_0,-0.1213198,0.32229298,-0.14842735,1,9809,"{""type"":""MultiPoint"",""coordinates"":[]}"
3839_0,-0.03151213,0.25658956,0.013229234,1,13400,"{""type"":""MultiPoint"",""coordinates"":[]}"
3840_0,0.20508099,0.6986785,0.24384935,1,1891,"{""type"":""MultiPoint"",""coordinates"":[]}"
3841_0,-0.062402494,0.4688057,-0.02021403,1,20678,"{""type"":""MultiPoint"",""coordinates"":[]}"
3842_0,0.007086908,0.4838275,-0.030584592,1,6111,"{""type"":""MultiPoint"",""coordinates"":[]}"
3843_0,-0.10055377,0.36933798,-0.09132948,1,21383,"{""type"":""MultiPoint"",""coordinates"":[]}"
3844_0,0.32689273,0.73525125,0.33437306,1,7800,"{""type"":""MultiPoint"",""coordinates"":[]}"
3845_0,0.17509247,0.71505374,0.22908427,1,3422,"{""type"":""MultiPoint"",""coordinates"":[]}"
3846_0,0.0108129755,0.29776675,0.04003109,1,17694,"{""type"":""MultiPoint"",""coordinates"":[]}"
3847_0,-0.10910846,0.37634408,-0.06852713,1,7488,"{""type"":""MultiPoint"",""coordinates"":[]}"
3848_0,-0.013934183,0.5057984,-0.023339318,1,16360,"{""type"":""MultiPoint"",""coordinates"":[]}"
3849_0,0.0037275986,0.43360233,-0.09070034,1,11352,"{""type"":""MultiPoint"",""coordinates"":[]}"
3850_0,-0.010245593,0.04681331,0.020953493,1,4229,"{""type"":""MultiPoint"",""coordinates"":[]}"
3851_0,0.038123168,0.6293485,0.13380282,1,20221,"{""type"":""MultiPoint"",""coordinates"":[]}"
3852_0,0.32103276,0.5104328,0.29849455,1,22162,"{""type"":""MultiPoint"",""coordinates"":[]}"
3853_0,0.08582801,0.17198119,0.14516129,1,17464,"{""type"":""MultiPoint"",""coordinates"":[]}"
3854_0,0.17842324,0.5187166,0.24662162,1,20250,"{""type"":""MultiPoint"",""coordinates"":[]}"
3855_0,0.08384458,0.33113673,0.12597547,1,22702,"{""type"":""MultiPoint"",""coordinates"":[]}"
3856_0,0.047754623,0.5527499,0.087821744,1,25441,"{""type"":""MultiPoint"",""coordinates"":[]}"
3857_0,-0.117127724,0.4222874,-0.14891042,1,9655,"{""type"":""MultiPoint"",""coordinates"":[]}"
3858_0,-0.020930445,0.2112245,0.016119087,1,22089,"{""type"":""MultiPoint"",""coordinates"":[]}"
3859_0,-0.08045045,0.45271415,-0.14044403,1,22807,"{""type"":""MultiPoint"",""coordinates"":[]}"
3860_0,0.32236743,0.83816814,0.29512513,1,9229,"{""type"":""MultiPoint"",""coordinates"":[]}"
3861_0,-0.088336,0.32273027,-0.17525265,1,3277,"{""type"":""MultiPoint"",""coordinates"":[]}"
3862_0,0.30739045,0.7497256,0.2016585,1,16712,"{""type"":""MultiPoint"",""coordinates"":[]}"
3863_0,0.0055312957,0.41738066,0.0084179975,1,18011,"{""type"":""MultiPoint"",""coordinates"":[]}"
3864_0,-0.063646786,0.42436412,-0.16082603,1,5804,"{""type"":""MultiPoint"",""coordinates"":[]}"
3865_0,-0.12347916,0.4005994,-0.12006624,1,22213,"{""type"":""MultiPoint"",""coordinates"":[]}"
3866_0,-0.051512673,0.3715415,-0.13237453,1,20426,"{""type"":""MultiPoint"",""coordinates"":[]}"
3867_0,-0.05934529,0.48693138,-0.07935002,1,23099,"{""type"":""MultiPoint"",""coordinates"":[]}"
3868_0,-0.06411425,0.47727272,-0.1102827,1,8932,"{""type"":""MultiPoint"",""coordinates"":[]}"
3869_0,0.03754966,0.21981722,0.21795273,1,21049,"{""type"":""MultiPoint"",""coordinates"":[]}"
3870_0,-0.088225424,0.41874006,-0.14649682,1,17546,"{""type"":""MultiPoint"",""coordinates"":[]}"
3871_0,0.062200956,0.47013783,0.06443914,1,10290,"{""type"":""MultiPoint"",""coordinates"":[]}"
3872_0,0.3693143,0.84278226,0.33642858,1,18633,"{""type"":""MultiPoint"",""coordinates"":[]}"
3873_0,-0.0694281,0.4979952,-0.09758454,1,616,"{""type"":""MultiPoint"",""coordinates"":[]}"
3874_0,-0.052761342,0.4993895,-0.052956298,1,3690,"{""type"":""MultiPoint"",""coordinates"":[]}"
3875_0,0.05621065,0.25917497,-0.07764706,1,6422,"{""type"":""MultiPoint"",""coordinates"":[]}"
3876_0,-0.0017942584,0.6003797,0.015873017,1,1901,"{""type"":""MultiPoint"",""coordinates"":[]}"
3877_0,-0.14698532,0.42795914,-0.13279247,1,8483,"{""type"":""MultiPoint"",""coordinates"":[]}"
3878_0,0.25604507,0.44860995,0.25656563,1,14048,"{""type"":""MultiPoint"",""coordinates"":[]}"
3879_0,0.32802126,0.7889362,0.3301625,1,408,"{""type"":""MultiPoint"",""coordinates"":[]}"
3880_0,-0.0019695612,0.22599705,0.0062155924,1,9642,"{""type"":""MultiPoint"",""coordinates"":[]}"
3881_0,-0.13237812,0.43045923,-0.19154665,1,22374,"{""type"":""MultiPoint"",""coordinates"":[]}"
3882_0,-0.02020122,0.444575,-0.05638525,1,8688,"{""type"":""MultiPoint"",""coordinates"":[]}"
3883_0,0.2919383,0.80461997,0.3187158,1,20152,"{""type"":""MultiPoint"",""coordinates"":[]}"
3884_0,0.37375128,0.8319483,0.38142225,1,22626,"{""type"":""MultiPoint"",""coordinates"":[]}"
3885_0,0.2522222,0.7529138,0.25263742,1,8290,"{""type"":""MultiPoint"",""coordinates"":[]}"
3886_0,0.050735574,0.53508645,0.077912144,1,22385,"{""type"":""MultiPoint"",""coordinates"":[]}"
3887_0,-0.034499634,0.3822924,-0.020920502,1,1231,"{""type"":""MultiPoint"",""coordinates"":[]}"
3888_0,-0.10092492,0.15598455,-0.107201435,1,531,"{""type"":""MultiPoint"",""coordinates"":[]}"
3889_0,0.43847007,0.83467096,0.3858745,1,2081,"{""type"":""MultiPoint"",""coordinates"":[]}"
3890_0,-0.059365403,0.45808384,-0.037616763,1,15713,"{""type"":""MultiPoint"",""coordinates"":[]}"
3891_0,-0.07901303,0.38436875,-0.1261574,1,21813,"{""type"":""MultiPoint"",""coordinates"":[]}"
3892_0,-0.1433121,0.4506024,-0.14422311,1,5377,"{""type"":""MultiPoint"",""coordinates"":[]}"
3893_0,0.24032855,0.7189441,0.32077333,1,16641,"{""type"":""MultiPoint"",""coordinates"":[]}"
3894_0,0.17016156,0.6362786,0.22204319,1,16206,"{""type"":""MultiPoint"",""coordinates"":[]}"
3895_0,-0.04892368,0.36880544,-0.05814788,1,8042,"{""type"":""MultiPoint"",""coordinates"":[]}"
3896_0,0.1793545,0.72249097,0.29963914,1,20129,"{""type"":""MultiPoint"",""coordinates"":[]}"
3897_0,0.069670446,0.38770455,0.06830515,1,24752,"{""type"":""MultiPoint"",""coordinates"":[]}"
3898_0,-0.15353805,0.39670932,-0.16421424,1,13530,"{""type"":""MultiPoint"",""coordinates"":[]}"
3899_0,0.14014252,0.635468,0.12339384,1,16731,"{""type"":""MultiPoint"",""coordinates"":[]}"
3900_0,0.33462375,0.8523296,0.3304989,1,2862,"{""type"":""MultiPoint"",""coordinates"":[]}"
3901_0,0.050856948,0.7421163,0.043945774,1,23777,"{""type"":""MultiPoint"",""coordinates"":[]}"
3902_0,0.21421649,0.7506874,0.210902,1,7917,"{""type"":""MultiPoint"",""coordinates"":[]}"
3903_0,0.12943283,0.79334444,0.13828263,1,4706,"{""type"":""MultiPoint"",""coordinates"":[]}"
3904_0,-0.041191936,0.4040953,-0.029462738,1,24277,"{""type"":""MultiPoint"",""coordinates"":[]}"
3905_0,0.08855515,0.70788455,0.0961434,1,22835,"{""type"":""MultiPoint"",""coordinates"":[]}"
3906_0,-0.1765201,0.32764748,-0.25493717,1,12348,"{""type"":""MultiPoint"",""coordinates"":[]}"
3907_0,0.0705355,0.6465517,0.014300306,1,19447,"{""type"":""MultiPoint"",""coordinates"":[]}"
3908_0,-0.0456503,0.47293064,-0.0999698,1,6677,"{""type"":""MultiPoint"",""coordinates"":[]}"
3909_0,0.058252428,0.41670236,0.13113353,1,23535,"{""type"":""MultiPoint"",""coordinates"":[]}"
3910_0,0.42491165,0.80994534,0.40203193,1,20996,"{""type"":""MultiPoint"",""coordinates"":[]}"
3911_0,-0.11401099,0.42159522,-0.15292597,1,1687,"{""type"":""MultiPoint"",""coordinates"":[]}"
3912_0,0.15055555,0.6821026,0.18950437,1,10855,"{""type"":""MultiPoint"",""coordinates"":[]}"
3913_0,-0.06106265,0.41721854,-0.14801444,1,6070,"{""type"":""MultiPoint"",""coordinates"":[]}"
3914_0,-0.20455085,0.27193934,-0.24406365,1,10961,"{""type"":""MultiPoint"",""coordinates"":[]}"
3915_0,0.075121075,0.59658724,0.030990299,1,175,"{""type"":""MultiPoint"",""coordinates"":[]}"
3916_0,0.08016529,0.21198468,0.13243432,1,11983,"{""type"":""MultiPoint"",""coordinates"":[]}"
3917_0,0.10548852,0.6543837,0.0624235,1,2617,"{""type"":""MultiPoint"",""coordinates"":[]}"
3918_0,-0.120983936,0.4455814,-0.16586152,1,17855,"{""type"":""MultiPoint"",""coordinates"":[]}"
3919_0,0.12807076,0.62180203,0.06820567,1,13967,"{""type"":""MultiPoint"",""coordinates"":[]}"
3920_0,0.21379818,0.6530904,0.23124725,1,1441,"{""type"":""MultiPoint"",""coordinates"":[]}"
3921_0,0.13139167,0.66206443,0.176072,1,2930,"{""type"":""MultiPoint"",""coordinates"":[]}"
3922_0,-0.054807693,0.3739008,-0.08560119,1,12953,"{""type"":""MultiPoint"",""coordinates"":[]}"
3923_0,0.533433,-0.021294363,0.52635,1,19714,"{""type"":""MultiPoint"",""coordinates"":[]}"
3924_0,0.12215095,0.569863,7.215007E-4,1,4191,"{""type"":""MultiPoint"",""coordinates"":[]}"
3925_0,0.13162161,0.7147155,0.12972906,1,21262,"{""type"":""MultiPoint"",""coordinates"":[]}"
3926_0,0.16250287,0.2752399,0.12100072,1,12252,"{""type"":""MultiPoint"",""coordinates"":[]}"
3927_0,0.5063771,0.88664746,0.46567163,1,16084,"{""type"":""MultiPoint"",""coordinates"":[]}"
3928_0,0.15993285,0.6881443,0.119117476,1,23155,"{""type"":""MultiPoint"",""coordinates"":[]}"
3929_0,-0.19845672,0.394332,-0.18543047,1,18774,"{""type"":""MultiPoint"",""coordinates"":[]}"
3930_0,0.3921732,0.81591266,0.40184048,1,14690,"{""type"":""MultiPoint"",""coordinates"":[]}"
3931_0,-0.07428233,0.3414172,-0.11255954,1,14152,"{""type"":""MultiPoint"",""coordinates"":[]}"
3932_0,-0.08368915,0.33139536,-0.051367026,1,14876,"{""type"":""MultiPoint"",""coordinates"":[]}"
3933_0,0.3733292,0.80384225,0.30364087,1,10838,"{""type"":""MultiPoint"",""coordinates"":[]}"
3934_0,6.5284583E-4,0.42553285,0.026422055,1,20141,"{""type"":""MultiPoint"",""coordinates"":[]}"
3935_0,-0.057607092,0.41581318,-0.08287961,1,14097,"{""type"":""MultiPoint"",""coordinates"":[]}"
3936_0,0.2761253,0.88376224,0.20537087,1,13139,"{""type"":""MultiPoint"",""coordinates"":[]}"
3937_0,0.024216771,0.4218781,-0.042281356,1,2519,"{""type"":""MultiPoint"",""coordinates"":[]}"
3938_0,0.2586121,0.5171411,0.31582585,1,3147,"{""type"":""MultiPoint"",""coordinates"":[]}"
3939_0,-0.03781125,0.35144672,0.05375739,1,8225,"{""type"":""MultiPoint"",""coordinates"":[]}"
3940_0,-0.05953097,0.40936556,-0.09645302,1,19211,"{""type"":""MultiPoint"",""coordinates"":[]}"
3941_0,0.026289683,0.5312989,-0.0015306122,1,9418,"{""type"":""MultiPoint"",""coordinates"":[]}"
3942_0,0.026332244,0.047219306,0.065172434,1,17711,"{""type"":""MultiPoint"",""coordinates"":[]}"
3943_0,-0.13018598,0.53801167,-0.1589404,1,16054,"{""type"":""MultiPoint"",""coordinates"":[]}"
3944_0,0.026355742,0.41465104,-0.060152136,1,21358,"{""type"":""MultiPoint"",""coordinates"":[]}"
3945_0,0.42014155,0.84065706,0.43297994,1,11816,"{""type"":""MultiPoint"",""coordinates"":[]}"
3946_0,0.0672748,0.57522124,-0.031632222,1,22464,"{""type"":""MultiPoint"",""coordinates"":[]}"
3947_0,-0.09135803,0.45182723,-0.104447775,1,19285,"{""type"":""MultiPoint"",""coordinates"":[]}"
3948_0,-0.19749942,0.32930514,-0.24356817,1,5160,"{""type"":""MultiPoint"",""coordinates"":[]}"
3949_0,0.038764086,0.54486346,0.06962785,1,23331,"{""type"":""MultiPoint"",""coordinates"":[]}"
3950_0,-0.017456358,0.6736402,-0.036048066,1,3386,"{""type"":""MultiPoint"",""coordinates"":[]}"
3951_0,-0.12710495,0.39098838,-0.112730585,1,19350,"{""type"":""MultiPoint"",""coordinates"":[]}"
3952_0,0.42113218,0.7592129,0.39979813,1,9384,"{""type"":""MultiPoint"",""coordinates"":[]}"
3953_0,0.44259858,0.86738133,0.48397502,1,1574,"{""type"":""MultiPoint"",""coordinates"":[]}"
3954_0,-0.016951496,0.34734344,-0.06431026,1,23778,"{""type"":""MultiPoint"",""coordinates"":[]}"
3955_0,0.3742652,0.8412017,0.40554285,1,1349,"{""type"":""MultiPoint"",""coordinates"":[]}"
3956_0,0.21220376,0.7090909,0.18653664,1,6876,"{""type"":""MultiPoint"",""coordinates"":[]}"
3957_0,-0.08759124,0.41893643,-0.1888298,1,13727,"{""type"":""MultiPoint"",""coordinates"":[]}"
3958_0,0.20069766,0.72687685,0.257899,1,3486,"{""type"":""MultiPoint"",""coordinates"":[]}"
3959_0,0.35006353,0.79883385,0.4104278,1,22488,"{""type"":""MultiPoint"",""coordinates"":[]}"
3960_0,0.45120227,0.82199764,0.5478562,1,14149,"{""type"":""MultiPoint"",""coordinates"":[]}"
3961_0,-0.008147361,0.5030709,-0.027807873,1,16126,"{""type"":""MultiPoint"",""coordinates"":[]}"
3962_0,0.2921069,0.7933928,0.20886075,1,17381,"{""type"":""MultiPoint"",""coordinates"":[]}"
3963_0,-0.09500388,0.39900166,-0.042246874,1,3223,"{""type"":""MultiPoint"",""coordinates"":[]}"
3964_0,-0.077443756,0.40555403,-0.07189543,1,12810,"{""type"":""MultiPoint"",""coordinates"":[]}"
3965_0,0.3924964,0.8081928,0.37536657,1,265,"{""type"":""MultiPoint"",""coordinates"":[]}"
3966_0,0.41519627,0.7785179,0.40065575,1,833,"{""type"":""MultiPoint"",""coordinates"":[]}"
3967_0,0.08892675,0.55481094,0.09692671,1,21275,"{""type"":""MultiPoint"",""coordinates"":[]}"
3968_0,-0.17368206,0.38802084,-0.20387068,1,23649,"{""type"":""MultiPoint"",""coordinates"":[]}"
3969_0,-0.011317428,0.49458373,-0.019122668,1,20187,"{""type"":""MultiPoint"",""coordinates"":[]}"
3970_0,0.028192371,0.600331,0.13907933,1,4070,"{""type"":""MultiPoint"",""coordinates"":[]}"
3971_0,0.22543326,0.6980461,0.13262461,1,20883,"{""type"":""MultiPoint"",""coordinates"":[]}"
3972_0,0.17380352,0.7007078,0.13518015,1,14723,"{""type"":""MultiPoint"",""coordinates"":[]}"
3973_0,0.11851016,0.7431432,0.08335497,1,22486,"{""type"":""MultiPoint"",""coordinates"":[]}"
3974_0,-0.098121084,0.505618,-0.107368425,1,10671,"{""type"":""MultiPoint"",""coordinates"":[]}"
3975_0,0.042419773,0.4764045,0.014760803,1,16784,"{""type"":""MultiPoint"",""coordinates"":[]}"
3976_0,-0.111379266,0.3346519,-0.1440893,1,7539,"{""type"":""MultiPoint"",""coordinates"":[]}"
3977_0,0.19710515,0.654979,0.21775196,1,12339,"{""type"":""MultiPoint"",""coordinates"":[]}"
3978_0,0.02053232,0.4124594,0.10638298,1,15532,"{""type"":""MultiPoint"",""coordinates"":[]}"
3979_0,-0.09709242,0.46182495,-0.09259259,1,22246,"{""type"":""MultiPoint"",""coordinates"":[]}"
3980_0,-0.11043945,0.35986745,-0.20653068,1,12133,"{""type"":""MultiPoint"",""coordinates"":[]}"
3981_0,-0.03003003,0.4181326,-0.043504715,1,17996,"{""type"":""MultiPoint"",""coordinates"":[]}"
3982_0,0.32078314,0.78929186,0.21596244,1,23143,"{""type"":""MultiPoint"",""coordinates"":[]}"
3983_0,-0.13067982,0.4254317,-0.11902407,1,12403,"{""type"":""MultiPoint"",""coordinates"":[]}"
3984_0,-0.19065705,0.42197618,-0.30369946,1,23109,"{""type"":""MultiPoint"",""coordinates"":[]}"
3985_0,0.09444575,0.25494426,0.12191796,1,5165,"{""type"":""MultiPoint"",""coordinates"":[]}"
3986_0,0.03587563,0.5225806,0.06974359,1,11201,"{""type"":""MultiPoint"",""coordinates"":[]}"
3987_0,-0.049913943,0.23034021,-0.0792987,1,12245,"{""type"":""MultiPoint"",""coordinates"":[]}"
3988_0,0.07597025,0.7192828,0.19746582,1,20911,"{""type"":""MultiPoint"",""coordinates"":[]}"
3989_0,0.100707926,0.67275494,0.051062897,1,2127,"{""type"":""MultiPoint"",""coordinates"":[]}"
3990_0,0.094743095,0.58426005,0.13285917,1,22013,"{""type"":""MultiPoint"",""coordinates"":[]}"
3991_0,0.43993372,0.87161803,0.44590163,1,24003,"{""type"":""MultiPoint"",""coordinates"":[]}"
3992_0,0.036387097,0.5354363,-0.021334792,1,83,"{""type"":""MultiPoint"",""coordinates"":[]}"
3993_0,0.42740566,0.8154392,0.39886147,1,4285,"{""type"":""MultiPoint"",""coordinates"":[]}"
3994_0,0.021345407,0.47236905,0.0062397374,1,5304,"{""type"":""MultiPoint"",""coordinates"":[]}"
3995_0,0.031259302,0.65361804,0.005805072,1,10600,"{""type"":""MultiPoint"",""coordinates"":[]}"
3996_0,-0.1653144,0.37098175,-0.18575852,1,5553,"{""type"":""MultiPoint"",""coordinates"":[]}"
3997_0,0.34973004,0.8714653,0.25344354,1,23808,"{""type"":""MultiPoint"",""coordinates"":[]}"
3998_0,0.22575517,0.77963525,0.23165922,1,7891,"{""type"":""MultiPoint"",""coordinates"":[]}"
3999_0,-0.025312772,0.43333334,-0.10514786,1,12227,"{""type"":""MultiPoint"",""coordinates"":[]}"
4000_0,-0.0882353,0.45471016,-0.11272727,1,14504,"{""type"":""MultiPoint"",""coordinates"":[]}"
4001_0,0.25840047,0.71008974,0.24701671,1,2240,"{""type"":""MultiPoint"",""coordinates"":[]}"
4002_0,-0.032276396,0.25275594,-0.05135013,1,15547,"{""type"":""MultiPoint"",""coordinates"":[]}"
4003_0,0.106641725,0.58181816,0.01211187,1,6024,"{""type"":""MultiPoint"",""coordinates"":[]}"
4004_0,-0.067204304,0.44192505,-0.1357377,1,20325,"{""type"":""MultiPoint"",""coordinates"":[]}"
4005_0,0.3511811,0.8215897,0.43623427,1,18326,"{""type"":""MultiPoint"",""coordinates"":[]}"
4006_0,0.18986636,0.7271062,0.14950761,1,17242,"{""type"":""MultiPoint"",""coordinates"":[]}"
4007_0,0.3404698,0.8051282,0.28150308,1,25500,"{""type"":""MultiPoint"",""coordinates"":[]}"
4008_0,0.18457313,0.44772595,0.26799592,1,6346,"{""type"":""MultiPoint"",""coordinates"":[]}"
4009_0,-0.10232397,0.4880478,-0.12575275,1,9861,"{""type"":""MultiPoint"",""coordinates"":[]}"
4010_0,-0.04080426,0.509901,0.021134594,1,18813,"{""type"":""MultiPoint"",""coordinates"":[]}"
4011_0,0.37848157,0.51376486,0.325819,1,14046,"{""type"":""MultiPoint"",""coordinates"":[]}"
4012_0,0.43797302,0.86091906,0.4539601,1,20256,"{""type"":""MultiPoint"",""coordinates"":[]}"
4013_0,0.44140625,0.9000675,0.44167888,1,1261,"{""type"":""MultiPoint"",""coordinates"":[]}"
4014_0,-0.05581252,0.3794643,-0.11530945,1,24708,"{""type"":""MultiPoint"",""coordinates"":[]}"
4015_0,0.012309208,0.6522702,-0.15088928,1,10663,"{""type"":""MultiPoint"",""coordinates"":[]}"
4016_0,0.020897357,0.5914634,-0.008547009,1,22245,"{""type"":""MultiPoint"",""coordinates"":[]}"
4017_0,0.20736812,0.7180617,0.21242374,1,14748,"{""type"":""MultiPoint"",""coordinates"":[]}"
4018_0,-0.004830918,0.6273955,0.06600808,1,5418,"{""type"":""MultiPoint"",""coordinates"":[]}"
4019_0,-0.11434735,0.37300435,-0.15677492,1,23947,"{""type"":""MultiPoint"",""coordinates"":[]}"
4020_0,0.29745153,0.82044303,0.28346,1,17217,"{""type"":""MultiPoint"",""coordinates"":[]}"
4021_0,-0.051619794,0.36331362,-0.12362115,1,14515,"{""type"":""MultiPoint"",""coordinates"":[]}"
4022_0,-0.04577573,0.40629274,0.022994952,1,15337,"{""type"":""MultiPoint"",""coordinates"":[]}"
4023_0,-0.182014,0.34373716,-0.22865939,1,10341,"{""type"":""MultiPoint"",""coordinates"":[]}"
4024_0,0.07596044,0.6471449,0.05205015,1,15970,"{""type"":""MultiPoint"",""coordinates"":[]}"
4025_0,-0.08831481,0.4390244,-0.0947273,1,18065,"{""type"":""MultiPoint"",""coordinates"":[]}"
4026_0,0.25130755,0.22735809,0.23612861,1,10012,"{""type"":""MultiPoint"",""coordinates"":[]}"
4027_0,0.21864031,0.77897424,0.23702693,1,18795,"{""type"":""MultiPoint"",""coordinates"":[]}"
4028_0,-0.12798409,0.42700547,-0.0858602,1,14503,"{""type"":""MultiPoint"",""coordinates"":[]}"
4029_0,0.16494572,0.71054447,0.18226601,1,24952,"{""type"":""MultiPoint"",""coordinates"":[]}"
4030_0,0.0069222576,0.3255885,0.06586526,1,3110,"{""type"":""MultiPoint"",""coordinates"":[]}"
4031_0,-0.118398346,0.43693963,-0.22820318,1,8810,"{""type"":""MultiPoint"",""coordinates"":[]}"
4032_0,0.32918504,0.7652767,0.37828678,1,25108,"{""type"":""MultiPoint"",""coordinates"":[]}"
4033_0,-0.06690391,0.47472528,-0.092630155,1,16908,"{""type"":""MultiPoint"",""coordinates"":[]}"
4034_0,-0.1836403,0.39202964,-0.2546328,1,8403,"{""type"":""MultiPoint"",""coordinates"":[]}"
4035_0,0.084653266,0.33530572,0.08580594,1,5663,"{""type"":""MultiPoint"",""coordinates"":[]}"
4036_0,0.39842066,0.77687156,0.3583863,1,5339,"{""type"":""MultiPoint"",""coordinates"":[]}"
4037_0,-0.023793787,0.3687975,-0.03994629,1,13656,"{""type"":""MultiPoint"",""coordinates"":[]}"
4038_0,0.03848607,0.5088777,0.0917855,1,424,"{""type"":""MultiPoint"",""coordinates"":[]}"
4039_0,0.07811206,0.52895755,0.030478954,1,24582,"{""type"":""MultiPoint"",""coordinates"":[]}"
4040_0,0.28780833,0.8380593,0.20940273,1,18917,"{""type"":""MultiPoint"",""coordinates"":[]}"
4041_0,-0.022631261,0.41575012,-0.12033443,1,17435,"{""type"":""MultiPoint"",""coordinates"":[]}"
4042_0,-0.18258035,0.31223372,-0.16050439,1,4448,"{""type"":""MultiPoint"",""coordinates"":[]}"
4043_0,-0.031687025,0.41967013,-0.05457671,1,18676,"{""type"":""MultiPoint"",""coordinates"":[]}"
4044_0,-0.04394795,0.0956807,-0.044007156,1,20716,"{""type"":""MultiPoint"",""coordinates"":[]}"
4045_0,-0.059541985,0.50735694,-0.12854442,1,23360,"{""type"":""MultiPoint"",""coordinates"":[]}"
4046_0,0.38025934,0.82741874,0.38414633,1,809,"{""type"":""MultiPoint"",""coordinates"":[]}"
4047_0,-0.013536379,0.5567766,-0.042412817,1,4057,"{""type"":""MultiPoint"",""coordinates"":[]}"
4048_0,-0.11922607,0.41668892,-0.3074343,1,24115,"{""type"":""MultiPoint"",""coordinates"":[]}"
4049_0,0.18696141,0.77666247,0.19495799,1,16068,"{""type"":""MultiPoint"",""coordinates"":[]}"
4050_0,0.16405886,0.75238794,0.11576922,1,13927,"{""type"":""MultiPoint"",""coordinates"":[]}"
4051_0,-0.06663113,0.45843956,-0.057996485,1,6912,"{""type"":""MultiPoint"",""coordinates"":[]}"
4052_0,0.051224943,0.65038794,0.086121835,1,22775,"{""type"":""MultiPoint"",""coordinates"":[]}"
4053_0,0.06236302,0.37235773,0.1399177,1,5325,"{""type"":""MultiPoint"",""coordinates"":[]}"
4054_0,0.30040973,0.6118472,0.30802047,1,3341,"{""type"":""MultiPoint"",""coordinates"":[]}"
4055_0,-0.07882883,0.3505311,0.067185976,1,13437,"{""type"":""MultiPoint"",""coordinates"":[]}"
4056_0,-0.056144956,0.31383812,-0.074923344,1,23036,"{""type"":""MultiPoint"",""coordinates"":[]}"
4057_0,-0.022998296,0.41432583,-0.1287594,1,3794,"{""type"":""MultiPoint"",""coordinates"":[]}"
4058_0,-0.080694586,0.38261738,-0.19836065,1,14321,"{""type"":""MultiPoint"",""coordinates"":[]}"
4059_0,-0.036439355,0.41744447,0.029017312,1,3125,"{""type"":""MultiPoint"",""coordinates"":[]}"
4060_0,-0.13840155,0.31135303,-0.16679841,1,19035,"{""type"":""MultiPoint"",""coordinates"":[]}"
4061_0,-0.031373963,0.29472,0.027657736,1,7285,"{""type"":""MultiPoint"",""coordinates"":[]}"
4062_0,-0.16993682,0.34246576,-0.25093633,1,3387,"{""type"":""MultiPoint"",""coordinates"":[]}"
4063_0,0.48211884,0.87731093,0.42793223,1,812,"{""type"":""MultiPoint"",""coordinates"":[]}"
4064_0,-1.2235409E-4,0.21724223,0.09117189,1,21341,"{""type"":""MultiPoint"",""coordinates"":[]}"
4065_0,0.071899734,0.44563723,0.17757848,1,8761,"{""type"":""MultiPoint"",""coordinates"":[]}"
4066_0,-0.16959314,0.30129126,-0.20176017,1,5857,"{""type"":""MultiPoint"",""coordinates"":[]}"
4067_0,-0.00804757,0.5065652,-0.038288288,1,11096,"{""type"":""MultiPoint"",""coordinates"":[]}"
4068_0,0.1406606,0.6062291,0.1302361,1,18985,"{""type"":""MultiPoint"",""coordinates"":[]}"
4069_0,-0.049009223,0.29486728,-0.09678271,1,15289,"{""type"":""MultiPoint"",""coordinates"":[]}"
4070_0,0.32455564,0.80288184,0.20465116,1,25131,"{""type"":""MultiPoint"",""coordinates"":[]}"
4071_0,0.14093873,0.30041152,0.17991163,1,8149,"{""type"":""MultiPoint"",""coordinates"":[]}"
4072_0,-0.16181774,0.26182073,-0.14938155,1,16161,"{""type"":""MultiPoint"",""coordinates"":[]}"
4073_0,0.044165757,0.54565126,0.046879493,1,24744,"{""type"":""MultiPoint"",""coordinates"":[]}"
4074_0,0.28340864,0.8765579,0.17502788,1,20614,"{""type"":""MultiPoint"",""coordinates"":[]}"
4075_0,-0.033483926,0.5046138,-0.024517536,1,738,"{""type"":""MultiPoint"",""coordinates"":[]}"
4076_0,0.26147124,0.26975945,0.20719312,1,9169,"{""type"":""MultiPoint"",""coordinates"":[]}"
4077_0,0.017004048,-0.0325,0.04265403,1,6258,"{""type"":""MultiPoint"",""coordinates"":[]}"
4078_0,0.27803823,0.7009202,0.37806773,1,945,"{""type"":""MultiPoint"",""coordinates"":[]}"
4079_0,0.09535947,0.6025213,0.05117765,1,18865,"{""type"":""MultiPoint"",""coordinates"":[]}"
4080_0,0.026412027,0.2867725,0.0053741215,1,18462,"{""type"":""MultiPoint"",""coordinates"":[]}"
4081_0,0.26661518,0.69753647,0.2420841,1,22328,"{""type"":""MultiPoint"",""coordinates"":[]}"
4082_0,-0.19729933,0.3338633,-0.25603357,1,21935,"{""type"":""MultiPoint"",""coordinates"":[]}"
4083_0,0.38776618,0.7690239,0.4058836,1,25240,"{""type"":""MultiPoint"",""coordinates"":[]}"
4084_0,0.4283678,0.89904696,0.415417,1,23015,"{""type"":""MultiPoint"",""coordinates"":[]}"
4085_0,0.25195903,0.74201787,0.25443077,1,5128,"{""type"":""MultiPoint"",""coordinates"":[]}"
4086_0,0.18290043,0.17222393,0.0812159,1,8896,"{""type"":""MultiPoint"",""coordinates"":[]}"
4087_0,-0.08075654,0.40811247,-0.069894865,1,23936,"{""type"":""MultiPoint"",""coordinates"":[]}"
4088_0,0.072520964,0.6031632,0.082261585,1,3588,"{""type"":""MultiPoint"",""coordinates"":[]}"
4089_0,-0.04699415,0.4308617,-0.28795812,1,4148,"{""type"":""MultiPoint"",""coordinates"":[]}"
4090_0,-0.13827367,0.257522,-0.09745518,1,11845,"{""type"":""MultiPoint"",""coordinates"":[]}"
4091_0,0.51051956,0.8568966,0.5335516,1,4282,"{""type"":""MultiPoint"",""coordinates"":[]}"
4092_0,0.3312382,0.7745928,0.33039647,1,2608,"{""type"":""MultiPoint"",""coordinates"":[]}"
4093_0,-0.05312367,0.42083082,-0.027326733,1,3921,"{""type"":""MultiPoint"",""coordinates"":[]}"
4094_0,0.14329384,0.69086653,0.084524296,1,19308,"{""type"":""MultiPoint"",""coordinates"":[]}"
4095_0,0.46184972,0.8341463,0.26557666,1,18370,"{""type"":""MultiPoint"",""coordinates"":[]}"
4096_0,0.08525609,0.4779412,0.06427854,1,16889,"{""type"":""MultiPoint"",""coordinates"":[]}"
4097_0,0.036296684,0.30285323,0.016903676,1,10948,"{""type"":""MultiPoint"",""coordinates"":[]}"
4098_0,0.03802733,0.45478722,0.0015257858,1,3128,"{""type"":""MultiPoint"",""coordinates"":[]}"
4099_0,0.0035573863,0.5447942,-0.0059617194,1,6944,"{""type"":""MultiPoint"",""coordinates"":[]}"
4100_0,0.2718861,0.8306189,0.25301206,1,12542,"{""type"":""MultiPoint"",""coordinates"":[]}"
4101_0,0.26107332,0.67010766,0.24968866,1,14053,"{""type"":""MultiPoint"",""coordinates"":[]}"
4102_0,0.14160474,0.67972106,0.12298196,1,1847,"{""type"":""MultiPoint"",""coordinates"":[]}"
4103_0,-0.06202959,0.42868719,-0.12572214,1,14094,"{""type"":""MultiPoint"",""coordinates"":[]}"
4104_0,0.009577795,0.5992421,0.002245749,1,2188,"{""type"":""MultiPoint"",""coordinates"":[]}"
4105_0,-0.20512283,0.30743802,-0.25245097,1,22205,"{""type"":""MultiPoint"",""coordinates"":[]}"
4106_0,0.15561876,0.70966786,0.17837961,1,19912,"{""type"":""MultiPoint"",""coordinates"":[]}"
4107_0,0.05459731,0.069210626,0.06595102,1,16936,"{""type"":""MultiPoint"",""coordinates"":[]}"
4108_0,0.088898554,0.63795066,0.08395306,1,2781,"{""type"":""MultiPoint"",""coordinates"":[]}"
4109_0,-0.15777208,0.33036935,-0.18448637,1,20364,"{""type"":""MultiPoint"",""coordinates"":[]}"
4110_0,0.36933616,0.83187187,0.39009085,1,5045,"{""type"":""MultiPoint"",""coordinates"":[]}"
4111_0,-0.095176846,0.46912444,-0.03588808,1,5975,"{""type"":""MultiPoint"",""coordinates"":[]}"
4112_0,0.027819712,0.40618828,-0.026879271,1,8777,"{""type"":""MultiPoint"",""coordinates"":[]}"
4113_0,-0.009031454,0.5536105,-0.030716723,1,14529,"{""type"":""MultiPoint"",""coordinates"":[]}"
4114_0,0.14257228,0.5586546,0.1532655,1,15617,"{""type"":""MultiPoint"",""coordinates"":[]}"
4115_0,-0.11490816,0.30485436,-0.10969388,1,6628,"{""type"":""MultiPoint"",""coordinates"":[]}"
4116_0,-0.055093873,0.40975192,-0.042579077,1,20657,"{""type"":""MultiPoint"",""coordinates"":[]}"
4117_0,0.0562504,0.61793876,0.03529412,1,25013,"{""type"":""MultiPoint"",""coordinates"":[]}"
4118_0,0.0450034,0.16448152,0.12524389,1,22558,"{""type"":""MultiPoint"",""coordinates"":[]}"
4119_0,0.006840796,0.45376956,-0.08010801,1,14765,"{""type"":""MultiPoint"",""coordinates"":[]}"
4120_0,0.18982083,0.80487806,0.1626409,1,23013,"{""type"":""MultiPoint"",""coordinates"":[]}"
4121_0,0.46920654,0.82002336,0.43992746,1,24045,"{""type"":""MultiPoint"",""coordinates"":[]}"
4122_0,-0.17754635,0.3706607,-0.15372425,1,16537,"{""type"":""MultiPoint"",""coordinates"":[]}"
4123_0,-0.025050389,0.52592593,-0.07493685,1,18182,"{""type"":""MultiPoint"",""coordinates"":[]}"
4124_0,-0.07787151,0.22880273,-0.07057686,1,17930,"{""type"":""MultiPoint"",""coordinates"":[]}"
4125_0,0.1898017,0.13830392,0.16618076,1,12738,"{""type"":""MultiPoint"",""coordinates"":[]}"
4126_0,0.13311476,0.5661588,0.13140604,1,15615,"{""type"":""MultiPoint"",""coordinates"":[]}"
4127_0,-0.075108856,0.39679256,-0.046441816,1,21176,"{""type"":""MultiPoint"",""coordinates"":[]}"
4128_0,-0.018350996,0.46230623,-0.00909992,1,5048,"{""type"":""MultiPoint"",""coordinates"":[]}"
4129_0,0.23344481,0.716545,0.28127939,1,1443,"{""type"":""MultiPoint"",""coordinates"":[]}"
4130_0,-0.050847456,0.3123878,-0.060476482,1,17051,"{""type"":""MultiPoint"",""coordinates"":[]}"
4131_0,0.027828906,0.46597657,0.084199265,1,16656,"{""type"":""MultiPoint"",""coordinates"":[]}"
4132_0,-0.09977733,0.44296578,-0.07792561,1,9112,"{""type"":""MultiPoint"",""coordinates"":[]}"
4133_0,0.3966387,0.8394834,0.42290798,1,5135,"{""type"":""MultiPoint"",""coordinates"":[]}"
4134_0,-0.05813194,0.531151,-0.09090909,1,23853,"{""type"":""MultiPoint"",""coordinates"":[]}"
4135_0,-0.031181619,0.38023952,-0.102141276,1,16719,"{""type"":""MultiPoint"",""coordinates"":[]}"
4136_0,0.28828725,0.20338063,0.21929833,1,15255,"{""type"":""MultiPoint"",""coordinates"":[]}"
4137_0,0.24270073,0.72074467,0.1659836,1,16906,"{""type"":""MultiPoint"",""coordinates"":[]}"
4138_0,0.43676662,0.7966178,0.4499151,1,9356,"{""type"":""MultiPoint"",""coordinates"":[]}"
4139_0,-0.0015194269,0.26542163,-0.015628438,1,15437,"{""type"":""MultiPoint"",""coordinates"":[]}"
4140_0,-0.09155466,0.3517018,-0.06009852,1,3233,"{""type"":""MultiPoint"",""coordinates"":[]}"
4141_0,-0.0788296,0.42711234,-0.08442906,1,21216,"{""type"":""MultiPoint"",""coordinates"":[]}"
4142_0,0.42431983,0.8619064,0.39607996,1,22347,"{""type"":""MultiPoint"",""coordinates"":[]}"
4143_0,-0.018444845,0.59812534,-0.011577424,1,3559,"{""type"":""MultiPoint"",""coordinates"":[]}"
4144_0,0.0065454096,0.52414685,-0.06687621,1,11177,"{""type"":""MultiPoint"",""coordinates"":[]}"
4145_0,0.042132415,0.5143885,0.049082372,1,1174,"{""type"":""MultiPoint"",""coordinates"":[]}"
4146_0,0.020174647,0.4680511,0.03642286,1,18401,"{""type"":""MultiPoint"",""coordinates"":[]}"
4147_0,0.10806917,0.71929824,0.002570694,1,20034,"{""type"":""MultiPoint"",""coordinates"":[]}"
4148_0,0.08114805,0.23044397,0.13770634,1,21093,"{""type"":""MultiPoint"",""coordinates"":[]}"
4149_0,0.11954146,0.5723609,0.146077,1,25160,"{""type"":""MultiPoint"",""coordinates"":[]}"
4150_0,-0.0897502,0.44552898,-0.0022962866,1,13533,"{""type"":""MultiPoint"",""coordinates"":[]}"
4151_0,-0.07550886,0.451005,-0.14076553,1,6879,"{""type"":""MultiPoint"",""coordinates"":[]}"
4152_0,-0.08272583,0.43269232,-0.12294543,1,12129,"{""type"":""MultiPoint"",""coordinates"":[]}"
4153_0,0.18588173,0.6010485,0.1632883,1,11433,"{""type"":""MultiPoint"",""coordinates"":[]}"
4154_0,-0.04537622,0.4465291,-0.07464124,1,18112,"{""type"":""MultiPoint"",""coordinates"":[]}"
4155_0,0.079596974,0.55617195,0.10460251,1,1197,"{""type"":""MultiPoint"",""coordinates"":[]}"
4156_0,-0.180983,0.29694793,-0.21589029,1,16847,"{""type"":""MultiPoint"",""coordinates"":[]}"
4157_0,-0.039729502,0.31846344,-0.10017889,1,14001,"{""type"":""MultiPoint"",""coordinates"":[]}"
4158_0,0.37759227,0.8616312,0.5045258,1,4471,"{""type"":""MultiPoint"",""coordinates"":[]}"
4159_0,0.24130191,0.8052498,0.3383553,1,10127,"{""type"":""MultiPoint"",""coordinates"":[]}"
4160_0,0.28633565,0.3882451,0.3078462,1,554,"{""type"":""MultiPoint"",""coordinates"":[]}"
4161_0,0.08695652,0.85018724,0.13398229,1,23518,"{""type"":""MultiPoint"",""coordinates"":[]}"
4162_0,-0.07506173,0.50545454,-0.08278924,1,24505,"{""type"":""MultiPoint"",""coordinates"":[]}"
4163_0,0.29302353,0.7216204,0.30567598,1,17418,"{""type"":""MultiPoint"",""coordinates"":[]}"
4164_0,0.22557472,0.7602398,0.22707424,1,13958,"{""type"":""MultiPoint"",""coordinates"":[]}"
4165_0,0.4018827,0.85300297,0.492629,1,1206,"{""type"":""MultiPoint"",""coordinates"":[]}"
4166_0,0.15166678,0.638101,0.065472096,1,7748,"{""type"":""MultiPoint"",""coordinates"":[]}"
4167_0,-0.13675383,0.41047043,-0.18410921,1,20915,"{""type"":""MultiPoint"",""coordinates"":[]}"
4168_0,0.12125724,0.4268513,0.09900302,1,17684,"{""type"":""MultiPoint"",""coordinates"":[]}"
4169_0,-0.015511893,0.57084143,-0.030789826,1,3848,"{""type"":""MultiPoint"",""coordinates"":[]}"
4170_0,-0.02457467,0.63975155,-0.0031023785,1,14509,"{""type"":""MultiPoint"",""coordinates"":[]}"
4171_0,-0.04812398,0.3480663,-0.29471034,1,3740,"{""type"":""MultiPoint"",""coordinates"":[]}"
4172_0,0.08770917,0.6450331,0.09404762,1,22730,"{""type"":""MultiPoint"",""coordinates"":[]}"
4173_0,-0.010338094,0.49601334,-0.055828102,1,15625,"{""type"":""MultiPoint"",""coordinates"":[]}"
4174_0,0.1827112,0.4625208,0.20537241,1,25308,"{""type"":""MultiPoint"",""coordinates"":[]}"
4175_0,-0.1352731,0.3846835,-0.14667314,1,14218,"{""type"":""MultiPoint"",""coordinates"":[]}"
4176_0,0.04809537,0.5197901,0.036410496,1,24486,"{""type"":""MultiPoint"",""coordinates"":[]}"
4177_0,-0.12679163,0.39389312,-0.16640036,1,13740,"{""type"":""MultiPoint"",""coordinates"":[]}"
4178_0,-0.055655297,0.44072947,-0.13865271,1,15739,"{""type"":""MultiPoint"",""coordinates"":[]}"
4179_0,-0.029760337,0.52190477,-0.08641289,1,24315,"{""type"":""MultiPoint"",""coordinates"":[]}"
4180_0,0.17640153,0.6899911,0.14103788,1,22437,"{""type"":""MultiPoint"",""coordinates"":[]}"
4181_0,-0.20431297,0.34647888,-0.24457143,1,24803,"{""type"":""MultiPoint"",""coordinates"":[]}"
4182_0,0.073096424,0.4799654,0.08275565,1,1572,"{""type"":""MultiPoint"",""coordinates"":[]}"
4183_0,0.363045,0.8413558,0.30569577,1,8454,"{""type"":""MultiPoint"",""coordinates"":[]}"
4184_0,0.16489846,0.11094696,0.1558143,1,13442,"{""type"":""MultiPoint"",""coordinates"":[]}"
4185_0,0.2721503,0.6083011,0.32433382,1,7937,"{""type"":""MultiPoint"",""coordinates"":[]}"
4186_0,0.33662704,0.83348584,0.39613903,1,6133,"{""type"":""MultiPoint"",""coordinates"":[]}"
4187_0,-3.023889E-4,0.48958334,-0.07752443,1,9409,"{""type"":""MultiPoint"",""coordinates"":[]}"
4188_0,-0.04170213,0.55230355,-0.051355205,1,13043,"{""type"":""MultiPoint"",""coordinates"":[]}"
4189_0,0.14796238,0.7105263,0.15719801,1,820,"{""type"":""MultiPoint"",""coordinates"":[]}"
4190_0,-0.11970443,0.38434538,-0.08702641,1,6730,"{""type"":""MultiPoint"",""coordinates"":[]}"
4191_0,0.2563723,0.75545913,0.29265717,1,744,"{""type"":""MultiPoint"",""coordinates"":[]}"
4192_0,0.2384505,0.8082766,0.14469868,1,15396,"{""type"":""MultiPoint"",""coordinates"":[]}"
4193_0,0.1918522,0.23369566,0.17822737,1,8124,"{""type"":""MultiPoint"",""coordinates"":[]}"
4194_0,-0.099417634,0.46244252,-0.07767584,1,15755,"{""type"":""MultiPoint"",""coordinates"":[]}"
4195_0,0.24734811,0.57772624,0.26511627,1,19674,"{""type"":""MultiPoint"",""coordinates"":[]}"
4196_0,-0.103911266,0.35659847,-0.05583473,1,3288,"{""type"":""MultiPoint"",""coordinates"":[]}"
4197_0,-0.12537764,0.35470527,-0.14732006,1,7719,"{""type"":""MultiPoint"",""coordinates"":[]}"
4198_0,0.2063211,0.028243963,0.23364258,1,9559,"{""type"":""MultiPoint"",""coordinates"":[]}"
4199_0,-0.14964253,0.36153418,-0.18285565,1,12801,"{""type"":""MultiPoint"",""coordinates"":[]}"
4200_0,-0.060169492,0.41322044,-0.07106164,1,4273,"{""type"":""MultiPoint"",""coordinates"":[]}"
4201_0,0.1465514,0.67856544,0.14539804,1,2165,"{""type"":""MultiPoint"",""coordinates"":[]}"
4202_0,-0.18131031,0.3703226,-0.2165272,1,20379,"{""type"":""MultiPoint"",""coordinates"":[]}"
4203_0,-0.084474094,0.4344944,-0.09173559,1,1584,"{""type"":""MultiPoint"",""coordinates"":[]}"
4204_0,0.002389169,0.35127676,-0.008859061,1,8889,"{""type"":""MultiPoint"",""coordinates"":[]}"
4205_0,-0.11953521,0.36111975,-0.13833094,1,15311,"{""type"":""MultiPoint"",""coordinates"":[]}"
4206_0,0.23455979,0.7397397,0.12972085,1,16050,"{""type"":""MultiPoint"",""coordinates"":[]}"
4207_0,-0.035703387,0.39982426,-0.030503979,1,7168,"{""type"":""MultiPoint"",""coordinates"":[]}"
4208_0,0.14002146,0.46935934,0.13654727,1,11512,"{""type"":""MultiPoint"",""coordinates"":[]}"
4209_0,0.32685888,0.8049104,0.39679086,1,24917,"{""type"":""MultiPoint"",""coordinates"":[]}"
4210_0,0.3654181,0.83632284,0.38432285,1,12590,"{""type"":""MultiPoint"",""coordinates"":[]}"
4211_0,0.35968852,0.8185825,0.3679558,1,11548,"{""type"":""MultiPoint"",""coordinates"":[]}"
4212_0,0.35064527,0.7893922,0.315138,1,18897,"{""type"":""MultiPoint"",""coordinates"":[]}"
4213_0,0.20037279,0.7457694,0.26562053,1,23029,"{""type"":""MultiPoint"",""coordinates"":[]}"
4214_0,-0.08232345,0.47048083,-0.07112649,1,11224,"{""type"":""MultiPoint"",""coordinates"":[]}"
4215_0,0.12418301,0.60564625,0.04166976,1,9189,"{""type"":""MultiPoint"",""coordinates"":[]}"
4216_0,0.35474005,0.8384146,0.19503722,1,10868,"{""type"":""MultiPoint"",""coordinates"":[]}"
4217_0,0.035873458,0.22585669,0.061050236,1,17460,"{""type"":""MultiPoint"",""coordinates"":[]}"
4218_0,-0.06654598,0.38073102,-0.04654669,1,7003,"{""type"":""MultiPoint"",""coordinates"":[]}"
4219_0,0.3203935,0.41539693,0.31096455,1,22502,"{""type"":""MultiPoint"",""coordinates"":[]}"
4220_0,0.24470443,0.7955155,0.25596133,1,11385,"{""type"":""MultiPoint"",""coordinates"":[]}"
4221_0,-0.03577926,0.46321148,-0.03861356,1,17099,"{""type"":""MultiPoint"",""coordinates"":[]}"
4222_0,-0.011343584,0.47773585,-0.056583818,1,21560,"{""type"":""MultiPoint"",""coordinates"":[]}"
4223_0,0.23788546,0.6862442,0.22638927,1,2238,"{""type"":""MultiPoint"",""coordinates"":[]}"
4224_0,0.06969697,0.33226582,0.0403251,1,4201,"{""type"":""MultiPoint"",""coordinates"":[]}"
4225_0,-0.10433763,0.413184,-0.12428408,1,3847,"{""type"":""MultiPoint"",""coordinates"":[]}"
4226_0,-0.0659597,0.30129623,-0.08812665,1,11222,"{""type"":""MultiPoint"",""coordinates"":[]}"
4227_0,0.049025398,0.6190024,0.042588193,1,5042,"{""type"":""MultiPoint"",""coordinates"":[]}"
4228_0,-0.1925264,0.38122067,-0.19901988,1,3702,"{""type"":""MultiPoint"",""coordinates"":[]}"
4229_0,0.325625,0.75988066,0.33597508,1,20070,"{""type"":""MultiPoint"",""coordinates"":[]}"
4230_0,0.29114482,0.4555052,0.14072183,1,2571,"{""type"":""MultiPoint"",""coordinates"":[]}"
4231_0,0.038732395,0.5061296,0.035903472,1,18127,"{""type"":""MultiPoint"",""coordinates"":[]}"
4232_0,0.15789473,0.6455246,0.3075836,1,1338,"{""type"":""MultiPoint"",""coordinates"":[]}"
4233_0,0.10989441,0.58696795,0.14048338,1,24761,"{""type"":""MultiPoint"",""coordinates"":[]}"
4234_0,0.3411201,0.77675134,0.30417228,1,25493,"{""type"":""MultiPoint"",""coordinates"":[]}"
4235_0,0.06162221,0.20949432,0.102701575,1,11611,"{""type"":""MultiPoint"",""coordinates"":[]}"
4236_0,-0.08768267,0.38478145,-0.0678053,1,8641,"{""type"":""MultiPoint"",""coordinates"":[]}"
4237_0,-0.10665259,0.40127388,-0.19817074,1,21519,"{""type"":""MultiPoint"",""coordinates"":[]}"
4238_0,-0.060085837,0.5025754,-0.10111011,1,12900,"{""type"":""MultiPoint"",""coordinates"":[]}"
4239_0,-0.11414119,0.35366738,-0.12890095,1,14255,"{""type"":""MultiPoint"",""coordinates"":[]}"
4240_0,-0.08878985,0.3753281,-0.080404684,1,20591,"{""type"":""MultiPoint"",""coordinates"":[]}"
4241_0,-0.24473877,0.26615554,-0.25981197,1,11535,"{""type"":""MultiPoint"",""coordinates"":[]}"
4242_0,-0.079065375,0.46629438,-0.13890842,1,1807,"{""type"":""MultiPoint"",""coordinates"":[]}"
4243_0,0.24871783,0.6557397,0.26241186,1,11466,"{""type"":""MultiPoint"",""coordinates"":[]}"
4244_0,0.055087987,0.2793411,0.08950477,1,25268,"{""type"":""MultiPoint"",""coordinates"":[]}"
4245_0,-0.16319238,0.4002181,-0.12204352,1,20684,"{""type"":""MultiPoint"",""coordinates"":[]}"
4246_0,-0.14042172,0.3627451,-0.15808655,1,7174,"{""type"":""MultiPoint"",""coordinates"":[]}"
4247_0,-0.007956104,0.49022675,0.059032176,1,22228,"{""type"":""MultiPoint"",""coordinates"":[]}"
4248_0,-0.18930213,0.3124394,-0.2115794,1,5215,"{""type"":""MultiPoint"",""coordinates"":[]}"
4249_0,0.30016226,0.77249575,0.08248641,1,11507,"{""type"":""MultiPoint"",""coordinates"":[]}"
4250_0,-0.051628765,0.34469855,-0.10519187,1,20438,"{""type"":""MultiPoint"",""coordinates"":[]}"
4251_0,0.0041976105,0.46766436,-0.03173484,1,16208,"{""type"":""MultiPoint"",""coordinates"":[]}"
4252_0,-0.07104386,0.43560934,-0.08835027,1,22129,"{""type"":""MultiPoint"",""coordinates"":[]}"
4253_0,-0.04167522,0.38989168,-0.009548611,1,4528,"{""type"":""MultiPoint"",""coordinates"":[]}"
4254_0,0.07906626,0.263849,0.10711718,1,7178,"{""type"":""MultiPoint"",""coordinates"":[]}"
4255_0,0.053067993,0.5947136,0.06312685,1,344,"{""type"":""MultiPoint"",""coordinates"":[]}"
4256_0,-0.06612996,0.4142218,-0.13186814,1,16291,"{""type"":""MultiPoint"",""coordinates"":[]}"
4257_0,0.26719838,0.7204892,0.28631556,1,12624,"{""type"":""MultiPoint"",""coordinates"":[]}"
4258_0,0.17564586,0.71894956,0.20089693,1,25426,"{""type"":""MultiPoint"",""coordinates"":[]}"
4259_0,0.21667847,0.7675554,0.32894915,1,3494,"{""type"":""MultiPoint"",""coordinates"":[]}"
4260_0,0.058470763,0.5317201,0.106279016,1,15851,"{""type"":""MultiPoint"",""coordinates"":[]}"
4261_0,-0.009610521,0.29218647,-0.0070635723,1,10384,"{""type"":""MultiPoint"",""coordinates"":[]}"
4262_0,0.010807736,0.48990434,-0.19724613,1,13681,"{""type"":""MultiPoint"",""coordinates"":[]}"
4263_0,-0.003474635,0.26710945,-0.09991603,1,7220,"{""type"":""MultiPoint"",""coordinates"":[]}"
4264_0,-0.015065885,0.49967346,-0.07464209,1,13202,"{""type"":""MultiPoint"",""coordinates"":[]}"
4265_0,0.02907489,0.5873016,-0.06050357,1,20965,"{""type"":""MultiPoint"",""coordinates"":[]}"
4266_0,-0.047375888,0.5493311,0.0018924034,1,1704,"{""type"":""MultiPoint"",""coordinates"":[]}"
4267_0,-0.1167343,0.30764705,-0.10774331,1,17788,"{""type"":""MultiPoint"",""coordinates"":[]}"
4268_0,0.10262172,0.5755102,0.18734178,1,8474,"{""type"":""MultiPoint"",""coordinates"":[]}"
4269_0,0.13294117,0.03039781,0.10503946,1,12675,"{""type"":""MultiPoint"",""coordinates"":[]}"
4270_0,0.068737864,0.4852941,0.045382164,1,25254,"{""type"":""MultiPoint"",""coordinates"":[]}"
4271_0,-0.018794648,0.44180498,-0.05404313,1,12215,"{""type"":""MultiPoint"",""coordinates"":[]}"
4272_0,3.1279324E-4,0.4526515,-0.058278147,1,4152,"{""type"":""MultiPoint"",""coordinates"":[]}"
4273_0,0.03015873,0.5195599,0.054945055,1,5862,"{""type"":""MultiPoint"",""coordinates"":[]}"
4274_0,-0.16487902,0.43443355,-0.16546044,1,20791,"{""type"":""MultiPoint"",""coordinates"":[]}"
4275_0,-0.06550449,0.4176,-0.044184864,1,15099,"{""type"":""MultiPoint"",""coordinates"":[]}"
4276_0,0.09380275,0.25181794,0.13094221,1,25037,"{""type"":""MultiPoint"",""coordinates"":[]}"
4277_0,0.008823471,0.5669363,0.010706639,1,720,"{""type"":""MultiPoint"",""coordinates"":[]}"
4278_0,-0.07114094,0.4767616,-0.07614213,1,9048,"{""type"":""MultiPoint"",""coordinates"":[]}"
4279_0,0.42163718,0.8357488,0.42404228,1,14735,"{""type"":""MultiPoint"",""coordinates"":[]}"
4280_0,0.07439613,0.37454164,0.12957382,1,8008,"{""type"":""MultiPoint"",""coordinates"":[]}"
4281_0,0.089248896,0.7217598,-0.004654493,1,16726,"{""type"":""MultiPoint"",""coordinates"":[]}"
4282_0,0.36867306,0.84695655,0.3792278,1,23156,"{""type"":""MultiPoint"",""coordinates"":[]}"
4283_0,0.4958979,0.86681974,0.45614034,1,9037,"{""type"":""MultiPoint"",""coordinates"":[]}"
4284_0,-0.07051745,0.38613862,-0.107569724,1,15544,"{""type"":""MultiPoint"",""coordinates"":[]}"
4285_0,-0.108972594,0.43727872,-0.086512886,1,3699,"{""type"":""MultiPoint"",""coordinates"":[]}"
4286_0,0.058940906,0.5622557,0.058612194,1,23888,"{""type"":""MultiPoint"",""coordinates"":[]}"
4287_0,0.13286744,0.61011314,0.15833835,1,21626,"{""type"":""MultiPoint"",""coordinates"":[]}"
4288_0,0.010220903,0.15308963,0.017187756,1,23285,"{""type"":""MultiPoint"",""coordinates"":[]}"
4289_0,0.29308277,0.75669473,0.33333334,1,15375,"{""type"":""MultiPoint"",""coordinates"":[]}"
4290_0,0.36309913,0.8358192,0.41316718,1,17219,"{""type"":""MultiPoint"",""coordinates"":[]}"
4291_0,0.14125638,0.6862679,0.16071095,1,5523,"{""type"":""MultiPoint"",""coordinates"":[]}"
4292_0,-0.11267156,0.44966444,-0.14708786,1,3448,"{""type"":""MultiPoint"",""coordinates"":[]}"
4293_0,0.036326397,0.5320262,0.17907445,1,11124,"{""type"":""MultiPoint"",""coordinates"":[]}"
4294_0,-0.16707982,0.35253772,-0.13582955,1,22202,"{""type"":""MultiPoint"",""coordinates"":[]}"
4295_0,-0.12456469,0.3560738,-0.14542975,1,5762,"{""type"":""MultiPoint"",""coordinates"":[]}"
4296_0,-0.097881466,0.43408716,-0.22318494,1,11919,"{""type"":""MultiPoint"",""coordinates"":[]}"
4297_0,0.066578336,0.5987526,0.043773327,1,3165,"{""type"":""MultiPoint"",""coordinates"":[]}"
4298_0,0.0652578,0.6020779,0.05178048,1,9622,"{""type"":""MultiPoint"",""coordinates"":[]}"
4299_0,0.3063305,0.6790841,0.2448492,1,24570,"{""type"":""MultiPoint"",""coordinates"":[]}"
4300_0,0.05285935,0.59343547,0.026423832,1,25170,"{""type"":""MultiPoint"",""coordinates"":[]}"
4301_0,0.29291973,0.8026853,0.34817725,1,2074,"{""type"":""MultiPoint"",""coordinates"":[]}"
4302_0,0.2137918,0.01881838,0.21438695,1,18486,"{""type"":""MultiPoint"",""coordinates"":[]}"
4303_0,0.14156707,0.79956234,0.119825706,1,19597,"{""type"":""MultiPoint"",""coordinates"":[]}"
4304_0,-0.050069265,0.21052632,-0.08131241,1,8735,"{""type"":""MultiPoint"",""coordinates"":[]}"
4305_0,0.091219835,0.6321376,0.14552549,1,6198,"{""type"":""MultiPoint"",""coordinates"":[]}"
4306_0,0.21675774,0.47795194,0.20435855,1,25002,"{""type"":""MultiPoint"",""coordinates"":[]}"
4307_0,0.05387883,0.3300585,0.085793056,1,4256,"{""type"":""MultiPoint"",""coordinates"":[]}"
4308_0,-0.122551255,0.3103918,-0.18378608,1,4579,"{""type"":""MultiPoint"",""coordinates"":[]}"
4309_0,0.042056076,0.27089947,0.040145986,1,3658,"{""type"":""MultiPoint"",""coordinates"":[]}"
4310_0,0.2029871,0.7418756,0.21646273,1,257,"{""type"":""MultiPoint"",""coordinates"":[]}"
4311_0,0.3828877,0.8276699,0.41732284,1,2202,"{""type"":""MultiPoint"",""coordinates"":[]}"
4312_0,0.32263815,0.78173304,0.36666667,1,9770,"{""type"":""MultiPoint"",""coordinates"":[]}"
4313_0,-0.08580886,0.46218804,-0.0575159,1,13885,"{""type"":""MultiPoint"",""coordinates"":[]}"
4314_0,0.44081172,0.07651715,0.4647482,1,18839,"{""type"":""MultiPoint"",""coordinates"":[]}"
4315_0,0.1171071,0.708377,0.11485156,1,16623,"{""type"":""MultiPoint"",""coordinates"":[]}"
4316_0,-0.029630857,0.49507666,-0.031295255,1,22334,"{""type"":""MultiPoint"",""coordinates"":[]}"
4317_0,0.39707536,0.8018416,0.32705587,1,11896,"{""type"":""MultiPoint"",""coordinates"":[]}"
4318_0,0.09451852,0.63976705,0.092688896,1,19924,"{""type"":""MultiPoint"",""coordinates"":[]}"
4319_0,-0.07732181,0.49757373,-0.102661595,1,23337,"{""type"":""MultiPoint"",""coordinates"":[]}"
4320_0,-0.055364117,0.3921075,-0.11158683,1,21238,"{""type"":""MultiPoint"",""coordinates"":[]}"
4321_0,0.16745225,0.6014572,0.13415892,1,5460,"{""type"":""MultiPoint"",""coordinates"":[]}"
4322_0,0.087893866,0.70800626,-0.007663674,1,19636,"{""type"":""MultiPoint"",""coordinates"":[]}"
4323_0,0.03683995,0.41019955,-0.0066310163,1,22793,"{""type"":""MultiPoint"",""coordinates"":[]}"
4324_0,-0.02067336,0.49317738,-0.026683608,1,484,"{""type"":""MultiPoint"",""coordinates"":[]}"
4325_0,-0.11366154,0.46749222,-0.10980922,1,7757,"{""type"":""MultiPoint"",""coordinates"":[]}"
4326_0,0.34199733,0.82449234,0.3641359,1,359,"{""type"":""MultiPoint"",""coordinates"":[]}"
4327_0,-0.086391866,0.18266645,-0.09039388,1,3733,"{""type"":""MultiPoint"",""coordinates"":[]}"
4328_0,-0.16828886,0.34982935,-0.2102781,1,19598,"{""type"":""MultiPoint"",""coordinates"":[]}"
4329_0,0.17277147,0.7750511,-0.025363825,1,10854,"{""type"":""MultiPoint"",""coordinates"":[]}"
4330_0,0.07324017,0.04752919,-0.023581535,1,9463,"{""type"":""MultiPoint"",""coordinates"":[]}"
4331_0,0.2965601,0.7639312,0.21225402,1,25425,"{""type"":""MultiPoint"",""coordinates"":[]}"
4332_0,-0.14991839,0.40123457,-0.13150173,1,17577,"{""type"":""MultiPoint"",""coordinates"":[]}"
4333_0,0.004907647,0.43427393,0.013097345,1,11269,"{""type"":""MultiPoint"",""coordinates"":[]}"
4334_0,3.3385295E-4,0.43296668,0.023689253,1,2527,"{""type"":""MultiPoint"",""coordinates"":[]}"
4335_0,0.21864952,0.53133273,0.2566534,1,22876,"{""type"":""MultiPoint"",""coordinates"":[]}"
4336_0,0.20541354,0.48785046,0.20397711,1,14314,"{""type"":""MultiPoint"",""coordinates"":[]}"
4337_0,0.29931036,0.7887971,0.31674513,1,15763,"{""type"":""MultiPoint"",""coordinates"":[]}"
4338_0,-0.17894162,0.43695015,-0.21746074,1,23906,"{""type"":""MultiPoint"",""coordinates"":[]}"
4339_0,0.08723509,0.13163784,0.09197882,1,22605,"{""type"":""MultiPoint"",""coordinates"":[]}"
4340_0,0.3824131,0.78186595,0.4672811,1,2450,"{""type"":""MultiPoint"",""coordinates"":[]}"
4341_0,-0.1331778,0.3983808,-0.13866422,1,6517,"{""type"":""MultiPoint"",""coordinates"":[]}"
4342_0,0.27636045,0.6890983,0.27309698,1,24572,"{""type"":""MultiPoint"",""coordinates"":[]}"
4343_0,-0.07537012,0.25130728,-0.081922814,1,19034,"{""type"":""MultiPoint"",""coordinates"":[]}"
4344_0,-0.09770556,0.35764468,-0.07751282,1,24269,"{""type"":""MultiPoint"",""coordinates"":[]}"
4345_0,-0.1326773,0.2920143,-0.07165287,1,5262,"{""type"":""MultiPoint"",""coordinates"":[]}"
4346_0,0.07361268,0.6534428,0.07561541,1,14913,"{""type"":""MultiPoint"",""coordinates"":[]}"
4347_0,-0.08560936,0.40880504,-0.13838749,1,5771,"{""type"":""MultiPoint"",""coordinates"":[]}"
4348_0,0.40350878,0.89382446,0.4861619,1,6933,"{""type"":""MultiPoint"",""coordinates"":[]}"
4349_0,-0.056,0.55950755,-0.055893745,1,15714,"{""type"":""MultiPoint"",""coordinates"":[]}"
4350_0,0.0064171124,0.5437822,0.010989011,1,3566,"{""type"":""MultiPoint"",""coordinates"":[]}"
4351_0,-0.19867377,0.37155363,-0.24894542,1,7781,"{""type"":""MultiPoint"",""coordinates"":[]}"
4352_0,-0.050583657,0.39130434,-0.105365224,1,8891,"{""type"":""MultiPoint"",""coordinates"":[]}"
4353_0,0.3613707,0.8254586,0.34409842,1,8570,"{""type"":""MultiPoint"",""coordinates"":[]}"
4354_0,0.059462357,0.089969866,0.02624073,1,12741,"{""type"":""MultiPoint"",""coordinates"":[]}"
4355_0,-0.07893101,0.47774482,-0.04515352,1,6137,"{""type"":""MultiPoint"",""coordinates"":[]}"
4356_0,0.10232158,0.6424816,0.11651179,1,766,"{""type"":""MultiPoint"",""coordinates"":[]}"
4357_0,0.096503004,0.5226358,0.083488174,1,25417,"{""type"":""MultiPoint"",""coordinates"":[]}"
4358_0,0.4101488,0.83072776,0.39618233,1,803,"{""type"":""MultiPoint"",""coordinates"":[]}"
4359_0,-0.002057613,0.48290908,-0.0885114,1,8310,"{""type"":""MultiPoint"",""coordinates"":[]}"
4360_0,0.2859145,0.7736585,0.23421589,1,334,"{""type"":""MultiPoint"",""coordinates"":[]}"
4361_0,0.108841956,0.61603373,0.100838326,1,7456,"{""type"":""MultiPoint"",""coordinates"":[]}"
4362_0,-0.10629723,0.19949228,-0.17579487,1,14111,"{""type"":""MultiPoint"",""coordinates"":[]}"
4363_0,-0.116309576,0.32717678,-0.17460318,1,8022,"{""type"":""MultiPoint"",""coordinates"":[]}"
4364_0,-0.07554912,0.43456614,-0.123512514,1,22871,"{""type"":""MultiPoint"",""coordinates"":[]}"
4365_0,0.29525313,0.86387974,0.22027075,1,4469,"{""type"":""MultiPoint"",""coordinates"":[]}"
4366_0,0.010016695,0.39255583,0.031204052,1,3689,"{""type"":""MultiPoint"",""coordinates"":[]}"
4367_0,0.44593388,0.83789366,0.45470536,1,10829,"{""type"":""MultiPoint"",""coordinates"":[]}"
4368_0,0.0077271517,0.44644913,-0.028076744,1,11056,"{""type"":""MultiPoint"",""coordinates"":[]}"
4369_0,0.2674384,0.7874274,0.30478874,1,1061,"{""type"":""MultiPoint"",""coordinates"":[]}"
4370_0,-0.0568306,0.46260387,-0.006243496,1,3369,"{""type"":""MultiPoint"",""coordinates"":[]}"
4371_0,0.11886703,0.61964,0.10385383,1,5140,"{""type"":""MultiPoint"",""coordinates"":[]}"
4372_0,0.467878,0.023099246,0.47221625,1,14076,"{""type"":""MultiPoint"",""coordinates"":[]}"
4373_0,-0.025423728,0.5185031,0.003021148,1,19276,"{""type"":""MultiPoint"",""coordinates"":[]}"
4374_0,0.35511607,0.73818576,0.3617021,1,12557,"{""type"":""MultiPoint"",""coordinates"":[]}"
4375_0,-0.15670706,0.34288785,-0.1376901,1,6812,"{""type"":""MultiPoint"",""coordinates"":[]}"
4376_0,0.29561123,0.6192228,0.335777,1,7944,"{""type"":""MultiPoint"",""coordinates"":[]}"
4377_0,0.16570279,0.68379134,0.16069894,1,1966,"{""type"":""MultiPoint"",""coordinates"":[]}"
4378_0,0.35438678,0.8453377,0.3241051,1,20785,"{""type"":""MultiPoint"",""coordinates"":[]}"
4379_0,-0.11907626,0.29793105,-0.105513304,1,3213,"{""type"":""MultiPoint"",""coordinates"":[]}"
4380_0,0.29579943,0.7799473,0.2900569,1,4026,"{""type"":""MultiPoint"",""coordinates"":[]}"
4381_0,0.11558442,0.42773247,0.12832,1,1698,"{""type"":""MultiPoint"",""coordinates"":[]}"
4382_0,-0.023163138,0.35656837,-0.11782313,1,9683,"{""type"":""MultiPoint"",""coordinates"":[]}"
4383_0,0.30033746,0.85493827,0.31798247,1,10710,"{""type"":""MultiPoint"",""coordinates"":[]}"
4384_0,0.18965517,0.65955055,0.065656565,1,19286,"{""type"":""MultiPoint"",""coordinates"":[]}"
4385_0,-0.15721649,0.42857143,-0.19179359,1,3254,"{""type"":""MultiPoint"",""coordinates"":[]}"
4386_0,0.104469985,0.69239897,-0.001587843,1,2923,"{""type"":""MultiPoint"",""coordinates"":[]}"
4387_0,0.04756335,0.25745258,0.061299175,1,12711,"{""type"":""MultiPoint"",""coordinates"":[]}"
4388_0,-3.4352456E-4,0.55160826,0.052083332,1,12387,"{""type"":""MultiPoint"",""coordinates"":[]}"
4389_0,-0.03424696,0.42238373,-0.04672345,1,8487,"{""type"":""MultiPoint"",""coordinates"":[]}"
4390_0,0.1846945,0.16439316,0.16922018,1,20890,"{""type"":""MultiPoint"",""coordinates"":[]}"
4391_0,0.022149302,0.51641315,0.034257747,1,10500,"{""type"":""MultiPoint"",""coordinates"":[]}"
4392_0,-0.12360212,0.3694779,-0.072183415,1,22269,"{""type"":""MultiPoint"",""coordinates"":[]}"
4393_0,0.16341339,0.63420945,0.12550737,1,19014,"{""type"":""MultiPoint"",""coordinates"":[]}"
4394_0,-0.09121409,0.2586901,-0.069022186,1,2053,"{""type"":""MultiPoint"",""coordinates"":[]}"
4395_0,-0.067447305,0.39213523,-0.092259765,1,14943,"{""type"":""MultiPoint"",""coordinates"":[]}"
4396_0,0.4329586,0.8403756,0.5344439,1,10130,"{""type"":""MultiPoint"",""coordinates"":[]}"
4397_0,-0.135602,0.30483064,-0.11591774,1,14479,"{""type"":""MultiPoint"",""coordinates"":[]}"
4398_0,-0.037002776,0.13531353,-0.04133767,1,7353,"{""type"":""MultiPoint"",""coordinates"":[]}"
4399_0,0.14259297,0.1652452,0.15294833,1,21239,"{""type"":""MultiPoint"",""coordinates"":[]}"
4400_0,0.41634575,0.8514091,0.48965517,1,2545,"{""type"":""MultiPoint"",""coordinates"":[]}"
4401_0,0.21069998,0.70684934,0.23488851,1,7794,"{""type"":""MultiPoint"",""coordinates"":[]}"
4402_0,-0.043589745,0.5151515,-0.28695652,1,12842,"{""type"":""MultiPoint"",""coordinates"":[]}"
4403_0,0.020357804,0.50151604,-0.0054875473,1,101,"{""type"":""MultiPoint"",""coordinates"":[]}"
4404_0,0.048331648,0.5291113,0.12348668,1,19137,"{""type"":""MultiPoint"",""coordinates"":[]}"
4405_0,0.16376944,0.6361886,0.08939443,1,133,"{""type"":""MultiPoint"",""coordinates"":[]}"
4406_0,-0.122902684,0.3725322,-0.1627409,1,10563,"{""type"":""MultiPoint"",""coordinates"":[]}"
4407_0,-0.12444837,0.36913663,-0.13544124,1,8345,"{""type"":""MultiPoint"",""coordinates"":[]}"
4408_0,0.12149579,0.6431028,0.14334638,1,222,"{""type"":""MultiPoint"",""coordinates"":[]}"
4409_0,0.21192053,0.7561969,0.22584148,1,1827,"{""type"":""MultiPoint"",""coordinates"":[]}"
4410_0,0.12896922,0.6665284,0.104694955,1,2825,"{""type"":""MultiPoint"",""coordinates"":[]}"
4411_0,-0.045454547,0.3288938,-0.02816616,1,10498,"{""type"":""MultiPoint"",""coordinates"":[]}"
4412_0,-0.16235733,0.3275488,-0.1774422,1,14396,"{""type"":""MultiPoint"",""coordinates"":[]}"
4413_0,0.12711683,0.6090095,0.14417435,1,14729,"{""type"":""MultiPoint"",""coordinates"":[]}"
4414_0,0.33352616,0.8230797,0.3383113,1,1943,"{""type"":""MultiPoint"",""coordinates"":[]}"
4415_0,-0.1493204,0.40033704,-0.17647548,1,6551,"{""type"":""MultiPoint"",""coordinates"":[]}"
4416_0,-0.082120396,0.3111225,-0.09021358,1,23610,"{""type"":""MultiPoint"",""coordinates"":[]}"
4417_0,0.4004809,0.79363847,0.4893036,1,25104,"{""type"":""MultiPoint"",""coordinates"":[]}"
4418_0,0.082199655,0.6447602,0.083253585,1,23979,"{""type"":""MultiPoint"",""coordinates"":[]}"
4419_0,-0.23236246,0.37046862,-0.19522913,1,13725,"{""type"":""MultiPoint"",""coordinates"":[]}"
4420_0,-0.053359684,0.412489,-0.028626569,1,8293,"{""type"":""MultiPoint"",""coordinates"":[]}"
4421_0,-0.039204076,0.26568916,-0.033816423,1,6463,"{""type"":""MultiPoint"",""coordinates"":[]}"
4422_0,0.37376946,0.7828185,0.363727,1,24886,"{""type"":""MultiPoint"",""coordinates"":[]}"
4423_0,0.04641598,0.106359795,0.04219534,1,14129,"{""type"":""MultiPoint"",""coordinates"":[]}"
4424_0,0.4228428,0.86690754,0.41827747,1,18868,"{""type"":""MultiPoint"",""coordinates"":[]}"
4425_0,-0.07992815,0.27152318,-0.06486606,1,14107,"{""type"":""MultiPoint"",""coordinates"":[]}"
4426_0,-0.023285486,0.38684416,-0.029323103,1,7998,"{""type"":""MultiPoint"",""coordinates"":[]}"
4427_0,-0.030855129,0.4738028,-0.1612049,1,12923,"{""type"":""MultiPoint"",""coordinates"":[]}"
4428_0,-0.12302228,0.42353502,-0.07094686,1,18732,"{""type"":""MultiPoint"",""coordinates"":[]}"
4429_0,-0.12718205,0.31876808,-0.062295083,1,18629,"{""type"":""MultiPoint"",""coordinates"":[]}"
4430_0,0.48235294,0.8685282,0.4974359,1,2012,"{""type"":""MultiPoint"",""coordinates"":[]}"
4431_0,-0.037622575,0.7590361,-0.03422983,1,12372,"{""type"":""MultiPoint"",""coordinates"":[]}"
4432_0,-0.036890645,0.41672945,-0.07328833,1,5019,"{""type"":""MultiPoint"",""coordinates"":[]}"
4433_0,-0.021033654,0.5733083,-0.033160623,1,17123,"{""type"":""MultiPoint"",""coordinates"":[]}"
4434_0,0.44415128,0.85037035,0.43653587,1,4479,"{""type"":""MultiPoint"",""coordinates"":[]}"
4435_0,-0.018491484,0.513308,-0.04518571,1,2447,"{""type"":""MultiPoint"",""coordinates"":[]}"
4436_0,0.020744156,0.49247536,0.014905598,1,7872,"{""type"":""MultiPoint"",""coordinates"":[]}"
4437_0,0.052099947,0.64655906,0.063796274,1,1498,"{""type"":""MultiPoint"",""coordinates"":[]}"
4438_0,-0.1268805,0.41217917,-0.14611872,1,24349,"{""type"":""MultiPoint"",""coordinates"":[]}"
4439_0,0.18721704,0.7614534,0.1619989,1,22923,"{""type"":""MultiPoint"",""coordinates"":[]}"
4440_0,-0.114373505,0.4614939,-0.12785073,1,4645,"{""type"":""MultiPoint"",""coordinates"":[]}"
4441_0,-0.16833527,0.3787005,-0.19590086,1,2733,"{""type"":""MultiPoint"",""coordinates"":[]}"
4442_0,0.096975006,0.30277953,0.04037044,1,23240,"{""type"":""MultiPoint"",""coordinates"":[]}"
4443_0,0.056992084,0.4872418,0.10944255,1,14323,"{""type"":""MultiPoint"",""coordinates"":[]}"
4444_0,0.40662342,0.7628156,0.43117872,1,2485,"{""type"":""MultiPoint"",""coordinates"":[]}"
4445_0,0.16253924,0.06645486,0.18623962,1,5719,"{""type"":""MultiPoint"",""coordinates"":[]}"
4446_0,-0.06768189,0.51660514,-0.05554005,1,3328,"{""type"":""MultiPoint"",""coordinates"":[]}"
4447_0,-0.06921241,0.5277572,-0.14297156,1,20192,"{""type"":""MultiPoint"",""coordinates"":[]}"
4448_0,0.33689973,0.788869,0.36547202,1,3519,"{""type"":""MultiPoint"",""coordinates"":[]}"
4449_0,0.36345246,0.817849,0.3556314,1,829,"{""type"":""MultiPoint"",""coordinates"":[]}"
4450_0,0.22452952,0.7339488,0.26709598,1,25468,"{""type"":""MultiPoint"",""coordinates"":[]}"
4451_0,0.24051447,0.7736185,0.2212331,1,23681,"{""type"":""MultiPoint"",""coordinates"":[]}"
4452_0,-0.022069853,0.43982002,-0.00231141,1,13484,"{""type"":""MultiPoint"",""coordinates"":[]}"
4453_0,0.0037028969,0.44363,-0.050287027,1,7986,"{""type"":""MultiPoint"",""coordinates"":[]}"
4454_0,0.15245982,0.697535,0.15269198,1,13151,"{""type"":""MultiPoint"",""coordinates"":[]}"
4455_0,-0.055330634,0.3766138,-0.15603799,1,16302,"{""type"":""MultiPoint"",""coordinates"":[]}"
4456_0,-0.121979624,0.33584195,-0.1936737,1,9758,"{""type"":""MultiPoint"",""coordinates"":[]}"
4457_0,-0.055630207,0.4,-0.06387276,1,22250,"{""type"":""MultiPoint"",""coordinates"":[]}"
4458_0,-0.048200514,0.3888889,-0.017812198,1,21376,"{""type"":""MultiPoint"",""coordinates"":[]}"
4459_0,-0.10014395,0.31776556,-0.21673869,1,8704,"{""type"":""MultiPoint"",""coordinates"":[]}"
4460_0,0.015422885,0.42560554,-0.006868481,1,23501,"{""type"":""MultiPoint"",""coordinates"":[]}"
4461_0,0.17293158,0.80219936,0.23553967,1,7030,"{""type"":""MultiPoint"",""coordinates"":[]}"
4462_0,0.12865168,0.27676767,0.11295396,1,11402,"{""type"":""MultiPoint"",""coordinates"":[]}"
4463_0,-0.10074504,0.34694958,-0.12808158,1,7502,"{""type"":""MultiPoint"",""coordinates"":[]}"
4464_0,-0.07165678,0.5036987,-0.08854891,1,23622,"{""type"":""MultiPoint"",""coordinates"":[]}"
4465_0,-0.043062203,0.49019608,-0.13344887,1,3429,"{""type"":""MultiPoint"",""coordinates"":[]}"
4466_0,-0.15643398,0.40505415,-0.17120954,1,9853,"{""type"":""MultiPoint"",""coordinates"":[]}"
4467_0,0.29923564,0.8533441,0.29389346,1,5514,"{""type"":""MultiPoint"",""coordinates"":[]}"
4468_0,0.02184874,0.75,-0.06962025,1,14030,"{""type"":""MultiPoint"",""coordinates"":[]}"
4469_0,-0.14179567,0.43291405,-0.14671163,1,11070,"{""type"":""MultiPoint"",""coordinates"":[]}"
4470_0,0.055085063,0.28823143,0.034048315,1,11843,"{""type"":""MultiPoint"",""coordinates"":[]}"
4471_0,-0.02396373,0.4992901,-0.06603774,1,17505,"{""type"":""MultiPoint"",""coordinates"":[]}"
4472_0,0.24218974,0.69736844,0.21913762,1,22458,"{""type"":""MultiPoint"",""coordinates"":[]}"
4473_0,0.16306357,0.6446616,0.19234858,1,16637,"{""type"":""MultiPoint"",""coordinates"":[]}"
4474_0,-0.18706918,0.3353566,-0.19046484,1,11153,"{""type"":""MultiPoint"",""coordinates"":[]}"
4475_0,-0.0038882997,0.51582867,-0.024071528,1,5925,"{""type"":""MultiPoint"",""coordinates"":[]}"
4476_0,0.07147863,0.32201257,0.11492911,1,20400,"{""type"":""MultiPoint"",""coordinates"":[]}"
4477_0,0.1015941,0.65876406,0.0611636,1,20964,"{""type"":""MultiPoint"",""coordinates"":[]}"
4478_0,-0.07810321,0.49608764,-0.11042184,1,11107,"{""type"":""MultiPoint"",""coordinates"":[]}"
4479_0,-0.12086295,0.29016495,-0.10301568,1,10244,"{""type"":""MultiPoint"",""coordinates"":[]}"
4480_0,0.13393815,0.21330059,0.05220455,1,14101,"{""type"":""MultiPoint"",""coordinates"":[]}"
4481_0,0.14684016,0.6789269,0.16973169,1,10819,"{""type"":""MultiPoint"",""coordinates"":[]}"
4482_0,0.22887631,0.20243675,0.2141589,1,15591,"{""type"":""MultiPoint"",""coordinates"":[]}"
4483_0,0.0060465117,0.40295565,-2.3402761E-4,1,4785,"{""type"":""MultiPoint"",""coordinates"":[]}"
4484_0,0.23372988,0.7238562,0.31669268,1,353,"{""type"":""MultiPoint"",""coordinates"":[]}"
4485_0,-0.07956668,0.41063958,-0.073055774,1,21471,"{""type"":""MultiPoint"",""coordinates"":[]}"
4486_0,0.32288367,0.20796606,0.26665434,1,7752,"{""type"":""MultiPoint"",""coordinates"":[]}"
4487_0,0.018607328,0.45219886,0.04230625,1,7667,"{""type"":""MultiPoint"",""coordinates"":[]}"
4488_0,-0.028403,0.5038823,-0.046632126,1,18033,"{""type"":""MultiPoint"",""coordinates"":[]}"
4489_0,0.08223336,0.35975975,0.0742613,1,11175,"{""type"":""MultiPoint"",""coordinates"":[]}"
4490_0,-0.045363307,0.3736153,-0.024596348,1,22073,"{""type"":""MultiPoint"",""coordinates"":[]}"
4491_0,0.11540692,0.17830962,0.1471173,1,4275,"{""type"":""MultiPoint"",""coordinates"":[]}"
4492_0,-0.15237266,0.3192848,-0.22766355,1,8797,"{""type"":""MultiPoint"",""coordinates"":[]}"
4493_0,0.11073228,0.57215494,0.075557835,1,23056,"{""type"":""MultiPoint"",""coordinates"":[]}"
4494_0,-0.07017544,0.4215305,-0.1187905,1,22899,"{""type"":""MultiPoint"",""coordinates"":[]}"
4495_0,0.03294002,0.62620085,0.025468795,1,3571,"{""type"":""MultiPoint"",""coordinates"":[]}"
4496_0,-0.017061112,0.46948418,-0.0829919,1,21647,"{""type"":""MultiPoint"",""coordinates"":[]}"
4497_0,0.14666702,0.50017065,0.14834219,1,15694,"{""type"":""MultiPoint"",""coordinates"":[]}"
4498_0,0.40363637,0.82962245,0.3726776,1,15046,"{""type"":""MultiPoint"",""coordinates"":[]}"
4499_0,0.26993144,0.48126465,0.2457421,1,9685,"{""type"":""MultiPoint"",""coordinates"":[]}"
4500_0,0.019268775,0.5864909,0.039903264,1,13954,"{""type"":""MultiPoint"",""coordinates"":[]}"
4501_0,-0.027187346,0.42990655,-0.07223942,1,15376,"{""type"":""MultiPoint"",""coordinates"":[]}"
4502_0,-0.15310763,0.43404996,-0.014072119,1,17045,"{""type"":""MultiPoint"",""coordinates"":[]}"
4503_0,-0.022097625,0.5420231,-0.06723716,1,24331,"{""type"":""MultiPoint"",""coordinates"":[]}"
4504_0,0.0880573,0.17882152,0.18327619,1,21904,"{""type"":""MultiPoint"",""coordinates"":[]}"
4505_0,0.20268972,0.57719713,0.09529025,1,21718,"{""type"":""MultiPoint"",""coordinates"":[]}"
4506_0,0.2033796,0.77288646,0.19464721,1,5564,"{""type"":""MultiPoint"",""coordinates"":[]}"
4507_0,0.26534557,0.6946208,0.2504931,1,5035,"{""type"":""MultiPoint"",""coordinates"":[]}"
4508_0,-0.10442345,0.4505357,-0.21008226,1,20160,"{""type"":""MultiPoint"",""coordinates"":[]}"
4509_0,0.026559155,0.5715878,0.025729325,1,14884,"{""type"":""MultiPoint"",""coordinates"":[]}"
4510_0,0.24246988,0.78759396,0.33289126,1,1255,"{""type"":""MultiPoint"",""coordinates"":[]}"
4511_0,0.26119804,0.21438083,0.1323545,1,8196,"{""type"":""MultiPoint"",""coordinates"":[]}"
4512_0,0.37276933,0.81122863,0.43188405,1,3958,"{""type"":""MultiPoint"",""coordinates"":[]}"
4513_0,-0.14126985,0.3939394,-0.15224358,1,21934,"{""type"":""MultiPoint"",""coordinates"":[]}"
4514_0,-0.07825252,0.52971137,-0.06143667,1,2090,"{""type"":""MultiPoint"",""coordinates"":[]}"
4515_0,0.31380752,0.80021954,0.2577465,1,290,"{""type"":""MultiPoint"",""coordinates"":[]}"
4516_0,-0.07301916,0.46755964,-0.10683761,1,6552,"{""type"":""MultiPoint"",""coordinates"":[]}"
4517_0,0.09429845,0.64193904,0.11147469,1,13906,"{""type"":""MultiPoint"",""coordinates"":[]}"
4518_0,0.17308158,0.6690549,0.1776601,1,17163,"{""type"":""MultiPoint"",""coordinates"":[]}"
4519_0,-0.08106852,0.44357365,-0.1088873,1,18722,"{""type"":""MultiPoint"",""coordinates"":[]}"
4520_0,-0.24308373,0.33904243,-0.30724427,1,16413,"{""type"":""MultiPoint"",""coordinates"":[]}"
4521_0,-0.13636364,0.33150497,-0.17248566,1,22617,"{""type"":""MultiPoint"",""coordinates"":[]}"
4522_0,-0.058178753,0.34129947,0.012401353,1,4235,"{""type"":""MultiPoint"",""coordinates"":[]}"
4523_0,0.038353074,0.3144059,-0.014195584,1,16307,"{""type"":""MultiPoint"",""coordinates"":[]}"
4524_0,0.07145044,0.16179517,0.09970805,1,14112,"{""type"":""MultiPoint"",""coordinates"":[]}"
4525_0,0.036771882,0.5609756,0.01759044,1,5155,"{""type"":""MultiPoint"",""coordinates"":[]}"
4526_0,0.017450316,0.30396214,0.04206049,1,17467,"{""type"":""MultiPoint"",""coordinates"":[]}"
4527_0,-0.19012016,0.32455215,-0.24436429,1,6095,"{""type"":""MultiPoint"",""coordinates"":[]}"
4528_0,-0.05956113,0.4540441,-0.034188036,1,19355,"{""type"":""MultiPoint"",""coordinates"":[]}"
4529_0,0.028534787,0.595774,0.05104917,1,6648,"{""type"":""MultiPoint"",""coordinates"":[]}"
4530_0,-0.102864586,0.4840391,-0.04831569,1,5333,"{""type"":""MultiPoint"",""coordinates"":[]}"
4531_0,-0.02560063,0.44807371,0.0030627872,1,21411,"{""type"":""MultiPoint"",""coordinates"":[]}"
4532_0,0.13230373,0.24865282,0.13730006,1,10193,"{""type"":""MultiPoint"",""coordinates"":[]}"
4533_0,0.23413996,0.6045198,0.15021771,1,19080,"{""type"":""MultiPoint"",""coordinates"":[]}"
4534_0,-0.03352601,0.44059405,-0.0033670033,1,22201,"{""type"":""MultiPoint"",""coordinates"":[]}"
4535_0,0.12714559,0.6652825,0.13507651,1,21033,"{""type"":""MultiPoint"",""coordinates"":[]}"
4536_0,-0.03771213,0.40243903,-0.05358218,1,8180,"{""type"":""MultiPoint"",""coordinates"":[]}"
4537_0,0.113868214,0.53770494,0.11921074,1,20200,"{""type"":""MultiPoint"",""coordinates"":[]}"
4538_0,0.06406766,0.34965986,0.009720722,1,23899,"{""type"":""MultiPoint"",""coordinates"":[]}"
4539_0,0.08913403,0.006876791,0.06811128,1,16147,"{""type"":""MultiPoint"",""coordinates"":[]}"
4540_0,0.008468051,0.37852222,-0.0010908511,1,4973,"{""type"":""MultiPoint"",""coordinates"":[]}"
4541_0,0.41402155,0.8205591,0.4144289,1,20290,"{""type"":""MultiPoint"",""coordinates"":[]}"
4542_0,0.25201505,0.8173207,0.31145832,1,19496,"{""type"":""MultiPoint"",""coordinates"":[]}"
4543_0,0.10495133,0.5264188,0.19197708,1,24348,"{""type"":""MultiPoint"",""coordinates"":[]}"
4544_0,-0.07481251,0.30673575,-0.07383041,1,9614,"{""type"":""MultiPoint"",""coordinates"":[]}"
4545_0,-0.059352517,0.40696517,-0.08281081,1,16141,"{""type"":""MultiPoint"",""coordinates"":[]}"
4546_0,-0.037911627,0.41569418,-0.07735043,1,4031,"{""type"":""MultiPoint"",""coordinates"":[]}"
4547_0,-0.013269523,0.35632184,-0.13637473,1,2375,"{""type"":""MultiPoint"",""coordinates"":[]}"
4548_0,-0.042607803,0.42386287,0.03782686,1,18957,"{""type"":""MultiPoint"",""coordinates"":[]}"
4549_0,0.3172691,0.72786176,0.32539684,1,15410,"{""type"":""MultiPoint"",""coordinates"":[]}"
4550_0,-0.11347517,0.44647262,-0.15018316,1,3884,"{""type"":""MultiPoint"",""coordinates"":[]}"
4551_0,-0.024494795,0.5022994,-0.020433059,1,17651,"{""type"":""MultiPoint"",""coordinates"":[]}"
4552_0,0.11753731,0.8713969,0.23276561,1,22430,"{""type"":""MultiPoint"",""coordinates"":[]}"
4553_0,0.35119,0.78613466,0.39399686,1,5496,"{""type"":""MultiPoint"",""coordinates"":[]}"
4554_0,0.006993007,0.28421053,-0.0154309375,1,17089,"{""type"":""MultiPoint"",""coordinates"":[]}"
4555_0,0.33083272,0.81028086,0.31384614,1,9909,"{""type"":""MultiPoint"",""coordinates"":[]}"
4556_0,-0.20641997,0.2885509,-0.24216959,1,10992,"{""type"":""MultiPoint"",""coordinates"":[]}"
4557_0,0.13562281,0.5083612,0.15138169,1,14315,"{""type"":""MultiPoint"",""coordinates"":[]}"
4558_0,0.3676776,0.8370993,0.39784086,1,1405,"{""type"":""MultiPoint"",""coordinates"":[]}"
4559_0,-0.20432387,0.30930158,-0.23705927,1,17473,"{""type"":""MultiPoint"",""coordinates"":[]}"
4560_0,0.010504202,0.082097806,0.044018775,1,12725,"{""type"":""MultiPoint"",""coordinates"":[]}"
4561_0,0.113000356,0.57880557,0.113806635,1,9757,"{""type"":""MultiPoint"",""coordinates"":[]}"
4562_0,-0.17061214,0.35065916,-0.17458963,1,12077,"{""type"":""MultiPoint"",""coordinates"":[]}"
4563_0,-0.1397804,0.41443753,-0.1586684,1,16942,"{""type"":""MultiPoint"",""coordinates"":[]}"
4564_0,-0.12683062,0.3974312,-0.21102957,1,18137,"{""type"":""MultiPoint"",""coordinates"":[]}"
4565_0,0.25103843,0.82735735,0.29223895,1,8489,"{""type"":""MultiPoint"",""coordinates"":[]}"
4566_0,0.07645103,0.613245,0.051215727,1,1768,"{""type"":""MultiPoint"",""coordinates"":[]}"
4567_0,0.13413274,0.7070021,0.19736002,1,14624,"{""type"":""MultiPoint"",""coordinates"":[]}"
4568_0,-0.05991467,0.24729112,-0.04901781,1,12729,"{""type"":""MultiPoint"",""coordinates"":[]}"
4569_0,0.28332064,0.77578753,0.29168236,1,13687,"{""type"":""MultiPoint"",""coordinates"":[]}"
4570_0,0.11613806,0.6201802,0.08520396,1,1243,"{""type"":""MultiPoint"",""coordinates"":[]}"
4571_0,0.23854336,0.6090979,0.27043453,1,23208,"{""type"":""MultiPoint"",""coordinates"":[]}"
4572_0,-0.17564403,0.3882979,-0.18707304,1,22589,"{""type"":""MultiPoint"",""coordinates"":[]}"
4573_0,-0.07417381,0.40472674,-0.09481038,1,20729,"{""type"":""MultiPoint"",""coordinates"":[]}"
4574_0,0.24411951,0.7607573,0.21413721,1,14711,"{""type"":""MultiPoint"",""coordinates"":[]}"
4575_0,0.35945868,0.74643296,0.28958458,1,16688,"{""type"":""MultiPoint"",""coordinates"":[]}"
4576_0,0.017645357,0.48362398,-0.003842743,1,4410,"{""type"":""MultiPoint"",""coordinates"":[]}"
4577_0,0.21531312,0.74414414,0.20330806,1,2255,"{""type"":""MultiPoint"",""coordinates"":[]}"
4578_0,0.025909629,0.6223937,0.050208356,1,3769,"{""type"":""MultiPoint"",""coordinates"":[]}"
4579_0,0.35205993,0.8046844,0.3729991,1,2806,"{""type"":""MultiPoint"",""coordinates"":[]}"
4580_0,0.32996565,0.8090011,0.4114306,1,2681,"{""type"":""MultiPoint"",""coordinates"":[]}"
4581_0,0.4473858,0.82616556,0.4878912,1,14604,"{""type"":""MultiPoint"",""coordinates"":[]}"
4582_0,0.12666436,0.72413015,0.16064064,1,8827,"{""type"":""MultiPoint"",""coordinates"":[]}"
4583_0,0.10879165,0.49803537,0.13671482,1,20063,"{""type"":""MultiPoint"",""coordinates"":[]}"
4584_0,0.22978723,0.73458725,0.20903131,1,23542,"{""type"":""MultiPoint"",""coordinates"":[]}"
4585_0,0.31501693,0.81433,0.32724243,1,3314,"{""type"":""MultiPoint"",""coordinates"":[]}"
4586_0,0.04873621,0.2658354,0.04899887,1,18289,"{""type"":""MultiPoint"",""coordinates"":[]}"
4587_0,-0.0835726,0.42619088,-0.20824625,1,10007,"{""type"":""MultiPoint"",""coordinates"":[]}"
4588_0,0.29490873,0.7398601,0.27459016,1,6271,"{""type"":""MultiPoint"",""coordinates"":[]}"
4589_0,0.04701865,0.54134417,0.066392176,1,21512,"{""type"":""MultiPoint"",""coordinates"":[]}"
4590_0,0.027329193,0.6590164,0.03808354,1,10654,"{""type"":""MultiPoint"",""coordinates"":[]}"
4591_0,-0.16757493,0.36053288,-0.15576534,1,18713,"{""type"":""MultiPoint"",""coordinates"":[]}"
4592_0,0.15921289,0.65603113,0.108333334,1,8588,"{""type"":""MultiPoint"",""coordinates"":[]}"
4593_0,-0.18099955,0.24309884,-0.1783402,1,21070,"{""type"":""MultiPoint"",""coordinates"":[]}"
4594_0,0.14335638,0.1451995,0.18978103,1,9534,"{""type"":""MultiPoint"",""coordinates"":[]}"
4595_0,0.1734767,0.7520129,0.19779816,1,14449,"{""type"":""MultiPoint"",""coordinates"":[]}"
4596_0,-0.1316972,0.37090164,-0.13052142,1,19849,"{""type"":""MultiPoint"",""coordinates"":[]}"
4597_0,0.20695391,0.7169427,0.24795085,1,6223,"{""type"":""MultiPoint"",""coordinates"":[]}"
4598_0,-0.055194806,0.39754817,-0.14638448,1,9153,"{""type"":""MultiPoint"",""coordinates"":[]}"
4599_0,0.22828639,0.7451362,0.17173009,1,16045,"{""type"":""MultiPoint"",""coordinates"":[]}"
4600_0,0.030466588,0.6127496,0.07948523,1,21635,"{""type"":""MultiPoint"",""coordinates"":[]}"
4601_0,-0.14002268,0.40663508,-0.1052487,1,22226,"{""type"":""MultiPoint"",""coordinates"":[]}"
4602_0,-0.16300057,0.3183475,-0.17346437,1,17880,"{""type"":""MultiPoint"",""coordinates"":[]}"
4603_0,-0.057971016,0.4410727,-0.019686352,1,7542,"{""type"":""MultiPoint"",""coordinates"":[]}"
4604_0,0.007057546,0.55421305,0.09172427,1,8099,"{""type"":""MultiPoint"",""coordinates"":[]}"
4605_0,0.06540623,0.5956956,0.00813449,1,10920,"{""type"":""MultiPoint"",""coordinates"":[]}"
4606_0,0.30677965,0.80364656,0.26008752,1,8618,"{""type"":""MultiPoint"",""coordinates"":[]}"
4607_0,-0.01569916,0.5191308,0.0047836937,1,20461,"{""type"":""MultiPoint"",""coordinates"":[]}"
4608_0,-0.117679864,0.4403756,-0.13605443,1,12594,"{""type"":""MultiPoint"",""coordinates"":[]}"
4609_0,-0.09562914,0.35997897,0.016309688,1,21857,"{""type"":""MultiPoint"",""coordinates"":[]}"
4610_0,0.03893752,0.4650048,0.016904209,1,24686,"{""type"":""MultiPoint"",""coordinates"":[]}"
4611_0,-0.16637301,0.3632585,-0.21476212,1,13762,"{""type"":""MultiPoint"",""coordinates"":[]}"
4612_0,-0.1075604,0.3122661,-0.15316455,1,14108,"{""type"":""MultiPoint"",""coordinates"":[]}"
4613_0,-0.010303536,0.5524307,0.03150027,1,12553,"{""type"":""MultiPoint"",""coordinates"":[]}"
4614_0,0.06538922,0.571223,0.050824486,1,7924,"{""type"":""MultiPoint"",""coordinates"":[]}"
4615_0,0.103224576,0.4930279,0.11949186,1,18786,"{""type"":""MultiPoint"",""coordinates"":[]}"
4616_0,0.0070957094,0.40468988,-0.011855713,1,14183,"{""type"":""MultiPoint"",""coordinates"":[]}"
4617_0,-0.05248619,0.37094018,-0.023734886,1,12838,"{""type"":""MultiPoint"",""coordinates"":[]}"
4618_0,0.23117569,0.75260305,0.28485614,1,10138,"{""type"":""MultiPoint"",""coordinates"":[]}"
4619_0,0.3239541,0.8268282,0.3840352,1,21696,"{""type"":""MultiPoint"",""coordinates"":[]}"
4620_0,-0.051102206,0.5774166,-0.079773545,1,8316,"{""type"":""MultiPoint"",""coordinates"":[]}"
4621_0,0.10642146,0.55374354,0.15236335,1,1077,"{""type"":""MultiPoint"",""coordinates"":[]}"
4622_0,0.124601774,0.6803882,0.22656107,1,5485,"{""type"":""MultiPoint"",""coordinates"":[]}"
4623_0,-0.04373178,0.32661718,-0.057383966,1,18695,"{""type"":""MultiPoint"",""coordinates"":[]}"
4624_0,0.31501994,0.7428738,0.31001312,1,14867,"{""type"":""MultiPoint"",""coordinates"":[]}"
4625_0,0.2986118,0.74913114,0.27125025,1,25438,"{""type"":""MultiPoint"",""coordinates"":[]}"
4626_0,0.03719165,0.42378792,-0.057492495,1,3207,"{""type"":""MultiPoint"",""coordinates"":[]}"
4627_0,-0.056653492,0.23986791,-0.07626929,1,9469,"{""type"":""MultiPoint"",""coordinates"":[]}"
4628_0,0.23483878,0.73831815,0.21113873,1,10166,"{""type"":""MultiPoint"",""coordinates"":[]}"
4629_0,0.032139577,0.22343506,0.020628136,1,17476,"{""type"":""MultiPoint"",""coordinates"":[]}"
4630_0,0.23803703,0.8383846,0.0020439283,1,2150,"{""type"":""MultiPoint"",""coordinates"":[]}"
4631_0,-0.104477614,0.48118812,-0.13170086,1,11701,"{""type"":""MultiPoint"",""coordinates"":[]}"
4632_0,-0.20010504,0.3480769,-0.21142857,1,6045,"{""type"":""MultiPoint"",""coordinates"":[]}"
4633_0,-0.06698719,0.41994983,-0.21883653,1,3489,"{""type"":""MultiPoint"",""coordinates"":[]}"
4634_0,0.23526315,0.6631823,0.19300194,1,24925,"{""type"":""MultiPoint"",""coordinates"":[]}"
4635_0,0.01606922,0.42097026,0.011862069,1,23967,"{""type"":""MultiPoint"",""coordinates"":[]}"
4636_0,-0.06592179,0.39652982,-0.11998165,1,5787,"{""type"":""MultiPoint"",""coordinates"":[]}"
4637_0,-0.087321065,0.48530293,-0.17251152,1,9931,"{""type"":""MultiPoint"",""coordinates"":[]}"
4638_0,-0.07406579,0.39027432,-0.09420452,1,24671,"{""type"":""MultiPoint"",""coordinates"":[]}"
4639_0,-0.124875456,0.3304489,-0.14174953,1,4744,"{""type"":""MultiPoint"",""coordinates"":[]}"
4640_0,-0.031712472,0.5958486,-0.014806789,1,2380,"{""type"":""MultiPoint"",""coordinates"":[]}"
4641_0,-0.16274461,0.365224,-0.14211886,1,12344,"{""type"":""MultiPoint"",""coordinates"":[]}"
4642_0,0.0549899,0.54705685,-7.428453E-4,1,6545,"{""type"":""MultiPoint"",""coordinates"":[]}"
4643_0,0.20691334,0.7182685,0.17955175,1,25396,"{""type"":""MultiPoint"",""coordinates"":[]}"
4644_0,0.17880632,0.6866745,0.118407756,1,3529,"{""type"":""MultiPoint"",""coordinates"":[]}"
4645_0,-0.1198813,0.25891182,-0.15237302,1,4420,"{""type"":""MultiPoint"",""coordinates"":[]}"
4646_0,0.13689937,0.6206554,0.14131089,1,604,"{""type"":""MultiPoint"",""coordinates"":[]}"
4647_0,0.105714284,0.31954822,0.15061058,1,4149,"{""type"":""MultiPoint"",""coordinates"":[]}"
4648_0,0.023713129,0.5812897,0.04713231,1,12739,"{""type"":""MultiPoint"",""coordinates"":[]}"
4649_0,0.029903978,0.4053183,-0.009708738,1,19105,"{""type"":""MultiPoint"",""coordinates"":[]}"
4650_0,-0.08629851,0.35409808,-0.08068855,1,22387,"{""type"":""MultiPoint"",""coordinates"":[]}"
4651_0,0.34032992,0.7482449,0.33903572,1,875,"{""type"":""MultiPoint"",""coordinates"":[]}"
4652_0,0.017897388,0.58856606,0.0020691694,1,11105,"{""type"":""MultiPoint"",""coordinates"":[]}"
4653_0,0.23533724,0.4745804,0.24502352,1,2467,"{""type"":""MultiPoint"",""coordinates"":[]}"
4654_0,-0.07282416,0.44785276,-0.07549857,1,19104,"{""type"":""MultiPoint"",""coordinates"":[]}"
4655_0,0.059511803,0.46439025,0.07481643,1,8980,"{""type"":""MultiPoint"",""coordinates"":[]}"
4656_0,0.39854667,0.7709019,0.385494,1,11902,"{""type"":""MultiPoint"",""coordinates"":[]}"
4657_0,-0.110297315,0.489253,-0.10081216,1,8540,"{""type"":""MultiPoint"",""coordinates"":[]}"
4658_0,0.1154388,0.24693176,0.18300803,1,15647,"{""type"":""MultiPoint"",""coordinates"":[]}"
4659_0,0.8944819,-0.045510456,0.8898917,1,8657,"{""type"":""MultiPoint"",""coordinates"":[]}"
4660_0,0.10804188,0.17444219,0.12690797,1,14778,"{""type"":""MultiPoint"",""coordinates"":[]}"
4661_0,0.024600701,0.5471278,0.037102085,1,20858,"{""type"":""MultiPoint"",""coordinates"":[]}"
4662_0,0.062487543,0.54145586,0.027438167,1,25452,"{""type"":""MultiPoint"",""coordinates"":[]}"
4663_0,-0.09583185,0.44665885,-0.13505535,1,22141,"{""type"":""MultiPoint"",""coordinates"":[]}"
4664_0,0.05527971,0.5534167,0.11502591,1,7898,"{""type"":""MultiPoint"",""coordinates"":[]}"
4665_0,-0.1544099,0.35080057,-0.16496757,1,19328,"{""type"":""MultiPoint"",""coordinates"":[]}"
4666_0,0.08564462,0.38952163,0.0990991,1,575,"{""type"":""MultiPoint"",""coordinates"":[]}"
4667_0,-0.091721654,0.3677959,-0.0901024,1,11815,"{""type"":""MultiPoint"",""coordinates"":[]}"
4668_0,0.3879056,0.8542024,0.42205322,1,15230,"{""type"":""MultiPoint"",""coordinates"":[]}"
4669_0,0.41593885,0.8139734,0.32831135,1,7088,"{""type"":""MultiPoint"",""coordinates"":[]}"
4670_0,0.045141544,0.5119617,-0.08458865,1,4442,"{""type"":""MultiPoint"",""coordinates"":[]}"
4671_0,0.21297812,0.6315551,0.28113085,1,24088,"{""type"":""MultiPoint"",""coordinates"":[]}"
4672_0,-0.035161745,0.40964842,-0.032547697,1,17171,"{""type"":""MultiPoint"",""coordinates"":[]}"
4673_0,0.3809163,0.791832,0.33425286,1,18902,"{""type"":""MultiPoint"",""coordinates"":[]}"
4674_0,0.020992924,0.2536426,0.090652324,1,13373,"{""type"":""MultiPoint"",""coordinates"":[]}"
4675_0,0.218,0.7278782,0.18158032,1,913,"{""type"":""MultiPoint"",""coordinates"":[]}"
4676_0,0.14330219,0.7403509,0.15928954,1,13957,"{""type"":""MultiPoint"",""coordinates"":[]}"
4677_0,0.26454255,0.68900305,0.25745964,1,1859,"{""type"":""MultiPoint"",""coordinates"":[]}"
4678_0,0.27750504,0.7199248,0.22418605,1,509,"{""type"":""MultiPoint"",""coordinates"":[]}"
4679_0,0.09526887,0.62170964,0.08812206,1,23060,"{""type"":""MultiPoint"",""coordinates"":[]}"
4680_0,-0.06362237,0.41256213,-0.11242286,1,12279,"{""type"":""MultiPoint"",""coordinates"":[]}"
4681_0,-0.07236364,0.38988763,-0.15986949,1,16497,"{""type"":""MultiPoint"",""coordinates"":[]}"
4682_0,-0.034656797,0.5179786,-0.06690562,1,10608,"{""type"":""MultiPoint"",""coordinates"":[]}"
4683_0,0.27389342,0.7216925,0.27652255,1,2814,"{""type"":""MultiPoint"",""coordinates"":[]}"
4684_0,-0.1942578,0.46721512,-0.37524468,1,15270,"{""type"":""MultiPoint"",""coordinates"":[]}"
4685_0,-0.018574724,0.24549666,0.020660674,1,9530,"{""type"":""MultiPoint"",""coordinates"":[]}"
4686_0,-0.17619044,0.4452811,-0.17692454,1,11430,"{""type"":""MultiPoint"",""coordinates"":[]}"
4687_0,-0.071681134,0.397372,-0.072760075,1,9818,"{""type"":""MultiPoint"",""coordinates"":[]}"
4688_0,-0.1249046,0.41713372,-0.14352211,1,5910,"{""type"":""MultiPoint"",""coordinates"":[]}"
4689_0,0.019281833,0.3807287,-0.015086299,1,24991,"{""type"":""MultiPoint"",""coordinates"":[]}"
4690_0,0.12381071,0.18929633,0.14362122,1,9577,"{""type"":""MultiPoint"",""coordinates"":[]}"
4691_0,-0.020210745,0.37843215,-0.023038281,1,11148,"{""type"":""MultiPoint"",""coordinates"":[]}"
4692_0,0.36896,0.76112413,0.23259965,1,2697,"{""type"":""MultiPoint"",""coordinates"":[]}"
4693_0,0.28529412,0.7777778,0.30472103,1,4534,"{""type"":""MultiPoint"",""coordinates"":[]}"
4694_0,-0.16310033,0.3882353,-0.25996593,1,22211,"{""type"":""MultiPoint"",""coordinates"":[]}"
4695_0,0.15672515,0.61563,0.16839677,1,19865,"{""type"":""MultiPoint"",""coordinates"":[]}"
4696_0,-0.09142142,0.47047618,-0.11000356,1,9864,"{""type"":""MultiPoint"",""coordinates"":[]}"
4697_0,0.010471204,0.5833333,-0.012712881,1,7085,"{""type"":""MultiPoint"",""coordinates"":[]}"
4698_0,-0.022034694,0.3663443,-0.11956522,1,17541,"{""type"":""MultiPoint"",""coordinates"":[]}"
4699_0,0.41990742,0.81740975,0.48298553,1,4550,"{""type"":""MultiPoint"",""coordinates"":[]}"
4700_0,0.044214487,0.5073721,0.0058479533,1,13646,"{""type"":""MultiPoint"",""coordinates"":[]}"
4701_0,-0.13550667,0.29421532,-0.15974844,1,21850,"{""type"":""MultiPoint"",""coordinates"":[]}"
4702_0,0.061030634,0.6194969,0.02440203,1,2220,"{""type"":""MultiPoint"",""coordinates"":[]}"
4703_0,-0.12975304,0.46885246,-0.010894685,1,18702,"{""type"":""MultiPoint"",""coordinates"":[]}"
4704_0,0.06375839,0.6283186,0.055837564,1,14558,"{""type"":""MultiPoint"",""coordinates"":[]}"
4705_0,0.4025641,0.2775106,0.41567397,1,6576,"{""type"":""MultiPoint"",""coordinates"":[]}"
4706_0,-0.0781457,0.47081122,-0.11455956,1,10480,"{""type"":""MultiPoint"",""coordinates"":[]}"
4707_0,0.08686749,0.70086354,0.090418376,1,902,"{""type"":""MultiPoint"",""coordinates"":[]}"
4708_0,-0.16086864,0.32299742,-0.21895063,1,10597,"{""type"":""MultiPoint"",""coordinates"":[]}"
4709_0,0.011354635,0.51955307,0.027385414,1,22402,"{""type"":""MultiPoint"",""coordinates"":[]}"
4710_0,0.25366405,0.67798644,0.22663552,1,513,"{""type"":""MultiPoint"",""coordinates"":[]}"
4711_0,-0.15789473,0.2996665,-0.18466687,1,21496,"{""type"":""MultiPoint"",""coordinates"":[]}"
4712_0,-0.14647137,0.43921807,-0.15557137,1,18298,"{""type"":""MultiPoint"",""coordinates"":[]}"
4713_0,0.32447225,0.8110687,0.3743664,1,2115,"{""type"":""MultiPoint"",""coordinates"":[]}"
4714_0,-0.12431587,0.3884598,-0.16426949,1,23585,"{""type"":""MultiPoint"",""coordinates"":[]}"
4715_0,0.25234026,0.7361124,0.20423533,1,3501,"{""type"":""MultiPoint"",""coordinates"":[]}"
4716_0,0.01431579,0.3,0.032044657,1,10261,"{""type"":""MultiPoint"",""coordinates"":[]}"
4717_0,0.096986815,0.6227817,0.049082797,1,251,"{""type"":""MultiPoint"",""coordinates"":[]}"
4718_0,0.021261262,0.56236786,0.041578576,1,10818,"{""type"":""MultiPoint"",""coordinates"":[]}"
4719_0,0.4508547,0.87955,0.37291583,1,24173,"{""type"":""MultiPoint"",""coordinates"":[]}"
4720_0,-0.030539947,0.4133674,-0.11912974,1,7477,"{""type"":""MultiPoint"",""coordinates"":[]}"
4721_0,0.027964601,0.47647768,0.0396376,1,8247,"{""type"":""MultiPoint"",""coordinates"":[]}"
4722_0,-0.06811071,0.3837613,-0.0885455,1,12883,"{""type"":""MultiPoint"",""coordinates"":[]}"
4723_0,0.05582052,0.5974598,0.2513124,1,19516,"{""type"":""MultiPoint"",""coordinates"":[]}"
4724_0,-0.076757535,0.45734596,-0.098570906,1,6692,"{""type"":""MultiPoint"",""coordinates"":[]}"
4725_0,0.090664275,0.49575508,0.1354628,1,24722,"{""type"":""MultiPoint"",""coordinates"":[]}"
4726_0,0.13066052,0.04539047,0.14220662,1,12119,"{""type"":""MultiPoint"",""coordinates"":[]}"
4727_0,0.29063046,0.71056795,0.2498776,1,13903,"{""type"":""MultiPoint"",""coordinates"":[]}"
4728_0,0.34372565,0.82468516,0.33254063,1,19081,"{""type"":""MultiPoint"",""coordinates"":[]}"
4729_0,0.33241984,0.7785102,0.38484848,1,12409,"{""type"":""MultiPoint"",""coordinates"":[]}"
4730_0,0.119332284,0.41492218,0.14908457,1,20299,"{""type"":""MultiPoint"",""coordinates"":[]}"
4731_0,0.32799417,0.8628099,0.38650715,1,1256,"{""type"":""MultiPoint"",""coordinates"":[]}"
4732_0,-0.1429302,0.3475424,-0.18128964,1,19074,"{""type"":""MultiPoint"",""coordinates"":[]}"
4733_0,0.13359529,0.6707218,0.11061174,1,2992,"{""type"":""MultiPoint"",""coordinates"":[]}"
4734_0,0.28084314,0.72727275,0.0656,1,263,"{""type"":""MultiPoint"",""coordinates"":[]}"
4735_0,-0.02642901,0.44677138,-0.02171918,1,11106,"{""type"":""MultiPoint"",""coordinates"":[]}"
4736_0,-0.14008018,0.46044624,-0.27382752,1,22289,"{""type"":""MultiPoint"",""coordinates"":[]}"
4737_0,0.119465746,0.66013074,0.08495491,1,23000,"{""type"":""MultiPoint"",""coordinates"":[]}"
4738_0,0.4086728,0.86945814,0.20190024,1,1097,"{""type"":""MultiPoint"",""coordinates"":[]}"
4739_0,0.013455192,0.2540099,0.05057415,1,4291,"{""type"":""MultiPoint"",""coordinates"":[]}"
4740_0,0.32876915,0.9184167,0.19638996,1,9188,"{""type"":""MultiPoint"",""coordinates"":[]}"
4741_0,0.411368,0.8546638,0.47030777,1,7293,"{""type"":""MultiPoint"",""coordinates"":[]}"
4742_0,0.23264834,0.80209446,0.23174383,1,7001,"{""type"":""MultiPoint"",""coordinates"":[]}"
4743_0,-0.033511415,0.45051193,0.06276151,1,7306,"{""type"":""MultiPoint"",""coordinates"":[]}"
4744_0,0.13413413,0.7672131,0.1597863,1,23025,"{""type"":""MultiPoint"",""coordinates"":[]}"
4745_0,-0.050795726,0.40762854,-0.07052841,1,10324,"{""type"":""MultiPoint"",""coordinates"":[]}"
4746_0,-0.09677419,0.29605865,-0.08181818,1,10408,"{""type"":""MultiPoint"",""coordinates"":[]}"
4747_0,0.28963926,0.71900505,0.30922642,1,4705,"{""type"":""MultiPoint"",""coordinates"":[]}"
4748_0,-0.065557234,0.44345617,-0.08220231,1,9920,"{""type"":""MultiPoint"",""coordinates"":[]}"
4749_0,0.26898772,0.6679013,0.38108572,1,4510,"{""type"":""MultiPoint"",""coordinates"":[]}"
4750_0,0.038567368,0.27192757,0.07279874,1,8350,"{""type"":""MultiPoint"",""coordinates"":[]}"
4751_0,-0.11714945,0.3722317,-0.1432319,1,5864,"{""type"":""MultiPoint"",""coordinates"":[]}"
4752_0,-0.075542346,0.42778692,-0.02109091,1,3821,"{""type"":""MultiPoint"",""coordinates"":[]}"
4753_0,-0.09651036,0.43072823,-0.10181917,1,24738,"{""type"":""MultiPoint"",""coordinates"":[]}"
4754_0,0.081807554,0.38952747,0.08590265,1,15486,"{""type"":""MultiPoint"",""coordinates"":[]}"
4755_0,-2.5451768E-4,0.55636895,0.039354682,1,4634,"{""type"":""MultiPoint"",""coordinates"":[]}"
4756_0,-0.036226414,0.4792734,-0.023069825,1,8796,"{""type"":""MultiPoint"",""coordinates"":[]}"
4757_0,0.10667996,0.43119267,0.08503478,1,4475,"{""type"":""MultiPoint"",""coordinates"":[]}"
4758_0,0.012157195,0.4910108,0.15752116,1,2546,"{""type"":""MultiPoint"",""coordinates"":[]}"
4759_0,0.3310983,0.7603697,0.3305365,1,8622,"{""type"":""MultiPoint"",""coordinates"":[]}"
4760_0,0.17053185,0.040123027,0.29406637,1,14906,"{""type"":""MultiPoint"",""coordinates"":[]}"
4761_0,0.24498795,0.77161694,0.24374384,1,10163,"{""type"":""MultiPoint"",""coordinates"":[]}"
4762_0,-0.15625715,0.40427247,-0.18388382,1,12371,"{""type"":""MultiPoint"",""coordinates"":[]}"
4763_0,0.13971095,0.12698725,0.18140145,1,19770,"{""type"":""MultiPoint"",""coordinates"":[]}"
4764_0,0.10665945,0.16343793,0.15036045,1,12187,"{""type"":""MultiPoint"",""coordinates"":[]}"
4765_0,-0.16116478,0.30448508,-0.15916733,1,17769,"{""type"":""MultiPoint"",""coordinates"":[]}"
4766_0,-0.008084344,0.39895085,-0.029725298,1,20892,"{""type"":""MultiPoint"",""coordinates"":[]}"
4767_0,-0.12026053,0.40714538,-0.11224019,1,7551,"{""type"":""MultiPoint"",""coordinates"":[]}"
4768_0,0.029915966,0.34373403,0.15306264,1,20339,"{""type"":""MultiPoint"",""coordinates"":[]}"
4769_0,0.35632184,0.8247012,0.38474435,1,6902,"{""type"":""MultiPoint"",""coordinates"":[]}"
4770_0,-0.012021858,0.57468,-0.107214026,1,14666,"{""type"":""MultiPoint"",""coordinates"":[]}"
4771_0,0.815062,-0.034564156,0.8154724,1,10943,"{""type"":""MultiPoint"",""coordinates"":[]}"
4772_0,0.039168864,0.5054173,-0.004790331,1,21933,"{""type"":""MultiPoint"",""coordinates"":[]}"
4773_0,0.15739977,0.82483006,0.1490545,1,4010,"{""type"":""MultiPoint"",""coordinates"":[]}"
4774_0,-0.08412787,0.42445374,-0.093635075,1,7840,"{""type"":""MultiPoint"",""coordinates"":[]}"
4775_0,0.09353947,0.5,0.18893528,1,8686,"{""type"":""MultiPoint"",""coordinates"":[]}"
4776_0,-0.06929134,0.4414481,-0.06259781,1,4903,"{""type"":""MultiPoint"",""coordinates"":[]}"
4777_0,0.19916143,0.6375564,0.20664589,1,21916,"{""type"":""MultiPoint"",""coordinates"":[]}"
4778_0,-0.13414125,0.3824,-0.113664344,1,11766,"{""type"":""MultiPoint"",""coordinates"":[]}"
4779_0,-0.069382936,0.48080438,-0.074285716,1,17182,"{""type"":""MultiPoint"",""coordinates"":[]}"
4780_0,0.06666667,0.46335626,0.058171745,1,12898,"{""type"":""MultiPoint"",""coordinates"":[]}"
4781_0,0.1781874,0.5370506,0.13751508,1,6595,"{""type"":""MultiPoint"",""coordinates"":[]}"
4782_0,-0.15535653,0.39647576,-0.14453782,1,17164,"{""type"":""MultiPoint"",""coordinates"":[]}"
4783_0,0.027155789,0.22653429,0.027155789,1,17931,"{""type"":""MultiPoint"",""coordinates"":[]}"
4784_0,0.21658671,0.7813602,0.22815159,1,19687,"{""type"":""MultiPoint"",""coordinates"":[]}"
4785_0,-0.025992574,0.3423313,-0.04509747,1,23232,"{""type"":""MultiPoint"",""coordinates"":[]}"
4786_0,-0.06610703,0.431221,-0.11179804,1,18090,"{""type"":""MultiPoint"",""coordinates"":[]}"
4787_0,0.3372934,0.89858687,0.39225847,1,22296,"{""type"":""MultiPoint"",""coordinates"":[]}"
4788_0,0.3596603,0.77315295,0.3864931,1,10861,"{""type"":""MultiPoint"",""coordinates"":[]}"
4789_0,0.3675928,0.7662522,0.29918995,1,15347,"{""type"":""MultiPoint"",""coordinates"":[]}"
4790_0,0.21523874,0.7922789,0.2206498,1,9246,"{""type"":""MultiPoint"",""coordinates"":[]}"
4791_0,-0.058402006,0.49272832,-0.10185509,1,15530,"{""type"":""MultiPoint"",""coordinates"":[]}"
4792_0,0.17004225,0.7182522,0.17151524,1,224,"{""type"":""MultiPoint"",""coordinates"":[]}"
4793_0,0.2251679,0.62484777,0.29221827,1,9514,"{""type"":""MultiPoint"",""coordinates"":[]}"
4794_0,0.32873076,0.7635016,0.3010134,1,3846,"{""type"":""MultiPoint"",""coordinates"":[]}"
4795_0,0.09734925,0.5581204,0.07845558,1,9750,"{""type"":""MultiPoint"",""coordinates"":[]}"
4796_0,-0.059231255,0.4171908,-0.24749537,1,12311,"{""type"":""MultiPoint"",""coordinates"":[]}"
4797_0,0.3810416,0.7959708,0.39256197,1,11377,"{""type"":""MultiPoint"",""coordinates"":[]}"
4798_0,-0.15545946,0.34459955,-0.15698925,1,12562,"{""type"":""MultiPoint"",""coordinates"":[]}"
4799_0,0.28445596,0.740113,0.2915805,1,1504,"{""type"":""MultiPoint"",""coordinates"":[]}"
4800_0,0.11146946,0.15601417,0.113120735,1,3018,"{""type"":""MultiPoint"",""coordinates"":[]}"
4801_0,0.42126957,0.7693575,0.20945945,1,11876,"{""type"":""MultiPoint"",""coordinates"":[]}"
4802_0,0.28879276,0.8223907,0.22572097,1,5061,"{""type"":""MultiPoint"",""coordinates"":[]}"
4803_0,0.04443878,0.038062282,0.03243569,1,6404,"{""type"":""MultiPoint"",""coordinates"":[]}"
4804_0,-0.009557679,0.43104234,0.010607522,1,21821,"{""type"":""MultiPoint"",""coordinates"":[]}"
4805_0,-0.12954484,0.38099244,-0.12169029,1,12019,"{""type"":""MultiPoint"",""coordinates"":[]}"
4806_0,0.1531403,0.6837614,0.14168863,1,3261,"{""type"":""MultiPoint"",""coordinates"":[]}"
4807_0,-0.08794163,0.4484339,-0.1331637,1,20830,"{""type"":""MultiPoint"",""coordinates"":[]}"
4808_0,-0.16496865,0.37675795,-0.23029174,1,15186,"{""type"":""MultiPoint"",""coordinates"":[]}"
4809_0,0.1433724,0.65291005,0.28725463,1,23701,"{""type"":""MultiPoint"",""coordinates"":[]}"
4810_0,-0.1535549,0.47052518,-0.33300924,1,18522,"{""type"":""MultiPoint"",""coordinates"":[]}"
4811_0,0.010727969,0.63480556,-0.018534863,1,19939,"{""type"":""MultiPoint"",""coordinates"":[]}"
4812_0,0.30723935,0.8523622,0.31378707,1,24560,"{""type"":""MultiPoint"",""coordinates"":[]}"
4813_0,0.011023622,0.4828283,-0.17558967,1,18473,"{""type"":""MultiPoint"",""coordinates"":[]}"
4814_0,-0.017019082,0.19484492,0.077211045,1,4159,"{""type"":""MultiPoint"",""coordinates"":[]}"
4815_0,0.02334419,0.12711416,0.035194173,1,6503,"{""type"":""MultiPoint"",""coordinates"":[]}"
4816_0,-0.034217212,0.5045641,-0.03882469,1,19594,"{""type"":""MultiPoint"",""coordinates"":[]}"
4817_0,0.44527364,0.87096775,0.45503423,1,9002,"{""type"":""MultiPoint"",""coordinates"":[]}"
4818_0,-0.11519434,0.40949556,-0.13380443,1,13706,"{""type"":""MultiPoint"",""coordinates"":[]}"
4819_0,0.0033370412,0.27161998,-0.011022425,1,20375,"{""type"":""MultiPoint"",""coordinates"":[]}"
4820_0,0.13663366,0.10464149,0.21742252,1,24655,"{""type"":""MultiPoint"",""coordinates"":[]}"
4821_0,-0.0021750953,0.46622124,-6.787023E-4,1,19114,"{""type"":""MultiPoint"",""coordinates"":[]}"
4822_0,0.20863731,0.5896432,0.20745715,1,18878,"{""type"":""MultiPoint"",""coordinates"":[]}"
4823_0,-0.0813094,0.3403233,-0.09480737,1,20588,"{""type"":""MultiPoint"",""coordinates"":[]}"
4824_0,-0.21678928,0.26747164,-0.20428266,1,6536,"{""type"":""MultiPoint"",""coordinates"":[]}"
4825_0,0.09094486,0.34355554,0.07783824,1,17283,"{""type"":""MultiPoint"",""coordinates"":[]}"
4826_0,-0.08479747,0.3845417,-0.08617265,1,9520,"{""type"":""MultiPoint"",""coordinates"":[]}"
4827_0,0.45706347,0.83401364,0.48594886,1,3511,"{""type"":""MultiPoint"",""coordinates"":[]}"
4828_0,-0.15789473,0.42354533,-0.22756274,1,11728,"{""type"":""MultiPoint"",""coordinates"":[]}"
4829_0,0.06447131,0.62595296,0.055188507,1,433,"{""type"":""MultiPoint"",""coordinates"":[]}"
4830_0,-0.041888803,0.57360405,-0.07770701,1,25467,"{""type"":""MultiPoint"",""coordinates"":[]}"
4831_0,0.033655707,0.5214286,-0.012746234,1,5099,"{""type"":""MultiPoint"",""coordinates"":[]}"
4832_0,-0.18137255,0.36736065,-0.17587048,1,20962,"{""type"":""MultiPoint"",""coordinates"":[]}"
4833_0,0.23119505,0.74663395,0.24993372,1,14611,"{""type"":""MultiPoint"",""coordinates"":[]}"
4834_0,-0.041432586,0.42601788,-0.016101405,1,7589,"{""type"":""MultiPoint"",""coordinates"":[]}"
4835_0,0.0681407,0.38505203,0.11627907,1,1535,"{""type"":""MultiPoint"",""coordinates"":[]}"
4836_0,0.13998082,0.6875934,0.11756025,1,2878,"{""type"":""MultiPoint"",""coordinates"":[]}"
4837_0,-0.028427493,0.33548734,-0.07081304,1,8648,"{""type"":""MultiPoint"",""coordinates"":[]}"
4838_0,0.27807492,0.61470854,0.29416376,1,1272,"{""type"":""MultiPoint"",""coordinates"":[]}"
4839_0,-0.1246522,0.42718446,-0.15982783,1,17227,"{""type"":""MultiPoint"",""coordinates"":[]}"
4840_0,-0.043634497,0.5485542,-0.07905544,1,3652,"{""type"":""MultiPoint"",""coordinates"":[]}"
4841_0,0.19975032,0.64035964,0.096678965,1,16352,"{""type"":""MultiPoint"",""coordinates"":[]}"
4842_0,0.05242137,0.53562653,0.072410256,1,8398,"{""type"":""MultiPoint"",""coordinates"":[]}"
4843_0,-0.13587672,0.31124672,-0.22348177,1,5090,"{""type"":""MultiPoint"",""coordinates"":[]}"
4844_0,-0.09285367,0.3845238,-0.040864866,1,15139,"{""type"":""MultiPoint"",""coordinates"":[]}"
4845_0,-0.017588744,0.35861182,-0.035133377,1,4871,"{""type"":""MultiPoint"",""coordinates"":[]}"
4846_0,0.023767825,0.54789275,-0.018203171,1,14668,"{""type"":""MultiPoint"",""coordinates"":[]}"
4847_0,0.01955459,0.4866233,0.065284975,1,13670,"{""type"":""MultiPoint"",""coordinates"":[]}"
4848_0,-0.0779661,3.5549235E-4,-0.033586133,1,24298,"{""type"":""MultiPoint"",""coordinates"":[]}"
4849_0,0.20296696,0.6522136,0.19317406,1,25375,"{""type"":""MultiPoint"",""coordinates"":[]}"
4850_0,-0.056704793,0.39271256,-0.06893156,1,22527,"{""type"":""MultiPoint"",""coordinates"":[]}"
4851_0,0.21516931,0.6802013,-0.0010765605,1,6350,"{""type"":""MultiPoint"",""coordinates"":[]}"
4852_0,0.8672952,-0.042145595,0.87402105,1,11933,"{""type"":""MultiPoint"",""coordinates"":[]}"
4853_0,-0.09161357,0.27331954,-0.18221678,1,11436,"{""type"":""MultiPoint"",""coordinates"":[]}"
4854_0,-0.05143022,0.2856383,-0.075883575,1,12036,"{""type"":""MultiPoint"",""coordinates"":[]}"
4855_0,-0.18941122,0.43082115,-0.2513243,1,18984,"{""type"":""MultiPoint"",""coordinates"":[]}"
4856_0,0.34766176,0.45096552,0.34180558,1,4556,"{""type"":""MultiPoint"",""coordinates"":[]}"
4857_0,-0.12856238,0.33125973,-0.15614186,1,10242,"{""type"":""MultiPoint"",""coordinates"":[]}"
4858_0,0.21879107,0.74422735,0.23109391,1,21756,"{""type"":""MultiPoint"",""coordinates"":[]}"
4859_0,0.06641935,0.38434783,0.10900797,1,5887,"{""type"":""MultiPoint"",""coordinates"":[]}"
4860_0,0.13002612,0.6353763,0.117117114,1,10071,"{""type"":""MultiPoint"",""coordinates"":[]}"
4861_0,0.3576389,0.7862233,0.22863741,1,18933,"{""type"":""MultiPoint"",""coordinates"":[]}"
4862_0,0.01810657,0.43546098,0.044375643,1,8937,"{""type"":""MultiPoint"",""coordinates"":[]}"
4863_0,-0.1381628,0.46031746,-0.13763234,1,19396,"{""type"":""MultiPoint"",""coordinates"":[]}"
4864_0,0.007964161,0.4138878,-0.00809307,1,18531,"{""type"":""MultiPoint"",""coordinates"":[]}"
4865_0,-0.017268445,0.54741377,-0.0034698127,1,7628,"{""type"":""MultiPoint"",""coordinates"":[]}"
4866_0,-0.13623188,0.31361675,-0.2173913,1,4309,"{""type"":""MultiPoint"",""coordinates"":[]}"
4867_0,0.25042555,0.81971633,0.27147627,1,4028,"{""type"":""MultiPoint"",""coordinates"":[]}"
4868_0,0.029213483,0.3842932,-0.040685225,1,24723,"{""type"":""MultiPoint"",""coordinates"":[]}"
4869_0,0.23943663,0.8054054,-0.011169025,1,21702,"{""type"":""MultiPoint"",""coordinates"":[]}"
4870_0,-0.19339164,0.32025117,-0.21767442,1,17052,"{""type"":""MultiPoint"",""coordinates"":[]}"
4871_0,-0.09901873,0.38470006,-0.2,1,16295,"{""type"":""MultiPoint"",""coordinates"":[]}"
4872_0,0.32894737,0.7964459,0.27398443,1,245,"{""type"":""MultiPoint"",""coordinates"":[]}"
4873_0,0.14990792,0.6498952,0.14703493,1,8862,"{""type"":""MultiPoint"",""coordinates"":[]}"
4874_0,0.24969098,0.50510204,0.32350972,1,8451,"{""type"":""MultiPoint"",""coordinates"":[]}"
4875_0,0.43989253,0.08825754,0.50246084,1,8013,"{""type"":""MultiPoint"",""coordinates"":[]}"
4876_0,0.23500642,0.41669184,0.1786787,1,308,"{""type"":""MultiPoint"",""coordinates"":[]}"
4877_0,0.099450216,0.7330975,0.07050512,1,8513,"{""type"":""MultiPoint"",""coordinates"":[]}"
4878_0,0.08394839,0.0019105846,0.09741551,1,8670,"{""type"":""MultiPoint"",""coordinates"":[]}"
4879_0,0.29353234,0.69470406,0.31559855,1,7907,"{""type"":""MultiPoint"",""coordinates"":[]}"
4880_0,-0.16473392,0.3711405,-0.17049809,1,20008,"{""type"":""MultiPoint"",""coordinates"":[]}"
4881_0,-0.013347022,0.2397463,0.13496932,1,21087,"{""type"":""MultiPoint"",""coordinates"":[]}"
4882_0,0.093959734,1.0,0.0543131,1,5394,"{""type"":""MultiPoint"",""coordinates"":[]}"
4883_0,0.0038064166,0.5295762,-9.1268634E-4,1,25265,"{""type"":""MultiPoint"",""coordinates"":[]}"
4884_0,0.370922,0.7975708,0.24419536,1,15388,"{""type"":""MultiPoint"",""coordinates"":[]}"
4885_0,0.27257043,0.7818991,0.28830644,1,14018,"{""type"":""MultiPoint"",""coordinates"":[]}"
4886_0,-0.05802603,0.4123771,-0.042372882,1,12184,"{""type"":""MultiPoint"",""coordinates"":[]}"
4887_0,-0.19503012,0.397541,-0.311054,1,16595,"{""type"":""MultiPoint"",""coordinates"":[]}"
4888_0,-0.11799762,0.44208494,-0.11335312,1,13822,"{""type"":""MultiPoint"",""coordinates"":[]}"
4889_0,0.1333185,0.5003203,0.087027915,1,21576,"{""type"":""MultiPoint"",""coordinates"":[]}"
4890_0,0.37380853,0.8539977,0.22230789,1,22316,"{""type"":""MultiPoint"",""coordinates"":[]}"
4891_0,0.06925966,0.13913329,0.08296993,1,11836,"{""type"":""MultiPoint"",""coordinates"":[]}"
4892_0,-0.036988687,0.4191446,-0.12095238,1,23315,"{""type"":""MultiPoint"",""coordinates"":[]}"
4893_0,0.17921852,0.5516723,0.1293322,1,19706,"{""type"":""MultiPoint"",""coordinates"":[]}"
4894_0,0.11596736,0.60604423,0.17073171,1,2405,"{""type"":""MultiPoint"",""coordinates"":[]}"
4895_0,0.40724948,0.81877023,0.37720948,1,14857,"{""type"":""MultiPoint"",""coordinates"":[]}"
4896_0,0.02165674,0.33626696,0.09657018,1,16325,"{""type"":""MultiPoint"",""coordinates"":[]}"
4897_0,0.09293681,0.57769233,0.050407708,1,24319,"{""type"":""MultiPoint"",""coordinates"":[]}"
4898_0,0.28459725,0.8020554,0.16302751,1,11409,"{""type"":""MultiPoint"",""coordinates"":[]}"
4899_0,-0.054536317,0.43037504,-0.032598276,1,14707,"{""type"":""MultiPoint"",""coordinates"":[]}"
4900_0,0.062268805,0.5596869,0.05615886,1,4447,"{""type"":""MultiPoint"",""coordinates"":[]}"
4901_0,-0.20726812,0.31680715,-0.3449841,1,16902,"{""type"":""MultiPoint"",""coordinates"":[]}"
4902_0,-0.0833098,0.44720498,-0.1203271,1,15063,"{""type"":""MultiPoint"",""coordinates"":[]}"
4903_0,0.107678115,0.43100694,0.17552118,1,24728,"{""type"":""MultiPoint"",""coordinates"":[]}"
4904_0,0.020877317,0.5577056,7.182188E-4,1,11764,"{""type"":""MultiPoint"",""coordinates"":[]}"
4905_0,0.85802805,-0.04138482,0.86469126,1,14761,"{""type"":""MultiPoint"",""coordinates"":[]}"
4906_0,-0.033163786,0.38619855,-0.0706304,1,10276,"{""type"":""MultiPoint"",""coordinates"":[]}"
4907_0,-0.10008653,0.43342775,-0.11357664,1,11758,"{""type"":""MultiPoint"",""coordinates"":[]}"
4908_0,0.07220555,0.14495255,0.07593163,1,18166,"{""type"":""MultiPoint"",""coordinates"":[]}"
4909_0,0.19400822,0.7287109,0.21246459,1,6136,"{""type"":""MultiPoint"",""coordinates"":[]}"
4910_0,-0.020006156,0.43043953,0.057719648,1,14932,"{""type"":""MultiPoint"",""coordinates"":[]}"
4911_0,0.29978228,0.46559665,0.3401418,1,2267,"{""type"":""MultiPoint"",""coordinates"":[]}"
4912_0,0.041758243,0.8755981,-0.009708738,1,3929,"{""type"":""MultiPoint"",""coordinates"":[]}"
4913_0,0.29069766,0.7777778,0.14685315,1,4966,"{""type"":""MultiPoint"",""coordinates"":[]}"
4914_0,0.3449113,0.39538604,0.39256182,1,9391,"{""type"":""MultiPoint"",""coordinates"":[]}"
4915_0,-0.026175894,0.43183857,-0.12259106,1,20175,"{""type"":""MultiPoint"",""coordinates"":[]}"
4916_0,0.08347434,0.6893023,0.08912656,1,1166,"{""type"":""MultiPoint"",""coordinates"":[]}"
4917_0,0.04717321,0.6553553,0.073204905,1,19919,"{""type"":""MultiPoint"",""coordinates"":[]}"
4918_0,-0.23273532,0.33182025,-0.22981367,1,17103,"{""type"":""MultiPoint"",""coordinates"":[]}"
4919_0,0.025967143,0.34000716,-0.022246942,1,7217,"{""type"":""MultiPoint"",""coordinates"":[]}"
4920_0,0.12929446,0.16726914,0.19052897,1,17918,"{""type"":""MultiPoint"",""coordinates"":[]}"
4921_0,0.2897378,0.74722403,0.29202968,1,8757,"{""type"":""MultiPoint"",""coordinates"":[]}"
4922_0,0.13403298,0.621498,0.09079524,1,5357,"{""type"":""MultiPoint"",""coordinates"":[]}"
4923_0,0.026901614,0.35677147,0.0694016,1,18891,"{""type"":""MultiPoint"",""coordinates"":[]}"
4924_0,-0.071478166,0.33504868,-0.09632171,1,6682,"{""type"":""MultiPoint"",""coordinates"":[]}"
4925_0,0.4670433,0.8372093,0.491921,1,24970,"{""type"":""MultiPoint"",""coordinates"":[]}"
4926_0,-0.069767445,0.4872938,-0.045778938,1,13658,"{""type"":""MultiPoint"",""coordinates"":[]}"
4927_0,0.09577953,0.26547316,-0.040816326,1,11614,"{""type"":""MultiPoint"",""coordinates"":[]}"
4928_0,-0.07683453,0.47493798,-0.0029482713,1,3353,"{""type"":""MultiPoint"",""coordinates"":[]}"
4929_0,-0.087575085,0.41794312,-0.14058356,1,12925,"{""type"":""MultiPoint"",""coordinates"":[]}"
4930_0,0.2575906,1.0,0.14666666,1,14709,"{""type"":""MultiPoint"",""coordinates"":[]}"
4931_0,-0.033445477,0.40822992,-0.09544787,1,20493,"{""type"":""MultiPoint"",""coordinates"":[]}"
4932_0,0.032292787,0.3183888,0.022826087,1,21929,"{""type"":""MultiPoint"",""coordinates"":[]}"
4933_0,-0.07792593,0.35402206,-0.1436655,1,21960,"{""type"":""MultiPoint"",""coordinates"":[]}"
4934_0,-0.06756032,0.3872549,-0.105803944,1,17856,"{""type"":""MultiPoint"",""coordinates"":[]}"
4935_0,0.011678201,0.2640306,0.026209248,1,6518,"{""type"":""MultiPoint"",""coordinates"":[]}"
4936_0,-0.100790516,0.412019,-0.07702224,1,19237,"{""type"":""MultiPoint"",""coordinates"":[]}"
4937_0,-0.07219116,0.3615863,-0.12120452,1,21120,"{""type"":""MultiPoint"",""coordinates"":[]}"
4938_0,0.04129417,0.4875502,0.024433324,1,16253,"{""type"":""MultiPoint"",""coordinates"":[]}"
4939_0,0.030290192,0.5926709,0.0171664,1,21708,"{""type"":""MultiPoint"",""coordinates"":[]}"
4940_0,0.08620604,0.64495057,0.0038763934,1,10023,"{""type"":""MultiPoint"",""coordinates"":[]}"
4941_0,-0.08041237,0.4357639,-0.06022727,1,18120,"{""type"":""MultiPoint"",""coordinates"":[]}"
4942_0,-0.091345206,0.46939772,-0.14051257,1,4574,"{""type"":""MultiPoint"",""coordinates"":[]}"
4943_0,0.3249052,0.83671105,0.37922403,1,1371,"{""type"":""MultiPoint"",""coordinates"":[]}"
4944_0,0.23921569,0.6400323,0.2715895,1,24569,"{""type"":""MultiPoint"",""coordinates"":[]}"
4945_0,-0.17745182,0.4,-0.2,1,7317,"{""type"":""MultiPoint"",""coordinates"":[]}"
4946_0,-0.15143096,0.4827221,-0.12697266,1,6164,"{""type"":""MultiPoint"",""coordinates"":[]}"
4947_0,-0.03706193,0.50314975,-0.075740196,1,16425,"{""type"":""MultiPoint"",""coordinates"":[]}"
4948_0,0.050816696,0.37349397,-0.0116054155,1,18025,"{""type"":""MultiPoint"",""coordinates"":[]}"
4949_0,0.39553753,0.7728253,0.29744652,1,1205,"{""type"":""MultiPoint"",""coordinates"":[]}"
4950_0,-0.05825668,0.46352342,0.09263896,1,24649,"{""type"":""MultiPoint"",""coordinates"":[]}"
4951_0,-0.0016498625,0.41691843,-0.050769232,1,6842,"{""type"":""MultiPoint"",""coordinates"":[]}"
4952_0,0.30466297,0.8100215,0.3062147,1,16583,"{""type"":""MultiPoint"",""coordinates"":[]}"
4953_0,-0.105015315,0.36359543,-0.07910837,1,5505,"{""type"":""MultiPoint"",""coordinates"":[]}"
4954_0,0.027475126,0.6552401,0.0037839485,1,10727,"{""type"":""MultiPoint"",""coordinates"":[]}"
4955_0,0.2205935,0.70944035,0.13598798,1,15344,"{""type"":""MultiPoint"",""coordinates"":[]}"
4956_0,-0.14799054,0.38860103,-0.17099135,1,5343,"{""type"":""MultiPoint"",""coordinates"":[]}"
4957_0,0.2331246,0.76432437,0.12036456,1,13185,"{""type"":""MultiPoint"",""coordinates"":[]}"
4958_0,-0.060249075,0.35299903,-0.067434765,1,4290,"{""type"":""MultiPoint"",""coordinates"":[]}"
4959_0,0.0074850298,0.42680094,0.06355932,1,12268,"{""type"":""MultiPoint"",""coordinates"":[]}"
4960_0,-0.07210884,0.3895099,-0.15950559,1,9653,"{""type"":""MultiPoint"",""coordinates"":[]}"
4961_0,-0.10750507,0.35331735,-0.12604661,1,20601,"{""type"":""MultiPoint"",""coordinates"":[]}"
4962_0,0.01540957,0.35066983,-0.009703355,1,8274,"{""type"":""MultiPoint"",""coordinates"":[]}"
4963_0,-0.032352082,0.42081448,-0.060161628,1,6466,"{""type"":""MultiPoint"",""coordinates"":[]}"
4964_0,-0.030483052,0.39176884,-0.034852695,1,2927,"{""type"":""MultiPoint"",""coordinates"":[]}"
4965_0,-0.04071144,0.31500742,0.09529703,1,7997,"{""type"":""MultiPoint"",""coordinates"":[]}"
4966_0,0.21778342,0.7698031,0.1793168,1,1870,"{""type"":""MultiPoint"",""coordinates"":[]}"
4967_0,0.114473306,0.54908115,0.08330611,1,24279,"{""type"":""MultiPoint"",""coordinates"":[]}"
4968_0,-0.06033866,0.335733,-0.07443209,1,4591,"{""type"":""MultiPoint"",""coordinates"":[]}"
4969_0,-0.10401518,0.4725173,-0.08178439,1,18187,"{""type"":""MultiPoint"",""coordinates"":[]}"
4970_0,0.14204238,0.5897834,0.037306998,1,586,"{""type"":""MultiPoint"",""coordinates"":[]}"
4971_0,-0.071834624,0.43079484,-0.084732495,1,14628,"{""type"":""MultiPoint"",""coordinates"":[]}"
4972_0,0.04466859,0.35553834,-0.026716461,1,24283,"{""type"":""MultiPoint"",""coordinates"":[]}"
4973_0,0.18486084,0.69742435,0.18286455,1,20905,"{""type"":""MultiPoint"",""coordinates"":[]}"
4974_0,-0.033645507,0.5072464,-0.039829303,1,3043,"{""type"":""MultiPoint"",""coordinates"":[]}"
4975_0,-0.08055314,0.40813968,-0.13636811,1,15955,"{""type"":""MultiPoint"",""coordinates"":[]}"
4976_0,0.031419285,0.5069767,0.030943396,1,24040,"{""type"":""MultiPoint"",""coordinates"":[]}"
4977_0,0.14013346,0.35897437,0.1701932,1,19450,"{""type"":""MultiPoint"",""coordinates"":[]}"
4978_0,0.20257056,0.21298023,0.18891245,1,13487,"{""type"":""MultiPoint"",""coordinates"":[]}"
4979_0,-0.010351967,0.40169492,-0.016061869,1,11968,"{""type"":""MultiPoint"",""coordinates"":[]}"
4980_0,0.05677677,0.26026914,0.20888367,1,18883,"{""type"":""MultiPoint"",""coordinates"":[]}"
4981_0,-0.058419243,0.4360587,-0.06484642,1,10575,"{""type"":""MultiPoint"",""coordinates"":[]}"
4982_0,-0.12157587,0.4039604,-0.12469136,1,6128,"{""type"":""MultiPoint"",""coordinates"":[]}"
4983_0,-0.015953707,0.4592,-0.05785124,1,23670,"{""type"":""MultiPoint"",""coordinates"":[]}"
4984_0,0.0044985446,0.47409734,-7.980846E-4,1,11743,"{""type"":""MultiPoint"",""coordinates"":[]}"
4985_0,0.19084507,0.73229873,0.20511934,1,10572,"{""type"":""MultiPoint"",""coordinates"":[]}"
4986_0,-0.061900005,0.50734603,-0.04766115,1,14910,"{""type"":""MultiPoint"",""coordinates"":[]}"
4987_0,-0.123678386,0.36076474,-0.15506873,1,13356,"{""type"":""MultiPoint"",""coordinates"":[]}"
4988_0,-0.03404085,0.5037274,-0.081269346,1,15773,"{""type"":""MultiPoint"",""coordinates"":[]}"
4989_0,0.21974966,0.65624106,0.26329613,1,1187,"{""type"":""MultiPoint"",""coordinates"":[]}"
4990_0,0.1337507,0.5472528,0.16235553,1,6625,"{""type"":""MultiPoint"",""coordinates"":[]}"
4991_0,-0.116167665,0.41947928,-0.117506,1,8452,"{""type"":""MultiPoint"",""coordinates"":[]}"
4992_0,-0.058347225,0.38394162,-0.07916465,1,19955,"{""type"":""MultiPoint"",""coordinates"":[]}"
4993_0,-0.14900291,0.29934797,-0.15677871,1,20409,"{""type"":""MultiPoint"",""coordinates"":[]}"
4994_0,0.015679155,0.2631579,0.030243902,1,20367,"{""type"":""MultiPoint"",""coordinates"":[]}"
4995_0,0.076510064,0.56971806,0.08315565,1,24694,"{""type"":""MultiPoint"",""coordinates"":[]}"
4996_0,0.12021858,0.35421687,0.12191235,1,10941,"{""type"":""MultiPoint"",""coordinates"":[]}"
4997_0,-0.101465,0.39773798,-0.1263982,1,13461,"{""type"":""MultiPoint"",""coordinates"":[]}"
4998_0,0.14067426,0.66462517,0.12297897,1,15672,"{""type"":""MultiPoint"",""coordinates"":[]}"
4999_0,0.006249707,0.5768048,0.016812254,1,15991,"{""type"":""MultiPoint"",""coordinates"":[]}"
